strategy,parent_id,parent_label,n_good,n_bad,n_eff_good,n_eff_bad,n_eff_min,dor,ci_low,ci_high,ci_width
random_100,00000000000000000001,built_loss,100,100,10.899539993510617,3.051880900306309,3.051880900306309,0.4131729692943043,0.3701235729433521,0.45235589771414225,0.08223232477079018
random_100,00000000000000000049,built_loss,100,100,7.508407820793143,1.0735909189619943,1.0735909189619943,0.454692198118574,0.4036669351785952,0.47824836485406247,0.07458142967546727
random_100,0000000000000000004a,built_loss,100,100,11.323624310342568,8.02975907914793,8.02975907914793,0.44749070805464114,0.3931914113407635,0.5348670693944989,0.1416756580537354
random_100,0000000000000000004f,built_loss,100,100,11.413075082817123,5.580937789925945,5.580937789925945,0.4358521307240228,0.387547356141001,0.46372141317530524,0.07617405703430424
random_100,0000000000000000005a,built_loss,100,100,8.272921849463485,4.176941754526285,4.176941754526285,0.3606162848780728,0.32247191470109043,0.38501198805235454,0.0625400733512641
random_100,00000000000000000079,built_loss,66,64,9.838927727703139,7.562530238510735,7.562530238510735,0.3942024811707779,0.3523344755750081,0.4574381881080291,0.10510371253302103
random_100,00000000000000000085,built_loss,100,100,11.514909561843279,7.741945356198363,7.741945356198363,0.35818071524252304,0.3200024642979853,0.4202591625535208,0.10025669825553551
random_100,00000000000000000087,built_loss,100,100,6.701942809799698,10.84262587910499,6.701942809799698,0.5436063860512141,0.48954385512651694,0.6023865145693118,0.11284265944279487
random_100,000000000000000000a1,built_loss,100,100,9.763800614518304,4.1051092710348565,4.1051092710348565,0.47070830401414,0.43757458494013224,0.50966304822766,0.07208846328752772
random_100,000000000000000000b8,built_loss,100,100,8.706899980792134,7.630129522592931,7.630129522592931,0.545671328589278,0.5045592688041121,0.5667333674537349,0.062174098649622866
random_100,000000000000000000c0,built_loss,100,100,9.105760599618462,7.563968352159608,7.563968352159608,0.37747594582682925,0.3478170504191988,0.41251039570755466,0.06469334528835585
random_100,000000000000000000e2,built_loss,100,100,12.045848259215811,5.769560416166428,5.769560416166428,0.4259615946330105,0.3827792987444794,0.46088411874540397,0.07810482000092456
random_100,000000000000000000f0,built_loss,100,100,7.176691259535885,11.198418361973282,7.176691259535885,0.483348406883337,0.43022947348779017,0.5455700937836729,0.11534062029588277
random_100,000000000000000000f8,built_loss,100,100,12.05239306087684,9.466464155840715,9.466464155840715,0.46990014340365904,0.4237509438807641,0.5069464606448266,0.0831955167640625
random_100,00000000000000000114,built_loss,100,100,8.94978318313302,6.898347803816599,6.898347803816599,0.4583166213401604,0.4069725295303703,0.516662850406391,0.10969032087602076
random_100,0000000000000000011c,built_loss,100,100,11.848884803316613,1.7768103680840117,1.7768103680840117,0.4687802906026949,0.43441519237627874,0.49583531955917404,0.0614201271828953
random_100,00000000000000000151,built_loss,100,100,11.235409235697658,1.7226084184248498,1.7226084184248498,0.43198631437952933,0.3980342201083045,0.5019553629788455,0.10392114287054094
random_100,00000000000000000161,built_loss,100,100,10.269825699870253,10.501132829033235,10.269825699870253,0.4543375999036258,0.4060868680373065,0.5066610037466124,0.1005741357093059
random_100,0000000000000000016a,built_loss,100,100,12.13824436282765,3.672112038043592,3.672112038043592,0.40137263521169136,0.3744432072856621,0.42763232150115554,0.05318911421549344
random_100,00000000000000000176,built_loss,100,100,9.56170799292724,5.983397701003539,5.983397701003539,0.5695230639855763,0.545218142752752,0.6040523429028056,0.058834200150053584
random_100,000000000000000001a8,built_loss,100,100,8.599834353027058,8.602303272914575,8.599834353027058,0.4783914293256526,0.4503974499103596,0.5205654504978269,0.07016800058746725
random_100,000000000000000001be,built_loss,100,13,9.224610612786046,1.7469745991834893,1.7469745991834893,0.6951107637344874,0.6670801698117624,0.7410495493750742,0.07396937956331173
random_100,000000000000000001cd,built_loss,100,100,9.836317171747446,10.986535194555076,9.836317171747446,0.5862902391049838,0.5237216273416997,0.6143333230281552,0.09061169568645555
random_100,000000000000000001e5,built_loss,100,100,11.758759157413628,4.5372712606626,4.5372712606626,0.40753469907355366,0.36761075986593217,0.4738274902389846,0.10621673037305246
random_100,00000000000000000206,built_loss,100,100,5.905575764302444,10.276424396953484,5.905575764302444,0.6041281465995434,0.5543342626884378,0.6614462341606319,0.10711197147219409
random_100,00000000000000000209,built_loss,100,100,10.301041008172357,6.227182073520733,6.227182073520733,0.5564067515517394,0.4997324807955179,0.6075356841373053,0.10780320334178739
random_100,00000000000000000231,built_loss,100,100,9.241826652823734,7.79617477945345,7.79617477945345,0.5181662910049608,0.47348689985919085,0.5493877909026402,0.07590089104344938
random_100,0000000000000000024c,built_loss,100,100,12.372978959341497,7.153502702129229,7.153502702129229,0.5095216010202697,0.46501033246777845,0.5491471289868283,0.08413679651904982
random_100,0000000000000000026d,built_loss,100,100,10.270515917794322,9.574463427416024,9.574463427416024,0.46769829628732323,0.42516754925273015,0.5189455725226484,0.09377802326991824
random_100,00000000000000000278,built_loss,100,100,8.921319360146605,4.15877579536396,4.15877579536396,0.6054916573876562,0.5653799152784458,0.7002875647392589,0.13490764946081313
random_100,00000000000000000293,built_loss,100,100,6.243364915631842,4.842694830268839,4.842694830268839,0.52437915129292,0.49616125399370387,0.5833721683816748,0.08721091438797096
random_100,00000000000000000316,built_loss,100,100,10.653328852339659,3.0290520909225496,3.0290520909225496,0.3848816707277142,0.3544293415058409,0.41983634017359933,0.06540699866775845
random_100,0000000000000000034d,built_loss,100,2,12.727472654808418,1.0139317834874892,1.0139317834874892,0.6285620784917886,0.5719649414449712,0.6753343013553784,0.10336935991040719
random_100,00000000000000000356,built_loss,100,100,11.594571967065571,5.517656180182442,5.517656180182442,0.4942195137308939,0.42428483531579353,0.5437574290162434,0.11947259370044983
random_100,00000000000000000362,built_loss,100,100,4.7935974903526075,10.803946443372265,4.7935974903526075,0.47598729567045933,0.41201242888559614,0.5293938261783033,0.11738139729270719
random_100,00000000000000000363,built_loss,100,100,8.81794986061164,9.900149059904326,8.81794986061164,0.4245493758287091,0.3750521373482153,0.4794974882323631,0.1044453508841478
random_100,00000000000000000364,built_loss,100,100,10.473466641649734,4.122850005728768,4.122850005728768,0.3761556729609157,0.35145972234204814,0.4115439414975265,0.06008421915547835
random_100,00000000000000000375,built_loss,100,100,8.488736397868424,7.528506167549843,7.528506167549843,0.4268757994557634,0.3908722496787832,0.460737013080498,0.06986476340171482
random_100,00000000000000000380,built_loss,100,100,12.095524076107582,3.968965029602249,3.968965029602249,0.42409992734789387,0.3617067933291593,0.4604045152204273,0.09869772189126802
random_100,00000000000000000384,built_loss,100,100,8.142765815315808,9.082571987993934,8.142765815315808,0.47244991001765485,0.4423532924529405,0.5114434301470476,0.0690901376941071
random_100,0000000000000000039e,built_loss,100,3,12.066872433361398,1.418912426132121,1.418912426132121,0.507746057476521,0.33425142141088976,0.579578582513415,0.24532716110252523
random_100,000000000000000003a1,built_loss,100,100,7.301928712134208,4.627030692387888,4.627030692387888,0.5333794799113829,0.4965789182164584,0.5739370546490469,0.07735813643258849
random_100,000000000000000003a5,built_loss,100,100,8.011860412642474,11.765284067867823,8.011860412642474,0.4156421511747008,0.3795719117342132,0.45519787196401235,0.07562596022979917
random_100,000000000000000003b7,built_loss,100,100,11.011123680458956,5.93318216001249,5.93318216001249,0.497642122523211,0.4410011918962507,0.5447625468810849,0.10376135498483424
random_100,000000000000000003bf,built_loss,100,100,9.522500930602252,10.193143102666802,9.522500930602252,0.42107390374416326,0.367427915817788,0.47598139684076424,0.10855348102297624
random_100,000000000000000003d2,built_loss,100,100,6.4149551948440635,6.863986253474393,6.4149551948440635,0.5238268094651203,0.4801426201440789,0.5627385503202331,0.08259593017615424
random_100,000000000000000003f8,built_loss,100,100,10.026238038631654,4.441841492723303,4.441841492723303,0.4078120397915618,0.36299358039828805,0.4367244483792844,0.07373086798099637
random_100,000000000000000003fa,built_loss,100,100,8.080563160182068,7.661165334986111,7.661165334986111,0.429573055974845,0.40569093630184916,0.4754399516870533,0.06974901538520412
random_100,00000000000000000407,built_loss,100,100,10.43583047249438,9.521807627838857,9.521807627838857,0.4728695346167115,0.4353793407937323,0.5117590113771079,0.07637967058337558
random_100,0000000000000000040f,built_loss,100,100,6.685315279015623,8.44464323709527,6.685315279015623,0.35734203292055955,0.32095320718191334,0.38084138231980863,0.059888175137895294
random_100,00000000000000000426,built_loss,100,100,10.177450496452641,7.449842459453944,7.449842459453944,0.4368265247360606,0.3958004886112078,0.4713731867111474,0.0755726980999396
random_100,0000000000000000042b,built_loss,100,100,9.119552380191928,11.438110213131122,9.119552380191928,0.42464107022319963,0.38028027367128076,0.4707341609323907,0.09045388726110992
random_100,00000000000000000442,built_loss,100,100,11.722732360765859,3.9564125260860044,3.9564125260860044,0.3625310384073543,0.3122512678103009,0.42823007169828703,0.11597880388798615
random_100,00000000000000000465,built_loss,100,100,11.189155433066205,7.681117396658943,7.681117396658943,0.5121768509750251,0.44709418909615717,0.5650594661696444,0.11796527707348725
random_100,0000000000000000047e,built_loss,100,100,9.935412750649425,6.45879817840148,6.45879817840148,0.5017722221426006,0.46724205963399745,0.5401982419943332,0.07295618236033574
random_100,00000000000000000490,built_loss,100,100,8.31744168779871,11.77479011275704,8.31744168779871,0.46453290580187556,0.4053776680764813,0.5059940108704881,0.10061634279400683
random_100,000000000000000004c0,built_loss,100,100,9.330015041436676,10.836024443880394,9.330015041436676,0.465523664821741,0.41624783373288765,0.5235462387936091,0.10729840506072141
random_100,000000000000000004c5,built_loss,100,100,9.198498108855425,8.72628527007066,8.72628527007066,0.5388627718035287,0.49949471130874956,0.5830634048725595,0.08356869356380991
random_100,000000000000000004d2,built_loss,100,100,11.843904607188788,8.874829641437913,8.874829641437913,0.5842997482885472,0.5306781375002663,0.6417006475126653,0.11102251001239904
random_100,000000000000000004d9,built_loss,100,100,9.588461616221538,8.117178202186782,8.117178202186782,0.3962530273599909,0.3532451699756174,0.4519438041131522,0.09869863413753482
random_100,000000000000000004eb,built_loss,100,100,8.155497349717505,10.133081339326996,8.155497349717505,0.38238073558417157,0.3339788620008188,0.41988192484392695,0.08590306284310817
random_100,000000000000000004f5,built_loss,100,100,7.562422463047461,11.604519176030033,7.562422463047461,0.5122603826177754,0.47591650217071724,0.5453308278009703,0.06941432563025307
random_100,000000000000000004f7,built_loss,100,100,12.304718647816115,6.159835989615385,6.159835989615385,0.4682579508814067,0.42789268731311936,0.5136524371071802,0.08575974979406087
random_100,000000000000000004fe,built_loss,100,100,11.961303696752017,9.880370606848924,9.880370606848924,0.42820942683147584,0.3917697699535759,0.4805513685811227,0.08878159862754681
random_100,0000000000000000051d,built_loss,100,100,11.482680764300584,3.4935308697172465,3.4935308697172465,0.4325167680803445,0.35886377434808403,0.5072067851507409,0.14834301080265688
random_100,00000000000000000559,built_loss,100,100,10.653492683904872,8.676655873586178,8.676655873586178,0.43597892049807285,0.37967849909148416,0.4606268959446343,0.08094839685315014
random_100,00000000000000000576,built_loss,100,100,8.914797000219767,7.951469103868703,7.951469103868703,0.4124536407532658,0.37583796999714764,0.4506242899843039,0.07478631998715629
random_100,00000000000000000577,built_loss,100,100,9.876291395023866,8.963358470966927,8.963358470966927,0.46916526338895864,0.4318896532989297,0.5354582507270634,0.10356859742813374
random_100,0000000000000000057f,built_loss,100,100,6.552508869807746,2.951311932217186,2.951311932217186,0.38759255418169986,0.3442167969738195,0.4319181907392032,0.08770139376538366
random_100,00000000000000000594,built_loss,100,100,11.60980014111466,3.373065164671981,3.373065164671981,0.46738057159063046,0.4056497408970784,0.530352171788054,0.12470243089097566
random_100,000000000000000005ad,built_loss,100,100,10.48843777478905,7.282263926541115,7.282263926541115,0.5096917050075329,0.44905695507965443,0.5570336561786537,0.10797670109899932
random_100,000000000000000005bd,built_loss,100,100,8.711294326085435,1.4024777778554196,1.4024777778554196,0.3933039650677629,0.36155667138074377,0.4451986027680562,0.08364193138731241
random_100,000000000000000005bf,built_loss,100,100,8.592804238289155,3.5648304938907387,3.5648304938907387,0.38514771346223764,0.35615060896212725,0.42536468062819577,0.06921407166606852
random_100,000000000000000005cc,built_loss,100,100,8.354898610725305,3.057878787876094,3.057878787876094,0.4128719007976927,0.36746284501585014,0.4659112351897656,0.09844839017391549
random_100,000000000000000005de,built_loss,100,100,8.427960597783153,5.835798456458053,5.835798456458053,0.5325620478054246,0.47727706937184206,0.5705786616334861,0.09330159226164408
random_100,000000000000000005e7,built_loss,100,100,9.862715163493037,9.610603083305211,9.610603083305211,0.47447936581224287,0.439382562041244,0.5111563368397413,0.07177377479849728
random_100,000000000000000005f9,built_loss,100,100,11.47422103799755,7.850199149799766,7.850199149799766,0.4841401634708165,0.44876956014439257,0.5386546038721343,0.0898850437277417
random_100,0000000000000000061c,built_loss,100,100,11.423658976846301,3.9606427859557005,3.9606427859557005,0.4045506406183491,0.35683555096257524,0.4492654543487941,0.09242990338621887
random_100,00000000000000000624,built_loss,100,100,8.242876417762949,5.32773957711039,5.32773957711039,0.5263927164035671,0.47991713882396037,0.5639821552599456,0.08406501643598518
random_100,00000000000000000626,built_loss,100,100,6.1991395310948025,7.738669007747843,6.1991395310948025,0.33616423921446503,0.3025323519820449,0.3675858486799316,0.06505349669788668
random_100,0000000000000000062a,built_loss,100,100,11.671612435860144,6.378957318076618,6.378957318076618,0.49807506307052973,0.46097041388403504,0.5427179264998261,0.08174751261579105
random_100,00000000000000000636,built_loss,100,100,9.785093209327131,3.1668893912966714,3.1668893912966714,0.4614610313307619,0.4110093882000125,0.5147284562058941,0.10371906800588165
random_100,0000000000000000064a,built_loss,100,100,12.092784453498808,7.317958407157675,7.317958407157675,0.4191218744164594,0.3454914019248382,0.47535517222280643,0.12986377029796825
random_100,0000000000000000064d,built_loss,100,100,11.788432309313302,6.1837720943260095,6.1837720943260095,0.4392896967359352,0.4026704415722364,0.45981113552784814,0.05714069395561172
random_100,00000000000000000694,built_loss,100,100,10.977533298674436,5.776538184938747,5.776538184938747,0.4471716517007282,0.4188931239335168,0.48498128549263536,0.06608816155911856
random_100,0000000000000000069d,built_loss,100,100,8.417597419902075,7.611809259058637,7.611809259058637,0.49454418576055104,0.4657144470154895,0.5333344881480155,0.06762004113252607
random_100,000000000000000006b7,built_loss,100,100,5.742123796664408,8.70395906244702,5.742123796664408,0.3456793069489142,0.3089058736377331,0.40613977928835393,0.09723390565062084
random_100,000000000000000006df,built_loss,100,100,12.331713313248683,3.2371883537443993,3.2371883537443993,0.42965264337775094,0.3784932247135368,0.4661342845656447,0.0876410598521079
random_100,000000000000000006e3,built_loss,100,100,11.951795563510856,4.479908626896221,4.479908626896221,0.3684786366815418,0.34961370608922715,0.39468059616543333,0.04506689007620618
random_100,00000000000000000011,crop_loss,100,100,11.758363808383766,7.080049390419231,7.080049390419231,0.4645259601635907,0.36773551607914756,0.5159335787902277,0.14819806271108016
random_100,0000000000000000002b,crop_loss,100,100,10.08664339944783,5.827711333482542,5.827711333482542,0.4391033136111708,0.38598414911426254,0.4860964209209573,0.10011227180669474
random_100,0000000000000000003a,crop_loss,100,100,6.171197014516915,10.813853158427857,6.171197014516915,0.46208140058799696,0.35398950501792714,0.5206669291881861,0.166677424170259
random_100,0000000000000000009b,crop_loss,100,100,7.825445924434427,4.500261999106015,4.500261999106015,0.39529329927154927,0.3355612873046288,0.4877062739726856,0.15214498666805681
random_100,0000000000000000009d,crop_loss,100,100,11.507285413457797,3.0938323723791936,3.0938323723791936,0.462825052273044,0.42180999816034914,0.500525078356117,0.0787150801957679
random_100,000000000000000000a8,crop_loss,100,100,6.357775148688938,9.862277255119228,6.357775148688938,0.33470001674524846,0.31655544938745955,0.3740142234533447,0.05745877406588512
random_100,000000000000000000da,crop_loss,100,100,4.748346671286647,10.773846611346205,4.748346671286647,0.42403487369354226,0.31504775634282667,0.4929891227293727,0.177941366386546
random_100,000000000000000000e9,crop_loss,100,100,9.596764340114015,4.516017326467643,4.516017326467643,0.4837016870791635,0.42166808342888046,0.530039570036724,0.10837148660784351
random_100,0000000000000000011b,crop_loss,100,100,11.434588504764312,5.620489667649077,5.620489667649077,0.49143978909699,0.4594211293915909,0.5280775553527581,0.06865642596116722
random_100,00000000000000000128,crop_loss,100,100,6.8031093328843575,5.035876516940915,5.035876516940915,0.4399880157698576,0.38361963612599326,0.5125683216292453,0.128948685503252
random_100,0000000000000000016c,crop_loss,100,100,9.495256059699324,6.295079177159194,6.295079177159194,0.5331511039021168,0.46883182632342174,0.5799655278553164,0.11113370153189467
random_100,00000000000000000192,crop_loss,100,100,7.204262408900448,10.187435844939897,7.204262408900448,0.42257039399349666,0.3947953640027419,0.43986609169154733,0.045070727688805434
random_100,00000000000000000196,crop_loss,100,100,10.714235921850982,3.4444179365199363,3.4444179365199363,0.47067209885842537,0.4132622409043565,0.5140202941494175,0.10075805324506104
random_100,000000000000000001a6,crop_loss,100,100,9.102534124680751,10.999348953112134,9.102534124680751,0.3508307300533092,0.31076052289320016,0.3773784563379793,0.06661793344477912
random_100,000000000000000001e4,crop_loss,100,100,7.305660906066444,6.709802568271449,6.709802568271449,0.5211921451448663,0.491302967517582,0.5578936402613436,0.06659067274376157
random_100,000000000000000001f9,crop_loss,100,100,9.179119987108063,3.84542621069273,3.84542621069273,0.46716215455932714,0.43470454957152954,0.4885162425399325,0.053811692968402935
random_100,00000000000000000228,crop_loss,100,100,12.352721098896685,2.4971897536129575,2.4971897536129575,0.37606192937741495,0.30550820543616203,0.4370989486134376,0.1315907431772756
random_100,00000000000000000281,crop_loss,100,100,8.922006531454933,11.708102453487138,8.922006531454933,0.6629352746790067,0.6096809393550888,0.7152004475758186,0.10551950822072975
random_100,0000000000000000028c,crop_loss,100,48,10.394505053520973,4.668090896186911,4.668090896186911,0.5360105240839723,0.4090845457155228,0.6020188980699483,0.19293435235442558
random_100,0000000000000000028d,crop_loss,100,100,11.47404791397798,5.287778636231733,5.287778636231733,0.43981194870919793,0.3817013359057812,0.4959914422842954,0.11429010637851422
random_100,00000000000000000291,crop_loss,100,100,12.420259409679876,2.0524351869670405,2.0524351869670405,0.4841908798446235,0.40007721589625556,0.5453788898076078,0.1453016739113523
random_100,000000000000000002c5,crop_loss,100,100,8.552148363458867,11.903656761649357,8.552148363458867,0.3804821745787648,0.3472231240923909,0.437916951214263,0.09069382712187207
random_100,000000000000000002cc,crop_loss,100,100,10.79865402705041,7.6962914492483065,7.6962914492483065,0.4360589587657966,0.4030717060036376,0.46666118255766287,0.06358947655402525
random_100,000000000000000002dc,crop_loss,100,100,9.0546485838516,10.079760470555252,9.0546485838516,0.48935503451618856,0.45972953084014856,0.5280170263184443,0.06828749547829571
random_100,000000000000000002e4,crop_loss,100,100,4.344191961989,12.079285159850436,4.344191961989,0.5062409052147899,0.4703274513707312,0.5424692550757899,0.07214180370505874
random_100,000000000000000002ec,crop_loss,100,100,8.21630498879724,12.026446580768209,8.21630498879724,0.5230750582947485,0.4852480349478985,0.5785055612172594,0.0932575262693609
random_100,00000000000000000314,crop_loss,100,100,8.82566552711399,6.682025149695321,6.682025149695321,0.3725707770404395,0.34863761657421555,0.4136291388847919,0.06499152231057637
random_100,0000000000000000033a,crop_loss,100,100,6.917998328255963,10.605051055453405,6.917998328255963,0.4079912851602073,0.38317343008915616,0.4504929497848043,0.06731951969564814
random_100,000000000000000003a2,crop_loss,100,100,5.93627090243132,11.986364397761836,5.93627090243132,0.3940346788974603,0.3085802872952695,0.4681451971967844,0.1595649099015149
random_100,000000000000000003b0,crop_loss,100,100,8.123891098497815,10.634293616415366,8.123891098497815,0.42956126687029245,0.36456025254574115,0.5125729402408149,0.14801268769507375
random_100,000000000000000003c7,crop_loss,100,100,10.817563679176,1.3851521088551169,1.3851521088551169,0.4700337755814622,0.39390731891204206,0.5707051965407184,0.17679787762867633
random_100,000000000000000003c8,crop_loss,100,100,9.761209457064831,11.144692992518056,9.761209457064831,0.45266290190371766,0.39454205684872345,0.4756064138105362,0.08106435696181274
random_100,000000000000000003f2,crop_loss,100,100,8.16308973178691,8.519158139441126,8.16308973178691,0.5422737650024693,0.5005300940385012,0.5841761750777554,0.0836460810392542
random_100,0000000000000000046c,crop_loss,100,100,10.118157552688155,12.532553306121702,10.118157552688155,0.5225753247256567,0.47304406841696445,0.5735973890655669,0.10055332064860245
random_100,00000000000000000480,crop_loss,100,100,12.598719783179815,1.890191287300442,1.890191287300442,0.5640825937439764,0.539089916853994,0.5901055985183554,0.051015681664361434
random_100,00000000000000000483,crop_loss,100,100,12.162730288496766,4.6819878218970565,4.6819878218970565,0.4306277957833558,0.3902375498209091,0.4635931017405176,0.07335555191960852
random_100,00000000000000000485,crop_loss,100,100,10.383760527549523,5.55824664815824,5.55824664815824,0.503951569511128,0.47595050744534023,0.5422434251629565,0.0662929177176163
random_100,00000000000000000497,crop_loss,100,100,4.129921911852053,11.485266361677215,4.129921911852053,0.37381100480335633,0.3334729276100909,0.43567989418289127,0.10220696657280037
random_100,0000000000000000049b,crop_loss,100,100,8.722764476650703,8.106039196793917,8.106039196793917,0.3922046602934907,0.3540153634057615,0.4248643449814954,0.07084898157573388
random_100,000000000000000004a1,crop_loss,100,100,6.0890146591630785,9.683142082842949,6.0890146591630785,0.486275796098636,0.45611085694239295,0.5161192568907246,0.060008399948331625
random_100,000000000000000004e7,crop_loss,100,100,8.34158342465621,3.975867500728576,3.975867500728576,0.36761682092642367,0.32996744204972267,0.44283301070910663,0.11286556865938396
random_100,000000000000000004e9,crop_loss,100,100,9.6539493872686,8.10520476181022,8.10520476181022,0.4165167651843587,0.38234159928048866,0.4639345481865807,0.08159294890609203
random_100,000000000000000004f9,crop_loss,100,100,10.648005438709921,5.636796244477027,5.636796244477027,0.2965686468097643,0.1899742105997747,0.4150660884681369,0.2250918778683622
random_100,00000000000000000517,crop_loss,100,100,12.429999913519518,1.2476910470775504,1.2476910470775504,0.2249077065329167,0.18085715822599788,0.26951466466790747,0.08865750644190959
random_100,00000000000000000538,crop_loss,67,67,8.569130948148203,1.3134728832671183,1.3134728832671183,0.1929081214238488,0.15914169912480947,0.21855612645652464,0.059414427331715175
random_100,0000000000000000057e,crop_loss,100,95,12.24156595210745,1.9317413672823287,1.9317413672823287,0.3800387377080031,0.3583106006719937,0.400621922913961,0.042311322241967264
random_100,000000000000000005d1,crop_loss,100,100,10.680078326554323,8.116530441814419,8.116530441814419,0.40847661017826115,0.35329824611980837,0.445751830881381,0.09245358476157262
random_100,00000000000000000611,crop_loss,100,100,10.628340165770604,9.181549565366081,9.181549565366081,0.36648726730813297,0.31197968705488854,0.45669745076547386,0.1447177637105853
random_100,0000000000000000062f,crop_loss,100,100,8.221026283423955,7.791448087898183,7.791448087898183,0.3819928092059174,0.3119716259676628,0.4416036314440559,0.1296320054763931
random_100,00000000000000000632,crop_loss,84,86,9.010713918279086,6.360408759215291,6.360408759215291,0.40575143565248056,0.3776216483727805,0.45342802671356947,0.07580637834078896
random_100,0000000000000000063e,crop_loss,100,100,6.8313165086534555,10.725150921808682,6.8313165086534555,0.33848366663896884,0.2938089647579836,0.41223615458284335,0.11842718982485972
random_100,00000000000000000655,crop_loss,100,100,11.26608784837284,4.212440775592567,4.212440775592567,0.3417477063406396,0.28292810381546735,0.43474970544999214,0.1518216016345248
random_100,00000000000000000697,crop_loss,100,100,9.89694998426259,11.357304895860004,9.89694998426259,0.47131346222987586,0.4265971058386777,0.5079205389404909,0.08132343310181323
random_100,00000000000000000698,crop_loss,100,100,4.834149856293585,11.21616653802036,4.834149856293585,0.3738186518239423,0.29096040128614925,0.42115156625873423,0.13019116497258498
random_100,000000000000000006a8,crop_loss,100,100,6.417909246089322,8.80680872184565,6.417909246089322,0.44133109410000476,0.3977652272294074,0.4942601556787478,0.09649492844934043
random_100,000000000000000006b4,crop_loss,100,100,11.202455568771107,7.714082608880353,7.714082608880353,0.4860660001060047,0.45145283792823865,0.5240648709822066,0.0726120330539679
random_100,000000000000000006be,crop_loss,100,100,9.617248739270673,4.762214680649335,4.762214680649335,0.3831974992584621,0.3292851589809303,0.45047235108241906,0.12118719210148876
random_100,000000000000000006c0,crop_loss,100,100,11.949517303388836,1.4638785841660396,1.4638785841660396,0.17647576794409695,0.14891026589647854,0.2293994371765003,0.08048917128002175
random_100,000000000000000006cc,crop_loss,100,100,5.844717153693649,11.675562772555365,5.844717153693649,0.4848194309768813,0.4604468377627888,0.5129543752620273,0.05250753749923848
random_100,000000000000000006d9,crop_loss,100,100,7.805984222675749,11.988305199681875,7.805984222675749,0.4087667233318554,0.3476752532130005,0.4562386187370407,0.10856336552404017
random_100,000000000000000006e5,crop_loss,100,100,10.3927360519314,9.645650027722576,9.645650027722576,0.46988842969051187,0.44096098148792306,0.5194046964904018,0.07844371500247871
random_100,000000000000000002a4,built_loss,100,100,11.285003433453735,5.484370462525535,5.484370462525535,0.45025844441397794,0.3524412458895289,0.5337305028452491,0.18128925695572023
random_100,0000000000000000002d,crop_loss,60,76,7.2050939295022,4.965861242425682,4.965861242425682,0.4911873773316265,0.42505331587326095,0.550109052163176,0.125055736289915
random_100,000000000000000000e3,crop_loss,100,100,12.211122799609026,7.68286048137449,7.68286048137449,0.42131829081593825,0.33400205865338145,0.4548753054516315,0.12087324679825007
random_100,00000000000000000335,crop_loss,100,100,11.30905439959233,7.556498492247433,7.556498492247433,0.4118770842444519,0.3708647781484845,0.45935766389266963,0.08849288574418512
random_100,000000000000000003f1,crop_loss,66,74,8.231873039947295,9.33582502482794,8.231873039947295,0.43998524826909524,0.3850665866320231,0.5080103285822433,0.12294374195022018
random_100,0000000000000000044b,crop_loss,100,17,13.092042939741708,1.319845323228456,1.319845323228456,0.7604042875624639,0.7175292550454466,0.7791500367873669,0.061620781741920316
random_100,000000000000000006ce,crop_loss,100,100,9.70831600178312,4.294206732418659,4.294206732418659,0.4251395223974608,0.3357699561101968,0.512052970347927,0.17628301423773018
random_100,000000000000000004ee,crop_loss,100,100,10.89013362450508,3.6403580606809034,3.6403580606809034,0.42325362873273803,0.3392389913896392,0.48609787692840856,0.14685888553876936
random_60,00000000000000000001,built_loss,60,60,9.698757913496681,2.878299195815184,2.878299195815184,0.42801253875362666,0.3704671889949065,0.4787874672133158,0.10832027821840928
random_60,00000000000000000049,built_loss,60,60,7.603966384237103,1.0880326966169562,1.0880326966169562,0.45533615222484436,0.3916523610109489,0.5065783182085016,0.11492595719755272
random_60,0000000000000000004a,built_loss,60,60,10.866658134501877,7.919786737945589,7.919786737945589,0.4628221236392483,0.383661764247285,0.6018675684297929,0.21820580418250796
random_60,0000000000000000004f,built_loss,60,60,11.212372414504054,5.660481305520357,5.660481305520357,0.43188637844823646,0.3797903171779014,0.47546141503494355,0.09567109785704214
random_60,0000000000000000005a,built_loss,60,60,8.292330097939937,4.194162125832068,4.194162125832068,0.3511607245022613,0.30984468290164013,0.3842584077918408,0.07441372489020065
random_60,00000000000000000079,built_loss,60,60,9.665037254378285,7.179838554922367,7.179838554922367,0.4011382379339732,0.3490952812970568,0.46753127524219534,0.11843599394513854
random_60,00000000000000000085,built_loss,60,60,11.018457351549364,7.525265356659827,7.525265356659827,0.36424514961847876,0.3223814551676317,0.4640892084655593,0.14170775329792756
random_60,00000000000000000087,built_loss,60,60,6.789204059285231,10.467493042978193,6.789204059285231,0.5740289237758834,0.5064322837654768,0.6351095364068499,0.12867725264137309
random_60,000000000000000000a1,built_loss,60,60,10.080999226366657,4.006240370236791,4.006240370236791,0.4601503995887916,0.4162936310474516,0.4906966799700736,0.074403048922622
random_60,000000000000000000b8,built_loss,60,60,8.2245500147076,7.786708371795574,7.786708371795574,0.5451509234529295,0.50173821460921,0.5717976157727995,0.07005940116358955
random_60,000000000000000000c0,built_loss,60,60,8.758862315156293,6.704138697368578,6.704138697368578,0.385845489242283,0.34328202594170837,0.43344923270738167,0.0901672067656733
random_60,000000000000000000e2,built_loss,60,60,10.869109746488721,5.883955431949057,5.883955431949057,0.4350957785347474,0.38412930639735504,0.4815743731636896,0.09744506676633458
random_60,000000000000000000f0,built_loss,60,60,6.925286347723502,10.704942899445733,6.925286347723502,0.4912411991160532,0.4247795709958677,0.5710197464253788,0.14624017542951107
random_60,000000000000000000f8,built_loss,60,60,11.737526908429812,9.413772040376724,9.413772040376724,0.5006364393055929,0.43854149456103975,0.5635986903024146,0.12505719574137486
random_60,00000000000000000114,built_loss,60,60,8.493570881526061,6.655971532170097,6.655971532170097,0.45743183363180034,0.399712148860822,0.535689319723293,0.13597717086247102
random_60,0000000000000000011c,built_loss,60,60,10.386446881015674,1.6362593485377859,1.6362593485377859,0.48099016224770297,0.45191371232204464,0.5182862661454996,0.06637255382345492
random_60,00000000000000000151,built_loss,60,60,11.198045226389576,1.6886739567074833,1.6886739567074833,0.4370800715716804,0.39455596752189365,0.5411544976989237,0.14659853017703
random_60,00000000000000000161,built_loss,60,60,9.798609718339383,9.758568789323736,9.758568789323736,0.4305970398096108,0.3811800342937481,0.4940716953035481,0.11289166100980003
random_60,0000000000000000016a,built_loss,60,60,11.092080542880113,3.8184188185601053,3.8184188185601053,0.4033347035642127,0.36269042650928984,0.44031056963728504,0.0776201431279952
random_60,00000000000000000176,built_loss,60,60,9.576004341338042,5.605098690386446,5.605098690386446,0.576896086303904,0.5294461426755703,0.6096412252278818,0.08019508255231145
random_60,000000000000000001a8,built_loss,60,60,8.445478543357364,8.230759619725646,8.230759619725646,0.4791359411848028,0.43339274277074336,0.5434066971181187,0.11001395434737538
random_60,000000000000000001be,built_loss,60,13,8.337834437950539,1.7469745991834893,1.7469745991834893,0.6951107637344874,0.6615335338965115,0.7440786795272009,0.08254514563068938
random_60,000000000000000001cd,built_loss,60,60,9.13384165234678,10.420019782863413,9.13384165234678,0.5685413130515525,0.4554146163216735,0.6128771442117252,0.15746252789005172
random_60,000000000000000001e5,built_loss,60,60,10.17170076971744,4.161486267167432,4.161486267167432,0.4316089742246633,0.3730839976125852,0.4968550667089211,0.1237710690963359
random_60,00000000000000000206,built_loss,60,60,5.950650304827804,9.286793827951511,5.950650304827804,0.5884406162379101,0.5140663880890572,0.651957240155193,0.13789085206613572
random_60,00000000000000000209,built_loss,60,60,8.645396003983546,5.5649798383245255,5.5649798383245255,0.5435448672710853,0.48504402784807504,0.6415276934633745,0.15648366561529942
random_60,00000000000000000231,built_loss,60,60,8.760210186999638,7.323784986788969,7.323784986788969,0.5165242398652157,0.45809895976762377,0.5778684760957937,0.11976951632816996
random_60,0000000000000000024c,built_loss,60,60,11.54869634079384,6.364512471323219,6.364512471323219,0.5217653188156742,0.46918087089400373,0.5830534730460023,0.11387260215199857
random_60,0000000000000000026d,built_loss,60,60,10.047676935032522,8.64457378725873,8.64457378725873,0.4978280173708699,0.42140558652216337,0.5627908502331671,0.14138526371100374
random_60,00000000000000000278,built_loss,60,60,8.257343930605481,3.896115229511712,3.896115229511712,0.5975234087165239,0.5474023678768877,0.7157023577281512,0.1682999898512635
random_60,00000000000000000293,built_loss,60,60,6.501517766934388,4.5305879038242765,4.5305879038242765,0.5198131992751852,0.48517872796596573,0.5799637727232645,0.09478504475729876
random_60,00000000000000000316,built_loss,60,60,10.150738234820754,3.1285925251266478,3.1285925251266478,0.3952427119000426,0.3719879672059639,0.4282443600281471,0.0562563928221832
random_60,0000000000000000034d,built_loss,60,2,11.025160465332451,1.0139317834874892,1.0139317834874892,0.6412804937502978,0.5594861485519786,0.682513834575072,0.12302768602309333
random_60,00000000000000000356,built_loss,60,60,10.64281023711596,5.910198955427226,5.910198955427226,0.486819639105276,0.4475833659237103,0.6007659637829582,0.15318259785924793
random_60,00000000000000000362,built_loss,60,60,5.041331721998839,10.166790257251385,5.041331721998839,0.4922162928106193,0.4037872261756773,0.5481402993632959,0.14435307318761859
random_60,00000000000000000363,built_loss,60,60,9.401955859628286,8.771043570444725,8.771043570444725,0.43550409909984034,0.3585252010260907,0.5077584895849591,0.14923328855886836
random_60,00000000000000000364,built_loss,60,60,10.143351971848979,4.048740077178185,4.048740077178185,0.36476696222506433,0.3117886604344957,0.40416684430719124,0.09237818387269553
random_60,00000000000000000375,built_loss,60,60,9.03983869968895,6.936739547488105,6.936739547488105,0.45014996868444584,0.4091886584377005,0.4824914109985315,0.07330275256083096
random_60,00000000000000000380,built_loss,60,60,11.193829688991034,3.5236008635758376,3.5236008635758376,0.4192275906135124,0.3677096024090055,0.473036454169331,0.10532685176032547
random_60,00000000000000000384,built_loss,60,60,7.421425498677936,8.067495131212803,7.421425498677936,0.4698956619118085,0.4194810741168531,0.5091143998544312,0.0896333257375781
random_60,0000000000000000039e,built_loss,60,3,11.547100717826945,1.418912426132121,1.418912426132121,0.5093715624597956,0.3294840887614035,0.5987274249281591,0.2692433361667556
random_60,000000000000000003a1,built_loss,60,60,7.629105635617339,4.211336960331662,4.211336960331662,0.5431019503877252,0.5011785021166494,0.5832611364172143,0.08208263430056495
random_60,000000000000000003a5,built_loss,60,60,6.91984166122603,11.43574353482804,6.91984166122603,0.40511119242161314,0.35876202627434556,0.45500968958619514,0.09624766331184959
random_60,000000000000000003b7,built_loss,60,60,10.166416116633787,5.865662567861908,5.865662567861908,0.4668656947917598,0.4060724612879073,0.5350074112053298,0.1289349499174225
random_60,000000000000000003bf,built_loss,60,60,9.111296229111634,10.174349778280325,9.111296229111634,0.4144792082942556,0.31063857820445084,0.4649708679447898,0.15433228974033897
random_60,000000000000000003d2,built_loss,60,60,6.309804008357434,6.406924397334458,6.309804008357434,0.5083665757299741,0.4449727528659499,0.5719357179083348,0.12696296504238486
random_60,000000000000000003f8,built_loss,60,60,9.490085513125013,4.70247284116606,4.70247284116606,0.4182289035851675,0.3515331624899712,0.4543713717156403,0.10283820922566911
random_60,000000000000000003fa,built_loss,60,60,7.055542189310731,7.196085141108123,7.055542189310731,0.44794410212034336,0.392806599676805,0.49307332148454125,0.10026672180773627
random_60,00000000000000000407,built_loss,60,60,10.128570442623543,8.992578626890227,8.992578626890227,0.4727661461626529,0.40696277085165483,0.5328138655030152,0.1258510946513604
random_60,0000000000000000040f,built_loss,60,60,6.619926444126838,8.060764112096509,6.619926444126838,0.34982301731499216,0.3027957704442127,0.3755711539608114,0.07277538351659874
random_60,00000000000000000426,built_loss,60,60,9.503409984798592,7.631059845915254,7.631059845915254,0.4453819018015238,0.3931269861320356,0.4890159494695458,0.09588896333751018
random_60,0000000000000000042b,built_loss,60,60,8.340443590467329,10.076387476376771,8.340443590467329,0.4164324072338882,0.36192800299223754,0.47447024341145916,0.11254224041922162
random_60,00000000000000000442,built_loss,60,60,10.843860036794595,4.173134535791011,4.173134535791011,0.3894350027739454,0.32386510315435446,0.45146716905539797,0.1276020659010435
random_60,00000000000000000465,built_loss,60,60,10.552506110046068,6.98087440476384,6.98087440476384,0.4786832602704179,0.4188957818438105,0.5595027086365286,0.14060692679271813
random_60,0000000000000000047e,built_loss,60,60,10.243331281696843,6.9775327296865495,6.9775327296865495,0.5193274144371233,0.44628006981170176,0.5546165070549125,0.10833643724321074
random_60,00000000000000000490,built_loss,60,60,9.508670599638723,10.909588776258353,9.508670599638723,0.4413000695474859,0.395460083720154,0.5101040797223333,0.11464399600217928
random_60,000000000000000004c0,built_loss,60,60,8.516202233520168,10.587349656367273,8.516202233520168,0.4380059488770089,0.3657345715325255,0.5096649856047866,0.1439304140722611
random_60,000000000000000004c5,built_loss,60,60,8.860120114029483,7.869350665702501,7.869350665702501,0.5373510026665452,0.49110258750534264,0.589665429274476,0.09856284176913332
random_60,000000000000000004d2,built_loss,60,60,11.037172147707356,8.238970397790705,8.238970397790705,0.5617400064604927,0.5146724930413784,0.6244253504232986,0.1097528573819202
random_60,000000000000000004d9,built_loss,60,60,9.011760141273678,6.673926908692365,6.673926908692365,0.37492304740520793,0.3320329695880356,0.4286297396578697,0.09659677006983414
random_60,000000000000000004eb,built_loss,60,60,7.8781545846556815,9.605814840893874,7.8781545846556815,0.38621639217528836,0.331289829927031,0.43548130602038065,0.10419147609334967
random_60,000000000000000004f5,built_loss,60,60,7.162039642637966,10.649800963857743,7.162039642637966,0.5345420774995467,0.47628492315699517,0.5715949743566714,0.09531005119967623
random_60,000000000000000004f7,built_loss,60,60,12.039727252399931,6.264433281303698,6.264433281303698,0.4718197983745476,0.42525034060072187,0.5232635726985717,0.09801323209784985
random_60,000000000000000004fe,built_loss,60,60,11.921121330999915,9.255277642912302,9.255277642912302,0.4331080314970775,0.3969669012413938,0.4912392735303186,0.09427237228892482
random_60,0000000000000000051d,built_loss,60,60,11.031487405154728,3.8205192556518615,3.8205192556518615,0.4255612065994171,0.32448793050193936,0.5134889627728922,0.18900103227095288
random_60,00000000000000000559,built_loss,60,60,10.171904125517718,7.907680333204485,7.907680333204485,0.37350215133273074,0.32669706152101774,0.4373442138385972,0.11064715231757943
random_60,00000000000000000576,built_loss,60,60,8.63553538639005,7.575499383892033,7.575499383892033,0.3909525917314775,0.35060187155868605,0.4308898172668278,0.08028794570814174
random_60,00000000000000000577,built_loss,60,60,9.102505763549317,7.981482623359104,7.981482623359104,0.4795744683071414,0.42014150256218985,0.5480120546322298,0.12787055207003994
random_60,0000000000000000057f,built_loss,60,60,5.847227434103713,2.8609396525949555,2.8609396525949555,0.38302359229934974,0.32379353955274776,0.4488692666374304,0.12507572708468262
random_60,00000000000000000594,built_loss,60,60,11.303332426992334,2.994742977284272,2.994742977284272,0.4622448886246284,0.37798093334453775,0.5351672602221329,0.15718632687759515
random_60,000000000000000005ad,built_loss,60,60,8.957369717152048,7.134639661264121,7.134639661264121,0.5503241382024003,0.46116298315253285,0.5994239191722055,0.13826093601967265
random_60,000000000000000005bd,built_loss,60,60,8.630754547050202,1.4231659869121354,1.4231659869121354,0.39769209202208944,0.3410268488866659,0.46252419749955226,0.12149734861288636
random_60,000000000000000005bf,built_loss,60,60,8.237269076619716,3.64869095815385,3.64869095815385,0.3994021400039216,0.3602837385460584,0.4593129486941635,0.09902921014810512
random_60,000000000000000005cc,built_loss,60,60,7.709796798454481,3.3481711990107104,3.3481711990107104,0.45147772389463703,0.3904455276495392,0.5064554227747056,0.11600989512516635
random_60,000000000000000005de,built_loss,60,60,7.808525290178311,5.955269740278288,5.955269740278288,0.49125599668833525,0.45845385470630745,0.5706230137475653,0.11216915904125785
random_60,000000000000000005e7,built_loss,60,60,9.384035920471618,9.210621794827558,9.210621794827558,0.4946969560150968,0.44590011214155906,0.533838613507594,0.08793850136603493
random_60,000000000000000005f9,built_loss,60,60,11.139364531591578,7.17432580457112,7.17432580457112,0.4874133432113992,0.42797072675397907,0.5548643844366521,0.12689365768267302
random_60,0000000000000000061c,built_loss,60,60,11.012741004161171,3.7993860439941565,3.7993860439941565,0.4151559291418951,0.33462317259702085,0.46963137848299913,0.13500820588597828
random_60,00000000000000000624,built_loss,60,60,7.691765154309754,5.6637051314366245,5.6637051314366245,0.5246300998595258,0.47717631584632286,0.5679999855993988,0.09082366975307593
random_60,00000000000000000626,built_loss,60,60,5.857580511531805,6.915789343929472,5.857580511531805,0.350636963255038,0.3159098993258138,0.40068732588579065,0.08477742655997683
random_60,0000000000000000062a,built_loss,60,60,10.839548761404949,6.568046351674984,6.568046351674984,0.49811307778753977,0.4562083747495164,0.5440200870970113,0.08781171234749491
random_60,00000000000000000636,built_loss,60,60,9.806303883664532,3.4611977177169995,3.4611977177169995,0.46674446071266396,0.3859018492691559,0.5389765486591719,0.153074699390016
random_60,0000000000000000064a,built_loss,60,60,11.260975509814033,6.040585130073289,6.040585130073289,0.4442548398237551,0.36387702732569455,0.5431002476717778,0.17922322034608323
random_60,0000000000000000064d,built_loss,60,60,10.756066361745324,5.828892304374181,5.828892304374181,0.45038326687556923,0.39854132667748077,0.48895665045020437,0.0904153237727236
random_60,00000000000000000694,built_loss,60,60,9.663265072441503,5.583973906847526,5.583973906847526,0.45459914332491025,0.4285110886854116,0.5165288253623889,0.08801773667697727
random_60,0000000000000000069d,built_loss,60,60,7.118550018588241,7.641794065744556,7.118550018588241,0.5011094691441524,0.46807146191468524,0.5679478468088353,0.09987638489415002
random_60,000000000000000006b7,built_loss,60,60,5.17790991335039,8.331298198623173,5.17790991335039,0.30198505670587533,0.27030161349823323,0.3544199111374567,0.08411829763922346
random_60,000000000000000006df,built_loss,60,60,11.624054081523651,3.177647715558687,3.177647715558687,0.4405934404061254,0.35970095139105124,0.48646436083635775,0.1267634094453065
random_60,000000000000000006e3,built_loss,60,60,10.309031746213185,4.158353322756926,4.158353322756926,0.36770049173346714,0.34291319885104754,0.39635618672938766,0.05344298787834012
random_60,00000000000000000011,crop_loss,60,60,10.68082116949253,6.539986839122298,6.539986839122298,0.4027726033994368,0.2858695577117919,0.5328808932100564,0.24701133549826448
random_60,0000000000000000002b,crop_loss,60,60,9.38350203279294,5.74003771051112,5.74003771051112,0.45715894545457264,0.39485112915339265,0.5341171135761049,0.13926598442271226
random_60,0000000000000000003a,crop_loss,60,60,6.364073061814726,10.60386173301332,6.364073061814726,0.45272622804303086,0.3457393609189429,0.5027892825645334,0.15704992164559045
random_60,0000000000000000009b,crop_loss,60,60,6.721560600611311,4.030678513311691,4.030678513311691,0.40042963031826795,0.33959980587915384,0.5042022757256891,0.16460246984653526
random_60,0000000000000000009d,crop_loss,60,60,11.152458774754933,3.2728453690835075,3.2728453690835075,0.4638268944311778,0.40295580217937277,0.5204582691853252,0.11750246700595246
random_60,000000000000000000a8,crop_loss,60,60,6.357609541364013,8.987630400383594,6.357609541364013,0.33422408754401906,0.3057707834342071,0.35785201692192214,0.05208123348771504
random_60,000000000000000000da,crop_loss,60,60,4.3381257832676425,10.042014489933797,4.3381257832676425,0.44908024382682094,0.32560971794408927,0.5677675089356964,0.2421577909916071
random_60,000000000000000000e9,crop_loss,60,60,9.15579087585331,3.998155741979618,3.998155741979618,0.4801237204301241,0.3773467504420399,0.5429515250809591,0.1656047746389192
random_60,0000000000000000011b,crop_loss,60,60,11.023109441884126,5.732890148240461,5.732890148240461,0.4907826849620831,0.4251217056076172,0.5450580044334046,0.11993629882578738
random_60,00000000000000000128,crop_loss,60,60,6.890803288089627,4.728318411636205,4.728318411636205,0.4239982974247296,0.3547171464618744,0.5002511342504885,0.1455339877886141
random_60,0000000000000000016c,crop_loss,60,60,9.088967178836361,6.106284467809948,6.106284467809948,0.5858396467384346,0.4975072270831021,0.6281722733870434,0.13066504630394132
random_60,00000000000000000192,crop_loss,60,60,6.500880076759412,9.33276583325143,6.500880076759412,0.43583323605521096,0.4006173363661659,0.4592559265756784,0.05863859020951245
random_60,00000000000000000196,crop_loss,60,60,9.687744925102233,3.594782863338043,3.594782863338043,0.4489252144409974,0.3673953125927578,0.5118253780052076,0.14443006541244974
random_60,000000000000000001a6,crop_loss,60,60,8.885274232084505,10.236089409850749,8.885274232084505,0.3260636678605315,0.2931316171371301,0.3816784197634776,0.08854680262634751
random_60,000000000000000001e4,crop_loss,60,60,6.856518499324246,6.362338784656248,6.362338784656248,0.5492595168136959,0.5051200515102585,0.5717931840138306,0.0666731325035721
random_60,000000000000000001f9,crop_loss,60,60,8.585167456095386,3.7176957071236796,3.7176957071236796,0.46390832235992135,0.40583743020288215,0.4966819207608396,0.09084449055795746
random_60,00000000000000000228,crop_loss,60,60,11.784319356872006,2.2828498346205413,2.2828498346205413,0.36777493946305523,0.286905435138004,0.45590475041795536,0.16899931527995138
random_60,00000000000000000281,crop_loss,60,60,8.633873133817758,11.110858818253075,8.633873133817758,0.6625289429750462,0.5815136520343688,0.7007687082940848,0.119255056259716
random_60,0000000000000000028c,crop_loss,60,48,9.244874571480091,4.668090896186911,4.668090896186911,0.5270355685525633,0.39971409976790323,0.5954144391748499,0.1957003394069467
random_60,0000000000000000028d,crop_loss,60,60,10.675506525835038,6.137375518199535,6.137375518199535,0.4461777180545155,0.3833633918772892,0.5143298098134701,0.1309664179361809
random_60,00000000000000000291,crop_loss,60,60,11.235006436794878,2.0236834090318037,2.0236834090318037,0.5102783737175882,0.3857682864539393,0.559989263788391,0.1742209773344517
random_60,000000000000000002c5,crop_loss,60,60,8.513391435853926,10.568991156655335,8.513391435853926,0.400252087810888,0.34871734574968605,0.4551360648518606,0.10641871910217454
random_60,000000000000000002cc,crop_loss,60,60,9.821322287048218,7.545615294031732,7.545615294031732,0.4262618064485629,0.40423846395836716,0.49909512606336365,0.09485666210499649
random_60,000000000000000002dc,crop_loss,60,60,8.627920719132291,9.375115350589677,8.627920719132291,0.47874323702130467,0.4311513222413776,0.5371791768510342,0.10602785460965664
random_60,000000000000000002e4,crop_loss,60,60,4.5840112105280575,11.823319411613424,4.5840112105280575,0.4918539231374587,0.4430196712453221,0.5396705197220414,0.09665084847671929
random_60,000000000000000002ec,crop_loss,60,60,7.317802840494215,11.761338385609456,7.317802840494215,0.5302564664935961,0.48411041609442973,0.5998698984768484,0.11575948238241862
random_60,00000000000000000314,crop_loss,60,60,8.194929898237316,6.736573761622123,6.736573761622123,0.3751320765880652,0.3556956680956337,0.40405598771046575,0.04836031961483206
random_60,0000000000000000033a,crop_loss,60,60,7.0313269430811145,10.068080309805529,7.0313269430811145,0.3935372035884582,0.3627545483610528,0.46055541846195935,0.09780087010090655
random_60,000000000000000003a2,crop_loss,60,60,5.262982815415354,11.451334796746947,5.262982815415354,0.3381900707362847,0.27097162602463487,0.4574703952246961,0.18649876920006125
random_60,000000000000000003b0,crop_loss,60,60,7.834765791829575,10.400063984133432,7.834765791829575,0.42170522949104866,0.35798818303054347,0.5105768440881395,0.15258866105759605
random_60,000000000000000003c7,crop_loss,60,60,9.917475277256319,1.4575875589886136,1.4575875589886136,0.4559603491555025,0.3711489251372088,0.6026272633856261,0.2314783382484173
random_60,000000000000000003c8,crop_loss,60,60,8.723335628519147,10.675482153369924,8.723335628519147,0.4117702829891177,0.38793116454718474,0.46302339784850766,0.07509223330132292
random_60,000000000000000003f2,crop_loss,60,60,8.594272680628556,8.005728696807298,8.005728696807298,0.5489239311881097,0.48447627063781007,0.6081228122072099,0.1236465415693998
random_60,0000000000000000046c,crop_loss,60,60,9.284166405096661,10.939636516614703,9.284166405096661,0.5279009898497868,0.4653457588206683,0.595324195486422,0.1299784366657537
random_60,00000000000000000480,crop_loss,60,60,11.02653290147474,1.9392363298849231,1.9392363298849231,0.5524909127940202,0.5270343004949307,0.5892582076416729,0.0622239071467422
random_60,00000000000000000483,crop_loss,60,60,12.036248374895447,4.4615219921814475,4.4615219921814475,0.43770298712677186,0.37510190981306135,0.49345515895337005,0.1183532491403087
random_60,00000000000000000485,crop_loss,60,60,9.773945392326437,5.478189677160025,5.478189677160025,0.5155034801322748,0.4611643522313916,0.55032747408115,0.08916312184975839
random_60,00000000000000000497,crop_loss,60,60,4.490443745505417,10.541096825590447,4.490443745505417,0.4037308704278496,0.34550587803933686,0.46877041663389823,0.12326453859456138
random_60,0000000000000000049b,crop_loss,60,60,8.593226450256061,8.197678341878703,8.197678341878703,0.38869900530308327,0.33122093680824577,0.4428172714414707,0.11159633463322494
random_60,000000000000000004a1,crop_loss,60,60,6.101278796592075,8.27559721542176,6.101278796592075,0.46396816612147024,0.42607813399553707,0.4974308511070213,0.07135271711148422
random_60,000000000000000004e7,crop_loss,60,60,8.336187060070746,3.341338802730211,3.341338802730211,0.376786145236855,0.31484486734685185,0.47656482013651946,0.1617199527896676
random_60,000000000000000004e9,crop_loss,60,60,8.52252957442345,7.9975400532317185,7.9975400532317185,0.41751503652077715,0.3637944441562887,0.4877271684588803,0.12393272430259161
random_60,000000000000000004f9,crop_loss,60,60,9.701632968092882,5.199559234660661,5.199559234660661,0.2822884136507494,0.17482952520020675,0.425967726473202,0.25113820127299524
random_60,00000000000000000517,crop_loss,60,60,11.657487267532133,1.2541615100512566,1.2541615100512566,0.18781734351035595,0.11732382338734401,0.24735546984542695,0.13003164645808293
random_60,00000000000000000538,crop_loss,60,60,8.53003253706525,1.3440906070734562,1.3440906070734562,0.18567720302757443,0.1566040354244659,0.21326732856213246,0.05666329313766655
random_60,0000000000000000057e,crop_loss,60,60,12.172263540079056,1.8556625442869978,1.8556625442869978,0.37745525319391393,0.3456819772213747,0.4018095966559725,0.056127619434597764
random_60,000000000000000005d1,crop_loss,60,60,9.905103340195703,7.905066621126902,7.905066621126902,0.37993764908446914,0.3289217622013447,0.4444081949993575,0.1154864327980128
random_60,00000000000000000611,crop_loss,60,60,9.75221194692826,8.958099918517325,8.958099918517325,0.3562130385386407,0.2868348656011568,0.45094061243771266,0.16410574683655588
random_60,0000000000000000062f,crop_loss,60,60,7.723508632936799,7.538944471195143,7.538944471195143,0.38171730591476066,0.2951851767650747,0.4624029321756573,0.1672177554105826
random_60,00000000000000000632,crop_loss,60,60,9.02986056476951,6.442511286602116,6.442511286602116,0.40575143565248056,0.37764061600536597,0.4560060911883029,0.0783654751829369
random_60,0000000000000000063e,crop_loss,60,60,6.273765811338445,10.828349406417487,6.273765811338445,0.3435603454661468,0.27953577392434703,0.3976780440617883,0.11814227013744127
random_60,00000000000000000655,crop_loss,60,60,11.056314832141089,4.034900420493279,4.034900420493279,0.32895063884869397,0.2210692708660791,0.44380308384187245,0.22273381297579334
random_60,00000000000000000697,crop_loss,60,60,8.570542832935486,10.87075643966185,8.570542832935486,0.4645098427194113,0.3981134740953369,0.5169522231505477,0.1188387490552108
random_60,00000000000000000698,crop_loss,60,60,4.815795276205281,10.429111558676802,4.815795276205281,0.36220151483851265,0.2372493179405169,0.4153525663213987,0.17810324838088182
random_60,000000000000000006a8,crop_loss,60,60,5.792370958856876,7.729484475739544,5.792370958856876,0.4540463952538413,0.3836580672821682,0.5195008912154885,0.13584282393332026
random_60,000000000000000006b4,crop_loss,60,60,10.981046269395835,8.075295557477618,8.075295557477618,0.4944333083394343,0.45235800111200875,0.5345973395532849,0.08223933844127618
random_60,000000000000000006be,crop_loss,60,60,8.724271624907516,4.78227160473806,4.78227160473806,0.37183860407441105,0.324309625457119,0.43416268145235554,0.10985305599523654
random_60,000000000000000006c0,crop_loss,60,60,11.633223939069172,1.4527289322577601,1.4527289322577601,0.1716868279205766,0.1371176269071848,0.2224270788980002,0.08530945199081541
random_60,000000000000000006cc,crop_loss,60,60,5.19708951820688,10.382809812124124,5.19708951820688,0.4822962559915834,0.45324840344299167,0.5194317847021835,0.06618338125919188
random_60,000000000000000006d9,crop_loss,60,60,7.364766673245485,11.383509196959066,7.364766673245485,0.4031001354616045,0.3310268464731552,0.45403527560112705,0.12300842912797183
random_60,000000000000000006e5,crop_loss,60,60,9.286197576640374,9.29184344635431,9.286197576640374,0.4761233321694166,0.4312359234981725,0.5380917700549772,0.10685584655680469
random_60,000000000000000002a4,built_loss,60,60,10.656832391729157,5.4300257460022445,5.4300257460022445,0.49588022457295766,0.364468108856214,0.5499068677147857,0.1854387588585717
random_60,0000000000000000002d,crop_loss,60,60,7.2050939295022,5.076952846823868,5.076952846823868,0.48169999687416376,0.4142281459327123,0.554542583559537,0.14031443762682472
random_60,000000000000000000e3,crop_loss,60,60,10.673510541282269,7.4218794556989565,7.4218794556989565,0.39683391652756617,0.18316377415767568,0.4438334438364184,0.2606696696787427
random_60,00000000000000000335,crop_loss,60,60,10.99820021984436,7.699879845785189,7.699879845785189,0.41059721811829636,0.3642660045652272,0.4650920199165305,0.10082601535130331
random_60,000000000000000003f1,crop_loss,60,60,8.280622259254274,9.147126779125996,8.280622259254274,0.4622615695298895,0.3816532829671026,0.5212759086570702,0.13962262568996758
random_60,0000000000000000044b,crop_loss,60,17,11.475371822130276,1.319845323228456,1.319845323228456,0.7601862415911539,0.7031412088124153,0.7826653781407958,0.07952416932838058
random_60,000000000000000006ce,crop_loss,60,60,9.07819809310236,4.140442172458773,4.140442172458773,0.4369845423489078,0.3387285091789615,0.5230575398904506,0.18432903071148904
random_60,000000000000000004ee,crop_loss,60,60,10.104745697773781,3.20905587143162,3.20905587143162,0.3376250900721177,0.22181665352330437,0.44484350412398427,0.2230268506006799
random_40,00000000000000000001,built_loss,40,40,8.735681097246276,2.4873882225490695,2.4873882225490695,0.43513406423892115,0.3788256769362189,0.5101966059102871,0.13137092897406827
random_40,00000000000000000049,built_loss,40,40,5.68807036354366,1.0514835608964928,1.0514835608964928,0.43709102690174106,0.37423377449854034,0.49609024611913083,0.12185647162059049
random_40,0000000000000000004a,built_loss,40,40,10.021626936988817,6.774256677781663,6.774256677781663,0.5354418784414362,0.45088589987689387,0.6271398146567052,0.17625391477981134
random_40,0000000000000000004f,built_loss,40,40,9.664497536652934,5.559185951411746,5.559185951411746,0.43365089693575665,0.350323189326379,0.4728477032324655,0.12252451390608649
random_40,0000000000000000005a,built_loss,40,40,7.197015068476859,3.4159619772662992,3.4159619772662992,0.35458185771673323,0.2789447937191494,0.41285856456895953,0.13391377084981015
random_40,00000000000000000079,built_loss,40,40,9.546696819831626,5.793238518912153,5.793238518912153,0.428916495178137,0.36729484444741217,0.5115693545750769,0.14427451012766473
random_40,00000000000000000085,built_loss,40,40,9.05489331833746,6.382604739070199,6.382604739070199,0.34208557460748673,0.2956405614244248,0.4755341219562325,0.17989356053180772
random_40,00000000000000000087,built_loss,40,40,6.2556787971745935,9.484805378864118,6.2556787971745935,0.5339702393355054,0.455865804798728,0.5867318510786805,0.13086604627995252
random_40,000000000000000000a1,built_loss,40,40,9.514179974417333,3.725869674646139,3.725869674646139,0.46570006616577925,0.3885103848066153,0.5206794768763218,0.13216909206970645
random_40,000000000000000000b8,built_loss,40,40,7.538972298853017,7.314234893861662,7.314234893861662,0.5399431262171772,0.49054198831411466,0.5655490212816795,0.07500703296756484
random_40,000000000000000000c0,built_loss,40,40,9.15236685737117,6.750887590679612,6.750887590679612,0.3703472033398508,0.3114991233416008,0.4331106999837436,0.12161157664214278
random_40,000000000000000000e2,built_loss,40,40,9.016820080626609,5.937689675145717,5.937689675145717,0.40895869210110847,0.3328412434996444,0.45977646151880175,0.12693521801915736
random_40,000000000000000000f0,built_loss,40,40,6.343471605940576,9.499797880410677,6.343471605940576,0.5372037789182865,0.40984140647291517,0.5705358704750558,0.16069446400214066
random_40,000000000000000000f8,built_loss,40,40,10.283746948379035,9.106831582600602,9.106831582600602,0.4893566202124039,0.4191479752761765,0.5597428533447866,0.1405948780686101
random_40,00000000000000000114,built_loss,40,40,8.133800565424972,5.636961760210034,5.636961760210034,0.4531725784713357,0.4033477436854142,0.5359177889167047,0.1325700452312905
random_40,0000000000000000011c,built_loss,40,40,10.096873468570013,1.92438764370829,1.92438764370829,0.464278586845728,0.4230895264274863,0.4951086580234265,0.0720191315959402
random_40,00000000000000000151,built_loss,40,40,10.86190826854609,1.7506041107033303,1.7506041107033303,0.46992898693606394,0.4033604705097748,0.5808322844947524,0.17747181398497763
random_40,00000000000000000161,built_loss,40,40,9.911269647412798,8.777465002070477,8.777465002070477,0.4933932678311378,0.41785376678659875,0.5606013859380432,0.14274761915144446
random_40,0000000000000000016a,built_loss,40,40,11.485245741043723,3.6702969472442892,3.6702969472442892,0.3545299522706314,0.3239288323603001,0.40996523633622856,0.08603640397592843
random_40,00000000000000000176,built_loss,40,40,8.470219556580258,4.8857696253039675,4.8857696253039675,0.5671255931078856,0.5237335935287482,0.611602959798552,0.0878693662698038
random_40,000000000000000001a8,built_loss,40,40,7.613638492816905,7.667744706648189,7.613638492816905,0.44696103479893284,0.35903946618083366,0.5381003085037523,0.1790608423229187
random_40,000000000000000001be,built_loss,40,13,8.63776338197818,1.7469745991834893,1.7469745991834893,0.7190951312244623,0.6764703939231338,0.7752017747217897,0.09873138079865595
random_40,000000000000000001cd,built_loss,40,40,9.511162679756172,9.983225335395506,9.511162679756172,0.5742387735976713,0.45397095967260487,0.6088034009387234,0.15483244126611856
random_40,000000000000000001e5,built_loss,40,40,9.376554011401804,4.429598029517122,4.429598029517122,0.41766433362636746,0.3564326732248337,0.5460692779491976,0.1896366047243639
random_40,00000000000000000206,built_loss,40,40,5.315325483386541,9.63910455723852,5.315325483386541,0.6443689658153814,0.5162692278978321,0.6958731819860038,0.17960395408817165
random_40,00000000000000000209,built_loss,40,40,8.56047279774541,5.545112642235301,5.545112642235301,0.5284544617717386,0.43263662919344936,0.6118644155632842,0.17922778636983483
random_40,00000000000000000231,built_loss,40,40,8.387486643221903,6.749106633886887,6.749106633886887,0.5345931031957549,0.4969872149057289,0.5871966928047754,0.09020947789904649
random_40,0000000000000000024c,built_loss,40,40,10.523874135697023,7.199614297209211,7.199614297209211,0.5069827671477037,0.429930483504318,0.5728884245957719,0.14295794109145393
random_40,0000000000000000026d,built_loss,40,40,9.007736889843423,8.329512365999264,8.329512365999264,0.47700853755545036,0.38788416463888215,0.5381267481714953,0.15024258353261316
random_40,00000000000000000278,built_loss,40,40,8.336813369177893,3.6286608512322616,3.6286608512322616,0.603401753401625,0.5314102298446363,0.7203139911749927,0.18890376133035647
random_40,00000000000000000293,built_loss,40,40,5.665553987923415,5.367058640891496,5.367058640891496,0.5426611997843613,0.499130723438543,0.6004475316787632,0.10131680824022021
random_40,00000000000000000316,built_loss,40,40,9.803584438846098,2.9717329607340237,2.9717329607340237,0.37400532730564423,0.3452737795347968,0.40823960613549615,0.06296582660069933
random_40,0000000000000000034d,built_loss,40,2,10.963296650438966,1.0139317834874892,1.0139317834874892,0.6453621574799413,0.5725642639380899,0.6939631673534358,0.12139890341534587
random_40,00000000000000000356,built_loss,40,40,10.668035657706051,4.5506753321376205,4.5506753321376205,0.5411862769409184,0.43506947770517673,0.6410757762289567,0.20600629852378
random_40,00000000000000000362,built_loss,40,40,4.850488570685485,8.784209762667093,4.850488570685485,0.4327740845061017,0.3752216608442057,0.5479253584469871,0.17270369760278137
random_40,00000000000000000363,built_loss,40,40,7.552649639469305,8.699272516428234,7.552649639469305,0.3983899266629616,0.33104143921136897,0.46691514311499266,0.1358737039036237
random_40,00000000000000000364,built_loss,40,40,10.20982466845041,4.043383305421159,4.043383305421159,0.3321047074300667,0.2889180514303669,0.38599558334111467,0.09707753191074775
random_40,00000000000000000375,built_loss,40,40,9.113960127132923,7.617360282105575,7.617360282105575,0.4571599276717798,0.4140753909598209,0.5168632176215575,0.10278782666173664
random_40,00000000000000000380,built_loss,40,40,11.025478702953906,3.6224706059988425,3.6224706059988425,0.4056095599349463,0.33402440515723514,0.47569913882580805,0.14167473366857292
random_40,00000000000000000384,built_loss,40,40,6.73328020834244,8.548393054502808,6.73328020834244,0.47054911056360266,0.4235371497850629,0.5218657141443647,0.09832856435930176
random_40,0000000000000000039e,built_loss,40,3,10.823934955030586,1.418912426132121,1.418912426132121,0.4923806297844269,0.3045684971344341,0.5570032846058046,0.2524347874713705
random_40,000000000000000003a1,built_loss,40,40,7.143837411282374,4.9994184308531,4.9994184308531,0.5503086446730352,0.4695644334924635,0.6265405338380307,0.15697610034556714
random_40,000000000000000003a5,built_loss,40,40,6.383252806734445,9.764003763042052,6.383252806734445,0.40899257148057366,0.3371404885977291,0.4644186193723997,0.1272781307746706
random_40,000000000000000003b7,built_loss,40,40,9.842851088643597,5.550216361079041,5.550216361079041,0.38364784299013277,0.3525952961539373,0.4797429318770908,0.12714763572315346
random_40,000000000000000003bf,built_loss,40,40,7.068518993377118,9.531505823934037,7.068518993377118,0.4161764765848712,0.32030644684031995,0.5060164890342852,0.18571004219396525
random_40,000000000000000003d2,built_loss,40,40,7.436160219303576,5.876233599987655,5.876233599987655,0.5730754563275914,0.5092148016440712,0.6556037364768119,0.14638893483274074
random_40,000000000000000003f8,built_loss,40,40,9.049222825703302,4.400798217240029,4.400798217240029,0.38524724865576815,0.33471012403990413,0.4249091310622074,0.09019900702230327
random_40,000000000000000003fa,built_loss,40,40,7.28514258863608,7.374743520592894,7.28514258863608,0.44864131250692796,0.371411237105239,0.5546085551523071,0.18319731804706813
random_40,00000000000000000407,built_loss,40,40,10.540360586460324,9.035446741679934,9.035446741679934,0.49799108059121483,0.42641105703116333,0.568729293836236,0.14231823680507272
random_40,0000000000000000040f,built_loss,40,40,7.888585548056765,8.243342025228632,7.888585548056765,0.3488657022255394,0.3143315489914336,0.39241393042368516,0.07808238143225155
random_40,00000000000000000426,built_loss,40,40,9.020332106960991,7.15561384077227,7.15561384077227,0.4265626566171445,0.38033936626430764,0.4801323273964666,0.09979296113215896
random_40,0000000000000000042b,built_loss,40,40,8.686361006980421,9.231265560944848,8.686361006980421,0.4206785422840959,0.34234651848994574,0.4798627956032422,0.13751627711329645
random_40,00000000000000000442,built_loss,40,40,10.164250174762996,3.4369366112773787,3.4369366112773787,0.3909744950382836,0.2956902860139797,0.45486494525851806,0.15917465924453839
random_40,00000000000000000465,built_loss,40,40,10.43935607048969,5.942619081895177,5.942619081895177,0.5429668153749303,0.45654646411696287,0.6019126226498954,0.14536615853293255
random_40,0000000000000000047e,built_loss,40,40,9.657951290985341,6.758768727376238,6.758768727376238,0.47223107162560485,0.43198926841588603,0.5332535584553495,0.10126429003946347
random_40,00000000000000000490,built_loss,40,40,7.247240713915135,10.649946939395246,7.247240713915135,0.41142781183825117,0.3323431825571033,0.47758777711241834,0.14524459455531502
random_40,000000000000000004c0,built_loss,40,40,7.9572233696943195,10.395618448089406,7.9572233696943195,0.4427689699209392,0.363557539149062,0.4988296739461715,0.13527213479710948
random_40,000000000000000004c5,built_loss,40,40,7.935283628339621,7.540929557738219,7.540929557738219,0.51658925081991,0.4712661018464866,0.5714374067751006,0.10017130492861398
random_40,000000000000000004d2,built_loss,40,40,9.652259896926722,9.079975843903101,9.079975843903101,0.5234460979961735,0.46677706898377685,0.5939765736217717,0.12719950463799484
random_40,000000000000000004d9,built_loss,40,40,8.651961073012362,6.484587811931819,6.484587811931819,0.4161583869681266,0.34630300540831166,0.5034793361372294,0.15717633072891773
random_40,000000000000000004eb,built_loss,40,40,7.7804424712137905,8.441835348647002,7.7804424712137905,0.3844735682878553,0.34217928561772776,0.46098317336554673,0.11880388774781897
random_40,000000000000000004f5,built_loss,40,40,7.324855464456376,10.503609638699833,7.324855464456376,0.4984282581713308,0.43121232889706773,0.5704165379454292,0.1392042090483615
random_40,000000000000000004f7,built_loss,40,40,10.701585727139273,4.744830959836099,4.744830959836099,0.47409625628193763,0.40707861604345974,0.5263021981918198,0.11922358214836004
random_40,000000000000000004fe,built_loss,40,40,11.639293350366737,9.049136868431521,9.049136868431521,0.4254076150537735,0.37897216463991656,0.5027461402971943,0.12377397565727777
random_40,0000000000000000051d,built_loss,40,40,10.002583769716558,4.1754026620464675,4.1754026620464675,0.4213339405548009,0.33578283346709786,0.5484327374169,0.21264990394980215
random_40,00000000000000000559,built_loss,40,40,8.764766251789215,8.383315958668785,8.383315958668785,0.4312522097923099,0.35559668965482183,0.5086200736769437,0.1530233840221219
random_40,00000000000000000576,built_loss,40,40,6.595311842375647,7.683931457409607,6.595311842375647,0.41435954112388546,0.34601003060219065,0.4786411186060891,0.13263108800389845
random_40,00000000000000000577,built_loss,40,40,7.447768359532827,8.521810768435385,7.447768359532827,0.46088170375428594,0.38583703247348755,0.5408265116528131,0.1549894791793256
random_40,0000000000000000057f,built_loss,40,40,5.310196614406307,2.750807601280019,2.750807601280019,0.3629511194520207,0.3232921332192167,0.46305234521805416,0.13976021199883748
random_40,00000000000000000594,built_loss,40,40,10.801641986391903,3.3772187916683567,3.3772187916683567,0.47354799171906997,0.3619368872278707,0.5632652559122691,0.20132836868439835
random_40,000000000000000005ad,built_loss,40,40,9.802296517774996,7.971745522636565,7.971745522636565,0.5116647238088279,0.4416765711342885,0.5827849917725227,0.14110842063823426
random_40,000000000000000005bd,built_loss,40,40,7.436897969649337,1.373396906398394,1.373396906398394,0.36487962110747385,0.32767622206820907,0.41147182141261673,0.08379559934440767
random_40,000000000000000005bf,built_loss,40,40,7.845371277922009,3.498818414697405,3.498818414697405,0.35434282904290626,0.30911263628118657,0.39860158406573876,0.08948894778455219
random_40,000000000000000005cc,built_loss,40,40,7.996186522412866,2.966142165578671,2.966142165578671,0.38757164181025605,0.34526919868119993,0.4758975064887545,0.13062830780755458
random_40,000000000000000005de,built_loss,40,40,6.744501411099752,5.98829268618429,5.98829268618429,0.4740560623851141,0.42694429417479324,0.5498312876576288,0.12288699348283555
random_40,000000000000000005e7,built_loss,40,40,8.802546129847975,8.127425886772564,8.127425886772564,0.4652784625421666,0.3978234587051922,0.5311337778656573,0.1333103191604651
random_40,000000000000000005f9,built_loss,40,40,10.671090514125526,5.929365666818179,5.929365666818179,0.5324106438493014,0.47875746700187133,0.5945959900038477,0.11583852300197633
random_40,0000000000000000061c,built_loss,40,40,10.356234922423756,3.4269616349766228,3.4269616349766228,0.45448738001950084,0.3709793985282838,0.508216942566939,0.13723754403865512
random_40,00000000000000000624,built_loss,40,40,6.342772662483488,4.958744202437803,4.958744202437803,0.5396610379252101,0.47331973735348426,0.5927824625965674,0.11946272524308316
random_40,00000000000000000626,built_loss,40,40,5.543585979390412,6.642086559105219,5.543585979390412,0.33576433022471985,0.29834615904773876,0.3879875442506318,0.08964138520289305
random_40,0000000000000000062a,built_loss,40,40,11.558943606175305,5.521769636811936,5.521769636811936,0.5378121984041334,0.469076555455613,0.5713868839029005,0.10231032844728749
random_40,00000000000000000636,built_loss,40,40,8.841127587105829,2.746828413544435,2.746828413544435,0.4372930956393575,0.32257390703487737,0.5347163940017537,0.21214248696687638
random_40,0000000000000000064a,built_loss,40,40,10.727561691780013,6.5387106275230265,6.5387106275230265,0.4469208475225331,0.3417031793449184,0.512065579939311,0.17036240059439262
random_40,0000000000000000064d,built_loss,40,40,10.682863101091126,5.473400537801778,5.473400537801778,0.452587773356346,0.4085111755931418,0.47384304904383684,0.06533187345069502
random_40,00000000000000000694,built_loss,40,40,8.82794579687461,5.751948879932787,5.751948879932787,0.435302142683977,0.3934936175908895,0.47045746170519187,0.07696384411430235
random_40,0000000000000000069d,built_loss,40,40,7.8896254196328846,7.292139071711114,7.292139071711114,0.49236782348072733,0.4561212074856842,0.5568128789556919,0.10069167147000768
random_40,000000000000000006b7,built_loss,40,40,4.963456283031992,8.079490681369712,4.963456283031992,0.369078456944639,0.3268005998904541,0.4815177384364964,0.1547171385460423
random_40,000000000000000006df,built_loss,40,40,10.32264954156689,2.9495922046814003,2.9495922046814003,0.44101015584243203,0.3786970904293679,0.49114034702720655,0.11244325659783866
random_40,000000000000000006e3,built_loss,40,40,10.701127380434857,4.603796335634851,4.603796335634851,0.3555162823834344,0.3267877765029681,0.40776329234317377,0.08097551584020568
random_40,00000000000000000011,crop_loss,40,40,10.580437021696218,7.245226231323841,7.245226231323841,0.41737619432772965,0.2891898609320622,0.4999996730699334,0.2108098121378712
random_40,0000000000000000002b,crop_loss,40,40,9.0003025332279,5.66557983286564,5.66557983286564,0.4842244422412793,0.36759925241457836,0.5845901274322551,0.21699087501767678
random_40,0000000000000000003a,crop_loss,40,40,7.0353929229047445,9.181615092611127,7.0353929229047445,0.4188609236100441,0.30611445589364694,0.5253068178828483,0.21919236198920133
random_40,0000000000000000009b,crop_loss,40,40,6.5557995782533105,4.482227703540019,4.482227703540019,0.43156888922968706,0.34380877433064183,0.5185139407701705,0.17470516643952871
random_40,0000000000000000009d,crop_loss,40,40,10.518716140962768,3.600036861429447,3.600036861429447,0.4765189139830614,0.4090136648469843,0.53831739889539,0.12930373404840567
random_40,000000000000000000a8,crop_loss,40,40,5.2923732580051395,7.999756565271061,5.2923732580051395,0.34522149229873716,0.32069661418743334,0.4643760691437971,0.14367945495636375
random_40,000000000000000000da,crop_loss,40,40,5.13797950683861,10.157073206063398,5.13797950683861,0.38431079181837635,0.29466093420663236,0.4524515411014452,0.15779060689481283
random_40,000000000000000000e9,crop_loss,40,40,9.429109908997379,4.561434671432727,4.561434671432727,0.46332811083593667,0.35780433982479126,0.5573614483043703,0.19955710847957903
random_40,0000000000000000011b,crop_loss,40,40,12.387451894211356,5.181701776012394,5.181701776012394,0.5068007236487423,0.4462260682248142,0.5611297507962123,0.1149036825713981
random_40,00000000000000000128,crop_loss,40,40,4.7444112431744205,4.5353740845075246,4.5353740845075246,0.45843021960738295,0.38308575526392535,0.564501228378774,0.18141547311484868
random_40,0000000000000000016c,crop_loss,40,40,9.230499832466945,5.582523897728571,5.582523897728571,0.5331889143929818,0.4307926637285943,0.6071422641813773,0.17634960045278297
random_40,00000000000000000192,crop_loss,40,40,6.61231572586066,8.609973617102234,6.61231572586066,0.40890484823246487,0.3654452401628327,0.4503054663555448,0.08486022619271211
random_40,00000000000000000196,crop_loss,40,40,8.763553614448131,2.9651454013108305,2.9651454013108305,0.4817777834397103,0.3888884525603956,0.5329277778373683,0.14403932527697272
random_40,000000000000000001a6,crop_loss,40,40,7.998560469556485,9.370681288098488,7.998560469556485,0.3582532843809557,0.3103011502566367,0.4441313528667743,0.13383020261013762
random_40,000000000000000001e4,crop_loss,40,40,6.810964491472258,5.31528820213102,5.31528820213102,0.5172479779518653,0.4755362822832105,0.5626013005345343,0.08706501825132379
random_40,000000000000000001f9,crop_loss,40,40,8.56920318018556,3.9441151736451383,3.9441151736451383,0.4660414799258598,0.3888713856094095,0.49421242500714413,0.10534103939773465
random_40,00000000000000000228,crop_loss,40,40,11.193433493229909,2.7508526215894076,2.7508526215894076,0.34757369847245706,0.2881451780329951,0.47642686105935506,0.18828168302635995
random_40,00000000000000000281,crop_loss,40,40,8.333915035453042,10.634389553568473,8.333915035453042,0.6449415550961884,0.5300808650189807,0.6931048801507117,0.16302401513173104
random_40,0000000000000000028c,crop_loss,40,40,8.94505596777126,4.474440108218956,4.474440108218956,0.5238871482637836,0.4006598373181078,0.6092996761195831,0.20863983880147535
random_40,0000000000000000028d,crop_loss,40,40,9.869800077246468,4.274923516085982,4.274923516085982,0.4552008469432303,0.3453009658597124,0.5458318154725831,0.20053084961287065
random_40,00000000000000000291,crop_loss,40,40,10.614448131817868,2.156548014941702,2.156548014941702,0.44222841408952474,0.33853507980955916,0.5364355605362217,0.1979004807266625
random_40,000000000000000002c5,crop_loss,40,40,8.813809603545668,9.828851705301126,8.813809603545668,0.3700962433986183,0.3142833513127545,0.443893244791128,0.12960989347837354
random_40,000000000000000002cc,crop_loss,40,40,9.096667283159176,6.76478672826845,6.76478672826845,0.43858280872608607,0.38620506742823774,0.4800880721226908,0.09388300469445304
random_40,000000000000000002dc,crop_loss,40,40,8.279258145504706,8.381046072976524,8.279258145504706,0.48096506890322815,0.4258720421652707,0.5491558288812686,0.12328378671599788
random_40,000000000000000002e4,crop_loss,40,40,3.903467405571282,10.045491518070992,3.903467405571282,0.5167237250702733,0.4754586903594674,0.5773694194026732,0.10191072904320575
random_40,000000000000000002ec,crop_loss,40,40,7.600324803496181,11.303355375318755,7.600324803496181,0.5275188187190881,0.4753409696737172,0.6262429572785952,0.15090198760487805
random_40,00000000000000000314,crop_loss,40,40,8.690563121259425,6.491505908585603,6.491505908585603,0.34706865597432696,0.3144963590939617,0.3995594435460773,0.08506308445211563
random_40,0000000000000000033a,crop_loss,40,40,5.635696333102796,10.090903743092042,5.635696333102796,0.3973671975252763,0.35857571501426533,0.459930502195053,0.10135478718078766
random_40,000000000000000003a2,crop_loss,40,40,5.34263417088896,9.053055556447182,5.34263417088896,0.4468506056803822,0.32291695612441496,0.6061979815589518,0.2832810254345368
random_40,000000000000000003b0,crop_loss,40,40,6.759975734286316,9.339687921057944,6.759975734286316,0.394111584770165,0.32361963767882723,0.5345797111120231,0.21096007343319584
random_40,000000000000000003c7,crop_loss,40,40,9.164567650492318,1.4463955816587781,1.4463955816587781,0.467356289278929,0.373349744179737,0.5922947042775478,0.21894496009781084
random_40,000000000000000003c8,crop_loss,40,40,9.098938522254619,9.176907582368457,9.098938522254619,0.46177005771926916,0.4039652613739471,0.500414925776117,0.0964496644021699
random_40,000000000000000003f2,crop_loss,40,40,9.118320067769385,8.194502519725303,8.194502519725303,0.5433389558981874,0.49416384602636854,0.5832942377331496,0.08913039170678105
random_40,0000000000000000046c,crop_loss,40,40,8.918757715708715,9.887347819507305,8.918757715708715,0.5495232830562916,0.4694318459840403,0.6321159725934488,0.16268412660940845
random_40,00000000000000000480,crop_loss,40,40,9.991856878140991,1.6490509540414602,1.6490509540414602,0.5413291964041808,0.5187953661292598,0.5793341832178102,0.060538817088550356
random_40,00000000000000000483,crop_loss,40,40,11.601684995926728,4.670465694922163,4.670465694922163,0.4271581165875844,0.3709388500736772,0.48768464728393796,0.11674579721026074
random_40,00000000000000000485,crop_loss,40,40,8.524129571299277,5.510878894819733,5.510878894819733,0.4851510779848822,0.345461332874482,0.5448419710148604,0.19938063814037843
random_40,00000000000000000497,crop_loss,40,40,3.2284763740017004,10.482476456924214,3.2284763740017004,0.3387591333296231,0.27324804895071997,0.43585881233928897,0.162610763388569
random_40,0000000000000000049b,crop_loss,40,40,7.778860237793526,7.439615869251776,7.439615869251776,0.41375800411616825,0.3473395419900961,0.4870404907739961,0.1397009487839
random_40,000000000000000004a1,crop_loss,40,40,5.989699758755471,7.9468931368502265,5.989699758755471,0.4837019680401651,0.42409167611379356,0.5316047917320329,0.10751311561823934
random_40,000000000000000004e7,crop_loss,40,40,7.065391067884715,3.6462490177878553,3.6462490177878553,0.3800854653891875,0.2921463363238915,0.4846216473537325,0.192475311029841
random_40,000000000000000004e9,crop_loss,40,40,8.43648804834243,9.550715662449068,8.43648804834243,0.424193801537444,0.3622557024620422,0.5111235674408041,0.14886786497876192
random_40,000000000000000004f9,crop_loss,40,40,9.194927074483592,5.767810001938837,5.767810001938837,0.29098884246677287,0.15530986482856793,0.4316081300017389,0.276298265173171
random_40,00000000000000000517,crop_loss,40,40,9.487031915718815,1.232089765758419,1.232089765758419,0.1995117407240355,0.13178526592194287,0.2592472996249684,0.12746203370302553
random_40,00000000000000000538,crop_loss,40,40,7.956154814136433,1.2135236944525494,1.2135236944525494,0.1559086815068577,0.12274416306392788,0.21964760803488334,0.09690344497095546
random_40,0000000000000000057e,crop_loss,40,40,10.597711125376332,2.0914435503723627,2.0914435503723627,0.3785710697111217,0.3473138888574433,0.44422427789097263,0.09691038903352933
random_40,000000000000000005d1,crop_loss,40,40,9.056426055666273,7.022585640871503,7.022585640871503,0.4216274253206856,0.35288399339181004,0.48622251043953935,0.1333385170477293
random_40,00000000000000000611,crop_loss,40,40,10.330769391846902,6.757401240880364,6.757401240880364,0.5061247318774147,0.36623582839861407,0.6226849405248995,0.25644911212628546
random_40,0000000000000000062f,crop_loss,40,40,7.802871131601215,7.489130011862422,7.489130011862422,0.3857003580484838,0.27293140064657195,0.505729677355177,0.2327982767086051
random_40,00000000000000000632,crop_loss,40,40,7.949299396788472,6.014626104694389,6.014626104694389,0.4259423866826514,0.3750694159867355,0.5328891352693004,0.15781971928256489
random_40,0000000000000000063e,crop_loss,40,40,5.6612141250556025,9.723871176184756,5.6612141250556025,0.35338531169499215,0.2502836766701949,0.44420711882320957,0.19392344215301466
random_40,00000000000000000655,crop_loss,40,40,8.795894747402977,3.8370697596111083,3.8370697596111083,0.3197002242298291,0.189302177583686,0.4548879429208669,0.26558576533718087
random_40,00000000000000000697,crop_loss,40,40,9.226845420527484,8.999178896283079,8.999178896283079,0.4838908192018854,0.4148949094096364,0.5325214531392856,0.11762654372964915
random_40,00000000000000000698,crop_loss,40,40,3.9060456365645226,9.952025975114214,3.9060456365645226,0.2509496470706807,0.2087942572943119,0.3866705771142684,0.1778763198199565
random_40,000000000000000006a8,crop_loss,40,40,6.765256475968439,8.32453336118311,6.765256475968439,0.4520290567553477,0.36693134825305196,0.5186531297725164,0.15172178151946447
random_40,000000000000000006b4,crop_loss,40,40,7.883932315394891,7.015346770179885,7.015346770179885,0.5328540480040234,0.4841459182348888,0.5847819683117356,0.10063605007684678
random_40,000000000000000006be,crop_loss,40,40,7.638506026226179,4.317079543695656,4.317079543695656,0.3664512395873851,0.26492148679739963,0.47613018234775356,0.21120869555035393
random_40,000000000000000006c0,crop_loss,40,40,10.332571833531409,1.3803165059442555,1.3803165059442555,0.20373820740063217,0.157786345254834,0.2787022619990428,0.12091591674420879
random_40,000000000000000006cc,crop_loss,40,40,6.731129827660424,9.446439094001025,6.731129827660424,0.5019672673044104,0.46287894034702265,0.5412578206513918,0.07837888030436918
random_40,000000000000000006d9,crop_loss,40,40,7.197151393327302,10.718364502651312,7.197151393327302,0.4108008172896136,0.31096477459983757,0.4691640377887159,0.15819926318887834
random_40,000000000000000006e5,crop_loss,40,40,9.583400349755559,7.857376948790279,7.857376948790279,0.4384179944361658,0.3597600903091187,0.5412158584074842,0.1814557680983655
random_40,000000000000000002a4,built_loss,40,40,10.18420308166067,6.282248827858388,6.282248827858388,0.42819508976228104,0.32394648327704106,0.5248791701871235,0.20093268691008243
random_40,0000000000000000002d,crop_loss,40,40,6.782302595180728,4.472535439425638,4.472535439425638,0.4481790675089862,0.3691625115417172,0.544396493463468,0.17523398192175077
random_40,000000000000000000e3,crop_loss,40,40,10.706065129757944,7.711136551111106,7.711136551111106,0.42213256622250084,0.3000553677587486,0.4733336096011639,0.1732782418424153
random_40,00000000000000000335,crop_loss,40,40,8.533066451490509,5.755457360585389,5.755457360585389,0.4141756876094908,0.3527288888997719,0.47774879759841843,0.12501990869864654
random_40,000000000000000003f1,crop_loss,40,40,7.722179523864845,8.776425640050874,7.722179523864845,0.44888610027366715,0.3823103954945072,0.5313723853622996,0.1490619898677924
random_40,0000000000000000044b,crop_loss,40,17,11.654484590855045,1.319845323228456,1.319845323228456,0.7529214046742728,0.6692401644347129,0.7829226082135774,0.1136824437788645
random_40,000000000000000006ce,crop_loss,40,40,8.479283338062663,4.108106775753282,4.108106775753282,0.43820800120729103,0.32492765425661,0.5539775959683458,0.22904994171173582
random_40,000000000000000004ee,crop_loss,40,40,9.86065500032428,4.214690682274283,4.214690682274283,0.5315872564385868,0.4359725679195813,0.6935029895194967,0.25753042159991546
feature_diverse_60,00000000000000000001,built_loss,60,60,10.257986542761369,3.3057774674025575,3.3057774674025575,0.4507871265869897,0.4022828647327022,0.48695859900933963,0.08467573427663744
feature_diverse_60,00000000000000000049,built_loss,60,60,7.0410700046785495,1.0959628599109523,1.0959628599109523,0.41916033588693125,0.3623712655735505,0.48469920730943916,0.12232794173588868
feature_diverse_60,0000000000000000004a,built_loss,60,60,10.670087622886626,8.404930441014132,8.404930441014132,0.4552918413009456,0.38412661792768493,0.5304046942647342,0.1462780763370493
feature_diverse_60,0000000000000000004f,built_loss,60,60,9.623371164373765,6.296908015769958,6.296908015769958,0.4058083615647792,0.3580586398983942,0.4440837621479516,0.08602512224955738
feature_diverse_60,0000000000000000005a,built_loss,60,60,9.128872819830011,4.314516198008453,4.314516198008453,0.384569823235609,0.31623563108171066,0.42467119333460357,0.10843556225289291
feature_diverse_60,00000000000000000079,built_loss,60,60,9.890254700909125,7.512093160904865,7.512093160904865,0.3926959250057268,0.3460088376162104,0.4628755590981579,0.11686672148194754
feature_diverse_60,00000000000000000085,built_loss,60,60,10.390749477379096,8.186962223777762,8.186962223777762,0.40353300393550756,0.32403211353235084,0.48740833497063896,0.16337622143828812
feature_diverse_60,00000000000000000087,built_loss,60,60,7.4072898708775305,11.387932653189175,7.4072898708775305,0.5235117552985787,0.4550097091886106,0.5865668041043064,0.13155709491569578
feature_diverse_60,000000000000000000a1,built_loss,60,60,10.104533969149685,5.1054601583030506,5.1054601583030506,0.42574611875278096,0.39453134437482296,0.5128817612282868,0.11835041685346381
feature_diverse_60,000000000000000000b8,built_loss,60,60,9.997830254344752,7.599109118208965,7.599109118208965,0.5084243480948386,0.4824582639741359,0.5527410683228409,0.07028280434870499
feature_diverse_60,000000000000000000c0,built_loss,60,60,10.00754666507586,7.588364037664359,7.588364037664359,0.4460798034199606,0.39563693034231673,0.4821549849231975,0.0865180545808808
feature_diverse_60,000000000000000000e2,built_loss,60,60,11.730780289163988,6.465994855238975,6.465994855238975,0.4378971877842497,0.38730498824536735,0.49129092822856385,0.1039859399831965
feature_diverse_60,000000000000000000f0,built_loss,60,60,8.248339909918194,11.630035894818096,8.248339909918194,0.5140365371185635,0.4067236415452762,0.5667976734813024,0.1600740319360262
feature_diverse_60,000000000000000000f8,built_loss,60,60,11.068445517203509,10.400347216547779,10.400347216547779,0.4612061760231933,0.4032346398336214,0.5263722874628813,0.12313764762925994
feature_diverse_60,00000000000000000114,built_loss,60,60,10.225246165801618,6.922426133550144,6.922426133550144,0.452908519700268,0.38542052339915167,0.514761410595374,0.12934088719622228
feature_diverse_60,0000000000000000011c,built_loss,60,60,11.174998057177433,1.7928461001614235,1.7928461001614235,0.4696012799389337,0.4450199069569104,0.5048964747552667,0.05987656779835626
feature_diverse_60,00000000000000000151,built_loss,60,60,12.058655129015769,1.7948121928164562,1.7948121928164562,0.4509252437843551,0.4142754414213036,0.5261499118473848,0.11187447042608117
feature_diverse_60,00000000000000000161,built_loss,60,60,10.834842921160407,10.211764282429503,10.211764282429503,0.4440754380476145,0.3842208739128341,0.5087221620094445,0.12450128809661043
feature_diverse_60,0000000000000000016a,built_loss,60,60,11.252272624520943,3.9129086971662823,3.9129086971662823,0.41862223770236284,0.3783566983006286,0.45686660647361044,0.07850990817298181
feature_diverse_60,00000000000000000176,built_loss,60,60,9.124423329712348,5.583272582205564,5.583272582205564,0.5585017700441021,0.5267979279325323,0.6295805272529231,0.1027825993203908
feature_diverse_60,000000000000000001a8,built_loss,60,60,8.831654753156789,8.218152934355173,8.218152934355173,0.4834520265668417,0.44743592315335756,0.5584354300059755,0.11099950685261795
feature_diverse_60,000000000000000001be,built_loss,60,13,9.919710167401112,1.7469745991834893,1.7469745991834893,0.6824865896016257,0.6463064156428034,0.734690947877399,0.08838453223459553
feature_diverse_60,000000000000000001cd,built_loss,60,60,10.328418144760102,9.710286853590896,9.710286853590896,0.6081587390241022,0.5404910651574244,0.6521246224191439,0.11163355726171953
feature_diverse_60,000000000000000001e5,built_loss,60,60,9.772700751263361,4.936929469320249,4.936929469320249,0.4775088796657194,0.3976711435684726,0.5445020859874078,0.14683094241893518
feature_diverse_60,00000000000000000206,built_loss,60,60,6.497406877758743,11.185956537711723,6.497406877758743,0.6476574965964622,0.5590555807226296,0.763668134790172,0.20461255406754242
feature_diverse_60,00000000000000000209,built_loss,60,60,10.21546303529849,7.223380017269656,7.223380017269656,0.5095521679519727,0.45329587608886535,0.5969628339410135,0.1436669578521481
feature_diverse_60,00000000000000000231,built_loss,60,60,9.30849403761305,7.267585204732514,7.267585204732514,0.5305861130498926,0.47251720947921727,0.5910417742168023,0.11852456473758499
feature_diverse_60,0000000000000000024c,built_loss,60,60,11.864650029631678,7.014506747625992,7.014506747625992,0.5229796361920152,0.48320141436380265,0.5896541297336785,0.10645271536987583
feature_diverse_60,0000000000000000026d,built_loss,60,60,10.925785695413404,9.465532442127557,9.465532442127557,0.4700404921048905,0.42701556359588355,0.533685193141569,0.10666962954568548
feature_diverse_60,00000000000000000278,built_loss,60,60,9.711424359768314,5.102003756845392,5.102003756845392,0.5658515310168543,0.505519457578053,0.6014807135680198,0.09596125598996674
feature_diverse_60,00000000000000000293,built_loss,60,60,6.376013870174028,5.9896298127407945,5.9896298127407945,0.5245622396534285,0.4806979199864928,0.5742597042002187,0.09356178421372585
feature_diverse_60,00000000000000000316,built_loss,60,60,9.570316653280534,3.1712167847154475,3.1712167847154475,0.4345307806735434,0.38151962157743363,0.4747433684546056,0.09322374687717194
feature_diverse_60,0000000000000000034d,built_loss,60,2,12.268846385588924,1.0139317834874892,1.0139317834874892,0.6060533736120046,0.5462087013318399,0.6668623279687901,0.12065362663695023
feature_diverse_60,00000000000000000356,built_loss,60,60,10.44673733535199,5.335033831613099,5.335033831613099,0.4580082019750035,0.37730624785642186,0.5553024487225219,0.17799620086610002
feature_diverse_60,00000000000000000362,built_loss,60,60,5.095364284304053,10.551492357267453,5.095364284304053,0.507650756484871,0.4338117256352935,0.6150880023822818,0.18127627674698826
feature_diverse_60,00000000000000000363,built_loss,60,60,9.838816315798494,9.974455744626303,9.838816315798494,0.4678610639579884,0.38463117522781726,0.5457254540004066,0.16109427877258936
feature_diverse_60,00000000000000000364,built_loss,60,60,9.825348397805454,4.170662909284499,4.170662909284499,0.38678411399456447,0.33725642421396207,0.4629159720786047,0.12565954786464262
feature_diverse_60,00000000000000000375,built_loss,60,60,8.889298995984406,7.636865589788195,7.636865589788195,0.4545311365195387,0.37327766729670314,0.4959626899795599,0.12268502268285675
feature_diverse_60,00000000000000000380,built_loss,60,60,12.153304634721717,4.434744289502045,4.434744289502045,0.41892346336660746,0.33712585726144656,0.46576017947936166,0.1286343222179151
feature_diverse_60,00000000000000000384,built_loss,60,60,8.414574818241352,8.64462432469636,8.414574818241352,0.4630372950263092,0.41365113443458346,0.5048976879635398,0.09124655352895639
feature_diverse_60,0000000000000000039e,built_loss,60,3,10.601062413427721,1.418912426132121,1.418912426132121,0.4939433618960352,0.306044519852917,0.568694039896481,0.26264952004356407
feature_diverse_60,000000000000000003a1,built_loss,60,60,6.556637942780501,3.4157004681073477,3.4157004681073477,0.5604472408313875,0.5056242668313715,0.6178641374070621,0.11223987057569063
feature_diverse_60,000000000000000003a5,built_loss,60,60,8.271242903857754,10.947031176205027,8.271242903857754,0.4573182017501195,0.3916816216351865,0.49885944861745124,0.10717782698226475
feature_diverse_60,000000000000000003b7,built_loss,60,60,10.747682985202768,5.835473103262361,5.835473103262361,0.49695338617205,0.43827426680922343,0.547805712002775,0.10953144519355151
feature_diverse_60,000000000000000003bf,built_loss,60,60,9.667320249041376,10.150333886482418,9.667320249041376,0.4151839529452192,0.3786330542772941,0.497466272490082,0.11883321821278792
feature_diverse_60,000000000000000003d2,built_loss,60,60,7.576187315937161,5.8160769271214265,5.8160769271214265,0.5529568676451925,0.47461897543771187,0.6367015009293783,0.1620825254916664
feature_diverse_60,000000000000000003f8,built_loss,60,60,10.012311104255941,4.957376828746109,4.957376828746109,0.3971302509351015,0.3608143225114734,0.44009179601420767,0.07927747350273429
feature_diverse_60,000000000000000003fa,built_loss,60,60,8.79412668223381,7.896214274204487,7.896214274204487,0.4353604501371302,0.3778731968706089,0.5271019076816893,0.1492287108110804
feature_diverse_60,00000000000000000407,built_loss,60,60,10.263406523829337,9.03295183719674,9.03295183719674,0.4819286946097404,0.4278878601226307,0.5429934176407084,0.11510555751807772
feature_diverse_60,0000000000000000040f,built_loss,60,60,7.056678737429963,8.503990565489397,7.056678737429963,0.36940369464297074,0.321651098771001,0.4116989596788823,0.0900478609078813
feature_diverse_60,00000000000000000426,built_loss,60,60,9.95438982306246,7.2835387378964915,7.2835387378964915,0.43528527278362517,0.39276329876103044,0.4726384606764857,0.07987516191545524
feature_diverse_60,0000000000000000042b,built_loss,60,60,8.601893315361954,11.108511461785945,8.601893315361954,0.4105250909509403,0.36057633712332493,0.4643351152882602,0.10375877816493528
feature_diverse_60,00000000000000000442,built_loss,60,60,10.756121430959618,4.523854680076364,4.523854680076364,0.4118512667613995,0.35500782783399165,0.5083774111144973,0.15336958328050565
feature_diverse_60,00000000000000000465,built_loss,60,60,10.98671108566817,7.359139384130301,7.359139384130301,0.5627087199220479,0.4889049394371519,0.6173790746429005,0.12847413520574863
feature_diverse_60,0000000000000000047e,built_loss,60,60,11.679037973830267,6.37138698017514,6.37138698017514,0.5039208108631538,0.43154701079795504,0.5537494377509292,0.12220242695297417
feature_diverse_60,00000000000000000490,built_loss,60,60,9.184549687354554,11.490069537323675,9.184549687354554,0.49707888174865117,0.41236929896223723,0.5578509411591622,0.145481642196925
feature_diverse_60,000000000000000004c0,built_loss,60,60,9.051952390983647,10.879120505577516,9.051952390983647,0.4673959279832706,0.4047871259651367,0.5592326699697305,0.15444554400459382
feature_diverse_60,000000000000000004c5,built_loss,60,60,9.70458088653865,7.726421804460027,7.726421804460027,0.5541392951953145,0.5116390936265041,0.6014603333382457,0.08982123971174161
feature_diverse_60,000000000000000004d2,built_loss,60,60,10.178194045395353,6.467977161663857,6.467977161663857,0.6273081132697302,0.5725026621717696,0.688414186397645,0.11591152422587536
feature_diverse_60,000000000000000004d9,built_loss,60,60,9.720759830231394,7.672500056499823,7.672500056499823,0.38146109787478055,0.3246045681049811,0.4297481029373472,0.1051435348323661
feature_diverse_60,000000000000000004eb,built_loss,60,60,9.43023810978068,9.113923215185292,9.113923215185292,0.4088293723544697,0.3678673119940164,0.4847556391404835,0.11688832714646707
feature_diverse_60,000000000000000004f5,built_loss,60,60,8.121599134434913,10.680370696816734,8.121599134434913,0.48321186361118557,0.42996979665640517,0.5378703937747543,0.10790059711834915
feature_diverse_60,000000000000000004f7,built_loss,60,60,11.144803436699366,6.416002129955839,6.416002129955839,0.49321290564082715,0.44256797271470677,0.5358804211166562,0.09331244840194947
feature_diverse_60,000000000000000004fe,built_loss,60,60,10.981330950288132,9.922217956779303,9.922217956779303,0.4304513829387313,0.3715026833494019,0.48804420342849325,0.11654152007909135
feature_diverse_60,0000000000000000051d,built_loss,60,60,8.893904060618512,3.9265338880873273,3.9265338880873273,0.39256361183664923,0.3259129074588599,0.5390964799136382,0.21318357245477826
feature_diverse_60,00000000000000000559,built_loss,60,60,10.116189763938731,9.183838981982136,9.183838981982136,0.45892449345115394,0.3974887586059032,0.5184119294866022,0.12092317088069898
feature_diverse_60,00000000000000000576,built_loss,60,60,10.187362816742624,8.582983713476446,8.582983713476446,0.44142961284588933,0.39001445294730247,0.48077937958856615,0.09076492664126368
feature_diverse_60,00000000000000000577,built_loss,60,60,10.91056251969241,8.978456691938554,8.978456691938554,0.530213811464632,0.45081053757226597,0.5786701699525657,0.12785963238029974
feature_diverse_60,0000000000000000057f,built_loss,60,60,7.46408388858712,3.420709330777976,3.420709330777976,0.41940071062235235,0.3507540320526653,0.49051059711421974,0.13975656506155443
feature_diverse_60,00000000000000000594,built_loss,60,60,9.966071505705827,4.017660511179045,4.017660511179045,0.42753217525713555,0.32517653318454764,0.5622769321611067,0.2371003989765591
feature_diverse_60,000000000000000005ad,built_loss,60,60,10.672127687296042,8.038845277629596,8.038845277629596,0.517471263882227,0.45126720074640536,0.5744153446647262,0.12314814391832085
feature_diverse_60,000000000000000005bd,built_loss,60,60,8.500783197710065,1.4042650578362987,1.4042650578362987,0.44105200686405904,0.361992723698831,0.5016679561229666,0.13967523242413554
feature_diverse_60,000000000000000005bf,built_loss,60,60,8.992374409313141,3.8491392246613225,3.8491392246613225,0.41709394861638355,0.3661765120748972,0.46098861306204153,0.09481210098714432
feature_diverse_60,000000000000000005cc,built_loss,60,60,8.623108876345757,3.19022703979662,3.19022703979662,0.39755865531126694,0.3477475212324042,0.4530488646868132,0.105301343454409
feature_diverse_60,000000000000000005de,built_loss,60,60,8.756266464205401,6.4212461157154115,6.4212461157154115,0.5362783425482165,0.46303333124636664,0.5816633355293283,0.11863000428296161
feature_diverse_60,000000000000000005e7,built_loss,60,60,10.811932738046185,9.052392734773388,9.052392734773388,0.4992018843211103,0.4513376768681597,0.547356519810876,0.09601884294271629
feature_diverse_60,000000000000000005f9,built_loss,60,60,11.904427579362807,8.708282024432572,8.708282024432572,0.4950336169313365,0.4334378618194013,0.5562564890555952,0.12281862723619391
feature_diverse_60,0000000000000000061c,built_loss,60,60,9.527862042167712,4.082469338119156,4.082469338119156,0.37165207890809626,0.32500109260497945,0.44362304509785466,0.11862195249287522
feature_diverse_60,00000000000000000624,built_loss,60,60,8.677455505590595,5.710465571455545,5.710465571455545,0.536629021928188,0.468877088611708,0.5966607213655158,0.12778363275380783
feature_diverse_60,00000000000000000626,built_loss,60,60,6.87123178615258,7.79856585524968,6.87123178615258,0.41518857581326624,0.3443442421680922,0.4786263938449721,0.1342821516768799
feature_diverse_60,0000000000000000062a,built_loss,60,60,11.771393755519805,6.88669605636612,6.88669605636612,0.5032669508871613,0.4588913506527369,0.5557143808565226,0.09682303020378569
feature_diverse_60,00000000000000000636,built_loss,60,60,9.265836840616098,3.6605681033119897,3.6605681033119897,0.4725861914051089,0.4191286717422212,0.5441110271513102,0.12498235540908903
feature_diverse_60,0000000000000000064a,built_loss,60,60,11.517718286778353,6.231113365015293,6.231113365015293,0.4358765378619358,0.35629628607139724,0.5044143692454898,0.14811808317409253
feature_diverse_60,0000000000000000064d,built_loss,60,60,11.007462778357631,6.531934079777738,6.531934079777738,0.43884723313490326,0.4034395576536534,0.47700977859796706,0.07357022094431365
feature_diverse_60,00000000000000000694,built_loss,60,60,10.22089916997825,6.070910455931877,6.070910455931877,0.43969747971076595,0.40685520285670335,0.48379962033773477,0.07694441748103142
feature_diverse_60,0000000000000000069d,built_loss,60,60,10.48526637620735,8.598437271557792,8.598437271557792,0.49916547312989473,0.45168656941096585,0.5566096577202875,0.10492308830932162
feature_diverse_60,000000000000000006b7,built_loss,60,60,7.381267639929519,8.42919925720811,7.381267639929519,0.43715890116604794,0.3956706094190749,0.4835456418457055,0.08787503242663058
feature_diverse_60,000000000000000006df,built_loss,60,60,11.656867198512725,3.688548555717496,3.688548555717496,0.42099306949969284,0.3422291127973274,0.49354596634108117,0.1513168535437538
feature_diverse_60,000000000000000006e3,built_loss,60,60,11.257034259546026,4.624596719425147,4.624596719425147,0.40090968669776733,0.3603193458229913,0.4479316658881705,0.08761232006517922
feature_diverse_60,00000000000000000011,crop_loss,60,60,9.39014951524677,7.5541226044831635,7.5541226044831635,0.3107151700917472,0.2516225763622617,0.41734645529559766,0.16572387893333596
feature_diverse_60,0000000000000000002b,crop_loss,60,60,10.594971635030522,7.340403281953644,7.340403281953644,0.379517692613789,0.2772232659587211,0.4218283059894911,0.14460504003077002
feature_diverse_60,0000000000000000003a,crop_loss,60,60,7.727302343322064,10.652151484474736,7.727302343322064,0.45297721244796224,0.32234341470698114,0.5298902023605477,0.2075467876535666
feature_diverse_60,0000000000000000009b,crop_loss,60,60,8.059140982369554,5.084723155715833,5.084723155715833,0.3737859570484437,0.29759119657736954,0.44253473607451754,0.144943539497148
feature_diverse_60,0000000000000000009d,crop_loss,60,60,11.903279877898237,3.2610414379623056,3.2610414379623056,0.4401670947667843,0.3969077964116656,0.4894463014482059,0.09253850503654026
feature_diverse_60,000000000000000000a8,crop_loss,60,60,6.129544896135775,9.966147485771428,6.129544896135775,0.31212905087055226,0.292407955805408,0.3849617736168187,0.0925538178114107
feature_diverse_60,000000000000000000da,crop_loss,60,60,4.916925486267393,10.77717735552333,4.916925486267393,0.36619512760169864,0.2413939926393702,0.4543369472665228,0.2129429546271526
feature_diverse_60,000000000000000000e9,crop_loss,60,60,11.107943509038776,5.907952285423408,5.907952285423408,0.3790981754282402,0.29897555988879476,0.4525169791613904,0.15354141927259563
feature_diverse_60,0000000000000000011b,crop_loss,60,60,11.794278678561737,6.5055323968803025,6.5055323968803025,0.4547860074783799,0.3829791240513658,0.5147576554172939,0.1317785313659281
feature_diverse_60,00000000000000000128,crop_loss,60,60,8.02074423378918,5.848555875517765,5.848555875517765,0.4252498125962066,0.3772914375006139,0.5156632001663124,0.1383717626656985
feature_diverse_60,0000000000000000016c,crop_loss,60,60,9.131579447639552,6.4804835978699415,6.4804835978699415,0.456017745639673,0.36770637196578615,0.4862643111283343,0.11855793916254814
feature_diverse_60,00000000000000000192,crop_loss,60,60,6.711595746781531,10.445895449405443,6.711595746781531,0.39855372215653045,0.35993186880120626,0.4370089387181318,0.07707706991692553
feature_diverse_60,00000000000000000196,crop_loss,60,60,11.059238116053868,3.8621737344912757,3.8621737344912757,0.4945758818812753,0.42604681912162345,0.5318665259900038,0.10581970686838038
feature_diverse_60,000000000000000001a6,crop_loss,60,60,8.321896181603508,12.305134154804612,8.321896181603508,0.3374217970374419,0.28032578439781175,0.36838332115041533,0.08805753675260358
feature_diverse_60,000000000000000001e4,crop_loss,60,60,7.922672566393564,6.266811121850947,6.266811121850947,0.4520209385139356,0.39305880555695705,0.5225502549422532,0.1294914493852961
feature_diverse_60,000000000000000001f9,crop_loss,60,60,9.079317385294551,4.29135108518073,4.29135108518073,0.44254323749730706,0.3904615739640538,0.48109693020574795,0.09063535624169416
feature_diverse_60,00000000000000000228,crop_loss,60,60,11.850462506568281,2.8219963094725014,2.8219963094725014,0.293060510974632,0.21814084194178388,0.3583053067914378,0.14016446484965392
feature_diverse_60,00000000000000000281,crop_loss,60,60,10.015441410615264,11.211490613356755,10.015441410615264,0.6559067503072813,0.587778459985794,0.7097196475919939,0.12194118760619987
feature_diverse_60,0000000000000000028c,crop_loss,60,48,10.151218533953397,4.668090896186911,4.668090896186911,0.5174564540606887,0.394700632103894,0.5848668234841694,0.1901661913802754
feature_diverse_60,0000000000000000028d,crop_loss,60,60,10.431269821430293,6.201793035282158,6.201793035282158,0.4244283818370469,0.3692120054705307,0.487150951948525,0.1179389464779943
feature_diverse_60,00000000000000000291,crop_loss,60,60,10.118661232201877,2.1370020621032055,2.1370020621032055,0.4974244380186447,0.3970582308790624,0.596948187068459,0.1998899561893966
feature_diverse_60,000000000000000002c5,crop_loss,60,60,8.391838956831068,11.532688936781069,8.391838956831068,0.4277848229574575,0.35211198301721935,0.4645060687757973,0.11239408575857796
feature_diverse_60,000000000000000002cc,crop_loss,60,60,11.21096309882681,8.663372026421133,8.663372026421133,0.4133729732778274,0.3759210216456144,0.4443493031004353,0.06842828145482088
feature_diverse_60,000000000000000002dc,crop_loss,60,60,8.427826364615857,9.488383727927413,8.427826364615857,0.4496912724451705,0.39477952997235566,0.4930789479801295,0.09829941800777386
feature_diverse_60,000000000000000002e4,crop_loss,60,60,5.614567627983442,12.755801772892493,5.614567627983442,0.48590169202711264,0.4250313871574743,0.5242716560399437,0.09924026888246945
feature_diverse_60,000000000000000002ec,crop_loss,60,60,7.69876263682717,12.19512655901021,7.69876263682717,0.5217393828859171,0.46625371183098113,0.6174709848970665,0.1512172730660854
feature_diverse_60,00000000000000000314,crop_loss,60,60,9.832227016879319,7.200307927053596,7.200307927053596,0.3933807193338101,0.3577222756466579,0.436605807536518,0.07888353188986014
feature_diverse_60,0000000000000000033a,crop_loss,60,60,8.729949177735516,9.693867949525997,8.729949177735516,0.4333892027986915,0.38624500617993973,0.47809846514060883,0.0918534589606691
feature_diverse_60,000000000000000003a2,crop_loss,60,60,6.410016781200873,11.826874347184791,6.410016781200873,0.30964417902306257,0.2461753112205994,0.4052966460253214,0.159121334804722
feature_diverse_60,000000000000000003b0,crop_loss,60,60,8.469047233566997,10.625643522133583,8.469047233566997,0.44232056793929314,0.35091957228357085,0.5208322894192204,0.1699127171356496
feature_diverse_60,000000000000000003c7,crop_loss,60,60,10.266856101202986,1.3853576485128036,1.3853576485128036,0.5254970955014053,0.45419059614775936,0.6210958104823875,0.16690521433462813
feature_diverse_60,000000000000000003c8,crop_loss,60,60,10.700763032462957,12.034905215383892,10.700763032462957,0.44226131101921523,0.39218978768342483,0.4755443854001152,0.08335459771669035
feature_diverse_60,000000000000000003f2,crop_loss,60,60,9.227796821512534,8.447341162013046,8.447341162013046,0.4838488562749065,0.4211322616905283,0.5474815142256446,0.1263492525351163
feature_diverse_60,0000000000000000046c,crop_loss,60,60,10.248538948519537,12.397862408755927,10.248538948519537,0.5268714217348699,0.46372374580947406,0.603392023674038,0.13966827786456393
feature_diverse_60,00000000000000000480,crop_loss,60,60,10.508446774921069,2.1624221328191697,2.1624221328191697,0.5844248870470798,0.5450526529192888,0.6095916601597913,0.06453900724050243
feature_diverse_60,00000000000000000483,crop_loss,60,60,12.58151947663108,4.871542094158536,4.871542094158536,0.40499728450400074,0.34147566441560195,0.46057810835801266,0.11910244394241071
feature_diverse_60,00000000000000000485,crop_loss,60,60,9.18757955075595,6.0538289614823855,6.0538289614823855,0.4699921318848125,0.38676790902300906,0.509362838897328,0.12259492987431897
feature_diverse_60,00000000000000000497,crop_loss,60,60,3.6033436976268125,12.075116155690878,3.6033436976268125,0.29812191448708686,0.260373578724619,0.38168501881217953,0.12131144008756051
feature_diverse_60,0000000000000000049b,crop_loss,60,60,8.661686892721274,8.538881455588307,8.538881455588307,0.3418929695063105,0.28889751893501625,0.39132559662532007,0.10242807769030382
feature_diverse_60,000000000000000004a1,crop_loss,60,60,7.030499555503373,9.286208441699491,7.030499555503373,0.5025669689582438,0.451245291808231,0.5386651699108863,0.08741987810265534
feature_diverse_60,000000000000000004e7,crop_loss,60,60,9.646924537821672,4.173658871857199,4.173658871857199,0.386250502053224,0.3097717353929631,0.4790761792466643,0.1693044438537012
feature_diverse_60,000000000000000004e9,crop_loss,60,60,9.464627014373772,9.455154054344986,9.455154054344986,0.39238983509123865,0.3132922164386351,0.455786178327711,0.14249396188907593
feature_diverse_60,000000000000000004f9,crop_loss,60,60,7.931407000800499,6.192907120076713,6.192907120076713,0.16100948346657448,0.12909124478586764,0.2006418828603216,0.07155063807445397
feature_diverse_60,00000000000000000517,crop_loss,60,60,10.928954722671307,1.2659900011466034,1.2659900011466034,0.11893062526151227,0.09998453490010548,0.14978624601230117,0.049801711112195696
feature_diverse_60,00000000000000000538,crop_loss,60,60,8.874994436080236,1.3485328169853659,1.3485328169853659,0.19560641516625032,0.1621863570677647,0.21498426591315534,0.05279790884539062
feature_diverse_60,0000000000000000057e,crop_loss,60,60,11.614209378944173,2.3967481042989562,2.3967481042989562,0.3725096697917704,0.35028595445255933,0.468890695650182,0.11860474119762265
feature_diverse_60,000000000000000005d1,crop_loss,60,60,11.200441149182755,8.121027261199314,8.121027261199314,0.44525467677279623,0.3701880210619229,0.5088357861399041,0.1386477650779812
feature_diverse_60,00000000000000000611,crop_loss,60,60,10.7767621820026,11.094226861901557,10.7767621820026,0.31938207064828195,0.26804133826910176,0.3871109444849816,0.11906960621587986
feature_diverse_60,0000000000000000062f,crop_loss,60,60,7.833535778640084,9.192968427124843,7.833535778640084,0.36347714490478733,0.2792623813952133,0.4468479789802014,0.1675855975849881
feature_diverse_60,00000000000000000632,crop_loss,60,60,8.656398713874417,6.719373568480132,6.719373568480132,0.45243314016211245,0.3997813426258534,0.5151840655469646,0.1154027229211112
feature_diverse_60,0000000000000000063e,crop_loss,60,60,6.385206549876342,12.088969857799691,6.385206549876342,0.3740201617349289,0.31672106750953455,0.43866088300825634,0.12193981549872179
feature_diverse_60,00000000000000000655,crop_loss,60,60,10.495373000667959,4.902391100212977,4.902391100212977,0.2129908400407296,0.16680256741318172,0.28002607869670654,0.11322351128352481
feature_diverse_60,00000000000000000697,crop_loss,60,60,9.96404211084979,10.825463100664946,9.96404211084979,0.45313120699022363,0.3852884682581782,0.4817367721111154,0.09644830385293718
feature_diverse_60,00000000000000000698,crop_loss,60,60,5.290550618714583,11.400050495416975,5.290550618714583,0.3876488400440253,0.3461271024379452,0.44153611865648007,0.09540901621853487
feature_diverse_60,000000000000000006a8,crop_loss,60,60,7.093304817415683,8.69421495985265,7.093304817415683,0.41530779472506724,0.354214881137987,0.4601092895129051,0.10589440837491809
feature_diverse_60,000000000000000006b4,crop_loss,60,60,11.181611044023912,7.965616674973869,7.965616674973869,0.4724917611264407,0.42792930292889175,0.5131323414865735,0.08520303855768174
feature_diverse_60,000000000000000006be,crop_loss,60,60,10.6154022930432,5.084755719346361,5.084755719346361,0.3811053436163288,0.31677000597833477,0.4461225457765079,0.12935253979817313
feature_diverse_60,000000000000000006c0,crop_loss,60,60,11.080967090508587,1.4856445066235342,1.4856445066235342,0.16375278732891096,0.13177831269772128,0.21556358640787396,0.08378527371015268
feature_diverse_60,000000000000000006cc,crop_loss,60,60,7.024700796481385,11.63568275811187,7.024700796481385,0.4807160133040596,0.4371111996376921,0.5171500701466636,0.08003887050897146
feature_diverse_60,000000000000000006d9,crop_loss,60,60,8.120817220711952,11.089377697624148,8.120817220711952,0.4029408330426813,0.3526871796925978,0.46007484600348064,0.10738766631088287
feature_diverse_60,000000000000000006e5,crop_loss,60,60,10.254936136765304,10.124937994343027,10.124937994343027,0.48630279329060566,0.4317820743729865,0.5474492691533009,0.11566719478031445
feature_diverse_60,000000000000000002a4,built_loss,60,60,9.817364059319306,6.659281187714529,6.659281187714529,0.3690190502526199,0.3027818995626812,0.43130894340719805,0.12852704384451685
feature_diverse_60,0000000000000000002d,crop_loss,60,60,7.2050939295022,6.0431582904866845,6.0431582904866845,0.45838296107833715,0.40035755724405714,0.5302029306076042,0.129845373363547
feature_diverse_60,000000000000000000e3,crop_loss,60,60,11.714623542633777,8.099016215124195,8.099016215124195,0.44582037368296357,0.37378249800115015,0.49202019194666496,0.11823769394551481
feature_diverse_60,00000000000000000335,crop_loss,60,60,10.804488407388243,8.164353134286896,8.164353134286896,0.4227878252677618,0.38521066761011513,0.47716424494387166,0.09195357733375653
feature_diverse_60,000000000000000003f1,crop_loss,60,60,8.220431286353184,9.561298698334124,8.220431286353184,0.4278478508338545,0.3601975988535226,0.4925569603290698,0.13235936147554722
feature_diverse_60,0000000000000000044b,crop_loss,60,17,10.212933292661994,1.319845323228456,1.319845323228456,0.7646271397639678,0.7123370584930679,0.804934408958309,0.09259735046524109
feature_diverse_60,000000000000000006ce,crop_loss,60,60,9.158318922817154,4.730555762956257,4.730555762956257,0.436808709870633,0.35305116302736334,0.563567877360672,0.2105167143333087
feature_diverse_60,000000000000000004ee,crop_loss,60,60,8.670221674491184,3.965476422840014,3.965476422840014,0.30633364624781756,0.21761720947054414,0.43332914316210874,0.2157119336915646
fscs_60,00000000000000000001,built_loss,60,60,9.36285524168107,3.1379248486683857,3.1379248486683857,0.41362994691667565,0.3640736585913215,0.46162560211943404,0.09755194352811253
fscs_60,00000000000000000049,built_loss,60,60,7.258677857389082,1.0865181552866379,1.0865181552866379,0.46259932764191974,0.4174144332745146,0.4906256056912001,0.07321117241668551
fscs_60,0000000000000000004a,built_loss,60,60,10.535384559675279,7.253191461155485,7.253191461155485,0.45335278570709225,0.39557946746371403,0.5602764383050215,0.16469697084130747
fscs_60,0000000000000000004f,built_loss,60,60,10.962179663545617,5.755393917316614,5.755393917316614,0.4142025401510781,0.3640707147219642,0.4589961905582609,0.09492547583629674
fscs_60,0000000000000000005a,built_loss,60,60,8.351977648452008,4.195502313720595,4.195502313720595,0.37793315064266025,0.34834414972817435,0.4227730183280953,0.07442886859992093
fscs_60,00000000000000000079,built_loss,60,60,9.655796231949125,7.28149715283738,7.28149715283738,0.399019736659891,0.34750251318221026,0.47119792060503574,0.12369540742282548
fscs_60,00000000000000000085,built_loss,60,60,10.229885113653072,7.648142054764267,7.648142054764267,0.41513224999131826,0.32261232172069443,0.4750794876069744,0.15246716588627995
fscs_60,00000000000000000087,built_loss,60,60,6.368448163794931,11.121436449414254,6.368448163794931,0.5227694957191257,0.46773819805043804,0.6022975382193886,0.13455934016895055
fscs_60,000000000000000000a1,built_loss,60,60,9.538370425473246,4.110524983120357,4.110524983120357,0.4764846640065569,0.43841679092162394,0.5157765906578169,0.07735979973619295
fscs_60,000000000000000000b8,built_loss,60,60,8.80410038848339,7.162039627214481,7.162039627214481,0.5431748719587243,0.5013016937653262,0.5624619797745252,0.06116028600919898
fscs_60,000000000000000000c0,built_loss,60,60,9.042590867995733,6.712864578615843,6.712864578615843,0.39031365519979183,0.34241778696067254,0.44093782225486605,0.09852003529419351
fscs_60,000000000000000000e2,built_loss,60,60,11.740809388887973,5.644222902497848,5.644222902497848,0.42976074403985653,0.3817928147221083,0.45500437283039097,0.07321155810828267
fscs_60,000000000000000000f0,built_loss,60,60,8.307211039779594,10.74016700830922,8.307211039779594,0.4997472058344917,0.43829225848625336,0.562308838849356,0.12401658036310265
fscs_60,000000000000000000f8,built_loss,60,60,11.217563941773587,8.74862569522986,8.74862569522986,0.4758366298185384,0.4224991755712967,0.5443805698679346,0.12188139429663791
fscs_60,00000000000000000114,built_loss,60,60,8.944462541108795,6.950516033340255,6.950516033340255,0.4897782406313402,0.39564562280476556,0.5476248986526335,0.15197927584786797
fscs_60,0000000000000000011c,built_loss,60,60,10.656108299982495,1.8040586239037981,1.8040586239037981,0.4673916268134661,0.42386441260547864,0.5019615243925181,0.07809711178703943
fscs_60,00000000000000000151,built_loss,60,60,10.318621017926839,1.6071001953191557,1.6071001953191557,0.49400218496774934,0.4129763667058185,0.5496780314236873,0.13670166471786882
fscs_60,00000000000000000161,built_loss,60,60,10.10972322431665,9.71017174622682,9.71017174622682,0.4749332675365035,0.40521761451671057,0.5381906609818761,0.1329730464651655
fscs_60,0000000000000000016a,built_loss,60,60,11.151659562513792,3.8906656428703736,3.8906656428703736,0.3908298645197876,0.3555929596899286,0.4326671741371185,0.07707421444718993
fscs_60,00000000000000000176,built_loss,60,60,9.803174167607787,5.606998364106612,5.606998364106612,0.5832335894165125,0.5422723293565312,0.6401051615644597,0.09783283220792849
fscs_60,000000000000000001a8,built_loss,60,60,8.708563533835632,8.574253805441838,8.574253805441838,0.4953399680310612,0.4504220360436476,0.5720836327579638,0.1216615967143162
fscs_60,000000000000000001be,built_loss,60,13,7.881799288946537,1.7469745991834893,1.7469745991834893,0.6981008810529002,0.665276730723459,0.7493637999802861,0.08408706925682707
fscs_60,000000000000000001cd,built_loss,60,60,9.147464499374582,9.553433738644259,9.147464499374582,0.5777864940656453,0.481105228900054,0.6223338787131797,0.14122864981312566
fscs_60,000000000000000001e5,built_loss,60,60,10.79697744109742,4.4306870359640325,4.4306870359640325,0.43116022577865837,0.36524899593948384,0.5082353145036567,0.14298631856417282
fscs_60,00000000000000000206,built_loss,60,60,5.997954870793193,9.751635148386873,5.997954870793193,0.5832432423852683,0.5213859354455924,0.6588388808768876,0.13745294543129516
fscs_60,00000000000000000209,built_loss,60,60,10.464138597387588,5.9025965113442,5.9025965113442,0.5706192944303164,0.4887125948799095,0.6166032170695772,0.12789062218966774
fscs_60,00000000000000000231,built_loss,60,60,8.749170592484687,7.52307778378005,7.52307778378005,0.5138536435261802,0.4347799341623914,0.5608287597753349,0.12604882561294345
fscs_60,0000000000000000024c,built_loss,60,60,11.136150429598976,7.339131103550016,7.339131103550016,0.5208986583163203,0.4736256764548536,0.5793622990088856,0.10573662255403199
fscs_60,0000000000000000026d,built_loss,60,60,10.448603850607437,9.788946813703074,9.788946813703074,0.4950134110389908,0.4196515950632445,0.5472541270000184,0.1276025319367739
fscs_60,00000000000000000278,built_loss,60,60,9.195703290185142,4.413857679338987,4.413857679338987,0.6193154228794648,0.5579249683629295,0.702072992453917,0.14414802409098748
fscs_60,00000000000000000293,built_loss,60,60,6.025641370766068,4.550879298502126,4.550879298502126,0.517909624142693,0.4908548111780989,0.5960555622866813,0.1052007511085824
fscs_60,00000000000000000316,built_loss,60,60,11.518190711030568,2.9437718032908338,2.9437718032908338,0.3711266639613902,0.3456613010162488,0.4201593915563385,0.07449809054008971
fscs_60,0000000000000000034d,built_loss,60,2,12.279186177084535,1.0139317834874892,1.0139317834874892,0.645243002033681,0.5833019365605344,0.6890591842218231,0.10575724766128869
fscs_60,00000000000000000356,built_loss,60,60,11.187102230986778,5.001896153934293,5.001896153934293,0.47640413251401237,0.3930527352012024,0.5486724303744975,0.15561969517329516
fscs_60,00000000000000000362,built_loss,60,60,5.205013986087493,10.312825456888897,5.205013986087493,0.47393496173693817,0.38778483511468825,0.5378518147871055,0.15006697967241728
fscs_60,00000000000000000363,built_loss,60,60,8.095728243130386,9.834874771278638,8.095728243130386,0.4353064632746241,0.37331896435490536,0.5355181255822653,0.16219916122735994
fscs_60,00000000000000000364,built_loss,60,60,10.58869800933403,3.993062394609751,3.993062394609751,0.3881839102071651,0.35656959700441576,0.46422638251969445,0.10765678551527869
fscs_60,00000000000000000375,built_loss,60,60,8.005423504865641,7.0844698307672385,7.0844698307672385,0.4166964146817881,0.3766168563303662,0.457000957357092,0.08038410102672583
fscs_60,00000000000000000380,built_loss,60,60,11.644392222703768,4.196941884701799,4.196941884701799,0.4386349266158634,0.3725624982186559,0.4892430811708746,0.11668058295221873
fscs_60,00000000000000000384,built_loss,60,60,7.636491656623178,8.269379912950145,7.636491656623178,0.4580859463705521,0.4095405118115476,0.5303939496887654,0.1208534378772178
fscs_60,0000000000000000039e,built_loss,60,3,11.374377887472,1.418912426132121,1.418912426132121,0.5182551130178119,0.33837356208732666,0.5974266750277824,0.2590531129404557
fscs_60,000000000000000003a1,built_loss,60,60,7.352047518856342,4.468857482817513,4.468857482817513,0.5438460725784148,0.49651665869748157,0.6003796722294638,0.10386301353198218
fscs_60,000000000000000003a5,built_loss,60,60,7.386033306368474,11.440991400646398,7.386033306368474,0.4211411123327346,0.3836123345893074,0.47266598596101983,0.08905365137171245
fscs_60,000000000000000003b7,built_loss,60,60,10.571394672848294,5.42078071938175,5.42078071938175,0.48529609397607826,0.4321811690101954,0.54758784489554,0.11540667588534465
fscs_60,000000000000000003bf,built_loss,60,60,8.263904931672691,9.381889801215388,8.263904931672691,0.4198912962002177,0.3536461902015275,0.4871905001341283,0.1335443099326008
fscs_60,000000000000000003d2,built_loss,60,60,7.006725458400514,7.294576373477294,7.006725458400514,0.5238268094651203,0.46457364486605535,0.5660292301979257,0.10145558533187038
fscs_60,000000000000000003f8,built_loss,60,60,9.905082768609216,4.228069522115003,4.228069522115003,0.3905520982149556,0.3317499960379344,0.42745176656205525,0.09570177052412082
fscs_60,000000000000000003fa,built_loss,60,60,7.674810387002354,7.381421255578267,7.381421255578267,0.44741395338904183,0.40882739460420975,0.5000250212155549,0.09119762661134517
fscs_60,00000000000000000407,built_loss,60,60,8.93134613084082,9.422122575568869,8.93134613084082,0.47203932514979074,0.42417872300995096,0.5287251314534339,0.10454640844348295
fscs_60,0000000000000000040f,built_loss,60,60,6.338029779137861,8.556463312996199,6.338029779137861,0.3535205632860488,0.312048003777203,0.38657671520213827,0.07452871142493528
fscs_60,00000000000000000426,built_loss,60,60,9.040439394016067,6.9759940895594665,6.9759940895594665,0.41652735703969196,0.3881430214673199,0.4700371471816765,0.08189412571435661
fscs_60,0000000000000000042b,built_loss,60,60,8.896543209936574,10.962078215625109,8.896543209936574,0.4258657099202331,0.3789157545452654,0.47783293496665324,0.09891718042138786
fscs_60,00000000000000000442,built_loss,60,60,10.910089046493333,3.586542829261855,3.586542829261855,0.3968573815172651,0.32779597976199776,0.5005570808026039,0.1727611010406061
fscs_60,00000000000000000465,built_loss,60,60,10.594044947642352,8.100074261042382,8.100074261042382,0.4833691794689889,0.41844284886404703,0.5492593292027617,0.13081648033871462
fscs_60,0000000000000000047e,built_loss,60,60,9.600383313206791,6.594191317995726,6.594191317995726,0.47692990085736375,0.41649067903261533,0.5253862258197535,0.10889554678713814
fscs_60,00000000000000000490,built_loss,60,60,7.764147588511445,11.9816575030853,7.764147588511445,0.4345326982435039,0.3747140560410222,0.5353087426651993,0.16059468662417714
fscs_60,000000000000000004c0,built_loss,60,60,9.458278725122451,9.890860554738591,9.458278725122451,0.4560738236319522,0.40910932302157765,0.532884017855052,0.12377469483347436
fscs_60,000000000000000004c5,built_loss,60,60,8.860304441038673,8.273668556274488,8.273668556274488,0.526548412581166,0.4823687107705866,0.6174244291771811,0.13505571840659453
fscs_60,000000000000000004d2,built_loss,60,60,11.244133986430466,8.041486696466126,8.041486696466126,0.6060179153742524,0.5222209423248536,0.6584770363290521,0.13625609400419847
fscs_60,000000000000000004d9,built_loss,60,60,8.79778418351614,8.927178382391824,8.79778418351614,0.37312919534910266,0.3156186464407534,0.43337666064429214,0.11775801420353876
fscs_60,000000000000000004eb,built_loss,60,60,7.948735857574045,9.38726520247078,7.948735857574045,0.38751788539843285,0.34274499613013815,0.4313194464942074,0.08857445036406925
fscs_60,000000000000000004f5,built_loss,60,60,7.339057917002991,10.78070904622876,7.339057917002991,0.5220692212631522,0.4630215295314514,0.5599998372155542,0.09697830768410282
fscs_60,000000000000000004f7,built_loss,60,60,11.976696445802569,6.608395143186004,6.608395143186004,0.48040517692229173,0.432619119377936,0.529412335651692,0.09679321627375598
fscs_60,000000000000000004fe,built_loss,60,60,11.230549199841628,8.193043309984507,8.193043309984507,0.4348470533164259,0.3717105864797398,0.48865143224859353,0.11694084576885372
fscs_60,0000000000000000051d,built_loss,60,60,10.862696660681713,3.103644581296522,3.103644581296522,0.4277794095278168,0.3524728043175583,0.5446728116393493,0.19220000732179104
fscs_60,00000000000000000559,built_loss,60,60,9.325055431875274,8.688152661461094,8.688152661461094,0.43489322555160737,0.3690156548246233,0.49075690744591444,0.12174125262129115
fscs_60,00000000000000000576,built_loss,60,60,8.417544013944521,8.031197374968754,8.031197374968754,0.43349981725009146,0.38730239456475624,0.47915868746214985,0.09185629289739361
fscs_60,00000000000000000577,built_loss,60,60,9.437180930539405,8.409866445683582,8.409866445683582,0.4575811283141244,0.3898038301354604,0.5403749500662638,0.1505711199308034
fscs_60,0000000000000000057f,built_loss,60,60,6.415824204735457,2.9555260602801785,2.9555260602801785,0.4168741858147393,0.34892585995363357,0.47187143255745745,0.12294557260382388
fscs_60,00000000000000000594,built_loss,60,60,10.588936722110208,2.8992571860651597,2.8992571860651597,0.49889153905143796,0.41861527848166874,0.5605417904989078,0.1419265120172391
fscs_60,000000000000000005ad,built_loss,60,60,9.610516711887024,7.442026966661337,7.442026966661337,0.4650057099953651,0.4097215406793663,0.5515560558114636,0.14183451513209733
fscs_60,000000000000000005bd,built_loss,60,60,8.15819058604157,1.411513590580445,1.411513590580445,0.3777518195697282,0.3266406464941471,0.4362640924573014,0.10962344596315432
fscs_60,000000000000000005bf,built_loss,60,60,8.018281339730306,3.3426976948148805,3.3426976948148805,0.3776489024002665,0.336959936961431,0.4297556994988461,0.09279576253741512
fscs_60,000000000000000005cc,built_loss,60,60,8.397413258309236,3.0760798328661507,3.0760798328661507,0.42376949343084536,0.3681552281887767,0.4858754609895394,0.11772023280076266
fscs_60,000000000000000005de,built_loss,60,60,8.19747984938891,5.520988001485321,5.520988001485321,0.5033035610024931,0.46006383381096977,0.5905981051692375,0.13053427135826773
fscs_60,000000000000000005e7,built_loss,60,60,10.125901509874883,9.29033983189017,9.29033983189017,0.449464756328257,0.41161136897150175,0.5142200316590122,0.10260866268751045
fscs_60,000000000000000005f9,built_loss,60,60,11.512779935316143,7.919934757357283,7.919934757357283,0.47953352936362453,0.4106023049327705,0.5400690566582754,0.12946675172550492
fscs_60,0000000000000000061c,built_loss,60,60,10.328837860338068,3.837074897780926,3.837074897780926,0.39294971316064853,0.31864786459903244,0.46085636019565274,0.1422084955966203
fscs_60,00000000000000000624,built_loss,60,60,8.916054246981306,5.323295883474249,5.323295883474249,0.534621280517068,0.4555176402967526,0.5808431920421607,0.1253255517454081
fscs_60,00000000000000000626,built_loss,60,60,6.45383654712332,7.419565988835554,6.45383654712332,0.33913709792405244,0.30431138601851127,0.4262128249787742,0.12190143896026295
fscs_60,0000000000000000062a,built_loss,60,60,10.54062980233403,5.92316333912544,5.92316333912544,0.5005265947773523,0.4470906112801297,0.5665173831137238,0.11942677183359407
fscs_60,00000000000000000636,built_loss,60,60,9.192295658228177,3.1163209771048974,3.1163209771048974,0.4171433466088722,0.36281462751726373,0.4989777152500592,0.13616308773279545
fscs_60,0000000000000000064a,built_loss,60,60,11.402113069531692,6.873351111131911,6.873351111131911,0.4070830556925443,0.3227990025422153,0.4774298886865125,0.1546308861442972
fscs_60,0000000000000000064d,built_loss,60,60,11.426106568547786,5.977398836737138,5.977398836737138,0.42854918306423895,0.39639938485812437,0.4708874913671911,0.07448810650906673
fscs_60,00000000000000000694,built_loss,60,60,10.801217255730615,5.57034466041882,5.57034466041882,0.4451409428549936,0.41010978293080497,0.49419183451418874,0.08408205158338378
fscs_60,0000000000000000069d,built_loss,60,60,7.931420350933567,7.7628023382262485,7.7628023382262485,0.48991594358011303,0.42346419971262445,0.5425828132300142,0.11911861351738978
fscs_60,000000000000000006b7,built_loss,60,60,5.768783614406166,8.7480908942426,5.768783614406166,0.3494173321244164,0.3247600311659362,0.43147823430053545,0.10671820313459923
fscs_60,000000000000000006df,built_loss,60,60,11.791854360970703,3.4614021183254433,3.4614021183254433,0.39216456901828983,0.3214901316347578,0.46402623443362506,0.14253610279886725
fscs_60,000000000000000006e3,built_loss,60,60,10.375155956144884,4.436729830485823,4.436729830485823,0.38523628612696365,0.35884505108469245,0.4265911225912715,0.06774607150657908
fscs_60,00000000000000000011,crop_loss,60,60,11.71940449170972,6.1427040928410115,6.1427040928410115,0.4435103713910418,0.3258425314845058,0.5683733962211363,0.24253086473663044
fscs_60,0000000000000000002b,crop_loss,60,60,9.206755167553052,5.576088532729831,5.576088532729831,0.42120648193469756,0.3154823773105003,0.4979578617311925,0.18247548442069222
fscs_60,0000000000000000003a,crop_loss,60,60,7.1293885332370515,10.640315461854431,7.1293885332370515,0.43598658992367434,0.32338230326358447,0.527669882300139,0.20428757903655453
fscs_60,0000000000000000009b,crop_loss,60,60,7.518148911651922,4.7448048245306955,4.7448048245306955,0.44638796218226856,0.33846637586828104,0.517611604508705,0.17914522864042398
fscs_60,0000000000000000009d,crop_loss,60,60,10.54201373007416,2.828014151010634,2.828014151010634,0.4834920929726377,0.4190344425205383,0.5250030570676327,0.10596861454709444
fscs_60,000000000000000000a8,crop_loss,60,60,5.919006587318043,10.066906490824744,5.919006587318043,0.3446284005903698,0.31389340735093463,0.43754324847293946,0.12364984112200483
fscs_60,000000000000000000da,crop_loss,60,60,4.87290453366274,10.55946601190171,4.87290453366274,0.40021305345980795,0.28681511018400135,0.4841842933113485,0.19736918312734714
fscs_60,000000000000000000e9,crop_loss,60,60,9.2834075834563,4.523834136122859,4.523834136122859,0.4998965994036712,0.42212759739086386,0.5561986358538161,0.13407103846295226
fscs_60,0000000000000000011b,crop_loss,60,60,10.852140701936436,6.886789446556539,6.886789446556539,0.48211548615330513,0.4390532717049955,0.5276072735624696,0.08855400185747414
fscs_60,00000000000000000128,crop_loss,60,60,6.763368098085539,4.962728308665774,4.962728308665774,0.4404534051498525,0.35348079721162634,0.5394573818698521,0.1859765846582258
fscs_60,0000000000000000016c,crop_loss,60,60,9.07911137089499,6.288419289168542,6.288419289168542,0.556782724873542,0.4465310160456346,0.6057827435561114,0.15925172751047678
fscs_60,00000000000000000192,crop_loss,60,60,6.6861516022096374,9.62360451226687,6.6861516022096374,0.41277326594151215,0.37571572644997564,0.44041258100721475,0.06469685455723911
fscs_60,00000000000000000196,crop_loss,60,60,9.656982649169073,3.586362959283843,3.586362959283843,0.4835080630038618,0.39708595552143766,0.526717952689822,0.12963199716838436
fscs_60,000000000000000001a6,crop_loss,60,60,8.887608140694528,11.08509547817355,8.887608140694528,0.34084745762206925,0.30190128320268567,0.3787230087305021,0.07682172552781641
fscs_60,000000000000000001e4,crop_loss,60,60,7.110317821388967,6.827061602979162,6.827061602979162,0.5221979917384045,0.48864909612234325,0.5606166205756219,0.07196752445327864
fscs_60,000000000000000001f9,crop_loss,60,60,9.210299037857503,3.839176366698728,3.839176366698728,0.47424156717553345,0.4362682703947518,0.5050003356553591,0.06873206526060727
fscs_60,00000000000000000228,crop_loss,60,60,12.02735568526492,2.715684145994867,2.715684145994867,0.33499321575984936,0.2559047463414513,0.4348644187891604,0.1789596724477091
fscs_60,00000000000000000281,crop_loss,60,60,9.632196208647063,11.484480819446002,9.632196208647063,0.6533212295008185,0.5997229973258991,0.6920199643349125,0.09229696700901346
fscs_60,0000000000000000028c,crop_loss,60,48,10.488571962860565,4.668090896186911,4.668090896186911,0.5273474247663184,0.39774001520005875,0.5981931568389373,0.2004531416388785
fscs_60,0000000000000000028d,crop_loss,60,60,11.60197855418281,5.611193618414122,5.611193618414122,0.43535827422743295,0.3731832237766441,0.5175050087750737,0.14432178499842957
fscs_60,00000000000000000291,crop_loss,60,60,12.054383908050074,2.065234786651014,2.065234786651014,0.49022817994101575,0.4195233591836326,0.5744686197927404,0.15494526060910785
fscs_60,000000000000000002c5,crop_loss,60,60,7.854032641619116,11.935938038541988,7.854032641619116,0.357439249693073,0.31626593304853845,0.4382168657261258,0.12195093267758733
fscs_60,000000000000000002cc,crop_loss,60,60,10.717024453457462,6.71121069304427,6.71121069304427,0.44863819557752527,0.401785396632131,0.48961469109953654,0.08782929446740556
fscs_60,000000000000000002dc,crop_loss,60,60,8.740443251678117,10.295534728923268,8.740443251678117,0.4779506480516263,0.43642025093326275,0.5134236256485151,0.07700337471525232
fscs_60,000000000000000002e4,crop_loss,60,60,3.95129052887258,11.202882862123106,3.95129052887258,0.5125324014044494,0.46240727212503796,0.5597808882053246,0.0973736160802866
fscs_60,000000000000000002ec,crop_loss,60,60,7.947936710540562,11.18895222085195,7.947936710540562,0.5410710969957706,0.491479724610829,0.623350365440309,0.13187064082947997
fscs_60,00000000000000000314,crop_loss,60,60,8.290379701362966,6.389696657771143,6.389696657771143,0.3715411019291328,0.34949900885939905,0.41324454820077905,0.06374553934138
fscs_60,0000000000000000033a,crop_loss,60,60,7.660434380090011,10.380470135122156,7.660434380090011,0.3928123611800722,0.3631225070212961,0.4492336228951293,0.08611111587383319
fscs_60,000000000000000003a2,crop_loss,60,60,6.390949139178404,11.308236842723385,6.390949139178404,0.36193541163167997,0.2847918454212311,0.45029194547989504,0.16550010005866395
fscs_60,000000000000000003b0,crop_loss,60,60,8.46352875617777,10.589504610765468,8.46352875617777,0.44361902864134056,0.3620250675023041,0.5196856170624259,0.15766054956012177
fscs_60,000000000000000003c7,crop_loss,60,60,9.974299875749873,1.4409737997432335,1.4409737997432335,0.46982515218916737,0.374344662763738,0.5415726793453745,0.16722801658163644
fscs_60,000000000000000003c8,crop_loss,60,60,9.731223320570905,10.514465737628429,9.731223320570905,0.4599755600880331,0.41201695757814705,0.4805829528216362,0.06856599524348916
fscs_60,000000000000000003f2,crop_loss,60,60,7.115397157771989,7.792524978948657,7.115397157771989,0.5174815933172737,0.47463622270171063,0.5854939650492104,0.11085774234749973
fscs_60,0000000000000000046c,crop_loss,60,60,8.735651695663476,11.277309031819437,8.735651695663476,0.5671660000730718,0.4813093796613838,0.6242914755199909,0.14298209585860705
fscs_60,00000000000000000480,crop_loss,60,60,11.998106872755232,1.9724639397739006,1.9724639397739006,0.5813328504611819,0.5459520595908247,0.6133095673827198,0.06735750779189509
fscs_60,00000000000000000483,crop_loss,60,60,11.87578312105393,4.6473867129019055,4.6473867129019055,0.4242382775517097,0.36742992456120876,0.4785121079889705,0.11108218342776172
fscs_60,00000000000000000485,crop_loss,60,60,10.555139748884173,5.312216353798751,5.312216353798751,0.507541725919431,0.4717089659735652,0.5516554133387145,0.07994644736514928
fscs_60,00000000000000000497,crop_loss,60,60,4.246946849275301,11.203972250137491,4.246946849275301,0.36808528231516974,0.3144541013325471,0.4426817630006006,0.1282276616680535
fscs_60,0000000000000000049b,crop_loss,60,60,7.947304636632036,8.342071252792861,7.947304636632036,0.3690487843097961,0.3197973479020479,0.4009985882136981,0.08120124031165021
fscs_60,000000000000000004a1,crop_loss,60,60,6.845415009303051,9.242441035065205,6.845415009303051,0.48455648950049957,0.44459692341822665,0.5149330883616273,0.07033616494340067
fscs_60,000000000000000004e7,crop_loss,60,60,8.182565729819776,4.006192445800882,4.006192445800882,0.3753548425118191,0.3157814726711429,0.48749097656573853,0.1717095038945956
fscs_60,000000000000000004e9,crop_loss,60,60,9.072508553754725,7.563093573373217,7.563093573373217,0.40847892232163496,0.353678094710642,0.4784355440181602,0.1247574493075182
fscs_60,000000000000000004f9,crop_loss,60,60,9.733834725583767,5.572634310025953,5.572634310025953,0.2811625792469069,0.15479367954494475,0.41512419853960036,0.26033051899465565
fscs_60,00000000000000000517,crop_loss,60,60,11.78210251594312,1.233547589739406,1.233547589739406,0.24661233291653903,0.176808532165442,0.27814003506315993,0.10133150289771792
fscs_60,00000000000000000538,crop_loss,60,60,8.114372331806791,1.3445109035910834,1.3445109035910834,0.19336542461321898,0.16013124427884734,0.2176610128446014,0.057529768565754064
fscs_60,0000000000000000057e,crop_loss,60,60,10.812133510679388,1.8598182562928565,1.8598182562928565,0.39327661844542167,0.3682501317004875,0.4189922321225206,0.05074210042203314
fscs_60,000000000000000005d1,crop_loss,60,60,9.5997228296591,8.024795995396707,8.024795995396707,0.41550650980491133,0.3593181151072787,0.471566974321458,0.11224885921417932
fscs_60,00000000000000000611,crop_loss,60,60,10.614720517429646,8.710682787494024,8.710682787494024,0.359940912753472,0.308421120337456,0.44606558438051497,0.13764446404305897
fscs_60,0000000000000000062f,crop_loss,60,60,7.093001874771734,7.619208619149512,7.093001874771734,0.32560133125497,0.26568446438007565,0.4224006331479914,0.15671616876791578
fscs_60,00000000000000000632,crop_loss,60,60,8.883233854150378,6.070573782785782,6.070573782785782,0.4399762863535015,0.39157559919179424,0.48187211841798777,0.09029651922619353
fscs_60,0000000000000000063e,crop_loss,60,60,5.881937906877624,10.749054627233427,5.881937906877624,0.37716956843020927,0.3087616030508886,0.45424227164501546,0.14548066859412684
fscs_60,00000000000000000655,crop_loss,60,60,11.890872540341002,4.361648489847623,4.361648489847623,0.3400946066486931,0.18943206581582203,0.38375392277048337,0.19432185695466134
fscs_60,00000000000000000697,crop_loss,60,60,10.061653707363119,10.933413352643855,10.061653707363119,0.4862931127168133,0.41819131810953064,0.5366602968752137,0.11846897876568302
fscs_60,00000000000000000698,crop_loss,60,60,5.0129102523888,11.66159152158231,5.0129102523888,0.4085764497704867,0.2826246133136973,0.44630349543076353,0.16367888211706622
fscs_60,000000000000000006a8,crop_loss,60,60,5.891766233228084,8.27998783557444,5.891766233228084,0.4146143854161571,0.3860337601649469,0.4848339860913028,0.0988002259263559
fscs_60,000000000000000006b4,crop_loss,60,60,10.139947149866215,7.562975817256762,7.562975817256762,0.5123459362699455,0.44949622790096094,0.5461846111402829,0.096688383239322
fscs_60,000000000000000006be,crop_loss,60,60,10.530127890083461,4.48794418794723,4.48794418794723,0.40257541050319484,0.34483165218399686,0.45927812195425,0.11444646977025313
fscs_60,000000000000000006c0,crop_loss,60,60,11.948025285974689,1.5193750378723567,1.5193750378723567,0.18218665864623856,0.14828294685282203,0.238353094679532,0.09007014782670997
fscs_60,000000000000000006cc,crop_loss,60,60,5.814573075936168,10.74242022314142,5.814573075936168,0.4708171087504289,0.4297580057034569,0.5005892193258428,0.07083121362238587
fscs_60,000000000000000006d9,crop_loss,60,60,7.277146360163858,11.525194632049452,7.277146360163858,0.3967110983499609,0.3364937723766973,0.4588774823995483,0.12238371002285098
fscs_60,000000000000000006e5,crop_loss,60,60,10.518350109888301,9.365914842594885,9.365914842594885,0.4767164546476826,0.43991407449577763,0.5449437411608129,0.10502966666503527
fscs_60,000000000000000002a4,built_loss,60,60,10.934749067509067,5.373741302910434,5.373741302910434,0.4464072247449087,0.3445650438011505,0.5435025682624594,0.19893752446130886
fscs_60,0000000000000000002d,crop_loss,60,60,7.2050939295022,4.91058371461742,4.91058371461742,0.49856341241559576,0.43461693326455986,0.5657414130242836,0.13112447975972374
fscs_60,000000000000000000e3,crop_loss,60,60,11.84441208937524,7.617582542274557,7.617582542274557,0.4206717251791005,0.2813888295778998,0.4637235059002765,0.1823346763223767
fscs_60,00000000000000000335,crop_loss,60,60,10.510577833239592,7.457858663409726,7.457858663409726,0.42343058517593757,0.3782115010356811,0.469714362427125,0.09150286139144392
fscs_60,000000000000000003f1,crop_loss,60,60,7.6552580811077835,9.087525973741071,7.6552580811077835,0.4549563353382924,0.38813891153475,0.5194849512769998,0.1313460397422498
fscs_60,0000000000000000044b,crop_loss,60,17,12.975579132356167,1.319845323228456,1.319845323228456,0.7562855381175975,0.701473039850436,0.782368676725113,0.08089563687467705
fscs_60,000000000000000006ce,crop_loss,60,60,9.355954090400632,4.620719183276276,4.620719183276276,0.4505299991623242,0.35105898971850424,0.5194714852985319,0.1684124955800277
fscs_60,000000000000000004ee,crop_loss,60,60,11.00729260694601,3.7373514729532826,3.7373514729532826,0.4746137434836766,0.4119649588324898,0.5595554050828319,0.14759044625034207
fscs_100,00000000000000000001,built_loss,100,100,10.899539993510617,3.051880900306309,3.051880900306309,0.4131729692943043,0.3701235729433521,0.45235589771414225,0.08223232477079018
fscs_100,00000000000000000049,built_loss,100,100,7.508407820793143,1.0735909189619943,1.0735909189619943,0.454692198118574,0.4036669351785952,0.47824836485406247,0.07458142967546727
fscs_100,0000000000000000004a,built_loss,100,100,11.323624310342568,8.02975907914793,8.02975907914793,0.44749070805464114,0.3931914113407635,0.5348670693944989,0.1416756580537354
fscs_100,0000000000000000004f,built_loss,100,100,11.413075082817123,5.580937789925945,5.580937789925945,0.4358521307240228,0.387547356141001,0.46372141317530524,0.07617405703430424
fscs_100,0000000000000000005a,built_loss,100,100,8.272921849463485,4.176941754526285,4.176941754526285,0.3606162848780728,0.32247191470109043,0.38501198805235454,0.0625400733512641
fscs_100,00000000000000000079,built_loss,66,64,9.838927727703139,7.562530238510735,7.562530238510735,0.3942024811707779,0.3523344755750081,0.4574381881080291,0.10510371253302103
fscs_100,00000000000000000085,built_loss,100,100,11.514909561843279,7.741945356198363,7.741945356198363,0.35818071524252304,0.3200024642979853,0.4202591625535208,0.10025669825553551
fscs_100,00000000000000000087,built_loss,100,100,6.701942809799698,10.84262587910499,6.701942809799698,0.5436063860512141,0.48954385512651694,0.6023865145693118,0.11284265944279487
fscs_100,000000000000000000a1,built_loss,100,100,9.763800614518304,4.1051092710348565,4.1051092710348565,0.47070830401414,0.43757458494013224,0.50966304822766,0.07208846328752772
fscs_100,000000000000000000b8,built_loss,100,100,8.706899980792134,7.630129522592931,7.630129522592931,0.545671328589278,0.5045592688041121,0.5667333674537349,0.062174098649622866
fscs_100,000000000000000000c0,built_loss,100,100,9.105760599618462,7.563968352159608,7.563968352159608,0.37747594582682925,0.3478170504191988,0.41251039570755466,0.06469334528835585
fscs_100,000000000000000000e2,built_loss,100,100,12.045848259215811,5.769560416166428,5.769560416166428,0.4259615946330105,0.3827792987444794,0.46088411874540397,0.07810482000092456
fscs_100,000000000000000000f0,built_loss,100,100,7.176691259535885,11.198418361973282,7.176691259535885,0.483348406883337,0.43022947348779017,0.5455700937836729,0.11534062029588277
fscs_100,000000000000000000f8,built_loss,100,100,12.05239306087684,9.466464155840715,9.466464155840715,0.46990014340365904,0.4237509438807641,0.5069464606448266,0.0831955167640625
fscs_100,00000000000000000114,built_loss,100,100,8.94978318313302,6.898347803816599,6.898347803816599,0.4583166213401604,0.4069725295303703,0.516662850406391,0.10969032087602076
fscs_100,0000000000000000011c,built_loss,100,100,11.848884803316613,1.7768103680840117,1.7768103680840117,0.4687802906026949,0.43441519237627874,0.49583531955917404,0.0614201271828953
fscs_100,00000000000000000151,built_loss,100,100,11.235409235697658,1.7226084184248498,1.7226084184248498,0.43198631437952933,0.3980342201083045,0.5019553629788455,0.10392114287054094
fscs_100,00000000000000000161,built_loss,100,100,10.269825699870253,10.501132829033235,10.269825699870253,0.4543375999036258,0.4060868680373065,0.5066610037466124,0.1005741357093059
fscs_100,0000000000000000016a,built_loss,100,100,12.13824436282765,3.672112038043592,3.672112038043592,0.40137263521169136,0.3744432072856621,0.42763232150115554,0.05318911421549344
fscs_100,00000000000000000176,built_loss,100,100,9.56170799292724,5.983397701003539,5.983397701003539,0.5695230639855763,0.545218142752752,0.6040523429028056,0.058834200150053584
fscs_100,000000000000000001a8,built_loss,100,100,8.599834353027058,8.602303272914575,8.599834353027058,0.4783914293256526,0.4503974499103596,0.5205654504978269,0.07016800058746725
fscs_100,000000000000000001be,built_loss,100,13,9.224610612786046,1.7469745991834893,1.7469745991834893,0.6951107637344874,0.6670801698117624,0.7410495493750742,0.07396937956331173
fscs_100,000000000000000001cd,built_loss,100,100,9.836317171747446,10.986535194555076,9.836317171747446,0.5862902391049838,0.5237216273416997,0.6143333230281552,0.09061169568645555
fscs_100,000000000000000001e5,built_loss,100,100,11.758759157413628,4.5372712606626,4.5372712606626,0.40753469907355366,0.36761075986593217,0.4738274902389846,0.10621673037305246
fscs_100,00000000000000000206,built_loss,100,100,5.905575764302444,10.276424396953484,5.905575764302444,0.6041281465995434,0.5543342626884378,0.6614462341606319,0.10711197147219409
fscs_100,00000000000000000209,built_loss,100,100,10.301041008172357,6.227182073520733,6.227182073520733,0.5564067515517394,0.4997324807955179,0.6075356841373053,0.10780320334178739
fscs_100,00000000000000000231,built_loss,100,100,9.241826652823734,7.79617477945345,7.79617477945345,0.5181662910049608,0.47348689985919085,0.5493877909026402,0.07590089104344938
fscs_100,0000000000000000024c,built_loss,100,100,12.372978959341497,7.153502702129229,7.153502702129229,0.5095216010202697,0.46501033246777845,0.5491471289868283,0.08413679651904982
fscs_100,0000000000000000026d,built_loss,100,100,10.270515917794322,9.574463427416024,9.574463427416024,0.46769829628732323,0.42516754925273015,0.5189455725226484,0.09377802326991824
fscs_100,00000000000000000278,built_loss,100,100,8.921319360146605,4.15877579536396,4.15877579536396,0.6054916573876562,0.5653799152784458,0.7002875647392589,0.13490764946081313
fscs_100,00000000000000000293,built_loss,100,100,6.243364915631842,4.842694830268839,4.842694830268839,0.52437915129292,0.49616125399370387,0.5833721683816748,0.08721091438797096
fscs_100,00000000000000000316,built_loss,100,100,10.653328852339659,3.0290520909225496,3.0290520909225496,0.3848816707277142,0.3544293415058409,0.41983634017359933,0.06540699866775845
fscs_100,0000000000000000034d,built_loss,100,2,12.727472654808418,1.0139317834874892,1.0139317834874892,0.6285620784917886,0.5719649414449712,0.6753343013553784,0.10336935991040719
fscs_100,00000000000000000356,built_loss,100,100,11.594571967065571,5.517656180182442,5.517656180182442,0.4942195137308939,0.42428483531579353,0.5437574290162434,0.11947259370044983
fscs_100,00000000000000000362,built_loss,100,100,4.7935974903526075,10.803946443372265,4.7935974903526075,0.47598729567045933,0.41201242888559614,0.5293938261783033,0.11738139729270719
fscs_100,00000000000000000363,built_loss,100,100,8.81794986061164,9.900149059904326,8.81794986061164,0.4245493758287091,0.3750521373482153,0.4794974882323631,0.1044453508841478
fscs_100,00000000000000000364,built_loss,100,100,10.473466641649734,4.122850005728768,4.122850005728768,0.3761556729609157,0.35145972234204814,0.4115439414975265,0.06008421915547835
fscs_100,00000000000000000375,built_loss,100,100,8.488736397868424,7.528506167549843,7.528506167549843,0.4268757994557634,0.3908722496787832,0.460737013080498,0.06986476340171482
fscs_100,00000000000000000380,built_loss,100,100,12.095524076107582,3.968965029602249,3.968965029602249,0.42409992734789387,0.3617067933291593,0.4604045152204273,0.09869772189126802
fscs_100,00000000000000000384,built_loss,100,100,8.142765815315808,9.082571987993934,8.142765815315808,0.47244991001765485,0.4423532924529405,0.5114434301470476,0.0690901376941071
fscs_100,0000000000000000039e,built_loss,100,3,12.066872433361398,1.418912426132121,1.418912426132121,0.507746057476521,0.33425142141088976,0.579578582513415,0.24532716110252523
fscs_100,000000000000000003a1,built_loss,100,100,7.301928712134208,4.627030692387888,4.627030692387888,0.5333794799113829,0.4965789182164584,0.5739370546490469,0.07735813643258849
fscs_100,000000000000000003a5,built_loss,100,100,8.011860412642474,11.765284067867823,8.011860412642474,0.4156421511747008,0.3795719117342132,0.45519787196401235,0.07562596022979917
fscs_100,000000000000000003b7,built_loss,100,100,11.011123680458956,5.93318216001249,5.93318216001249,0.497642122523211,0.4410011918962507,0.5447625468810849,0.10376135498483424
fscs_100,000000000000000003bf,built_loss,100,100,9.522500930602252,10.193143102666802,9.522500930602252,0.42107390374416326,0.367427915817788,0.47598139684076424,0.10855348102297624
fscs_100,000000000000000003d2,built_loss,100,100,6.4149551948440635,6.863986253474393,6.4149551948440635,0.5238268094651203,0.4801426201440789,0.5627385503202331,0.08259593017615424
fscs_100,000000000000000003f8,built_loss,100,100,10.026238038631654,4.441841492723303,4.441841492723303,0.4078120397915618,0.36299358039828805,0.4367244483792844,0.07373086798099637
fscs_100,000000000000000003fa,built_loss,100,100,8.080563160182068,7.661165334986111,7.661165334986111,0.429573055974845,0.40569093630184916,0.4754399516870533,0.06974901538520412
fscs_100,00000000000000000407,built_loss,100,100,10.43583047249438,9.521807627838857,9.521807627838857,0.4728695346167115,0.4353793407937323,0.5117590113771079,0.07637967058337558
fscs_100,0000000000000000040f,built_loss,100,100,6.685315279015623,8.44464323709527,6.685315279015623,0.35734203292055955,0.32095320718191334,0.38084138231980863,0.059888175137895294
fscs_100,00000000000000000426,built_loss,100,100,10.177450496452641,7.449842459453944,7.449842459453944,0.4368265247360606,0.3958004886112078,0.4713731867111474,0.0755726980999396
fscs_100,0000000000000000042b,built_loss,100,100,9.119552380191928,11.438110213131122,9.119552380191928,0.42464107022319963,0.38028027367128076,0.4707341609323907,0.09045388726110992
fscs_100,00000000000000000442,built_loss,100,100,11.722732360765859,3.9564125260860044,3.9564125260860044,0.3625310384073543,0.3122512678103009,0.42823007169828703,0.11597880388798615
fscs_100,00000000000000000465,built_loss,100,100,11.189155433066205,7.681117396658943,7.681117396658943,0.5121768509750251,0.44709418909615717,0.5650594661696444,0.11796527707348725
fscs_100,0000000000000000047e,built_loss,100,100,9.935412750649425,6.45879817840148,6.45879817840148,0.5017722221426006,0.46724205963399745,0.5401982419943332,0.07295618236033574
fscs_100,00000000000000000490,built_loss,100,100,8.31744168779871,11.77479011275704,8.31744168779871,0.46453290580187556,0.4053776680764813,0.5059940108704881,0.10061634279400683
fscs_100,000000000000000004c0,built_loss,100,100,9.330015041436676,10.836024443880394,9.330015041436676,0.465523664821741,0.41624783373288765,0.5235462387936091,0.10729840506072141
fscs_100,000000000000000004c5,built_loss,100,100,9.198498108855425,8.72628527007066,8.72628527007066,0.5388627718035287,0.49949471130874956,0.5830634048725595,0.08356869356380991
fscs_100,000000000000000004d2,built_loss,100,100,11.843904607188788,8.874829641437913,8.874829641437913,0.5842997482885472,0.5306781375002663,0.6417006475126653,0.11102251001239904
fscs_100,000000000000000004d9,built_loss,100,100,9.588461616221538,8.117178202186782,8.117178202186782,0.3962530273599909,0.3532451699756174,0.4519438041131522,0.09869863413753482
fscs_100,000000000000000004eb,built_loss,100,100,8.155497349717505,10.133081339326996,8.155497349717505,0.38238073558417157,0.3339788620008188,0.41988192484392695,0.08590306284310817
fscs_100,000000000000000004f5,built_loss,100,100,7.562422463047461,11.604519176030033,7.562422463047461,0.5122603826177754,0.47591650217071724,0.5453308278009703,0.06941432563025307
fscs_100,000000000000000004f7,built_loss,100,100,12.304718647816115,6.159835989615385,6.159835989615385,0.4682579508814067,0.42789268731311936,0.5136524371071802,0.08575974979406087
fscs_100,000000000000000004fe,built_loss,100,100,11.961303696752017,9.880370606848924,9.880370606848924,0.42820942683147584,0.3917697699535759,0.4805513685811227,0.08878159862754681
fscs_100,0000000000000000051d,built_loss,100,100,11.482680764300584,3.4935308697172465,3.4935308697172465,0.4325167680803445,0.35886377434808403,0.5072067851507409,0.14834301080265688
fscs_100,00000000000000000559,built_loss,100,100,10.653492683904872,8.676655873586178,8.676655873586178,0.43597892049807285,0.37967849909148416,0.4606268959446343,0.08094839685315014
fscs_100,00000000000000000576,built_loss,100,100,8.914797000219767,7.951469103868703,7.951469103868703,0.4124536407532658,0.37583796999714764,0.4506242899843039,0.07478631998715629
fscs_100,00000000000000000577,built_loss,100,100,9.876291395023866,8.963358470966927,8.963358470966927,0.46916526338895864,0.4318896532989297,0.5354582507270634,0.10356859742813374
fscs_100,0000000000000000057f,built_loss,100,100,6.552508869807746,2.951311932217186,2.951311932217186,0.38759255418169986,0.3442167969738195,0.4319181907392032,0.08770139376538366
fscs_100,00000000000000000594,built_loss,100,100,11.60980014111466,3.373065164671981,3.373065164671981,0.46738057159063046,0.4056497408970784,0.530352171788054,0.12470243089097566
fscs_100,000000000000000005ad,built_loss,100,100,10.48843777478905,7.282263926541115,7.282263926541115,0.5096917050075329,0.44905695507965443,0.5570336561786537,0.10797670109899932
fscs_100,000000000000000005bd,built_loss,100,100,8.711294326085435,1.4024777778554196,1.4024777778554196,0.3933039650677629,0.36155667138074377,0.4451986027680562,0.08364193138731241
fscs_100,000000000000000005bf,built_loss,100,100,8.592804238289155,3.5648304938907387,3.5648304938907387,0.38514771346223764,0.35615060896212725,0.42536468062819577,0.06921407166606852
fscs_100,000000000000000005cc,built_loss,100,100,8.354898610725305,3.057878787876094,3.057878787876094,0.4128719007976927,0.36746284501585014,0.4659112351897656,0.09844839017391549
fscs_100,000000000000000005de,built_loss,100,100,8.427960597783153,5.835798456458053,5.835798456458053,0.5325620478054246,0.47727706937184206,0.5705786616334861,0.09330159226164408
fscs_100,000000000000000005e7,built_loss,100,100,9.862715163493037,9.610603083305211,9.610603083305211,0.47447936581224287,0.439382562041244,0.5111563368397413,0.07177377479849728
fscs_100,000000000000000005f9,built_loss,100,100,11.47422103799755,7.850199149799766,7.850199149799766,0.4841401634708165,0.44876956014439257,0.5386546038721343,0.0898850437277417
fscs_100,0000000000000000061c,built_loss,100,100,11.423658976846301,3.9606427859557005,3.9606427859557005,0.4045506406183491,0.35683555096257524,0.4492654543487941,0.09242990338621887
fscs_100,00000000000000000624,built_loss,100,100,8.242876417762949,5.32773957711039,5.32773957711039,0.5263927164035671,0.47991713882396037,0.5639821552599456,0.08406501643598518
fscs_100,00000000000000000626,built_loss,100,100,6.1991395310948025,7.738669007747843,6.1991395310948025,0.33616423921446503,0.3025323519820449,0.3675858486799316,0.06505349669788668
fscs_100,0000000000000000062a,built_loss,100,100,11.671612435860144,6.378957318076618,6.378957318076618,0.49807506307052973,0.46097041388403504,0.5427179264998261,0.08174751261579105
fscs_100,00000000000000000636,built_loss,100,100,9.785093209327131,3.1668893912966714,3.1668893912966714,0.4614610313307619,0.4110093882000125,0.5147284562058941,0.10371906800588165
fscs_100,0000000000000000064a,built_loss,100,100,12.092784453498808,7.317958407157675,7.317958407157675,0.4191218744164594,0.3454914019248382,0.47535517222280643,0.12986377029796825
fscs_100,0000000000000000064d,built_loss,100,100,11.788432309313302,6.1837720943260095,6.1837720943260095,0.4392896967359352,0.4026704415722364,0.45981113552784814,0.05714069395561172
fscs_100,00000000000000000694,built_loss,100,100,10.977533298674436,5.776538184938747,5.776538184938747,0.4471716517007282,0.4188931239335168,0.48498128549263536,0.06608816155911856
fscs_100,0000000000000000069d,built_loss,100,100,8.417597419902075,7.611809259058637,7.611809259058637,0.49454418576055104,0.4657144470154895,0.5333344881480155,0.06762004113252607
fscs_100,000000000000000006b7,built_loss,100,100,5.742123796664408,8.70395906244702,5.742123796664408,0.3456793069489142,0.3089058736377331,0.40613977928835393,0.09723390565062084
fscs_100,000000000000000006df,built_loss,100,100,12.331713313248683,3.2371883537443993,3.2371883537443993,0.42965264337775094,0.3784932247135368,0.4661342845656447,0.0876410598521079
fscs_100,000000000000000006e3,built_loss,100,100,11.951795563510856,4.479908626896221,4.479908626896221,0.3684786366815418,0.34961370608922715,0.39468059616543333,0.04506689007620618
fscs_100,00000000000000000011,crop_loss,100,100,11.758363808383766,7.080049390419231,7.080049390419231,0.4645259601635907,0.36773551607914756,0.5159335787902277,0.14819806271108016
fscs_100,0000000000000000002b,crop_loss,100,100,10.08664339944783,5.827711333482542,5.827711333482542,0.4391033136111708,0.38598414911426254,0.4860964209209573,0.10011227180669474
fscs_100,0000000000000000003a,crop_loss,100,100,6.171197014516915,10.813853158427857,6.171197014516915,0.46208140058799696,0.35398950501792714,0.5206669291881861,0.166677424170259
fscs_100,0000000000000000009b,crop_loss,100,100,7.825445924434427,4.500261999106015,4.500261999106015,0.39529329927154927,0.3355612873046288,0.4877062739726856,0.15214498666805681
fscs_100,0000000000000000009d,crop_loss,100,100,11.507285413457797,3.0938323723791936,3.0938323723791936,0.462825052273044,0.42180999816034914,0.500525078356117,0.0787150801957679
fscs_100,000000000000000000a8,crop_loss,100,100,6.357775148688938,9.862277255119228,6.357775148688938,0.33470001674524846,0.31655544938745955,0.3740142234533447,0.05745877406588512
fscs_100,000000000000000000da,crop_loss,100,100,4.748346671286647,10.773846611346205,4.748346671286647,0.42403487369354226,0.31504775634282667,0.4929891227293727,0.177941366386546
fscs_100,000000000000000000e9,crop_loss,100,100,9.596764340114015,4.516017326467643,4.516017326467643,0.4837016870791635,0.42166808342888046,0.530039570036724,0.10837148660784351
fscs_100,0000000000000000011b,crop_loss,100,100,11.434588504764312,5.620489667649077,5.620489667649077,0.49143978909699,0.4594211293915909,0.5280775553527581,0.06865642596116722
fscs_100,00000000000000000128,crop_loss,100,100,6.8031093328843575,5.035876516940915,5.035876516940915,0.4399880157698576,0.38361963612599326,0.5125683216292453,0.128948685503252
fscs_100,0000000000000000016c,crop_loss,100,100,9.495256059699324,6.295079177159194,6.295079177159194,0.5331511039021168,0.46883182632342174,0.5799655278553164,0.11113370153189467
fscs_100,00000000000000000192,crop_loss,100,100,7.204262408900448,10.187435844939897,7.204262408900448,0.42257039399349666,0.3947953640027419,0.43986609169154733,0.045070727688805434
fscs_100,00000000000000000196,crop_loss,100,100,10.714235921850982,3.4444179365199363,3.4444179365199363,0.47067209885842537,0.4132622409043565,0.5140202941494175,0.10075805324506104
fscs_100,000000000000000001a6,crop_loss,100,100,9.102534124680751,10.999348953112134,9.102534124680751,0.3508307300533092,0.31076052289320016,0.3773784563379793,0.06661793344477912
fscs_100,000000000000000001e4,crop_loss,100,100,7.305660906066444,6.709802568271449,6.709802568271449,0.5211921451448663,0.491302967517582,0.5578936402613436,0.06659067274376157
fscs_100,000000000000000001f9,crop_loss,100,100,9.179119987108063,3.84542621069273,3.84542621069273,0.46716215455932714,0.43470454957152954,0.4885162425399325,0.053811692968402935
fscs_100,00000000000000000228,crop_loss,100,100,12.352721098896685,2.4971897536129575,2.4971897536129575,0.37606192937741495,0.30550820543616203,0.4370989486134376,0.1315907431772756
fscs_100,00000000000000000281,crop_loss,100,100,8.922006531454933,11.708102453487138,8.922006531454933,0.6629352746790067,0.6096809393550888,0.7152004475758186,0.10551950822072975
fscs_100,0000000000000000028c,crop_loss,100,48,10.394505053520973,4.668090896186911,4.668090896186911,0.5360105240839723,0.4090845457155228,0.6020188980699483,0.19293435235442558
fscs_100,0000000000000000028d,crop_loss,100,100,11.47404791397798,5.287778636231733,5.287778636231733,0.43981194870919793,0.3817013359057812,0.4959914422842954,0.11429010637851422
fscs_100,00000000000000000291,crop_loss,100,100,12.420259409679876,2.0524351869670405,2.0524351869670405,0.4841908798446235,0.40007721589625556,0.5453788898076078,0.1453016739113523
fscs_100,000000000000000002c5,crop_loss,100,100,8.552148363458867,11.903656761649357,8.552148363458867,0.3804821745787648,0.3472231240923909,0.437916951214263,0.09069382712187207
fscs_100,000000000000000002cc,crop_loss,100,100,10.79865402705041,7.6962914492483065,7.6962914492483065,0.4360589587657966,0.4030717060036376,0.46666118255766287,0.06358947655402525
fscs_100,000000000000000002dc,crop_loss,100,100,9.0546485838516,10.079760470555252,9.0546485838516,0.48935503451618856,0.45972953084014856,0.5280170263184443,0.06828749547829571
fscs_100,000000000000000002e4,crop_loss,100,100,4.344191961989,12.079285159850436,4.344191961989,0.5062409052147899,0.4703274513707312,0.5424692550757899,0.07214180370505874
fscs_100,000000000000000002ec,crop_loss,100,100,8.21630498879724,12.026446580768209,8.21630498879724,0.5230750582947485,0.4852480349478985,0.5785055612172594,0.0932575262693609
fscs_100,00000000000000000314,crop_loss,100,100,8.82566552711399,6.682025149695321,6.682025149695321,0.3725707770404395,0.34863761657421555,0.4136291388847919,0.06499152231057637
fscs_100,0000000000000000033a,crop_loss,100,100,6.917998328255963,10.605051055453405,6.917998328255963,0.4079912851602073,0.38317343008915616,0.4504929497848043,0.06731951969564814
fscs_100,000000000000000003a2,crop_loss,100,100,5.93627090243132,11.986364397761836,5.93627090243132,0.3940346788974603,0.3085802872952695,0.4681451971967844,0.1595649099015149
fscs_100,000000000000000003b0,crop_loss,100,100,8.123891098497815,10.634293616415366,8.123891098497815,0.42956126687029245,0.36456025254574115,0.5125729402408149,0.14801268769507375
fscs_100,000000000000000003c7,crop_loss,100,100,10.817563679176,1.3851521088551169,1.3851521088551169,0.4700337755814622,0.39390731891204206,0.5707051965407184,0.17679787762867633
fscs_100,000000000000000003c8,crop_loss,100,100,9.761209457064831,11.144692992518056,9.761209457064831,0.45266290190371766,0.39454205684872345,0.4756064138105362,0.08106435696181274
fscs_100,000000000000000003f2,crop_loss,100,100,8.16308973178691,8.519158139441126,8.16308973178691,0.5422737650024693,0.5005300940385012,0.5841761750777554,0.0836460810392542
fscs_100,0000000000000000046c,crop_loss,100,100,10.118157552688155,12.532553306121702,10.118157552688155,0.5225753247256567,0.47304406841696445,0.5735973890655669,0.10055332064860245
fscs_100,00000000000000000480,crop_loss,100,100,12.598719783179815,1.890191287300442,1.890191287300442,0.5640825937439764,0.539089916853994,0.5901055985183554,0.051015681664361434
fscs_100,00000000000000000483,crop_loss,100,100,12.162730288496766,4.6819878218970565,4.6819878218970565,0.4306277957833558,0.3902375498209091,0.4635931017405176,0.07335555191960852
fscs_100,00000000000000000485,crop_loss,100,100,10.383760527549523,5.55824664815824,5.55824664815824,0.503951569511128,0.47595050744534023,0.5422434251629565,0.0662929177176163
fscs_100,00000000000000000497,crop_loss,100,100,4.129921911852053,11.485266361677215,4.129921911852053,0.37381100480335633,0.3334729276100909,0.43567989418289127,0.10220696657280037
fscs_100,0000000000000000049b,crop_loss,100,100,8.722764476650703,8.106039196793917,8.106039196793917,0.3922046602934907,0.3540153634057615,0.4248643449814954,0.07084898157573388
fscs_100,000000000000000004a1,crop_loss,100,100,6.0890146591630785,9.683142082842949,6.0890146591630785,0.486275796098636,0.45611085694239295,0.5161192568907246,0.060008399948331625
fscs_100,000000000000000004e7,crop_loss,100,100,8.34158342465621,3.975867500728576,3.975867500728576,0.36761682092642367,0.32996744204972267,0.44283301070910663,0.11286556865938396
fscs_100,000000000000000004e9,crop_loss,100,100,9.6539493872686,8.10520476181022,8.10520476181022,0.4165167651843587,0.38234159928048866,0.4639345481865807,0.08159294890609203
fscs_100,000000000000000004f9,crop_loss,100,100,10.648005438709921,5.636796244477027,5.636796244477027,0.2965686468097643,0.1899742105997747,0.4150660884681369,0.2250918778683622
fscs_100,00000000000000000517,crop_loss,100,100,12.429999913519518,1.2476910470775504,1.2476910470775504,0.2249077065329167,0.18085715822599788,0.26951466466790747,0.08865750644190959
fscs_100,00000000000000000538,crop_loss,67,67,8.569130948148203,1.3134728832671183,1.3134728832671183,0.1929081214238488,0.15914169912480947,0.21855612645652464,0.059414427331715175
fscs_100,0000000000000000057e,crop_loss,100,95,12.24156595210745,1.9317413672823287,1.9317413672823287,0.3800387377080031,0.3583106006719937,0.400621922913961,0.042311322241967264
fscs_100,000000000000000005d1,crop_loss,100,100,10.680078326554323,8.116530441814419,8.116530441814419,0.40847661017826115,0.35329824611980837,0.445751830881381,0.09245358476157262
fscs_100,00000000000000000611,crop_loss,100,100,10.628340165770604,9.181549565366081,9.181549565366081,0.36648726730813297,0.31197968705488854,0.45669745076547386,0.1447177637105853
fscs_100,0000000000000000062f,crop_loss,100,100,8.221026283423955,7.791448087898183,7.791448087898183,0.3819928092059174,0.3119716259676628,0.4416036314440559,0.1296320054763931
fscs_100,00000000000000000632,crop_loss,84,86,9.010713918279086,6.360408759215291,6.360408759215291,0.40575143565248056,0.3776216483727805,0.45342802671356947,0.07580637834078896
fscs_100,0000000000000000063e,crop_loss,100,100,6.8313165086534555,10.725150921808682,6.8313165086534555,0.33848366663896884,0.2938089647579836,0.41223615458284335,0.11842718982485972
fscs_100,00000000000000000655,crop_loss,100,100,11.26608784837284,4.212440775592567,4.212440775592567,0.3417477063406396,0.28292810381546735,0.43474970544999214,0.1518216016345248
fscs_100,00000000000000000697,crop_loss,100,100,9.89694998426259,11.357304895860004,9.89694998426259,0.47131346222987586,0.4265971058386777,0.5079205389404909,0.08132343310181323
fscs_100,00000000000000000698,crop_loss,100,100,4.834149856293585,11.21616653802036,4.834149856293585,0.3738186518239423,0.29096040128614925,0.42115156625873423,0.13019116497258498
fscs_100,000000000000000006a8,crop_loss,100,100,6.417909246089322,8.80680872184565,6.417909246089322,0.44133109410000476,0.3977652272294074,0.4942601556787478,0.09649492844934043
fscs_100,000000000000000006b4,crop_loss,100,100,11.202455568771107,7.714082608880353,7.714082608880353,0.4860660001060047,0.45145283792823865,0.5240648709822066,0.0726120330539679
fscs_100,000000000000000006be,crop_loss,100,100,9.617248739270673,4.762214680649335,4.762214680649335,0.3831974992584621,0.3292851589809303,0.45047235108241906,0.12118719210148876
fscs_100,000000000000000006c0,crop_loss,100,100,11.949517303388836,1.4638785841660396,1.4638785841660396,0.17647576794409695,0.14891026589647854,0.2293994371765003,0.08048917128002175
fscs_100,000000000000000006cc,crop_loss,100,100,5.844717153693649,11.675562772555365,5.844717153693649,0.4848194309768813,0.4604468377627888,0.5129543752620273,0.05250753749923848
fscs_100,000000000000000006d9,crop_loss,100,100,7.805984222675749,11.988305199681875,7.805984222675749,0.4087667233318554,0.3476752532130005,0.4562386187370407,0.10856336552404017
fscs_100,000000000000000006e5,crop_loss,100,100,10.3927360519314,9.645650027722576,9.645650027722576,0.46988842969051187,0.44096098148792306,0.5194046964904018,0.07844371500247871
fscs_100,000000000000000002a4,built_loss,100,100,11.285003433453735,5.484370462525535,5.484370462525535,0.45025844441397794,0.3524412458895289,0.5337305028452491,0.18128925695572023
fscs_100,0000000000000000002d,crop_loss,60,76,7.2050939295022,4.965861242425682,4.965861242425682,0.4911873773316265,0.42505331587326095,0.550109052163176,0.125055736289915
fscs_100,000000000000000000e3,crop_loss,100,100,12.211122799609026,7.68286048137449,7.68286048137449,0.42131829081593825,0.33400205865338145,0.4548753054516315,0.12087324679825007
fscs_100,00000000000000000335,crop_loss,100,100,11.30905439959233,7.556498492247433,7.556498492247433,0.4118770842444519,0.3708647781484845,0.45935766389266963,0.08849288574418512
fscs_100,000000000000000003f1,crop_loss,66,74,8.231873039947295,9.33582502482794,8.231873039947295,0.43998524826909524,0.3850665866320231,0.5080103285822433,0.12294374195022018
fscs_100,0000000000000000044b,crop_loss,100,17,13.092042939741708,1.319845323228456,1.319845323228456,0.7604042875624639,0.7175292550454466,0.7791500367873669,0.061620781741920316
fscs_100,000000000000000006ce,crop_loss,100,100,9.70831600178312,4.294206732418659,4.294206732418659,0.4251395223974608,0.3357699561101968,0.512052970347927,0.17628301423773018
fscs_100,000000000000000004ee,crop_loss,100,100,10.89013362450508,3.6403580606809034,3.6403580606809034,0.42325362873273803,0.3392389913896392,0.48609787692840856,0.14685888553876936
spatial_thin_150_cap60,00000000000000000001,built_loss,43,11,11.682449910081571,5.288634686545433,5.288634686545433,0.4319753045079792,0.3381840083648442,0.4884396851556513,0.1502556767908071
spatial_thin_150_cap60,00000000000000000049,built_loss,27,3,7.652086789960563,2.093823656454302,2.093823656454302,0.4982307462852438,0.20948783411088162,0.622806700430343,0.4133188663194614
spatial_thin_150_cap60,0000000000000000004a,built_loss,40,28,11.555210917007104,8.430513774094413,8.430513774094413,0.48314623918229094,0.4256282127909641,0.626724427015974,0.2010962142250099
spatial_thin_150_cap60,0000000000000000004f,built_loss,41,25,12.460533928363965,8.5533715583492,8.5533715583492,0.4501580153539789,0.4210006201302878,0.4968325250452322,0.0758319049149444
spatial_thin_150_cap60,0000000000000000005a,built_loss,35,14,10.549313323969605,4.791213882003677,4.791213882003677,0.37992196293139957,0.30568547825176234,0.44207400616159626,0.1363885279098339
spatial_thin_150_cap60,00000000000000000079,built_loss,34,29,11.50026934682373,10.489234446749615,10.489234446749615,0.3762906014880316,0.31775603067905833,0.43501322181853286,0.11725719113947453
spatial_thin_150_cap60,00000000000000000085,built_loss,46,36,12.107080254960831,9.70783683910558,9.70783683910558,0.34760249391691145,0.2990343849227515,0.46300972130368584,0.16397533638093437
spatial_thin_150_cap60,00000000000000000087,built_loss,27,46,8.005753603214355,11.886164359675462,8.005753603214355,0.5380728254765065,0.4438495371307504,0.6347328214597486,0.1908832843289982
spatial_thin_150_cap60,000000000000000000a1,built_loss,35,17,11.232265471595028,6.298103831371496,6.298103831371496,0.39399527553512664,0.3250867619713117,0.4424744754987482,0.11738771352743649
spatial_thin_150_cap60,000000000000000000b8,built_loss,38,32,9.892206919828258,8.145878946533859,8.145878946533859,0.5054863231395527,0.4600919889134329,0.5605560548776926,0.10046406596425966
spatial_thin_150_cap60,000000000000000000c0,built_loss,39,32,10.061784440041446,8.47583372830861,8.47583372830861,0.4324281260625677,0.3651465286072748,0.4901104088563533,0.12496388024907851
spatial_thin_150_cap60,000000000000000000e2,built_loss,47,25,12.619500020662258,8.380264448724146,8.380264448724146,0.41157863126593247,0.33859780113881716,0.46106333027760676,0.12246552913878961
spatial_thin_150_cap60,000000000000000000f0,built_loss,33,50,10.500778428925674,11.997718602212853,10.500778428925674,0.43875588781507885,0.3781600565301805,0.5012158761255356,0.12305581959535516
spatial_thin_150_cap60,000000000000000000f8,built_loss,41,34,13.328451722353464,11.072016100661754,11.072016100661754,0.4432929785299806,0.38990946518569425,0.5176473452562143,0.12773788007052
spatial_thin_150_cap60,00000000000000000114,built_loss,38,30,9.99621331605879,8.370213709714584,8.370213709714584,0.45835188811923083,0.4097031903115054,0.5614896062479058,0.15178641593640035
spatial_thin_150_cap60,0000000000000000011c,built_loss,49,8,13.292416305623739,2.8542409803654634,2.8542409803654634,0.4598094599117161,0.3335833063942391,0.5076683035403795,0.1740849971461404
spatial_thin_150_cap60,00000000000000000151,built_loss,48,7,12.965013900587058,1.7768630224457636,1.7768630224457636,0.43072795222310295,0.38386548288222605,0.5741660187805188,0.1903005358982927
spatial_thin_150_cap60,00000000000000000161,built_loss,44,45,12.243408923796386,11.421173072653623,11.421173072653623,0.5038573467289886,0.42281593058815903,0.5678715554326389,0.14505562484447987
spatial_thin_150_cap60,0000000000000000016a,built_loss,45,12,12.96129810595147,5.491768392779883,5.491768392779883,0.39254598416994574,0.29818875168367875,0.4528979973067659,0.15470924562308713
spatial_thin_150_cap60,00000000000000000176,built_loss,46,19,11.590584230655022,6.641944851023304,6.641944851023304,0.5806140532323317,0.542282177047674,0.676141376466062,0.13385919941838798
spatial_thin_150_cap60,000000000000000001a8,built_loss,37,31,10.690104172153895,10.112586420844394,10.112586420844394,0.5100048299741463,0.4641505857867581,0.6077510009842093,0.1436004151974512
spatial_thin_150_cap60,000000000000000001be,built_loss,42,2,11.214919055167082,1.9999992491585987,1.9999992491585987,0.715674584829591,0.6779935288350534,0.745369889842522,0.06737636100746858
spatial_thin_150_cap60,000000000000000001cd,built_loss,44,43,11.083877118383434,12.12140037735803,11.083877118383434,0.5677092287681459,0.46317886210543235,0.6415779323879238,0.17839907028249147
spatial_thin_150_cap60,000000000000000001e5,built_loss,47,20,11.673051815835748,5.9803764340195915,5.9803764340195915,0.35757325893331887,0.3025720601609452,0.4788800598230409,0.1763079996620957
spatial_thin_150_cap60,00000000000000000206,built_loss,27,48,7.654245873648611,11.780382841215754,7.654245873648611,0.5608670102275297,0.4647009448518784,0.6969533693209907,0.23225242446911232
spatial_thin_150_cap60,00000000000000000209,built_loss,41,28,11.957567953040435,8.726494014922723,8.726494014922723,0.5096048731330549,0.43829694851787754,0.6256281076780175,0.18733115916013993
spatial_thin_150_cap60,00000000000000000231,built_loss,39,32,10.183787541307272,9.323162346584073,9.323162346584073,0.5592206047011999,0.4942696204328798,0.6394015565499253,0.14513193611704545
spatial_thin_150_cap60,0000000000000000024c,built_loss,47,34,13.318632525333696,8.846765328467232,8.846765328467232,0.4600664741239681,0.38912952056745415,0.5433901295133875,0.15426060894593335
spatial_thin_150_cap60,0000000000000000026d,built_loss,41,41,11.028896460615321,11.158484656380534,11.028896460615321,0.46591439618230723,0.4058312817501599,0.5487984265873317,0.14296714483717177
spatial_thin_150_cap60,00000000000000000278,built_loss,40,25,10.997917144281471,6.72210148733409,6.72210148733409,0.5556582918193583,0.45506910270201767,0.6340853502952525,0.1790162475932348
spatial_thin_150_cap60,00000000000000000293,built_loss,21,22,7.453674692193518,7.83910818443681,7.453674692193518,0.4977773417403575,0.4225524900073495,0.5822593806087966,0.15970689060144705
spatial_thin_150_cap60,00000000000000000316,built_loss,48,10,12.0053320288586,3.540820973461749,3.540820973461749,0.3852268656100975,0.3461297915335775,0.4424763473977375,0.09634655586416002
spatial_thin_150_cap60,0000000000000000034d,built_loss,46,1,13.10235473312742,1.0,1.0,0.6335078004783523,0.5910017643704901,0.6763386293665028,0.08533686499601267
spatial_thin_150_cap60,00000000000000000356,built_loss,39,22,12.452465164075138,7.405120864246279,7.405120864246279,0.42020251849435436,0.34281340898413054,0.5946613401807113,0.2518479311965807
spatial_thin_150_cap60,00000000000000000362,built_loss,28,45,9.159883296959181,11.92627353664804,9.159883296959181,0.47788332540202777,0.3982001620282227,0.6156177727082511,0.2174176106800284
spatial_thin_150_cap60,00000000000000000363,built_loss,37,40,11.08447097375213,10.490859016665123,10.490859016665123,0.46110772351415963,0.3588194717240201,0.5627699133735722,0.20395044164955206
spatial_thin_150_cap60,00000000000000000364,built_loss,46,13,12.666075575175872,6.868810839067764,6.868810839067764,0.4471474791265088,0.32864213171483814,0.5201530771337776,0.19151094541893943
spatial_thin_150_cap60,00000000000000000375,built_loss,42,35,10.719054985157744,8.162062147441292,8.162062147441292,0.4317624618614436,0.3470687493588002,0.47631317363834397,0.12924442427954375
spatial_thin_150_cap60,00000000000000000380,built_loss,49,18,12.652012313379775,5.689083855417241,5.689083855417241,0.3784972213389386,0.3182929997880822,0.4671378833712306,0.1488448835831484
spatial_thin_150_cap60,00000000000000000384,built_loss,36,34,9.400001219835039,10.401396796506932,9.400001219835039,0.47266158216581616,0.4022511026194628,0.5531290141854981,0.1508779115660353
spatial_thin_150_cap60,0000000000000000039e,built_loss,54,2,12.95186377802053,1.4826177474289868,1.4826177474289868,0.47632293176572144,0.3351578787278254,0.5918438385740019,0.25668595984617654
spatial_thin_150_cap60,000000000000000003a1,built_loss,29,17,9.9222257721868,6.408355027912219,6.408355027912219,0.5677717488975565,0.4720978020886631,0.644718040852247,0.17262023876358396
spatial_thin_150_cap60,000000000000000003a5,built_loss,35,48,11.49519954582285,12.799487403183697,11.49519954582285,0.39469425968853195,0.34719806736060915,0.4777920808898965,0.13059401352928734
spatial_thin_150_cap60,000000000000000003b7,built_loss,40,15,11.821106096607458,6.311673647831296,6.311673647831296,0.5113299268970299,0.3414609809683557,0.7010031169317533,0.3595421359633976
spatial_thin_150_cap60,000000000000000003bf,built_loss,34,38,10.795550131825046,11.55978551490833,10.795550131825046,0.38979730951297964,0.31697274328853164,0.502108992557162,0.18513624926863037
spatial_thin_150_cap60,000000000000000003d2,built_loss,36,27,9.878055099866895,7.774105430662103,7.774105430662103,0.5198002635812954,0.4108568359679148,0.6233281805608715,0.2124713445929567
spatial_thin_150_cap60,000000000000000003f8,built_loss,43,21,11.182372268599627,5.943482647397486,5.943482647397486,0.3624143363389813,0.3190233779528974,0.4254240362106776,0.10640065825778017
spatial_thin_150_cap60,000000000000000003fa,built_loss,36,36,10.433377573485615,8.961192942495794,8.961192942495794,0.43956372968463797,0.3598360840806437,0.5592771495171265,0.19944106543648277
spatial_thin_150_cap60,00000000000000000407,built_loss,45,39,11.993522209758314,10.308812396485346,10.308812396485346,0.47318870715556716,0.4228578364569777,0.5636392369710886,0.14078140051411092
spatial_thin_150_cap60,0000000000000000040f,built_loss,28,37,8.499356645034586,9.943615860048558,8.499356645034586,0.3288544853732023,0.2535893632827413,0.38328847989493675,0.12969911661219546
spatial_thin_150_cap60,00000000000000000426,built_loss,43,36,11.745897245806232,9.760710804254527,9.760710804254527,0.45582034432921026,0.42041659321081415,0.5099333164613569,0.08951672325054272
spatial_thin_150_cap60,0000000000000000042b,built_loss,34,46,10.235264767337815,12.653781161992711,10.235264767337815,0.46865003625713614,0.39000136486299397,0.5322756011089852,0.14227423624599123
spatial_thin_150_cap60,00000000000000000442,built_loss,47,23,12.943300997623583,5.383665504449323,5.383665504449323,0.3475957026558745,0.26697431482859285,0.45070610811582845,0.1837317932872356
spatial_thin_150_cap60,00000000000000000465,built_loss,47,27,12.301792927754745,8.613290739424151,8.613290739424151,0.4751678275979336,0.3898753852922813,0.5754051328289553,0.18552974753667406
spatial_thin_150_cap60,0000000000000000047e,built_loss,42,29,12.188973068855558,8.911479878563588,8.911479878563588,0.5015956945142991,0.4349328325576913,0.5419164070351599,0.10698357447746859
spatial_thin_150_cap60,00000000000000000490,built_loss,36,46,11.235699753246244,12.280606660047521,11.235699753246244,0.5273458248157742,0.4177175119032366,0.5785338711604706,0.16081635925723403
spatial_thin_150_cap60,000000000000000004c0,built_loss,32,42,10.453631695327568,11.68580157927634,10.453631695327568,0.5143820043538173,0.41667507452495567,0.5777403621734672,0.16106528764851158
spatial_thin_150_cap60,000000000000000004c5,built_loss,42,35,10.333120930887507,9.275244999064304,9.275244999064304,0.5233591125425705,0.47297778121353645,0.5774729229751581,0.10449514176162161
spatial_thin_150_cap60,000000000000000004d2,built_loss,48,35,12.522480240109806,11.349177825692685,11.349177825692685,0.5650997719523192,0.4928019835814991,0.6358081457372472,0.14300616215574807
spatial_thin_150_cap60,000000000000000004d9,built_loss,41,39,11.915105199348638,9.823429742997401,9.823429742997401,0.39135862108901054,0.3337309192821097,0.47220045467627947,0.13846953539416978
spatial_thin_150_cap60,000000000000000004eb,built_loss,38,37,10.415143297955005,11.05743657746151,10.415143297955005,0.40729026569071713,0.33602029383352594,0.5293112948265446,0.19329100099301866
spatial_thin_150_cap60,000000000000000004f5,built_loss,25,45,9.599004740222943,13.05665516369917,9.599004740222943,0.4775521029171825,0.39397439533409395,0.5677099147174458,0.17373551938335186
spatial_thin_150_cap60,000000000000000004f7,built_loss,50,22,12.208990394185689,8.792691448948782,8.792691448948782,0.4511260415078451,0.39229293767801965,0.5444501173613482,0.15215717968332854
spatial_thin_150_cap60,000000000000000004fe,built_loss,47,35,13.11680595064191,11.842881200757978,11.842881200757978,0.4491922575688676,0.3678604383848846,0.49256457944941934,0.12470414106453476
spatial_thin_150_cap60,0000000000000000051d,built_loss,48,14,12.379022096127718,5.8737256626139605,5.8737256626139605,0.3847530678905422,0.3018379820909932,0.5541295668817133,0.2522915847907201
spatial_thin_150_cap60,00000000000000000559,built_loss,40,35,11.662860637421469,10.053609542617952,10.053609542617952,0.45486628683133473,0.372947060608529,0.517148150535103,0.144201089926574
spatial_thin_150_cap60,00000000000000000576,built_loss,43,36,11.516890331744689,8.820825334470662,8.820825334470662,0.4448716434428762,0.4085387136252103,0.500849541837165,0.09231082821195469
spatial_thin_150_cap60,00000000000000000577,built_loss,42,38,10.984763926500461,9.981900594380193,9.981900594380193,0.4989646278020027,0.41879538092817437,0.5585007950347605,0.1397054141065861
spatial_thin_150_cap60,0000000000000000057f,built_loss,33,19,8.910262299764192,5.501434689254662,5.501434689254662,0.3628535771667468,0.30951785199623616,0.49616912784418854,0.18665127584795238
spatial_thin_150_cap60,00000000000000000594,built_loss,46,15,12.912952593236533,6.6976695731720355,6.6976695731720355,0.33933452859229213,0.2821007422685162,0.5884936700896128,0.3063929278210966
spatial_thin_150_cap60,000000000000000005ad,built_loss,47,30,11.362698246101957,8.848865653126085,8.848865653126085,0.5040715028501976,0.41183641267920057,0.5726284407764696,0.160792028097269
spatial_thin_150_cap60,000000000000000005bd,built_loss,35,4,9.82371113374136,1.6372265975063136,1.6372265975063136,0.5287069629332021,0.39769990765169805,0.6371146240216161,0.23941471636991807
spatial_thin_150_cap60,000000000000000005bf,built_loss,41,12,10.049754726978797,4.862736180511803,4.862736180511803,0.4139375500124738,0.29604481112536984,0.5276106553946144,0.23156584426924454
spatial_thin_150_cap60,000000000000000005cc,built_loss,39,8,9.500542748108298,3.3634263091258165,3.3634263091258165,0.40737641312315936,0.3314720945537313,0.4842364793984906,0.15276438484475935
spatial_thin_150_cap60,000000000000000005de,built_loss,31,28,9.764627851903047,7.881866696859802,7.881866696859802,0.5190473442987565,0.42258684984129513,0.6134653836922889,0.19087853385099374
spatial_thin_150_cap60,000000000000000005e7,built_loss,34,40,11.185850152275123,10.717210816895435,10.717210816895435,0.4509589817123725,0.39043191208816885,0.5181219439833401,0.12769003189517125
spatial_thin_150_cap60,000000000000000005f9,built_loss,43,31,12.74251768959738,9.968966101433637,9.968966101433637,0.4376460768799264,0.39136215158463067,0.5349648830437277,0.14360273145909702
spatial_thin_150_cap60,0000000000000000061c,built_loss,47,23,11.612953678605693,5.627959523382429,5.627959523382429,0.37030611713932093,0.29255872779053016,0.47543905283538096,0.1828803250448508
spatial_thin_150_cap60,00000000000000000624,built_loss,39,22,10.151718093808798,6.529717402646607,6.529717402646607,0.500401091367907,0.38918413243324873,0.5869981193412895,0.1978139869080408
spatial_thin_150_cap60,00000000000000000626,built_loss,26,35,7.729777160599008,8.465272003885154,7.729777160599008,0.34058170772352997,0.29733525912718267,0.44973812168155086,0.1524028625543682
spatial_thin_150_cap60,0000000000000000062a,built_loss,52,27,12.382200985256455,8.551703958727446,8.551703958727446,0.4822702510579929,0.4194508909353464,0.5362593895304799,0.11680849859513354
spatial_thin_150_cap60,00000000000000000636,built_loss,45,18,11.122583447510305,6.118539590915932,6.118539590915932,0.4332040648770125,0.3319517673017325,0.521150108379468,0.18919834107773548
spatial_thin_150_cap60,0000000000000000064a,built_loss,44,35,12.526680867425707,9.23665273960701,9.23665273960701,0.3705614064617537,0.3239578744363102,0.4765467099892654,0.15258883555295522
spatial_thin_150_cap60,0000000000000000064d,built_loss,47,20,12.20563031317501,7.27749355758536,7.27749355758536,0.3953217213273847,0.3726968404339473,0.4535935428516503,0.08089670241770303
spatial_thin_150_cap60,00000000000000000694,built_loss,41,25,12.128676953158505,6.222689204843681,6.222689204843681,0.444132383696398,0.387386413044833,0.5088400824988303,0.12145366945399727
spatial_thin_150_cap60,0000000000000000069d,built_loss,41,34,11.795441436130796,10.128200203870506,10.128200203870506,0.5076267602062964,0.4463745602720966,0.5667252177546726,0.12035065748257595
spatial_thin_150_cap60,000000000000000006b7,built_loss,31,43,8.299196366994153,9.601464453386479,8.299196366994153,0.43488995193456464,0.3287240149980945,0.5153865146965432,0.18666249969844867
spatial_thin_150_cap60,000000000000000006df,built_loss,49,14,13.025912689926002,4.506122031858042,4.506122031858042,0.4353448410030493,0.3304902326257712,0.5101070345606404,0.17961680193486923
spatial_thin_150_cap60,000000000000000006e3,built_loss,41,15,12.878323422668524,5.3397049141459245,5.3397049141459245,0.38038325658340316,0.3266509760618083,0.453511796678439,0.12686082061663068
spatial_thin_150_cap60,00000000000000000011,crop_loss,42,30,12.919565220500976,8.451624383017553,8.451624383017553,0.515538397214724,0.33385621707171015,0.5755606524563223,0.24170443538461212
spatial_thin_150_cap60,0000000000000000002b,crop_loss,45,30,11.493282715542678,7.674953864988279,7.674953864988279,0.4354981997548776,0.3194234132093229,0.526682765672836,0.20725935246351312
spatial_thin_150_cap60,0000000000000000003a,crop_loss,26,44,9.448309685168029,11.003795176097196,9.448309685168029,0.45529458603321765,0.2976887280551278,0.5388375660281319,0.24114883797300413
spatial_thin_150_cap60,0000000000000000009b,crop_loss,32,19,8.444266750178826,5.968832941141646,5.968832941141646,0.43851225999566096,0.29435528504504044,0.606792576714819,0.31243729166977857
spatial_thin_150_cap60,0000000000000000009d,crop_loss,43,9,12.021472758469747,5.073467699474756,5.073467699474756,0.4333545092274991,0.31274505851114287,0.5543049834903799,0.24155992497923706
spatial_thin_150_cap60,000000000000000000a8,crop_loss,28,39,7.651738625923083,10.835657993613689,7.651738625923083,0.4059114015137907,0.34219295852358594,0.5631820751891897,0.22098911666560378
spatial_thin_150_cap60,000000000000000000da,crop_loss,24,47,7.478067271506793,12.523332281261974,7.478067271506793,0.4592122028411941,0.29133203542979713,0.556675353550515,0.2653433181207179
spatial_thin_150_cap60,000000000000000000e9,crop_loss,42,23,10.859820710455883,7.231360393987469,7.231360393987469,0.47269529509822494,0.3283552295968033,0.5502078381069485,0.2218526085101452
spatial_thin_150_cap60,0000000000000000011b,crop_loss,48,31,13.05926405579012,8.323916296940673,8.323916296940673,0.47454752860259847,0.38442313416156765,0.5265295296590041,0.14210639549743648
spatial_thin_150_cap60,00000000000000000128,crop_loss,38,22,8.496465849013493,6.549168167971467,6.549168167971467,0.3893080550275059,0.32865467801090587,0.5075584537783919,0.17890377576748606
spatial_thin_150_cap60,0000000000000000016c,crop_loss,35,30,10.57283675095214,6.9572698563621875,6.9572698563621875,0.46393368803130014,0.3702884161369493,0.5817329080195882,0.21144449188263892
spatial_thin_150_cap60,00000000000000000192,crop_loss,29,41,8.142786609823256,9.996053436344742,8.142786609823256,0.42117595407780084,0.38408697641673134,0.464411212045949,0.08032423562921764
spatial_thin_150_cap60,00000000000000000196,crop_loss,47,16,12.151135312841989,6.478422749308402,6.478422749308402,0.4791187959821109,0.3565462016225126,0.5612894517245756,0.20474325010206296
spatial_thin_150_cap60,000000000000000001a6,crop_loss,34,43,10.684980315908739,12.022776411096844,10.684980315908739,0.35566224347727954,0.27169065510624857,0.4086008329574458,0.13691017785119725
spatial_thin_150_cap60,000000000000000001e4,crop_loss,32,30,8.647875395581696,7.420421630016358,7.420421630016358,0.49415556189989807,0.41181351647667264,0.5577184061892689,0.1459048897125963
spatial_thin_150_cap60,000000000000000001f9,crop_loss,41,21,10.291889726985513,4.818323021866912,4.818323021866912,0.46586671628441423,0.3954894413486147,0.5347840272335457,0.139294585884931
spatial_thin_150_cap60,00000000000000000228,crop_loss,46,10,13.45069162695897,4.234297968804579,4.234297968804579,0.3361663327318777,0.2569120401694552,0.485937015094631,0.22902497492517582
spatial_thin_150_cap60,00000000000000000281,crop_loss,33,52,11.527681911747635,13.058767487639972,11.527681911747635,0.6440924449192086,0.5037757160648045,0.7270626097491113,0.22328689368430676
spatial_thin_150_cap60,0000000000000000028c,crop_loss,40,8,11.45737095959291,5.7628625715308495,5.7628625715308495,0.5193993870160138,0.3179958396578372,0.642630786864054,0.3246349472062168
spatial_thin_150_cap60,0000000000000000028d,crop_loss,45,16,12.030368692916419,7.881209190045676,7.881209190045676,0.52506822405214,0.3889081205637523,0.6234241980277969,0.23451607746404463
spatial_thin_150_cap60,00000000000000000291,crop_loss,49,7,12.445859587422252,3.090908722134912,3.090908722134912,0.4854716009361491,0.3207290084306008,0.6515628903246004,0.33083388189399954
spatial_thin_150_cap60,000000000000000002c5,crop_loss,34,40,9.81318071449048,12.539062942539987,9.81318071449048,0.43513980027338706,0.31307522350445643,0.46647274978091724,0.1533975262764608
spatial_thin_150_cap60,000000000000000002cc,crop_loss,43,32,12.116781577795363,9.497771013423078,9.497771013423078,0.4299071493441703,0.36840101664582986,0.4917171743229127,0.12331615767708282
spatial_thin_150_cap60,000000000000000002dc,crop_loss,33,46,10.007622369278213,12.041618185840646,10.007622369278213,0.545737744012066,0.4813518136326625,0.6016557055985036,0.12030389196584107
spatial_thin_150_cap60,000000000000000002e4,crop_loss,19,54,7.886187632107225,12.452559568021162,7.886187632107225,0.4649471308341852,0.35758283664493745,0.5326213331781148,0.17503849653317732
spatial_thin_150_cap60,000000000000000002ec,crop_loss,28,44,10.017485084851062,13.130337211970321,10.017485084851062,0.5281085228118119,0.4659852701532739,0.5924281269996947,0.12644285684642081
spatial_thin_150_cap60,00000000000000000314,crop_loss,37,33,9.867848822299035,7.325311471228916,7.325311471228916,0.3803106985214619,0.34148209578513944,0.4404868828135395,0.09900478702840004
spatial_thin_150_cap60,0000000000000000033a,crop_loss,31,46,10.974453885098951,11.400114284654185,10.974453885098951,0.42568484059839545,0.36287448098978997,0.5431081843280791,0.1802337033382891
spatial_thin_150_cap60,000000000000000003a2,crop_loss,31,43,9.112582409663245,12.118348213150696,9.112582409663245,0.410443373622404,0.25291185459097704,0.4761098602722438,0.22319800568126674
spatial_thin_150_cap60,000000000000000003b0,crop_loss,30,44,10.213770963681126,12.699780650826282,10.213770963681126,0.46174979624222273,0.3632953211590244,0.5226944323677828,0.15939911120875838
spatial_thin_150_cap60,000000000000000003c7,crop_loss,51,4,11.514846220535611,2.3426013920961477,2.3426013920961477,0.49405454355493805,0.24404421502269016,0.6942307101024686,0.4501864950797785
spatial_thin_150_cap60,000000000000000003c8,crop_loss,34,43,11.06605873267637,11.893673720267646,11.06605873267637,0.48479222117001053,0.4478807199559543,0.5115511695945036,0.06367044963854934
spatial_thin_150_cap60,000000000000000003f2,crop_loss,37,40,10.337270520346973,9.629576669907033,9.629576669907033,0.5836082851432802,0.505812127265898,0.6414565975337263,0.13564447026782833
spatial_thin_150_cap60,0000000000000000046c,crop_loss,36,51,11.37362326882005,13.116598919901756,11.37362326882005,0.5080613737940042,0.42834652456620553,0.5819209847795432,0.1535744602133377
spatial_thin_150_cap60,00000000000000000480,crop_loss,50,9,13.190315572728498,3.2059812489225186,3.2059812489225186,0.5218921287150972,0.4276830654765703,0.6178356096551416,0.1901525441785713
spatial_thin_150_cap60,00000000000000000483,crop_loss,48,16,12.862329629744657,6.599996245725239,6.599996245725239,0.4159375311435093,0.3690503399459532,0.4748167499682386,0.10576641002228537
spatial_thin_150_cap60,00000000000000000485,crop_loss,42,23,11.084685970027127,6.318089907029059,6.318089907029059,0.47556514267512723,0.3387522289671454,0.5223424824996173,0.18359025353247194
spatial_thin_150_cap60,00000000000000000497,crop_loss,21,46,6.294200291009462,12.829563186158627,6.294200291009462,0.43569073941504877,0.35887447634282893,0.513603606251645,0.1547291299088161
spatial_thin_150_cap60,0000000000000000049b,crop_loss,37,30,9.157824353353082,8.829820471595973,8.829820471595973,0.3921943050252414,0.31522548494503577,0.4955426796931525,0.18031719474811675
spatial_thin_150_cap60,000000000000000004a1,crop_loss,24,41,7.641162355617348,10.533269468705656,7.641162355617348,0.5007355519683989,0.4277621974312241,0.53727940342446,0.10951720599323589
spatial_thin_150_cap60,000000000000000004e7,crop_loss,38,16,10.178405948572413,4.907449172212506,4.907449172212506,0.3779354191514273,0.2715501336674225,0.5099330618064962,0.23838292813907375
spatial_thin_150_cap60,000000000000000004e9,crop_loss,36,39,10.760887144239875,10.892645035393613,10.760887144239875,0.44313504003766657,0.35420383830483787,0.5094428999988573,0.1552390616940194
spatial_thin_150_cap60,000000000000000004f9,crop_loss,43,26,11.97045256622635,7.098058733255692,7.098058733255692,0.3360237827335266,0.22073283923654527,0.4401507519467853,0.21941791271024005
spatial_thin_150_cap60,00000000000000000517,crop_loss,47,3,12.81052801227534,1.3974386350724433,1.3974386350724433,0.27406487186529227,0.12223978054975772,0.33019623427427036,0.20795645372451266
spatial_thin_150_cap60,00000000000000000538,crop_loss,36,5,9.34674368987544,2.4021299360204402,2.4021299360204402,0.285849815367315,0.1027567048627231,0.3497112242641006,0.24695451940137753
spatial_thin_150_cap60,0000000000000000057e,crop_loss,49,4,12.730539033525336,3.6223022088896553,3.6223022088896553,0.5396463314947948,0.33824833484843997,0.6008728768514084,0.2626245420029685
spatial_thin_150_cap60,000000000000000005d1,crop_loss,47,34,11.98465809241605,9.538437167294042,9.538437167294042,0.3646330843060266,0.32373648530276083,0.4427893586717643,0.11905287336900344
spatial_thin_150_cap60,00000000000000000611,crop_loss,39,41,11.188794357093316,11.34420585704541,11.188794357093316,0.35469998589930296,0.28494433383827816,0.47033732746391016,0.185392993625632
spatial_thin_150_cap60,0000000000000000062f,crop_loss,36,37,9.675493965447059,9.689646790223277,9.675493965447059,0.4919052324575285,0.3696453900773044,0.5868444294226035,0.2171990393452991
spatial_thin_150_cap60,00000000000000000632,crop_loss,33,26,9.455228866675256,7.2159979814833015,7.2159979814833015,0.3993370691602393,0.3609960169737672,0.5011383988239044,0.14014238185013722
spatial_thin_150_cap60,0000000000000000063e,crop_loss,25,47,8.597687426580567,12.021984769412006,8.597687426580567,0.3763726195159002,0.32557761160934656,0.4542094042828885,0.1286317926735419
spatial_thin_150_cap60,00000000000000000655,crop_loss,49,21,13.074164792070787,5.325777593565723,5.325777593565723,0.34325186601645774,0.2097514546008407,0.39232379737006423,0.18257234276922354
spatial_thin_150_cap60,00000000000000000697,crop_loss,39,43,11.068892266890426,12.713321348306009,11.068892266890426,0.47207937041089726,0.4099166059097656,0.5227047234202006,0.112788117510435
spatial_thin_150_cap60,00000000000000000698,crop_loss,20,46,6.181648675784034,13.438539805230437,6.181648675784034,0.4641079309789448,0.293013822154472,0.5036008381391907,0.21058701598471863
spatial_thin_150_cap60,000000000000000006a8,crop_loss,31,40,8.78535933481939,9.95674909600533,8.78535933481939,0.46713743993400453,0.3863720702603655,0.559108174086337,0.17273610382597143
spatial_thin_150_cap60,000000000000000006b4,crop_loss,50,31,12.005289747929224,9.595844636110167,9.595844636110167,0.4942636370214782,0.41504878306474274,0.5530262494210056,0.1379774663562629
spatial_thin_150_cap60,000000000000000006be,crop_loss,43,17,11.659844267573826,5.571207971457472,5.571207971457472,0.424938619679018,0.3106779025429666,0.536443808541579,0.2257659059986124
spatial_thin_150_cap60,000000000000000006c0,crop_loss,46,6,12.484568059769014,1.926604846798207,1.926604846798207,0.20606936331269818,0.13004349781582325,0.7224928313631693,0.5924493335473461
spatial_thin_150_cap60,000000000000000006cc,crop_loss,25,46,7.780937195432295,12.458357177564698,7.780937195432295,0.47640314382050036,0.4506336427426743,0.5564503672758565,0.1058167245331822
spatial_thin_150_cap60,000000000000000006d9,crop_loss,22,48,8.154797579790623,12.655896980355882,8.154797579790623,0.43088757557141233,0.27693973281720774,0.5058222750544389,0.22888254223723115
spatial_thin_150_cap60,000000000000000006e5,crop_loss,41,39,11.13301717987979,10.090988581758499,10.090988581758499,0.46466573327471594,0.40400239764305784,0.5574371363278955,0.15343473868483765
spatial_thin_150_cap60,000000000000000002a4,built_loss,47,24,12.816561862763526,8.47228234035919,8.47228234035919,0.5189910561957037,0.34887939647022803,0.5740279446016017,0.22514854813137364
spatial_thin_150_cap60,0000000000000000002d,crop_loss,32,25,9.49515247616011,8.760554582746298,8.760554582746298,0.5037001786368466,0.3875141974477727,0.5849482505036127,0.19743405305583994
spatial_thin_150_cap60,000000000000000000e3,crop_loss,44,33,12.17004441814214,9.014396937000361,9.014396937000361,0.4370212223079705,0.29086520275558625,0.4907566906617034,0.19989148790611716
spatial_thin_150_cap60,00000000000000000335,crop_loss,43,32,12.341947529965752,8.0143407370364,8.0143407370364,0.4711797897819547,0.38431919569362294,0.5229942751881095,0.13867507949448654
spatial_thin_150_cap60,000000000000000003f1,crop_loss,26,32,9.671972042734055,9.995639608306844,9.671972042734055,0.3858984134771748,0.31460375335718727,0.49846000013564756,0.1838562467784603
spatial_thin_150_cap60,0000000000000000044b,crop_loss,49,3,13.32839583626738,1.6749622437732203,1.6749622437732203,0.7378630413828148,0.7042457492713058,0.8081403030008311,0.10389455372952527
spatial_thin_150_cap60,000000000000000006ce,crop_loss,43,21,10.284760351392192,6.095989136659567,6.095989136659567,0.5870379193247649,0.45246606644339754,0.6838835591279939,0.23141749268459638
spatial_thin_150_cap60,000000000000000004ee,crop_loss,46,17,11.83919905775277,4.231378569971584,4.231378569971584,0.44382526174295917,0.34733015474538276,0.5825044379506154,0.2351742832052326
spatial_thin_300_cap60,00000000000000000001,built_loss,20,7,11.622099994491839,5.4951964074754045,5.4951964074754045,0.39955654231042753,0.2964105277049899,0.500500686862329,0.20409015915733908
spatial_thin_300_cap60,00000000000000000049,built_loss,10,2,6.961165922727655,1.995891590859384,1.995891590859384,0.38104106977895424,0.2804550399072997,0.5206354809719044,0.24018044106460468
spatial_thin_300_cap60,0000000000000000004a,built_loss,19,14,11.190996793591225,8.887516399546682,8.887516399546682,0.4763497463738481,0.2954618008573114,0.6675054243411189,0.37204362348380754
spatial_thin_300_cap60,0000000000000000004f,built_loss,21,13,13.133245786093726,8.467597499666562,8.467597499666562,0.40505058753619166,0.368361898614197,0.49721375077725943,0.12885185216306244
spatial_thin_300_cap60,0000000000000000005a,built_loss,19,8,11.448074990911012,5.920958560681391,5.920958560681391,0.38232351948595117,0.30512232409718026,0.5074830781762528,0.20236075407907256
spatial_thin_300_cap60,00000000000000000079,built_loss,19,16,11.362121681006647,10.974944930129954,10.974944930129954,0.418388544514709,0.3143128970227985,0.48880571504253917,0.17449281801974065
spatial_thin_300_cap60,00000000000000000085,built_loss,18,17,11.886785394242246,10.219147817876538,10.219147817876538,0.38059788658809673,0.2864783040484708,0.5113548479953423,0.22487654394687145
spatial_thin_300_cap60,00000000000000000087,built_loss,13,20,8.687326810680833,12.487157648007608,8.687326810680833,0.5703427999787154,0.4301178382894277,0.7366615967511817,0.306543758461754
spatial_thin_300_cap60,000000000000000000a1,built_loss,19,10,11.922354373162355,6.887842957584633,6.887842957584633,0.49418513861802776,0.3872818373003977,0.5771674643574799,0.18988562705708217
spatial_thin_300_cap60,000000000000000000b8,built_loss,17,14,10.886703720989807,8.294867576656541,8.294867576656541,0.5478739594992844,0.46112045714822325,0.5834049504530607,0.12228449330483748
spatial_thin_300_cap60,000000000000000000c0,built_loss,19,14,11.256823275617837,9.234273875802735,9.234273875802735,0.41476537363820226,0.34278740108770944,0.48485090642318307,0.14206350533547363
spatial_thin_300_cap60,000000000000000000e2,built_loss,23,10,13.44057505165806,8.057186025556964,8.057186025556964,0.4016621018103297,0.3288187367398346,0.47320267921901976,0.14438394247918518
spatial_thin_300_cap60,000000000000000000f0,built_loss,15,21,10.362957669116616,13.181276846930528,10.362957669116616,0.4608021552809628,0.3790034556312799,0.5674244439157511,0.18842098828447118
spatial_thin_300_cap60,000000000000000000f8,built_loss,23,18,13.535180365293833,11.811567627955055,11.811567627955055,0.4455821245872083,0.3738775524153825,0.5485169102339243,0.17463935781854184
spatial_thin_300_cap60,00000000000000000114,built_loss,17,14,10.7510122408816,8.625171727621435,8.625171727621435,0.42166701576365895,0.3105411181768529,0.5842527175097604,0.27371159933290745
spatial_thin_300_cap60,0000000000000000011c,built_loss,21,4,12.91031894918425,3.409283756665319,3.409283756665319,0.40804472288559035,0.26199435485609907,0.6934864190289224,0.4314920641728233
spatial_thin_300_cap60,00000000000000000151,built_loss,20,3,13.023501693237147,2.1584944837530307,2.1584944837530307,0.3480909835835173,0.3043087727821056,0.5576267017248719,0.25331792894276633
spatial_thin_300_cap60,00000000000000000161,built_loss,18,20,11.672569832009316,11.826758989501487,11.672569832009316,0.4977309784567692,0.3926123653004938,0.5895475293756954,0.19693516407520162
spatial_thin_300_cap60,0000000000000000016a,built_loss,22,8,12.913856497297855,5.977590874592164,5.977590874592164,0.4264448130544515,0.3147745417794462,0.4893012441923063,0.1745267024128601
spatial_thin_300_cap60,00000000000000000176,built_loss,18,8,12.228912554919722,6.496484529138371,6.496484529138371,0.46859446097281887,0.39004878689407546,0.6747448294794642,0.2846960425853888
spatial_thin_300_cap60,000000000000000001a8,built_loss,15,15,10.415597539997945,10.351975986449661,10.351975986449661,0.47456963814737196,0.4351964989595836,0.6372247001551757,0.20202820119559212
spatial_thin_300_cap60,000000000000000001be,built_loss,16,2,10.199248266281193,1.999998719062728,1.999998719062728,0.7028630423463065,0.5202408753693981,0.7935552724359103,0.27331439706651217
spatial_thin_300_cap60,000000000000000001cd,built_loss,20,15,11.468906912206819,11.51541481622454,11.468906912206819,0.625399684769288,0.34321452918417394,0.7236058751721156,0.38039134598794166
spatial_thin_300_cap60,000000000000000001e5,built_loss,20,10,12.306649482441447,6.354039634005557,6.354039634005557,0.4471664954745026,0.29120527542696667,0.5357667425776763,0.24456146715070964
spatial_thin_300_cap60,00000000000000000206,built_loss,13,20,8.335965680269332,12.046164607326654,8.335965680269332,0.5042266713391866,0.33275831345164825,0.699021167889595,0.36626285443794676
spatial_thin_300_cap60,00000000000000000209,built_loss,21,15,12.967831422472594,10.047311392058873,10.047311392058873,0.5234599054023557,0.41055496061360325,0.6408985879093786,0.23034362729577534
spatial_thin_300_cap60,00000000000000000231,built_loss,17,14,10.160578987846911,9.04576463950298,9.04576463950298,0.5149951001937424,0.39638688377532594,0.6840472114835144,0.2876603277081885
spatial_thin_300_cap60,0000000000000000024c,built_loss,18,15,12.432379700049479,9.41390746031395,9.41390746031395,0.4887970831846996,0.39694902714849967,0.5751285313683349,0.1781795042198352
spatial_thin_300_cap60,0000000000000000026d,built_loss,19,15,11.792693012621026,10.38657862018306,10.38657862018306,0.44190992248386246,0.32836318437661344,0.5345450860883507,0.20618190171173728
spatial_thin_300_cap60,00000000000000000278,built_loss,18,10,11.062714461594483,6.98620576758377,6.98620576758377,0.5017598602312175,0.41361179068528325,0.6435683681344686,0.22995657744918535
spatial_thin_300_cap60,00000000000000000293,built_loss,10,9,7.381288898772018,7.265461632194086,7.265461632194086,0.4864327347872524,0.3808145242497678,0.6339731446943138,0.25315862044454596
spatial_thin_300_cap60,00000000000000000316,built_loss,19,5,12.713238638190305,3.567258928169912,3.567258928169912,0.36430738860061884,0.301541276542899,0.46457509331147134,0.16303381676857237
spatial_thin_300_cap60,0000000000000000034d,built_loss,21,1,13.391242802960162,1.0,1.0,0.6439539322905526,0.6195501091264637,0.7319983127285637,0.11244820360210006
spatial_thin_300_cap60,00000000000000000356,built_loss,18,11,11.915327563735621,8.403361465688286,8.403361465688286,0.512806598038796,0.40682563641601394,0.6176786191900446,0.2108529827740307
spatial_thin_300_cap60,00000000000000000362,built_loss,14,18,9.958823513975869,11.412042060139594,9.958823513975869,0.4709843420289603,0.32916087745493466,0.6001542811402697,0.27099340368533503
spatial_thin_300_cap60,00000000000000000363,built_loss,17,15,11.546354261442753,10.236431194053113,10.236431194053113,0.46988523421853945,0.3771257520544677,0.6968915518381749,0.31976579978370717
spatial_thin_300_cap60,00000000000000000364,built_loss,19,7,12.179671159367725,6.46467319574464,6.46467319574464,0.42741778513849604,0.29083967270071304,0.5426497945391777,0.2518101218384647
spatial_thin_300_cap60,00000000000000000375,built_loss,19,16,10.994866403803883,9.379378112876077,9.379378112876077,0.5442839095308015,0.4019323942465276,0.6066722262974434,0.20473983205091584
spatial_thin_300_cap60,00000000000000000380,built_loss,20,9,12.634496975846403,6.452144689050445,6.452144689050445,0.37688450419999525,0.29070129941687406,0.4573162807834163,0.16661498136654224
spatial_thin_300_cap60,00000000000000000384,built_loss,15,18,10.229118551846371,10.087136211888401,10.087136211888401,0.4479565915245549,0.38013780200718855,0.5578115564648611,0.17767375445767258
spatial_thin_300_cap60,0000000000000000039e,built_loss,19,2,12.38964865064106,1.4826177474289868,1.4826177474289868,0.5436735619979679,0.347519626594555,0.6443899500266802,0.2968703234321252
spatial_thin_300_cap60,000000000000000003a1,built_loss,16,7,10.879603192533876,5.406979716561479,5.406979716561479,0.5460531086901912,0.4387353188967399,0.6673771092334203,0.22864179033668042
spatial_thin_300_cap60,000000000000000003a5,built_loss,18,19,11.326508212771897,12.321550337990342,11.326508212771897,0.4253407190396715,0.29761151846458433,0.5540974488906463,0.25648593042606194
spatial_thin_300_cap60,000000000000000003b7,built_loss,18,8,11.28501227333857,6.426182457195025,6.426182457195025,0.4662616483783438,0.38963171656208323,0.7479198504731155,0.35828813391103226
spatial_thin_300_cap60,000000000000000003bf,built_loss,16,17,11.510601491269293,11.554131762894357,11.510601491269293,0.3403104524266731,0.27684723712209613,0.4982697626718904,0.22142252554979425
spatial_thin_300_cap60,000000000000000003d2,built_loss,16,12,10.34318683932141,7.695879337666849,7.695879337666849,0.4039746492004311,0.30991681864928305,0.5883883630946545,0.2784715444453714
spatial_thin_300_cap60,000000000000000003f8,built_loss,19,9,12.061507120849987,6.918433960806485,6.918433960806485,0.3241241288001329,0.28545328229765476,0.44937444954240613,0.16392116724475136
spatial_thin_300_cap60,000000000000000003fa,built_loss,18,15,11.380718968053882,9.083957315456113,9.083957315456113,0.4219178507123488,0.290574057407155,0.5923986093823622,0.30182455197520724
spatial_thin_300_cap60,00000000000000000407,built_loss,18,19,11.462168759363339,10.627208221712058,10.627208221712058,0.3889419789263582,0.3346363276236659,0.5758013139425082,0.2411649863188423
spatial_thin_300_cap60,0000000000000000040f,built_loss,14,16,8.974330475279945,9.879256135098094,8.974330475279945,0.3281606712739313,0.2344084785330255,0.4108391250764933,0.1764306465434678
spatial_thin_300_cap60,00000000000000000426,built_loss,19,15,12.136131575066747,9.825335480395397,9.825335480395397,0.4489034073840502,0.3778090083098318,0.5293278029288278,0.15151879461899598
spatial_thin_300_cap60,0000000000000000042b,built_loss,16,16,10.631248103140324,11.74269606907534,10.631248103140324,0.4450019621689941,0.35207092490201775,0.555605906950417,0.20353498204839926
spatial_thin_300_cap60,00000000000000000442,built_loss,22,10,12.960634939620101,6.6663501958184215,6.6663501958184215,0.3598330164494998,0.2888131220650473,0.472963513435946,0.18415039137089873
spatial_thin_300_cap60,00000000000000000465,built_loss,20,14,13.007243180300929,8.78047976983776,8.78047976983776,0.49489369871546574,0.40194970931662594,0.5710885400946674,0.16913883077804143
spatial_thin_300_cap60,0000000000000000047e,built_loss,19,16,12.147808070601139,10.158035858168635,10.158035858168635,0.4525878822683568,0.3391979488830063,0.5558267860401611,0.2166288371571548
spatial_thin_300_cap60,00000000000000000490,built_loss,17,20,10.892872956907064,11.833478357956139,10.892872956907064,0.44252548591784646,0.3199135898659022,0.5831628871562309,0.2632492972903287
spatial_thin_300_cap60,000000000000000004c0,built_loss,16,20,10.756326297178967,12.086722012506886,10.756326297178967,0.48516842690816947,0.34611725149618133,0.6096966452357326,0.2635793937395513
spatial_thin_300_cap60,000000000000000004c5,built_loss,17,15,9.785796555767606,9.296798972543192,9.296798972543192,0.5242100281138136,0.41391400210493495,0.5780951963621566,0.1641811942572216
spatial_thin_300_cap60,000000000000000004d2,built_loss,22,18,12.673425288098013,11.865168737185533,11.865168737185533,0.567908957383873,0.40132082215124276,0.6560383301259237,0.25471750797468096
spatial_thin_300_cap60,000000000000000004d9,built_loss,18,15,11.862575491733214,9.995823113978048,9.995823113978048,0.2658427555709249,0.1870352245801364,0.3960332940053107,0.20899806942517427
spatial_thin_300_cap60,000000000000000004eb,built_loss,16,15,11.251451672300977,10.629490584495196,10.629490584495196,0.4670124350348202,0.35304175571148244,0.5891898597586002,0.23614810404711772
spatial_thin_300_cap60,000000000000000004f5,built_loss,13,20,9.977785430279434,12.071882554767473,9.977785430279434,0.5388344399482602,0.4286606526131511,0.604996307030666,0.17633565441751486
spatial_thin_300_cap60,000000000000000004f7,built_loss,21,12,12.565452818748213,8.02639094237743,8.02639094237743,0.49667913571423855,0.3433870303411089,0.5471323920759765,0.20374536173486762
spatial_thin_300_cap60,000000000000000004fe,built_loss,22,20,12.930360327870547,12.288075588665135,12.288075588665135,0.46554439297011496,0.37598880564574555,0.5233585831656467,0.1473697775199011
spatial_thin_300_cap60,0000000000000000051d,built_loss,22,9,12.100772409567059,6.087813224609882,6.087813224609882,0.3139360846556509,0.2525120694245316,0.6981523715569272,0.44564030213239564
spatial_thin_300_cap60,00000000000000000559,built_loss,19,15,12.61495752080354,10.997964174665327,10.997964174665327,0.4250410765364214,0.3021592335575802,0.533421573724468,0.2312623401668878
spatial_thin_300_cap60,00000000000000000576,built_loss,17,14,11.604222512674651,9.898026902013873,9.898026902013873,0.40740085896556305,0.3207922340599459,0.5706079216508205,0.24981568759087464
spatial_thin_300_cap60,00000000000000000577,built_loss,17,15,10.932706980734718,9.702060281156168,9.702060281156168,0.47893707950952147,0.3383364954197713,0.6007561530079358,0.26241965758816455
spatial_thin_300_cap60,0000000000000000057f,built_loss,14,9,9.449674290635432,6.049978456663586,6.049978456663586,0.3387516193434439,0.2164009648692554,0.5714106133574232,0.35500964848816774
spatial_thin_300_cap60,00000000000000000594,built_loss,21,8,12.44490671850688,6.289054167550564,6.289054167550564,0.41686022060535827,0.29015306108420613,0.6733578347608934,0.38320477367668726
spatial_thin_300_cap60,000000000000000005ad,built_loss,21,14,12.19542634447227,9.359211196901937,9.359211196901937,0.3947411686417524,0.3427233888014607,0.541073562305473,0.1983501735040123
spatial_thin_300_cap60,000000000000000005bd,built_loss,16,2,10.416025557967645,1.5681322614645719,1.5681322614645719,0.5120436979520321,0.3400883769165082,0.6216318569388573,0.2815434800223491
spatial_thin_300_cap60,000000000000000005bf,built_loss,13,7,9.172182637967149,5.14915073427989,5.14915073427989,0.4164602152585743,0.2700515685548902,0.5613144994755973,0.2912629309207071
spatial_thin_300_cap60,000000000000000005cc,built_loss,14,4,9.150065592229982,2.8264415442883406,2.8264415442883406,0.3751000439635345,0.23445044328247028,0.45929765106887394,0.22484720778640366
spatial_thin_300_cap60,000000000000000005de,built_loss,15,12,10.457975489162461,7.635914233544871,7.635914233544871,0.5550139864377347,0.4201940614204984,0.6512355597545083,0.2310414983340099
spatial_thin_300_cap60,000000000000000005e7,built_loss,16,17,11.255989642130176,11.631225158355546,11.255989642130176,0.3786290727009022,0.27785712873412804,0.560333152617256,0.282476023883128
spatial_thin_300_cap60,000000000000000005f9,built_loss,20,16,12.185022294219802,9.861987375228372,9.861987375228372,0.5225014813453126,0.4124134807483619,0.5648812174731631,0.15246773672480118
spatial_thin_300_cap60,0000000000000000061c,built_loss,20,9,12.587381321842809,6.092388934482574,6.092388934482574,0.4363604777905334,0.30019200186444744,0.5477677859972284,0.24757578413278097
spatial_thin_300_cap60,00000000000000000624,built_loss,15,9,9.876376288707565,6.377528532790081,6.377528532790081,0.48268417757764065,0.36412232635023883,0.5639806485952125,0.19985832224497363
spatial_thin_300_cap60,00000000000000000626,built_loss,13,15,7.954876029363351,8.726556027095858,7.954876029363351,0.42895540296282103,0.2952285116585698,0.5590387060834074,0.26381019442483766
spatial_thin_300_cap60,0000000000000000062a,built_loss,20,13,11.789627317113009,8.654683053178243,8.654683053178243,0.4650621130381863,0.28119558075561923,0.5615463903908684,0.28035080963524917
spatial_thin_300_cap60,00000000000000000636,built_loss,17,9,10.55216769626061,6.061140575901403,6.061140575901403,0.4579745618610864,0.32468091909251495,0.6093786699894449,0.28469775089692995
spatial_thin_300_cap60,0000000000000000064a,built_loss,20,14,12.132968954864525,8.738836374226471,8.738836374226471,0.36560711741704327,0.29424976508550005,0.5837342185556015,0.28948445347010143
spatial_thin_300_cap60,0000000000000000064d,built_loss,19,11,11.60581203234382,7.758141450139011,7.758141450139011,0.3956109968107953,0.336112067055744,0.504838272590352,0.168726205534608
spatial_thin_300_cap60,00000000000000000694,built_loss,21,11,12.996009305112963,6.8650496292934235,6.8650496292934235,0.4372074451603065,0.3756734067587622,0.5848149811743039,0.20914157441554165
spatial_thin_300_cap60,0000000000000000069d,built_loss,18,15,11.866048635267859,10.360689767692515,10.360689767692515,0.5286887367456141,0.4171822357224047,0.6300324305731946,0.21285019485078988
spatial_thin_300_cap60,000000000000000006b7,built_loss,14,15,9.517304634505328,9.669580767197294,9.517304634505328,0.45400120683072165,0.3369687106132578,0.5974553062331088,0.26048659561985105
spatial_thin_300_cap60,000000000000000006df,built_loss,21,6,12.431762778969526,4.6592691182543335,4.6592691182543335,0.47543778288754396,0.38272972791292104,0.6280078132656779,0.24527808535275686
spatial_thin_300_cap60,000000000000000006e3,built_loss,20,8,12.533864063297784,5.768251653951556,5.768251653951556,0.35133751939672603,0.2685958198168544,0.46751442223436873,0.19891860241751436
spatial_thin_300_cap60,00000000000000000011,crop_loss,18,13,11.982753249143505,8.286224098072184,8.286224098072184,0.46475901753437937,0.31990524268738174,0.5602400555272462,0.24033481283986446
spatial_thin_300_cap60,0000000000000000002b,crop_loss,20,13,11.843135458101766,8.157608331840322,8.157608331840322,0.4563033856835032,0.3485012841552883,0.5468063810812549,0.1983050969259666
spatial_thin_300_cap60,0000000000000000003a,crop_loss,12,18,9.086403298516172,11.554108112525698,9.086403298516172,0.44131028891169743,0.28138414642556975,0.6171573426119887,0.335773196186419
spatial_thin_300_cap60,0000000000000000009b,crop_loss,15,8,8.942332370622797,5.968081062564647,5.968081062564647,0.2980683737266773,0.2199789362991745,0.6674899265753133,0.4475109902761387
spatial_thin_300_cap60,0000000000000000009d,crop_loss,18,7,12.309367780900853,5.856193929128872,5.856193929128872,0.4704120261270116,0.327720403097271,0.5748306866165211,0.24711028351925013
spatial_thin_300_cap60,000000000000000000a8,crop_loss,12,17,8.617427650426327,10.627501612168237,8.617427650426327,0.47093927166932276,0.3186611727905799,0.5670561137105379,0.24839494091995795
spatial_thin_300_cap60,000000000000000000da,crop_loss,13,19,8.993625623884173,12.116675537246785,8.993625623884173,0.4434098237898364,0.26625937511249936,0.5570492376419708,0.2907898625294714
spatial_thin_300_cap60,000000000000000000e9,crop_loss,18,11,11.168711788673441,7.048597335205466,7.048597335205466,0.4645008869859106,0.2721512865694761,0.6375894294399052,0.36543814287042903
spatial_thin_300_cap60,0000000000000000011b,crop_loss,21,11,13.022225824679971,8.317207745310087,8.317207745310087,0.39928779987763746,0.29346176277709674,0.5016392928985538,0.20817753012145707
spatial_thin_300_cap60,00000000000000000128,crop_loss,14,11,8.744052041827656,7.0425206548560535,7.0425206548560535,0.4139772362159653,0.25453668649727246,0.5533641414077451,0.2988274549104727
spatial_thin_300_cap60,0000000000000000016c,crop_loss,16,10,10.386593876097786,6.696445310568033,6.696445310568033,0.4683730083094805,0.3380894438781322,0.5526933652704511,0.21460392139231887
spatial_thin_300_cap60,00000000000000000192,crop_loss,13,18,8.953370769501063,12.311151862365795,8.953370769501063,0.45246814460350765,0.3343516998667948,0.6070397911372056,0.2726880912704108
spatial_thin_300_cap60,00000000000000000196,crop_loss,18,9,11.76692127859805,7.141520308074805,7.141520308074805,0.5420359667807575,0.3976682579634293,0.6264093504579926,0.22874109249456331
spatial_thin_300_cap60,000000000000000001a6,crop_loss,15,19,10.841741274527262,11.16569114301376,10.841741274527262,0.33394176992602553,0.23232589972160234,0.4239622497202518,0.19163634999864948
spatial_thin_300_cap60,000000000000000001e4,crop_loss,13,13,8.422374329146523,8.043902410231397,8.043902410231397,0.4744375303141994,0.30783556744374935,0.546927480300805,0.2390919128570556
spatial_thin_300_cap60,000000000000000001f9,crop_loss,18,8,10.440142493212807,5.654629617436002,5.654629617436002,0.46977946817030036,0.3591994348117419,0.5971375141323129,0.23793807932057098
spatial_thin_300_cap60,00000000000000000228,crop_loss,22,5,13.089410553984482,4.348477526329297,4.348477526329297,0.3685512603799729,0.22309801597415013,0.5020539329585247,0.2789559169843746
spatial_thin_300_cap60,00000000000000000281,crop_loss,17,20,10.856759886633732,12.028709535364243,10.856759886633732,0.6545096073850676,0.513368468388635,0.759346794954891,0.24597832656625596
spatial_thin_300_cap60,0000000000000000028c,crop_loss,20,6,11.270146477007465,5.575249304747035,5.575249304747035,0.5459406773268567,0.39463005177452004,0.6709933975264374,0.27636334575191734
spatial_thin_300_cap60,0000000000000000028d,crop_loss,23,9,13.341196175151866,7.498252535534201,7.498252535534201,0.4871302185444144,0.3281799973778304,0.5685866727553892,0.24040667537755883
spatial_thin_300_cap60,00000000000000000291,crop_loss,23,5,13.116254751377696,3.816136291496832,3.816136291496832,0.31690539281449304,0.25522546512177463,0.5468188573547225,0.29159339223294783
spatial_thin_300_cap60,000000000000000002c5,crop_loss,15,18,9.657319901043564,11.93932668345171,9.657319901043564,0.4606001268272479,0.22689451812130737,0.4942697613854206,0.2673752432641132
spatial_thin_300_cap60,000000000000000002cc,crop_loss,18,16,10.603916286023438,9.91915672908993,9.91915672908993,0.40588834547325997,0.36590686818236046,0.5081333237846474,0.14222645560228692
spatial_thin_300_cap60,000000000000000002dc,crop_loss,15,17,10.076292615993651,10.900479630604535,10.076292615993651,0.4982285914510899,0.371710704752025,0.5813416151177623,0.20963091036573728
spatial_thin_300_cap60,000000000000000002e4,crop_loss,12,20,8.035110809775263,12.776700635890151,8.035110809775263,0.49023288707422435,0.38853654926305475,0.6277205523558159,0.23918400309276117
spatial_thin_300_cap60,000000000000000002ec,crop_loss,15,24,10.811280288833157,13.457773998061564,10.811280288833157,0.5139296617225279,0.4082396546723518,0.6173961560905037,0.2091565014181519
spatial_thin_300_cap60,00000000000000000314,crop_loss,16,11,10.456816633867055,7.857186944846002,7.857186944846002,0.41231148981158783,0.33120558869309213,0.459591828939016,0.12838624024592388
spatial_thin_300_cap60,0000000000000000033a,crop_loss,15,16,10.218317124554243,11.024369266930488,10.218317124554243,0.44345085156394565,0.3327604607145398,0.566798346721661,0.23403788600712117
spatial_thin_300_cap60,000000000000000003a2,crop_loss,11,21,8.008456151976182,13.067955859151027,8.008456151976182,0.3250242154331738,0.19852401781875964,0.505808704942504,0.30728468712374435
spatial_thin_300_cap60,000000000000000003b0,crop_loss,14,18,9.662926813882725,11.261105633982714,9.662926813882725,0.4969746801273987,0.31565535208007056,0.5509263670963063,0.2352710150162357
spatial_thin_300_cap60,000000000000000003c7,crop_loss,19,2,11.497821462741339,1.9999999916831186,1.9999999916831186,0.3992804562396219,0.32449418157914944,0.47812192783332386,0.1536277462541744
spatial_thin_300_cap60,000000000000000003c8,crop_loss,15,20,10.099913135372734,12.184880901709864,10.099913135372734,0.47835450399402,0.38965370680852873,0.5666017266500787,0.17694801984154995
spatial_thin_300_cap60,000000000000000003f2,crop_loss,15,17,10.33376258683845,10.63351802918431,10.33376258683845,0.6183076699616312,0.4442246594944511,0.6807432066596949,0.2365185471652438
spatial_thin_300_cap60,0000000000000000046c,crop_loss,16,20,10.398694038243747,12.534259693828632,10.398694038243747,0.46442120447177154,0.385324509442334,0.6549959954480363,0.26967148600570234
spatial_thin_300_cap60,00000000000000000480,crop_loss,20,5,12.172714437612093,3.6599804929304454,3.6599804929304454,0.5528914397731834,0.44782262180748983,0.6473256884251227,0.1995030666176329
spatial_thin_300_cap60,00000000000000000483,crop_loss,20,7,13.035061658712259,6.214690099955904,6.214690099955904,0.430414063588943,0.3363372594666512,0.5280181887379448,0.1916809292712936
spatial_thin_300_cap60,00000000000000000485,crop_loss,18,10,10.470446557368613,6.434738700264038,6.434738700264038,0.42681201629714877,0.35665855831947435,0.564792143833417,0.20813358551394268
spatial_thin_300_cap60,00000000000000000497,crop_loss,10,20,7.468948327747121,11.91056924978716,7.468948327747121,0.4593111683182064,0.32755896877306545,0.5318530594020631,0.20429409062899762
spatial_thin_300_cap60,0000000000000000049b,crop_loss,13,13,8.828391805820566,9.203411546395163,8.828391805820566,0.44096099040386916,0.2879974119474619,0.5207093017524838,0.23271188980502183
spatial_thin_300_cap60,000000000000000004a1,crop_loss,14,17,8.631433435955302,11.546060973548961,8.631433435955302,0.4846049674869591,0.39755996044142333,0.5992519021534232,0.20169194171199983
spatial_thin_300_cap60,000000000000000004e7,crop_loss,17,7,10.156490941429574,5.443338114929692,5.443338114929692,0.40312833945146054,0.31366793557105416,0.5918342897733245,0.27816635420227037
spatial_thin_300_cap60,000000000000000004e9,crop_loss,18,17,11.514884558539913,10.948117228146115,10.948117228146115,0.3999422671347561,0.33042757127541245,0.529385314190179,0.19895774291476653
spatial_thin_300_cap60,000000000000000004f9,crop_loss,18,12,12.465922597070362,7.603516766756696,7.603516766756696,0.3560896181735661,0.2427558358938351,0.5350984972815225,0.2923426613876874
spatial_thin_300_cap60,00000000000000000517,crop_loss,21,2,12.197038239613946,1.5232734782264377,1.5232734782264377,0.14050922372803612,0.10212022355371811,0.21690491581404417,0.11478469226032606
spatial_thin_300_cap60,00000000000000000538,crop_loss,15,3,9.334415940577697,2.494937066154259,2.494937066154259,0.30647723528395737,0.15908793789260556,0.3703187760093893,0.21123083811678373
spatial_thin_300_cap60,0000000000000000057e,crop_loss,20,4,12.061340490199038,3.7036316585410067,3.7036316585410067,0.5841316813015108,0.40547883213070557,0.6383220519405481,0.23284321980984257
spatial_thin_300_cap60,000000000000000005d1,crop_loss,19,14,12.02080086829466,9.640688807405052,9.640688807405052,0.3080751280809073,0.24991146195965908,0.43318007952398596,0.18326861756432689
spatial_thin_300_cap60,00000000000000000611,crop_loss,17,18,11.085106545294332,11.610718498578073,11.085106545294332,0.23932522191006872,0.19078625548796568,0.40065043580974846,0.20986418032178278
spatial_thin_300_cap60,0000000000000000062f,crop_loss,16,13,10.136757133217014,9.38462524991915,9.38462524991915,0.46765907108414445,0.30825985776577647,0.6268675351120762,0.3186076773462997
spatial_thin_300_cap60,00000000000000000632,crop_loss,16,12,10.609446894430125,7.5213955863979445,7.5213955863979445,0.3531932675772308,0.30093239117431875,0.49997206761356267,0.19903967643924392
spatial_thin_300_cap60,0000000000000000063e,crop_loss,10,17,7.300729583595973,11.946819243527196,7.300729583595973,0.39731819655599193,0.27897077508025586,0.6004366524194463,0.32146587733919046
spatial_thin_300_cap60,00000000000000000655,crop_loss,18,10,11.930426035476255,6.130339321236148,6.130339321236148,0.2543399337221037,0.10101081041721428,0.624908043387831,0.5238972329706167
spatial_thin_300_cap60,00000000000000000697,crop_loss,16,18,11.036580160429754,11.39683038752119,11.036580160429754,0.5989982404872991,0.4365795004517652,0.6808602171972784,0.24428071674551322
spatial_thin_300_cap60,00000000000000000698,crop_loss,10,19,7.372159425891178,12.535552968866478,7.372159425891178,0.4316039581065047,0.19190066525019506,0.49353059876463756,0.3016299335144425
spatial_thin_300_cap60,000000000000000006a8,crop_loss,12,17,8.719538919464132,10.54343852628329,8.719538919464132,0.45477251514833267,0.36168035609123383,0.6925818688269872,0.3309015127357534
spatial_thin_300_cap60,000000000000000006b4,crop_loss,20,15,12.64539855996267,10.238765130115631,10.238765130115631,0.4793072323078857,0.4100819098956365,0.5780519910302575,0.16797008113462103
spatial_thin_300_cap60,000000000000000006be,crop_loss,20,8,11.439129004258465,5.490814314809651,5.490814314809651,0.4948719032299919,0.34927333533982413,0.5595124487741953,0.21023911343437113
spatial_thin_300_cap60,000000000000000006c0,crop_loss,20,2,12.532813953505853,1.9223600196482726,1.9223600196482726,0.7207786086834364,0.286736940294498,0.848105919282305,0.5613689789878071
spatial_thin_300_cap60,000000000000000006cc,crop_loss,11,19,7.470973432413797,12.095212001718915,7.470973432413797,0.4781797541424959,0.41014434351334417,0.5749926578967356,0.16484831438339143
spatial_thin_300_cap60,000000000000000006d9,crop_loss,13,16,8.985335477822556,11.078818006509499,8.985335477822556,0.4386077313408752,0.25990755158203815,0.5377224599257624,0.27781490834372424
spatial_thin_300_cap60,000000000000000006e5,crop_loss,20,16,11.903103774356017,10.523289358024027,10.523289358024027,0.48045313660795885,0.3847210545034943,0.5940500539271162,0.20932899942362188
spatial_thin_300_cap60,000000000000000002a4,built_loss,21,12,13.084965356609791,8.761318272495007,8.761318272495007,0.41102783027070655,0.2799187809073898,0.5591912840406638,0.27927250313327395
spatial_thin_300_cap60,0000000000000000002d,crop_loss,16,12,10.282842548426956,8.554220049715424,8.554220049715424,0.5447669044747344,0.39032585996823865,0.6390025213145919,0.24867666134635324
spatial_thin_300_cap60,000000000000000000e3,crop_loss,21,15,13.111002798043883,9.877603641980372,9.877603641980372,0.4470136935181486,0.22881827141188774,0.5841766703540755,0.3553583989421878
spatial_thin_300_cap60,00000000000000000335,crop_loss,18,17,11.421412744714472,10.76782312223166,10.76782312223166,0.496342623566645,0.39237890278751675,0.5566921873603836,0.16431328457286687
spatial_thin_300_cap60,000000000000000003f1,crop_loss,14,16,9.318327475949168,10.07158317616877,9.318327475949168,0.5313592587666399,0.32750646357952157,0.6158353774687261,0.2883289138892045
spatial_thin_300_cap60,0000000000000000044b,crop_loss,20,2,12.22715431434609,1.8271570218152078,1.8271570218152078,0.7355184100836282,0.6067748267675033,0.761843797598672,0.15506897083116877
spatial_thin_300_cap60,000000000000000006ce,crop_loss,18,11,11.172946885549317,7.6866337655033945,7.6866337655033945,0.4807386659477575,0.3092244244023809,0.6390721227464069,0.329847698344026
spatial_thin_300_cap60,000000000000000004ee,crop_loss,18,7,11.719145923349325,4.5444274752375655,4.5444274752375655,0.5211454038677771,0.3781225833584671,0.7224374708294707,0.34431488747100364
hybrid_300_diverse_60,00000000000000000001,built_loss,20,7,11.622099994491839,5.4951964074754045,5.4951964074754045,0.39955654231042753,0.2964105277049899,0.500500686862329,0.20409015915733908
hybrid_300_diverse_60,00000000000000000049,built_loss,10,2,6.961165922727655,1.995891590859384,1.995891590859384,0.38104106977895424,0.2804550399072997,0.5206354809719044,0.24018044106460468
hybrid_300_diverse_60,0000000000000000004a,built_loss,19,14,11.190996793591225,8.887516399546682,8.887516399546682,0.4763497463738481,0.2954618008573114,0.6675054243411189,0.37204362348380754
hybrid_300_diverse_60,0000000000000000004f,built_loss,21,13,13.133245786093726,8.467597499666562,8.467597499666562,0.40505058753619166,0.368361898614197,0.49721375077725943,0.12885185216306244
hybrid_300_diverse_60,0000000000000000005a,built_loss,19,8,11.448074990911012,5.920958560681391,5.920958560681391,0.38232351948595117,0.30512232409718026,0.5074830781762528,0.20236075407907256
hybrid_300_diverse_60,00000000000000000079,built_loss,19,16,11.362121681006647,10.974944930129954,10.974944930129954,0.418388544514709,0.3143128970227985,0.48880571504253917,0.17449281801974065
hybrid_300_diverse_60,00000000000000000085,built_loss,18,17,11.886785394242246,10.219147817876538,10.219147817876538,0.38059788658809673,0.2864783040484708,0.5113548479953423,0.22487654394687145
hybrid_300_diverse_60,00000000000000000087,built_loss,13,20,8.687326810680833,12.487157648007608,8.687326810680833,0.5703427999787154,0.4301178382894277,0.7366615967511817,0.306543758461754
hybrid_300_diverse_60,000000000000000000a1,built_loss,19,10,11.922354373162355,6.887842957584633,6.887842957584633,0.49418513861802776,0.3872818373003977,0.5771674643574799,0.18988562705708217
hybrid_300_diverse_60,000000000000000000b8,built_loss,17,14,10.886703720989807,8.294867576656541,8.294867576656541,0.5478739594992844,0.46112045714822325,0.5834049504530607,0.12228449330483748
hybrid_300_diverse_60,000000000000000000c0,built_loss,19,14,11.256823275617837,9.234273875802735,9.234273875802735,0.41476537363820226,0.34278740108770944,0.48485090642318307,0.14206350533547363
hybrid_300_diverse_60,000000000000000000e2,built_loss,23,10,13.44057505165806,8.057186025556964,8.057186025556964,0.4016621018103297,0.3288187367398346,0.47320267921901976,0.14438394247918518
hybrid_300_diverse_60,000000000000000000f0,built_loss,15,21,10.362957669116616,13.181276846930528,10.362957669116616,0.4608021552809628,0.3790034556312799,0.5674244439157511,0.18842098828447118
hybrid_300_diverse_60,000000000000000000f8,built_loss,23,18,13.535180365293833,11.811567627955055,11.811567627955055,0.4455821245872083,0.3738775524153825,0.5485169102339243,0.17463935781854184
hybrid_300_diverse_60,00000000000000000114,built_loss,17,14,10.7510122408816,8.625171727621435,8.625171727621435,0.42166701576365895,0.3105411181768529,0.5842527175097604,0.27371159933290745
hybrid_300_diverse_60,0000000000000000011c,built_loss,21,4,12.91031894918425,3.409283756665319,3.409283756665319,0.40804472288559035,0.26199435485609907,0.6934864190289224,0.4314920641728233
hybrid_300_diverse_60,00000000000000000151,built_loss,20,3,13.023501693237147,2.1584944837530307,2.1584944837530307,0.3480909835835173,0.3043087727821056,0.5576267017248719,0.25331792894276633
hybrid_300_diverse_60,00000000000000000161,built_loss,18,20,11.672569832009316,11.826758989501487,11.672569832009316,0.4977309784567692,0.3926123653004938,0.5895475293756954,0.19693516407520162
hybrid_300_diverse_60,0000000000000000016a,built_loss,22,8,12.913856497297855,5.977590874592164,5.977590874592164,0.4264448130544515,0.3147745417794462,0.4893012441923063,0.1745267024128601
hybrid_300_diverse_60,00000000000000000176,built_loss,18,8,12.228912554919722,6.496484529138371,6.496484529138371,0.46859446097281887,0.39004878689407546,0.6747448294794642,0.2846960425853888
hybrid_300_diverse_60,000000000000000001a8,built_loss,15,15,10.415597539997945,10.351975986449661,10.351975986449661,0.47456963814737196,0.4351964989595836,0.6372247001551757,0.20202820119559212
hybrid_300_diverse_60,000000000000000001be,built_loss,16,2,10.199248266281193,1.999998719062728,1.999998719062728,0.7028630423463065,0.5202408753693981,0.7935552724359103,0.27331439706651217
hybrid_300_diverse_60,000000000000000001cd,built_loss,20,15,11.468906912206819,11.51541481622454,11.468906912206819,0.625399684769288,0.34321452918417394,0.7236058751721156,0.38039134598794166
hybrid_300_diverse_60,000000000000000001e5,built_loss,20,10,12.306649482441447,6.354039634005557,6.354039634005557,0.4471664954745026,0.29120527542696667,0.5357667425776763,0.24456146715070964
hybrid_300_diverse_60,00000000000000000206,built_loss,13,20,8.335965680269332,12.046164607326654,8.335965680269332,0.5042266713391866,0.33275831345164825,0.699021167889595,0.36626285443794676
hybrid_300_diverse_60,00000000000000000209,built_loss,21,15,12.967831422472594,10.047311392058873,10.047311392058873,0.5234599054023557,0.41055496061360325,0.6408985879093786,0.23034362729577534
hybrid_300_diverse_60,00000000000000000231,built_loss,17,14,10.160578987846911,9.04576463950298,9.04576463950298,0.5149951001937424,0.39638688377532594,0.6840472114835144,0.2876603277081885
hybrid_300_diverse_60,0000000000000000024c,built_loss,18,15,12.432379700049479,9.41390746031395,9.41390746031395,0.4887970831846996,0.39694902714849967,0.5751285313683349,0.1781795042198352
hybrid_300_diverse_60,0000000000000000026d,built_loss,19,15,11.792693012621026,10.38657862018306,10.38657862018306,0.44190992248386246,0.32836318437661344,0.5345450860883507,0.20618190171173728
hybrid_300_diverse_60,00000000000000000278,built_loss,18,10,11.062714461594483,6.98620576758377,6.98620576758377,0.5017598602312175,0.41361179068528325,0.6435683681344686,0.22995657744918535
hybrid_300_diverse_60,00000000000000000293,built_loss,10,9,7.381288898772018,7.265461632194086,7.265461632194086,0.4864327347872524,0.3808145242497678,0.6339731446943138,0.25315862044454596
hybrid_300_diverse_60,00000000000000000316,built_loss,19,5,12.713238638190305,3.567258928169912,3.567258928169912,0.36430738860061884,0.301541276542899,0.46457509331147134,0.16303381676857237
hybrid_300_diverse_60,0000000000000000034d,built_loss,21,1,13.391242802960162,1.0,1.0,0.6439539322905526,0.6195501091264637,0.7319983127285637,0.11244820360210006
hybrid_300_diverse_60,00000000000000000356,built_loss,18,11,11.915327563735621,8.403361465688286,8.403361465688286,0.512806598038796,0.40682563641601394,0.6176786191900446,0.2108529827740307
hybrid_300_diverse_60,00000000000000000362,built_loss,14,18,9.958823513975869,11.412042060139594,9.958823513975869,0.4709843420289603,0.32916087745493466,0.6001542811402697,0.27099340368533503
hybrid_300_diverse_60,00000000000000000363,built_loss,17,15,11.546354261442753,10.236431194053113,10.236431194053113,0.46988523421853945,0.3771257520544677,0.6968915518381749,0.31976579978370717
hybrid_300_diverse_60,00000000000000000364,built_loss,19,7,12.179671159367725,6.46467319574464,6.46467319574464,0.42741778513849604,0.29083967270071304,0.5426497945391777,0.2518101218384647
hybrid_300_diverse_60,00000000000000000375,built_loss,19,16,10.994866403803883,9.379378112876077,9.379378112876077,0.5442839095308015,0.4019323942465276,0.6066722262974434,0.20473983205091584
hybrid_300_diverse_60,00000000000000000380,built_loss,20,9,12.634496975846403,6.452144689050445,6.452144689050445,0.37688450419999525,0.29070129941687406,0.4573162807834163,0.16661498136654224
hybrid_300_diverse_60,00000000000000000384,built_loss,15,18,10.229118551846371,10.087136211888401,10.087136211888401,0.4479565915245549,0.38013780200718855,0.5578115564648611,0.17767375445767258
hybrid_300_diverse_60,0000000000000000039e,built_loss,19,2,12.38964865064106,1.4826177474289868,1.4826177474289868,0.5436735619979679,0.347519626594555,0.6443899500266802,0.2968703234321252
hybrid_300_diverse_60,000000000000000003a1,built_loss,16,7,10.879603192533876,5.406979716561479,5.406979716561479,0.5460531086901912,0.4387353188967399,0.6673771092334203,0.22864179033668042
hybrid_300_diverse_60,000000000000000003a5,built_loss,18,19,11.326508212771897,12.321550337990342,11.326508212771897,0.4253407190396715,0.29761151846458433,0.5540974488906463,0.25648593042606194
hybrid_300_diverse_60,000000000000000003b7,built_loss,18,8,11.28501227333857,6.426182457195025,6.426182457195025,0.4662616483783438,0.38963171656208323,0.7479198504731155,0.35828813391103226
hybrid_300_diverse_60,000000000000000003bf,built_loss,16,17,11.510601491269293,11.554131762894357,11.510601491269293,0.3403104524266731,0.27684723712209613,0.4982697626718904,0.22142252554979425
hybrid_300_diverse_60,000000000000000003d2,built_loss,16,12,10.34318683932141,7.695879337666849,7.695879337666849,0.4039746492004311,0.30991681864928305,0.5883883630946545,0.2784715444453714
hybrid_300_diverse_60,000000000000000003f8,built_loss,19,9,12.061507120849987,6.918433960806485,6.918433960806485,0.3241241288001329,0.28545328229765476,0.44937444954240613,0.16392116724475136
hybrid_300_diverse_60,000000000000000003fa,built_loss,18,15,11.380718968053882,9.083957315456113,9.083957315456113,0.4219178507123488,0.290574057407155,0.5923986093823622,0.30182455197520724
hybrid_300_diverse_60,00000000000000000407,built_loss,18,19,11.462168759363339,10.627208221712058,10.627208221712058,0.3889419789263582,0.3346363276236659,0.5758013139425082,0.2411649863188423
hybrid_300_diverse_60,0000000000000000040f,built_loss,14,16,8.974330475279945,9.879256135098094,8.974330475279945,0.3281606712739313,0.2344084785330255,0.4108391250764933,0.1764306465434678
hybrid_300_diverse_60,00000000000000000426,built_loss,19,15,12.136131575066747,9.825335480395397,9.825335480395397,0.4489034073840502,0.3778090083098318,0.5293278029288278,0.15151879461899598
hybrid_300_diverse_60,0000000000000000042b,built_loss,16,16,10.631248103140324,11.74269606907534,10.631248103140324,0.4450019621689941,0.35207092490201775,0.555605906950417,0.20353498204839926
hybrid_300_diverse_60,00000000000000000442,built_loss,22,10,12.960634939620101,6.6663501958184215,6.6663501958184215,0.3598330164494998,0.2888131220650473,0.472963513435946,0.18415039137089873
hybrid_300_diverse_60,00000000000000000465,built_loss,20,14,13.007243180300929,8.78047976983776,8.78047976983776,0.49489369871546574,0.40194970931662594,0.5710885400946674,0.16913883077804143
hybrid_300_diverse_60,0000000000000000047e,built_loss,19,16,12.147808070601139,10.158035858168635,10.158035858168635,0.4525878822683568,0.3391979488830063,0.5558267860401611,0.2166288371571548
hybrid_300_diverse_60,00000000000000000490,built_loss,17,20,10.892872956907064,11.833478357956139,10.892872956907064,0.44252548591784646,0.3199135898659022,0.5831628871562309,0.2632492972903287
hybrid_300_diverse_60,000000000000000004c0,built_loss,16,20,10.756326297178967,12.086722012506886,10.756326297178967,0.48516842690816947,0.34611725149618133,0.6096966452357326,0.2635793937395513
hybrid_300_diverse_60,000000000000000004c5,built_loss,17,15,9.785796555767606,9.296798972543192,9.296798972543192,0.5242100281138136,0.41391400210493495,0.5780951963621566,0.1641811942572216
hybrid_300_diverse_60,000000000000000004d2,built_loss,22,18,12.673425288098013,11.865168737185533,11.865168737185533,0.567908957383873,0.40132082215124276,0.6560383301259237,0.25471750797468096
hybrid_300_diverse_60,000000000000000004d9,built_loss,18,15,11.862575491733214,9.995823113978048,9.995823113978048,0.2658427555709249,0.1870352245801364,0.3960332940053107,0.20899806942517427
hybrid_300_diverse_60,000000000000000004eb,built_loss,16,15,11.251451672300977,10.629490584495196,10.629490584495196,0.4670124350348202,0.35304175571148244,0.5891898597586002,0.23614810404711772
hybrid_300_diverse_60,000000000000000004f5,built_loss,13,20,9.977785430279434,12.071882554767473,9.977785430279434,0.5388344399482602,0.4286606526131511,0.604996307030666,0.17633565441751486
hybrid_300_diverse_60,000000000000000004f7,built_loss,21,12,12.565452818748213,8.02639094237743,8.02639094237743,0.49667913571423855,0.3433870303411089,0.5471323920759765,0.20374536173486762
hybrid_300_diverse_60,000000000000000004fe,built_loss,22,20,12.930360327870547,12.288075588665135,12.288075588665135,0.46554439297011496,0.37598880564574555,0.5233585831656467,0.1473697775199011
hybrid_300_diverse_60,0000000000000000051d,built_loss,22,9,12.100772409567059,6.087813224609882,6.087813224609882,0.3139360846556509,0.2525120694245316,0.6981523715569272,0.44564030213239564
hybrid_300_diverse_60,00000000000000000559,built_loss,19,15,12.61495752080354,10.997964174665327,10.997964174665327,0.4250410765364214,0.3021592335575802,0.533421573724468,0.2312623401668878
hybrid_300_diverse_60,00000000000000000576,built_loss,17,14,11.604222512674651,9.898026902013873,9.898026902013873,0.40740085896556305,0.3207922340599459,0.5706079216508205,0.24981568759087464
hybrid_300_diverse_60,00000000000000000577,built_loss,17,15,10.932706980734718,9.702060281156168,9.702060281156168,0.47893707950952147,0.3383364954197713,0.6007561530079358,0.26241965758816455
hybrid_300_diverse_60,0000000000000000057f,built_loss,14,9,9.449674290635432,6.049978456663586,6.049978456663586,0.3387516193434439,0.2164009648692554,0.5714106133574232,0.35500964848816774
hybrid_300_diverse_60,00000000000000000594,built_loss,21,8,12.44490671850688,6.289054167550564,6.289054167550564,0.41686022060535827,0.29015306108420613,0.6733578347608934,0.38320477367668726
hybrid_300_diverse_60,000000000000000005ad,built_loss,21,14,12.19542634447227,9.359211196901937,9.359211196901937,0.3947411686417524,0.3427233888014607,0.541073562305473,0.1983501735040123
hybrid_300_diverse_60,000000000000000005bd,built_loss,16,2,10.416025557967645,1.5681322614645719,1.5681322614645719,0.5120436979520321,0.3400883769165082,0.6216318569388573,0.2815434800223491
hybrid_300_diverse_60,000000000000000005bf,built_loss,13,7,9.172182637967149,5.14915073427989,5.14915073427989,0.4164602152585743,0.2700515685548902,0.5613144994755973,0.2912629309207071
hybrid_300_diverse_60,000000000000000005cc,built_loss,14,4,9.150065592229982,2.8264415442883406,2.8264415442883406,0.3751000439635345,0.23445044328247028,0.45929765106887394,0.22484720778640366
hybrid_300_diverse_60,000000000000000005de,built_loss,15,12,10.457975489162461,7.635914233544871,7.635914233544871,0.5550139864377347,0.4201940614204984,0.6512355597545083,0.2310414983340099
hybrid_300_diverse_60,000000000000000005e7,built_loss,16,17,11.255989642130176,11.631225158355546,11.255989642130176,0.3786290727009022,0.27785712873412804,0.560333152617256,0.282476023883128
hybrid_300_diverse_60,000000000000000005f9,built_loss,20,16,12.185022294219802,9.861987375228372,9.861987375228372,0.5225014813453126,0.4124134807483619,0.5648812174731631,0.15246773672480118
hybrid_300_diverse_60,0000000000000000061c,built_loss,20,9,12.587381321842809,6.092388934482574,6.092388934482574,0.4363604777905334,0.30019200186444744,0.5477677859972284,0.24757578413278097
hybrid_300_diverse_60,00000000000000000624,built_loss,15,9,9.876376288707565,6.377528532790081,6.377528532790081,0.48268417757764065,0.36412232635023883,0.5639806485952125,0.19985832224497363
hybrid_300_diverse_60,00000000000000000626,built_loss,13,15,7.954876029363351,8.726556027095858,7.954876029363351,0.42895540296282103,0.2952285116585698,0.5590387060834074,0.26381019442483766
hybrid_300_diverse_60,0000000000000000062a,built_loss,20,13,11.789627317113009,8.654683053178243,8.654683053178243,0.4650621130381863,0.28119558075561923,0.5615463903908684,0.28035080963524917
hybrid_300_diverse_60,00000000000000000636,built_loss,17,9,10.55216769626061,6.061140575901403,6.061140575901403,0.4579745618610864,0.32468091909251495,0.6093786699894449,0.28469775089692995
hybrid_300_diverse_60,0000000000000000064a,built_loss,20,14,12.132968954864525,8.738836374226471,8.738836374226471,0.36560711741704327,0.29424976508550005,0.5837342185556015,0.28948445347010143
hybrid_300_diverse_60,0000000000000000064d,built_loss,19,11,11.60581203234382,7.758141450139011,7.758141450139011,0.3956109968107953,0.336112067055744,0.504838272590352,0.168726205534608
hybrid_300_diverse_60,00000000000000000694,built_loss,21,11,12.996009305112963,6.8650496292934235,6.8650496292934235,0.4372074451603065,0.3756734067587622,0.5848149811743039,0.20914157441554165
hybrid_300_diverse_60,0000000000000000069d,built_loss,18,15,11.866048635267859,10.360689767692515,10.360689767692515,0.5286887367456141,0.4171822357224047,0.6300324305731946,0.21285019485078988
hybrid_300_diverse_60,000000000000000006b7,built_loss,14,15,9.517304634505328,9.669580767197294,9.517304634505328,0.45400120683072165,0.3369687106132578,0.5974553062331088,0.26048659561985105
hybrid_300_diverse_60,000000000000000006df,built_loss,21,6,12.431762778969526,4.6592691182543335,4.6592691182543335,0.47543778288754396,0.38272972791292104,0.6280078132656779,0.24527808535275686
hybrid_300_diverse_60,000000000000000006e3,built_loss,20,8,12.533864063297784,5.768251653951556,5.768251653951556,0.35133751939672603,0.2685958198168544,0.46751442223436873,0.19891860241751436
hybrid_300_diverse_60,00000000000000000011,crop_loss,18,13,11.982753249143505,8.286224098072184,8.286224098072184,0.46475901753437937,0.31990524268738174,0.5602400555272462,0.24033481283986446
hybrid_300_diverse_60,0000000000000000002b,crop_loss,20,13,11.843135458101766,8.157608331840322,8.157608331840322,0.4563033856835032,0.3485012841552883,0.5468063810812549,0.1983050969259666
hybrid_300_diverse_60,0000000000000000003a,crop_loss,12,18,9.086403298516172,11.554108112525698,9.086403298516172,0.44131028891169743,0.28138414642556975,0.6171573426119887,0.335773196186419
hybrid_300_diverse_60,0000000000000000009b,crop_loss,15,8,8.942332370622797,5.968081062564647,5.968081062564647,0.2980683737266773,0.2199789362991745,0.6674899265753133,0.4475109902761387
hybrid_300_diverse_60,0000000000000000009d,crop_loss,18,7,12.309367780900853,5.856193929128872,5.856193929128872,0.4704120261270116,0.327720403097271,0.5748306866165211,0.24711028351925013
hybrid_300_diverse_60,000000000000000000a8,crop_loss,12,17,8.617427650426327,10.627501612168237,8.617427650426327,0.47093927166932276,0.3186611727905799,0.5670561137105379,0.24839494091995795
hybrid_300_diverse_60,000000000000000000da,crop_loss,13,19,8.993625623884173,12.116675537246785,8.993625623884173,0.4434098237898364,0.26625937511249936,0.5570492376419708,0.2907898625294714
hybrid_300_diverse_60,000000000000000000e9,crop_loss,18,11,11.168711788673441,7.048597335205466,7.048597335205466,0.4645008869859106,0.2721512865694761,0.6375894294399052,0.36543814287042903
hybrid_300_diverse_60,0000000000000000011b,crop_loss,21,11,13.022225824679971,8.317207745310087,8.317207745310087,0.39928779987763746,0.29346176277709674,0.5016392928985538,0.20817753012145707
hybrid_300_diverse_60,00000000000000000128,crop_loss,14,11,8.744052041827656,7.0425206548560535,7.0425206548560535,0.4139772362159653,0.25453668649727246,0.5533641414077451,0.2988274549104727
hybrid_300_diverse_60,0000000000000000016c,crop_loss,16,10,10.386593876097786,6.696445310568033,6.696445310568033,0.4683730083094805,0.3380894438781322,0.5526933652704511,0.21460392139231887
hybrid_300_diverse_60,00000000000000000192,crop_loss,13,18,8.953370769501063,12.311151862365795,8.953370769501063,0.45246814460350765,0.3343516998667948,0.6070397911372056,0.2726880912704108
hybrid_300_diverse_60,00000000000000000196,crop_loss,18,9,11.76692127859805,7.141520308074805,7.141520308074805,0.5420359667807575,0.3976682579634293,0.6264093504579926,0.22874109249456331
hybrid_300_diverse_60,000000000000000001a6,crop_loss,15,19,10.841741274527262,11.16569114301376,10.841741274527262,0.33394176992602553,0.23232589972160234,0.4239622497202518,0.19163634999864948
hybrid_300_diverse_60,000000000000000001e4,crop_loss,13,13,8.422374329146523,8.043902410231397,8.043902410231397,0.4744375303141994,0.30783556744374935,0.546927480300805,0.2390919128570556
hybrid_300_diverse_60,000000000000000001f9,crop_loss,18,8,10.440142493212807,5.654629617436002,5.654629617436002,0.46977946817030036,0.3591994348117419,0.5971375141323129,0.23793807932057098
hybrid_300_diverse_60,00000000000000000228,crop_loss,22,5,13.089410553984482,4.348477526329297,4.348477526329297,0.3685512603799729,0.22309801597415013,0.5020539329585247,0.2789559169843746
hybrid_300_diverse_60,00000000000000000281,crop_loss,17,20,10.856759886633732,12.028709535364243,10.856759886633732,0.6545096073850676,0.513368468388635,0.759346794954891,0.24597832656625596
hybrid_300_diverse_60,0000000000000000028c,crop_loss,20,6,11.270146477007465,5.575249304747035,5.575249304747035,0.5459406773268567,0.39463005177452004,0.6709933975264374,0.27636334575191734
hybrid_300_diverse_60,0000000000000000028d,crop_loss,23,9,13.341196175151866,7.498252535534201,7.498252535534201,0.4871302185444144,0.3281799973778304,0.5685866727553892,0.24040667537755883
hybrid_300_diverse_60,00000000000000000291,crop_loss,23,5,13.116254751377696,3.816136291496832,3.816136291496832,0.31690539281449304,0.25522546512177463,0.5468188573547225,0.29159339223294783
hybrid_300_diverse_60,000000000000000002c5,crop_loss,15,18,9.657319901043564,11.93932668345171,9.657319901043564,0.4606001268272479,0.22689451812130737,0.4942697613854206,0.2673752432641132
hybrid_300_diverse_60,000000000000000002cc,crop_loss,18,16,10.603916286023438,9.91915672908993,9.91915672908993,0.40588834547325997,0.36590686818236046,0.5081333237846474,0.14222645560228692
hybrid_300_diverse_60,000000000000000002dc,crop_loss,15,17,10.076292615993651,10.900479630604535,10.076292615993651,0.4982285914510899,0.371710704752025,0.5813416151177623,0.20963091036573728
hybrid_300_diverse_60,000000000000000002e4,crop_loss,12,20,8.035110809775263,12.776700635890151,8.035110809775263,0.49023288707422435,0.38853654926305475,0.6277205523558159,0.23918400309276117
hybrid_300_diverse_60,000000000000000002ec,crop_loss,15,24,10.811280288833157,13.457773998061564,10.811280288833157,0.5139296617225279,0.4082396546723518,0.6173961560905037,0.2091565014181519
hybrid_300_diverse_60,00000000000000000314,crop_loss,16,11,10.456816633867055,7.857186944846002,7.857186944846002,0.41231148981158783,0.33120558869309213,0.459591828939016,0.12838624024592388
hybrid_300_diverse_60,0000000000000000033a,crop_loss,15,16,10.218317124554243,11.024369266930488,10.218317124554243,0.44345085156394565,0.3327604607145398,0.566798346721661,0.23403788600712117
hybrid_300_diverse_60,000000000000000003a2,crop_loss,11,21,8.008456151976182,13.067955859151027,8.008456151976182,0.3250242154331738,0.19852401781875964,0.505808704942504,0.30728468712374435
hybrid_300_diverse_60,000000000000000003b0,crop_loss,14,18,9.662926813882725,11.261105633982714,9.662926813882725,0.4969746801273987,0.31565535208007056,0.5509263670963063,0.2352710150162357
hybrid_300_diverse_60,000000000000000003c7,crop_loss,19,2,11.497821462741339,1.9999999916831186,1.9999999916831186,0.3992804562396219,0.32449418157914944,0.47812192783332386,0.1536277462541744
hybrid_300_diverse_60,000000000000000003c8,crop_loss,15,20,10.099913135372734,12.184880901709864,10.099913135372734,0.47835450399402,0.38965370680852873,0.5666017266500787,0.17694801984154995
hybrid_300_diverse_60,000000000000000003f2,crop_loss,15,17,10.33376258683845,10.63351802918431,10.33376258683845,0.6183076699616312,0.4442246594944511,0.6807432066596949,0.2365185471652438
hybrid_300_diverse_60,0000000000000000046c,crop_loss,16,20,10.398694038243747,12.534259693828632,10.398694038243747,0.46442120447177154,0.385324509442334,0.6549959954480363,0.26967148600570234
hybrid_300_diverse_60,00000000000000000480,crop_loss,20,5,12.172714437612093,3.6599804929304454,3.6599804929304454,0.5528914397731834,0.44782262180748983,0.6473256884251227,0.1995030666176329
hybrid_300_diverse_60,00000000000000000483,crop_loss,20,7,13.035061658712259,6.214690099955904,6.214690099955904,0.430414063588943,0.3363372594666512,0.5280181887379448,0.1916809292712936
hybrid_300_diverse_60,00000000000000000485,crop_loss,18,10,10.470446557368613,6.434738700264038,6.434738700264038,0.42681201629714877,0.35665855831947435,0.564792143833417,0.20813358551394268
hybrid_300_diverse_60,00000000000000000497,crop_loss,10,20,7.468948327747121,11.91056924978716,7.468948327747121,0.4593111683182064,0.32755896877306545,0.5318530594020631,0.20429409062899762
hybrid_300_diverse_60,0000000000000000049b,crop_loss,13,13,8.828391805820566,9.203411546395163,8.828391805820566,0.44096099040386916,0.2879974119474619,0.5207093017524838,0.23271188980502183
hybrid_300_diverse_60,000000000000000004a1,crop_loss,14,17,8.631433435955302,11.546060973548961,8.631433435955302,0.4846049674869591,0.39755996044142333,0.5992519021534232,0.20169194171199983
hybrid_300_diverse_60,000000000000000004e7,crop_loss,17,7,10.156490941429574,5.443338114929692,5.443338114929692,0.40312833945146054,0.31366793557105416,0.5918342897733245,0.27816635420227037
hybrid_300_diverse_60,000000000000000004e9,crop_loss,18,17,11.514884558539913,10.948117228146115,10.948117228146115,0.3999422671347561,0.33042757127541245,0.529385314190179,0.19895774291476653
hybrid_300_diverse_60,000000000000000004f9,crop_loss,18,12,12.465922597070362,7.603516766756696,7.603516766756696,0.3560896181735661,0.2427558358938351,0.5350984972815225,0.2923426613876874
hybrid_300_diverse_60,00000000000000000517,crop_loss,21,2,12.197038239613946,1.5232734782264377,1.5232734782264377,0.14050922372803612,0.10212022355371811,0.21690491581404417,0.11478469226032606
hybrid_300_diverse_60,00000000000000000538,crop_loss,15,3,9.334415940577697,2.494937066154259,2.494937066154259,0.30647723528395737,0.15908793789260556,0.3703187760093893,0.21123083811678373
hybrid_300_diverse_60,0000000000000000057e,crop_loss,20,4,12.061340490199038,3.7036316585410067,3.7036316585410067,0.5841316813015108,0.40547883213070557,0.6383220519405481,0.23284321980984257
hybrid_300_diverse_60,000000000000000005d1,crop_loss,19,14,12.02080086829466,9.640688807405052,9.640688807405052,0.3080751280809073,0.24991146195965908,0.43318007952398596,0.18326861756432689
hybrid_300_diverse_60,00000000000000000611,crop_loss,17,18,11.085106545294332,11.610718498578073,11.085106545294332,0.23932522191006872,0.19078625548796568,0.40065043580974846,0.20986418032178278
hybrid_300_diverse_60,0000000000000000062f,crop_loss,16,13,10.136757133217014,9.38462524991915,9.38462524991915,0.46765907108414445,0.30825985776577647,0.6268675351120762,0.3186076773462997
hybrid_300_diverse_60,00000000000000000632,crop_loss,16,12,10.609446894430125,7.5213955863979445,7.5213955863979445,0.3531932675772308,0.30093239117431875,0.49997206761356267,0.19903967643924392
hybrid_300_diverse_60,0000000000000000063e,crop_loss,10,17,7.300729583595973,11.946819243527196,7.300729583595973,0.39731819655599193,0.27897077508025586,0.6004366524194463,0.32146587733919046
hybrid_300_diverse_60,00000000000000000655,crop_loss,18,10,11.930426035476255,6.130339321236148,6.130339321236148,0.2543399337221037,0.10101081041721428,0.624908043387831,0.5238972329706167
hybrid_300_diverse_60,00000000000000000697,crop_loss,16,18,11.036580160429754,11.39683038752119,11.036580160429754,0.5989982404872991,0.4365795004517652,0.6808602171972784,0.24428071674551322
hybrid_300_diverse_60,00000000000000000698,crop_loss,10,19,7.372159425891178,12.535552968866478,7.372159425891178,0.4316039581065047,0.19190066525019506,0.49353059876463756,0.3016299335144425
hybrid_300_diverse_60,000000000000000006a8,crop_loss,12,17,8.719538919464132,10.54343852628329,8.719538919464132,0.45477251514833267,0.36168035609123383,0.6925818688269872,0.3309015127357534
hybrid_300_diverse_60,000000000000000006b4,crop_loss,20,15,12.64539855996267,10.238765130115631,10.238765130115631,0.4793072323078857,0.4100819098956365,0.5780519910302575,0.16797008113462103
hybrid_300_diverse_60,000000000000000006be,crop_loss,20,8,11.439129004258465,5.490814314809651,5.490814314809651,0.4948719032299919,0.34927333533982413,0.5595124487741953,0.21023911343437113
hybrid_300_diverse_60,000000000000000006c0,crop_loss,20,2,12.532813953505853,1.9223600196482726,1.9223600196482726,0.7207786086834364,0.286736940294498,0.848105919282305,0.5613689789878071
hybrid_300_diverse_60,000000000000000006cc,crop_loss,11,19,7.470973432413797,12.095212001718915,7.470973432413797,0.4781797541424959,0.41014434351334417,0.5749926578967356,0.16484831438339143
hybrid_300_diverse_60,000000000000000006d9,crop_loss,13,16,8.985335477822556,11.078818006509499,8.985335477822556,0.4386077313408752,0.25990755158203815,0.5377224599257624,0.27781490834372424
hybrid_300_diverse_60,000000000000000006e5,crop_loss,20,16,11.903103774356017,10.523289358024027,10.523289358024027,0.48045313660795885,0.3847210545034943,0.5940500539271162,0.20932899942362188
hybrid_300_diverse_60,000000000000000002a4,built_loss,21,12,13.084965356609791,8.761318272495007,8.761318272495007,0.41102783027070655,0.2799187809073898,0.5591912840406638,0.27927250313327395
hybrid_300_diverse_60,0000000000000000002d,crop_loss,16,12,10.282842548426956,8.554220049715424,8.554220049715424,0.5447669044747344,0.39032585996823865,0.6390025213145919,0.24867666134635324
hybrid_300_diverse_60,000000000000000000e3,crop_loss,21,15,13.111002798043883,9.877603641980372,9.877603641980372,0.4470136935181486,0.22881827141188774,0.5841766703540755,0.3553583989421878
hybrid_300_diverse_60,00000000000000000335,crop_loss,18,17,11.421412744714472,10.76782312223166,10.76782312223166,0.496342623566645,0.39237890278751675,0.5566921873603836,0.16431328457286687
hybrid_300_diverse_60,000000000000000003f1,crop_loss,14,16,9.318327475949168,10.07158317616877,9.318327475949168,0.5313592587666399,0.32750646357952157,0.6158353774687261,0.2883289138892045
hybrid_300_diverse_60,0000000000000000044b,crop_loss,20,2,12.22715431434609,1.8271570218152078,1.8271570218152078,0.7355184100836282,0.6067748267675033,0.761843797598672,0.15506897083116877
hybrid_300_diverse_60,000000000000000006ce,crop_loss,18,11,11.172946885549317,7.6866337655033945,7.6866337655033945,0.4807386659477575,0.3092244244023809,0.6390721227464069,0.329847698344026
hybrid_300_diverse_60,000000000000000004ee,crop_loss,18,7,11.719145923349325,4.5444274752375655,4.5444274752375655,0.5211454038677771,0.3781225833584671,0.7224374708294707,0.34431488747100364
