[OK] GEE initialised with high-volume endpoint (project=ee-gsingh)
  Points in asset: 877,649  ->  n_shards=1171 (target 750/shard)
  AlphaEarth year: 2024 (64 bands A00..A63)
    shard 1 retry 1/3 (tileScale 2->4) after 2s: Too Many Requests: Request was rejected because the request rate or concurrency limit was exceeded.
    shard 1 retry 2/3 (tileScale 4->8) after 4s: Too Many Requests: Request was rejected because the request rate or concurrency limit was exceeded.
    shard 0 retry 1/3 (tileScale 2->4) after 2s: User memory limit exceeded.
    shard 2 retry 1/3 (tileScale 2->4) after 2s: User memory limit exceeded.
    shard 1 retry 3/3 (tileScale 8->16) after 8s: Too Many Requests: Request was rejected because the request rate or concurrency limit was exceeded.
    shard 2 retry 2/3 (tileScale 4->8) after 4s: User memory limit exceeded.
    shard 0 retry 2/3 (tileScale 4->8) after 4s: User memory limit exceeded.
    shard 0 retry 3/3 (tileScale 8->16) after 8s: Too Many Requests: Request was rejected because the request rate or concurrency limit was exceeded.
  [ERROR] shard 1: User memory limit exceeded.
    shard 3 retry 1/3 (tileScale 2->4) after 2s: Too Many Requests: Request was rejected because the request rate or concurrency limit was exceeded.
    shard 3 retry 2/3 (tileScale 4->8) after 4s: Too Many Requests: Request was rejected because the request rate or concurrency limit was exceeded.
    shard 3 retry 3/3 (tileScale 8->16) after 8s: Too Many Requests: Request was rejected because the request rate or concurrency limit was exceeded.
  [ERROR] shard 0: User memory limit exceeded.
    shard 4 retry 1/3 (tileScale 2->4) after 2s: Too Many Requests: Request was rejected because the request rate or concurrency limit was exceeded.
    shard 4 retry 2/3 (tileScale 4->8) after 4s: Too Many Requests: Request was rejected because the request rate or concurrency limit was exceeded.
    shard 2 retry 3/3 (tileScale 8->16) after 8s: User memory limit exceeded.
  [ERROR] shard 2: Too Many Requests: Request was rejected because the request rate or concurrency limit was exceeded.
  [ERROR] shard 3: User memory limit exceeded.
    shard 5 retry 1/3 (tileScale 2->4) after 2s: Too Many Requests: Request was rejected because the request rate or concurrency limit was exceeded.
    shard 5 retry 2/3 (tileScale 4->8) after 4s: Too Many Requests: Request was rejected because the request rate or concurrency limit was exceeded.
    shard 5 retry 3/3 (tileScale 8->16) after 8s: Too Many Requests: Request was rejected because the request rate or concurrency limit was exceeded.
  [ERROR] shard 5: Too Many Requests: Request was rejected because the request rate or concurrency limit was exceeded.
    shard 7 retry 1/3 (tileScale 2->4) after 2s: Too Many Requests: Request was rejected because the request rate or concurrency limit was exceeded.
    shard 6 retry 1/3 (tileScale 2->4) after 2s: User memory limit exceeded.
    shard 7 retry 2/3 (tileScale 4->8) after 4s: Too Many Requests: Request was rejected because the request rate or concurrency limit was exceeded.
    shard 4 retry 3/3 (tileScale 8->16) after 8s: User memory limit exceeded.
  [ERROR] shard 4: Too Many Requests: Request was rejected because the request rate or concurrency limit was exceeded.
    shard 8 retry 1/3 (tileScale 2->4) after 2s: Too Many Requests: Request was rejected because the request rate or concurrency limit was exceeded.
    shard 8 retry 2/3 (tileScale 4->8) after 4s: Too Many Requests: Request was rejected because the request rate or concurrency limit was exceeded.
    shard 6 retry 2/3 (tileScale 4->8) after 4s: User memory limit exceeded.
    shard 8 retry 3/3 (tileScale 8->16) after 8s: Too Many Requests: Request was rejected because the request rate or concurrency limit was exceeded.
  [ERROR] shard 8: Too Many Requests: Request was rejected because the request rate or concurrency limit was exceeded.
    shard 9 retry 1/3 (tileScale 2->4) after 2s: Too Many Requests: Request was rejected because the request rate or concurrency limit was exceeded.
    shard 9 retry 2/3 (tileScale 4->8) after 4s: Too Many Requests: Request was rejected because the request rate or concurrency limit was exceeded.
    shard 9 retry 3/3 (tileScale 8->16) after 8s: Too Many Requests: Request was rejected because the request rate or concurrency limit was exceeded.
    shard 7 retry 3/3 (tileScale 8->16) after 8s: User memory limit exceeded.
  [ERROR] shard 7: Too Many Requests: Request was rejected because the request rate or concurrency limit was exceeded.
    shard 6 retry 3/3 (tileScale 8->16) after 8s: User memory limit exceeded.
    shard 10 retry 1/3 (tileScale 2->4) after 2s: Too Many Requests: Request was rejected because the request rate or concurrency limit was exceeded.
  [ERROR] shard 6: Too Many Requests: Request was rejected because the request rate or concurrency limit was exceeded.
    shard 11 retry 1/3 (tileScale 2->4) after 2s: Too Many Requests: Request was rejected because the request rate or concurrency limit was exceeded.
    shard 11 retry 2/3 (tileScale 4->8) after 4s: Too Many Requests: Request was rejected because the request rate or concurrency limit was exceeded.
    shard 11 retry 3/3 (tileScale 8->16) after 8s: Too Many Requests: Request was rejected because the request rate or concurrency limit was exceeded.
    shard 10 retry 2/3 (tileScale 4->8) after 4s: Too Many Requests: Request was rejected because the request rate or concurrency limit was exceeded.
  [ERROR] shard 9: User memory limit exceeded.
    shard 10 retry 3/3 (tileScale 8->16) after 8s: Too Many Requests: Request was rejected because the request rate or concurrency limit was exceeded.
  [ERROR] shard 10: Too Many Requests: Request was rejected because the request rate or concurrency limit was exceeded.
    shard 13 retry 1/3 (tileScale 2->4) after 2s: Too Many Requests: Request was rejected because the request rate or concurrency limit was exceeded.
    shard 13 retry 2/3 (tileScale 4->8) after 4s: Too Many Requests: Request was rejected because the request rate or concurrency limit was exceeded.
    shard 12 retry 1/3 (tileScale 2->4) after 2s: Too Many Requests: Request was rejected because the request rate or concurrency limit was exceeded.
    shard 13 retry 3/3 (tileScale 8->16) after 8s: Too Many Requests: Request was rejected because the request rate or concurrency limit was exceeded.
  [ERROR] shard 11: User memory limit exceeded.
  [ERROR] shard 13: Too Many Requests: Request was rejected because the request rate or concurrency limit was exceeded.
    shard 12 retry 2/3 (tileScale 4->8) after 4s: Too Many Requests: Request was rejected because the request rate or concurrency limit was exceeded.
    shard 15 retry 1/3 (tileScale 2->4) after 2s: Too Many Requests: Request was rejected because the request rate or concurrency limit was exceeded.
    shard 12 retry 3/3 (tileScale 8->16) after 8s: Too Many Requests: Request was rejected because the request rate or concurrency limit was exceeded.
    shard 15 retry 2/3 (tileScale 4->8) after 4s: Too Many Requests: Request was rejected because the request rate or concurrency limit was exceeded.
  [ERROR] shard 12: Too Many Requests: Request was rejected because the request rate or concurrency limit was exceeded.
    shard 14 retry 1/3 (tileScale 2->4) after 2s: User memory limit exceeded.
    shard 16 retry 1/3 (tileScale 2->4) after 2s: Too Many Requests: Request was rejected because the request rate or concurrency limit was exceeded.
    shard 16 retry 2/3 (tileScale 4->8) after 4s: Too Many Requests: Request was rejected because the request rate or concurrency limit was exceeded.
    shard 16 retry 3/3 (tileScale 8->16) after 8s: Too Many Requests: Request was rejected because the request rate or concurrency limit was exceeded.
  [ERROR] shard 16: Too Many Requests: Request was rejected because the request rate or concurrency limit was exceeded.
    shard 17 retry 1/3 (tileScale 2->4) after 2s: Too Many Requests: Request was rejected because the request rate or concurrency limit was exceeded.
    shard 14 retry 2/3 (tileScale 4->8) after 4s: User memory limit exceeded.
    shard 14 retry 3/3 (tileScale 8->16) after 8s: Too Many Requests: Request was rejected because the request rate or concurrency limit was exceeded.
    shard 15 retry 3/3 (tileScale 8->16) after 8s: User memory limit exceeded.
  [ERROR] shard 15: Too Many Requests: Request was rejected because the request rate or concurrency limit was exceeded.
    shard 18 retry 1/3 (tileScale 2->4) after 2s: Too Many Requests: Request was rejected because the request rate or concurrency limit was exceeded.
    shard 18 retry 2/3 (tileScale 4->8) after 4s: Too Many Requests: Request was rejected because the request rate or concurrency limit was exceeded.
  [ERROR] shard 14: User memory limit exceeded.
    shard 17 retry 2/3 (tileScale 4->8) after 4s: User memory limit exceeded.
    shard 17 retry 3/3 (tileScale 8->16) after 8s: Too Many Requests: Request was rejected because the request rate or concurrency limit was exceeded.
  [ERROR] shard 17: Too Many Requests: Request was rejected because the request rate or concurrency limit was exceeded.
    shard 20 retry 1/3 (tileScale 2->4) after 2s: Too Many Requests: Request was rejected because the request rate or concurrency limit was exceeded.
    shard 20 retry 2/3 (tileScale 4->8) after 4s: Too Many Requests: Request was rejected because the request rate or concurrency limit was exceeded.
    shard 20 retry 3/3 (tileScale 8->16) after 8s: Too Many Requests: Request was rejected because the request rate or concurrency limit was exceeded.
  [ERROR] shard 20: Too Many Requests: Request was rejected because the request rate or concurrency limit was exceeded.
    shard 21 retry 1/3 (tileScale 2->4) after 2s: Too Many Requests: Request was rejected because the request rate or concurrency limit was exceeded.
    shard 21 retry 2/3 (tileScale 4->8) after 4s: Too Many Requests: Request was rejected because the request rate or concurrency limit was exceeded.
    shard 18 retry 3/3 (tileScale 8->16) after 8s: User memory limit exceeded.
    shard 19 retry 1/3 (tileScale 2->4) after 2s: User memory limit exceeded.
  [ERROR] shard 18: Too Many Requests: Request was rejected because the request rate or concurrency limit was exceeded.
    shard 22 retry 1/3 (tileScale 2->4) after 2s: Too Many Requests: Request was rejected because the request rate or concurrency limit was exceeded.
    shard 22 retry 2/3 (tileScale 4->8) after 4s: Too Many Requests: Request was rejected because the request rate or concurrency limit was exceeded.
    shard 22 retry 3/3 (tileScale 8->16) after 8s: Too Many Requests: Request was rejected because the request rate or concurrency limit was exceeded.
    shard 21 retry 3/3 (tileScale 8->16) after 8s: User memory limit exceeded.
  [ERROR] shard 21: Too Many Requests: Request was rejected because the request rate or concurrency limit was exceeded.
    shard 19 retry 2/3 (tileScale 4->8) after 4s: User memory limit exceeded.
    shard 23 retry 1/3 (tileScale 2->4) after 2s: Too Many Requests: Request was rejected because the request rate or concurrency limit was exceeded.
    shard 23 retry 2/3 (tileScale 4->8) after 4s: Too Many Requests: Request was rejected because the request rate or concurrency limit was exceeded.
    shard 23 retry 3/3 (tileScale 8->16) after 8s: Too Many Requests: Request was rejected because the request rate or concurrency limit was exceeded.
  [ERROR] shard 22: User memory limit exceeded.
  [ERROR] shard 23: Too Many Requests: Request was rejected because the request rate or concurrency limit was exceeded.
    shard 19 retry 3/3 (tileScale 8->16) after 8s: User memory limit exceeded.
    shard 25 retry 1/3 (tileScale 2->4) after 2s: Too Many Requests: Request was rejected because the request rate or concurrency limit was exceeded.
    shard 24 retry 1/3 (tileScale 2->4) after 2s: User memory limit exceeded.
    shard 25 retry 2/3 (tileScale 4->8) after 4s: Too Many Requests: Request was rejected because the request rate or concurrency limit was exceeded.
    shard 25 retry 3/3 (tileScale 8->16) after 8s: Too Many Requests: Request was rejected because the request rate or concurrency limit was exceeded.
  [ERROR] shard 25: Too Many Requests: Request was rejected because the request rate or concurrency limit was exceeded.
    shard 26 retry 1/3 (tileScale 2->4) after 2s: Too Many Requests: Request was rejected because the request rate or concurrency limit was exceeded.
    shard 26 retry 2/3 (tileScale 4->8) after 4s: Too Many Requests: Request was rejected because the request rate or concurrency limit was exceeded.
    shard 26 retry 3/3 (tileScale 8->16) after 8s: Too Many Requests: Request was rejected because the request rate or concurrency limit was exceeded.
    shard 24 retry 2/3 (tileScale 4->8) after 4s: User memory limit exceeded.
  [ERROR] shard 26: Too Many Requests: Request was rejected because the request rate or concurrency limit was exceeded.
  [ERROR] shard 19: User memory limit exceeded.
    shard 27 retry 1/3 (tileScale 2->4) after 2s: Too Many Requests: Request was rejected because the request rate or concurrency limit was exceeded.
    shard 27 retry 2/3 (tileScale 4->8) after 4s: Too Many Requests: Request was rejected because the request rate or concurrency limit was exceeded.
    shard 27 retry 3/3 (tileScale 8->16) after 8s: Too Many Requests: Request was rejected because the request rate or concurrency limit was exceeded.
  [ERROR] shard 27: Too Many Requests: Request was rejected because the request rate or concurrency limit was exceeded.
    shard 29 retry 1/3 (tileScale 2->4) after 2s: Too Many Requests: Request was rejected because the request rate or concurrency limit was exceeded.
    shard 29 retry 2/3 (tileScale 4->8) after 4s: Too Many Requests: Request was rejected because the request rate or concurrency limit was exceeded.
    shard 29 retry 3/3 (tileScale 8->16) after 8s: Too Many Requests: Request was rejected because the request rate or concurrency limit was exceeded.
    shard 24 retry 3/3 (tileScale 8->16) after 8s: User memory limit exceeded.
    shard 28 retry 1/3 (tileScale 2->4) after 2s: User memory limit exceeded.
  [ERROR] shard 24: Too Many Requests: Request was rejected because the request rate or concurrency limit was exceeded.
    shard 30 retry 1/3 (tileScale 2->4) after 2s: Too Many Requests: Request was rejected because the request rate or concurrency limit was exceeded.
    shard 30 retry 2/3 (tileScale 4->8) after 4s: Too Many Requests: Request was rejected because the request rate or concurrency limit was exceeded.
    shard 30 retry 3/3 (tileScale 8->16) after 8s: Too Many Requests: Request was rejected because the request rate or concurrency limit was exceeded.
  [ERROR] shard 30: Too Many Requests: Request was rejected because the request rate or concurrency limit was exceeded.
    shard 31 retry 1/3 (tileScale 2->4) after 2s: Too Many Requests: Request was rejected because the request rate or concurrency limit was exceeded.
    shard 31 retry 2/3 (tileScale 4->8) after 4s: Too Many Requests: Request was rejected because the request rate or concurrency limit was exceeded.
  [ERROR] shard 29: User memory limit exceeded.
    shard 31 retry 3/3 (tileScale 8->16) after 8s: Too Many Requests: Request was rejected because the request rate or concurrency limit was exceeded.
    shard 28 retry 2/3 (tileScale 4->8) after 4s: User memory limit exceeded.
  [ERROR] shard 31: Too Many Requests: Request was rejected because the request rate or concurrency limit was exceeded.
    shard 33 retry 1/3 (tileScale 2->4) after 2s: Too Many Requests: Request was rejected because the request rate or concurrency limit was exceeded.
    shard 33 retry 2/3 (tileScale 4->8) after 4s: Too Many Requests: Request was rejected because the request rate or concurrency limit was exceeded.
    shard 33 retry 3/3 (tileScale 8->16) after 8s: Too Many Requests: Request was rejected because the request rate or concurrency limit was exceeded.
    shard 32 retry 1/3 (tileScale 2->4) after 2s: User memory limit exceeded.
  [ERROR] shard 33: Too Many Requests: Request was rejected because the request rate or concurrency limit was exceeded.
    shard 34 retry 1/3 (tileScale 2->4) after 2s: Too Many Requests: Request was rejected because the request rate or concurrency limit was exceeded.
    shard 34 retry 2/3 (tileScale 4->8) after 4s: Too Many Requests: Request was rejected because the request rate or concurrency limit was exceeded.
    shard 34 retry 3/3 (tileScale 8->16) after 8s: Too Many Requests: Request was rejected because the request rate or concurrency limit was exceeded.
    shard 28 retry 3/3 (tileScale 8->16) after 8s: User memory limit exceeded.
  [ERROR] shard 34: Too Many Requests: Request was rejected because the request rate or concurrency limit was exceeded.
    shard 35 retry 1/3 (tileScale 2->4) after 2s: Too Many Requests: Request was rejected because the request rate or concurrency limit was exceeded.
    shard 35 retry 2/3 (tileScale 4->8) after 4s: Too Many Requests: Request was rejected because the request rate or concurrency limit was exceeded.
    shard 32 retry 2/3 (tileScale 4->8) after 4s: User memory limit exceeded.
  [ERROR] shard 28: User memory limit exceeded.
    shard 35 retry 3/3 (tileScale 8->16) after 8s: Too Many Requests: Request was rejected because the request rate or concurrency limit was exceeded.
  [ERROR] shard 35: Too Many Requests: Request was rejected because the request rate or concurrency limit was exceeded.
    shard 36 retry 1/3 (tileScale 2->4) after 2s: User memory limit exceeded.
    shard 37 retry 1/3 (tileScale 2->4) after 2s: Too Many Requests: Request was rejected because the request rate or concurrency limit was exceeded.
    shard 37 retry 2/3 (tileScale 4->8) after 4s: Too Many Requests: Request was rejected because the request rate or concurrency limit was exceeded.
    shard 37 retry 3/3 (tileScale 8->16) after 8s: Too Many Requests: Request was rejected because the request rate or concurrency limit was exceeded.
  [ERROR] shard 37: Too Many Requests: Request was rejected because the request rate or concurrency limit was exceeded.
    shard 36 retry 2/3 (tileScale 4->8) after 4s: User memory limit exceeded.
    shard 36 retry 3/3 (tileScale 8->16) after 8s: Too Many Requests: Request was rejected because the request rate or concurrency limit was exceeded.
    shard 32 retry 3/3 (tileScale 8->16) after 8s: User memory limit exceeded.
  [ERROR] shard 32: Too Many Requests: Request was rejected because the request rate or concurrency limit was exceeded.
    shard 39 retry 1/3 (tileScale 2->4) after 2s: Too Many Requests: Request was rejected because the request rate or concurrency limit was exceeded.
    shard 39 retry 2/3 (tileScale 4->8) after 4s: Too Many Requests: Request was rejected because the request rate or concurrency limit was exceeded.
    shard 38 retry 1/3 (tileScale 2->4) after 2s: User memory limit exceeded.
    shard 38 retry 2/3 (tileScale 4->8) after 4s: Too Many Requests: Request was rejected because the request rate or concurrency limit was exceeded.
    shard 38 retry 3/3 (tileScale 8->16) after 8s: Too Many Requests: Request was rejected because the request rate or concurrency limit was exceeded.
  [ERROR] shard 38: Too Many Requests: Request was rejected because the request rate or concurrency limit was exceeded.
    shard 40 retry 1/3 (tileScale 2->4) after 2s: Too Many Requests: Request was rejected because the request rate or concurrency limit was exceeded.
    shard 39 retry 3/3 (tileScale 8->16) after 8s: User memory limit exceeded.
    shard 40 retry 2/3 (tileScale 4->8) after 4s: Too Many Requests: Request was rejected because the request rate or concurrency limit was exceeded.
  [ERROR] shard 36: User memory limit exceeded.
    shard 41 retry 1/3 (tileScale 2->4) after 2s: Too Many Requests: Request was rejected because the request rate or concurrency limit was exceeded.
    shard 41 retry 2/3 (tileScale 4->8) after 4s: Too Many Requests: Request was rejected because the request rate or concurrency limit was exceeded.
    shard 41 retry 3/3 (tileScale 8->16) after 8s: Too Many Requests: Request was rejected because the request rate or concurrency limit was exceeded.
  [ERROR] shard 41: Too Many Requests: Request was rejected because the request rate or concurrency limit was exceeded.
  [ERROR] shard 39: User memory limit exceeded.
    shard 42 retry 1/3 (tileScale 2->4) after 2s: Too Many Requests: Request was rejected because the request rate or concurrency limit was exceeded.
    shard 42 retry 2/3 (tileScale 4->8) after 4s: Too Many Requests: Request was rejected because the request rate or concurrency limit was exceeded.
    shard 42 retry 3/3 (tileScale 8->16) after 8s: Too Many Requests: Request was rejected because the request rate or concurrency limit was exceeded.
  [ERROR] shard 42: Too Many Requests: Request was rejected because the request rate or concurrency limit was exceeded.
    shard 44 retry 1/3 (tileScale 2->4) after 2s: Too Many Requests: Request was rejected because the request rate or concurrency limit was exceeded.
    shard 40 retry 3/3 (tileScale 8->16) after 8s: User memory limit exceeded.
    shard 43 retry 1/3 (tileScale 2->4) after 2s: User memory limit exceeded.
  [ERROR] shard 40: Too Many Requests: Request was rejected because the request rate or concurrency limit was exceeded.
    shard 45 retry 1/3 (tileScale 2->4) after 2s: Too Many Requests: Request was rejected because the request rate or concurrency limit was exceeded.
    shard 45 retry 2/3 (tileScale 4->8) after 4s: Too Many Requests: Request was rejected because the request rate or concurrency limit was exceeded.
    shard 45 retry 3/3 (tileScale 8->16) after 8s: Too Many Requests: Request was rejected because the request rate or concurrency limit was exceeded.
    shard 44 retry 2/3 (tileScale 4->8) after 4s: User memory limit exceeded.
    shard 44 retry 3/3 (tileScale 8->16) after 8s: Too Many Requests: Request was rejected because the request rate or concurrency limit was exceeded.
  [ERROR] shard 44: Too Many Requests: Request was rejected because the request rate or concurrency limit was exceeded.
    shard 46 retry 1/3 (tileScale 2->4) after 2s: Too Many Requests: Request was rejected because the request rate or concurrency limit was exceeded.
    shard 43 retry 2/3 (tileScale 4->8) after 4s: User memory limit exceeded.
    shard 43 retry 3/3 (tileScale 8->16) after 8s: Too Many Requests: Request was rejected because the request rate or concurrency limit was exceeded.
  [ERROR] shard 45: User memory limit exceeded.
  [ERROR] shard 43: Too Many Requests: Request was rejected because the request rate or concurrency limit was exceeded.
    shard 48 retry 1/3 (tileScale 2->4) after 2s: Too Many Requests: Request was rejected because the request rate or concurrency limit was exceeded.
    shard 47 retry 1/3 (tileScale 2->4) after 2s: User memory limit exceeded.
    shard 48 retry 2/3 (tileScale 4->8) after 4s: Too Many Requests: Request was rejected because the request rate or concurrency limit was exceeded.
    shard 48 retry 3/3 (tileScale 8->16) after 8s: Too Many Requests: Request was rejected because the request rate or concurrency limit was exceeded.
    shard 46 retry 2/3 (tileScale 4->8) after 4s: User memory limit exceeded.
  [ERROR] shard 48: Too Many Requests: Request was rejected because the request rate or concurrency limit was exceeded.
    shard 47 retry 2/3 (tileScale 4->8) after 4s: User memory limit exceeded.
    shard 49 retry 1/3 (tileScale 2->4) after 2s: Too Many Requests: Request was rejected because the request rate or concurrency limit was exceeded.
    shard 49 retry 2/3 (tileScale 4->8) after 4s: Too Many Requests: Request was rejected because the request rate or concurrency limit was exceeded.
    shard 46 retry 3/3 (tileScale 8->16) after 8s: User memory limit exceeded.
    shard 49 retry 3/3 (tileScale 8->16) after 8s: Too Many Requests: Request was rejected because the request rate or concurrency limit was exceeded.
  [ERROR] shard 49: Too Many Requests: Request was rejected because the request rate or concurrency limit was exceeded.
    shard 50 retry 1/3 (tileScale 2->4) after 2s: Too Many Requests: Request was rejected because the request rate or concurrency limit was exceeded.
    shard 50 retry 2/3 (tileScale 4->8) after 4s: Too Many Requests: Request was rejected because the request rate or concurrency limit was exceeded.
    shard 47 retry 3/3 (tileScale 8->16) after 8s: User memory limit exceeded.
  [ERROR] shard 47: Too Many Requests: Request was rejected because the request rate or concurrency limit was exceeded.
    shard 51 retry 1/3 (tileScale 2->4) after 2s: Too Many Requests: Request was rejected because the request rate or concurrency limit was exceeded.
  [ERROR] shard 46: User memory limit exceeded.
    shard 51 retry 2/3 (tileScale 4->8) after 4s: Too Many Requests: Request was rejected because the request rate or concurrency limit was exceeded.
    shard 51 retry 3/3 (tileScale 8->16) after 8s: Too Many Requests: Request was rejected because the request rate or concurrency limit was exceeded.
  [ERROR] shard 51: Too Many Requests: Request was rejected because the request rate or concurrency limit was exceeded.
    shard 53 retry 1/3 (tileScale 2->4) after 2s: Too Many Requests: Request was rejected because the request rate or concurrency limit was exceeded.
    shard 50 retry 3/3 (tileScale 8->16) after 8s: User memory limit exceeded.
    shard 53 retry 2/3 (tileScale 4->8) after 4s: Too Many Requests: Request was rejected because the request rate or concurrency limit was exceeded.
    shard 53 retry 3/3 (tileScale 8->16) after 8s: Too Many Requests: Request was rejected because the request rate or concurrency limit was exceeded.
    shard 52 retry 1/3 (tileScale 2->4) after 2s: User memory limit exceeded.
  [ERROR] shard 53: Too Many Requests: Request was rejected because the request rate or concurrency limit was exceeded.
    shard 54 retry 1/3 (tileScale 2->4) after 2s: Too Many Requests: Request was rejected because the request rate or concurrency limit was exceeded.
    shard 54 retry 2/3 (tileScale 4->8) after 4s: Too Many Requests: Request was rejected because the request rate or concurrency limit was exceeded.
    shard 54 retry 3/3 (tileScale 8->16) after 8s: Too Many Requests: Request was rejected because the request rate or concurrency limit was exceeded.
    shard 52 retry 2/3 (tileScale 4->8) after 4s: User memory limit exceeded.
  [ERROR] shard 54: Too Many Requests: Request was rejected because the request rate or concurrency limit was exceeded.
    shard 55 retry 1/3 (tileScale 2->4) after 2s: Too Many Requests: Request was rejected because the request rate or concurrency limit was exceeded.
  [ERROR] shard 50: User memory limit exceeded.
    shard 55 retry 2/3 (tileScale 4->8) after 4s: Too Many Requests: Request was rejected because the request rate or concurrency limit was exceeded.
    shard 55 retry 3/3 (tileScale 8->16) after 8s: Too Many Requests: Request was rejected because the request rate or concurrency limit was exceeded.
  [ERROR] shard 55: Too Many Requests: Request was rejected because the request rate or concurrency limit was exceeded.
    shard 57 retry 1/3 (tileScale 2->4) after 2s: Too Many Requests: Request was rejected because the request rate or concurrency limit was exceeded.
    shard 52 retry 3/3 (tileScale 8->16) after 8s: User memory limit exceeded.
  [ERROR] shard 52: Too Many Requests: Request was rejected because the request rate or concurrency limit was exceeded.
    shard 58 retry 1/3 (tileScale 2->4) after 2s: Too Many Requests: Request was rejected because the request rate or concurrency limit was exceeded.
    shard 58 retry 2/3 (tileScale 4->8) after 4s: Too Many Requests: Request was rejected because the request rate or concurrency limit was exceeded.
    shard 58 retry 3/3 (tileScale 8->16) after 8s: Too Many Requests: Request was rejected because the request rate or concurrency limit was exceeded.
    shard 57 retry 2/3 (tileScale 4->8) after 4s: User memory limit exceeded.
    shard 56 retry 1/3 (tileScale 2->4) after 2s: User memory limit exceeded.
  [ERROR] shard 58: Too Many Requests: Request was rejected because the request rate or concurrency limit was exceeded.
    shard 59 retry 1/3 (tileScale 2->4) after 2s: Too Many Requests: Request was rejected because the request rate or concurrency limit was exceeded.
    shard 59 retry 2/3 (tileScale 4->8) after 4s: Too Many Requests: Request was rejected because the request rate or concurrency limit was exceeded.
    shard 59 retry 3/3 (tileScale 8->16) after 8s: Too Many Requests: Request was rejected because the request rate or concurrency limit was exceeded.
    shard 57 retry 3/3 (tileScale 8->16) after 8s: User memory limit exceeded.
  [ERROR] shard 59: Too Many Requests: Request was rejected because the request rate or concurrency limit was exceeded.
    shard 60 retry 1/3 (tileScale 2->4) after 2s: Too Many Requests: Request was rejected because the request rate or concurrency limit was exceeded.
    shard 60 retry 2/3 (tileScale 4->8) after 4s: Too Many Requests: Request was rejected because the request rate or concurrency limit was exceeded.
    shard 60 retry 3/3 (tileScale 8->16) after 8s: Too Many Requests: Request was rejected because the request rate or concurrency limit was exceeded.
  [ERROR] shard 60: Too Many Requests: Request was rejected because the request rate or concurrency limit was exceeded.
    shard 56 retry 2/3 (tileScale 4->8) after 4s: User memory limit exceeded.
  [ERROR] shard 57: User memory limit exceeded.
    shard 62 retry 1/3 (tileScale 2->4) after 2s: Too Many Requests: Request was rejected because the request rate or concurrency limit was exceeded.
    shard 62 retry 2/3 (tileScale 4->8) after 4s: Too Many Requests: Request was rejected because the request rate or concurrency limit was exceeded.
    shard 62 retry 3/3 (tileScale 8->16) after 8s: Too Many Requests: Request was rejected because the request rate or concurrency limit was exceeded.
  [ERROR] shard 62: Too Many Requests: Request was rejected because the request rate or concurrency limit was exceeded.
    shard 56 retry 3/3 (tileScale 8->16) after 8s: User memory limit exceeded.
  [ERROR] shard 56: Too Many Requests: Request was rejected because the request rate or concurrency limit was exceeded.
    shard 64 retry 1/3 (tileScale 2->4) after 2s: Too Many Requests: Request was rejected because the request rate or concurrency limit was exceeded.
    shard 64 retry 2/3 (tileScale 4->8) after 4s: Too Many Requests: Request was rejected because the request rate or concurrency limit was exceeded.
    shard 64 retry 3/3 (tileScale 8->16) after 8s: Too Many Requests: Request was rejected because the request rate or concurrency limit was exceeded.
  [ERROR] shard 64: Too Many Requests: Request was rejected because the request rate or concurrency limit was exceeded.
    shard 61 retry 1/3 (tileScale 2->4) after 2s: User memory limit exceeded.
    shard 65 retry 1/3 (tileScale 2->4) after 2s: Too Many Requests: Request was rejected because the request rate or concurrency limit was exceeded.
    shard 63 retry 1/3 (tileScale 2->4) after 2s: User memory limit exceeded.
    shard 63 retry 2/3 (tileScale 4->8) after 4s: Too Many Requests: Request was rejected because the request rate or concurrency limit was exceeded.
    shard 63 retry 3/3 (tileScale 8->16) after 8s: Too Many Requests: Request was rejected because the request rate or concurrency limit was exceeded.
  [ERROR] shard 63: Too Many Requests: Request was rejected because the request rate or concurrency limit was exceeded.
    shard 66 retry 1/3 (tileScale 2->4) after 2s: Too Many Requests: Request was rejected because the request rate or concurrency limit was exceeded.
    shard 66 retry 2/3 (tileScale 4->8) after 4s: Too Many Requests: Request was rejected because the request rate or concurrency limit was exceeded.
    shard 65 retry 2/3 (tileScale 4->8) after 4s: ('Connection aborted.', ConnectionAbortedError(10053, 'An established connection was aborted by the software in your hos
    shard 61 retry 2/3 (tileScale 4->8) after 4s: Too Many Requests: Request was rejected because the request rate or concurrency limit was exceeded.
    shard 65 retry 3/3 (tileScale 8->16) after 8s: Too Many Requests: Request was rejected because the request rate or concurrency limit was exceeded.
    shard 61 retry 3/3 (tileScale 8->16) after 8s: Too Many Requests: Request was rejected because the request rate or concurrency limit was exceeded.
    shard 66 retry 3/3 (tileScale 8->16) after 8s: User memory limit exceeded.
  [ERROR] shard 61: ('Connection aborted.', ConnectionAbortedError(10053, 'An established connection was aborted by the software in your host machine', None, 10053, None))
  [ERROR] shard 66: HTTPSConnectionPool(host='earthengine-highvolume.googleapis.com', port=443): Max retries exceeded with url: /v1/projects/ee-gsingh/table:computeFeatures?alt=json (Caused by SSLError(SSLCertVerificatio
    shard 68 retry 1/3 (tileScale 2->4) after 2s: HTTPSConnectionPool(host='earthengine-highvolume.googleapis.com', port=443): Max retries exceeded with url: /v1/projects
    shard 67 retry 1/3 (tileScale 2->4) after 2s: HTTPSConnectionPool(host='earthengine-highvolume.googleapis.com', port=443): Max retries exceeded with url: /v1/projects
  [ERROR] shard 65: HTTPSConnectionPool(host='earthengine-highvolume.googleapis.com', port=443): Max retries exceeded with url: /v1/projects/ee-gsingh/table:computeFeatures?alt=json (Caused by SSLError(SSLCertVerificatio
    shard 68 retry 2/3 (tileScale 4->8) after 4s: HTTPSConnectionPool(host='earthengine-highvolume.googleapis.com', port=443): Max retries exceeded with url: /v1/projects
    shard 67 retry 2/3 (tileScale 4->8) after 4s: HTTPSConnectionPool(host='earthengine-highvolume.googleapis.com', port=443): Max retries exceeded with url: /v1/projects
    shard 69 retry 1/3 (tileScale 2->4) after 2s: Too Many Requests: Request was rejected because the request rate or concurrency limit was exceeded.
    shard 67 retry 3/3 (tileScale 8->16) after 8s: Too Many Requests: Request was rejected because the request rate or concurrency limit was exceeded.
    shard 69 retry 2/3 (tileScale 4->8) after 4s: Too Many Requests: Request was rejected because the request rate or concurrency limit was exceeded.
    shard 69 retry 3/3 (tileScale 8->16) after 8s: Too Many Requests: Request was rejected because the request rate or concurrency limit was exceeded.
  [ERROR] shard 67: Too Many Requests: Request was rejected because the request rate or concurrency limit was exceeded.
  [ERROR] shard 69: Too Many Requests: Request was rejected because the request rate or concurrency limit was exceeded.
    shard 70 retry 1/3 (tileScale 2->4) after 2s: Too Many Requests: Request was rejected because the request rate or concurrency limit was exceeded.
    shard 71 retry 1/3 (tileScale 2->4) after 2s: Too Many Requests: Request was rejected because the request rate or concurrency limit was exceeded.
    shard 70 retry 2/3 (tileScale 4->8) after 4s: Too Many Requests: Request was rejected because the request rate or concurrency limit was exceeded.
    shard 70 retry 3/3 (tileScale 8->16) after 8s: Too Many Requests: Request was rejected because the request rate or concurrency limit was exceeded.
    shard 71 retry 2/3 (tileScale 4->8) after 4s: Too Many Requests: Request was rejected because the request rate or concurrency limit was exceeded.
    shard 68 retry 3/3 (tileScale 8->16) after 8s: User memory limit exceeded.
    shard 71 retry 3/3 (tileScale 8->16) after 8s: Too Many Requests: Request was rejected because the request rate or concurrency limit was exceeded.
  [ERROR] shard 71: Too Many Requests: Request was rejected because the request rate or concurrency limit was exceeded.
    shard 72 retry 1/3 (tileScale 2->4) after 2s: Too Many Requests: Request was rejected because the request rate or concurrency limit was exceeded.
    shard 72 retry 2/3 (tileScale 4->8) after 4s: Too Many Requests: Request was rejected because the request rate or concurrency limit was exceeded.
    shard 72 retry 3/3 (tileScale 8->16) after 8s: Too Many Requests: Request was rejected because the request rate or concurrency limit was exceeded.
  [ERROR] shard 72: Too Many Requests: Request was rejected because the request rate or concurrency limit was exceeded.
    shard 73 retry 1/3 (tileScale 2->4) after 2s: Too Many Requests: Request was rejected because the request rate or concurrency limit was exceeded.
    shard 73 retry 2/3 (tileScale 4->8) after 4s: Too Many Requests: Request was rejected because the request rate or concurrency limit was exceeded.
  [ERROR] shard 70: User memory limit exceeded.
    shard 73 retry 3/3 (tileScale 8->16) after 8s: Too Many Requests: Request was rejected because the request rate or concurrency limit was exceeded.
  [ERROR] shard 68: User memory limit exceeded.
    shard 75 retry 1/3 (tileScale 2->4) after 2s: Too Many Requests: Request was rejected because the request rate or concurrency limit was exceeded.
    shard 75 retry 2/3 (tileScale 4->8) after 4s: Too Many Requests: Request was rejected because the request rate or concurrency limit was exceeded.
    shard 75 retry 3/3 (tileScale 8->16) after 8s: Too Many Requests: Request was rejected because the request rate or concurrency limit was exceeded.
  [ERROR] shard 75: Too Many Requests: Request was rejected because the request rate or concurrency limit was exceeded.
  [ERROR] shard 73: User memory limit exceeded.
    shard 76 retry 1/3 (tileScale 2->4) after 2s: Too Many Requests: Request was rejected because the request rate or concurrency limit was exceeded.
    shard 76 retry 2/3 (tileScale 4->8) after 4s: Too Many Requests: Request was rejected because the request rate or concurrency limit was exceeded.
    shard 77 retry 1/3 (tileScale 2->4) after 2s: User memory limit exceeded.
    shard 74 retry 1/3 (tileScale 2->4) after 2s: User memory limit exceeded.
    shard 76 retry 3/3 (tileScale 8->16) after 8s: Too Many Requests: Request was rejected because the request rate or concurrency limit was exceeded.
  [ERROR] shard 76: Too Many Requests: Request was rejected because the request rate or concurrency limit was exceeded.
    shard 78 retry 1/3 (tileScale 2->4) after 2s: Too Many Requests: Request was rejected because the request rate or concurrency limit was exceeded.
    shard 77 retry 2/3 (tileScale 4->8) after 4s: User memory limit exceeded.
    shard 78 retry 2/3 (tileScale 4->8) after 4s: Too Many Requests: Request was rejected because the request rate or concurrency limit was exceeded.
    shard 78 retry 3/3 (tileScale 8->16) after 8s: Too Many Requests: Request was rejected because the request rate or concurrency limit was exceeded.
  [ERROR] shard 78: Too Many Requests: Request was rejected because the request rate or concurrency limit was exceeded.
    shard 79 retry 1/3 (tileScale 2->4) after 2s: Too Many Requests: Request was rejected because the request rate or concurrency limit was exceeded.
    shard 79 retry 2/3 (tileScale 4->8) after 4s: Too Many Requests: Request was rejected because the request rate or concurrency limit was exceeded.
    shard 74 retry 2/3 (tileScale 4->8) after 4s: User memory limit exceeded.
    shard 79 retry 3/3 (tileScale 8->16) after 8s: Too Many Requests: Request was rejected because the request rate or concurrency limit was exceeded.
  [ERROR] shard 79: Too Many Requests: Request was rejected because the request rate or concurrency limit was exceeded.
    shard 77 retry 3/3 (tileScale 8->16) after 8s: User memory limit exceeded.
  [ERROR] shard 77: Too Many Requests: Request was rejected because the request rate or concurrency limit was exceeded.
    shard 74 retry 3/3 (tileScale 8->16) after 8s: User memory limit exceeded.
  [ERROR] shard 74: Too Many Requests: Request was rejected because the request rate or concurrency limit was exceeded.
    shard 81 retry 1/3 (tileScale 2->4) after 2s: User memory limit exceeded.
    shard 82 retry 1/3 (tileScale 2->4) after 2s: Too Many Requests: Request was rejected because the request rate or concurrency limit was exceeded.
    shard 81 retry 2/3 (tileScale 4->8) after 4s: Too Many Requests: Request was rejected because the request rate or concurrency limit was exceeded.
    shard 81 retry 3/3 (tileScale 8->16) after 8s: Too Many Requests: Request was rejected because the request rate or concurrency limit was exceeded.
    shard 80 retry 1/3 (tileScale 2->4) after 2s: User memory limit exceeded.
    shard 80 retry 2/3 (tileScale 4->8) after 4s: Too Many Requests: Request was rejected because the request rate or concurrency limit was exceeded.
    shard 80 retry 3/3 (tileScale 8->16) after 8s: Too Many Requests: Request was rejected because the request rate or concurrency limit was exceeded.
  [ERROR] shard 80: Too Many Requests: Request was rejected because the request rate or concurrency limit was exceeded.
    shard 83 retry 1/3 (tileScale 2->4) after 2s: Too Many Requests: Request was rejected because the request rate or concurrency limit was exceeded.
    shard 83 retry 2/3 (tileScale 4->8) after 4s: Too Many Requests: Request was rejected because the request rate or concurrency limit was exceeded.
    shard 82 retry 2/3 (tileScale 4->8) after 4s: User memory limit exceeded.
    shard 83 retry 3/3 (tileScale 8->16) after 8s: Too Many Requests: Request was rejected because the request rate or concurrency limit was exceeded.
  [ERROR] shard 81: User memory limit exceeded.
  [ERROR] shard 83: Too Many Requests: Request was rejected because the request rate or concurrency limit was exceeded.
    shard 85 retry 1/3 (tileScale 2->4) after 2s: Too Many Requests: Request was rejected because the request rate or concurrency limit was exceeded.
    shard 85 retry 2/3 (tileScale 4->8) after 4s: Too Many Requests: Request was rejected because the request rate or concurrency limit was exceeded.
    shard 84 retry 1/3 (tileScale 2->4) after 2s: User memory limit exceeded.
    shard 85 retry 3/3 (tileScale 8->16) after 8s: Too Many Requests: Request was rejected because the request rate or concurrency limit was exceeded.
  [ERROR] shard 85: Too Many Requests: Request was rejected because the request rate or concurrency limit was exceeded.
    shard 86 retry 1/3 (tileScale 2->4) after 2s: Too Many Requests: Request was rejected because the request rate or concurrency limit was exceeded.
    shard 86 retry 2/3 (tileScale 4->8) after 4s: Too Many Requests: Request was rejected because the request rate or concurrency limit was exceeded.
    shard 82 retry 3/3 (tileScale 8->16) after 8s: User memory limit exceeded.
  [ERROR] shard 82: Too Many Requests: Request was rejected because the request rate or concurrency limit was exceeded.
    shard 87 retry 1/3 (tileScale 2->4) after 2s: Too Many Requests: Request was rejected because the request rate or concurrency limit was exceeded.
    shard 84 retry 2/3 (tileScale 4->8) after 4s: User memory limit exceeded.
    shard 84 retry 3/3 (tileScale 8->16) after 8s: Too Many Requests: Request was rejected because the request rate or concurrency limit was exceeded.
    shard 87 retry 2/3 (tileScale 4->8) after 4s: User memory limit exceeded.
  [ERROR] shard 84: Too Many Requests: Request was rejected because the request rate or concurrency limit was exceeded.
    shard 88 retry 1/3 (tileScale 2->4) after 2s: Too Many Requests: Request was rejected because the request rate or concurrency limit was exceeded.
    shard 87 retry 3/3 (tileScale 8->16) after 8s: User memory limit exceeded.
    shard 86 retry 3/3 (tileScale 8->16) after 8s: User memory limit exceeded.
    shard 88 retry 2/3 (tileScale 4->8) after 4s: Too Many Requests: Request was rejected because the request rate or concurrency limit was exceeded.
  [ERROR] shard 86: Too Many Requests: Request was rejected because the request rate or concurrency limit was exceeded.
    shard 89 retry 1/3 (tileScale 2->4) after 2s: Too Many Requests: Request was rejected because the request rate or concurrency limit was exceeded.
    shard 89 retry 2/3 (tileScale 4->8) after 4s: Too Many Requests: Request was rejected because the request rate or concurrency limit was exceeded.
    shard 89 retry 3/3 (tileScale 8->16) after 8s: Too Many Requests: Request was rejected because the request rate or concurrency limit was exceeded.
  [ERROR] shard 89: Too Many Requests: Request was rejected because the request rate or concurrency limit was exceeded.
    shard 90 retry 1/3 (tileScale 2->4) after 2s: Too Many Requests: Request was rejected because the request rate or concurrency limit was exceeded.
    shard 90 retry 2/3 (tileScale 4->8) after 4s: Too Many Requests: Request was rejected because the request rate or concurrency limit was exceeded.
    shard 88 retry 3/3 (tileScale 8->16) after 8s: User memory limit exceeded.
  [ERROR] shard 87: User memory limit exceeded.
    shard 90 retry 3/3 (tileScale 8->16) after 8s: Too Many Requests: Request was rejected because the request rate or concurrency limit was exceeded.
  [ERROR] shard 90: Too Many Requests: Request was rejected because the request rate or concurrency limit was exceeded.
    shard 92 retry 1/3 (tileScale 2->4) after 2s: Too Many Requests: Request was rejected because the request rate or concurrency limit was exceeded.
    shard 92 retry 2/3 (tileScale 4->8) after 4s: Too Many Requests: Request was rejected because the request rate or concurrency limit was exceeded.
    shard 92 retry 3/3 (tileScale 8->16) after 8s: Too Many Requests: Request was rejected because the request rate or concurrency limit was exceeded.
  [ERROR] shard 92: Too Many Requests: Request was rejected because the request rate or concurrency limit was exceeded.
    shard 93 retry 1/3 (tileScale 2->4) after 2s: Too Many Requests: Request was rejected because the request rate or concurrency limit was exceeded.
    shard 91 retry 1/3 (tileScale 2->4) after 2s: User memory limit exceeded.
  [ERROR] shard 88: User memory limit exceeded.
    shard 94 retry 1/3 (tileScale 2->4) after 2s: Too Many Requests: Request was rejected because the request rate or concurrency limit was exceeded.
    shard 94 retry 2/3 (tileScale 4->8) after 4s: Too Many Requests: Request was rejected because the request rate or concurrency limit was exceeded.
    shard 93 retry 2/3 (tileScale 4->8) after 4s: User memory limit exceeded.
    shard 94 retry 3/3 (tileScale 8->16) after 8s: Too Many Requests: Request was rejected because the request rate or concurrency limit was exceeded.
  [ERROR] shard 94: Too Many Requests: Request was rejected because the request rate or concurrency limit was exceeded.
    shard 95 retry 1/3 (tileScale 2->4) after 2s: Too Many Requests: Request was rejected because the request rate or concurrency limit was exceeded.
    shard 95 retry 2/3 (tileScale 4->8) after 4s: Too Many Requests: Request was rejected because the request rate or concurrency limit was exceeded.
    shard 95 retry 3/3 (tileScale 8->16) after 8s: Too Many Requests: Request was rejected because the request rate or concurrency limit was exceeded.
  [ERROR] shard 95: Too Many Requests: Request was rejected because the request rate or concurrency limit was exceeded.
    shard 91 retry 2/3 (tileScale 4->8) after 4s: User memory limit exceeded.
    shard 91 retry 3/3 (tileScale 8->16) after 8s: Too Many Requests: Request was rejected because the request rate or concurrency limit was exceeded.
  [ERROR] shard 91: Too Many Requests: Request was rejected because the request rate or concurrency limit was exceeded.
    shard 93 retry 3/3 (tileScale 8->16) after 8s: User memory limit exceeded.
    shard 97 retry 1/3 (tileScale 2->4) after 2s: Too Many Requests: Request was rejected because the request rate or concurrency limit was exceeded.
    shard 96 retry 1/3 (tileScale 2->4) after 2s: User memory limit exceeded.
    shard 97 retry 2/3 (tileScale 4->8) after 4s: Too Many Requests: Request was rejected because the request rate or concurrency limit was exceeded.
    shard 97 retry 3/3 (tileScale 8->16) after 8s: Too Many Requests: Request was rejected because the request rate or concurrency limit was exceeded.
  [ERROR] shard 97: Too Many Requests: Request was rejected because the request rate or concurrency limit was exceeded.
    shard 98 retry 1/3 (tileScale 2->4) after 2s: Too Many Requests: Request was rejected because the request rate or concurrency limit was exceeded.
    shard 98 retry 2/3 (tileScale 4->8) after 4s: Too Many Requests: Request was rejected because the request rate or concurrency limit was exceeded.
  [ERROR] shard 93: User memory limit exceeded.
    shard 98 retry 3/3 (tileScale 8->16) after 8s: Too Many Requests: Request was rejected because the request rate or concurrency limit was exceeded.
    shard 96 retry 2/3 (tileScale 4->8) after 4s: User memory limit exceeded.
  [ERROR] shard 98: Too Many Requests: Request was rejected because the request rate or concurrency limit was exceeded.
    shard 100 retry 1/3 (tileScale 2->4) after 2s: Too Many Requests: Request was rejected because the request rate or concurrency limit was exceeded.
    shard 100 retry 2/3 (tileScale 4->8) after 4s: Too Many Requests: Request was rejected because the request rate or concurrency limit was exceeded.
    shard 100 retry 3/3 (tileScale 8->16) after 8s: Too Many Requests: Request was rejected because the request rate or concurrency limit was exceeded.
  [ERROR] shard 100: Too Many Requests: Request was rejected because the request rate or concurrency limit was exceeded.
    shard 96 retry 3/3 (tileScale 8->16) after 8s: User memory limit exceeded.
    shard 99 retry 1/3 (tileScale 2->4) after 2s: User memory limit exceeded.
    shard 99 retry 2/3 (tileScale 4->8) after 4s: Too Many Requests: Request was rejected because the request rate or concurrency limit was exceeded.
    shard 99 retry 3/3 (tileScale 8->16) after 8s: Too Many Requests: Request was rejected because the request rate or concurrency limit was exceeded.
    shard 101 retry 1/3 (tileScale 2->4) after 2s: User memory limit exceeded.
  [ERROR] shard 99: Too Many Requests: Request was rejected because the request rate or concurrency limit was exceeded.
    shard 102 retry 1/3 (tileScale 2->4) after 2s: Too Many Requests: Request was rejected because the request rate or concurrency limit was exceeded.
    shard 102 retry 2/3 (tileScale 4->8) after 4s: Too Many Requests: Request was rejected because the request rate or concurrency limit was exceeded.
    shard 102 retry 3/3 (tileScale 8->16) after 8s: Too Many Requests: Request was rejected because the request rate or concurrency limit was exceeded.
  [ERROR] shard 96: User memory limit exceeded.
    shard 103 retry 1/3 (tileScale 2->4) after 2s: Too Many Requests: Request was rejected because the request rate or concurrency limit was exceeded.
    shard 101 retry 2/3 (tileScale 4->8) after 4s: User memory limit exceeded.
    shard 103 retry 2/3 (tileScale 4->8) after 4s: Too Many Requests: Request was rejected because the request rate or concurrency limit was exceeded.
  [ERROR] shard 102: User memory limit exceeded.
    shard 103 retry 3/3 (tileScale 8->16) after 8s: Too Many Requests: Request was rejected because the request rate or concurrency limit was exceeded.
  [ERROR] shard 103: Too Many Requests: Request was rejected because the request rate or concurrency limit was exceeded.
    shard 105 retry 1/3 (tileScale 2->4) after 2s: Too Many Requests: Request was rejected because the request rate or concurrency limit was exceeded.
    shard 105 retry 2/3 (tileScale 4->8) after 4s: Too Many Requests: Request was rejected because the request rate or concurrency limit was exceeded.
    shard 105 retry 3/3 (tileScale 8->16) after 8s: Too Many Requests: Request was rejected because the request rate or concurrency limit was exceeded.
    shard 101 retry 3/3 (tileScale 8->16) after 8s: User memory limit exceeded.
  [ERROR] shard 105: Too Many Requests: Request was rejected because the request rate or concurrency limit was exceeded.
    shard 106 retry 1/3 (tileScale 2->4) after 2s: Too Many Requests: Request was rejected because the request rate or concurrency limit was exceeded.
    shard 104 retry 1/3 (tileScale 2->4) after 2s: User memory limit exceeded.
    shard 104 retry 2/3 (tileScale 4->8) after 4s: Too Many Requests: Request was rejected because the request rate or concurrency limit was exceeded.
    shard 104 retry 3/3 (tileScale 8->16) after 8s: Too Many Requests: Request was rejected because the request rate or concurrency limit was exceeded.
  [ERROR] shard 104: Too Many Requests: Request was rejected because the request rate or concurrency limit was exceeded.
    shard 107 retry 1/3 (tileScale 2->4) after 2s: Too Many Requests: Request was rejected because the request rate or concurrency limit was exceeded.
  [ERROR] shard 101: User memory limit exceeded.
    shard 107 retry 2/3 (tileScale 4->8) after 4s: Too Many Requests: Request was rejected because the request rate or concurrency limit was exceeded.
    shard 107 retry 3/3 (tileScale 8->16) after 8s: Too Many Requests: Request was rejected because the request rate or concurrency limit was exceeded.
  [ERROR] shard 107: Too Many Requests: Request was rejected because the request rate or concurrency limit was exceeded.
    shard 109 retry 1/3 (tileScale 2->4) after 2s: Too Many Requests: Request was rejected because the request rate or concurrency limit was exceeded.
    shard 106 retry 2/3 (tileScale 4->8) after 4s: User memory limit exceeded.
    shard 109 retry 2/3 (tileScale 4->8) after 4s: Too Many Requests: Request was rejected because the request rate or concurrency limit was exceeded.
    shard 109 retry 3/3 (tileScale 8->16) after 8s: Too Many Requests: Request was rejected because the request rate or concurrency limit was exceeded.
    shard 108 retry 1/3 (tileScale 2->4) after 2s: User memory limit exceeded.
  [ERROR] shard 109: Too Many Requests: Request was rejected because the request rate or concurrency limit was exceeded.
    shard 110 retry 1/3 (tileScale 2->4) after 2s: Too Many Requests: Request was rejected because the request rate or concurrency limit was exceeded.
    shard 110 retry 2/3 (tileScale 4->8) after 4s: Too Many Requests: Request was rejected because the request rate or concurrency limit was exceeded.
    shard 110 retry 3/3 (tileScale 8->16) after 8s: Too Many Requests: Request was rejected because the request rate or concurrency limit was exceeded.
    shard 106 retry 3/3 (tileScale 8->16) after 8s: User memory limit exceeded.
  [ERROR] shard 110: Too Many Requests: Request was rejected because the request rate or concurrency limit was exceeded.
  [ERROR] shard 106: Too Many Requests: Request was rejected because the request rate or concurrency limit was exceeded.
    shard 112 retry 1/3 (tileScale 2->4) after 2s: Too Many Requests: Request was rejected because the request rate or concurrency limit was exceeded.
    shard 108 retry 2/3 (tileScale 4->8) after 4s: User memory limit exceeded.
    shard 108 retry 3/3 (tileScale 8->16) after 8s: Too Many Requests: Request was rejected because the request rate or concurrency limit was exceeded.
  [ERROR] shard 108: Too Many Requests: Request was rejected because the request rate or concurrency limit was exceeded.
    shard 111 retry 1/3 (tileScale 2->4) after 2s: User memory limit exceeded.
    shard 113 retry 1/3 (tileScale 2->4) after 2s: Too Many Requests: Request was rejected because the request rate or concurrency limit was exceeded.
    shard 112 retry 2/3 (tileScale 4->8) after 4s: User memory limit exceeded.
    shard 113 retry 2/3 (tileScale 4->8) after 4s: Too Many Requests: Request was rejected because the request rate or concurrency limit was exceeded.
    shard 112 retry 3/3 (tileScale 8->16) after 8s: Too Many Requests: Request was rejected because the request rate or concurrency limit was exceeded.
    shard 111 retry 2/3 (tileScale 4->8) after 4s: User memory limit exceeded.
    shard 111 retry 3/3 (tileScale 8->16) after 8s: Too Many Requests: Request was rejected because the request rate or concurrency limit was exceeded.
  [ERROR] shard 111: Too Many Requests: Request was rejected because the request rate or concurrency limit was exceeded.
    shard 114 retry 1/3 (tileScale 2->4) after 2s: Too Many Requests: Request was rejected because the request rate or concurrency limit was exceeded.
    shard 114 retry 2/3 (tileScale 4->8) after 4s: Too Many Requests: Request was rejected because the request rate or concurrency limit was exceeded.
    shard 113 retry 3/3 (tileScale 8->16) after 8s: User memory limit exceeded.
    shard 114 retry 3/3 (tileScale 8->16) after 8s: Too Many Requests: Request was rejected because the request rate or concurrency limit was exceeded.
  [ERROR] shard 114: Too Many Requests: Request was rejected because the request rate or concurrency limit was exceeded.
  [ERROR] shard 112: User memory limit exceeded.
    shard 115 retry 1/3 (tileScale 2->4) after 2s: Too Many Requests: Request was rejected because the request rate or concurrency limit was exceeded.
    shard 115 retry 2/3 (tileScale 4->8) after 4s: Too Many Requests: Request was rejected because the request rate or concurrency limit was exceeded.
    shard 115 retry 3/3 (tileScale 8->16) after 8s: Too Many Requests: Request was rejected because the request rate or concurrency limit was exceeded.
  [ERROR] shard 115: Too Many Requests: Request was rejected because the request rate or concurrency limit was exceeded.
  [ERROR] shard 113: User memory limit exceeded.
    shard 117 retry 1/3 (tileScale 2->4) after 2s: Too Many Requests: Request was rejected because the request rate or concurrency limit was exceeded.
    shard 117 retry 2/3 (tileScale 4->8) after 4s: Too Many Requests: Request was rejected because the request rate or concurrency limit was exceeded.
    shard 117 retry 3/3 (tileScale 8->16) after 8s: Too Many Requests: Request was rejected because the request rate or concurrency limit was exceeded.
  [ERROR] shard 117: Too Many Requests: Request was rejected because the request rate or concurrency limit was exceeded.
    shard 116 retry 1/3 (tileScale 2->4) after 2s: User memory limit exceeded.
    shard 119 retry 1/3 (tileScale 2->4) after 2s: Too Many Requests: Request was rejected because the request rate or concurrency limit was exceeded.
    shard 119 retry 2/3 (tileScale 4->8) after 4s: Too Many Requests: Request was rejected because the request rate or concurrency limit was exceeded.
    shard 119 retry 3/3 (tileScale 8->16) after 8s: Too Many Requests: Request was rejected because the request rate or concurrency limit was exceeded.
    shard 118 retry 1/3 (tileScale 2->4) after 2s: User memory limit exceeded.
  [ERROR] shard 119: Too Many Requests: Request was rejected because the request rate or concurrency limit was exceeded.
    shard 120 retry 1/3 (tileScale 2->4) after 2s: Too Many Requests: Request was rejected because the request rate or concurrency limit was exceeded.
    shard 120 retry 2/3 (tileScale 4->8) after 4s: Too Many Requests: Request was rejected because the request rate or concurrency limit was exceeded.
    shard 120 retry 3/3 (tileScale 8->16) after 8s: Too Many Requests: Request was rejected because the request rate or concurrency limit was exceeded.
  [ERROR] shard 120: Too Many Requests: Request was rejected because the request rate or concurrency limit was exceeded.
    shard 118 retry 2/3 (tileScale 4->8) after 4s: User memory limit exceeded.
    shard 121 retry 1/3 (tileScale 2->4) after 2s: Too Many Requests: Request was rejected because the request rate or concurrency limit was exceeded.
    shard 121 retry 2/3 (tileScale 4->8) after 4s: Too Many Requests: Request was rejected because the request rate or concurrency limit was exceeded.
    shard 121 retry 3/3 (tileScale 8->16) after 8s: Too Many Requests: Request was rejected because the request rate or concurrency limit was exceeded.
    shard 118 retry 3/3 (tileScale 8->16) after 8s: User memory limit exceeded.
    shard 116 retry 2/3 (tileScale 4->8) after 4s: User memory limit exceeded.
  [ERROR] shard 118: Too Many Requests: Request was rejected because the request rate or concurrency limit was exceeded.
    shard 122 retry 1/3 (tileScale 2->4) after 2s: Too Many Requests: Request was rejected because the request rate or concurrency limit was exceeded.
    shard 122 retry 2/3 (tileScale 4->8) after 4s: Too Many Requests: Request was rejected because the request rate or concurrency limit was exceeded.
    shard 122 retry 3/3 (tileScale 8->16) after 8s: Too Many Requests: Request was rejected because the request rate or concurrency limit was exceeded.
  [ERROR] shard 122: Too Many Requests: Request was rejected because the request rate or concurrency limit was exceeded.
    shard 116 retry 3/3 (tileScale 8->16) after 8s: User memory limit exceeded.
  [ERROR] shard 116: Too Many Requests: Request was rejected because the request rate or concurrency limit was exceeded.
  [ERROR] shard 121: User memory limit exceeded.
    shard 124 retry 1/3 (tileScale 2->4) after 2s: Too Many Requests: Request was rejected because the request rate or concurrency limit was exceeded.
    shard 124 retry 2/3 (tileScale 4->8) after 4s: Too Many Requests: Request was rejected because the request rate or concurrency limit was exceeded.
    shard 124 retry 3/3 (tileScale 8->16) after 8s: Too Many Requests: Request was rejected because the request rate or concurrency limit was exceeded.
  [ERROR] shard 124: Too Many Requests: Request was rejected because the request rate or concurrency limit was exceeded.
    shard 126 retry 1/3 (tileScale 2->4) after 2s: Too Many Requests: Request was rejected because the request rate or concurrency limit was exceeded.
    shard 126 retry 2/3 (tileScale 4->8) after 4s: Too Many Requests: Request was rejected because the request rate or concurrency limit was exceeded.
    shard 126 retry 3/3 (tileScale 8->16) after 8s: Too Many Requests: Request was rejected because the request rate or concurrency limit was exceeded.
    shard 123 retry 1/3 (tileScale 2->4) after 2s: Computation timed out.
    shard 123 retry 2/3 (tileScale 4->8) after 4s: Too Many Requests: Request was rejected because the request rate or concurrency limit was exceeded.
    shard 125 retry 1/3 (tileScale 2->4) after 2s: User memory limit exceeded.
    shard 123 retry 3/3 (tileScale 8->16) after 8s: Too Many Requests: Request was rejected because the request rate or concurrency limit was exceeded.
  [ERROR] shard 123: Too Many Requests: Request was rejected because the request rate or concurrency limit was exceeded.
    shard 127 retry 1/3 (tileScale 2->4) after 2s: Too Many Requests: Request was rejected because the request rate or concurrency limit was exceeded.
    shard 127 retry 2/3 (tileScale 4->8) after 4s: Too Many Requests: Request was rejected because the request rate or concurrency limit was exceeded.
    shard 127 retry 3/3 (tileScale 8->16) after 8s: Too Many Requests: Request was rejected because the request rate or concurrency limit was exceeded.
  [ERROR] shard 127: Too Many Requests: Request was rejected because the request rate or concurrency limit was exceeded.
  [ERROR] shard 126: User memory limit exceeded.
    shard 128 retry 1/3 (tileScale 2->4) after 2s: Too Many Requests: Request was rejected because the request rate or concurrency limit was exceeded.
    shard 128 retry 2/3 (tileScale 4->8) after 4s: Too Many Requests: Request was rejected because the request rate or concurrency limit was exceeded.
    shard 128 retry 3/3 (tileScale 8->16) after 8s: Too Many Requests: Request was rejected because the request rate or concurrency limit was exceeded.
    shard 125 retry 2/3 (tileScale 4->8) after 4s: User memory limit exceeded.
  [ERROR] shard 128: Too Many Requests: Request was rejected because the request rate or concurrency limit was exceeded.
    shard 125 retry 3/3 (tileScale 8->16) after 8s: Too Many Requests: Request was rejected because the request rate or concurrency limit was exceeded.
    shard 129 retry 1/3 (tileScale 2->4) after 2s: User memory limit exceeded.
  [ERROR] shard 125: Too Many Requests: Request was rejected because the request rate or concurrency limit was exceeded.
    shard 131 retry 1/3 (tileScale 2->4) after 2s: Too Many Requests: Request was rejected because the request rate or concurrency limit was exceeded.
    shard 131 retry 2/3 (tileScale 4->8) after 4s: Too Many Requests: Request was rejected because the request rate or concurrency limit was exceeded.
    shard 131 retry 3/3 (tileScale 8->16) after 8s: Too Many Requests: Request was rejected because the request rate or concurrency limit was exceeded.
  [ERROR] shard 131: Too Many Requests: Request was rejected because the request rate or concurrency limit was exceeded.
    shard 132 retry 1/3 (tileScale 2->4) after 2s: Too Many Requests: Request was rejected because the request rate or concurrency limit was exceeded.
    shard 130 retry 1/3 (tileScale 2->4) after 2s: User memory limit exceeded.
    shard 129 retry 2/3 (tileScale 4->8) after 4s: User memory limit exceeded.
    shard 129 retry 3/3 (tileScale 8->16) after 8s: Too Many Requests: Request was rejected because the request rate or concurrency limit was exceeded.
  [ERROR] shard 129: Too Many Requests: Request was rejected because the request rate or concurrency limit was exceeded.
    shard 133 retry 1/3 (tileScale 2->4) after 2s: Too Many Requests: Request was rejected because the request rate or concurrency limit was exceeded.
    shard 133 retry 2/3 (tileScale 4->8) after 4s: Too Many Requests: Request was rejected because the request rate or concurrency limit was exceeded.
    shard 133 retry 3/3 (tileScale 8->16) after 8s: Too Many Requests: Request was rejected because the request rate or concurrency limit was exceeded.
    shard 132 retry 2/3 (tileScale 4->8) after 4s: User memory limit exceeded.
    shard 130 retry 2/3 (tileScale 4->8) after 4s: User memory limit exceeded.
    shard 130 retry 3/3 (tileScale 8->16) after 8s: Too Many Requests: Request was rejected because the request rate or concurrency limit was exceeded.
  [ERROR] shard 130: Too Many Requests: Request was rejected because the request rate or concurrency limit was exceeded.
    shard 132 retry 3/3 (tileScale 8->16) after 8s: User memory limit exceeded.
    shard 134 retry 1/3 (tileScale 2->4) after 2s: Too Many Requests: Request was rejected because the request rate or concurrency limit was exceeded.
    shard 134 retry 2/3 (tileScale 4->8) after 4s: Too Many Requests: Request was rejected because the request rate or concurrency limit was exceeded.
  [ERROR] shard 133: User memory limit exceeded.
    shard 135 retry 1/3 (tileScale 2->4) after 2s: Too Many Requests: Request was rejected because the request rate or concurrency limit was exceeded.
  [ERROR] shard 132: User memory limit exceeded.
    shard 136 retry 1/3 (tileScale 2->4) after 2s: Too Many Requests: Request was rejected because the request rate or concurrency limit was exceeded.
    shard 136 retry 2/3 (tileScale 4->8) after 4s: Too Many Requests: Request was rejected because the request rate or concurrency limit was exceeded.
    shard 136 retry 3/3 (tileScale 8->16) after 8s: Too Many Requests: Request was rejected because the request rate or concurrency limit was exceeded.
  [ERROR] shard 136: Too Many Requests: Request was rejected because the request rate or concurrency limit was exceeded.
    shard 134 retry 3/3 (tileScale 8->16) after 8s: User memory limit exceeded.
  [ERROR] shard 134: Too Many Requests: Request was rejected because the request rate or concurrency limit was exceeded.
    shard 138 retry 1/3 (tileScale 2->4) after 2s: Too Many Requests: Request was rejected because the request rate or concurrency limit was exceeded.
    shard 138 retry 2/3 (tileScale 4->8) after 4s: Too Many Requests: Request was rejected because the request rate or concurrency limit was exceeded.
    shard 138 retry 3/3 (tileScale 8->16) after 8s: Too Many Requests: Request was rejected because the request rate or concurrency limit was exceeded.
    shard 135 retry 2/3 (tileScale 4->8) after 4s: User memory limit exceeded.
  [ERROR] shard 138: Too Many Requests: Request was rejected because the request rate or concurrency limit was exceeded.
    shard 139 retry 1/3 (tileScale 2->4) after 2s: Too Many Requests: Request was rejected because the request rate or concurrency limit was exceeded.
    shard 139 retry 2/3 (tileScale 4->8) after 4s: Too Many Requests: Request was rejected because the request rate or concurrency limit was exceeded.
    shard 137 retry 1/3 (tileScale 2->4) after 2s: User memory limit exceeded.
    shard 137 retry 2/3 (tileScale 4->8) after 4s: Too Many Requests: Request was rejected because the request rate or concurrency limit was exceeded.
    shard 139 retry 3/3 (tileScale 8->16) after 8s: User memory limit exceeded.
    shard 135 retry 3/3 (tileScale 8->16) after 8s: User memory limit exceeded.
  [ERROR] shard 135: Too Many Requests: Request was rejected because the request rate or concurrency limit was exceeded.
    shard 140 retry 1/3 (tileScale 2->4) after 2s: Too Many Requests: Request was rejected because the request rate or concurrency limit was exceeded.
    shard 140 retry 2/3 (tileScale 4->8) after 4s: Too Many Requests: Request was rejected because the request rate or concurrency limit was exceeded.
  [ERROR] shard 139: User memory limit exceeded.
    shard 140 retry 3/3 (tileScale 8->16) after 8s: Too Many Requests: Request was rejected because the request rate or concurrency limit was exceeded.
  [ERROR] shard 140: Too Many Requests: Request was rejected because the request rate or concurrency limit was exceeded.
    shard 142 retry 1/3 (tileScale 2->4) after 2s: Too Many Requests: Request was rejected because the request rate or concurrency limit was exceeded.
    shard 142 retry 2/3 (tileScale 4->8) after 4s: Too Many Requests: Request was rejected because the request rate or concurrency limit was exceeded.
    shard 137 retry 3/3 (tileScale 8->16) after 8s: User memory limit exceeded.
    shard 141 retry 1/3 (tileScale 2->4) after 2s: User memory limit exceeded.
  [ERROR] shard 137: Too Many Requests: Request was rejected because the request rate or concurrency limit was exceeded.
    shard 143 retry 1/3 (tileScale 2->4) after 2s: Too Many Requests: Request was rejected because the request rate or concurrency limit was exceeded.
    shard 143 retry 2/3 (tileScale 4->8) after 4s: Too Many Requests: Request was rejected because the request rate or concurrency limit was exceeded.
    shard 143 retry 3/3 (tileScale 8->16) after 8s: Too Many Requests: Request was rejected because the request rate or concurrency limit was exceeded.
  [ERROR] shard 143: Too Many Requests: Request was rejected because the request rate or concurrency limit was exceeded.
    shard 144 retry 1/3 (tileScale 2->4) after 2s: Too Many Requests: Request was rejected because the request rate or concurrency limit was exceeded.
    shard 142 retry 3/3 (tileScale 8->16) after 8s: User memory limit exceeded.
    shard 144 retry 2/3 (tileScale 4->8) after 4s: Too Many Requests: Request was rejected because the request rate or concurrency limit was exceeded.
    shard 141 retry 2/3 (tileScale 4->8) after 4s: User memory limit exceeded.
    shard 144 retry 3/3 (tileScale 8->16) after 8s: Too Many Requests: Request was rejected because the request rate or concurrency limit was exceeded.
  [ERROR] shard 144: Too Many Requests: Request was rejected because the request rate or concurrency limit was exceeded.
    shard 145 retry 1/3 (tileScale 2->4) after 2s: Too Many Requests: Request was rejected because the request rate or concurrency limit was exceeded.
    shard 145 retry 2/3 (tileScale 4->8) after 4s: Too Many Requests: Request was rejected because the request rate or concurrency limit was exceeded.
    shard 141 retry 3/3 (tileScale 8->16) after 8s: User memory limit exceeded.
  [ERROR] shard 141: Too Many Requests: Request was rejected because the request rate or concurrency limit was exceeded.
  [ERROR] shard 142: User memory limit exceeded.
    shard 147 retry 1/3 (tileScale 2->4) after 2s: Too Many Requests: Request was rejected because the request rate or concurrency limit was exceeded.
    shard 147 retry 2/3 (tileScale 4->8) after 4s: Too Many Requests: Request was rejected because the request rate or concurrency limit was exceeded.
    shard 147 retry 3/3 (tileScale 8->16) after 8s: Too Many Requests: Request was rejected because the request rate or concurrency limit was exceeded.
  [ERROR] shard 147: Too Many Requests: Request was rejected because the request rate or concurrency limit was exceeded.
    shard 145 retry 3/3 (tileScale 8->16) after 8s: User memory limit exceeded.
    shard 148 retry 1/3 (tileScale 2->4) after 2s: Too Many Requests: Request was rejected because the request rate or concurrency limit was exceeded.
    shard 148 retry 2/3 (tileScale 4->8) after 4s: Too Many Requests: Request was rejected because the request rate or concurrency limit was exceeded.
    shard 148 retry 3/3 (tileScale 8->16) after 8s: Too Many Requests: Request was rejected because the request rate or concurrency limit was exceeded.
    shard 146 retry 1/3 (tileScale 2->4) after 2s: User memory limit exceeded.
    shard 146 retry 2/3 (tileScale 4->8) after 4s: Too Many Requests: Request was rejected because the request rate or concurrency limit was exceeded.
    shard 146 retry 3/3 (tileScale 8->16) after 8s: Too Many Requests: Request was rejected because the request rate or concurrency limit was exceeded.
  [ERROR] shard 146: Too Many Requests: Request was rejected because the request rate or concurrency limit was exceeded.
    shard 149 retry 1/3 (tileScale 2->4) after 2s: Too Many Requests: Request was rejected because the request rate or concurrency limit was exceeded.
  [ERROR] shard 145: User memory limit exceeded.
    shard 149 retry 2/3 (tileScale 4->8) after 4s: Too Many Requests: Request was rejected because the request rate or concurrency limit was exceeded.
    shard 149 retry 3/3 (tileScale 8->16) after 8s: Too Many Requests: Request was rejected because the request rate or concurrency limit was exceeded.
  [ERROR] shard 149: Too Many Requests: Request was rejected because the request rate or concurrency limit was exceeded.
    shard 151 retry 1/3 (tileScale 2->4) after 2s: Too Many Requests: Request was rejected because the request rate or concurrency limit was exceeded.
  [ERROR] shard 148: Computation timed out.
    shard 151 retry 2/3 (tileScale 4->8) after 4s: Too Many Requests: Request was rejected because the request rate or concurrency limit was exceeded.
    shard 150 retry 1/3 (tileScale 2->4) after 2s: User memory limit exceeded.
    shard 151 retry 3/3 (tileScale 8->16) after 8s: Too Many Requests: Request was rejected because the request rate or concurrency limit was exceeded.
  [ERROR] shard 151: Too Many Requests: Request was rejected because the request rate or concurrency limit was exceeded.
    shard 153 retry 1/3 (tileScale 2->4) after 2s: Too Many Requests: Request was rejected because the request rate or concurrency limit was exceeded.
    shard 153 retry 2/3 (tileScale 4->8) after 4s: Too Many Requests: Request was rejected because the request rate or concurrency limit was exceeded.
    shard 150 retry 2/3 (tileScale 4->8) after 4s: User memory limit exceeded.
    shard 150 retry 3/3 (tileScale 8->16) after 8s: Too Many Requests: Request was rejected because the request rate or concurrency limit was exceeded.
    shard 152 retry 1/3 (tileScale 2->4) after 2s: User memory limit exceeded.
    shard 153 retry 3/3 (tileScale 8->16) after 8s: User memory limit exceeded.
  [ERROR] shard 150: Too Many Requests: Request was rejected because the request rate or concurrency limit was exceeded.
  [ERROR] shard 153: Too Many Requests: Request was rejected because the request rate or concurrency limit was exceeded.
    shard 155 retry 1/3 (tileScale 2->4) after 2s: Too Many Requests: Request was rejected because the request rate or concurrency limit was exceeded.
    shard 155 retry 2/3 (tileScale 4->8) after 4s: Too Many Requests: Request was rejected because the request rate or concurrency limit was exceeded.
    shard 155 retry 3/3 (tileScale 8->16) after 8s: Too Many Requests: Request was rejected because the request rate or concurrency limit was exceeded.
  [ERROR] shard 155: Too Many Requests: Request was rejected because the request rate or concurrency limit was exceeded.
    shard 156 retry 1/3 (tileScale 2->4) after 2s: Too Many Requests: Request was rejected because the request rate or concurrency limit was exceeded.
    shard 154 retry 1/3 (tileScale 2->4) after 2s: User memory limit exceeded.
    shard 152 retry 2/3 (tileScale 4->8) after 4s: User memory limit exceeded.
    shard 156 retry 2/3 (tileScale 4->8) after 4s: Too Many Requests: Request was rejected because the request rate or concurrency limit was exceeded.
    shard 156 retry 3/3 (tileScale 8->16) after 8s: Too Many Requests: Request was rejected because the request rate or concurrency limit was exceeded.
  [ERROR] shard 156: Too Many Requests: Request was rejected because the request rate or concurrency limit was exceeded.
    shard 157 retry 1/3 (tileScale 2->4) after 2s: Too Many Requests: Request was rejected because the request rate or concurrency limit was exceeded.
    shard 157 retry 2/3 (tileScale 4->8) after 4s: Too Many Requests: Request was rejected because the request rate or concurrency limit was exceeded.
    shard 154 retry 2/3 (tileScale 4->8) after 4s: User memory limit exceeded.
    shard 154 retry 3/3 (tileScale 8->16) after 8s: Too Many Requests: Request was rejected because the request rate or concurrency limit was exceeded.
    shard 152 retry 3/3 (tileScale 8->16) after 8s: User memory limit exceeded.
  [ERROR] shard 154: Too Many Requests: Request was rejected because the request rate or concurrency limit was exceeded.
    shard 158 retry 1/3 (tileScale 2->4) after 2s: Too Many Requests: Request was rejected because the request rate or concurrency limit was exceeded.
    shard 158 retry 2/3 (tileScale 4->8) after 4s: Too Many Requests: Request was rejected because the request rate or concurrency limit was exceeded.
    shard 157 retry 3/3 (tileScale 8->16) after 8s: User memory limit exceeded.
  [ERROR] shard 157: Too Many Requests: Request was rejected because the request rate or concurrency limit was exceeded.
    shard 159 retry 1/3 (tileScale 2->4) after 2s: Too Many Requests: Request was rejected because the request rate or concurrency limit was exceeded.
    shard 159 retry 2/3 (tileScale 4->8) after 4s: Too Many Requests: Request was rejected because the request rate or concurrency limit was exceeded.
    shard 158 retry 3/3 (tileScale 8->16) after 8s: User memory limit exceeded.
    shard 159 retry 3/3 (tileScale 8->16) after 8s: Too Many Requests: Request was rejected because the request rate or concurrency limit was exceeded.
  [ERROR] shard 152: User memory limit exceeded.
    shard 160 retry 1/3 (tileScale 2->4) after 2s: Too Many Requests: Request was rejected because the request rate or concurrency limit was exceeded.
    shard 160 retry 2/3 (tileScale 4->8) after 4s: Too Many Requests: Request was rejected because the request rate or concurrency limit was exceeded.
    shard 160 retry 3/3 (tileScale 8->16) after 8s: Too Many Requests: Request was rejected because the request rate or concurrency limit was exceeded.
  [ERROR] shard 160: Too Many Requests: Request was rejected because the request rate or concurrency limit was exceeded.
    shard 161 retry 1/3 (tileScale 2->4) after 2s: Too Many Requests: Request was rejected because the request rate or concurrency limit was exceeded.
  [ERROR] shard 159: User memory limit exceeded.
    shard 161 retry 2/3 (tileScale 4->8) after 4s: Too Many Requests: Request was rejected because the request rate or concurrency limit was exceeded.
  [ERROR] shard 158: User memory limit exceeded.
    shard 161 retry 3/3 (tileScale 8->16) after 8s: Too Many Requests: Request was rejected because the request rate or concurrency limit was exceeded.
  [ERROR] shard 161: Too Many Requests: Request was rejected because the request rate or concurrency limit was exceeded.
    shard 164 retry 1/3 (tileScale 2->4) after 2s: Too Many Requests: Request was rejected because the request rate or concurrency limit was exceeded.
    shard 164 retry 2/3 (tileScale 4->8) after 4s: Too Many Requests: Request was rejected because the request rate or concurrency limit was exceeded.
    shard 164 retry 3/3 (tileScale 8->16) after 8s: Too Many Requests: Request was rejected because the request rate or concurrency limit was exceeded.
  [ERROR] shard 164: Too Many Requests: Request was rejected because the request rate or concurrency limit was exceeded.
    shard 165 retry 1/3 (tileScale 2->4) after 2s: Too Many Requests: Request was rejected because the request rate or concurrency limit was exceeded.
    shard 162 retry 1/3 (tileScale 2->4) after 2s: User memory limit exceeded.
    shard 163 retry 1/3 (tileScale 2->4) after 2s: User memory limit exceeded.
    shard 165 retry 2/3 (tileScale 4->8) after 4s: Too Many Requests: Request was rejected because the request rate or concurrency limit was exceeded.
    shard 165 retry 3/3 (tileScale 8->16) after 8s: Too Many Requests: Request was rejected because the request rate or concurrency limit was exceeded.
  [ERROR] shard 165: Too Many Requests: Request was rejected because the request rate or concurrency limit was exceeded.
    shard 166 retry 1/3 (tileScale 2->4) after 2s: Too Many Requests: Request was rejected because the request rate or concurrency limit was exceeded.
    shard 166 retry 2/3 (tileScale 4->8) after 4s: Too Many Requests: Request was rejected because the request rate or concurrency limit was exceeded.
    shard 166 retry 3/3 (tileScale 8->16) after 8s: Too Many Requests: Request was rejected because the request rate or concurrency limit was exceeded.
  [ERROR] shard 166: Too Many Requests: Request was rejected because the request rate or concurrency limit was exceeded.
    shard 163 retry 2/3 (tileScale 4->8) after 4s: User memory limit exceeded.
    shard 167 retry 1/3 (tileScale 2->4) after 2s: Too Many Requests: Request was rejected because the request rate or concurrency limit was exceeded.
    shard 167 retry 2/3 (tileScale 4->8) after 4s: Too Many Requests: Request was rejected because the request rate or concurrency limit was exceeded.
    shard 162 retry 2/3 (tileScale 4->8) after 4s: User memory limit exceeded.
    shard 167 retry 3/3 (tileScale 8->16) after 8s: Too Many Requests: Request was rejected because the request rate or concurrency limit was exceeded.
  [ERROR] shard 167: Too Many Requests: Request was rejected because the request rate or concurrency limit was exceeded.
    shard 168 retry 1/3 (tileScale 2->4) after 2s: Too Many Requests: Request was rejected because the request rate or concurrency limit was exceeded.
    shard 168 retry 2/3 (tileScale 4->8) after 4s: Too Many Requests: Request was rejected because the request rate or concurrency limit was exceeded.
    shard 168 retry 3/3 (tileScale 8->16) after 8s: Too Many Requests: Request was rejected because the request rate or concurrency limit was exceeded.
    shard 163 retry 3/3 (tileScale 8->16) after 8s: User memory limit exceeded.
  [ERROR] shard 163: Too Many Requests: Request was rejected because the request rate or concurrency limit was exceeded.
    shard 169 retry 1/3 (tileScale 2->4) after 2s: Too Many Requests: Request was rejected because the request rate or concurrency limit was exceeded.
    shard 162 retry 3/3 (tileScale 8->16) after 8s: User memory limit exceeded.
  [ERROR] shard 162: Too Many Requests: Request was rejected because the request rate or concurrency limit was exceeded.
    shard 170 retry 1/3 (tileScale 2->4) after 2s: Too Many Requests: Request was rejected because the request rate or concurrency limit was exceeded.
  [ERROR] shard 168: User memory limit exceeded.
    shard 170 retry 2/3 (tileScale 4->8) after 4s: Too Many Requests: Request was rejected because the request rate or concurrency limit was exceeded.
    shard 169 retry 2/3 (tileScale 4->8) after 4s: User memory limit exceeded.
    shard 171 retry 1/3 (tileScale 2->4) after 2s: Too Many Requests: Request was rejected because the request rate or concurrency limit was exceeded.
    shard 171 retry 2/3 (tileScale 4->8) after 4s: Too Many Requests: Request was rejected because the request rate or concurrency limit was exceeded.
    shard 171 retry 3/3 (tileScale 8->16) after 8s: Too Many Requests: Request was rejected because the request rate or concurrency limit was exceeded.
  [ERROR] shard 171: Too Many Requests: Request was rejected because the request rate or concurrency limit was exceeded.
    shard 169 retry 3/3 (tileScale 8->16) after 8s: User memory limit exceeded.
  [ERROR] shard 169: Too Many Requests: Request was rejected because the request rate or concurrency limit was exceeded.
    shard 173 retry 1/3 (tileScale 2->4) after 2s: Too Many Requests: Request was rejected because the request rate or concurrency limit was exceeded.
    shard 173 retry 2/3 (tileScale 4->8) after 4s: Too Many Requests: Request was rejected because the request rate or concurrency limit was exceeded.
    shard 172 retry 1/3 (tileScale 2->4) after 2s: User memory limit exceeded.
    shard 173 retry 3/3 (tileScale 8->16) after 8s: Too Many Requests: Request was rejected because the request rate or concurrency limit was exceeded.
    shard 170 retry 3/3 (tileScale 8->16) after 8s: User memory limit exceeded.
  [ERROR] shard 170: Too Many Requests: Request was rejected because the request rate or concurrency limit was exceeded.
    shard 174 retry 1/3 (tileScale 2->4) after 2s: Too Many Requests: Request was rejected because the request rate or concurrency limit was exceeded.
    shard 174 retry 2/3 (tileScale 4->8) after 4s: Too Many Requests: Request was rejected because the request rate or concurrency limit was exceeded.
    shard 174 retry 3/3 (tileScale 8->16) after 8s: Too Many Requests: Request was rejected because the request rate or concurrency limit was exceeded.
  [ERROR] shard 174: Too Many Requests: Request was rejected because the request rate or concurrency limit was exceeded.
    shard 175 retry 1/3 (tileScale 2->4) after 2s: Too Many Requests: Request was rejected because the request rate or concurrency limit was exceeded.
    shard 172 retry 2/3 (tileScale 4->8) after 4s: User memory limit exceeded.
  [ERROR] shard 173: User memory limit exceeded.
    shard 175 retry 2/3 (tileScale 4->8) after 4s: Too Many Requests: Request was rejected because the request rate or concurrency limit was exceeded.
    shard 175 retry 3/3 (tileScale 8->16) after 8s: Too Many Requests: Request was rejected because the request rate or concurrency limit was exceeded.
  [ERROR] shard 175: Too Many Requests: Request was rejected because the request rate or concurrency limit was exceeded.
    shard 176 retry 1/3 (tileScale 2->4) after 2s: User memory limit exceeded.
    shard 176 retry 2/3 (tileScale 4->8) after 4s: Too Many Requests: Request was rejected because the request rate or concurrency limit was exceeded.
    shard 176 retry 3/3 (tileScale 8->16) after 8s: Too Many Requests: Request was rejected because the request rate or concurrency limit was exceeded.
  [ERROR] shard 176: Too Many Requests: Request was rejected because the request rate or concurrency limit was exceeded.
    shard 172 retry 3/3 (tileScale 8->16) after 8s: User memory limit exceeded.
    shard 178 retry 1/3 (tileScale 2->4) after 2s: Too Many Requests: Request was rejected because the request rate or concurrency limit was exceeded.
    shard 177 retry 1/3 (tileScale 2->4) after 2s: User memory limit exceeded.
    shard 177 retry 2/3 (tileScale 4->8) after 4s: Too Many Requests: Request was rejected because the request rate or concurrency limit was exceeded.
    shard 177 retry 3/3 (tileScale 8->16) after 8s: Too Many Requests: Request was rejected because the request rate or concurrency limit was exceeded.
  [ERROR] shard 177: Too Many Requests: Request was rejected because the request rate or concurrency limit was exceeded.
    shard 179 retry 1/3 (tileScale 2->4) after 2s: Too Many Requests: Request was rejected because the request rate or concurrency limit was exceeded.
    shard 179 retry 2/3 (tileScale 4->8) after 4s: Too Many Requests: Request was rejected because the request rate or concurrency limit was exceeded.
    shard 178 retry 2/3 (tileScale 4->8) after 4s: User memory limit exceeded.
    shard 179 retry 3/3 (tileScale 8->16) after 8s: Too Many Requests: Request was rejected because the request rate or concurrency limit was exceeded.
  [ERROR] shard 179: Too Many Requests: Request was rejected because the request rate or concurrency limit was exceeded.
    shard 180 retry 1/3 (tileScale 2->4) after 2s: Too Many Requests: Request was rejected because the request rate or concurrency limit was exceeded.
  [ERROR] shard 172: Computation timed out.
    shard 181 retry 1/3 (tileScale 2->4) after 2s: Too Many Requests: Request was rejected because the request rate or concurrency limit was exceeded.
    shard 181 retry 2/3 (tileScale 4->8) after 4s: Too Many Requests: Request was rejected because the request rate or concurrency limit was exceeded.
    shard 181 retry 3/3 (tileScale 8->16) after 8s: Too Many Requests: Request was rejected because the request rate or concurrency limit was exceeded.
    shard 178 retry 3/3 (tileScale 8->16) after 8s: User memory limit exceeded.
  [ERROR] shard 181: Too Many Requests: Request was rejected because the request rate or concurrency limit was exceeded.
  [ERROR] shard 178: Too Many Requests: Request was rejected because the request rate or concurrency limit was exceeded.
    shard 183 retry 1/3 (tileScale 2->4) after 2s: Too Many Requests: Request was rejected because the request rate or concurrency limit was exceeded.
    shard 183 retry 2/3 (tileScale 4->8) after 4s: Too Many Requests: Request was rejected because the request rate or concurrency limit was exceeded.
    shard 180 retry 2/3 (tileScale 4->8) after 4s: User memory limit exceeded.
    shard 183 retry 3/3 (tileScale 8->16) after 8s: Too Many Requests: Request was rejected because the request rate or concurrency limit was exceeded.
    shard 180 retry 3/3 (tileScale 8->16) after 8s: Too Many Requests: Request was rejected because the request rate or concurrency limit was exceeded.
  [ERROR] shard 180: Too Many Requests: Request was rejected because the request rate or concurrency limit was exceeded.
    shard 182 retry 1/3 (tileScale 2->4) after 2s: User memory limit exceeded.
    shard 184 retry 1/3 (tileScale 2->4) after 2s: Too Many Requests: Request was rejected because the request rate or concurrency limit was exceeded.
    shard 184 retry 2/3 (tileScale 4->8) after 4s: Too Many Requests: Request was rejected because the request rate or concurrency limit was exceeded.
    shard 184 retry 3/3 (tileScale 8->16) after 8s: Too Many Requests: Request was rejected because the request rate or concurrency limit was exceeded.
  [ERROR] shard 184: Too Many Requests: Request was rejected because the request rate or concurrency limit was exceeded.
    shard 182 retry 2/3 (tileScale 4->8) after 4s: User memory limit exceeded.
    shard 185 retry 1/3 (tileScale 2->4) after 2s: Too Many Requests: Request was rejected because the request rate or concurrency limit was exceeded.
  [ERROR] shard 183: User memory limit exceeded.
    shard 185 retry 2/3 (tileScale 4->8) after 4s: Too Many Requests: Request was rejected because the request rate or concurrency limit was exceeded.
    shard 185 retry 3/3 (tileScale 8->16) after 8s: Too Many Requests: Request was rejected because the request rate or concurrency limit was exceeded.
  [ERROR] shard 185: Too Many Requests: Request was rejected because the request rate or concurrency limit was exceeded.
    shard 187 retry 1/3 (tileScale 2->4) after 2s: Too Many Requests: Request was rejected because the request rate or concurrency limit was exceeded.
    shard 187 retry 2/3 (tileScale 4->8) after 4s: Too Many Requests: Request was rejected because the request rate or concurrency limit was exceeded.
    shard 187 retry 3/3 (tileScale 8->16) after 8s: Too Many Requests: Request was rejected because the request rate or concurrency limit was exceeded.
    shard 182 retry 3/3 (tileScale 8->16) after 8s: User memory limit exceeded.
  [ERROR] shard 182: Too Many Requests: Request was rejected because the request rate or concurrency limit was exceeded.
    shard 188 retry 1/3 (tileScale 2->4) after 2s: Too Many Requests: Request was rejected because the request rate or concurrency limit was exceeded.
    shard 188 retry 2/3 (tileScale 4->8) after 4s: Too Many Requests: Request was rejected because the request rate or concurrency limit was exceeded.
    shard 188 retry 3/3 (tileScale 8->16) after 8s: Too Many Requests: Request was rejected because the request rate or concurrency limit was exceeded.
    shard 186 retry 1/3 (tileScale 2->4) after 2s: User memory limit exceeded.
    shard 186 retry 2/3 (tileScale 4->8) after 4s: Too Many Requests: Request was rejected because the request rate or concurrency limit was exceeded.
    shard 186 retry 3/3 (tileScale 8->16) after 8s: Too Many Requests: Request was rejected because the request rate or concurrency limit was exceeded.
  [ERROR] shard 186: Too Many Requests: Request was rejected because the request rate or concurrency limit was exceeded.
    shard 189 retry 1/3 (tileScale 2->4) after 2s: Too Many Requests: Request was rejected because the request rate or concurrency limit was exceeded.
  [ERROR] shard 187: User memory limit exceeded.
    shard 189 retry 2/3 (tileScale 4->8) after 4s: Too Many Requests: Request was rejected because the request rate or concurrency limit was exceeded.
    shard 189 retry 3/3 (tileScale 8->16) after 8s: Too Many Requests: Request was rejected because the request rate or concurrency limit was exceeded.
  [ERROR] shard 189: Too Many Requests: Request was rejected because the request rate or concurrency limit was exceeded.
    shard 191 retry 1/3 (tileScale 2->4) after 2s: Too Many Requests: Request was rejected because the request rate or concurrency limit was exceeded.
    shard 191 retry 2/3 (tileScale 4->8) after 4s: Too Many Requests: Request was rejected because the request rate or concurrency limit was exceeded.
  [ERROR] shard 188: User memory limit exceeded.
    shard 190 retry 1/3 (tileScale 2->4) after 2s: User memory limit exceeded.
    shard 191 retry 3/3 (tileScale 8->16) after 8s: Too Many Requests: Request was rejected because the request rate or concurrency limit was exceeded.
  [ERROR] shard 191: Too Many Requests: Request was rejected because the request rate or concurrency limit was exceeded.
    shard 193 retry 1/3 (tileScale 2->4) after 2s: Too Many Requests: Request was rejected because the request rate or concurrency limit was exceeded.
    shard 193 retry 2/3 (tileScale 4->8) after 4s: Too Many Requests: Request was rejected because the request rate or concurrency limit was exceeded.
    shard 193 retry 3/3 (tileScale 8->16) after 8s: Too Many Requests: Request was rejected because the request rate or concurrency limit was exceeded.
  [ERROR] shard 193: Too Many Requests: Request was rejected because the request rate or concurrency limit was exceeded.
    shard 194 retry 1/3 (tileScale 2->4) after 2s: Too Many Requests: Request was rejected because the request rate or concurrency limit was exceeded.
    shard 190 retry 2/3 (tileScale 4->8) after 4s: User memory limit exceeded.
    shard 194 retry 2/3 (tileScale 4->8) after 4s: Too Many Requests: Request was rejected because the request rate or concurrency limit was exceeded.
    shard 192 retry 1/3 (tileScale 2->4) after 2s: User memory limit exceeded.
    shard 194 retry 3/3 (tileScale 8->16) after 8s: Too Many Requests: Request was rejected because the request rate or concurrency limit was exceeded.
  [ERROR] shard 194: Too Many Requests: Request was rejected because the request rate or concurrency limit was exceeded.
    shard 195 retry 1/3 (tileScale 2->4) after 2s: Too Many Requests: Request was rejected because the request rate or concurrency limit was exceeded.
    shard 190 retry 3/3 (tileScale 8->16) after 8s: User memory limit exceeded.
    shard 195 retry 2/3 (tileScale 4->8) after 4s: Too Many Requests: Request was rejected because the request rate or concurrency limit was exceeded.
    shard 195 retry 3/3 (tileScale 8->16) after 8s: Too Many Requests: Request was rejected because the request rate or concurrency limit was exceeded.
  [ERROR] shard 195: Too Many Requests: Request was rejected because the request rate or concurrency limit was exceeded.
    shard 192 retry 2/3 (tileScale 4->8) after 4s: User memory limit exceeded.
  [ERROR] shard 190: User memory limit exceeded.
    shard 197 retry 1/3 (tileScale 2->4) after 2s: Too Many Requests: Request was rejected because the request rate or concurrency limit was exceeded.
    shard 197 retry 2/3 (tileScale 4->8) after 4s: Too Many Requests: Request was rejected because the request rate or concurrency limit was exceeded.
    shard 197 retry 3/3 (tileScale 8->16) after 8s: Too Many Requests: Request was rejected because the request rate or concurrency limit was exceeded.
  [ERROR] shard 197: Too Many Requests: Request was rejected because the request rate or concurrency limit was exceeded.
    shard 198 retry 1/3 (tileScale 2->4) after 2s: Too Many Requests: Request was rejected because the request rate or concurrency limit was exceeded.
    shard 192 retry 3/3 (tileScale 8->16) after 8s: User memory limit exceeded.
  [ERROR] shard 192: Too Many Requests: Request was rejected because the request rate or concurrency limit was exceeded.
    shard 196 retry 1/3 (tileScale 2->4) after 2s: User memory limit exceeded.
    shard 199 retry 1/3 (tileScale 2->4) after 2s: Too Many Requests: Request was rejected because the request rate or concurrency limit was exceeded.
    shard 199 retry 2/3 (tileScale 4->8) after 4s: Too Many Requests: Request was rejected because the request rate or concurrency limit was exceeded.
    shard 199 retry 3/3 (tileScale 8->16) after 8s: Too Many Requests: Request was rejected because the request rate or concurrency limit was exceeded.
  [ERROR] shard 199: Too Many Requests: Request was rejected because the request rate or concurrency limit was exceeded.
    shard 200 retry 1/3 (tileScale 2->4) after 2s: Too Many Requests: Request was rejected because the request rate or concurrency limit was exceeded.
    shard 198 retry 2/3 (tileScale 4->8) after 4s: User memory limit exceeded.
    shard 200 retry 2/3 (tileScale 4->8) after 4s: Too Many Requests: Request was rejected because the request rate or concurrency limit was exceeded.
    shard 200 retry 3/3 (tileScale 8->16) after 8s: Too Many Requests: Request was rejected because the request rate or concurrency limit was exceeded.
    shard 196 retry 2/3 (tileScale 4->8) after 4s: User memory limit exceeded.
    shard 196 retry 3/3 (tileScale 8->16) after 8s: Too Many Requests: Request was rejected because the request rate or concurrency limit was exceeded.
  [ERROR] shard 196: Too Many Requests: Request was rejected because the request rate or concurrency limit was exceeded.
    shard 201 retry 1/3 (tileScale 2->4) after 2s: Too Many Requests: Request was rejected because the request rate or concurrency limit was exceeded.
    shard 198 retry 3/3 (tileScale 8->16) after 8s: User memory limit exceeded.
    shard 201 retry 2/3 (tileScale 4->8) after 4s: Too Many Requests: Request was rejected because the request rate or concurrency limit was exceeded.
    shard 201 retry 3/3 (tileScale 8->16) after 8s: Too Many Requests: Request was rejected because the request rate or concurrency limit was exceeded.
  [ERROR] shard 201: Too Many Requests: Request was rejected because the request rate or concurrency limit was exceeded.
  [ERROR] shard 200: User memory limit exceeded.
    shard 202 retry 1/3 (tileScale 2->4) after 2s: Too Many Requests: Request was rejected because the request rate or concurrency limit was exceeded.
    shard 202 retry 2/3 (tileScale 4->8) after 4s: Too Many Requests: Request was rejected because the request rate or concurrency limit was exceeded.
  [ERROR] shard 198: User memory limit exceeded.
    shard 202 retry 3/3 (tileScale 8->16) after 8s: Too Many Requests: Request was rejected because the request rate or concurrency limit was exceeded.
  [ERROR] shard 202: Too Many Requests: Request was rejected because the request rate or concurrency limit was exceeded.
    shard 205 retry 1/3 (tileScale 2->4) after 2s: Too Many Requests: Request was rejected because the request rate or concurrency limit was exceeded.
    shard 205 retry 2/3 (tileScale 4->8) after 4s: Too Many Requests: Request was rejected because the request rate or concurrency limit was exceeded.
    shard 205 retry 3/3 (tileScale 8->16) after 8s: Too Many Requests: Request was rejected because the request rate or concurrency limit was exceeded.
    shard 203 retry 1/3 (tileScale 2->4) after 2s: User memory limit exceeded.
    shard 204 retry 1/3 (tileScale 2->4) after 2s: User memory limit exceeded.
    shard 203 retry 2/3 (tileScale 4->8) after 4s: Too Many Requests: Request was rejected because the request rate or concurrency limit was exceeded.
    shard 203 retry 3/3 (tileScale 8->16) after 8s: Too Many Requests: Request was rejected because the request rate or concurrency limit was exceeded.
  [ERROR] shard 203: Too Many Requests: Request was rejected because the request rate or concurrency limit was exceeded.
    shard 206 retry 1/3 (tileScale 2->4) after 2s: Too Many Requests: Request was rejected because the request rate or concurrency limit was exceeded.
    shard 206 retry 2/3 (tileScale 4->8) after 4s: Too Many Requests: Request was rejected because the request rate or concurrency limit was exceeded.
    shard 206 retry 3/3 (tileScale 8->16) after 8s: Too Many Requests: Request was rejected because the request rate or concurrency limit was exceeded.
  [ERROR] shard 206: Too Many Requests: Request was rejected because the request rate or concurrency limit was exceeded.
  [ERROR] shard 205: User memory limit exceeded.
    shard 204 retry 2/3 (tileScale 4->8) after 4s: User memory limit exceeded.
    shard 207 retry 1/3 (tileScale 2->4) after 2s: Too Many Requests: Request was rejected because the request rate or concurrency limit was exceeded.
    shard 207 retry 2/3 (tileScale 4->8) after 4s: Too Many Requests: Request was rejected because the request rate or concurrency limit was exceeded.
    shard 207 retry 3/3 (tileScale 8->16) after 8s: Too Many Requests: Request was rejected because the request rate or concurrency limit was exceeded.
    shard 208 retry 1/3 (tileScale 2->4) after 2s: User memory limit exceeded.
    shard 208 retry 2/3 (tileScale 4->8) after 4s: Too Many Requests: Request was rejected because the request rate or concurrency limit was exceeded.
    shard 208 retry 3/3 (tileScale 8->16) after 8s: Too Many Requests: Request was rejected because the request rate or concurrency limit was exceeded.
  [ERROR] shard 208: Too Many Requests: Request was rejected because the request rate or concurrency limit was exceeded.
    shard 204 retry 3/3 (tileScale 8->16) after 8s: User memory limit exceeded.
    shard 209 retry 1/3 (tileScale 2->4) after 2s: Too Many Requests: Request was rejected because the request rate or concurrency limit was exceeded.
    shard 209 retry 2/3 (tileScale 4->8) after 4s: Too Many Requests: Request was rejected because the request rate or concurrency limit was exceeded.
  [ERROR] shard 204: User memory limit exceeded.
    shard 209 retry 3/3 (tileScale 8->16) after 8s: Too Many Requests: Request was rejected because the request rate or concurrency limit was exceeded.
  [ERROR] shard 207: User memory limit exceeded.
    shard 210 retry 1/3 (tileScale 2->4) after 2s: Too Many Requests: Request was rejected because the request rate or concurrency limit was exceeded.
    shard 210 retry 2/3 (tileScale 4->8) after 4s: Too Many Requests: Request was rejected because the request rate or concurrency limit was exceeded.
    shard 210 retry 3/3 (tileScale 8->16) after 8s: Too Many Requests: Request was rejected because the request rate or concurrency limit was exceeded.
    shard 211 retry 1/3 (tileScale 2->4) after 2s: User memory limit exceeded.
  [ERROR] shard 210: Too Many Requests: Request was rejected because the request rate or concurrency limit was exceeded.
    shard 212 retry 1/3 (tileScale 2->4) after 2s: Too Many Requests: Request was rejected because the request rate or concurrency limit was exceeded.
  [ERROR] shard 209: User memory limit exceeded.
    shard 212 retry 2/3 (tileScale 4->8) after 4s: Too Many Requests: Request was rejected because the request rate or concurrency limit was exceeded.
    shard 212 retry 3/3 (tileScale 8->16) after 8s: Too Many Requests: Request was rejected because the request rate or concurrency limit was exceeded.
    shard 213 retry 1/3 (tileScale 2->4) after 2s: User memory limit exceeded.
  [ERROR] shard 212: Too Many Requests: Request was rejected because the request rate or concurrency limit was exceeded.
    shard 214 retry 1/3 (tileScale 2->4) after 2s: Too Many Requests: Request was rejected because the request rate or concurrency limit was exceeded.
    shard 214 retry 2/3 (tileScale 4->8) after 4s: Too Many Requests: Request was rejected because the request rate or concurrency limit was exceeded.
    shard 214 retry 3/3 (tileScale 8->16) after 8s: Too Many Requests: Request was rejected because the request rate or concurrency limit was exceeded.
  [ERROR] shard 214: Too Many Requests: Request was rejected because the request rate or concurrency limit was exceeded.
    shard 211 retry 2/3 (tileScale 4->8) after 4s: User memory limit exceeded.
    shard 215 retry 1/3 (tileScale 2->4) after 2s: Too Many Requests: Request was rejected because the request rate or concurrency limit was exceeded.
    shard 213 retry 2/3 (tileScale 4->8) after 4s: User memory limit exceeded.
    shard 215 retry 2/3 (tileScale 4->8) after 4s: Too Many Requests: Request was rejected because the request rate or concurrency limit was exceeded.
    shard 215 retry 3/3 (tileScale 8->16) after 8s: Too Many Requests: Request was rejected because the request rate or concurrency limit was exceeded.
  [ERROR] shard 215: Too Many Requests: Request was rejected because the request rate or concurrency limit was exceeded.
    shard 216 retry 1/3 (tileScale 2->4) after 2s: Too Many Requests: Request was rejected because the request rate or concurrency limit was exceeded.
    shard 216 retry 2/3 (tileScale 4->8) after 4s: Too Many Requests: Request was rejected because the request rate or concurrency limit was exceeded.
    shard 216 retry 3/3 (tileScale 8->16) after 8s: Too Many Requests: Request was rejected because the request rate or concurrency limit was exceeded.
    shard 213 retry 3/3 (tileScale 8->16) after 8s: User memory limit exceeded.
  [ERROR] shard 216: Too Many Requests: Request was rejected because the request rate or concurrency limit was exceeded.
  [ERROR] shard 213: Too Many Requests: Request was rejected because the request rate or concurrency limit was exceeded.
    shard 211 retry 3/3 (tileScale 8->16) after 8s: User memory limit exceeded.
    shard 218 retry 1/3 (tileScale 2->4) after 2s: Too Many Requests: Request was rejected because the request rate or concurrency limit was exceeded.
    shard 218 retry 2/3 (tileScale 4->8) after 4s: Too Many Requests: Request was rejected because the request rate or concurrency limit was exceeded.
    shard 218 retry 3/3 (tileScale 8->16) after 8s: Too Many Requests: Request was rejected because the request rate or concurrency limit was exceeded.
  [ERROR] shard 218: Too Many Requests: Request was rejected because the request rate or concurrency limit was exceeded.
    shard 219 retry 1/3 (tileScale 2->4) after 2s: Too Many Requests: Request was rejected because the request rate or concurrency limit was exceeded.
    shard 219 retry 2/3 (tileScale 4->8) after 4s: Too Many Requests: Request was rejected because the request rate or concurrency limit was exceeded.
  [ERROR] shard 211: User memory limit exceeded.
    shard 217 retry 1/3 (tileScale 2->4) after 2s: User memory limit exceeded.
    shard 217 retry 2/3 (tileScale 4->8) after 4s: Too Many Requests: Request was rejected because the request rate or concurrency limit was exceeded.
    shard 217 retry 3/3 (tileScale 8->16) after 8s: Too Many Requests: Request was rejected because the request rate or concurrency limit was exceeded.
    shard 220 retry 1/3 (tileScale 2->4) after 2s: User memory limit exceeded.
  [ERROR] shard 217: Too Many Requests: Request was rejected because the request rate or concurrency limit was exceeded.
    shard 221 retry 1/3 (tileScale 2->4) after 2s: Too Many Requests: Request was rejected because the request rate or concurrency limit was exceeded.
    shard 219 retry 3/3 (tileScale 8->16) after 8s: User memory limit exceeded.
  [ERROR] shard 219: Too Many Requests: Request was rejected because the request rate or concurrency limit was exceeded.
    shard 222 retry 1/3 (tileScale 2->4) after 2s: Too Many Requests: Request was rejected because the request rate or concurrency limit was exceeded.
    shard 222 retry 2/3 (tileScale 4->8) after 4s: Too Many Requests: Request was rejected because the request rate or concurrency limit was exceeded.
    shard 222 retry 3/3 (tileScale 8->16) after 8s: Too Many Requests: Request was rejected because the request rate or concurrency limit was exceeded.
    shard 220 retry 2/3 (tileScale 4->8) after 4s: User memory limit exceeded.
    shard 221 retry 2/3 (tileScale 4->8) after 4s: User memory limit exceeded.
    shard 221 retry 3/3 (tileScale 8->16) after 8s: Too Many Requests: Request was rejected because the request rate or concurrency limit was exceeded.
  [ERROR] shard 221: Too Many Requests: Request was rejected because the request rate or concurrency limit was exceeded.
    shard 223 retry 1/3 (tileScale 2->4) after 2s: Too Many Requests: Request was rejected because the request rate or concurrency limit was exceeded.
  [ERROR] shard 222: User memory limit exceeded.
    shard 223 retry 2/3 (tileScale 4->8) after 4s: Too Many Requests: Request was rejected because the request rate or concurrency limit was exceeded.
    shard 223 retry 3/3 (tileScale 8->16) after 8s: Too Many Requests: Request was rejected because the request rate or concurrency limit was exceeded.
    shard 220 retry 3/3 (tileScale 8->16) after 8s: User memory limit exceeded.
    shard 224 retry 1/3 (tileScale 2->4) after 2s: User memory limit exceeded.
  [ERROR] shard 220: Too Many Requests: Request was rejected because the request rate or concurrency limit was exceeded.
    shard 225 retry 1/3 (tileScale 2->4) after 2s: Too Many Requests: Request was rejected because the request rate or concurrency limit was exceeded.
    shard 225 retry 2/3 (tileScale 4->8) after 4s: Too Many Requests: Request was rejected because the request rate or concurrency limit was exceeded.
    shard 225 retry 3/3 (tileScale 8->16) after 8s: Too Many Requests: Request was rejected because the request rate or concurrency limit was exceeded.
  [ERROR] shard 225: Too Many Requests: Request was rejected because the request rate or concurrency limit was exceeded.
    shard 226 retry 1/3 (tileScale 2->4) after 2s: Too Many Requests: Request was rejected because the request rate or concurrency limit was exceeded.
  [ERROR] shard 223: User memory limit exceeded.
    shard 224 retry 2/3 (tileScale 4->8) after 4s: User memory limit exceeded.
    shard 224 retry 3/3 (tileScale 8->16) after 8s: Too Many Requests: Request was rejected because the request rate or concurrency limit was exceeded.
  [ERROR] shard 224: Too Many Requests: Request was rejected because the request rate or concurrency limit was exceeded.
    shard 228 retry 1/3 (tileScale 2->4) after 2s: Too Many Requests: Request was rejected because the request rate or concurrency limit was exceeded.
    shard 226 retry 2/3 (tileScale 4->8) after 4s: User memory limit exceeded.
    shard 226 retry 3/3 (tileScale 8->16) after 8s: Too Many Requests: Request was rejected because the request rate or concurrency limit was exceeded.
  [ERROR] shard 226: Too Many Requests: Request was rejected because the request rate or concurrency limit was exceeded.
    shard 229 retry 1/3 (tileScale 2->4) after 2s: Too Many Requests: Request was rejected because the request rate or concurrency limit was exceeded.
    shard 227 retry 1/3 (tileScale 2->4) after 2s: User memory limit exceeded.
    shard 228 retry 2/3 (tileScale 4->8) after 4s: User memory limit exceeded.
    shard 227 retry 2/3 (tileScale 4->8) after 4s: Too Many Requests: Request was rejected because the request rate or concurrency limit was exceeded.
    shard 228 retry 3/3 (tileScale 8->16) after 8s: Too Many Requests: Request was rejected because the request rate or concurrency limit was exceeded.
  [ERROR] shard 228: Too Many Requests: Request was rejected because the request rate or concurrency limit was exceeded.
    shard 229 retry 2/3 (tileScale 4->8) after 4s: User memory limit exceeded.
    shard 230 retry 1/3 (tileScale 2->4) after 2s: Too Many Requests: Request was rejected because the request rate or concurrency limit was exceeded.
    shard 229 retry 3/3 (tileScale 8->16) after 8s: Too Many Requests: Request was rejected because the request rate or concurrency limit was exceeded.
    shard 227 retry 3/3 (tileScale 8->16) after 8s: User memory limit exceeded.
  [ERROR] shard 229: Too Many Requests: Request was rejected because the request rate or concurrency limit was exceeded.
    shard 231 retry 1/3 (tileScale 2->4) after 2s: Too Many Requests: Request was rejected because the request rate or concurrency limit was exceeded.
    shard 231 retry 2/3 (tileScale 4->8) after 4s: Too Many Requests: Request was rejected because the request rate or concurrency limit was exceeded.
    shard 230 retry 2/3 (tileScale 4->8) after 4s: User memory limit exceeded.
    shard 231 retry 3/3 (tileScale 8->16) after 8s: Too Many Requests: Request was rejected because the request rate or concurrency limit was exceeded.
  [ERROR] shard 227: User memory limit exceeded.
  [ERROR] shard 231: Too Many Requests: Request was rejected because the request rate or concurrency limit was exceeded.
    shard 233 retry 1/3 (tileScale 2->4) after 2s: Too Many Requests: Request was rejected because the request rate or concurrency limit was exceeded.
    shard 233 retry 2/3 (tileScale 4->8) after 4s: Too Many Requests: Request was rejected because the request rate or concurrency limit was exceeded.
    shard 233 retry 3/3 (tileScale 8->16) after 8s: Too Many Requests: Request was rejected because the request rate or concurrency limit was exceeded.
  [ERROR] shard 233: Too Many Requests: Request was rejected because the request rate or concurrency limit was exceeded.
    shard 232 retry 1/3 (tileScale 2->4) after 2s: User memory limit exceeded.
    shard 234 retry 1/3 (tileScale 2->4) after 2s: Too Many Requests: Request was rejected because the request rate or concurrency limit was exceeded.
    shard 232 retry 2/3 (tileScale 4->8) after 4s: Too Many Requests: Request was rejected because the request rate or concurrency limit was exceeded.
    shard 232 retry 3/3 (tileScale 8->16) after 8s: Too Many Requests: Request was rejected because the request rate or concurrency limit was exceeded.
  [ERROR] shard 232: Too Many Requests: Request was rejected because the request rate or concurrency limit was exceeded.
    shard 230 retry 3/3 (tileScale 8->16) after 8s: User memory limit exceeded.
    shard 235 retry 1/3 (tileScale 2->4) after 2s: Too Many Requests: Request was rejected because the request rate or concurrency limit was exceeded.
    shard 235 retry 2/3 (tileScale 4->8) after 4s: Too Many Requests: Request was rejected because the request rate or concurrency limit was exceeded.
    shard 235 retry 3/3 (tileScale 8->16) after 8s: Too Many Requests: Request was rejected because the request rate or concurrency limit was exceeded.
    shard 234 retry 2/3 (tileScale 4->8) after 4s: User memory limit exceeded.
  [ERROR] shard 235: Too Many Requests: Request was rejected because the request rate or concurrency limit was exceeded.
    shard 236 retry 1/3 (tileScale 2->4) after 2s: Too Many Requests: Request was rejected because the request rate or concurrency limit was exceeded.
    shard 236 retry 2/3 (tileScale 4->8) after 4s: Too Many Requests: Request was rejected because the request rate or concurrency limit was exceeded.
    shard 236 retry 3/3 (tileScale 8->16) after 8s: Too Many Requests: Request was rejected because the request rate or concurrency limit was exceeded.
  [ERROR] shard 236: Too Many Requests: Request was rejected because the request rate or concurrency limit was exceeded.
    shard 237 retry 1/3 (tileScale 2->4) after 2s: Too Many Requests: Request was rejected because the request rate or concurrency limit was exceeded.
    shard 234 retry 3/3 (tileScale 8->16) after 8s: User memory limit exceeded.
  [ERROR] shard 230: User memory limit exceeded.
    shard 237 retry 2/3 (tileScale 4->8) after 4s: Too Many Requests: Request was rejected because the request rate or concurrency limit was exceeded.
    shard 237 retry 3/3 (tileScale 8->16) after 8s: Too Many Requests: Request was rejected because the request rate or concurrency limit was exceeded.
  [ERROR] shard 237: Too Many Requests: Request was rejected because the request rate or concurrency limit was exceeded.
    shard 239 retry 1/3 (tileScale 2->4) after 2s: Too Many Requests: Request was rejected because the request rate or concurrency limit was exceeded.
    shard 239 retry 2/3 (tileScale 4->8) after 4s: Too Many Requests: Request was rejected because the request rate or concurrency limit was exceeded.
    shard 239 retry 3/3 (tileScale 8->16) after 8s: Too Many Requests: Request was rejected because the request rate or concurrency limit was exceeded.
  [ERROR] shard 239: Too Many Requests: Request was rejected because the request rate or concurrency limit was exceeded.
  [ERROR] shard 234: User memory limit exceeded.
    shard 240 retry 1/3 (tileScale 2->4) after 2s: Too Many Requests: Request was rejected because the request rate or concurrency limit was exceeded.
    shard 240 retry 2/3 (tileScale 4->8) after 4s: Too Many Requests: Request was rejected because the request rate or concurrency limit was exceeded.
    shard 238 retry 1/3 (tileScale 2->4) after 2s: User memory limit exceeded.
    shard 241 retry 1/3 (tileScale 2->4) after 2s: User memory limit exceeded.
    shard 238 retry 2/3 (tileScale 4->8) after 4s: Too Many Requests: Request was rejected because the request rate or concurrency limit was exceeded.
    shard 238 retry 3/3 (tileScale 8->16) after 8s: Too Many Requests: Request was rejected because the request rate or concurrency limit was exceeded.
    shard 241 retry 2/3 (tileScale 4->8) after 4s: User memory limit exceeded.
    shard 241 retry 3/3 (tileScale 8->16) after 8s: Too Many Requests: Request was rejected because the request rate or concurrency limit was exceeded.
  [ERROR] shard 241: Too Many Requests: Request was rejected because the request rate or concurrency limit was exceeded.
    shard 242 retry 1/3 (tileScale 2->4) after 2s: Too Many Requests: Request was rejected because the request rate or concurrency limit was exceeded.
  [ERROR] shard 238: User memory limit exceeded.
    shard 242 retry 2/3 (tileScale 4->8) after 4s: HTTPSConnectionPool(host='earthengine-highvolume.googleapis.com', port=443): Max retries exceeded with url: /v1/projects
    shard 240 retry 3/3 (tileScale 8->16) after 8s: HTTPSConnectionPool(host='earthengine-highvolume.googleapis.com', port=443): Max retries exceeded with url: /v1/projects
    shard 243 retry 1/3 (tileScale 2->4) after 2s: HTTPSConnectionPool(host='earthengine-highvolume.googleapis.com', port=443): Max retries exceeded with url: /v1/projects
    shard 242 retry 3/3 (tileScale 8->16) after 8s: HTTPSConnectionPool(host='earthengine-highvolume.googleapis.com', port=443): Max retries exceeded with url: /v1/projects
  [ERROR] shard 240: HTTPSConnectionPool(host='earthengine-highvolume.googleapis.com', port=443): Max retries exceeded with url: /v1/projects/ee-gsingh/table:computeFeatures?alt=json (Caused by SSLError(SSLEOFError(8, '[S
    shard 243 retry 2/3 (tileScale 4->8) after 4s: HTTPSConnectionPool(host='earthengine-highvolume.googleapis.com', port=443): Max retries exceeded with url: /v1/projects
  [ERROR] shard 242: HTTPSConnectionPool(host='earthengine-highvolume.googleapis.com', port=443): Max retries exceeded with url: /v1/projects/ee-gsingh/table:computeFeatures?alt=json (Caused by SSLError(SSLCertVerificatio
    shard 243 retry 3/3 (tileScale 8->16) after 8s: HTTPSConnectionPool(host='earthengine-highvolume.googleapis.com', port=443): Max retries exceeded with url: /v1/projects
    shard 244 retry 1/3 (tileScale 2->4) after 2s: HTTPSConnectionPool(host='earthengine-highvolume.googleapis.com', port=443): Max retries exceeded with url: /v1/projects
    shard 245 retry 1/3 (tileScale 2->4) after 2s: HTTPSConnectionPool(host='earthengine-highvolume.googleapis.com', port=443): Max retries exceeded with url: /v1/projects
  [ERROR] shard 243: HTTPSConnectionPool(host='earthengine-highvolume.googleapis.com', port=443): Max retries exceeded with url: /v1/projects/ee-gsingh/table:computeFeatures?alt=json (Caused by SSLError(SSLCertVerificatio
    shard 245 retry 2/3 (tileScale 4->8) after 4s: HTTPSConnectionPool(host='earthengine-highvolume.googleapis.com', port=443): Max retries exceeded with url: /v1/projects
    shard 244 retry 2/3 (tileScale 4->8) after 4s: HTTPSConnectionPool(host='earthengine-highvolume.googleapis.com', port=443): Max retries exceeded with url: /v1/projects
    shard 246 retry 1/3 (tileScale 2->4) after 2s: HTTPSConnectionPool(host='earthengine-highvolume.googleapis.com', port=443): Max retries exceeded with url: /v1/projects
    shard 245 retry 3/3 (tileScale 8->16) after 8s: HTTPSConnectionPool(host='earthengine-highvolume.googleapis.com', port=443): Max retries exceeded with url: /v1/projects
    shard 244 retry 3/3 (tileScale 8->16) after 8s: HTTPSConnectionPool(host='earthengine-highvolume.googleapis.com', port=443): Max retries exceeded with url: /v1/projects
    shard 246 retry 2/3 (tileScale 4->8) after 4s: HTTPSConnectionPool(host='earthengine-highvolume.googleapis.com', port=443): Max retries exceeded with url: /v1/projects
  [ERROR] shard 245: HTTPSConnectionPool(host='earthengine-highvolume.googleapis.com', port=443): Max retries exceeded with url: /v1/projects/ee-gsingh/table:computeFeatures?alt=json (Caused by SSLError(SSLCertVerificatio
  [ERROR] shard 244: HTTPSConnectionPool(host='earthengine-highvolume.googleapis.com', port=443): Max retries exceeded with url: /v1/projects/ee-gsingh/table:computeFeatures?alt=json (Caused by SSLError(SSLCertVerificatio
    shard 246 retry 3/3 (tileScale 8->16) after 8s: HTTPSConnectionPool(host='earthengine-highvolume.googleapis.com', port=443): Max retries exceeded with url: /v1/projects
    shard 247 retry 1/3 (tileScale 2->4) after 2s: HTTPSConnectionPool(host='earthengine-highvolume.googleapis.com', port=443): Max retries exceeded with url: /v1/projects
    shard 248 retry 1/3 (tileScale 2->4) after 2s: HTTPSConnectionPool(host='earthengine-highvolume.googleapis.com', port=443): Max retries exceeded with url: /v1/projects
  [ERROR] shard 246: HTTPSConnectionPool(host='earthengine-highvolume.googleapis.com', port=443): Max retries exceeded with url: /v1/projects/ee-gsingh/table:computeFeatures?alt=json (Caused by SSLError(SSLCertVerificatio
    shard 247 retry 2/3 (tileScale 4->8) after 4s: HTTPSConnectionPool(host='earthengine-highvolume.googleapis.com', port=443): Max retries exceeded with url: /v1/projects
    shard 248 retry 2/3 (tileScale 4->8) after 4s: HTTPSConnectionPool(host='earthengine-highvolume.googleapis.com', port=443): Max retries exceeded with url: /v1/projects
    shard 247 retry 3/3 (tileScale 8->16) after 8s: HTTPSConnectionPool(host='earthengine-highvolume.googleapis.com', port=443): Max retries exceeded with url: /v1/projects
    shard 249 retry 1/3 (tileScale 2->4) after 2s: HTTPSConnectionPool(host='earthengine-highvolume.googleapis.com', port=443): Max retries exceeded with url: /v1/projects
  [ERROR] shard 247: HTTPSConnectionPool(host='earthengine-highvolume.googleapis.com', port=443): Max retries exceeded with url: /v1/projects/ee-gsingh/table:computeFeatures?alt=json (Caused by SSLError(SSLCertVerificatio
    shard 248 retry 3/3 (tileScale 8->16) after 8s: HTTPSConnectionPool(host='earthengine-highvolume.googleapis.com', port=443): Max retries exceeded with url: /v1/projects
    shard 250 retry 1/3 (tileScale 2->4) after 2s: HTTPSConnectionPool(host='earthengine-highvolume.googleapis.com', port=443): Max retries exceeded with url: /v1/projects
    shard 249 retry 2/3 (tileScale 4->8) after 4s: HTTPSConnectionPool(host='earthengine-highvolume.googleapis.com', port=443): Max retries exceeded with url: /v1/projects
  [ERROR] shard 248: HTTPSConnectionPool(host='earthengine-highvolume.googleapis.com', port=443): Max retries exceeded with url: /v1/projects/ee-gsingh/table:computeFeatures?alt=json (Caused by SSLError(SSLCertVerificatio
    shard 250 retry 2/3 (tileScale 4->8) after 4s: HTTPSConnectionPool(host='earthengine-highvolume.googleapis.com', port=443): Max retries exceeded with url: /v1/projects
    shard 251 retry 1/3 (tileScale 2->4) after 2s: HTTPSConnectionPool(host='earthengine-highvolume.googleapis.com', port=443): Max retries exceeded with url: /v1/projects
    shard 249 retry 3/3 (tileScale 8->16) after 8s: HTTPSConnectionPool(host='earthengine-highvolume.googleapis.com', port=443): Max retries exceeded with url: /v1/projects
  [ERROR] shard 249: HTTPSConnectionPool(host='earthengine-highvolume.googleapis.com', port=443): Max retries exceeded with url: /v1/projects/ee-gsingh/table:computeFeatures?alt=json (Caused by SSLError(SSLCertVerificatio
    shard 251 retry 2/3 (tileScale 4->8) after 4s: HTTPSConnectionPool(host='earthengine-highvolume.googleapis.com', port=443): Max retries exceeded with url: /v1/projects
    shard 250 retry 3/3 (tileScale 8->16) after 8s: HTTPSConnectionPool(host='earthengine-highvolume.googleapis.com', port=443): Max retries exceeded with url: /v1/projects
    shard 251 retry 3/3 (tileScale 8->16) after 8s: HTTPSConnectionPool(host='earthengine-highvolume.googleapis.com', port=443): Max retries exceeded with url: /v1/projects
    shard 252 retry 1/3 (tileScale 2->4) after 2s: HTTPSConnectionPool(host='earthengine-highvolume.googleapis.com', port=443): Max retries exceeded with url: /v1/projects
  [ERROR] shard 250: HTTPSConnectionPool(host='earthengine-highvolume.googleapis.com', port=443): Max retries exceeded with url: /v1/projects/ee-gsingh/table:computeFeatures?alt=json (Caused by SSLError(SSLCertVerificatio
  [ERROR] shard 251: HTTPSConnectionPool(host='earthengine-highvolume.googleapis.com', port=443): Max retries exceeded with url: /v1/projects/ee-gsingh/table:computeFeatures?alt=json (Caused by SSLError(SSLCertVerificatio
    shard 252 retry 2/3 (tileScale 4->8) after 4s: HTTPSConnectionPool(host='earthengine-highvolume.googleapis.com', port=443): Max retries exceeded with url: /v1/projects
    shard 253 retry 1/3 (tileScale 2->4) after 2s: HTTPSConnectionPool(host='earthengine-highvolume.googleapis.com', port=443): Max retries exceeded with url: /v1/projects
    shard 254 retry 1/3 (tileScale 2->4) after 2s: HTTPSConnectionPool(host='earthengine-highvolume.googleapis.com', port=443): Max retries exceeded with url: /v1/projects
    shard 252 retry 3/3 (tileScale 8->16) after 8s: HTTPSConnectionPool(host='earthengine-highvolume.googleapis.com', port=443): Max retries exceeded with url: /v1/projects
    shard 253 retry 2/3 (tileScale 4->8) after 4s: HTTPSConnectionPool(host='earthengine-highvolume.googleapis.com', port=443): Max retries exceeded with url: /v1/projects
    shard 254 retry 2/3 (tileScale 4->8) after 4s: HTTPSConnectionPool(host='earthengine-highvolume.googleapis.com', port=443): Max retries exceeded with url: /v1/projects
    shard 253 retry 3/3 (tileScale 8->16) after 8s: HTTPSConnectionPool(host='earthengine-highvolume.googleapis.com', port=443): Max retries exceeded with url: /v1/projects
  [ERROR] shard 252: HTTPSConnectionPool(host='earthengine-highvolume.googleapis.com', port=443): Max retries exceeded with url: /v1/projects/ee-gsingh/table:computeFeatures?alt=json (Caused by SSLError(SSLCertVerificatio
    shard 255 retry 1/3 (tileScale 2->4) after 2s: HTTPSConnectionPool(host='earthengine-highvolume.googleapis.com', port=443): Max retries exceeded with url: /v1/projects
    shard 254 retry 3/3 (tileScale 8->16) after 8s: HTTPSConnectionPool(host='earthengine-highvolume.googleapis.com', port=443): Max retries exceeded with url: /v1/projects
  [ERROR] shard 253: HTTPSConnectionPool(host='earthengine-highvolume.googleapis.com', port=443): Max retries exceeded with url: /v1/projects/ee-gsingh/table:computeFeatures?alt=json (Caused by SSLError(SSLCertVerificatio
    shard 256 retry 1/3 (tileScale 2->4) after 2s: HTTPSConnectionPool(host='earthengine-highvolume.googleapis.com', port=443): Max retries exceeded with url: /v1/projects
    shard 255 retry 2/3 (tileScale 4->8) after 4s: HTTPSConnectionPool(host='earthengine-highvolume.googleapis.com', port=443): Max retries exceeded with url: /v1/projects
    shard 256 retry 2/3 (tileScale 4->8) after 4s: HTTPSConnectionPool(host='earthengine-highvolume.googleapis.com', port=443): Max retries exceeded with url: /v1/projects
  [ERROR] shard 254: HTTPSConnectionPool(host='earthengine-highvolume.googleapis.com', port=443): Max retries exceeded with url: /v1/projects/ee-gsingh/table:computeFeatures?alt=json (Caused by SSLError(SSLCertVerificatio
    shard 255 retry 3/3 (tileScale 8->16) after 8s: HTTPSConnectionPool(host='earthengine-highvolume.googleapis.com', port=443): Max retries exceeded with url: /v1/projects
    shard 257 retry 1/3 (tileScale 2->4) after 2s: HTTPSConnectionPool(host='earthengine-highvolume.googleapis.com', port=443): Max retries exceeded with url: /v1/projects
    shard 256 retry 3/3 (tileScale 8->16) after 8s: HTTPSConnectionPool(host='earthengine-highvolume.googleapis.com', port=443): Max retries exceeded with url: /v1/projects
  [ERROR] shard 255: HTTPSConnectionPool(host='earthengine-highvolume.googleapis.com', port=443): Max retries exceeded with url: /v1/projects/ee-gsingh/table:computeFeatures?alt=json (Caused by SSLError(SSLCertVerificatio
  [ERROR] shard 256: HTTPSConnectionPool(host='earthengine-highvolume.googleapis.com', port=443): Max retries exceeded with url: /v1/projects/ee-gsingh/table:computeFeatures?alt=json (Caused by SSLError(SSLEOFError(8, '[S
    shard 257 retry 2/3 (tileScale 4->8) after 4s: HTTPSConnectionPool(host='earthengine-highvolume.googleapis.com', port=443): Max retries exceeded with url: /v1/projects
    shard 258 retry 1/3 (tileScale 2->4) after 2s: HTTPSConnectionPool(host='earthengine-highvolume.googleapis.com', port=443): Max retries exceeded with url: /v1/projects
    shard 259 retry 1/3 (tileScale 2->4) after 2s: HTTPSConnectionPool(host='earthengine-highvolume.googleapis.com', port=443): Max retries exceeded with url: /v1/projects
    shard 257 retry 3/3 (tileScale 8->16) after 8s: HTTPSConnectionPool(host='earthengine-highvolume.googleapis.com', port=443): Max retries exceeded with url: /v1/projects
    shard 258 retry 2/3 (tileScale 4->8) after 4s: HTTPSConnectionPool(host='earthengine-highvolume.googleapis.com', port=443): Max retries exceeded with url: /v1/projects
    shard 259 retry 2/3 (tileScale 4->8) after 4s: HTTPSConnectionPool(host='earthengine-highvolume.googleapis.com', port=443): Max retries exceeded with url: /v1/projects
  [ERROR] shard 257: HTTPSConnectionPool(host='earthengine-highvolume.googleapis.com', port=443): Max retries exceeded with url: /v1/projects/ee-gsingh/table:computeFeatures?alt=json (Caused by SSLError(SSLCertVerificatio
    shard 258 retry 3/3 (tileScale 8->16) after 8s: HTTPSConnectionPool(host='earthengine-highvolume.googleapis.com', port=443): Max retries exceeded with url: /v1/projects
    shard 259 retry 3/3 (tileScale 8->16) after 8s: HTTPSConnectionPool(host='earthengine-highvolume.googleapis.com', port=443): Max retries exceeded with url: /v1/projects
    shard 260 retry 1/3 (tileScale 2->4) after 2s: HTTPSConnectionPool(host='earthengine-highvolume.googleapis.com', port=443): Max retries exceeded with url: /v1/projects
    shard 260 retry 2/3 (tileScale 4->8) after 4s: HTTPSConnectionPool(host='earthengine-highvolume.googleapis.com', port=443): Max retries exceeded with url: /v1/projects
  [ERROR] shard 259: HTTPSConnectionPool(host='earthengine-highvolume.googleapis.com', port=443): Max retries exceeded with url: /v1/projects/ee-gsingh/table:computeFeatures?alt=json (Caused by SSLError(SSLCertVerificatio
  [ERROR] shard 258: HTTPSConnectionPool(host='earthengine-highvolume.googleapis.com', port=443): Max retries exceeded with url: /v1/projects/ee-gsingh/table:computeFeatures?alt=json (Caused by SSLError(SSLCertVerificatio
    shard 260 retry 3/3 (tileScale 8->16) after 8s: HTTPSConnectionPool(host='earthengine-highvolume.googleapis.com', port=443): Max retries exceeded with url: /v1/projects
    shard 261 retry 1/3 (tileScale 2->4) after 2s: HTTPSConnectionPool(host='earthengine-highvolume.googleapis.com', port=443): Max retries exceeded with url: /v1/projects
    shard 262 retry 1/3 (tileScale 2->4) after 2s: HTTPSConnectionPool(host='earthengine-highvolume.googleapis.com', port=443): Max retries exceeded with url: /v1/projects
  [ERROR] shard 260: HTTPSConnectionPool(host='earthengine-highvolume.googleapis.com', port=443): Max retries exceeded with url: /v1/projects/ee-gsingh/table:computeFeatures?alt=json (Caused by SSLError(SSLCertVerificatio
    shard 262 retry 2/3 (tileScale 4->8) after 4s: HTTPSConnectionPool(host='earthengine-highvolume.googleapis.com', port=443): Max retries exceeded with url: /v1/projects
    shard 261 retry 2/3 (tileScale 4->8) after 4s: HTTPSConnectionPool(host='earthengine-highvolume.googleapis.com', port=443): Max retries exceeded with url: /v1/projects
    shard 263 retry 1/3 (tileScale 2->4) after 2s: HTTPSConnectionPool(host='earthengine-highvolume.googleapis.com', port=443): Max retries exceeded with url: /v1/projects
    shard 262 retry 3/3 (tileScale 8->16) after 8s: HTTPSConnectionPool(host='earthengine-highvolume.googleapis.com', port=443): Max retries exceeded with url: /v1/projects
    shard 261 retry 3/3 (tileScale 8->16) after 8s: HTTPSConnectionPool(host='earthengine-highvolume.googleapis.com', port=443): Max retries exceeded with url: /v1/projects
    shard 263 retry 2/3 (tileScale 4->8) after 4s: HTTPSConnectionPool(host='earthengine-highvolume.googleapis.com', port=443): Max retries exceeded with url: /v1/projects
  [ERROR] shard 262: HTTPSConnectionPool(host='earthengine-highvolume.googleapis.com', port=443): Max retries exceeded with url: /v1/projects/ee-gsingh/table:computeFeatures?alt=json (Caused by SSLError(SSLCertVerificatio
  [ERROR] shard 261: HTTPSConnectionPool(host='earthengine-highvolume.googleapis.com', port=443): Max retries exceeded with url: /v1/projects/ee-gsingh/table:computeFeatures?alt=json (Caused by SSLError(SSLCertVerificatio
    shard 264 retry 1/3 (tileScale 2->4) after 2s: HTTPSConnectionPool(host='earthengine-highvolume.googleapis.com', port=443): Max retries exceeded with url: /v1/projects
    shard 263 retry 3/3 (tileScale 8->16) after 8s: HTTPSConnectionPool(host='earthengine-highvolume.googleapis.com', port=443): Max retries exceeded with url: /v1/projects
    shard 265 retry 1/3 (tileScale 2->4) after 2s: HTTPSConnectionPool(host='earthengine-highvolume.googleapis.com', port=443): Max retries exceeded with url: /v1/projects
    shard 264 retry 2/3 (tileScale 4->8) after 4s: HTTPSConnectionPool(host='earthengine-highvolume.googleapis.com', port=443): Max retries exceeded with url: /v1/projects
    shard 265 retry 2/3 (tileScale 4->8) after 4s: HTTPSConnectionPool(host='earthengine-highvolume.googleapis.com', port=443): Max retries exceeded with url: /v1/projects
  [ERROR] shard 263: HTTPSConnectionPool(host='earthengine-highvolume.googleapis.com', port=443): Max retries exceeded with url: /v1/projects/ee-gsingh/table:computeFeatures?alt=json (Caused by SSLError(SSLCertVerificatio
    shard 264 retry 3/3 (tileScale 8->16) after 8s: HTTPSConnectionPool(host='earthengine-highvolume.googleapis.com', port=443): Max retries exceeded with url: /v1/projects
    shard 265 retry 3/3 (tileScale 8->16) after 8s: HTTPSConnectionPool(host='earthengine-highvolume.googleapis.com', port=443): Max retries exceeded with url: /v1/projects
    shard 266 retry 1/3 (tileScale 2->4) after 2s: HTTPSConnectionPool(host='earthengine-highvolume.googleapis.com', port=443): Max retries exceeded with url: /v1/projects
    shard 266 retry 2/3 (tileScale 4->8) after 4s: HTTPSConnectionPool(host='earthengine-highvolume.googleapis.com', port=443): Max retries exceeded with url: /v1/projects
  [ERROR] shard 265: HTTPSConnectionPool(host='earthengine-highvolume.googleapis.com', port=443): Max retries exceeded with url: /v1/projects/ee-gsingh/table:computeFeatures?alt=json (Caused by SSLError(SSLCertVerificatio
  [ERROR] shard 264: HTTPSConnectionPool(host='earthengine-highvolume.googleapis.com', port=443): Max retries exceeded with url: /v1/projects/ee-gsingh/table:computeFeatures?alt=json (Caused by SSLError(SSLCertVerificatio
    shard 267 retry 1/3 (tileScale 2->4) after 2s: HTTPSConnectionPool(host='earthengine-highvolume.googleapis.com', port=443): Max retries exceeded with url: /v1/projects
    shard 266 retry 3/3 (tileScale 8->16) after 8s: HTTPSConnectionPool(host='earthengine-highvolume.googleapis.com', port=443): Max retries exceeded with url: /v1/projects
  [ERROR] shard 266: HTTPSConnectionPool(host='earthengine-highvolume.googleapis.com', port=443): Max retries exceeded with url: /v1/projects/ee-gsingh/table:computeFeatures?alt=json (Caused by SSLError(SSLCertVerificatio
    shard 268 retry 1/3 (tileScale 2->4) after 2s: HTTPSConnectionPool(host='earthengine-highvolume.googleapis.com', port=443): Max retries exceeded with url: /v1/projects
    shard 267 retry 2/3 (tileScale 4->8) after 4s: HTTPSConnectionPool(host='earthengine-highvolume.googleapis.com', port=443): Max retries exceeded with url: /v1/projects
    shard 269 retry 1/3 (tileScale 2->4) after 2s: HTTPSConnectionPool(host='earthengine-highvolume.googleapis.com', port=443): Max retries exceeded with url: /v1/projects
    shard 268 retry 2/3 (tileScale 4->8) after 4s: HTTPSConnectionPool(host='earthengine-highvolume.googleapis.com', port=443): Max retries exceeded with url: /v1/projects
    shard 267 retry 3/3 (tileScale 8->16) after 8s: HTTPSConnectionPool(host='earthengine-highvolume.googleapis.com', port=443): Max retries exceeded with url: /v1/projects
    shard 269 retry 2/3 (tileScale 4->8) after 4s: HTTPSConnectionPool(host='earthengine-highvolume.googleapis.com', port=443): Max retries exceeded with url: /v1/projects
    shard 268 retry 3/3 (tileScale 8->16) after 8s: HTTPSConnectionPool(host='earthengine-highvolume.googleapis.com', port=443): Max retries exceeded with url: /v1/projects
  [ERROR] shard 267: HTTPSConnectionPool(host='earthengine-highvolume.googleapis.com', port=443): Max retries exceeded with url: /v1/projects/ee-gsingh/table:computeFeatures?alt=json (Caused by SSLError(SSLEOFError(8, '[S
    shard 269 retry 3/3 (tileScale 8->16) after 8s: HTTPSConnectionPool(host='earthengine-highvolume.googleapis.com', port=443): Max retries exceeded with url: /v1/projects
    shard 270 retry 1/3 (tileScale 2->4) after 2s: HTTPSConnectionPool(host='earthengine-highvolume.googleapis.com', port=443): Max retries exceeded with url: /v1/projects
  [ERROR] shard 268: HTTPSConnectionPool(host='earthengine-highvolume.googleapis.com', port=443): Max retries exceeded with url: /v1/projects/ee-gsingh/table:computeFeatures?alt=json (Caused by SSLError(SSLCertVerificatio
  [ERROR] shard 269: HTTPSConnectionPool(host='earthengine-highvolume.googleapis.com', port=443): Max retries exceeded with url: /v1/projects/ee-gsingh/table:computeFeatures?alt=json (Caused by SSLError(SSLCertVerificatio
    shard 271 retry 1/3 (tileScale 2->4) after 2s: HTTPSConnectionPool(host='earthengine-highvolume.googleapis.com', port=443): Max retries exceeded with url: /v1/projects
    shard 270 retry 2/3 (tileScale 4->8) after 4s: HTTPSConnectionPool(host='earthengine-highvolume.googleapis.com', port=443): Max retries exceeded with url: /v1/projects
    shard 272 retry 1/3 (tileScale 2->4) after 2s: HTTPSConnectionPool(host='earthengine-highvolume.googleapis.com', port=443): Max retries exceeded with url: /v1/projects
    shard 271 retry 2/3 (tileScale 4->8) after 4s: HTTPSConnectionPool(host='earthengine-highvolume.googleapis.com', port=443): Max retries exceeded with url: /v1/projects
    shard 271 retry 3/3 (tileScale 8->16) after 8s: HTTPSConnectionPool(host='earthengine-highvolume.googleapis.com', port=443): Max retries exceeded with url: /v1/projects
    shard 270 retry 3/3 (tileScale 8->16) after 8s: HTTPSConnectionPool(host='earthengine-highvolume.googleapis.com', port=443): Max retries exceeded with url: /v1/projects
    shard 272 retry 2/3 (tileScale 4->8) after 4s: HTTPSConnectionPool(host='earthengine-highvolume.googleapis.com', port=443): Max retries exceeded with url: /v1/projects
  [ERROR] shard 271: HTTPSConnectionPool(host='earthengine-highvolume.googleapis.com', port=443): Max retries exceeded with url: /v1/projects/ee-gsingh/table:computeFeatures?alt=json (Caused by SSLError(SSLCertVerificatio
  [ERROR] shard 270: HTTPSConnectionPool(host='earthengine-highvolume.googleapis.com', port=443): Max retries exceeded with url: /v1/projects/ee-gsingh/table:computeFeatures?alt=json (Caused by SSLError(SSLCertVerificatio
    shard 272 retry 3/3 (tileScale 8->16) after 8s: HTTPSConnectionPool(host='earthengine-highvolume.googleapis.com', port=443): Max retries exceeded with url: /v1/projects
    shard 274 retry 1/3 (tileScale 2->4) after 2s: HTTPSConnectionPool(host='earthengine-highvolume.googleapis.com', port=443): Max retries exceeded with url: /v1/projects
    shard 273 retry 1/3 (tileScale 2->4) after 2s: HTTPSConnectionPool(host='earthengine-highvolume.googleapis.com', port=443): Max retries exceeded with url: /v1/projects
    shard 273 retry 2/3 (tileScale 4->8) after 4s: HTTPSConnectionPool(host='earthengine-highvolume.googleapis.com', port=443): Max retries exceeded with url: /v1/projects
    shard 274 retry 2/3 (tileScale 4->8) after 4s: HTTPSConnectionPool(host='earthengine-highvolume.googleapis.com', port=443): Max retries exceeded with url: /v1/projects
  [ERROR] shard 272: HTTPSConnectionPool(host='earthengine-highvolume.googleapis.com', port=443): Max retries exceeded with url: /v1/projects/ee-gsingh/table:computeFeatures?alt=json (Caused by SSLError(SSLEOFError(8, '[S
    shard 273 retry 3/3 (tileScale 8->16) after 8s: HTTPSConnectionPool(host='earthengine-highvolume.googleapis.com', port=443): Max retries exceeded with url: /v1/projects
  [ERROR] shard 273: HTTPSConnectionPool(host='earthengine-highvolume.googleapis.com', port=443): Max retries exceeded with url: /v1/projects/ee-gsingh/table:computeFeatures?alt=json (Caused by SSLError(SSLCertVerificatio
    shard 274 retry 3/3 (tileScale 8->16) after 8s: HTTPSConnectionPool(host='earthengine-highvolume.googleapis.com', port=443): Max retries exceeded with url: /v1/projects
    shard 275 retry 1/3 (tileScale 2->4) after 2s: HTTPSConnectionPool(host='earthengine-highvolume.googleapis.com', port=443): Max retries exceeded with url: /v1/projects
    shard 276 retry 1/3 (tileScale 2->4) after 2s: HTTPSConnectionPool(host='earthengine-highvolume.googleapis.com', port=443): Max retries exceeded with url: /v1/projects
    shard 275 retry 2/3 (tileScale 4->8) after 4s: HTTPSConnectionPool(host='earthengine-highvolume.googleapis.com', port=443): Max retries exceeded with url: /v1/projects
  [ERROR] shard 274: HTTPSConnectionPool(host='earthengine-highvolume.googleapis.com', port=443): Max retries exceeded with url: /v1/projects/ee-gsingh/table:computeFeatures?alt=json (Caused by SSLError(SSLCertVerificatio
    shard 276 retry 2/3 (tileScale 4->8) after 4s: HTTPSConnectionPool(host='earthengine-highvolume.googleapis.com', port=443): Max retries exceeded with url: /v1/projects
    shard 275 retry 3/3 (tileScale 8->16) after 8s: HTTPSConnectionPool(host='earthengine-highvolume.googleapis.com', port=443): Max retries exceeded with url: /v1/projects
    shard 277 retry 1/3 (tileScale 2->4) after 2s: HTTPSConnectionPool(host='earthengine-highvolume.googleapis.com', port=443): Max retries exceeded with url: /v1/projects
    shard 276 retry 3/3 (tileScale 8->16) after 8s: HTTPSConnectionPool(host='earthengine-highvolume.googleapis.com', port=443): Max retries exceeded with url: /v1/projects
  [ERROR] shard 275: HTTPSConnectionPool(host='earthengine-highvolume.googleapis.com', port=443): Max retries exceeded with url: /v1/projects/ee-gsingh/table:computeFeatures?alt=json (Caused by SSLError(SSLCertVerificatio
    shard 277 retry 2/3 (tileScale 4->8) after 4s: HTTPSConnectionPool(host='earthengine-highvolume.googleapis.com', port=443): Max retries exceeded with url: /v1/projects
    shard 278 retry 1/3 (tileScale 2->4) after 2s: HTTPSConnectionPool(host='earthengine-highvolume.googleapis.com', port=443): Max retries exceeded with url: /v1/projects
  [ERROR] shard 276: HTTPSConnectionPool(host='earthengine-highvolume.googleapis.com', port=443): Max retries exceeded with url: /v1/projects/ee-gsingh/table:computeFeatures?alt=json (Caused by SSLError(SSLEOFError(8, '[S
    shard 277 retry 3/3 (tileScale 8->16) after 8s: HTTPSConnectionPool(host='earthengine-highvolume.googleapis.com', port=443): Max retries exceeded with url: /v1/projects
    shard 278 retry 2/3 (tileScale 4->8) after 4s: HTTPSConnectionPool(host='earthengine-highvolume.googleapis.com', port=443): Max retries exceeded with url: /v1/projects
    shard 279 retry 1/3 (tileScale 2->4) after 2s: HTTPSConnectionPool(host='earthengine-highvolume.googleapis.com', port=443): Max retries exceeded with url: /v1/projects
  [ERROR] shard 277: HTTPSConnectionPool(host='earthengine-highvolume.googleapis.com', port=443): Max retries exceeded with url: /v1/projects/ee-gsingh/table:computeFeatures?alt=json (Caused by SSLError(SSLEOFError(8, '[S
    shard 278 retry 3/3 (tileScale 8->16) after 8s: HTTPSConnectionPool(host='earthengine-highvolume.googleapis.com', port=443): Max retries exceeded with url: /v1/projects
    shard 279 retry 2/3 (tileScale 4->8) after 4s: HTTPSConnectionPool(host='earthengine-highvolume.googleapis.com', port=443): Max retries exceeded with url: /v1/projects
  [ERROR] shard 278: HTTPSConnectionPool(host='earthengine-highvolume.googleapis.com', port=443): Max retries exceeded with url: /v1/projects/ee-gsingh/table:computeFeatures?alt=json (Caused by SSLError(SSLCertVerificatio
    shard 280 retry 1/3 (tileScale 2->4) after 2s: HTTPSConnectionPool(host='earthengine-highvolume.googleapis.com', port=443): Max retries exceeded with url: /v1/projects
    shard 279 retry 3/3 (tileScale 8->16) after 8s: HTTPSConnectionPool(host='earthengine-highvolume.googleapis.com', port=443): Max retries exceeded with url: /v1/projects
    shard 281 retry 1/3 (tileScale 2->4) after 2s: HTTPSConnectionPool(host='earthengine-highvolume.googleapis.com', port=443): Max retries exceeded with url: /v1/projects
  [ERROR] shard 279: HTTPSConnectionPool(host='earthengine-highvolume.googleapis.com', port=443): Max retries exceeded with url: /v1/projects/ee-gsingh/table:computeFeatures?alt=json (Caused by SSLError(SSLCertVerificatio
    shard 280 retry 2/3 (tileScale 4->8) after 4s: HTTPSConnectionPool(host='earthengine-highvolume.googleapis.com', port=443): Max retries exceeded with url: /v1/projects
    shard 281 retry 2/3 (tileScale 4->8) after 4s: HTTPSConnectionPool(host='earthengine-highvolume.googleapis.com', port=443): Max retries exceeded with url: /v1/projects
    shard 282 retry 1/3 (tileScale 2->4) after 2s: HTTPSConnectionPool(host='earthengine-highvolume.googleapis.com', port=443): Max retries exceeded with url: /v1/projects
    shard 280 retry 3/3 (tileScale 8->16) after 8s: HTTPSConnectionPool(host='earthengine-highvolume.googleapis.com', port=443): Max retries exceeded with url: /v1/projects
    shard 281 retry 3/3 (tileScale 8->16) after 8s: HTTPSConnectionPool(host='earthengine-highvolume.googleapis.com', port=443): Max retries exceeded with url: /v1/projects
    shard 282 retry 2/3 (tileScale 4->8) after 4s: HTTPSConnectionPool(host='earthengine-highvolume.googleapis.com', port=443): Max retries exceeded with url: /v1/projects
  [ERROR] shard 280: HTTPSConnectionPool(host='earthengine-highvolume.googleapis.com', port=443): Max retries exceeded with url: /v1/projects/ee-gsingh/table:computeFeatures?alt=json (Caused by SSLError(SSLCertVerificatio
    shard 282 retry 3/3 (tileScale 8->16) after 8s: HTTPSConnectionPool(host='earthengine-highvolume.googleapis.com', port=443): Max retries exceeded with url: /v1/projects
  [ERROR] shard 281: HTTPSConnectionPool(host='oauth2.googleapis.com', port=443): Max retries exceeded with url: /token (Caused by SSLError(SSLCertVerificationError(1, '[SSL: CERTIFICATE_VERIFY_FAILED] certificate verify 
  [ERROR] shard 282: HTTPSConnectionPool(host='oauth2.googleapis.com', port=443): Max retries exceeded with url: /token (Caused by SSLError(SSLCertVerificationError(1, '[SSL: CERTIFICATE_VERIFY_FAILED] certificate verify 
    shard 283 retry 1/3 (tileScale 2->4) after 2s: HTTPSConnectionPool(host='oauth2.googleapis.com', port=443): Max retries exceeded with url: /token (Caused by SSLError(S
    shard 284 retry 1/3 (tileScale 2->4) after 2s: ('Connection aborted.', ConnectionResetError(10054, 'An existing connection was forcibly closed by the remote host', Non
    shard 285 retry 1/3 (tileScale 2->4) after 2s: HTTPSConnectionPool(host='oauth2.googleapis.com', port=443): Max retries exceeded with url: /token (Caused by SSLError(S
    shard 283 retry 2/3 (tileScale 4->8) after 4s: HTTPSConnectionPool(host='oauth2.googleapis.com', port=443): Max retries exceeded with url: /token (Caused by SSLError(S
    shard 285 retry 2/3 (tileScale 4->8) after 4s: HTTPSConnectionPool(host='oauth2.googleapis.com', port=443): Max retries exceeded with url: /token (Caused by SSLError(S
    shard 283 retry 3/3 (tileScale 8->16) after 8s: HTTPSConnectionPool(host='oauth2.googleapis.com', port=443): Max retries exceeded with url: /token (Caused by SSLError(S
    shard 284 retry 2/3 (tileScale 4->8) after 4s: HTTPSConnectionPool(host='oauth2.googleapis.com', port=443): Max retries exceeded with url: /token (Caused by SSLError(S
    shard 285 retry 3/3 (tileScale 8->16) after 8s: HTTPSConnectionPool(host='oauth2.googleapis.com', port=443): Max retries exceeded with url: /token (Caused by SSLError(S
    shard 284 retry 3/3 (tileScale 8->16) after 8s: HTTPSConnectionPool(host='oauth2.googleapis.com', port=443): Max retries exceeded with url: /token (Caused by SSLError(S
  [ERROR] shard 283: HTTPSConnectionPool(host='oauth2.googleapis.com', port=443): Max retries exceeded with url: /token (Caused by SSLError(SSLCertVerificationError(1, '[SSL: CERTIFICATE_VERIFY_FAILED] certificate verify 
  [ERROR] shard 284: HTTPSConnectionPool(host='oauth2.googleapis.com', port=443): Max retries exceeded with url: /token (Caused by SSLError(SSLCertVerificationError(1, '[SSL: CERTIFICATE_VERIFY_FAILED] certificate verify 
  [ERROR] shard 285: HTTPSConnectionPool(host='oauth2.googleapis.com', port=443): Max retries exceeded with url: /token (Caused by SSLError(SSLCertVerificationError(1, '[SSL: CERTIFICATE_VERIFY_FAILED] certificate verify 
    shard 286 retry 1/3 (tileScale 2->4) after 2s: HTTPSConnectionPool(host='oauth2.googleapis.com', port=443): Max retries exceeded with url: /token (Caused by SSLError(S
    shard 287 retry 1/3 (tileScale 2->4) after 2s: HTTPSConnectionPool(host='oauth2.googleapis.com', port=443): Max retries exceeded with url: /token (Caused by SSLError(S
    shard 288 retry 1/3 (tileScale 2->4) after 2s: HTTPSConnectionPool(host='oauth2.googleapis.com', port=443): Max retries exceeded with url: /token (Caused by SSLError(S
    shard 286 retry 2/3 (tileScale 4->8) after 4s: HTTPSConnectionPool(host='oauth2.googleapis.com', port=443): Max retries exceeded with url: /token (Caused by SSLError(S
    shard 288 retry 2/3 (tileScale 4->8) after 4s: HTTPSConnectionPool(host='oauth2.googleapis.com', port=443): Max retries exceeded with url: /token (Caused by SSLError(S
    shard 286 retry 3/3 (tileScale 8->16) after 8s: HTTPSConnectionPool(host='oauth2.googleapis.com', port=443): Max retries exceeded with url: /token (Caused by SSLError(S
    shard 287 retry 2/3 (tileScale 4->8) after 4s: HTTPSConnectionPool(host='oauth2.googleapis.com', port=443): Max retries exceeded with url: /token (Caused by SSLError(S
    shard 288 retry 3/3 (tileScale 8->16) after 8s: HTTPSConnectionPool(host='oauth2.googleapis.com', port=443): Max retries exceeded with url: /token (Caused by SSLError(S
  [ERROR] shard 288: HTTPSConnectionPool(host='oauth2.googleapis.com', port=443): Max retries exceeded with url: /token (Caused by SSLError(SSLCertVerificationError(1, '[SSL: CERTIFICATE_VERIFY_FAILED] certificate verify 
    shard 287 retry 3/3 (tileScale 8->16) after 8s: HTTPSConnectionPool(host='oauth2.googleapis.com', port=443): Max retries exceeded with url: /token (Caused by SSLError(S
    shard 289 retry 1/3 (tileScale 2->4) after 2s: HTTPSConnectionPool(host='oauth2.googleapis.com', port=443): Max retries exceeded with url: /token (Caused by SSLError(S
  [ERROR] shard 286: HTTPSConnectionPool(host='oauth2.googleapis.com', port=443): Max retries exceeded with url: /token (Caused by SSLError(SSLCertVerificationError(1, '[SSL: CERTIFICATE_VERIFY_FAILED] certificate verify 
    shard 289 retry 2/3 (tileScale 4->8) after 4s: HTTPSConnectionPool(host='oauth2.googleapis.com', port=443): Max retries exceeded with url: /token (Caused by SSLError(S
    shard 290 retry 1/3 (tileScale 2->4) after 2s: HTTPSConnectionPool(host='oauth2.googleapis.com', port=443): Max retries exceeded with url: /token (Caused by SSLError(S
  [ERROR] shard 287: HTTPSConnectionPool(host='oauth2.googleapis.com', port=443): Max retries exceeded with url: /token (Caused by SSLError(SSLCertVerificationError(1, '[SSL: CERTIFICATE_VERIFY_FAILED] certificate verify 
    shard 291 retry 1/3 (tileScale 2->4) after 2s: HTTPSConnectionPool(host='oauth2.googleapis.com', port=443): Max retries exceeded with url: /token (Caused by SSLError(S
    shard 289 retry 3/3 (tileScale 8->16) after 8s: HTTPSConnectionPool(host='oauth2.googleapis.com', port=443): Max retries exceeded with url: /token (Caused by SSLError(S
    shard 290 retry 2/3 (tileScale 4->8) after 4s: HTTPSConnectionPool(host='oauth2.googleapis.com', port=443): Max retries exceeded with url: /token (Caused by SSLError(S
    shard 291 retry 2/3 (tileScale 4->8) after 4s: HTTPSConnectionPool(host='oauth2.googleapis.com', port=443): Max retries exceeded with url: /token (Caused by SSLError(S
    shard 291 retry 3/3 (tileScale 8->16) after 8s: HTTPSConnectionPool(host='oauth2.googleapis.com', port=443): Max retries exceeded with url: /token (Caused by SSLError(S
  [ERROR] shard 289: HTTPSConnectionPool(host='oauth2.googleapis.com', port=443): Max retries exceeded with url: /token (Caused by SSLError(SSLCertVerificationError(1, '[SSL: CERTIFICATE_VERIFY_FAILED] certificate verify 
    shard 290 retry 3/3 (tileScale 8->16) after 8s: HTTPSConnectionPool(host='oauth2.googleapis.com', port=443): Max retries exceeded with url: /token (Caused by SSLError(S
    shard 292 retry 1/3 (tileScale 2->4) after 2s: HTTPSConnectionPool(host='oauth2.googleapis.com', port=443): Max retries exceeded with url: /token (Caused by SSLError(S
  [ERROR] shard 290: HTTPSConnectionPool(host='oauth2.googleapis.com', port=443): Max retries exceeded with url: /token (Caused by SSLError(SSLCertVerificationError(1, '[SSL: CERTIFICATE_VERIFY_FAILED] certificate verify 
    shard 293 retry 1/3 (tileScale 2->4) after 2s: HTTPSConnectionPool(host='oauth2.googleapis.com', port=443): Max retries exceeded with url: /token (Caused by SSLError(S
  [ERROR] shard 291: HTTPSConnectionPool(host='oauth2.googleapis.com', port=443): Max retries exceeded with url: /token (Caused by SSLError(SSLCertVerificationError(1, '[SSL: CERTIFICATE_VERIFY_FAILED] certificate verify 
    shard 292 retry 2/3 (tileScale 4->8) after 4s: HTTPSConnectionPool(host='oauth2.googleapis.com', port=443): Max retries exceeded with url: /token (Caused by SSLError(S
    shard 294 retry 1/3 (tileScale 2->4) after 2s: HTTPSConnectionPool(host='oauth2.googleapis.com', port=443): Max retries exceeded with url: /token (Caused by SSLError(S
    shard 293 retry 2/3 (tileScale 4->8) after 4s: HTTPSConnectionPool(host='oauth2.googleapis.com', port=443): Max retries exceeded with url: /token (Caused by SSLError(S
    shard 292 retry 3/3 (tileScale 8->16) after 8s: HTTPSConnectionPool(host='oauth2.googleapis.com', port=443): Max retries exceeded with url: /token (Caused by SSLError(S
    shard 294 retry 2/3 (tileScale 4->8) after 4s: HTTPSConnectionPool(host='oauth2.googleapis.com', port=443): Max retries exceeded with url: /token (Caused by SSLError(S
    shard 293 retry 3/3 (tileScale 8->16) after 8s: HTTPSConnectionPool(host='oauth2.googleapis.com', port=443): Max retries exceeded with url: /token (Caused by SSLError(S
    shard 294 retry 3/3 (tileScale 8->16) after 8s: HTTPSConnectionPool(host='oauth2.googleapis.com', port=443): Max retries exceeded with url: /token (Caused by SSLError(S
  [ERROR] shard 292: HTTPSConnectionPool(host='oauth2.googleapis.com', port=443): Max retries exceeded with url: /token (Caused by SSLError(SSLCertVerificationError(1, '[SSL: CERTIFICATE_VERIFY_FAILED] certificate verify 
  [ERROR] shard 293: HTTPSConnectionPool(host='oauth2.googleapis.com', port=443): Max retries exceeded with url: /token (Caused by SSLError(SSLEOFError(8, '[SSL: UNEXPECTED_EOF_WHILE_READING] EOF occurred in violation of 
    shard 295 retry 1/3 (tileScale 2->4) after 2s: HTTPSConnectionPool(host='oauth2.googleapis.com', port=443): Max retries exceeded with url: /token (Caused by SSLError(S
  [ERROR] shard 294: HTTPSConnectionPool(host='oauth2.googleapis.com', port=443): Max retries exceeded with url: /token (Caused by SSLError(SSLCertVerificationError(1, '[SSL: CERTIFICATE_VERIFY_FAILED] certificate verify 
    shard 295 retry 2/3 (tileScale 4->8) after 4s: HTTPSConnectionPool(host='oauth2.googleapis.com', port=443): Max retries exceeded with url: /token (Caused by SSLError(S
    shard 296 retry 1/3 (tileScale 2->4) after 2s: HTTPSConnectionPool(host='oauth2.googleapis.com', port=443): Max retries exceeded with url: /token (Caused by SSLError(S
    shard 296 retry 2/3 (tileScale 4->8) after 4s: HTTPSConnectionPool(host='oauth2.googleapis.com', port=443): Max retries exceeded with url: /token (Caused by SSLError(S
    shard 297 retry 1/3 (tileScale 2->4) after 2s: HTTPSConnectionPool(host='oauth2.googleapis.com', port=443): Max retries exceeded with url: /token (Caused by SSLError(S
    shard 295 retry 3/3 (tileScale 8->16) after 8s: HTTPSConnectionPool(host='oauth2.googleapis.com', port=443): Max retries exceeded with url: /token (Caused by SSLError(S
    shard 296 retry 3/3 (tileScale 8->16) after 8s: HTTPSConnectionPool(host='oauth2.googleapis.com', port=443): Max retries exceeded with url: /token (Caused by SSLError(S
    shard 297 retry 2/3 (tileScale 4->8) after 4s: HTTPSConnectionPool(host='oauth2.googleapis.com', port=443): Max retries exceeded with url: /token (Caused by SSLError(S
  [ERROR] shard 295: HTTPSConnectionPool(host='oauth2.googleapis.com', port=443): Max retries exceeded with url: /token (Caused by SSLError(SSLCertVerificationError(1, '[SSL: CERTIFICATE_VERIFY_FAILED] certificate verify 
    shard 297 retry 3/3 (tileScale 8->16) after 8s: HTTPSConnectionPool(host='oauth2.googleapis.com', port=443): Max retries exceeded with url: /token (Caused by SSLError(S
    shard 298 retry 1/3 (tileScale 2->4) after 2s: HTTPSConnectionPool(host='oauth2.googleapis.com', port=443): Max retries exceeded with url: /token (Caused by SSLError(S
  [ERROR] shard 296: HTTPSConnectionPool(host='oauth2.googleapis.com', port=443): Max retries exceeded with url: /token (Caused by SSLError(SSLCertVerificationError(1, '[SSL: CERTIFICATE_VERIFY_FAILED] certificate verify 
  [ERROR] shard 297: HTTPSConnectionPool(host='oauth2.googleapis.com', port=443): Max retries exceeded with url: /token (Caused by SSLError(SSLCertVerificationError(1, '[SSL: CERTIFICATE_VERIFY_FAILED] certificate verify 
    shard 299 retry 1/3 (tileScale 2->4) after 2s: HTTPSConnectionPool(host='oauth2.googleapis.com', port=443): Max retries exceeded with url: /token (Caused by SSLError(S
    shard 298 retry 2/3 (tileScale 4->8) after 4s: HTTPSConnectionPool(host='oauth2.googleapis.com', port=443): Max retries exceeded with url: /token (Caused by SSLError(S
    shard 300 retry 1/3 (tileScale 2->4) after 2s: HTTPSConnectionPool(host='oauth2.googleapis.com', port=443): Max retries exceeded with url: /token (Caused by SSLError(S
    shard 299 retry 2/3 (tileScale 4->8) after 4s: HTTPSConnectionPool(host='oauth2.googleapis.com', port=443): Max retries exceeded with url: /token (Caused by SSLError(S
    shard 298 retry 3/3 (tileScale 8->16) after 8s: HTTPSConnectionPool(host='oauth2.googleapis.com', port=443): Max retries exceeded with url: /token (Caused by SSLError(S
    shard 300 retry 2/3 (tileScale 4->8) after 4s: HTTPSConnectionPool(host='oauth2.googleapis.com', port=443): Max retries exceeded with url: /token (Caused by SSLError(S
    shard 299 retry 3/3 (tileScale 8->16) after 8s: HTTPSConnectionPool(host='oauth2.googleapis.com', port=443): Max retries exceeded with url: /token (Caused by SSLError(S
    shard 300 retry 3/3 (tileScale 8->16) after 8s: HTTPSConnectionPool(host='oauth2.googleapis.com', port=443): Max retries exceeded with url: /token (Caused by SSLError(S
  [ERROR] shard 298: HTTPSConnectionPool(host='oauth2.googleapis.com', port=443): Max retries exceeded with url: /token (Caused by SSLError(SSLEOFError(8, '[SSL: UNEXPECTED_EOF_WHILE_READING] EOF occurred in violation of 
  [ERROR] shard 299: HTTPSConnectionPool(host='oauth2.googleapis.com', port=443): Max retries exceeded with url: /token (Caused by SSLError(SSLCertVerificationError(1, '[SSL: CERTIFICATE_VERIFY_FAILED] certificate verify 
    shard 301 retry 1/3 (tileScale 2->4) after 2s: HTTPSConnectionPool(host='oauth2.googleapis.com', port=443): Max retries exceeded with url: /token (Caused by SSLError(S
  [ERROR] shard 300: HTTPSConnectionPool(host='oauth2.googleapis.com', port=443): Max retries exceeded with url: /token (Caused by SSLError(SSLCertVerificationError(1, '[SSL: CERTIFICATE_VERIFY_FAILED] certificate verify 
    shard 301 retry 2/3 (tileScale 4->8) after 4s: HTTPSConnectionPool(host='oauth2.googleapis.com', port=443): Max retries exceeded with url: /token (Caused by SSLError(S
    shard 303 retry 1/3 (tileScale 2->4) after 2s: HTTPSConnectionPool(host='oauth2.googleapis.com', port=443): Max retries exceeded with url: /token (Caused by SSLError(S
    shard 302 retry 1/3 (tileScale 2->4) after 2s: HTTPSConnectionPool(host='oauth2.googleapis.com', port=443): Max retries exceeded with url: /token (Caused by SSLError(S
    shard 301 retry 3/3 (tileScale 8->16) after 8s: HTTPSConnectionPool(host='oauth2.googleapis.com', port=443): Max retries exceeded with url: /token (Caused by SSLError(S
    shard 303 retry 2/3 (tileScale 4->8) after 4s: HTTPSConnectionPool(host='oauth2.googleapis.com', port=443): Max retries exceeded with url: /token (Caused by SSLError(S
    shard 302 retry 2/3 (tileScale 4->8) after 4s: HTTPSConnectionPool(host='oauth2.googleapis.com', port=443): Max retries exceeded with url: /token (Caused by SSLError(S
    shard 303 retry 3/3 (tileScale 8->16) after 8s: HTTPSConnectionPool(host='oauth2.googleapis.com', port=443): Max retries exceeded with url: /token (Caused by SSLError(S
  [ERROR] shard 301: HTTPSConnectionPool(host='oauth2.googleapis.com', port=443): Max retries exceeded with url: /token (Caused by SSLError(SSLEOFError(8, '[SSL: UNEXPECTED_EOF_WHILE_READING] EOF occurred in violation of 
    shard 302 retry 3/3 (tileScale 8->16) after 8s: HTTPSConnectionPool(host='oauth2.googleapis.com', port=443): Max retries exceeded with url: /token (Caused by SSLError(S
  [ERROR] shard 303: HTTPSConnectionPool(host='oauth2.googleapis.com', port=443): Max retries exceeded with url: /token (Caused by SSLError(SSLCertVerificationError(1, '[SSL: CERTIFICATE_VERIFY_FAILED] certificate verify 
  [ERROR] shard 302: HTTPSConnectionPool(host='oauth2.googleapis.com', port=443): Max retries exceeded with url: /token (Caused by SSLError(SSLCertVerificationError(1, '[SSL: CERTIFICATE_VERIFY_FAILED] certificate verify 
    shard 304 retry 1/3 (tileScale 2->4) after 2s: HTTPSConnectionPool(host='oauth2.googleapis.com', port=443): Max retries exceeded with url: /token (Caused by SSLError(S
    shard 305 retry 1/3 (tileScale 2->4) after 2s: HTTPSConnectionPool(host='oauth2.googleapis.com', port=443): Max retries exceeded with url: /token (Caused by SSLError(S
    shard 304 retry 2/3 (tileScale 4->8) after 4s: HTTPSConnectionPool(host='oauth2.googleapis.com', port=443): Max retries exceeded with url: /token (Caused by SSLError(S
    shard 306 retry 1/3 (tileScale 2->4) after 2s: HTTPSConnectionPool(host='oauth2.googleapis.com', port=443): Max retries exceeded with url: /token (Caused by SSLError(S
    shard 305 retry 2/3 (tileScale 4->8) after 4s: HTTPSConnectionPool(host='oauth2.googleapis.com', port=443): Max retries exceeded with url: /token (Caused by SSLError(S
    shard 304 retry 3/3 (tileScale 8->16) after 8s: HTTPSConnectionPool(host='oauth2.googleapis.com', port=443): Max retries exceeded with url: /token (Caused by SSLError(S
    shard 305 retry 3/3 (tileScale 8->16) after 8s: HTTPSConnectionPool(host='oauth2.googleapis.com', port=443): Max retries exceeded with url: /token (Caused by SSLError(S
    shard 306 retry 2/3 (tileScale 4->8) after 4s: HTTPSConnectionPool(host='oauth2.googleapis.com', port=443): Max retries exceeded with url: /token (Caused by SSLError(S
  [ERROR] shard 304: HTTPSConnectionPool(host='oauth2.googleapis.com', port=443): Max retries exceeded with url: /token (Caused by SSLError(SSLEOFError(8, '[SSL: UNEXPECTED_EOF_WHILE_READING] EOF occurred in violation of 
  [ERROR] shard 305: HTTPSConnectionPool(host='oauth2.googleapis.com', port=443): Max retries exceeded with url: /token (Caused by SSLError(SSLEOFError(8, '[SSL: UNEXPECTED_EOF_WHILE_READING] EOF occurred in violation of 
    shard 306 retry 3/3 (tileScale 8->16) after 8s: HTTPSConnectionPool(host='oauth2.googleapis.com', port=443): Max retries exceeded with url: /token (Caused by SSLError(S
    shard 307 retry 1/3 (tileScale 2->4) after 2s: HTTPSConnectionPool(host='oauth2.googleapis.com', port=443): Max retries exceeded with url: /token (Caused by SSLError(S
    shard 308 retry 1/3 (tileScale 2->4) after 2s: HTTPSConnectionPool(host='oauth2.googleapis.com', port=443): Max retries exceeded with url: /token (Caused by SSLError(S
  [ERROR] shard 306: HTTPSConnectionPool(host='oauth2.googleapis.com', port=443): Max retries exceeded with url: /token (Caused by SSLError(SSLEOFError(8, '[SSL: UNEXPECTED_EOF_WHILE_READING] EOF occurred in violation of 
    shard 307 retry 2/3 (tileScale 4->8) after 4s: HTTPSConnectionPool(host='oauth2.googleapis.com', port=443): Max retries exceeded with url: /token (Caused by SSLError(S
    shard 308 retry 2/3 (tileScale 4->8) after 4s: HTTPSConnectionPool(host='oauth2.googleapis.com', port=443): Max retries exceeded with url: /token (Caused by SSLError(S
    shard 309 retry 1/3 (tileScale 2->4) after 2s: HTTPSConnectionPool(host='oauth2.googleapis.com', port=443): Max retries exceeded with url: /token (Caused by SSLError(S
    shard 308 retry 3/3 (tileScale 8->16) after 8s: HTTPSConnectionPool(host='oauth2.googleapis.com', port=443): Max retries exceeded with url: /token (Caused by SSLError(S
    shard 307 retry 3/3 (tileScale 8->16) after 8s: HTTPSConnectionPool(host='oauth2.googleapis.com', port=443): Max retries exceeded with url: /token (Caused by SSLError(S
    shard 309 retry 2/3 (tileScale 4->8) after 4s: HTTPSConnectionPool(host='oauth2.googleapis.com', port=443): Max retries exceeded with url: /token (Caused by SSLError(S
    shard 309 retry 3/3 (tileScale 8->16) after 8s: HTTPSConnectionPool(host='oauth2.googleapis.com', port=443): Max retries exceeded with url: /token (Caused by SSLError(S
  [ERROR] shard 307: HTTPSConnectionPool(host='oauth2.googleapis.com', port=443): Max retries exceeded with url: /token (Caused by SSLError(SSLEOFError(8, '[SSL: UNEXPECTED_EOF_WHILE_READING] EOF occurred in violation of 
  [ERROR] shard 308: HTTPSConnectionPool(host='oauth2.googleapis.com', port=443): Max retries exceeded with url: /token (Caused by SSLError(SSLCertVerificationError(1, '[SSL: CERTIFICATE_VERIFY_FAILED] certificate verify 
  [ERROR] shard 309: HTTPSConnectionPool(host='oauth2.googleapis.com', port=443): Max retries exceeded with url: /token (Caused by SSLError(SSLEOFError(8, '[SSL: UNEXPECTED_EOF_WHILE_READING] EOF occurred in violation of 
    shard 311 retry 1/3 (tileScale 2->4) after 2s: HTTPSConnectionPool(host='oauth2.googleapis.com', port=443): Max retries exceeded with url: /token (Caused by SSLError(S
    shard 310 retry 1/3 (tileScale 2->4) after 2s: HTTPSConnectionPool(host='oauth2.googleapis.com', port=443): Max retries exceeded with url: /token (Caused by SSLError(S
    shard 312 retry 1/3 (tileScale 2->4) after 2s: HTTPSConnectionPool(host='oauth2.googleapis.com', port=443): Max retries exceeded with url: /token (Caused by SSLError(S
    shard 311 retry 2/3 (tileScale 4->8) after 4s: HTTPSConnectionPool(host='oauth2.googleapis.com', port=443): Max retries exceeded with url: /token (Caused by SSLError(S
    shard 310 retry 2/3 (tileScale 4->8) after 4s: HTTPSConnectionPool(host='oauth2.googleapis.com', port=443): Max retries exceeded with url: /token (Caused by SSLError(S
    shard 311 retry 3/3 (tileScale 8->16) after 8s: HTTPSConnectionPool(host='oauth2.googleapis.com', port=443): Max retries exceeded with url: /token (Caused by SSLError(S
    shard 310 retry 3/3 (tileScale 8->16) after 8s: HTTPSConnectionPool(host='oauth2.googleapis.com', port=443): Max retries exceeded with url: /token (Caused by SSLError(S
    shard 312 retry 2/3 (tileScale 4->8) after 4s: HTTPSConnectionPool(host='oauth2.googleapis.com', port=443): Max retries exceeded with url: /token (Caused by SSLError(S
  [ERROR] shard 311: HTTPSConnectionPool(host='oauth2.googleapis.com', port=443): Max retries exceeded with url: /token (Caused by SSLError(SSLCertVerificationError(1, '[SSL: CERTIFICATE_VERIFY_FAILED] certificate verify 
    shard 312 retry 3/3 (tileScale 8->16) after 8s: HTTPSConnectionPool(host='oauth2.googleapis.com', port=443): Max retries exceeded with url: /token (Caused by SSLError(S
  [ERROR] shard 310: HTTPSConnectionPool(host='oauth2.googleapis.com', port=443): Max retries exceeded with url: /token (Caused by SSLError(SSLCertVerificationError(1, '[SSL: CERTIFICATE_VERIFY_FAILED] certificate verify 
    shard 314 retry 1/3 (tileScale 2->4) after 2s: HTTPSConnectionPool(host='oauth2.googleapis.com', port=443): Max retries exceeded with url: /token (Caused by SSLError(S
  [ERROR] shard 312: HTTPSConnectionPool(host='oauth2.googleapis.com', port=443): Max retries exceeded with url: /token (Caused by SSLError(SSLEOFError(8, '[SSL: UNEXPECTED_EOF_WHILE_READING] EOF occurred in violation of 
    shard 313 retry 1/3 (tileScale 2->4) after 2s: HTTPSConnectionPool(host='oauth2.googleapis.com', port=443): Max retries exceeded with url: /token (Caused by SSLError(S
    shard 315 retry 1/3 (tileScale 2->4) after 2s: HTTPSConnectionPool(host='oauth2.googleapis.com', port=443): Max retries exceeded with url: /token (Caused by SSLError(S
    shard 313 retry 2/3 (tileScale 4->8) after 4s: HTTPSConnectionPool(host='oauth2.googleapis.com', port=443): Max retries exceeded with url: /token (Caused by SSLError(S
    shard 314 retry 2/3 (tileScale 4->8) after 4s: HTTPSConnectionPool(host='oauth2.googleapis.com', port=443): Max retries exceeded with url: /token (Caused by SSLError(S
    shard 315 retry 2/3 (tileScale 4->8) after 4s: HTTPSConnectionPool(host='oauth2.googleapis.com', port=443): Max retries exceeded with url: /token (Caused by SSLError(S
    shard 314 retry 3/3 (tileScale 8->16) after 8s: HTTPSConnectionPool(host='oauth2.googleapis.com', port=443): Max retries exceeded with url: /token (Caused by SSLError(S
    shard 313 retry 3/3 (tileScale 8->16) after 8s: HTTPSConnectionPool(host='oauth2.googleapis.com', port=443): Max retries exceeded with url: /token (Caused by SSLError(S
    shard 315 retry 3/3 (tileScale 8->16) after 8s: HTTPSConnectionPool(host='oauth2.googleapis.com', port=443): Max retries exceeded with url: /token (Caused by SSLError(S
  [ERROR] shard 314: HTTPSConnectionPool(host='oauth2.googleapis.com', port=443): Max retries exceeded with url: /token (Caused by SSLError(SSLCertVerificationError(1, '[SSL: CERTIFICATE_VERIFY_FAILED] certificate verify 
  [ERROR] shard 313: HTTPSConnectionPool(host='oauth2.googleapis.com', port=443): Max retries exceeded with url: /token (Caused by SSLError(SSLEOFError(8, '[SSL: UNEXPECTED_EOF_WHILE_READING] EOF occurred in violation of 
    shard 316 retry 1/3 (tileScale 2->4) after 2s: HTTPSConnectionPool(host='oauth2.googleapis.com', port=443): Max retries exceeded with url: /token (Caused by SSLError(S
  [ERROR] shard 315: HTTPSConnectionPool(host='oauth2.googleapis.com', port=443): Max retries exceeded with url: /token (Caused by SSLError(SSLCertVerificationError(1, '[SSL: CERTIFICATE_VERIFY_FAILED] certificate verify 
    shard 317 retry 1/3 (tileScale 2->4) after 2s: HTTPSConnectionPool(host='oauth2.googleapis.com', port=443): Max retries exceeded with url: /token (Caused by SSLError(S
    shard 316 retry 2/3 (tileScale 4->8) after 4s: HTTPSConnectionPool(host='oauth2.googleapis.com', port=443): Max retries exceeded with url: /token (Caused by SSLError(S
    shard 318 retry 1/3 (tileScale 2->4) after 2s: HTTPSConnectionPool(host='oauth2.googleapis.com', port=443): Max retries exceeded with url: /token (Caused by SSLError(S
    shard 317 retry 2/3 (tileScale 4->8) after 4s: HTTPSConnectionPool(host='oauth2.googleapis.com', port=443): Max retries exceeded with url: /token (Caused by SSLError(S
    shard 318 retry 2/3 (tileScale 4->8) after 4s: HTTPSConnectionPool(host='oauth2.googleapis.com', port=443): Max retries exceeded with url: /token (Caused by SSLError(S
    shard 316 retry 3/3 (tileScale 8->16) after 8s: HTTPSConnectionPool(host='oauth2.googleapis.com', port=443): Max retries exceeded with url: /token (Caused by SSLError(S
  [ERROR] shard 316: HTTPSConnectionPool(host='oauth2.googleapis.com', port=443): Max retries exceeded with url: /token (Caused by SSLError(SSLCertVerificationError(1, '[SSL: CERTIFICATE_VERIFY_FAILED] certificate verify 
    shard 317 retry 3/3 (tileScale 8->16) after 8s: HTTPSConnectionPool(host='oauth2.googleapis.com', port=443): Max retries exceeded with url: /token (Caused by SSLError(S
    shard 318 retry 3/3 (tileScale 8->16) after 8s: HTTPSConnectionPool(host='oauth2.googleapis.com', port=443): Max retries exceeded with url: /token (Caused by SSLError(S
  [ERROR] shard 317: HTTPSConnectionPool(host='oauth2.googleapis.com', port=443): Max retries exceeded with url: /token (Caused by SSLError(SSLCertVerificationError(1, '[SSL: CERTIFICATE_VERIFY_FAILED] certificate verify 
    shard 319 retry 1/3 (tileScale 2->4) after 2s: HTTPSConnectionPool(host='oauth2.googleapis.com', port=443): Max retries exceeded with url: /token (Caused by SSLError(S
  [ERROR] shard 318: HTTPSConnectionPool(host='oauth2.googleapis.com', port=443): Max retries exceeded with url: /token (Caused by SSLError(SSLCertVerificationError(1, '[SSL: CERTIFICATE_VERIFY_FAILED] certificate verify 
    shard 321 retry 1/3 (tileScale 2->4) after 2s: HTTPSConnectionPool(host='oauth2.googleapis.com', port=443): Max retries exceeded with url: /token (Caused by SSLError(S
    shard 320 retry 1/3 (tileScale 2->4) after 2s: HTTPSConnectionPool(host='oauth2.googleapis.com', port=443): Max retries exceeded with url: /token (Caused by SSLError(S
    shard 319 retry 2/3 (tileScale 4->8) after 4s: HTTPSConnectionPool(host='oauth2.googleapis.com', port=443): Max retries exceeded with url: /token (Caused by SSLError(S
    shard 320 retry 2/3 (tileScale 4->8) after 4s: HTTPSConnectionPool(host='oauth2.googleapis.com', port=443): Max retries exceeded with url: /token (Caused by SSLError(S
    shard 321 retry 2/3 (tileScale 4->8) after 4s: HTTPSConnectionPool(host='oauth2.googleapis.com', port=443): Max retries exceeded with url: /token (Caused by SSLError(S
    shard 319 retry 3/3 (tileScale 8->16) after 8s: HTTPSConnectionPool(host='oauth2.googleapis.com', port=443): Max retries exceeded with url: /token (Caused by SSLError(S
    shard 321 retry 3/3 (tileScale 8->16) after 8s: HTTPSConnectionPool(host='oauth2.googleapis.com', port=443): Max retries exceeded with url: /token (Caused by SSLError(S
    shard 320 retry 3/3 (tileScale 8->16) after 8s: HTTPSConnectionPool(host='oauth2.googleapis.com', port=443): Max retries exceeded with url: /token (Caused by SSLError(S
  [ERROR] shard 319: HTTPSConnectionPool(host='oauth2.googleapis.com', port=443): Max retries exceeded with url: /token (Caused by SSLError(SSLCertVerificationError(1, '[SSL: CERTIFICATE_VERIFY_FAILED] certificate verify 
  [ERROR] shard 320: HTTPSConnectionPool(host='oauth2.googleapis.com', port=443): Max retries exceeded with url: /token (Caused by SSLError(SSLEOFError(8, '[SSL: UNEXPECTED_EOF_WHILE_READING] EOF occurred in violation of 
  [ERROR] shard 321: HTTPSConnectionPool(host='oauth2.googleapis.com', port=443): Max retries exceeded with url: /token (Caused by SSLError(SSLCertVerificationError(1, '[SSL: CERTIFICATE_VERIFY_FAILED] certificate verify 
    shard 322 retry 1/3 (tileScale 2->4) after 2s: HTTPSConnectionPool(host='oauth2.googleapis.com', port=443): Max retries exceeded with url: /token (Caused by SSLError(S
    shard 322 retry 2/3 (tileScale 4->8) after 4s: HTTPSConnectionPool(host='oauth2.googleapis.com', port=443): Max retries exceeded with url: /token (Caused by SSLError(S
    shard 323 retry 1/3 (tileScale 2->4) after 2s: HTTPSConnectionPool(host='oauth2.googleapis.com', port=443): Max retries exceeded with url: /token (Caused by SSLError(S
    shard 322 retry 3/3 (tileScale 8->16) after 8s: HTTPSConnectionPool(host='oauth2.googleapis.com', port=443): Max retries exceeded with url: /token (Caused by SSLError(S
    shard 324 retry 1/3 (tileScale 2->4) after 2s: HTTPSConnectionPool(host='oauth2.googleapis.com', port=443): Max retries exceeded with url: /token (Caused by SSLError(S
    shard 323 retry 2/3 (tileScale 4->8) after 4s: HTTPSConnectionPool(host='oauth2.googleapis.com', port=443): Max retries exceeded with url: /token (Caused by SSLError(S
    shard 324 retry 2/3 (tileScale 4->8) after 4s: HTTPSConnectionPool(host='oauth2.googleapis.com', port=443): Max retries exceeded with url: /token (Caused by SSLError(S
    shard 323 retry 3/3 (tileScale 8->16) after 8s: HTTPSConnectionPool(host='oauth2.googleapis.com', port=443): Max retries exceeded with url: /token (Caused by SSLError(S
  [ERROR] shard 322: HTTPSConnectionPool(host='oauth2.googleapis.com', port=443): Max retries exceeded with url: /token (Caused by SSLError(SSLEOFError(8, '[SSL: UNEXPECTED_EOF_WHILE_READING] EOF occurred in violation of 
    shard 325 retry 1/3 (tileScale 2->4) after 2s: HTTPSConnectionPool(host='oauth2.googleapis.com', port=443): Max retries exceeded with url: /token (Caused by SSLError(S
    shard 324 retry 3/3 (tileScale 8->16) after 8s: HTTPSConnectionPool(host='oauth2.googleapis.com', port=443): Max retries exceeded with url: /token (Caused by SSLError(S
  [ERROR] shard 323: HTTPSConnectionPool(host='oauth2.googleapis.com', port=443): Max retries exceeded with url: /token (Caused by SSLError(SSLCertVerificationError(1, '[SSL: CERTIFICATE_VERIFY_FAILED] certificate verify 
    shard 325 retry 2/3 (tileScale 4->8) after 4s: HTTPSConnectionPool(host='oauth2.googleapis.com', port=443): Max retries exceeded with url: /token (Caused by SSLError(S
  [ERROR] shard 324: HTTPSConnectionPool(host='oauth2.googleapis.com', port=443): Max retries exceeded with url: /token (Caused by SSLError(SSLCertVerificationError(1, '[SSL: CERTIFICATE_VERIFY_FAILED] certificate verify 
    shard 326 retry 1/3 (tileScale 2->4) after 2s: HTTPSConnectionPool(host='oauth2.googleapis.com', port=443): Max retries exceeded with url: /token (Caused by SSLError(S
    shard 327 retry 1/3 (tileScale 2->4) after 2s: HTTPSConnectionPool(host='oauth2.googleapis.com', port=443): Max retries exceeded with url: /token (Caused by SSLError(S
    shard 325 retry 3/3 (tileScale 8->16) after 8s: HTTPSConnectionPool(host='oauth2.googleapis.com', port=443): Max retries exceeded with url: /token (Caused by SSLError(S
    shard 326 retry 2/3 (tileScale 4->8) after 4s: HTTPSConnectionPool(host='oauth2.googleapis.com', port=443): Max retries exceeded with url: /token (Caused by SSLError(S
  [ERROR] shard 325: HTTPSConnectionPool(host='oauth2.googleapis.com', port=443): Max retries exceeded with url: /token (Caused by SSLError(SSLCertVerificationError(1, '[SSL: CERTIFICATE_VERIFY_FAILED] certificate verify 
    shard 326 retry 3/3 (tileScale 8->16) after 8s: HTTPSConnectionPool(host='oauth2.googleapis.com', port=443): Max retries exceeded with url: /token (Caused by SSLError(S
    shard 327 retry 2/3 (tileScale 4->8) after 4s: HTTPSConnectionPool(host='oauth2.googleapis.com', port=443): Max retries exceeded with url: /token (Caused by SSLError(S
    shard 328 retry 1/3 (tileScale 2->4) after 2s: HTTPSConnectionPool(host='oauth2.googleapis.com', port=443): Max retries exceeded with url: /token (Caused by SSLError(S
  [ERROR] shard 326: HTTPSConnectionPool(host='oauth2.googleapis.com', port=443): Max retries exceeded with url: /token (Caused by SSLError(SSLCertVerificationError(1, '[SSL: CERTIFICATE_VERIFY_FAILED] certificate verify 
    shard 328 retry 2/3 (tileScale 4->8) after 4s: HTTPSConnectionPool(host='oauth2.googleapis.com', port=443): Max retries exceeded with url: /token (Caused by SSLError(S
    shard 327 retry 3/3 (tileScale 8->16) after 8s: HTTPSConnectionPool(host='oauth2.googleapis.com', port=443): Max retries exceeded with url: /token (Caused by SSLError(S
    shard 329 retry 1/3 (tileScale 2->4) after 2s: HTTPSConnectionPool(host='oauth2.googleapis.com', port=443): Max retries exceeded with url: /token (Caused by SSLError(S
  [ERROR] shard 327: HTTPSConnectionPool(host='oauth2.googleapis.com', port=443): Max retries exceeded with url: /token (Caused by SSLError(SSLCertVerificationError(1, '[SSL: CERTIFICATE_VERIFY_FAILED] certificate verify 
    shard 328 retry 3/3 (tileScale 8->16) after 8s: HTTPSConnectionPool(host='oauth2.googleapis.com', port=443): Max retries exceeded with url: /token (Caused by SSLError(S
    shard 329 retry 2/3 (tileScale 4->8) after 4s: HTTPSConnectionPool(host='oauth2.googleapis.com', port=443): Max retries exceeded with url: /token (Caused by SSLError(S
    shard 330 retry 1/3 (tileScale 2->4) after 2s: HTTPSConnectionPool(host='oauth2.googleapis.com', port=443): Max retries exceeded with url: /token (Caused by SSLError(S
  [ERROR] shard 328: HTTPSConnectionPool(host='oauth2.googleapis.com', port=443): Max retries exceeded with url: /token (Caused by SSLError(SSLCertVerificationError(1, '[SSL: CERTIFICATE_VERIFY_FAILED] certificate verify 
    shard 329 retry 3/3 (tileScale 8->16) after 8s: HTTPSConnectionPool(host='oauth2.googleapis.com', port=443): Max retries exceeded with url: /token (Caused by SSLError(S
    shard 330 retry 2/3 (tileScale 4->8) after 4s: HTTPSConnectionPool(host='oauth2.googleapis.com', port=443): Max retries exceeded with url: /token (Caused by SSLError(S
    shard 331 retry 1/3 (tileScale 2->4) after 2s: HTTPSConnectionPool(host='oauth2.googleapis.com', port=443): Max retries exceeded with url: /token (Caused by SSLError(S
  [ERROR] shard 329: HTTPSConnectionPool(host='oauth2.googleapis.com', port=443): Max retries exceeded with url: /token (Caused by SSLError(SSLCertVerificationError(1, '[SSL: CERTIFICATE_VERIFY_FAILED] certificate verify 
    shard 331 retry 2/3 (tileScale 4->8) after 4s: HTTPSConnectionPool(host='oauth2.googleapis.com', port=443): Max retries exceeded with url: /token (Caused by SSLError(S
    shard 330 retry 3/3 (tileScale 8->16) after 8s: HTTPSConnectionPool(host='oauth2.googleapis.com', port=443): Max retries exceeded with url: /token (Caused by SSLError(S
    shard 332 retry 1/3 (tileScale 2->4) after 2s: HTTPSConnectionPool(host='oauth2.googleapis.com', port=443): Max retries exceeded with url: /token (Caused by SSLError(S
  [ERROR] shard 330: HTTPSConnectionPool(host='oauth2.googleapis.com', port=443): Max retries exceeded with url: /token (Caused by SSLError(SSLCertVerificationError(1, '[SSL: CERTIFICATE_VERIFY_FAILED] certificate verify 
    shard 331 retry 3/3 (tileScale 8->16) after 8s: HTTPSConnectionPool(host='oauth2.googleapis.com', port=443): Max retries exceeded with url: /token (Caused by SSLError(S
    shard 332 retry 2/3 (tileScale 4->8) after 4s: HTTPSConnectionPool(host='oauth2.googleapis.com', port=443): Max retries exceeded with url: /token (Caused by SSLError(S
    shard 333 retry 1/3 (tileScale 2->4) after 2s: HTTPSConnectionPool(host='oauth2.googleapis.com', port=443): Max retries exceeded with url: /token (Caused by SSLError(S
    shard 332 retry 3/3 (tileScale 8->16) after 8s: HTTPSConnectionPool(host='oauth2.googleapis.com', port=443): Max retries exceeded with url: /token (Caused by SSLError(S
    shard 333 retry 2/3 (tileScale 4->8) after 4s: HTTPSConnectionPool(host='oauth2.googleapis.com', port=443): Max retries exceeded with url: /token (Caused by SSLError(S
  [ERROR] shard 331: HTTPSConnectionPool(host='oauth2.googleapis.com', port=443): Max retries exceeded with url: /token (Caused by SSLError(SSLCertVerificationError(1, '[SSL: CERTIFICATE_VERIFY_FAILED] certificate verify 
  [ERROR] shard 332: HTTPSConnectionPool(host='oauth2.googleapis.com', port=443): Max retries exceeded with url: /token (Caused by SSLError(SSLCertVerificationError(1, '[SSL: CERTIFICATE_VERIFY_FAILED] certificate verify 
    shard 334 retry 1/3 (tileScale 2->4) after 2s: HTTPSConnectionPool(host='oauth2.googleapis.com', port=443): Max retries exceeded with url: /token (Caused by SSLError(S
    shard 333 retry 3/3 (tileScale 8->16) after 8s: HTTPSConnectionPool(host='oauth2.googleapis.com', port=443): Max retries exceeded with url: /token (Caused by SSLError(S
    shard 334 retry 2/3 (tileScale 4->8) after 4s: HTTPSConnectionPool(host='oauth2.googleapis.com', port=443): Max retries exceeded with url: /token (Caused by SSLError(S
    shard 335 retry 1/3 (tileScale 2->4) after 2s: HTTPSConnectionPool(host='oauth2.googleapis.com', port=443): Max retries exceeded with url: /token (Caused by SSLError(S
    shard 334 retry 3/3 (tileScale 8->16) after 8s: HTTPSConnectionPool(host='oauth2.googleapis.com', port=443): Max retries exceeded with url: /token (Caused by SSLError(S
  [ERROR] shard 333: HTTPSConnectionPool(host='oauth2.googleapis.com', port=443): Max retries exceeded with url: /token (Caused by SSLError(SSLCertVerificationError(1, '[SSL: CERTIFICATE_VERIFY_FAILED] certificate verify 
    shard 335 retry 2/3 (tileScale 4->8) after 4s: HTTPSConnectionPool(host='oauth2.googleapis.com', port=443): Max retries exceeded with url: /token (Caused by SSLError(S
    shard 336 retry 1/3 (tileScale 2->4) after 2s: HTTPSConnectionPool(host='oauth2.googleapis.com', port=443): Max retries exceeded with url: /token (Caused by SSLError(S
  [ERROR] shard 334: HTTPSConnectionPool(host='oauth2.googleapis.com', port=443): Max retries exceeded with url: /token (Caused by SSLError(SSLCertVerificationError(1, '[SSL: CERTIFICATE_VERIFY_FAILED] certificate verify 
    shard 335 retry 3/3 (tileScale 8->16) after 8s: HTTPSConnectionPool(host='oauth2.googleapis.com', port=443): Max retries exceeded with url: /token (Caused by SSLError(S
    shard 337 retry 1/3 (tileScale 2->4) after 2s: HTTPSConnectionPool(host='oauth2.googleapis.com', port=443): Max retries exceeded with url: /token (Caused by SSLError(S
    shard 336 retry 2/3 (tileScale 4->8) after 4s: HTTPSConnectionPool(host='oauth2.googleapis.com', port=443): Max retries exceeded with url: /token (Caused by SSLError(S
  [ERROR] shard 335: HTTPSConnectionPool(host='oauth2.googleapis.com', port=443): Max retries exceeded with url: /token (Caused by SSLError(SSLCertVerificationError(1, '[SSL: CERTIFICATE_VERIFY_FAILED] certificate verify 
    shard 337 retry 2/3 (tileScale 4->8) after 4s: HTTPSConnectionPool(host='oauth2.googleapis.com', port=443): Max retries exceeded with url: /token (Caused by SSLError(S
    shard 336 retry 3/3 (tileScale 8->16) after 8s: HTTPSConnectionPool(host='oauth2.googleapis.com', port=443): Max retries exceeded with url: /token (Caused by SSLError(S
    shard 338 retry 1/3 (tileScale 2->4) after 2s: HTTPSConnectionPool(host='oauth2.googleapis.com', port=443): Max retries exceeded with url: /token (Caused by SSLError(S
  [ERROR] shard 336: HTTPSConnectionPool(host='oauth2.googleapis.com', port=443): Max retries exceeded with url: /token (Caused by SSLError(SSLCertVerificationError(1, '[SSL: CERTIFICATE_VERIFY_FAILED] certificate verify 
    shard 337 retry 3/3 (tileScale 8->16) after 8s: HTTPSConnectionPool(host='oauth2.googleapis.com', port=443): Max retries exceeded with url: /token (Caused by SSLError(S
    shard 338 retry 2/3 (tileScale 4->8) after 4s: HTTPSConnectionPool(host='oauth2.googleapis.com', port=443): Max retries exceeded with url: /token (Caused by SSLError(S
    shard 339 retry 1/3 (tileScale 2->4) after 2s: HTTPSConnectionPool(host='oauth2.googleapis.com', port=443): Max retries exceeded with url: /token (Caused by SSLError(S
  [ERROR] shard 337: HTTPSConnectionPool(host='oauth2.googleapis.com', port=443): Max retries exceeded with url: /token (Caused by SSLError(SSLEOFError(8, '[SSL: UNEXPECTED_EOF_WHILE_READING] EOF occurred in violation of 
    shard 339 retry 2/3 (tileScale 4->8) after 4s: HTTPSConnectionPool(host='oauth2.googleapis.com', port=443): Max retries exceeded with url: /token (Caused by SSLError(S
    shard 338 retry 3/3 (tileScale 8->16) after 8s: HTTPSConnectionPool(host='oauth2.googleapis.com', port=443): Max retries exceeded with url: /token (Caused by SSLError(S
    shard 340 retry 1/3 (tileScale 2->4) after 2s: HTTPSConnectionPool(host='oauth2.googleapis.com', port=443): Max retries exceeded with url: /token (Caused by SSLError(S
    shard 339 retry 3/3 (tileScale 8->16) after 8s: HTTPSConnectionPool(host='oauth2.googleapis.com', port=443): Max retries exceeded with url: /token (Caused by SSLError(S
  [ERROR] shard 338: HTTPSConnectionPool(host='oauth2.googleapis.com', port=443): Max retries exceeded with url: /token (Caused by SSLError(SSLCertVerificationError(1, '[SSL: CERTIFICATE_VERIFY_FAILED] certificate verify 
    shard 340 retry 2/3 (tileScale 4->8) after 4s: HTTPSConnectionPool(host='oauth2.googleapis.com', port=443): Max retries exceeded with url: /token (Caused by SSLError(S
  [ERROR] shard 339: HTTPSConnectionPool(host='oauth2.googleapis.com', port=443): Max retries exceeded with url: /token (Caused by SSLError(SSLCertVerificationError(1, '[SSL: CERTIFICATE_VERIFY_FAILED] certificate verify 
    shard 341 retry 1/3 (tileScale 2->4) after 2s: HTTPSConnectionPool(host='oauth2.googleapis.com', port=443): Max retries exceeded with url: /token (Caused by SSLError(S
    shard 340 retry 3/3 (tileScale 8->16) after 8s: HTTPSConnectionPool(host='oauth2.googleapis.com', port=443): Max retries exceeded with url: /token (Caused by SSLError(S
    shard 342 retry 1/3 (tileScale 2->4) after 2s: HTTPSConnectionPool(host='oauth2.googleapis.com', port=443): Max retries exceeded with url: /token (Caused by SSLError(S
    shard 341 retry 2/3 (tileScale 4->8) after 4s: HTTPSConnectionPool(host='oauth2.googleapis.com', port=443): Max retries exceeded with url: /token (Caused by SSLError(S
  [ERROR] shard 340: HTTPSConnectionPool(host='oauth2.googleapis.com', port=443): Max retries exceeded with url: /token (Caused by SSLError(SSLCertVerificationError(1, '[SSL: CERTIFICATE_VERIFY_FAILED] certificate verify 
    shard 342 retry 2/3 (tileScale 4->8) after 4s: HTTPSConnectionPool(host='oauth2.googleapis.com', port=443): Max retries exceeded with url: /token (Caused by SSLError(S
    shard 342 retry 3/3 (tileScale 8->16) after 8s: HTTPSConnectionPool(host='oauth2.googleapis.com', port=443): Max retries exceeded with url: /token (Caused by SSLError(S
    shard 343 retry 1/3 (tileScale 2->4) after 2s: HTTPSConnectionPool(host='oauth2.googleapis.com', port=443): Max retries exceeded with url: /token (Caused by SSLError(S
    shard 341 retry 3/3 (tileScale 8->16) after 8s: HTTPSConnectionPool(host='oauth2.googleapis.com', port=443): Max retries exceeded with url: /token (Caused by SSLError(S
    shard 343 retry 2/3 (tileScale 4->8) after 4s: HTTPSConnectionPool(host='oauth2.googleapis.com', port=443): Max retries exceeded with url: /token (Caused by SSLError(S
  [ERROR] shard 341: HTTPSConnectionPool(host='oauth2.googleapis.com', port=443): Max retries exceeded with url: /token (Caused by SSLError(SSLCertVerificationError(1, '[SSL: CERTIFICATE_VERIFY_FAILED] certificate verify 
  [ERROR] shard 342: HTTPSConnectionPool(host='oauth2.googleapis.com', port=443): Max retries exceeded with url: /token (Caused by SSLError(SSLCertVerificationError(1, '[SSL: CERTIFICATE_VERIFY_FAILED] certificate verify 
    shard 344 retry 1/3 (tileScale 2->4) after 2s: HTTPSConnectionPool(host='oauth2.googleapis.com', port=443): Max retries exceeded with url: /token (Caused by SSLError(S
    shard 345 retry 1/3 (tileScale 2->4) after 2s: HTTPSConnectionPool(host='oauth2.googleapis.com', port=443): Max retries exceeded with url: /token (Caused by SSLError(S
    shard 343 retry 3/3 (tileScale 8->16) after 8s: HTTPSConnectionPool(host='oauth2.googleapis.com', port=443): Max retries exceeded with url: /token (Caused by SSLError(S
    shard 344 retry 2/3 (tileScale 4->8) after 4s: HTTPSConnectionPool(host='oauth2.googleapis.com', port=443): Max retries exceeded with url: /token (Caused by SSLError(S
    shard 345 retry 2/3 (tileScale 4->8) after 4s: HTTPSConnectionPool(host='oauth2.googleapis.com', port=443): Max retries exceeded with url: /token (Caused by SSLError(S
  [ERROR] shard 343: HTTPSConnectionPool(host='oauth2.googleapis.com', port=443): Max retries exceeded with url: /token (Caused by SSLError(SSLEOFError(8, '[SSL: UNEXPECTED_EOF_WHILE_READING] EOF occurred in violation of 
    shard 344 retry 3/3 (tileScale 8->16) after 8s: HTTPSConnectionPool(host='oauth2.googleapis.com', port=443): Max retries exceeded with url: /token (Caused by SSLError(S
    shard 345 retry 3/3 (tileScale 8->16) after 8s: HTTPSConnectionPool(host='oauth2.googleapis.com', port=443): Max retries exceeded with url: /token (Caused by SSLError(S
    shard 346 retry 1/3 (tileScale 2->4) after 2s: HTTPSConnectionPool(host='oauth2.googleapis.com', port=443): Max retries exceeded with url: /token (Caused by SSLError(S
  [ERROR] shard 344: HTTPSConnectionPool(host='oauth2.googleapis.com', port=443): Max retries exceeded with url: /token (Caused by SSLError(SSLEOFError(8, '[SSL: UNEXPECTED_EOF_WHILE_READING] EOF occurred in violation of 
  [ERROR] shard 345: HTTPSConnectionPool(host='oauth2.googleapis.com', port=443): Max retries exceeded with url: /token (Caused by SSLError(SSLEOFError(8, '[SSL: UNEXPECTED_EOF_WHILE_READING] EOF occurred in violation of 
    shard 346 retry 2/3 (tileScale 4->8) after 4s: HTTPSConnectionPool(host='oauth2.googleapis.com', port=443): Max retries exceeded with url: /token (Caused by SSLError(S
    shard 347 retry 1/3 (tileScale 2->4) after 2s: HTTPSConnectionPool(host='oauth2.googleapis.com', port=443): Max retries exceeded with url: /token (Caused by SSLError(S
    shard 348 retry 1/3 (tileScale 2->4) after 2s: HTTPSConnectionPool(host='oauth2.googleapis.com', port=443): Max retries exceeded with url: /token (Caused by SSLError(S
    shard 346 retry 3/3 (tileScale 8->16) after 8s: HTTPSConnectionPool(host='oauth2.googleapis.com', port=443): Max retries exceeded with url: /token (Caused by SSLError(S
    shard 347 retry 2/3 (tileScale 4->8) after 4s: HTTPSConnectionPool(host='oauth2.googleapis.com', port=443): Max retries exceeded with url: /token (Caused by SSLError(S
  [ERROR] shard 346: HTTPSConnectionPool(host='oauth2.googleapis.com', port=443): Max retries exceeded with url: /token (Caused by SSLError(SSLEOFError(8, '[SSL: UNEXPECTED_EOF_WHILE_READING] EOF occurred in violation of 
    shard 348 retry 2/3 (tileScale 4->8) after 4s: HTTPSConnectionPool(host='oauth2.googleapis.com', port=443): Max retries exceeded with url: /token (Caused by SSLError(S
    shard 349 retry 1/3 (tileScale 2->4) after 2s: HTTPSConnectionPool(host='oauth2.googleapis.com', port=443): Max retries exceeded with url: /token (Caused by SSLError(S
    shard 347 retry 3/3 (tileScale 8->16) after 8s: HTTPSConnectionPool(host='oauth2.googleapis.com', port=443): Max retries exceeded with url: /token (Caused by SSLError(S
    shard 348 retry 3/3 (tileScale 8->16) after 8s: HTTPSConnectionPool(host='oauth2.googleapis.com', port=443): Max retries exceeded with url: /token (Caused by SSLError(S
    shard 349 retry 2/3 (tileScale 4->8) after 4s: HTTPSConnectionPool(host='oauth2.googleapis.com', port=443): Max retries exceeded with url: /token (Caused by SSLError(S
    shard 349 retry 3/3 (tileScale 8->16) after 8s: HTTPSConnectionPool(host='oauth2.googleapis.com', port=443): Max retries exceeded with url: /token (Caused by SSLError(S
  [ERROR] shard 347: HTTPSConnectionPool(host='oauth2.googleapis.com', port=443): Max retries exceeded with url: /token (Caused by SSLError(SSLCertVerificationError(1, '[SSL: CERTIFICATE_VERIFY_FAILED] certificate verify 
  [ERROR] shard 348: HTTPSConnectionPool(host='oauth2.googleapis.com', port=443): Max retries exceeded with url: /token (Caused by SSLError(SSLCertVerificationError(1, '[SSL: CERTIFICATE_VERIFY_FAILED] certificate verify 
  [ERROR] shard 349: HTTPSConnectionPool(host='oauth2.googleapis.com', port=443): Max retries exceeded with url: /token (Caused by SSLError(SSLCertVerificationError(1, '[SSL: CERTIFICATE_VERIFY_FAILED] certificate verify 
    shard 352 retry 1/3 (tileScale 2->4) after 2s: HTTPSConnectionPool(host='oauth2.googleapis.com', port=443): Max retries exceeded with url: /token (Caused by SSLError(S
    shard 350 retry 1/3 (tileScale 2->4) after 2s: HTTPSConnectionPool(host='oauth2.googleapis.com', port=443): Max retries exceeded with url: /token (Caused by SSLError(S
    shard 351 retry 1/3 (tileScale 2->4) after 2s: HTTPSConnectionPool(host='oauth2.googleapis.com', port=443): Max retries exceeded with url: /token (Caused by SSLError(S
    shard 352 retry 2/3 (tileScale 4->8) after 4s: HTTPSConnectionPool(host='oauth2.googleapis.com', port=443): Max retries exceeded with url: /token (Caused by SSLError(S
    shard 350 retry 2/3 (tileScale 4->8) after 4s: HTTPSConnectionPool(host='oauth2.googleapis.com', port=443): Max retries exceeded with url: /token (Caused by SSLError(S
    shard 351 retry 2/3 (tileScale 4->8) after 4s: HTTPSConnectionPool(host='oauth2.googleapis.com', port=443): Max retries exceeded with url: /token (Caused by SSLError(S
    shard 351 retry 3/3 (tileScale 8->16) after 8s: HTTPSConnectionPool(host='oauth2.googleapis.com', port=443): Max retries exceeded with url: /token (Caused by SSLError(S
    shard 350 retry 3/3 (tileScale 8->16) after 8s: HTTPSConnectionPool(host='oauth2.googleapis.com', port=443): Max retries exceeded with url: /token (Caused by SSLError(S
    shard 352 retry 3/3 (tileScale 8->16) after 8s: HTTPSConnectionPool(host='oauth2.googleapis.com', port=443): Max retries exceeded with url: /token (Caused by SSLError(S
  [ERROR] shard 350: HTTPSConnectionPool(host='oauth2.googleapis.com', port=443): Max retries exceeded with url: /token (Caused by SSLError(SSLCertVerificationError(1, '[SSL: CERTIFICATE_VERIFY_FAILED] certificate verify 
  [ERROR] shard 351: HTTPSConnectionPool(host='oauth2.googleapis.com', port=443): Max retries exceeded with url: /token (Caused by SSLError(SSLCertVerificationError(1, '[SSL: CERTIFICATE_VERIFY_FAILED] certificate verify 
    shard 353 retry 1/3 (tileScale 2->4) after 2s: HTTPSConnectionPool(host='oauth2.googleapis.com', port=443): Max retries exceeded with url: /token (Caused by SSLError(S
  [ERROR] shard 352: HTTPSConnectionPool(host='oauth2.googleapis.com', port=443): Max retries exceeded with url: /token (Caused by SSLError(SSLCertVerificationError(1, '[SSL: CERTIFICATE_VERIFY_FAILED] certificate verify 
    shard 354 retry 1/3 (tileScale 2->4) after 2s: HTTPSConnectionPool(host='oauth2.googleapis.com', port=443): Max retries exceeded with url: /token (Caused by SSLError(S
    shard 355 retry 1/3 (tileScale 2->4) after 2s: HTTPSConnectionPool(host='oauth2.googleapis.com', port=443): Max retries exceeded with url: /token (Caused by SSLError(S
    shard 353 retry 2/3 (tileScale 4->8) after 4s: HTTPSConnectionPool(host='oauth2.googleapis.com', port=443): Max retries exceeded with url: /token (Caused by SSLError(S
    shard 354 retry 2/3 (tileScale 4->8) after 4s: HTTPSConnectionPool(host='oauth2.googleapis.com', port=443): Max retries exceeded with url: /token (Caused by SSLError(S
    shard 354 retry 3/3 (tileScale 8->16) after 8s: HTTPSConnectionPool(host='oauth2.googleapis.com', port=443): Max retries exceeded with url: /token (Caused by SSLError(S
    shard 355 retry 2/3 (tileScale 4->8) after 4s: HTTPSConnectionPool(host='oauth2.googleapis.com', port=443): Max retries exceeded with url: /token (Caused by SSLError(S
    shard 353 retry 3/3 (tileScale 8->16) after 8s: HTTPSConnectionPool(host='oauth2.googleapis.com', port=443): Max retries exceeded with url: /token (Caused by SSLError(S
  [ERROR] shard 354: HTTPSConnectionPool(host='oauth2.googleapis.com', port=443): Max retries exceeded with url: /token (Caused by SSLError(SSLEOFError(8, '[SSL: UNEXPECTED_EOF_WHILE_READING] EOF occurred in violation of 
    shard 355 retry 3/3 (tileScale 8->16) after 8s: HTTPSConnectionPool(host='oauth2.googleapis.com', port=443): Max retries exceeded with url: /token (Caused by SSLError(S
  [ERROR] shard 355: HTTPSConnectionPool(host='oauth2.googleapis.com', port=443): Max retries exceeded with url: /token (Caused by SSLError(SSLCertVerificationError(1, '[SSL: CERTIFICATE_VERIFY_FAILED] certificate verify 
    shard 356 retry 1/3 (tileScale 2->4) after 2s: HTTPSConnectionPool(host='oauth2.googleapis.com', port=443): Max retries exceeded with url: /token (Caused by SSLError(S
  [ERROR] shard 353: HTTPSConnectionPool(host='oauth2.googleapis.com', port=443): Max retries exceeded with url: /token (Caused by SSLError(SSLCertVerificationError(1, '[SSL: CERTIFICATE_VERIFY_FAILED] certificate verify 
    shard 356 retry 2/3 (tileScale 4->8) after 4s: HTTPSConnectionPool(host='oauth2.googleapis.com', port=443): Max retries exceeded with url: /token (Caused by SSLError(S
    shard 357 retry 1/3 (tileScale 2->4) after 2s: HTTPSConnectionPool(host='oauth2.googleapis.com', port=443): Max retries exceeded with url: /token (Caused by SSLError(S
    shard 358 retry 1/3 (tileScale 2->4) after 2s: HTTPSConnectionPool(host='oauth2.googleapis.com', port=443): Max retries exceeded with url: /token (Caused by SSLError(S
    shard 357 retry 2/3 (tileScale 4->8) after 4s: HTTPSConnectionPool(host='oauth2.googleapis.com', port=443): Max retries exceeded with url: /token (Caused by SSLError(S
    shard 356 retry 3/3 (tileScale 8->16) after 8s: HTTPSConnectionPool(host='oauth2.googleapis.com', port=443): Max retries exceeded with url: /token (Caused by SSLError(S
    shard 358 retry 2/3 (tileScale 4->8) after 4s: HTTPSConnectionPool(host='oauth2.googleapis.com', port=443): Max retries exceeded with url: /token (Caused by SSLError(S
  [ERROR] shard 356: HTTPSConnectionPool(host='oauth2.googleapis.com', port=443): Max retries exceeded with url: /token (Caused by SSLError(SSLCertVerificationError(1, '[SSL: CERTIFICATE_VERIFY_FAILED] certificate verify 
    shard 357 retry 3/3 (tileScale 8->16) after 8s: HTTPSConnectionPool(host='oauth2.googleapis.com', port=443): Max retries exceeded with url: /token (Caused by SSLError(S
    shard 359 retry 1/3 (tileScale 2->4) after 2s: HTTPSConnectionPool(host='oauth2.googleapis.com', port=443): Max retries exceeded with url: /token (Caused by SSLError(S
  [ERROR] shard 357: HTTPSConnectionPool(host='oauth2.googleapis.com', port=443): Max retries exceeded with url: /token (Caused by SSLError(SSLCertVerificationError(1, '[SSL: CERTIFICATE_VERIFY_FAILED] certificate verify 
    shard 358 retry 3/3 (tileScale 8->16) after 8s: HTTPSConnectionPool(host='oauth2.googleapis.com', port=443): Max retries exceeded with url: /token (Caused by SSLError(S
  [ERROR] shard 358: HTTPSConnectionPool(host='oauth2.googleapis.com', port=443): Max retries exceeded with url: /token (Caused by SSLError(SSLCertVerificationError(1, '[SSL: CERTIFICATE_VERIFY_FAILED] certificate verify 
    shard 359 retry 2/3 (tileScale 4->8) after 4s: HTTPSConnectionPool(host='oauth2.googleapis.com', port=443): Max retries exceeded with url: /token (Caused by SSLError(S
    shard 360 retry 1/3 (tileScale 2->4) after 2s: HTTPSConnectionPool(host='oauth2.googleapis.com', port=443): Max retries exceeded with url: /token (Caused by SSLError(S
    shard 361 retry 1/3 (tileScale 2->4) after 2s: HTTPSConnectionPool(host='oauth2.googleapis.com', port=443): Max retries exceeded with url: /token (Caused by SSLError(S
    shard 360 retry 2/3 (tileScale 4->8) after 4s: HTTPSConnectionPool(host='oauth2.googleapis.com', port=443): Max retries exceeded with url: /token (Caused by SSLError(S
    shard 359 retry 3/3 (tileScale 8->16) after 8s: HTTPSConnectionPool(host='oauth2.googleapis.com', port=443): Max retries exceeded with url: /token (Caused by SSLError(S
    shard 361 retry 2/3 (tileScale 4->8) after 4s: HTTPSConnectionPool(host='oauth2.googleapis.com', port=443): Max retries exceeded with url: /token (Caused by SSLError(S
  [ERROR] shard 359: HTTPSConnectionPool(host='oauth2.googleapis.com', port=443): Max retries exceeded with url: /token (Caused by SSLError(SSLCertVerificationError(1, '[SSL: CERTIFICATE_VERIFY_FAILED] certificate verify 
    shard 360 retry 3/3 (tileScale 8->16) after 8s: HTTPSConnectionPool(host='oauth2.googleapis.com', port=443): Max retries exceeded with url: /token (Caused by SSLError(S
    shard 362 retry 1/3 (tileScale 2->4) after 2s: HTTPSConnectionPool(host='oauth2.googleapis.com', port=443): Max retries exceeded with url: /token (Caused by SSLError(S
    shard 361 retry 3/3 (tileScale 8->16) after 8s: HTTPSConnectionPool(host='oauth2.googleapis.com', port=443): Max retries exceeded with url: /token (Caused by SSLError(S
    shard 362 retry 2/3 (tileScale 4->8) after 4s: HTTPSConnectionPool(host='oauth2.googleapis.com', port=443): Max retries exceeded with url: /token (Caused by SSLError(S
  [ERROR] shard 361: HTTPSConnectionPool(host='oauth2.googleapis.com', port=443): Max retries exceeded with url: /token (Caused by SSLError(SSLCertVerificationError(1, '[SSL: CERTIFICATE_VERIFY_FAILED] certificate verify 
  [ERROR] shard 360: HTTPSConnectionPool(host='oauth2.googleapis.com', port=443): Max retries exceeded with url: /token (Caused by SSLError(SSLCertVerificationError(1, '[SSL: CERTIFICATE_VERIFY_FAILED] certificate verify 
    shard 362 retry 3/3 (tileScale 8->16) after 8s: HTTPSConnectionPool(host='oauth2.googleapis.com', port=443): Max retries exceeded with url: /token (Caused by SSLError(S
    shard 363 retry 1/3 (tileScale 2->4) after 2s: HTTPSConnectionPool(host='oauth2.googleapis.com', port=443): Max retries exceeded with url: /token (Caused by SSLError(S
    shard 364 retry 1/3 (tileScale 2->4) after 2s: HTTPSConnectionPool(host='oauth2.googleapis.com', port=443): Max retries exceeded with url: /token (Caused by SSLError(S
    shard 363 retry 2/3 (tileScale 4->8) after 4s: HTTPSConnectionPool(host='oauth2.googleapis.com', port=443): Max retries exceeded with url: /token (Caused by SSLError(S
  [ERROR] shard 362: HTTPSConnectionPool(host='oauth2.googleapis.com', port=443): Max retries exceeded with url: /token (Caused by SSLError(SSLCertVerificationError(1, '[SSL: CERTIFICATE_VERIFY_FAILED] certificate verify 
    shard 364 retry 2/3 (tileScale 4->8) after 4s: HTTPSConnectionPool(host='oauth2.googleapis.com', port=443): Max retries exceeded with url: /token (Caused by SSLError(S
    shard 365 retry 1/3 (tileScale 2->4) after 2s: HTTPSConnectionPool(host='oauth2.googleapis.com', port=443): Max retries exceeded with url: /token (Caused by SSLError(S
    shard 363 retry 3/3 (tileScale 8->16) after 8s: HTTPSConnectionPool(host='oauth2.googleapis.com', port=443): Max retries exceeded with url: /token (Caused by SSLError(S
    shard 365 retry 2/3 (tileScale 4->8) after 4s: HTTPSConnectionPool(host='oauth2.googleapis.com', port=443): Max retries exceeded with url: /token (Caused by SSLError(S
    shard 365 retry 3/3 (tileScale 8->16) after 8s: HTTPSConnectionPool(host='oauth2.googleapis.com', port=443): Max retries exceeded with url: /token (Caused by SSLError(S
    shard 364 retry 3/3 (tileScale 8->16) after 8s: HTTPSConnectionPool(host='oauth2.googleapis.com', port=443): Max retries exceeded with url: /token (Caused by SSLError(S
  [ERROR] shard 363: HTTPSConnectionPool(host='oauth2.googleapis.com', port=443): Max retries exceeded with url: /token (Caused by SSLError(SSLCertVerificationError(1, '[SSL: CERTIFICATE_VERIFY_FAILED] certificate verify 
  [ERROR] shard 365: HTTPSConnectionPool(host='oauth2.googleapis.com', port=443): Max retries exceeded with url: /token (Caused by SSLError(SSLCertVerificationError(1, '[SSL: CERTIFICATE_VERIFY_FAILED] certificate verify 
  [ERROR] shard 364: HTTPSConnectionPool(host='oauth2.googleapis.com', port=443): Max retries exceeded with url: /token (Caused by SSLError(SSLCertVerificationError(1, '[SSL: CERTIFICATE_VERIFY_FAILED] certificate verify 
    shard 367 retry 1/3 (tileScale 2->4) after 2s: HTTPSConnectionPool(host='oauth2.googleapis.com', port=443): Max retries exceeded with url: /token (Caused by SSLError(S
    shard 366 retry 1/3 (tileScale 2->4) after 2s: HTTPSConnectionPool(host='oauth2.googleapis.com', port=443): Max retries exceeded with url: /token (Caused by SSLError(S
    shard 367 retry 2/3 (tileScale 4->8) after 4s: HTTPSConnectionPool(host='oauth2.googleapis.com', port=443): Max retries exceeded with url: /token (Caused by SSLError(S
    shard 368 retry 1/3 (tileScale 2->4) after 2s: HTTPSConnectionPool(host='oauth2.googleapis.com', port=443): Max retries exceeded with url: /token (Caused by SSLError(S
    shard 368 retry 2/3 (tileScale 4->8) after 4s: HTTPSConnectionPool(host='oauth2.googleapis.com', port=443): Max retries exceeded with url: /token (Caused by SSLError(S
    shard 366 retry 2/3 (tileScale 4->8) after 4s: HTTPSConnectionPool(host='oauth2.googleapis.com', port=443): Max retries exceeded with url: /token (Caused by SSLError(S
    shard 368 retry 3/3 (tileScale 8->16) after 8s: HTTPSConnectionPool(host='oauth2.googleapis.com', port=443): Max retries exceeded with url: /token (Caused by SSLError(S
    shard 367 retry 3/3 (tileScale 8->16) after 8s: HTTPSConnectionPool(host='oauth2.googleapis.com', port=443): Max retries exceeded with url: /token (Caused by SSLError(S
    shard 366 retry 3/3 (tileScale 8->16) after 8s: HTTPSConnectionPool(host='oauth2.googleapis.com', port=443): Max retries exceeded with url: /token (Caused by SSLError(S
  [ERROR] shard 368: HTTPSConnectionPool(host='oauth2.googleapis.com', port=443): Max retries exceeded with url: /token (Caused by SSLError(SSLCertVerificationError(1, '[SSL: CERTIFICATE_VERIFY_FAILED] certificate verify 
  [ERROR] shard 367: HTTPSConnectionPool(host='oauth2.googleapis.com', port=443): Max retries exceeded with url: /token (Caused by SSLError(SSLCertVerificationError(1, '[SSL: CERTIFICATE_VERIFY_FAILED] certificate verify 
    shard 369 retry 1/3 (tileScale 2->4) after 2s: HTTPSConnectionPool(host='oauth2.googleapis.com', port=443): Max retries exceeded with url: /token (Caused by SSLError(S
  [ERROR] shard 366: HTTPSConnectionPool(host='oauth2.googleapis.com', port=443): Max retries exceeded with url: /token (Caused by SSLError(SSLEOFError(8, '[SSL: UNEXPECTED_EOF_WHILE_READING] EOF occurred in violation of 
    shard 370 retry 1/3 (tileScale 2->4) after 2s: HTTPSConnectionPool(host='oauth2.googleapis.com', port=443): Max retries exceeded with url: /token (Caused by SSLError(S
    shard 369 retry 2/3 (tileScale 4->8) after 4s: HTTPSConnectionPool(host='oauth2.googleapis.com', port=443): Max retries exceeded with url: /token (Caused by SSLError(S
    shard 369 retry 3/3 (tileScale 8->16) after 8s: HTTPSConnectionPool(host='oauth2.googleapis.com', port=443): Max retries exceeded with url: /token (Caused by SSLError(S
    shard 371 retry 1/3 (tileScale 2->4) after 2s: HTTPSConnectionPool(host='oauth2.googleapis.com', port=443): Max retries exceeded with url: /token (Caused by SSLError(S
    shard 370 retry 2/3 (tileScale 4->8) after 4s: HTTPSConnectionPool(host='oauth2.googleapis.com', port=443): Max retries exceeded with url: /token (Caused by SSLError(S
    shard 371 retry 2/3 (tileScale 4->8) after 4s: HTTPSConnectionPool(host='oauth2.googleapis.com', port=443): Max retries exceeded with url: /token (Caused by SSLError(S
  [ERROR] shard 369: HTTPSConnectionPool(host='oauth2.googleapis.com', port=443): Max retries exceeded with url: /token (Caused by SSLError(SSLCertVerificationError(1, '[SSL: CERTIFICATE_VERIFY_FAILED] certificate verify 
    shard 370 retry 3/3 (tileScale 8->16) after 8s: HTTPSConnectionPool(host='oauth2.googleapis.com', port=443): Max retries exceeded with url: /token (Caused by SSLError(S
    shard 372 retry 1/3 (tileScale 2->4) after 2s: HTTPSConnectionPool(host='oauth2.googleapis.com', port=443): Max retries exceeded with url: /token (Caused by SSLError(S
  [ERROR] shard 370: HTTPSConnectionPool(host='oauth2.googleapis.com', port=443): Max retries exceeded with url: /token (Caused by SSLError(SSLCertVerificationError(1, '[SSL: CERTIFICATE_VERIFY_FAILED] certificate verify 
    shard 371 retry 3/3 (tileScale 8->16) after 8s: HTTPSConnectionPool(host='oauth2.googleapis.com', port=443): Max retries exceeded with url: /token (Caused by SSLError(S
    shard 372 retry 2/3 (tileScale 4->8) after 4s: HTTPSConnectionPool(host='oauth2.googleapis.com', port=443): Max retries exceeded with url: /token (Caused by SSLError(S
  [ERROR] shard 371: HTTPSConnectionPool(host='oauth2.googleapis.com', port=443): Max retries exceeded with url: /token (Caused by SSLError(SSLCertVerificationError(1, '[SSL: CERTIFICATE_VERIFY_FAILED] certificate verify 
    shard 373 retry 1/3 (tileScale 2->4) after 2s: HTTPSConnectionPool(host='oauth2.googleapis.com', port=443): Max retries exceeded with url: /token (Caused by SSLError(S
    shard 372 retry 3/3 (tileScale 8->16) after 8s: HTTPSConnectionPool(host='oauth2.googleapis.com', port=443): Max retries exceeded with url: /token (Caused by SSLError(S
    shard 373 retry 2/3 (tileScale 4->8) after 4s: HTTPSConnectionPool(host='oauth2.googleapis.com', port=443): Max retries exceeded with url: /token (Caused by SSLError(S
    shard 374 retry 1/3 (tileScale 2->4) after 2s: HTTPSConnectionPool(host='oauth2.googleapis.com', port=443): Max retries exceeded with url: /token (Caused by SSLError(S
    shard 373 retry 3/3 (tileScale 8->16) after 8s: HTTPSConnectionPool(host='oauth2.googleapis.com', port=443): Max retries exceeded with url: /token (Caused by SSLError(S
    shard 374 retry 2/3 (tileScale 4->8) after 4s: HTTPSConnectionPool(host='oauth2.googleapis.com', port=443): Max retries exceeded with url: /token (Caused by SSLError(S
  [ERROR] shard 372: HTTPSConnectionPool(host='oauth2.googleapis.com', port=443): Max retries exceeded with url: /token (Caused by SSLError(SSLCertVerificationError(1, '[SSL: CERTIFICATE_VERIFY_FAILED] certificate verify 
  [ERROR] shard 373: HTTPSConnectionPool(host='oauth2.googleapis.com', port=443): Max retries exceeded with url: /token (Caused by SSLError(SSLEOFError(8, '[SSL: UNEXPECTED_EOF_WHILE_READING] EOF occurred in violation of 
    shard 374 retry 3/3 (tileScale 8->16) after 8s: HTTPSConnectionPool(host='oauth2.googleapis.com', port=443): Max retries exceeded with url: /token (Caused by SSLError(S
    shard 375 retry 1/3 (tileScale 2->4) after 2s: HTTPSConnectionPool(host='oauth2.googleapis.com', port=443): Max retries exceeded with url: /token (Caused by SSLError(S
    shard 376 retry 1/3 (tileScale 2->4) after 2s: HTTPSConnectionPool(host='oauth2.googleapis.com', port=443): Max retries exceeded with url: /token (Caused by SSLError(S
    shard 375 retry 2/3 (tileScale 4->8) after 4s: HTTPSConnectionPool(host='oauth2.googleapis.com', port=443): Max retries exceeded with url: /token (Caused by SSLError(S
    shard 376 retry 2/3 (tileScale 4->8) after 4s: HTTPSConnectionPool(host='oauth2.googleapis.com', port=443): Max retries exceeded with url: /token (Caused by SSLError(S
  [ERROR] shard 374: HTTPSConnectionPool(host='oauth2.googleapis.com', port=443): Max retries exceeded with url: /token (Caused by SSLError(SSLCertVerificationError(1, '[SSL: CERTIFICATE_VERIFY_FAILED] certificate verify 
    shard 375 retry 3/3 (tileScale 8->16) after 8s: ('Connection aborted.', ConnectionResetError(10054, 'An existing connection was forcibly closed by the remote host', Non
    shard 376 retry 3/3 (tileScale 8->16) after 8s: HTTPSConnectionPool(host='oauth2.googleapis.com', port=443): Max retries exceeded with url: /token (Caused by SSLError(S
    shard 377 retry 1/3 (tileScale 2->4) after 2s: HTTPSConnectionPool(host='oauth2.googleapis.com', port=443): Max retries exceeded with url: /token (Caused by SSLError(S
  [ERROR] shard 375: HTTPSConnectionPool(host='oauth2.googleapis.com', port=443): Max retries exceeded with url: /token (Caused by SSLError(SSLCertVerificationError(1, '[SSL: CERTIFICATE_VERIFY_FAILED] certificate verify 
    shard 378 retry 1/3 (tileScale 2->4) after 2s: HTTPSConnectionPool(host='oauth2.googleapis.com', port=443): Max retries exceeded with url: /token (Caused by SSLError(S
  [ERROR] shard 376: HTTPSConnectionPool(host='oauth2.googleapis.com', port=443): Max retries exceeded with url: /token (Caused by SSLError(SSLEOFError(8, '[SSL: UNEXPECTED_EOF_WHILE_READING] EOF occurred in violation of 
    shard 377 retry 2/3 (tileScale 4->8) after 4s: HTTPSConnectionPool(host='oauth2.googleapis.com', port=443): Max retries exceeded with url: /token (Caused by SSLError(S
    shard 379 retry 1/3 (tileScale 2->4) after 2s: HTTPSConnectionPool(host='oauth2.googleapis.com', port=443): Max retries exceeded with url: /token (Caused by SSLError(S
    shard 377 retry 3/3 (tileScale 8->16) after 8s: HTTPSConnectionPool(host='oauth2.googleapis.com', port=443): Max retries exceeded with url: /token (Caused by SSLError(S
    shard 378 retry 2/3 (tileScale 4->8) after 4s: HTTPSConnectionPool(host='oauth2.googleapis.com', port=443): Max retries exceeded with url: /token (Caused by SSLError(S
    shard 379 retry 2/3 (tileScale 4->8) after 4s: HTTPSConnectionPool(host='oauth2.googleapis.com', port=443): Max retries exceeded with url: /token (Caused by SSLError(S
  [ERROR] shard 377: HTTPSConnectionPool(host='oauth2.googleapis.com', port=443): Max retries exceeded with url: /token (Caused by SSLError(SSLCertVerificationError(1, '[SSL: CERTIFICATE_VERIFY_FAILED] certificate verify 
    shard 378 retry 3/3 (tileScale 8->16) after 8s: HTTPSConnectionPool(host='oauth2.googleapis.com', port=443): Max retries exceeded with url: /token (Caused by SSLError(S
    shard 379 retry 3/3 (tileScale 8->16) after 8s: HTTPSConnectionPool(host='oauth2.googleapis.com', port=443): Max retries exceeded with url: /token (Caused by SSLError(S
    shard 380 retry 1/3 (tileScale 2->4) after 2s: HTTPSConnectionPool(host='oauth2.googleapis.com', port=443): Max retries exceeded with url: /token (Caused by SSLError(S
  [ERROR] shard 379: HTTPSConnectionPool(host='oauth2.googleapis.com', port=443): Max retries exceeded with url: /token (Caused by SSLError(SSLCertVerificationError(1, '[SSL: CERTIFICATE_VERIFY_FAILED] certificate verify 
  [ERROR] shard 378: HTTPSConnectionPool(host='oauth2.googleapis.com', port=443): Max retries exceeded with url: /token (Caused by SSLError(SSLCertVerificationError(1, '[SSL: CERTIFICATE_VERIFY_FAILED] certificate verify 
    shard 380 retry 2/3 (tileScale 4->8) after 4s: HTTPSConnectionPool(host='oauth2.googleapis.com', port=443): Max retries exceeded with url: /token (Caused by SSLError(S
    shard 381 retry 1/3 (tileScale 2->4) after 2s: HTTPSConnectionPool(host='oauth2.googleapis.com', port=443): Max retries exceeded with url: /token (Caused by SSLError(S
    shard 382 retry 1/3 (tileScale 2->4) after 2s: HTTPSConnectionPool(host='oauth2.googleapis.com', port=443): Max retries exceeded with url: /token (Caused by SSLError(S
    shard 380 retry 3/3 (tileScale 8->16) after 8s: HTTPSConnectionPool(host='oauth2.googleapis.com', port=443): Max retries exceeded with url: /token (Caused by SSLError(S
    shard 381 retry 2/3 (tileScale 4->8) after 4s: HTTPSConnectionPool(host='oauth2.googleapis.com', port=443): Max retries exceeded with url: /token (Caused by SSLError(S
    shard 381 retry 3/3 (tileScale 8->16) after 8s: HTTPSConnectionPool(host='oauth2.googleapis.com', port=443): Max retries exceeded with url: /token (Caused by SSLError(S
    shard 382 retry 2/3 (tileScale 4->8) after 4s: HTTPSConnectionPool(host='oauth2.googleapis.com', port=443): Max retries exceeded with url: /token (Caused by SSLError(S
  [ERROR] shard 380: HTTPSConnectionPool(host='oauth2.googleapis.com', port=443): Max retries exceeded with url: /token (Caused by SSLError(SSLCertVerificationError(1, '[SSL: CERTIFICATE_VERIFY_FAILED] certificate verify 
    shard 382 retry 3/3 (tileScale 8->16) after 8s: HTTPSConnectionPool(host='oauth2.googleapis.com', port=443): Max retries exceeded with url: /token (Caused by SSLError(S
  [ERROR] shard 381: HTTPSConnectionPool(host='oauth2.googleapis.com', port=443): Max retries exceeded with url: /token (Caused by SSLError(SSLCertVerificationError(1, '[SSL: CERTIFICATE_VERIFY_FAILED] certificate verify 
    shard 383 retry 1/3 (tileScale 2->4) after 2s: HTTPSConnectionPool(host='oauth2.googleapis.com', port=443): Max retries exceeded with url: /token (Caused by SSLError(S
  [ERROR] shard 382: HTTPSConnectionPool(host='oauth2.googleapis.com', port=443): Max retries exceeded with url: /token (Caused by SSLError(SSLCertVerificationError(1, '[SSL: CERTIFICATE_VERIFY_FAILED] certificate verify 
    shard 383 retry 2/3 (tileScale 4->8) after 4s: HTTPSConnectionPool(host='oauth2.googleapis.com', port=443): Max retries exceeded with url: /token (Caused by SSLError(S
    shard 384 retry 1/3 (tileScale 2->4) after 2s: HTTPSConnectionPool(host='oauth2.googleapis.com', port=443): Max retries exceeded with url: /token (Caused by SSLError(S
    shard 384 retry 2/3 (tileScale 4->8) after 4s: HTTPSConnectionPool(host='oauth2.googleapis.com', port=443): Max retries exceeded with url: /token (Caused by SSLError(S
    shard 383 retry 3/3 (tileScale 8->16) after 8s: HTTPSConnectionPool(host='oauth2.googleapis.com', port=443): Max retries exceeded with url: /token (Caused by SSLError(S
    shard 385 retry 1/3 (tileScale 2->4) after 2s: HTTPSConnectionPool(host='oauth2.googleapis.com', port=443): Max retries exceeded with url: /token (Caused by SSLError(S
    shard 384 retry 3/3 (tileScale 8->16) after 8s: HTTPSConnectionPool(host='oauth2.googleapis.com', port=443): Max retries exceeded with url: /token (Caused by SSLError(S
    shard 385 retry 2/3 (tileScale 4->8) after 4s: HTTPSConnectionPool(host='oauth2.googleapis.com', port=443): Max retries exceeded with url: /token (Caused by SSLError(S
  [ERROR] shard 383: HTTPSConnectionPool(host='oauth2.googleapis.com', port=443): Max retries exceeded with url: /token (Caused by SSLError(SSLCertVerificationError(1, '[SSL: CERTIFICATE_VERIFY_FAILED] certificate verify 
  [ERROR] shard 384: HTTPSConnectionPool(host='oauth2.googleapis.com', port=443): Max retries exceeded with url: /token (Caused by SSLError(SSLCertVerificationError(1, '[SSL: CERTIFICATE_VERIFY_FAILED] certificate verify 
    shard 386 retry 1/3 (tileScale 2->4) after 2s: HTTPSConnectionPool(host='oauth2.googleapis.com', port=443): Max retries exceeded with url: /token (Caused by SSLError(S
    shard 385 retry 3/3 (tileScale 8->16) after 8s: HTTPSConnectionPool(host='oauth2.googleapis.com', port=443): Max retries exceeded with url: /token (Caused by SSLError(S
    shard 386 retry 2/3 (tileScale 4->8) after 4s: HTTPSConnectionPool(host='oauth2.googleapis.com', port=443): Max retries exceeded with url: /token (Caused by SSLError(S
    shard 387 retry 1/3 (tileScale 2->4) after 2s: HTTPSConnectionPool(host='oauth2.googleapis.com', port=443): Max retries exceeded with url: /token (Caused by SSLError(S
    shard 387 retry 2/3 (tileScale 4->8) after 4s: HTTPSConnectionPool(host='oauth2.googleapis.com', port=443): Max retries exceeded with url: /token (Caused by SSLError(S
  [ERROR] shard 385: HTTPSConnectionPool(host='oauth2.googleapis.com', port=443): Max retries exceeded with url: /token (Caused by SSLError(SSLCertVerificationError(1, '[SSL: CERTIFICATE_VERIFY_FAILED] certificate verify 
    shard 386 retry 3/3 (tileScale 8->16) after 8s: HTTPSConnectionPool(host='oauth2.googleapis.com', port=443): Max retries exceeded with url: /token (Caused by SSLError(S
    shard 388 retry 1/3 (tileScale 2->4) after 2s: HTTPSConnectionPool(host='oauth2.googleapis.com', port=443): Max retries exceeded with url: /token (Caused by SSLError(S
    shard 387 retry 3/3 (tileScale 8->16) after 8s: HTTPSConnectionPool(host='oauth2.googleapis.com', port=443): Max retries exceeded with url: /token (Caused by SSLError(S
    shard 388 retry 2/3 (tileScale 4->8) after 4s: HTTPSConnectionPool(host='oauth2.googleapis.com', port=443): Max retries exceeded with url: /token (Caused by SSLError(S
  [ERROR] shard 386: HTTPSConnectionPool(host='oauth2.googleapis.com', port=443): Max retries exceeded with url: /token (Caused by SSLError(SSLCertVerificationError(1, '[SSL: CERTIFICATE_VERIFY_FAILED] certificate verify 
    shard 388 retry 3/3 (tileScale 8->16) after 8s: HTTPSConnectionPool(host='oauth2.googleapis.com', port=443): Max retries exceeded with url: /token (Caused by SSLError(S
  [ERROR] shard 387: HTTPSConnectionPool(host='oauth2.googleapis.com', port=443): Max retries exceeded with url: /token (Caused by SSLError(SSLCertVerificationError(1, '[SSL: CERTIFICATE_VERIFY_FAILED] certificate verify 
    shard 389 retry 1/3 (tileScale 2->4) after 2s: HTTPSConnectionPool(host='oauth2.googleapis.com', port=443): Max retries exceeded with url: /token (Caused by SSLError(S
    shard 389 retry 2/3 (tileScale 4->8) after 4s: HTTPSConnectionPool(host='oauth2.googleapis.com', port=443): Max retries exceeded with url: /token (Caused by SSLError(S
    shard 390 retry 1/3 (tileScale 2->4) after 2s: HTTPSConnectionPool(host='oauth2.googleapis.com', port=443): Max retries exceeded with url: /token (Caused by SSLError(S
  [ERROR] shard 388: HTTPSConnectionPool(host='oauth2.googleapis.com', port=443): Max retries exceeded with url: /token (Caused by SSLError(SSLEOFError(8, '[SSL: UNEXPECTED_EOF_WHILE_READING] EOF occurred in violation of 
    shard 390 retry 2/3 (tileScale 4->8) after 4s: HTTPSConnectionPool(host='oauth2.googleapis.com', port=443): Max retries exceeded with url: /token (Caused by SSLError(S
    shard 389 retry 3/3 (tileScale 8->16) after 8s: HTTPSConnectionPool(host='oauth2.googleapis.com', port=443): Max retries exceeded with url: /token (Caused by SSLError(S
    shard 391 retry 1/3 (tileScale 2->4) after 2s: HTTPSConnectionPool(host='oauth2.googleapis.com', port=443): Max retries exceeded with url: /token (Caused by SSLError(S
  [ERROR] shard 389: HTTPSConnectionPool(host='oauth2.googleapis.com', port=443): Max retries exceeded with url: /token (Caused by SSLError(SSLCertVerificationError(1, '[SSL: CERTIFICATE_VERIFY_FAILED] certificate verify 
    shard 390 retry 3/3 (tileScale 8->16) after 8s: HTTPSConnectionPool(host='oauth2.googleapis.com', port=443): Max retries exceeded with url: /token (Caused by SSLError(S
  [ERROR] shard 390: HTTPSConnectionPool(host='oauth2.googleapis.com', port=443): Max retries exceeded with url: /token (Caused by SSLError(SSLEOFError(8, '[SSL: UNEXPECTED_EOF_WHILE_READING] EOF occurred in violation of 
    shard 392 retry 1/3 (tileScale 2->4) after 2s: HTTPSConnectionPool(host='oauth2.googleapis.com', port=443): Max retries exceeded with url: /token (Caused by SSLError(S
    shard 391 retry 2/3 (tileScale 4->8) after 4s: HTTPSConnectionPool(host='oauth2.googleapis.com', port=443): Max retries exceeded with url: /token (Caused by SSLError(S
    shard 393 retry 1/3 (tileScale 2->4) after 2s: HTTPSConnectionPool(host='oauth2.googleapis.com', port=443): Max retries exceeded with url: /token (Caused by SSLError(S
    shard 392 retry 2/3 (tileScale 4->8) after 4s: HTTPSConnectionPool(host='oauth2.googleapis.com', port=443): Max retries exceeded with url: /token (Caused by SSLError(S
    shard 393 retry 2/3 (tileScale 4->8) after 4s: HTTPSConnectionPool(host='oauth2.googleapis.com', port=443): Max retries exceeded with url: /token (Caused by SSLError(S
    shard 392 retry 3/3 (tileScale 8->16) after 8s: HTTPSConnectionPool(host='oauth2.googleapis.com', port=443): Max retries exceeded with url: /token (Caused by SSLError(S
    shard 391 retry 3/3 (tileScale 8->16) after 8s: HTTPSConnectionPool(host='oauth2.googleapis.com', port=443): Max retries exceeded with url: /token (Caused by SSLError(S
  [ERROR] shard 392: HTTPSConnectionPool(host='oauth2.googleapis.com', port=443): Max retries exceeded with url: /token (Caused by SSLError(SSLCertVerificationError(1, '[SSL: CERTIFICATE_VERIFY_FAILED] certificate verify 
    shard 393 retry 3/3 (tileScale 8->16) after 8s: HTTPSConnectionPool(host='oauth2.googleapis.com', port=443): Max retries exceeded with url: /token (Caused by SSLError(S
    shard 394 retry 1/3 (tileScale 2->4) after 2s: HTTPSConnectionPool(host='oauth2.googleapis.com', port=443): Max retries exceeded with url: /token (Caused by SSLError(S
  [ERROR] shard 391: HTTPSConnectionPool(host='oauth2.googleapis.com', port=443): Max retries exceeded with url: /token (Caused by SSLError(SSLEOFError(8, '[SSL: UNEXPECTED_EOF_WHILE_READING] EOF occurred in violation of 
  [ERROR] shard 393: HTTPSConnectionPool(host='oauth2.googleapis.com', port=443): Max retries exceeded with url: /token (Caused by SSLError(SSLCertVerificationError(1, '[SSL: CERTIFICATE_VERIFY_FAILED] certificate verify 
    shard 395 retry 1/3 (tileScale 2->4) after 2s: HTTPSConnectionPool(host='oauth2.googleapis.com', port=443): Max retries exceeded with url: /token (Caused by SSLError(S
    shard 394 retry 2/3 (tileScale 4->8) after 4s: HTTPSConnectionPool(host='oauth2.googleapis.com', port=443): Max retries exceeded with url: /token (Caused by SSLError(S
    shard 395 retry 2/3 (tileScale 4->8) after 4s: HTTPSConnectionPool(host='oauth2.googleapis.com', port=443): Max retries exceeded with url: /token (Caused by SSLError(S
    shard 396 retry 1/3 (tileScale 2->4) after 2s: HTTPSConnectionPool(host='oauth2.googleapis.com', port=443): Max retries exceeded with url: /token (Caused by SSLError(S
    shard 394 retry 3/3 (tileScale 8->16) after 8s: HTTPSConnectionPool(host='oauth2.googleapis.com', port=443): Max retries exceeded with url: /token (Caused by SSLError(S
    shard 395 retry 3/3 (tileScale 8->16) after 8s: HTTPSConnectionPool(host='oauth2.googleapis.com', port=443): Max retries exceeded with url: /token (Caused by SSLError(S
    shard 396 retry 2/3 (tileScale 4->8) after 4s: HTTPSConnectionPool(host='oauth2.googleapis.com', port=443): Max retries exceeded with url: /token (Caused by SSLError(S
  [ERROR] shard 394: HTTPSConnectionPool(host='oauth2.googleapis.com', port=443): Max retries exceeded with url: /token (Caused by SSLError(SSLCertVerificationError(1, '[SSL: CERTIFICATE_VERIFY_FAILED] certificate verify 
  [ERROR] shard 395: HTTPSConnectionPool(host='oauth2.googleapis.com', port=443): Max retries exceeded with url: /token (Caused by SSLError(SSLCertVerificationError(1, '[SSL: CERTIFICATE_VERIFY_FAILED] certificate verify 
    shard 396 retry 3/3 (tileScale 8->16) after 8s: HTTPSConnectionPool(host='oauth2.googleapis.com', port=443): Max retries exceeded with url: /token (Caused by SSLError(S
    shard 397 retry 1/3 (tileScale 2->4) after 2s: HTTPSConnectionPool(host='oauth2.googleapis.com', port=443): Max retries exceeded with url: /token (Caused by SSLError(S
    shard 398 retry 1/3 (tileScale 2->4) after 2s: HTTPSConnectionPool(host='oauth2.googleapis.com', port=443): Max retries exceeded with url: /token (Caused by SSLError(S
    shard 397 retry 2/3 (tileScale 4->8) after 4s: HTTPSConnectionPool(host='oauth2.googleapis.com', port=443): Max retries exceeded with url: /token (Caused by SSLError(S
  [ERROR] shard 396: HTTPSConnectionPool(host='oauth2.googleapis.com', port=443): Max retries exceeded with url: /token (Caused by SSLError(SSLCertVerificationError(1, '[SSL: CERTIFICATE_VERIFY_FAILED] certificate verify 
    shard 398 retry 2/3 (tileScale 4->8) after 4s: HTTPSConnectionPool(host='oauth2.googleapis.com', port=443): Max retries exceeded with url: /token (Caused by SSLError(S
    shard 398 retry 3/3 (tileScale 8->16) after 8s: HTTPSConnectionPool(host='oauth2.googleapis.com', port=443): Max retries exceeded with url: /token (Caused by SSLError(S
    shard 399 retry 1/3 (tileScale 2->4) after 2s: HTTPSConnectionPool(host='oauth2.googleapis.com', port=443): Max retries exceeded with url: /token (Caused by SSLError(S
    shard 397 retry 3/3 (tileScale 8->16) after 8s: HTTPSConnectionPool(host='oauth2.googleapis.com', port=443): Max retries exceeded with url: /token (Caused by SSLError(S
    shard 399 retry 2/3 (tileScale 4->8) after 4s: HTTPSConnectionPool(host='oauth2.googleapis.com', port=443): Max retries exceeded with url: /token (Caused by SSLError(S
  [ERROR] shard 398: HTTPSConnectionPool(host='oauth2.googleapis.com', port=443): Max retries exceeded with url: /token (Caused by SSLError(SSLCertVerificationError(1, '[SSL: CERTIFICATE_VERIFY_FAILED] certificate verify 
    shard 399 retry 3/3 (tileScale 8->16) after 8s: HTTPSConnectionPool(host='oauth2.googleapis.com', port=443): Max retries exceeded with url: /token (Caused by SSLError(S
  [ERROR] shard 397: HTTPSConnectionPool(host='oauth2.googleapis.com', port=443): Max retries exceeded with url: /token (Caused by SSLError(SSLCertVerificationError(1, '[SSL: CERTIFICATE_VERIFY_FAILED] certificate verify 
    shard 400 retry 1/3 (tileScale 2->4) after 2s: HTTPSConnectionPool(host='oauth2.googleapis.com', port=443): Max retries exceeded with url: /token (Caused by SSLError(S
    shard 401 retry 1/3 (tileScale 2->4) after 2s: HTTPSConnectionPool(host='oauth2.googleapis.com', port=443): Max retries exceeded with url: /token (Caused by SSLError(S
  [ERROR] shard 399: HTTPSConnectionPool(host='oauth2.googleapis.com', port=443): Max retries exceeded with url: /token (Caused by SSLError(SSLCertVerificationError(1, '[SSL: CERTIFICATE_VERIFY_FAILED] certificate verify 
    shard 402 retry 1/3 (tileScale 2->4) after 2s: HTTPSConnectionPool(host='oauth2.googleapis.com', port=443): Max retries exceeded with url: /token (Caused by SSLError(S
    shard 400 retry 2/3 (tileScale 4->8) after 4s: HTTPSConnectionPool(host='oauth2.googleapis.com', port=443): Max retries exceeded with url: /token (Caused by SSLError(S
    shard 401 retry 2/3 (tileScale 4->8) after 4s: HTTPSConnectionPool(host='oauth2.googleapis.com', port=443): Max retries exceeded with url: /token (Caused by SSLError(S
    shard 402 retry 2/3 (tileScale 4->8) after 4s: HTTPSConnectionPool(host='oauth2.googleapis.com', port=443): Max retries exceeded with url: /token (Caused by SSLError(S
    shard 401 retry 3/3 (tileScale 8->16) after 8s: HTTPSConnectionPool(host='oauth2.googleapis.com', port=443): Max retries exceeded with url: /token (Caused by SSLError(S
    shard 400 retry 3/3 (tileScale 8->16) after 8s: HTTPSConnectionPool(host='oauth2.googleapis.com', port=443): Max retries exceeded with url: /token (Caused by SSLError(S
    shard 402 retry 3/3 (tileScale 8->16) after 8s: HTTPSConnectionPool(host='oauth2.googleapis.com', port=443): Max retries exceeded with url: /token (Caused by SSLError(S
  [ERROR] shard 402: HTTPSConnectionPool(host='oauth2.googleapis.com', port=443): Max retries exceeded with url: /token (Caused by SSLError(SSLCertVerificationError(1, '[SSL: CERTIFICATE_VERIFY_FAILED] certificate verify 
  [ERROR] shard 401: HTTPSConnectionPool(host='oauth2.googleapis.com', port=443): Max retries exceeded with url: /token (Caused by SSLError(SSLCertVerificationError(1, '[SSL: CERTIFICATE_VERIFY_FAILED] certificate verify 
  [ERROR] shard 400: HTTPSConnectionPool(host='oauth2.googleapis.com', port=443): Max retries exceeded with url: /token (Caused by SSLError(SSLEOFError(8, '[SSL: UNEXPECTED_EOF_WHILE_READING] EOF occurred in violation of 
    shard 404 retry 1/3 (tileScale 2->4) after 2s: HTTPSConnectionPool(host='oauth2.googleapis.com', port=443): Max retries exceeded with url: /token (Caused by SSLError(S
    shard 404 retry 2/3 (tileScale 4->8) after 4s: HTTPSConnectionPool(host='oauth2.googleapis.com', port=443): Max retries exceeded with url: /token (Caused by SSLError(S
    shard 403 retry 1/3 (tileScale 2->4) after 2s: HTTPSConnectionPool(host='oauth2.googleapis.com', port=443): Max retries exceeded with url: /token (Caused by SSLError(S
    shard 405 retry 1/3 (tileScale 2->4) after 2s: HTTPSConnectionPool(host='oauth2.googleapis.com', port=443): Max retries exceeded with url: /token (Caused by SSLError(S
    shard 403 retry 2/3 (tileScale 4->8) after 4s: HTTPSConnectionPool(host='oauth2.googleapis.com', port=443): Max retries exceeded with url: /token (Caused by SSLError(S
    shard 404 retry 3/3 (tileScale 8->16) after 8s: HTTPSConnectionPool(host='oauth2.googleapis.com', port=443): Max retries exceeded with url: /token (Caused by SSLError(S
    shard 403 retry 3/3 (tileScale 8->16) after 8s: HTTPSConnectionPool(host='oauth2.googleapis.com', port=443): Max retries exceeded with url: /token (Caused by SSLError(S
    shard 405 retry 2/3 (tileScale 4->8) after 4s: HTTPSConnectionPool(host='oauth2.googleapis.com', port=443): Max retries exceeded with url: /token (Caused by SSLError(S
  [ERROR] shard 404: HTTPSConnectionPool(host='oauth2.googleapis.com', port=443): Max retries exceeded with url: /token (Caused by SSLError(SSLCertVerificationError(1, '[SSL: CERTIFICATE_VERIFY_FAILED] certificate verify 
    shard 405 retry 3/3 (tileScale 8->16) after 8s: HTTPSConnectionPool(host='oauth2.googleapis.com', port=443): Max retries exceeded with url: /token (Caused by SSLError(S
  [ERROR] shard 403: HTTPSConnectionPool(host='oauth2.googleapis.com', port=443): Max retries exceeded with url: /token (Caused by SSLError(SSLEOFError(8, '[SSL: UNEXPECTED_EOF_WHILE_READING] EOF occurred in violation of 
    shard 406 retry 1/3 (tileScale 2->4) after 2s: HTTPSConnectionPool(host='oauth2.googleapis.com', port=443): Max retries exceeded with url: /token (Caused by SSLError(S
    shard 407 retry 1/3 (tileScale 2->4) after 2s: HTTPSConnectionPool(host='oauth2.googleapis.com', port=443): Max retries exceeded with url: /token (Caused by SSLError(S
  [ERROR] shard 405: HTTPSConnectionPool(host='oauth2.googleapis.com', port=443): Max retries exceeded with url: /token (Caused by SSLError(SSLCertVerificationError(1, '[SSL: CERTIFICATE_VERIFY_FAILED] certificate verify 
    shard 406 retry 2/3 (tileScale 4->8) after 4s: HTTPSConnectionPool(host='oauth2.googleapis.com', port=443): Max retries exceeded with url: /token (Caused by SSLError(S
    shard 408 retry 1/3 (tileScale 2->4) after 2s: HTTPSConnectionPool(host='oauth2.googleapis.com', port=443): Max retries exceeded with url: /token (Caused by SSLError(S
    shard 406 retry 3/3 (tileScale 8->16) after 8s: HTTPSConnectionPool(host='oauth2.googleapis.com', port=443): Max retries exceeded with url: /token (Caused by SSLError(S
    shard 407 retry 2/3 (tileScale 4->8) after 4s: HTTPSConnectionPool(host='oauth2.googleapis.com', port=443): Max retries exceeded with url: /token (Caused by SSLError(S
    shard 408 retry 2/3 (tileScale 4->8) after 4s: HTTPSConnectionPool(host='oauth2.googleapis.com', port=443): Max retries exceeded with url: /token (Caused by SSLError(S
  [ERROR] shard 406: HTTPSConnectionPool(host='oauth2.googleapis.com', port=443): Max retries exceeded with url: /token (Caused by SSLError(SSLCertVerificationError(1, '[SSL: CERTIFICATE_VERIFY_FAILED] certificate verify 
    shard 408 retry 3/3 (tileScale 8->16) after 8s: HTTPSConnectionPool(host='oauth2.googleapis.com', port=443): Max retries exceeded with url: /token (Caused by SSLError(S
    shard 409 retry 1/3 (tileScale 2->4) after 2s: HTTPSConnectionPool(host='oauth2.googleapis.com', port=443): Max retries exceeded with url: /token (Caused by SSLError(S
    shard 407 retry 3/3 (tileScale 8->16) after 8s: HTTPSConnectionPool(host='oauth2.googleapis.com', port=443): Max retries exceeded with url: /token (Caused by SSLError(S
  [ERROR] shard 407: HTTPSConnectionPool(host='oauth2.googleapis.com', port=443): Max retries exceeded with url: /token (Caused by SSLError(SSLCertVerificationError(1, '[SSL: CERTIFICATE_VERIFY_FAILED] certificate verify 
    shard 409 retry 2/3 (tileScale 4->8) after 4s: HTTPSConnectionPool(host='oauth2.googleapis.com', port=443): Max retries exceeded with url: /token (Caused by SSLError(S
  [ERROR] shard 408: HTTPSConnectionPool(host='oauth2.googleapis.com', port=443): Max retries exceeded with url: /token (Caused by SSLError(SSLCertVerificationError(1, '[SSL: CERTIFICATE_VERIFY_FAILED] certificate verify 
    shard 410 retry 1/3 (tileScale 2->4) after 2s: HTTPSConnectionPool(host='oauth2.googleapis.com', port=443): Max retries exceeded with url: /token (Caused by SSLError(S
    shard 411 retry 1/3 (tileScale 2->4) after 2s: HTTPSConnectionPool(host='oauth2.googleapis.com', port=443): Max retries exceeded with url: /token (Caused by SSLError(S
    shard 409 retry 3/3 (tileScale 8->16) after 8s: HTTPSConnectionPool(host='oauth2.googleapis.com', port=443): Max retries exceeded with url: /token (Caused by SSLError(S
    shard 410 retry 2/3 (tileScale 4->8) after 4s: HTTPSConnectionPool(host='oauth2.googleapis.com', port=443): Max retries exceeded with url: /token (Caused by SSLError(S
    shard 411 retry 2/3 (tileScale 4->8) after 4s: HTTPSConnectionPool(host='oauth2.googleapis.com', port=443): Max retries exceeded with url: /token (Caused by SSLError(S
    shard 410 retry 3/3 (tileScale 8->16) after 8s: HTTPSConnectionPool(host='oauth2.googleapis.com', port=443): Max retries exceeded with url: /token (Caused by SSLError(S
    shard 411 retry 3/3 (tileScale 8->16) after 8s: HTTPSConnectionPool(host='oauth2.googleapis.com', port=443): Max retries exceeded with url: /token (Caused by SSLError(S
  [ERROR] shard 409: HTTPSConnectionPool(host='oauth2.googleapis.com', port=443): Max retries exceeded with url: /token (Caused by SSLError(SSLCertVerificationError(1, '[SSL: CERTIFICATE_VERIFY_FAILED] certificate verify 
    shard 412 retry 1/3 (tileScale 2->4) after 2s: HTTPSConnectionPool(host='oauth2.googleapis.com', port=443): Max retries exceeded with url: /token (Caused by SSLError(S
  [ERROR] shard 410: HTTPSConnectionPool(host='oauth2.googleapis.com', port=443): Max retries exceeded with url: /token (Caused by SSLError(SSLCertVerificationError(1, '[SSL: CERTIFICATE_VERIFY_FAILED] certificate verify 
  [ERROR] shard 411: HTTPSConnectionPool(host='oauth2.googleapis.com', port=443): Max retries exceeded with url: /token (Caused by SSLError(SSLCertVerificationError(1, '[SSL: CERTIFICATE_VERIFY_FAILED] certificate verify 
    shard 412 retry 2/3 (tileScale 4->8) after 4s: HTTPSConnectionPool(host='oauth2.googleapis.com', port=443): Max retries exceeded with url: /token (Caused by SSLError(S
    shard 413 retry 1/3 (tileScale 2->4) after 2s: HTTPSConnectionPool(host='oauth2.googleapis.com', port=443): Max retries exceeded with url: /token (Caused by SSLError(S
    shard 414 retry 1/3 (tileScale 2->4) after 2s: HTTPSConnectionPool(host='oauth2.googleapis.com', port=443): Max retries exceeded with url: /token (Caused by SSLError(S
    shard 412 retry 3/3 (tileScale 8->16) after 8s: HTTPSConnectionPool(host='oauth2.googleapis.com', port=443): Max retries exceeded with url: /token (Caused by SSLError(S
  [ERROR] shard 412: HTTPSConnectionPool(host='oauth2.googleapis.com', port=443): Max retries exceeded with url: /token (Caused by SSLError(SSLCertVerificationError(1, '[SSL: CERTIFICATE_VERIFY_FAILED] certificate verify 
    shard 414 retry 2/3 (tileScale 4->8) after 4s: HTTPSConnectionPool(host='oauth2.googleapis.com', port=443): Max retries exceeded with url: /token (Caused by SSLError(S
    shard 413 retry 2/3 (tileScale 4->8) after 4s: HTTPSConnectionPool(host='oauth2.googleapis.com', port=443): Max retries exceeded with url: /token (Caused by SSLError(S
    shard 415 retry 1/3 (tileScale 2->4) after 2s: HTTPSConnectionPool(host='oauth2.googleapis.com', port=443): Max retries exceeded with url: /token (Caused by SSLError(S
    shard 414 retry 3/3 (tileScale 8->16) after 8s: HTTPSConnectionPool(host='oauth2.googleapis.com', port=443): Max retries exceeded with url: /token (Caused by SSLError(S
    shard 413 retry 3/3 (tileScale 8->16) after 8s: HTTPSConnectionPool(host='oauth2.googleapis.com', port=443): Max retries exceeded with url: /token (Caused by SSLError(S
    shard 415 retry 2/3 (tileScale 4->8) after 4s: HTTPSConnectionPool(host='oauth2.googleapis.com', port=443): Max retries exceeded with url: /token (Caused by SSLError(S
  [ERROR] shard 414: HTTPSConnectionPool(host='oauth2.googleapis.com', port=443): Max retries exceeded with url: /token (Caused by SSLError(SSLCertVerificationError(1, '[SSL: CERTIFICATE_VERIFY_FAILED] certificate verify 
    shard 416 retry 1/3 (tileScale 2->4) after 2s: HTTPSConnectionPool(host='oauth2.googleapis.com', port=443): Max retries exceeded with url: /token (Caused by SSLError(S
    shard 415 retry 3/3 (tileScale 8->16) after 8s: HTTPSConnectionPool(host='oauth2.googleapis.com', port=443): Max retries exceeded with url: /token (Caused by SSLError(S
  [ERROR] shard 413: HTTPSConnectionPool(host='oauth2.googleapis.com', port=443): Max retries exceeded with url: /token (Caused by SSLError(SSLCertVerificationError(1, '[SSL: CERTIFICATE_VERIFY_FAILED] certificate verify 
    shard 416 retry 2/3 (tileScale 4->8) after 4s: HTTPSConnectionPool(host='oauth2.googleapis.com', port=443): Max retries exceeded with url: /token (Caused by SSLError(S
    shard 417 retry 1/3 (tileScale 2->4) after 2s: HTTPSConnectionPool(host='oauth2.googleapis.com', port=443): Max retries exceeded with url: /token (Caused by SSLError(S
    shard 416 retry 3/3 (tileScale 8->16) after 8s: HTTPSConnectionPool(host='oauth2.googleapis.com', port=443): Max retries exceeded with url: /token (Caused by SSLError(S
  [ERROR] shard 415: HTTPSConnectionPool(host='oauth2.googleapis.com', port=443): Max retries exceeded with url: /token (Caused by SSLError(SSLEOFError(8, '[SSL: UNEXPECTED_EOF_WHILE_READING] EOF occurred in violation of 
    shard 417 retry 2/3 (tileScale 4->8) after 4s: HTTPSConnectionPool(host='oauth2.googleapis.com', port=443): Max retries exceeded with url: /token (Caused by SSLError(S
  [ERROR] shard 416: HTTPSConnectionPool(host='oauth2.googleapis.com', port=443): Max retries exceeded with url: /token (Caused by SSLError(SSLCertVerificationError(1, '[SSL: CERTIFICATE_VERIFY_FAILED] certificate verify 
    shard 418 retry 1/3 (tileScale 2->4) after 2s: HTTPSConnectionPool(host='oauth2.googleapis.com', port=443): Max retries exceeded with url: /token (Caused by SSLError(S
    shard 417 retry 3/3 (tileScale 8->16) after 8s: HTTPSConnectionPool(host='oauth2.googleapis.com', port=443): Max retries exceeded with url: /token (Caused by SSLError(S
    shard 419 retry 1/3 (tileScale 2->4) after 2s: HTTPSConnectionPool(host='oauth2.googleapis.com', port=443): Max retries exceeded with url: /token (Caused by SSLError(S
    shard 418 retry 2/3 (tileScale 4->8) after 4s: HTTPSConnectionPool(host='oauth2.googleapis.com', port=443): Max retries exceeded with url: /token (Caused by SSLError(S
  [ERROR] shard 417: HTTPSConnectionPool(host='oauth2.googleapis.com', port=443): Max retries exceeded with url: /token (Caused by SSLError(SSLCertVerificationError(1, '[SSL: CERTIFICATE_VERIFY_FAILED] certificate verify 
    shard 419 retry 2/3 (tileScale 4->8) after 4s: HTTPSConnectionPool(host='oauth2.googleapis.com', port=443): Max retries exceeded with url: /token (Caused by SSLError(S
    shard 419 retry 3/3 (tileScale 8->16) after 8s: HTTPSConnectionPool(host='oauth2.googleapis.com', port=443): Max retries exceeded with url: /token (Caused by SSLError(S
    shard 420 retry 1/3 (tileScale 2->4) after 2s: HTTPSConnectionPool(host='oauth2.googleapis.com', port=443): Max retries exceeded with url: /token (Caused by SSLError(S
    shard 418 retry 3/3 (tileScale 8->16) after 8s: HTTPSConnectionPool(host='oauth2.googleapis.com', port=443): Max retries exceeded with url: /token (Caused by SSLError(S
    shard 420 retry 2/3 (tileScale 4->8) after 4s: HTTPSConnectionPool(host='oauth2.googleapis.com', port=443): Max retries exceeded with url: /token (Caused by SSLError(S
  [ERROR] shard 419: HTTPSConnectionPool(host='oauth2.googleapis.com', port=443): Max retries exceeded with url: /token (Caused by SSLError(SSLEOFError(8, '[SSL: UNEXPECTED_EOF_WHILE_READING] EOF occurred in violation of 
    shard 421 retry 1/3 (tileScale 2->4) after 2s: HTTPSConnectionPool(host='oauth2.googleapis.com', port=443): Max retries exceeded with url: /token (Caused by SSLError(S
  [ERROR] shard 418: HTTPSConnectionPool(host='oauth2.googleapis.com', port=443): Max retries exceeded with url: /token (Caused by SSLError(SSLCertVerificationError(1, '[SSL: CERTIFICATE_VERIFY_FAILED] certificate verify 
    shard 420 retry 3/3 (tileScale 8->16) after 8s: HTTPSConnectionPool(host='oauth2.googleapis.com', port=443): Max retries exceeded with url: /token (Caused by SSLError(S
    shard 422 retry 1/3 (tileScale 2->4) after 2s: HTTPSConnectionPool(host='oauth2.googleapis.com', port=443): Max retries exceeded with url: /token (Caused by SSLError(S
  [ERROR] shard 420: HTTPSConnectionPool(host='oauth2.googleapis.com', port=443): Max retries exceeded with url: /token (Caused by SSLError(SSLCertVerificationError(1, '[SSL: CERTIFICATE_VERIFY_FAILED] certificate verify 
    shard 421 retry 2/3 (tileScale 4->8) after 4s: HTTPSConnectionPool(host='oauth2.googleapis.com', port=443): Max retries exceeded with url: /token (Caused by SSLError(S
    shard 423 retry 1/3 (tileScale 2->4) after 2s: HTTPSConnectionPool(host='oauth2.googleapis.com', port=443): Max retries exceeded with url: /token (Caused by SSLError(S
    shard 422 retry 2/3 (tileScale 4->8) after 4s: HTTPSConnectionPool(host='oauth2.googleapis.com', port=443): Max retries exceeded with url: /token (Caused by SSLError(S
    shard 423 retry 2/3 (tileScale 4->8) after 4s: HTTPSConnectionPool(host='oauth2.googleapis.com', port=443): Max retries exceeded with url: /token (Caused by SSLError(S
    shard 421 retry 3/3 (tileScale 8->16) after 8s: HTTPSConnectionPool(host='oauth2.googleapis.com', port=443): Max retries exceeded with url: /token (Caused by SSLError(S
    shard 422 retry 3/3 (tileScale 8->16) after 8s: HTTPSConnectionPool(host='oauth2.googleapis.com', port=443): Max retries exceeded with url: /token (Caused by SSLError(S
    shard 423 retry 3/3 (tileScale 8->16) after 8s: HTTPSConnectionPool(host='oauth2.googleapis.com', port=443): Max retries exceeded with url: /token (Caused by SSLError(S
  [ERROR] shard 421: HTTPSConnectionPool(host='oauth2.googleapis.com', port=443): Max retries exceeded with url: /token (Caused by SSLError(SSLEOFError(8, '[SSL: UNEXPECTED_EOF_WHILE_READING] EOF occurred in violation of 
  [ERROR] shard 422: HTTPSConnectionPool(host='oauth2.googleapis.com', port=443): Max retries exceeded with url: /token (Caused by SSLError(SSLCertVerificationError(1, '[SSL: CERTIFICATE_VERIFY_FAILED] certificate verify 
  [ERROR] shard 423: HTTPSConnectionPool(host='oauth2.googleapis.com', port=443): Max retries exceeded with url: /token (Caused by SSLError(SSLCertVerificationError(1, '[SSL: CERTIFICATE_VERIFY_FAILED] certificate verify 
    shard 424 retry 1/3 (tileScale 2->4) after 2s: HTTPSConnectionPool(host='oauth2.googleapis.com', port=443): Max retries exceeded with url: /token (Caused by SSLError(S
    shard 425 retry 1/3 (tileScale 2->4) after 2s: HTTPSConnectionPool(host='oauth2.googleapis.com', port=443): Max retries exceeded with url: /token (Caused by SSLError(S
    shard 426 retry 1/3 (tileScale 2->4) after 2s: HTTPSConnectionPool(host='oauth2.googleapis.com', port=443): Max retries exceeded with url: /token (Caused by SSLError(S
    shard 425 retry 2/3 (tileScale 4->8) after 4s: HTTPSConnectionPool(host='oauth2.googleapis.com', port=443): Max retries exceeded with url: /token (Caused by SSLError(S
    shard 424 retry 2/3 (tileScale 4->8) after 4s: HTTPSConnectionPool(host='oauth2.googleapis.com', port=443): Max retries exceeded with url: /token (Caused by SSLError(S
    shard 426 retry 2/3 (tileScale 4->8) after 4s: HTTPSConnectionPool(host='oauth2.googleapis.com', port=443): Max retries exceeded with url: /token (Caused by SSLError(S
    shard 425 retry 3/3 (tileScale 8->16) after 8s: HTTPSConnectionPool(host='oauth2.googleapis.com', port=443): Max retries exceeded with url: /token (Caused by SSLError(S
    shard 424 retry 3/3 (tileScale 8->16) after 8s: HTTPSConnectionPool(host='oauth2.googleapis.com', port=443): Max retries exceeded with url: /token (Caused by SSLError(S
  [ERROR] shard 425: HTTPSConnectionPool(host='oauth2.googleapis.com', port=443): Max retries exceeded with url: /token (Caused by SSLError(SSLCertVerificationError(1, '[SSL: CERTIFICATE_VERIFY_FAILED] certificate verify 
    shard 426 retry 3/3 (tileScale 8->16) after 8s: HTTPSConnectionPool(host='oauth2.googleapis.com', port=443): Max retries exceeded with url: /token (Caused by SSLError(S
    shard 427 retry 1/3 (tileScale 2->4) after 2s: HTTPSConnectionPool(host='oauth2.googleapis.com', port=443): Max retries exceeded with url: /token (Caused by SSLError(S
  [ERROR] shard 424: HTTPSConnectionPool(host='oauth2.googleapis.com', port=443): Max retries exceeded with url: /token (Caused by SSLError(SSLCertVerificationError(1, '[SSL: CERTIFICATE_VERIFY_FAILED] certificate verify 
  [ERROR] shard 426: HTTPSConnectionPool(host='oauth2.googleapis.com', port=443): Max retries exceeded with url: /token (Caused by SSLError(SSLEOFError(8, '[SSL: UNEXPECTED_EOF_WHILE_READING] EOF occurred in violation of 
    shard 428 retry 1/3 (tileScale 2->4) after 2s: HTTPSConnectionPool(host='oauth2.googleapis.com', port=443): Max retries exceeded with url: /token (Caused by SSLError(S
    shard 427 retry 2/3 (tileScale 4->8) after 4s: HTTPSConnectionPool(host='oauth2.googleapis.com', port=443): Max retries exceeded with url: /token (Caused by SSLError(S
    shard 429 retry 1/3 (tileScale 2->4) after 2s: HTTPSConnectionPool(host='oauth2.googleapis.com', port=443): Max retries exceeded with url: /token (Caused by SSLError(S
    shard 427 retry 3/3 (tileScale 8->16) after 8s: HTTPSConnectionPool(host='oauth2.googleapis.com', port=443): Max retries exceeded with url: /token (Caused by SSLError(S
    shard 428 retry 2/3 (tileScale 4->8) after 4s: HTTPSConnectionPool(host='oauth2.googleapis.com', port=443): Max retries exceeded with url: /token (Caused by SSLError(S
    shard 428 retry 3/3 (tileScale 8->16) after 8s: HTTPSConnectionPool(host='oauth2.googleapis.com', port=443): Max retries exceeded with url: /token (Caused by SSLError(S
  [ERROR] shard 427: HTTPSConnectionPool(host='oauth2.googleapis.com', port=443): Max retries exceeded with url: /token (Caused by SSLError(SSLCertVerificationError(1, '[SSL: CERTIFICATE_VERIFY_FAILED] certificate verify 
    shard 429 retry 2/3 (tileScale 4->8) after 4s: HTTPSConnectionPool(host='oauth2.googleapis.com', port=443): Max retries exceeded with url: /token (Caused by SSLError(S
  [ERROR] shard 428: HTTPSConnectionPool(host='oauth2.googleapis.com', port=443): Max retries exceeded with url: /token (Caused by SSLError(SSLCertVerificationError(1, '[SSL: CERTIFICATE_VERIFY_FAILED] certificate verify 
    shard 431 retry 1/3 (tileScale 2->4) after 2s: HTTPSConnectionPool(host='oauth2.googleapis.com', port=443): Max retries exceeded with url: /token (Caused by SSLError(S
    shard 430 retry 1/3 (tileScale 2->4) after 2s: HTTPSConnectionPool(host='oauth2.googleapis.com', port=443): Max retries exceeded with url: /token (Caused by SSLError(S
    shard 429 retry 3/3 (tileScale 8->16) after 8s: HTTPSConnectionPool(host='oauth2.googleapis.com', port=443): Max retries exceeded with url: /token (Caused by SSLError(S
    shard 431 retry 2/3 (tileScale 4->8) after 4s: HTTPSConnectionPool(host='oauth2.googleapis.com', port=443): Max retries exceeded with url: /token (Caused by SSLError(S
    shard 430 retry 2/3 (tileScale 4->8) after 4s: HTTPSConnectionPool(host='oauth2.googleapis.com', port=443): Max retries exceeded with url: /token (Caused by SSLError(S
  [ERROR] shard 429: HTTPSConnectionPool(host='oauth2.googleapis.com', port=443): Max retries exceeded with url: /token (Caused by SSLError(SSLCertVerificationError(1, '[SSL: CERTIFICATE_VERIFY_FAILED] certificate verify 
    shard 431 retry 3/3 (tileScale 8->16) after 8s: HTTPSConnectionPool(host='oauth2.googleapis.com', port=443): Max retries exceeded with url: /token (Caused by SSLError(S
    shard 430 retry 3/3 (tileScale 8->16) after 8s: HTTPSConnectionPool(host='oauth2.googleapis.com', port=443): Max retries exceeded with url: /token (Caused by SSLError(S
    shard 432 retry 1/3 (tileScale 2->4) after 2s: HTTPSConnectionPool(host='oauth2.googleapis.com', port=443): Max retries exceeded with url: /token (Caused by SSLError(S
  [ERROR] shard 431: HTTPSConnectionPool(host='oauth2.googleapis.com', port=443): Max retries exceeded with url: /token (Caused by SSLError(SSLCertVerificationError(1, '[SSL: CERTIFICATE_VERIFY_FAILED] certificate verify 
    shard 432 retry 2/3 (tileScale 4->8) after 4s: HTTPSConnectionPool(host='oauth2.googleapis.com', port=443): Max retries exceeded with url: /token (Caused by SSLError(S
  [ERROR] shard 430: HTTPSConnectionPool(host='oauth2.googleapis.com', port=443): Max retries exceeded with url: /token (Caused by SSLError(SSLCertVerificationError(1, '[SSL: CERTIFICATE_VERIFY_FAILED] certificate verify 
    shard 433 retry 1/3 (tileScale 2->4) after 2s: HTTPSConnectionPool(host='oauth2.googleapis.com', port=443): Max retries exceeded with url: /token (Caused by SSLError(S
    shard 434 retry 1/3 (tileScale 2->4) after 2s: HTTPSConnectionPool(host='oauth2.googleapis.com', port=443): Max retries exceeded with url: /token (Caused by SSLError(S
    shard 432 retry 3/3 (tileScale 8->16) after 8s: HTTPSConnectionPool(host='oauth2.googleapis.com', port=443): Max retries exceeded with url: /token (Caused by SSLError(S
    shard 433 retry 2/3 (tileScale 4->8) after 4s: HTTPSConnectionPool(host='oauth2.googleapis.com', port=443): Max retries exceeded with url: /token (Caused by SSLError(S
    shard 434 retry 2/3 (tileScale 4->8) after 4s: HTTPSConnectionPool(host='oauth2.googleapis.com', port=443): Max retries exceeded with url: /token (Caused by SSLError(S
  [ERROR] shard 432: HTTPSConnectionPool(host='oauth2.googleapis.com', port=443): Max retries exceeded with url: /token (Caused by SSLError(SSLCertVerificationError(1, '[SSL: CERTIFICATE_VERIFY_FAILED] certificate verify 
    shard 433 retry 3/3 (tileScale 8->16) after 8s: HTTPSConnectionPool(host='oauth2.googleapis.com', port=443): Max retries exceeded with url: /token (Caused by SSLError(S
    shard 435 retry 1/3 (tileScale 2->4) after 2s: HTTPSConnectionPool(host='oauth2.googleapis.com', port=443): Max retries exceeded with url: /token (Caused by SSLError(S
    shard 434 retry 3/3 (tileScale 8->16) after 8s: HTTPSConnectionPool(host='oauth2.googleapis.com', port=443): Max retries exceeded with url: /token (Caused by SSLError(S
  [ERROR] shard 433: HTTPSConnectionPool(host='oauth2.googleapis.com', port=443): Max retries exceeded with url: /token (Caused by SSLError(SSLCertVerificationError(1, '[SSL: CERTIFICATE_VERIFY_FAILED] certificate verify 
    shard 436 retry 1/3 (tileScale 2->4) after 2s: HTTPSConnectionPool(host='oauth2.googleapis.com', port=443): Max retries exceeded with url: /token (Caused by SSLError(S
    shard 435 retry 2/3 (tileScale 4->8) after 4s: HTTPSConnectionPool(host='oauth2.googleapis.com', port=443): Max retries exceeded with url: /token (Caused by SSLError(S
  [ERROR] shard 434: HTTPSConnectionPool(host='oauth2.googleapis.com', port=443): Max retries exceeded with url: /token (Caused by SSLError(SSLCertVerificationError(1, '[SSL: CERTIFICATE_VERIFY_FAILED] certificate verify 
    shard 436 retry 2/3 (tileScale 4->8) after 4s: HTTPSConnectionPool(host='oauth2.googleapis.com', port=443): Max retries exceeded with url: /token (Caused by SSLError(S
    shard 437 retry 1/3 (tileScale 2->4) after 2s: HTTPSConnectionPool(host='oauth2.googleapis.com', port=443): Max retries exceeded with url: /token (Caused by SSLError(S
    shard 435 retry 3/3 (tileScale 8->16) after 8s: HTTPSConnectionPool(host='oauth2.googleapis.com', port=443): Max retries exceeded with url: /token (Caused by SSLError(S
    shard 436 retry 3/3 (tileScale 8->16) after 8s: HTTPSConnectionPool(host='oauth2.googleapis.com', port=443): Max retries exceeded with url: /token (Caused by SSLError(S
    shard 437 retry 2/3 (tileScale 4->8) after 4s: HTTPSConnectionPool(host='oauth2.googleapis.com', port=443): Max retries exceeded with url: /token (Caused by SSLError(S
  [ERROR] shard 436: HTTPSConnectionPool(host='oauth2.googleapis.com', port=443): Max retries exceeded with url: /token (Caused by SSLError(SSLEOFError(8, '[SSL: UNEXPECTED_EOF_WHILE_READING] EOF occurred in violation of 
  [ERROR] shard 435: HTTPSConnectionPool(host='oauth2.googleapis.com', port=443): Max retries exceeded with url: /token (Caused by SSLError(SSLEOFError(8, '[SSL: UNEXPECTED_EOF_WHILE_READING] EOF occurred in violation of 
    shard 438 retry 1/3 (tileScale 2->4) after 2s: HTTPSConnectionPool(host='oauth2.googleapis.com', port=443): Max retries exceeded with url: /token (Caused by SSLError(S
    shard 437 retry 3/3 (tileScale 8->16) after 8s: HTTPSConnectionPool(host='oauth2.googleapis.com', port=443): Max retries exceeded with url: /token (Caused by SSLError(S
    shard 439 retry 1/3 (tileScale 2->4) after 2s: HTTPSConnectionPool(host='oauth2.googleapis.com', port=443): Max retries exceeded with url: /token (Caused by SSLError(S
    shard 438 retry 2/3 (tileScale 4->8) after 4s: HTTPSConnectionPool(host='oauth2.googleapis.com', port=443): Max retries exceeded with url: /token (Caused by SSLError(S
    shard 438 retry 3/3 (tileScale 8->16) after 8s: HTTPSConnectionPool(host='oauth2.googleapis.com', port=443): Max retries exceeded with url: /token (Caused by SSLError(S
  [ERROR] shard 437: HTTPSConnectionPool(host='oauth2.googleapis.com', port=443): Max retries exceeded with url: /token (Caused by SSLError(SSLCertVerificationError(1, '[SSL: CERTIFICATE_VERIFY_FAILED] certificate verify 
    shard 439 retry 2/3 (tileScale 4->8) after 4s: HTTPSConnectionPool(host='oauth2.googleapis.com', port=443): Max retries exceeded with url: /token (Caused by SSLError(S
    shard 440 retry 1/3 (tileScale 2->4) after 2s: HTTPSConnectionPool(host='oauth2.googleapis.com', port=443): Max retries exceeded with url: /token (Caused by SSLError(S
  [ERROR] shard 438: HTTPSConnectionPool(host='oauth2.googleapis.com', port=443): Max retries exceeded with url: /token (Caused by SSLError(SSLEOFError(8, '[SSL: UNEXPECTED_EOF_WHILE_READING] EOF occurred in violation of 
    shard 440 retry 2/3 (tileScale 4->8) after 4s: HTTPSConnectionPool(host='oauth2.googleapis.com', port=443): Max retries exceeded with url: /token (Caused by SSLError(S
    shard 439 retry 3/3 (tileScale 8->16) after 8s: HTTPSConnectionPool(host='oauth2.googleapis.com', port=443): Max retries exceeded with url: /token (Caused by SSLError(S
    shard 440 retry 3/3 (tileScale 8->16) after 8s: HTTPSConnectionPool(host='oauth2.googleapis.com', port=443): Max retries exceeded with url: /token (Caused by SSLError(S
    shard 441 retry 1/3 (tileScale 2->4) after 2s: HTTPSConnectionPool(host='oauth2.googleapis.com', port=443): Max retries exceeded with url: /token (Caused by SSLError(S
  [ERROR] shard 439: HTTPSConnectionPool(host='oauth2.googleapis.com', port=443): Max retries exceeded with url: /token (Caused by SSLError(SSLCertVerificationError(1, '[SSL: CERTIFICATE_VERIFY_FAILED] certificate verify 
    shard 441 retry 2/3 (tileScale 4->8) after 4s: HTTPSConnectionPool(host='oauth2.googleapis.com', port=443): Max retries exceeded with url: /token (Caused by SSLError(S
  [ERROR] shard 440: HTTPSConnectionPool(host='oauth2.googleapis.com', port=443): Max retries exceeded with url: /token (Caused by SSLError(SSLEOFError(8, '[SSL: UNEXPECTED_EOF_WHILE_READING] EOF occurred in violation of 
    shard 442 retry 1/3 (tileScale 2->4) after 2s: HTTPSConnectionPool(host='oauth2.googleapis.com', port=443): Max retries exceeded with url: /token (Caused by SSLError(S
    shard 441 retry 3/3 (tileScale 8->16) after 8s: HTTPSConnectionPool(host='oauth2.googleapis.com', port=443): Max retries exceeded with url: /token (Caused by SSLError(S
    shard 443 retry 1/3 (tileScale 2->4) after 2s: HTTPSConnectionPool(host='oauth2.googleapis.com', port=443): Max retries exceeded with url: /token (Caused by SSLError(S
  [ERROR] shard 441: HTTPSConnectionPool(host='oauth2.googleapis.com', port=443): Max retries exceeded with url: /token (Caused by SSLError(SSLCertVerificationError(1, '[SSL: CERTIFICATE_VERIFY_FAILED] certificate verify 
    shard 442 retry 2/3 (tileScale 4->8) after 4s: HTTPSConnectionPool(host='oauth2.googleapis.com', port=443): Max retries exceeded with url: /token (Caused by SSLError(S
    shard 442 retry 3/3 (tileScale 8->16) after 8s: HTTPSConnectionPool(host='oauth2.googleapis.com', port=443): Max retries exceeded with url: /token (Caused by SSLError(S
    shard 443 retry 2/3 (tileScale 4->8) after 4s: HTTPSConnectionPool(host='oauth2.googleapis.com', port=443): Max retries exceeded with url: /token (Caused by SSLError(S
    shard 444 retry 1/3 (tileScale 2->4) after 2s: HTTPSConnectionPool(host='oauth2.googleapis.com', port=443): Max retries exceeded with url: /token (Caused by SSLError(S
    shard 444 retry 2/3 (tileScale 4->8) after 4s: HTTPSConnectionPool(host='oauth2.googleapis.com', port=443): Max retries exceeded with url: /token (Caused by SSLError(S
    shard 443 retry 3/3 (tileScale 8->16) after 8s: HTTPSConnectionPool(host='oauth2.googleapis.com', port=443): Max retries exceeded with url: /token (Caused by SSLError(S
  [ERROR] shard 442: HTTPSConnectionPool(host='oauth2.googleapis.com', port=443): Max retries exceeded with url: /token (Caused by SSLError(SSLCertVerificationError(1, '[SSL: CERTIFICATE_VERIFY_FAILED] certificate verify 
    shard 444 retry 3/3 (tileScale 8->16) after 8s: HTTPSConnectionPool(host='oauth2.googleapis.com', port=443): Max retries exceeded with url: /token (Caused by SSLError(S
  [ERROR] shard 443: HTTPSConnectionPool(host='oauth2.googleapis.com', port=443): Max retries exceeded with url: /token (Caused by SSLError(SSLCertVerificationError(1, '[SSL: CERTIFICATE_VERIFY_FAILED] certificate verify 
    shard 445 retry 1/3 (tileScale 2->4) after 2s: HTTPSConnectionPool(host='oauth2.googleapis.com', port=443): Max retries exceeded with url: /token (Caused by SSLError(S
    shard 446 retry 1/3 (tileScale 2->4) after 2s: HTTPSConnectionPool(host='oauth2.googleapis.com', port=443): Max retries exceeded with url: /token (Caused by SSLError(S
  [ERROR] shard 444: HTTPSConnectionPool(host='oauth2.googleapis.com', port=443): Max retries exceeded with url: /token (Caused by SSLError(SSLCertVerificationError(1, '[SSL: CERTIFICATE_VERIFY_FAILED] certificate verify 
    shard 445 retry 2/3 (tileScale 4->8) after 4s: HTTPSConnectionPool(host='oauth2.googleapis.com', port=443): Max retries exceeded with url: /token (Caused by SSLError(S
    shard 446 retry 2/3 (tileScale 4->8) after 4s: HTTPSConnectionPool(host='oauth2.googleapis.com', port=443): Max retries exceeded with url: /token (Caused by SSLError(S
    shard 445 retry 3/3 (tileScale 8->16) after 8s: HTTPSConnectionPool(host='oauth2.googleapis.com', port=443): Max retries exceeded with url: /token (Caused by SSLError(S
    shard 447 retry 1/3 (tileScale 2->4) after 2s: HTTPSConnectionPool(host='oauth2.googleapis.com', port=443): Max retries exceeded with url: /token (Caused by SSLError(S
    shard 447 retry 2/3 (tileScale 4->8) after 4s: HTTPSConnectionPool(host='oauth2.googleapis.com', port=443): Max retries exceeded with url: /token (Caused by SSLError(S
    shard 446 retry 3/3 (tileScale 8->16) after 8s: HTTPSConnectionPool(host='oauth2.googleapis.com', port=443): Max retries exceeded with url: /token (Caused by SSLError(S
  [ERROR] shard 445: HTTPSConnectionPool(host='oauth2.googleapis.com', port=443): Max retries exceeded with url: /token (Caused by SSLError(SSLCertVerificationError(1, '[SSL: CERTIFICATE_VERIFY_FAILED] certificate verify 
  [ERROR] shard 446: HTTPSConnectionPool(host='oauth2.googleapis.com', port=443): Max retries exceeded with url: /token (Caused by SSLError(SSLEOFError(8, '[SSL: UNEXPECTED_EOF_WHILE_READING] EOF occurred in violation of 
    shard 447 retry 3/3 (tileScale 8->16) after 8s: HTTPSConnectionPool(host='oauth2.googleapis.com', port=443): Max retries exceeded with url: /token (Caused by SSLError(S
    shard 448 retry 1/3 (tileScale 2->4) after 2s: HTTPSConnectionPool(host='oauth2.googleapis.com', port=443): Max retries exceeded with url: /token (Caused by SSLError(S
    shard 449 retry 1/3 (tileScale 2->4) after 2s: HTTPSConnectionPool(host='oauth2.googleapis.com', port=443): Max retries exceeded with url: /token (Caused by SSLError(S
  [ERROR] shard 447: HTTPSConnectionPool(host='oauth2.googleapis.com', port=443): Max retries exceeded with url: /token (Caused by SSLError(SSLCertVerificationError(1, '[SSL: CERTIFICATE_VERIFY_FAILED] certificate verify 
    shard 448 retry 2/3 (tileScale 4->8) after 4s: HTTPSConnectionPool(host='oauth2.googleapis.com', port=443): Max retries exceeded with url: /token (Caused by SSLError(S
    shard 448 retry 3/3 (tileScale 8->16) after 8s: HTTPSConnectionPool(host='oauth2.googleapis.com', port=443): Max retries exceeded with url: /token (Caused by SSLError(S
    shard 449 retry 2/3 (tileScale 4->8) after 4s: HTTPSConnectionPool(host='oauth2.googleapis.com', port=443): Max retries exceeded with url: /token (Caused by SSLError(S
    shard 450 retry 1/3 (tileScale 2->4) after 2s: HTTPSConnectionPool(host='oauth2.googleapis.com', port=443): Max retries exceeded with url: /token (Caused by SSLError(S
  [ERROR] shard 448: HTTPSConnectionPool(host='oauth2.googleapis.com', port=443): Max retries exceeded with url: /token (Caused by SSLError(SSLCertVerificationError(1, '[SSL: CERTIFICATE_VERIFY_FAILED] certificate verify 
    shard 450 retry 2/3 (tileScale 4->8) after 4s: HTTPSConnectionPool(host='oauth2.googleapis.com', port=443): Max retries exceeded with url: /token (Caused by SSLError(S
    shard 449 retry 3/3 (tileScale 8->16) after 8s: HTTPSConnectionPool(host='oauth2.googleapis.com', port=443): Max retries exceeded with url: /token (Caused by SSLError(S
    shard 451 retry 1/3 (tileScale 2->4) after 2s: HTTPSConnectionPool(host='oauth2.googleapis.com', port=443): Max retries exceeded with url: /token (Caused by SSLError(S
    shard 450 retry 3/3 (tileScale 8->16) after 8s: HTTPSConnectionPool(host='oauth2.googleapis.com', port=443): Max retries exceeded with url: /token (Caused by SSLError(S
  [ERROR] shard 449: HTTPSConnectionPool(host='oauth2.googleapis.com', port=443): Max retries exceeded with url: /token (Caused by SSLError(SSLEOFError(8, '[SSL: UNEXPECTED_EOF_WHILE_READING] EOF occurred in violation of 
  [ERROR] shard 450: HTTPSConnectionPool(host='oauth2.googleapis.com', port=443): Max retries exceeded with url: /token (Caused by SSLError(SSLCertVerificationError(1, '[SSL: CERTIFICATE_VERIFY_FAILED] certificate verify 
    shard 451 retry 2/3 (tileScale 4->8) after 4s: HTTPSConnectionPool(host='oauth2.googleapis.com', port=443): Max retries exceeded with url: /token (Caused by SSLError(S
    shard 452 retry 1/3 (tileScale 2->4) after 2s: HTTPSConnectionPool(host='oauth2.googleapis.com', port=443): Max retries exceeded with url: /token (Caused by SSLError(S
    shard 451 retry 3/3 (tileScale 8->16) after 8s: HTTPSConnectionPool(host='oauth2.googleapis.com', port=443): Max retries exceeded with url: /token (Caused by SSLError(S
    shard 453 retry 1/3 (tileScale 2->4) after 2s: HTTPSConnectionPool(host='oauth2.googleapis.com', port=443): Max retries exceeded with url: /token (Caused by SSLError(S
    shard 452 retry 2/3 (tileScale 4->8) after 4s: HTTPSConnectionPool(host='oauth2.googleapis.com', port=443): Max retries exceeded with url: /token (Caused by SSLError(S
    shard 452 retry 3/3 (tileScale 8->16) after 8s: HTTPSConnectionPool(host='oauth2.googleapis.com', port=443): Max retries exceeded with url: /token (Caused by SSLError(S
  [ERROR] shard 451: HTTPSConnectionPool(host='oauth2.googleapis.com', port=443): Max retries exceeded with url: /token (Caused by SSLError(SSLCertVerificationError(1, '[SSL: CERTIFICATE_VERIFY_FAILED] certificate verify 
    shard 453 retry 2/3 (tileScale 4->8) after 4s: HTTPSConnectionPool(host='oauth2.googleapis.com', port=443): Max retries exceeded with url: /token (Caused by SSLError(S
    shard 454 retry 1/3 (tileScale 2->4) after 2s: HTTPSConnectionPool(host='oauth2.googleapis.com', port=443): Max retries exceeded with url: /token (Caused by SSLError(S
  [ERROR] shard 452: HTTPSConnectionPool(host='oauth2.googleapis.com', port=443): Max retries exceeded with url: /token (Caused by SSLError(SSLCertVerificationError(1, '[SSL: CERTIFICATE_VERIFY_FAILED] certificate verify 
    shard 453 retry 3/3 (tileScale 8->16) after 8s: HTTPSConnectionPool(host='oauth2.googleapis.com', port=443): Max retries exceeded with url: /token (Caused by SSLError(S
    shard 455 retry 1/3 (tileScale 2->4) after 2s: HTTPSConnectionPool(host='oauth2.googleapis.com', port=443): Max retries exceeded with url: /token (Caused by SSLError(S
    shard 454 retry 2/3 (tileScale 4->8) after 4s: HTTPSConnectionPool(host='oauth2.googleapis.com', port=443): Max retries exceeded with url: /token (Caused by SSLError(S
  [ERROR] shard 453: HTTPSConnectionPool(host='oauth2.googleapis.com', port=443): Max retries exceeded with url: /token (Caused by SSLError(SSLCertVerificationError(1, '[SSL: CERTIFICATE_VERIFY_FAILED] certificate verify 
    shard 454 retry 3/3 (tileScale 8->16) after 8s: HTTPSConnectionPool(host='oauth2.googleapis.com', port=443): Max retries exceeded with url: /token (Caused by SSLError(S
    shard 455 retry 2/3 (tileScale 4->8) after 4s: HTTPSConnectionPool(host='oauth2.googleapis.com', port=443): Max retries exceeded with url: /token (Caused by SSLError(S
    shard 455 retry 3/3 (tileScale 8->16) after 8s: HTTPSConnectionPool(host='oauth2.googleapis.com', port=443): Max retries exceeded with url: /token (Caused by SSLError(S
    shard 456 retry 1/3 (tileScale 2->4) after 2s: HTTPSConnectionPool(host='oauth2.googleapis.com', port=443): Max retries exceeded with url: /token (Caused by SSLError(S
  [ERROR] shard 454: HTTPSConnectionPool(host='oauth2.googleapis.com', port=443): Max retries exceeded with url: /token (Caused by SSLError(SSLEOFError(8, '[SSL: UNEXPECTED_EOF_WHILE_READING] EOF occurred in violation of 
  [ERROR] shard 455: HTTPSConnectionPool(host='oauth2.googleapis.com', port=443): Max retries exceeded with url: /token (Caused by SSLError(SSLCertVerificationError(1, '[SSL: CERTIFICATE_VERIFY_FAILED] certificate verify 
    shard 456 retry 2/3 (tileScale 4->8) after 4s: HTTPSConnectionPool(host='oauth2.googleapis.com', port=443): Max retries exceeded with url: /token (Caused by SSLError(S
    shard 457 retry 1/3 (tileScale 2->4) after 2s: HTTPSConnectionPool(host='oauth2.googleapis.com', port=443): Max retries exceeded with url: /token (Caused by SSLError(S
    shard 457 retry 2/3 (tileScale 4->8) after 4s: HTTPSConnectionPool(host='oauth2.googleapis.com', port=443): Max retries exceeded with url: /token (Caused by SSLError(S
    shard 456 retry 3/3 (tileScale 8->16) after 8s: HTTPSConnectionPool(host='oauth2.googleapis.com', port=443): Max retries exceeded with url: /token (Caused by SSLError(S
    shard 458 retry 1/3 (tileScale 2->4) after 2s: HTTPSConnectionPool(host='oauth2.googleapis.com', port=443): Max retries exceeded with url: /token (Caused by SSLError(S
  [ERROR] shard 456: HTTPSConnectionPool(host='oauth2.googleapis.com', port=443): Max retries exceeded with url: /token (Caused by SSLError(SSLCertVerificationError(1, '[SSL: CERTIFICATE_VERIFY_FAILED] certificate verify 
    shard 457 retry 3/3 (tileScale 8->16) after 8s: HTTPSConnectionPool(host='oauth2.googleapis.com', port=443): Max retries exceeded with url: /token (Caused by SSLError(S
    shard 458 retry 2/3 (tileScale 4->8) after 4s: HTTPSConnectionPool(host='oauth2.googleapis.com', port=443): Max retries exceeded with url: /token (Caused by SSLError(S
    shard 459 retry 1/3 (tileScale 2->4) after 2s: HTTPSConnectionPool(host='oauth2.googleapis.com', port=443): Max retries exceeded with url: /token (Caused by SSLError(S
  [ERROR] shard 457: HTTPSConnectionPool(host='oauth2.googleapis.com', port=443): Max retries exceeded with url: /token (Caused by SSLError(SSLCertVerificationError(1, '[SSL: CERTIFICATE_VERIFY_FAILED] certificate verify 
    shard 458 retry 3/3 (tileScale 8->16) after 8s: HTTPSConnectionPool(host='oauth2.googleapis.com', port=443): Max retries exceeded with url: /token (Caused by SSLError(S
    shard 460 retry 1/3 (tileScale 2->4) after 2s: HTTPSConnectionPool(host='oauth2.googleapis.com', port=443): Max retries exceeded with url: /token (Caused by SSLError(S
  [ERROR] shard 458: HTTPSConnectionPool(host='oauth2.googleapis.com', port=443): Max retries exceeded with url: /token (Caused by SSLError(SSLCertVerificationError(1, '[SSL: CERTIFICATE_VERIFY_FAILED] certificate verify 
    shard 459 retry 2/3 (tileScale 4->8) after 4s: HTTPSConnectionPool(host='oauth2.googleapis.com', port=443): Max retries exceeded with url: /token (Caused by SSLError(S
    shard 460 retry 2/3 (tileScale 4->8) after 4s: HTTPSConnectionPool(host='oauth2.googleapis.com', port=443): Max retries exceeded with url: /token (Caused by SSLError(S
    shard 459 retry 3/3 (tileScale 8->16) after 8s: HTTPSConnectionPool(host='oauth2.googleapis.com', port=443): Max retries exceeded with url: /token (Caused by SSLError(S
    shard 461 retry 1/3 (tileScale 2->4) after 2s: HTTPSConnectionPool(host='oauth2.googleapis.com', port=443): Max retries exceeded with url: /token (Caused by SSLError(S
    shard 460 retry 3/3 (tileScale 8->16) after 8s: HTTPSConnectionPool(host='oauth2.googleapis.com', port=443): Max retries exceeded with url: /token (Caused by SSLError(S
  [ERROR] shard 459: HTTPSConnectionPool(host='oauth2.googleapis.com', port=443): Max retries exceeded with url: /token (Caused by SSLError(SSLCertVerificationError(1, '[SSL: CERTIFICATE_VERIFY_FAILED] certificate verify 
    shard 461 retry 2/3 (tileScale 4->8) after 4s: HTTPSConnectionPool(host='oauth2.googleapis.com', port=443): Max retries exceeded with url: /token (Caused by SSLError(S
  [ERROR] shard 460: HTTPSConnectionPool(host='oauth2.googleapis.com', port=443): Max retries exceeded with url: /token (Caused by SSLError(SSLCertVerificationError(1, '[SSL: CERTIFICATE_VERIFY_FAILED] certificate verify 
    shard 462 retry 1/3 (tileScale 2->4) after 2s: HTTPSConnectionPool(host='oauth2.googleapis.com', port=443): Max retries exceeded with url: /token (Caused by SSLError(S
    shard 461 retry 3/3 (tileScale 8->16) after 8s: HTTPSConnectionPool(host='oauth2.googleapis.com', port=443): Max retries exceeded with url: /token (Caused by SSLError(S
    shard 463 retry 1/3 (tileScale 2->4) after 2s: HTTPSConnectionPool(host='oauth2.googleapis.com', port=443): Max retries exceeded with url: /token (Caused by SSLError(S
    shard 462 retry 2/3 (tileScale 4->8) after 4s: HTTPSConnectionPool(host='oauth2.googleapis.com', port=443): Max retries exceeded with url: /token (Caused by SSLError(S
  [ERROR] shard 461: HTTPSConnectionPool(host='oauth2.googleapis.com', port=443): Max retries exceeded with url: /token (Caused by SSLError(SSLCertVerificationError(1, '[SSL: CERTIFICATE_VERIFY_FAILED] certificate verify 
    shard 462 retry 3/3 (tileScale 8->16) after 8s: HTTPSConnectionPool(host='oauth2.googleapis.com', port=443): Max retries exceeded with url: /token (Caused by SSLError(S
    shard 463 retry 2/3 (tileScale 4->8) after 4s: HTTPSConnectionPool(host='oauth2.googleapis.com', port=443): Max retries exceeded with url: /token (Caused by SSLError(S
    shard 464 retry 1/3 (tileScale 2->4) after 2s: HTTPSConnectionPool(host='oauth2.googleapis.com', port=443): Max retries exceeded with url: /token (Caused by SSLError(S
  [ERROR] shard 462: HTTPSConnectionPool(host='oauth2.googleapis.com', port=443): Max retries exceeded with url: /token (Caused by SSLError(SSLEOFError(8, '[SSL: UNEXPECTED_EOF_WHILE_READING] EOF occurred in violation of 
    shard 463 retry 3/3 (tileScale 8->16) after 8s: HTTPSConnectionPool(host='oauth2.googleapis.com', port=443): Max retries exceeded with url: /token (Caused by SSLError(S
    shard 464 retry 2/3 (tileScale 4->8) after 4s: HTTPSConnectionPool(host='oauth2.googleapis.com', port=443): Max retries exceeded with url: /token (Caused by SSLError(S
    shard 465 retry 1/3 (tileScale 2->4) after 2s: HTTPSConnectionPool(host='oauth2.googleapis.com', port=443): Max retries exceeded with url: /token (Caused by SSLError(S
  [ERROR] shard 463: HTTPSConnectionPool(host='oauth2.googleapis.com', port=443): Max retries exceeded with url: /token (Caused by SSLError(SSLCertVerificationError(1, '[SSL: CERTIFICATE_VERIFY_FAILED] certificate verify 
    shard 465 retry 2/3 (tileScale 4->8) after 4s: HTTPSConnectionPool(host='oauth2.googleapis.com', port=443): Max retries exceeded with url: /token (Caused by SSLError(S
    shard 464 retry 3/3 (tileScale 8->16) after 8s: HTTPSConnectionPool(host='oauth2.googleapis.com', port=443): Max retries exceeded with url: /token (Caused by SSLError(S
    shard 466 retry 1/3 (tileScale 2->4) after 2s: HTTPSConnectionPool(host='oauth2.googleapis.com', port=443): Max retries exceeded with url: /token (Caused by SSLError(S
    shard 465 retry 3/3 (tileScale 8->16) after 8s: HTTPSConnectionPool(host='oauth2.googleapis.com', port=443): Max retries exceeded with url: /token (Caused by SSLError(S
  [ERROR] shard 465: HTTPSConnectionPool(host='oauth2.googleapis.com', port=443): Max retries exceeded with url: /token (Caused by SSLError(SSLCertVerificationError(1, '[SSL: CERTIFICATE_VERIFY_FAILED] certificate verify 
  [ERROR] shard 464: HTTPSConnectionPool(host='oauth2.googleapis.com', port=443): Max retries exceeded with url: /token (Caused by SSLError(SSLCertVerificationError(1, '[SSL: CERTIFICATE_VERIFY_FAILED] certificate verify 
    shard 466 retry 2/3 (tileScale 4->8) after 4s: HTTPSConnectionPool(host='oauth2.googleapis.com', port=443): Max retries exceeded with url: /token (Caused by SSLError(S
    shard 467 retry 1/3 (tileScale 2->4) after 2s: HTTPSConnectionPool(host='oauth2.googleapis.com', port=443): Max retries exceeded with url: /token (Caused by SSLError(S
    shard 468 retry 1/3 (tileScale 2->4) after 2s: HTTPSConnectionPool(host='oauth2.googleapis.com', port=443): Max retries exceeded with url: /token (Caused by SSLError(S
    shard 466 retry 3/3 (tileScale 8->16) after 8s: HTTPSConnectionPool(host='oauth2.googleapis.com', port=443): Max retries exceeded with url: /token (Caused by SSLError(S
    shard 467 retry 2/3 (tileScale 4->8) after 4s: HTTPSConnectionPool(host='oauth2.googleapis.com', port=443): Max retries exceeded with url: /token (Caused by SSLError(S
    shard 468 retry 2/3 (tileScale 4->8) after 4s: HTTPSConnectionPool(host='oauth2.googleapis.com', port=443): Max retries exceeded with url: /token (Caused by SSLError(S
  [ERROR] shard 466: HTTPSConnectionPool(host='oauth2.googleapis.com', port=443): Max retries exceeded with url: /token (Caused by SSLError(SSLCertVerificationError(1, '[SSL: CERTIFICATE_VERIFY_FAILED] certificate verify 
    shard 468 retry 3/3 (tileScale 8->16) after 8s: HTTPSConnectionPool(host='oauth2.googleapis.com', port=443): Max retries exceeded with url: /token (Caused by SSLError(S
    shard 469 retry 1/3 (tileScale 2->4) after 2s: HTTPSConnectionPool(host='oauth2.googleapis.com', port=443): Max retries exceeded with url: /token (Caused by SSLError(S
    shard 467 retry 3/3 (tileScale 8->16) after 8s: HTTPSConnectionPool(host='oauth2.googleapis.com', port=443): Max retries exceeded with url: /token (Caused by SSLError(S
    shard 469 retry 2/3 (tileScale 4->8) after 4s: HTTPSConnectionPool(host='oauth2.googleapis.com', port=443): Max retries exceeded with url: /token (Caused by SSLError(S
  [ERROR] shard 468: HTTPSConnectionPool(host='oauth2.googleapis.com', port=443): Max retries exceeded with url: /token (Caused by SSLError(SSLCertVerificationError(1, '[SSL: CERTIFICATE_VERIFY_FAILED] certificate verify 
    shard 469 retry 3/3 (tileScale 8->16) after 8s: HTTPSConnectionPool(host='oauth2.googleapis.com', port=443): Max retries exceeded with url: /token (Caused by SSLError(S
  [ERROR] shard 467: HTTPSConnectionPool(host='oauth2.googleapis.com', port=443): Max retries exceeded with url: /token (Caused by SSLError(SSLEOFError(8, '[SSL: UNEXPECTED_EOF_WHILE_READING] EOF occurred in violation of 
    shard 470 retry 1/3 (tileScale 2->4) after 2s: HTTPSConnectionPool(host='oauth2.googleapis.com', port=443): Max retries exceeded with url: /token (Caused by SSLError(S
  [ERROR] shard 469: HTTPSConnectionPool(host='oauth2.googleapis.com', port=443): Max retries exceeded with url: /token (Caused by SSLError(SSLEOFError(8, '[SSL: UNEXPECTED_EOF_WHILE_READING] EOF occurred in violation of 
    shard 472 retry 1/3 (tileScale 2->4) after 2s: HTTPSConnectionPool(host='oauth2.googleapis.com', port=443): Max retries exceeded with url: /token (Caused by SSLError(S
    shard 471 retry 1/3 (tileScale 2->4) after 2s: HTTPSConnectionPool(host='oauth2.googleapis.com', port=443): Max retries exceeded with url: /token (Caused by SSLError(S
    shard 470 retry 2/3 (tileScale 4->8) after 4s: HTTPSConnectionPool(host='oauth2.googleapis.com', port=443): Max retries exceeded with url: /token (Caused by SSLError(S
    shard 472 retry 2/3 (tileScale 4->8) after 4s: HTTPSConnectionPool(host='oauth2.googleapis.com', port=443): Max retries exceeded with url: /token (Caused by SSLError(S
    shard 471 retry 2/3 (tileScale 4->8) after 4s: HTTPSConnectionPool(host='oauth2.googleapis.com', port=443): Max retries exceeded with url: /token (Caused by SSLError(S
    shard 470 retry 3/3 (tileScale 8->16) after 8s: HTTPSConnectionPool(host='oauth2.googleapis.com', port=443): Max retries exceeded with url: /token (Caused by SSLError(S
    shard 471 retry 3/3 (tileScale 8->16) after 8s: HTTPSConnectionPool(host='oauth2.googleapis.com', port=443): Max retries exceeded with url: /token (Caused by SSLError(S
  [ERROR] shard 470: HTTPSConnectionPool(host='oauth2.googleapis.com', port=443): Max retries exceeded with url: /token (Caused by SSLError(SSLEOFError(8, '[SSL: UNEXPECTED_EOF_WHILE_READING] EOF occurred in violation of 
    shard 472 retry 3/3 (tileScale 8->16) after 8s: HTTPSConnectionPool(host='oauth2.googleapis.com', port=443): Max retries exceeded with url: /token (Caused by SSLError(S
  [ERROR] shard 471: HTTPSConnectionPool(host='oauth2.googleapis.com', port=443): Max retries exceeded with url: /token (Caused by SSLError(SSLCertVerificationError(1, '[SSL: CERTIFICATE_VERIFY_FAILED] certificate verify 
    shard 473 retry 1/3 (tileScale 2->4) after 2s: HTTPSConnectionPool(host='oauth2.googleapis.com', port=443): Max retries exceeded with url: /token (Caused by SSLError(S
  [ERROR] shard 472: HTTPSConnectionPool(host='oauth2.googleapis.com', port=443): Max retries exceeded with url: /token (Caused by SSLError(SSLCertVerificationError(1, '[SSL: CERTIFICATE_VERIFY_FAILED] certificate verify 
    shard 474 retry 1/3 (tileScale 2->4) after 2s: HTTPSConnectionPool(host='oauth2.googleapis.com', port=443): Max retries exceeded with url: /token (Caused by SSLError(S
    shard 475 retry 1/3 (tileScale 2->4) after 2s: HTTPSConnectionPool(host='oauth2.googleapis.com', port=443): Max retries exceeded with url: /token (Caused by SSLError(S
    shard 474 retry 2/3 (tileScale 4->8) after 4s: HTTPSConnectionPool(host='oauth2.googleapis.com', port=443): Max retries exceeded with url: /token (Caused by SSLError(S
    shard 473 retry 2/3 (tileScale 4->8) after 4s: HTTPSConnectionPool(host='oauth2.googleapis.com', port=443): Max retries exceeded with url: /token (Caused by SSLError(S
    shard 473 retry 3/3 (tileScale 8->16) after 8s: HTTPSConnectionPool(host='oauth2.googleapis.com', port=443): Max retries exceeded with url: /token (Caused by SSLError(S
    shard 475 retry 2/3 (tileScale 4->8) after 4s: HTTPSConnectionPool(host='oauth2.googleapis.com', port=443): Max retries exceeded with url: /token (Caused by SSLError(S
    shard 474 retry 3/3 (tileScale 8->16) after 8s: HTTPSConnectionPool(host='oauth2.googleapis.com', port=443): Max retries exceeded with url: /token (Caused by SSLError(S
    shard 475 retry 3/3 (tileScale 8->16) after 8s: HTTPSConnectionPool(host='oauth2.googleapis.com', port=443): Max retries exceeded with url: /token (Caused by SSLError(S
  [ERROR] shard 473: HTTPSConnectionPool(host='oauth2.googleapis.com', port=443): Max retries exceeded with url: /token (Caused by SSLError(SSLCertVerificationError(1, '[SSL: CERTIFICATE_VERIFY_FAILED] certificate verify 
    shard 476 retry 1/3 (tileScale 2->4) after 2s: HTTPSConnectionPool(host='oauth2.googleapis.com', port=443): Max retries exceeded with url: /token (Caused by SSLError(S
  [ERROR] shard 474: HTTPSConnectionPool(host='oauth2.googleapis.com', port=443): Max retries exceeded with url: /token (Caused by SSLError(SSLEOFError(8, '[SSL: UNEXPECTED_EOF_WHILE_READING] EOF occurred in violation of 
  [ERROR] shard 475: HTTPSConnectionPool(host='oauth2.googleapis.com', port=443): Max retries exceeded with url: /token (Caused by SSLError(SSLCertVerificationError(1, '[SSL: CERTIFICATE_VERIFY_FAILED] certificate verify 
    shard 476 retry 2/3 (tileScale 4->8) after 4s: HTTPSConnectionPool(host='oauth2.googleapis.com', port=443): Max retries exceeded with url: /token (Caused by SSLError(S
    shard 478 retry 1/3 (tileScale 2->4) after 2s: HTTPSConnectionPool(host='oauth2.googleapis.com', port=443): Max retries exceeded with url: /token (Caused by SSLError(S
    shard 477 retry 1/3 (tileScale 2->4) after 2s: HTTPSConnectionPool(host='oauth2.googleapis.com', port=443): Max retries exceeded with url: /token (Caused by SSLError(S
    shard 478 retry 2/3 (tileScale 4->8) after 4s: HTTPSConnectionPool(host='oauth2.googleapis.com', port=443): Max retries exceeded with url: /token (Caused by SSLError(S
    shard 476 retry 3/3 (tileScale 8->16) after 8s: HTTPSConnectionPool(host='oauth2.googleapis.com', port=443): Max retries exceeded with url: /token (Caused by SSLError(S
    shard 478 retry 3/3 (tileScale 8->16) after 8s: HTTPSConnectionPool(host='oauth2.googleapis.com', port=443): Max retries exceeded with url: /token (Caused by SSLError(S
    shard 477 retry 2/3 (tileScale 4->8) after 4s: HTTPSConnectionPool(host='oauth2.googleapis.com', port=443): Max retries exceeded with url: /token (Caused by SSLError(S
  [ERROR] shard 476: HTTPSConnectionPool(host='oauth2.googleapis.com', port=443): Max retries exceeded with url: /token (Caused by SSLError(SSLCertVerificationError(1, '[SSL: CERTIFICATE_VERIFY_FAILED] certificate verify 
    shard 479 retry 1/3 (tileScale 2->4) after 2s: HTTPSConnectionPool(host='oauth2.googleapis.com', port=443): Max retries exceeded with url: /token (Caused by SSLError(S
  [ERROR] shard 478: HTTPSConnectionPool(host='oauth2.googleapis.com', port=443): Max retries exceeded with url: /token (Caused by SSLError(SSLCertVerificationError(1, '[SSL: CERTIFICATE_VERIFY_FAILED] certificate verify 
    shard 477 retry 3/3 (tileScale 8->16) after 8s: HTTPSConnectionPool(host='oauth2.googleapis.com', port=443): Max retries exceeded with url: /token (Caused by SSLError(S
    shard 479 retry 2/3 (tileScale 4->8) after 4s: HTTPSConnectionPool(host='oauth2.googleapis.com', port=443): Max retries exceeded with url: /token (Caused by SSLError(S
    shard 480 retry 1/3 (tileScale 2->4) after 2s: HTTPSConnectionPool(host='oauth2.googleapis.com', port=443): Max retries exceeded with url: /token (Caused by SSLError(S
  [ERROR] shard 477: HTTPSConnectionPool(host='oauth2.googleapis.com', port=443): Max retries exceeded with url: /token (Caused by SSLError(SSLCertVerificationError(1, '[SSL: CERTIFICATE_VERIFY_FAILED] certificate verify 
    shard 480 retry 2/3 (tileScale 4->8) after 4s: HTTPSConnectionPool(host='oauth2.googleapis.com', port=443): Max retries exceeded with url: /token (Caused by SSLError(S
    shard 479 retry 3/3 (tileScale 8->16) after 8s: HTTPSConnectionPool(host='oauth2.googleapis.com', port=443): Max retries exceeded with url: /token (Caused by SSLError(S
    shard 481 retry 1/3 (tileScale 2->4) after 2s: HTTPSConnectionPool(host='oauth2.googleapis.com', port=443): Max retries exceeded with url: /token (Caused by SSLError(S
  [ERROR] shard 479: HTTPSConnectionPool(host='oauth2.googleapis.com', port=443): Max retries exceeded with url: /token (Caused by SSLError(SSLEOFError(8, '[SSL: UNEXPECTED_EOF_WHILE_READING] EOF occurred in violation of 
    shard 480 retry 3/3 (tileScale 8->16) after 8s: HTTPSConnectionPool(host='oauth2.googleapis.com', port=443): Max retries exceeded with url: /token (Caused by SSLError(S
  [ERROR] shard 480: HTTPSConnectionPool(host='oauth2.googleapis.com', port=443): Max retries exceeded with url: /token (Caused by SSLError(SSLCertVerificationError(1, '[SSL: CERTIFICATE_VERIFY_FAILED] certificate verify 
    shard 481 retry 2/3 (tileScale 4->8) after 4s: HTTPSConnectionPool(host='oauth2.googleapis.com', port=443): Max retries exceeded with url: /token (Caused by SSLError(S
    shard 482 retry 1/3 (tileScale 2->4) after 2s: HTTPSConnectionPool(host='oauth2.googleapis.com', port=443): Max retries exceeded with url: /token (Caused by SSLError(S
    shard 483 retry 1/3 (tileScale 2->4) after 2s: HTTPSConnectionPool(host='oauth2.googleapis.com', port=443): Max retries exceeded with url: /token (Caused by SSLError(S
    shard 482 retry 2/3 (tileScale 4->8) after 4s: HTTPSConnectionPool(host='oauth2.googleapis.com', port=443): Max retries exceeded with url: /token (Caused by SSLError(S
    shard 481 retry 3/3 (tileScale 8->16) after 8s: HTTPSConnectionPool(host='oauth2.googleapis.com', port=443): Max retries exceeded with url: /token (Caused by SSLError(S
    shard 483 retry 2/3 (tileScale 4->8) after 4s: HTTPSConnectionPool(host='oauth2.googleapis.com', port=443): Max retries exceeded with url: /token (Caused by SSLError(S
    shard 482 retry 3/3 (tileScale 8->16) after 8s: HTTPSConnectionPool(host='oauth2.googleapis.com', port=443): Max retries exceeded with url: /token (Caused by SSLError(S
    shard 483 retry 3/3 (tileScale 8->16) after 8s: HTTPSConnectionPool(host='oauth2.googleapis.com', port=443): Max retries exceeded with url: /token (Caused by SSLError(S
  [ERROR] shard 481: HTTPSConnectionPool(host='oauth2.googleapis.com', port=443): Max retries exceeded with url: /token (Caused by SSLError(SSLCertVerificationError(1, '[SSL: CERTIFICATE_VERIFY_FAILED] certificate verify 
  [ERROR] shard 482: HTTPSConnectionPool(host='oauth2.googleapis.com', port=443): Max retries exceeded with url: /token (Caused by SSLError(SSLCertVerificationError(1, '[SSL: CERTIFICATE_VERIFY_FAILED] certificate verify 
    shard 484 retry 1/3 (tileScale 2->4) after 2s: HTTPSConnectionPool(host='oauth2.googleapis.com', port=443): Max retries exceeded with url: /token (Caused by SSLError(S
  [ERROR] shard 483: HTTPSConnectionPool(host='oauth2.googleapis.com', port=443): Max retries exceeded with url: /token (Caused by SSLError(SSLCertVerificationError(1, '[SSL: CERTIFICATE_VERIFY_FAILED] certificate verify 
    shard 485 retry 1/3 (tileScale 2->4) after 2s: HTTPSConnectionPool(host='oauth2.googleapis.com', port=443): Max retries exceeded with url: /token (Caused by SSLError(S
    shard 484 retry 2/3 (tileScale 4->8) after 4s: HTTPSConnectionPool(host='oauth2.googleapis.com', port=443): Max retries exceeded with url: /token (Caused by SSLError(S
    shard 485 retry 2/3 (tileScale 4->8) after 4s: HTTPSConnectionPool(host='oauth2.googleapis.com', port=443): Max retries exceeded with url: /token (Caused by SSLError(S
    shard 486 retry 1/3 (tileScale 2->4) after 2s: HTTPSConnectionPool(host='oauth2.googleapis.com', port=443): Max retries exceeded with url: /token (Caused by SSLError(S
    shard 485 retry 3/3 (tileScale 8->16) after 8s: HTTPSConnectionPool(host='oauth2.googleapis.com', port=443): Max retries exceeded with url: /token (Caused by SSLError(S
    shard 484 retry 3/3 (tileScale 8->16) after 8s: HTTPSConnectionPool(host='oauth2.googleapis.com', port=443): Max retries exceeded with url: /token (Caused by SSLError(S
    shard 486 retry 2/3 (tileScale 4->8) after 4s: HTTPSConnectionPool(host='oauth2.googleapis.com', port=443): Max retries exceeded with url: /token (Caused by SSLError(S
  [ERROR] shard 485: HTTPSConnectionPool(host='oauth2.googleapis.com', port=443): Max retries exceeded with url: /token (Caused by SSLError(SSLCertVerificationError(1, '[SSL: CERTIFICATE_VERIFY_FAILED] certificate verify 
  [ERROR] shard 484: HTTPSConnectionPool(host='oauth2.googleapis.com', port=443): Max retries exceeded with url: /token (Caused by SSLError(SSLCertVerificationError(1, '[SSL: CERTIFICATE_VERIFY_FAILED] certificate verify 
    shard 487 retry 1/3 (tileScale 2->4) after 2s: HTTPSConnectionPool(host='oauth2.googleapis.com', port=443): Max retries exceeded with url: /token (Caused by SSLError(S
    shard 486 retry 3/3 (tileScale 8->16) after 8s: HTTPSConnectionPool(host='oauth2.googleapis.com', port=443): Max retries exceeded with url: /token (Caused by SSLError(S
    shard 488 retry 1/3 (tileScale 2->4) after 2s: HTTPSConnectionPool(host='oauth2.googleapis.com', port=443): Max retries exceeded with url: /token (Caused by SSLError(S
    shard 487 retry 2/3 (tileScale 4->8) after 4s: HTTPSConnectionPool(host='oauth2.googleapis.com', port=443): Max retries exceeded with url: /token (Caused by SSLError(S
  [ERROR] shard 486: HTTPSConnectionPool(host='oauth2.googleapis.com', port=443): Max retries exceeded with url: /token (Caused by SSLError(SSLCertVerificationError(1, '[SSL: CERTIFICATE_VERIFY_FAILED] certificate verify 
    shard 488 retry 2/3 (tileScale 4->8) after 4s: HTTPSConnectionPool(host='oauth2.googleapis.com', port=443): Max retries exceeded with url: /token (Caused by SSLError(S
    shard 487 retry 3/3 (tileScale 8->16) after 8s: HTTPSConnectionPool(host='oauth2.googleapis.com', port=443): Max retries exceeded with url: /token (Caused by SSLError(S
    shard 489 retry 1/3 (tileScale 2->4) after 2s: HTTPSConnectionPool(host='oauth2.googleapis.com', port=443): Max retries exceeded with url: /token (Caused by SSLError(S
    shard 489 retry 2/3 (tileScale 4->8) after 4s: HTTPSConnectionPool(host='oauth2.googleapis.com', port=443): Max retries exceeded with url: /token (Caused by SSLError(S
    shard 488 retry 3/3 (tileScale 8->16) after 8s: HTTPSConnectionPool(host='oauth2.googleapis.com', port=443): Max retries exceeded with url: /token (Caused by SSLError(S
  [ERROR] shard 487: HTTPSConnectionPool(host='oauth2.googleapis.com', port=443): Max retries exceeded with url: /token (Caused by SSLError(SSLCertVerificationError(1, '[SSL: CERTIFICATE_VERIFY_FAILED] certificate verify 
  [ERROR] shard 488: HTTPSConnectionPool(host='oauth2.googleapis.com', port=443): Max retries exceeded with url: /token (Caused by SSLError(SSLCertVerificationError(1, '[SSL: CERTIFICATE_VERIFY_FAILED] certificate verify 
    shard 490 retry 1/3 (tileScale 2->4) after 2s: HTTPSConnectionPool(host='oauth2.googleapis.com', port=443): Max retries exceeded with url: /token (Caused by SSLError(S
    shard 489 retry 3/3 (tileScale 8->16) after 8s: HTTPSConnectionPool(host='oauth2.googleapis.com', port=443): Max retries exceeded with url: /token (Caused by SSLError(S
    shard 491 retry 1/3 (tileScale 2->4) after 2s: HTTPSConnectionPool(host='oauth2.googleapis.com', port=443): Max retries exceeded with url: /token (Caused by SSLError(S
    shard 490 retry 2/3 (tileScale 4->8) after 4s: HTTPSConnectionPool(host='oauth2.googleapis.com', port=443): Max retries exceeded with url: /token (Caused by SSLError(S
    shard 491 retry 2/3 (tileScale 4->8) after 4s: HTTPSConnectionPool(host='oauth2.googleapis.com', port=443): Max retries exceeded with url: /token (Caused by SSLError(S
  [ERROR] shard 489: HTTPSConnectionPool(host='oauth2.googleapis.com', port=443): Max retries exceeded with url: /token (Caused by SSLError(SSLCertVerificationError(1, '[SSL: CERTIFICATE_VERIFY_FAILED] certificate verify 
    shard 490 retry 3/3 (tileScale 8->16) after 8s: HTTPSConnectionPool(host='oauth2.googleapis.com', port=443): Max retries exceeded with url: /token (Caused by SSLError(S
    shard 491 retry 3/3 (tileScale 8->16) after 8s: HTTPSConnectionPool(host='oauth2.googleapis.com', port=443): Max retries exceeded with url: /token (Caused by SSLError(S
    shard 492 retry 1/3 (tileScale 2->4) after 2s: HTTPSConnectionPool(host='oauth2.googleapis.com', port=443): Max retries exceeded with url: /token (Caused by SSLError(S
  [ERROR] shard 490: HTTPSConnectionPool(host='oauth2.googleapis.com', port=443): Max retries exceeded with url: /token (Caused by SSLError(SSLCertVerificationError(1, '[SSL: CERTIFICATE_VERIFY_FAILED] certificate verify 
    shard 492 retry 2/3 (tileScale 4->8) after 4s: HTTPSConnectionPool(host='oauth2.googleapis.com', port=443): Max retries exceeded with url: /token (Caused by SSLError(S
    shard 493 retry 1/3 (tileScale 2->4) after 2s: HTTPSConnectionPool(host='oauth2.googleapis.com', port=443): Max retries exceeded with url: /token (Caused by SSLError(S
  [ERROR] shard 491: HTTPSConnectionPool(host='oauth2.googleapis.com', port=443): Max retries exceeded with url: /token (Caused by SSLError(SSLCertVerificationError(1, '[SSL: CERTIFICATE_VERIFY_FAILED] certificate verify 
    shard 492 retry 3/3 (tileScale 8->16) after 8s: HTTPSConnectionPool(host='oauth2.googleapis.com', port=443): Max retries exceeded with url: /token (Caused by SSLError(S
    shard 494 retry 1/3 (tileScale 2->4) after 2s: HTTPSConnectionPool(host='oauth2.googleapis.com', port=443): Max retries exceeded with url: /token (Caused by SSLError(S
    shard 493 retry 2/3 (tileScale 4->8) after 4s: HTTPSConnectionPool(host='oauth2.googleapis.com', port=443): Max retries exceeded with url: /token (Caused by SSLError(S
    shard 494 retry 2/3 (tileScale 4->8) after 4s: HTTPSConnectionPool(host='oauth2.googleapis.com', port=443): Max retries exceeded with url: /token (Caused by SSLError(S
  [ERROR] shard 492: HTTPSConnectionPool(host='oauth2.googleapis.com', port=443): Max retries exceeded with url: /token (Caused by SSLError(SSLCertVerificationError(1, '[SSL: CERTIFICATE_VERIFY_FAILED] certificate verify 
    shard 493 retry 3/3 (tileScale 8->16) after 8s: HTTPSConnectionPool(host='oauth2.googleapis.com', port=443): Max retries exceeded with url: /token (Caused by SSLError(S
    shard 494 retry 3/3 (tileScale 8->16) after 8s: HTTPSConnectionPool(host='oauth2.googleapis.com', port=443): Max retries exceeded with url: /token (Caused by SSLError(S
    shard 495 retry 1/3 (tileScale 2->4) after 2s: HTTPSConnectionPool(host='oauth2.googleapis.com', port=443): Max retries exceeded with url: /token (Caused by SSLError(S
  [ERROR] shard 493: HTTPSConnectionPool(host='oauth2.googleapis.com', port=443): Max retries exceeded with url: /token (Caused by SSLError(SSLEOFError(8, '[SSL: UNEXPECTED_EOF_WHILE_READING] EOF occurred in violation of 
  [ERROR] shard 494: HTTPSConnectionPool(host='oauth2.googleapis.com', port=443): Max retries exceeded with url: /token (Caused by SSLError(SSLCertVerificationError(1, '[SSL: CERTIFICATE_VERIFY_FAILED] certificate verify 
    shard 497 retry 1/3 (tileScale 2->4) after 2s: HTTPSConnectionPool(host='oauth2.googleapis.com', port=443): Max retries exceeded with url: /token (Caused by SSLError(S
    shard 495 retry 2/3 (tileScale 4->8) after 4s: HTTPSConnectionPool(host='oauth2.googleapis.com', port=443): Max retries exceeded with url: /token (Caused by SSLError(S
    shard 496 retry 1/3 (tileScale 2->4) after 2s: HTTPSConnectionPool(host='oauth2.googleapis.com', port=443): Max retries exceeded with url: /token (Caused by SSLError(S
    shard 497 retry 2/3 (tileScale 4->8) after 4s: HTTPSConnectionPool(host='oauth2.googleapis.com', port=443): Max retries exceeded with url: /token (Caused by SSLError(S
    shard 495 retry 3/3 (tileScale 8->16) after 8s: HTTPSConnectionPool(host='oauth2.googleapis.com', port=443): Max retries exceeded with url: /token (Caused by SSLError(S
    shard 496 retry 2/3 (tileScale 4->8) after 4s: HTTPSConnectionPool(host='oauth2.googleapis.com', port=443): Max retries exceeded with url: /token (Caused by SSLError(S
    shard 497 retry 3/3 (tileScale 8->16) after 8s: HTTPSConnectionPool(host='oauth2.googleapis.com', port=443): Max retries exceeded with url: /token (Caused by SSLError(S
  [ERROR] shard 495: HTTPSConnectionPool(host='oauth2.googleapis.com', port=443): Max retries exceeded with url: /token (Caused by SSLError(SSLCertVerificationError(1, '[SSL: CERTIFICATE_VERIFY_FAILED] certificate verify 
    shard 496 retry 3/3 (tileScale 8->16) after 8s: HTTPSConnectionPool(host='oauth2.googleapis.com', port=443): Max retries exceeded with url: /token (Caused by SSLError(S
    shard 498 retry 1/3 (tileScale 2->4) after 2s: HTTPSConnectionPool(host='oauth2.googleapis.com', port=443): Max retries exceeded with url: /token (Caused by SSLError(S
  [ERROR] shard 497: HTTPSConnectionPool(host='oauth2.googleapis.com', port=443): Max retries exceeded with url: /token (Caused by SSLError(SSLEOFError(8, '[SSL: UNEXPECTED_EOF_WHILE_READING] EOF occurred in violation of 
  [ERROR] shard 496: HTTPSConnectionPool(host='oauth2.googleapis.com', port=443): Max retries exceeded with url: /token (Caused by SSLError(SSLCertVerificationError(1, '[SSL: CERTIFICATE_VERIFY_FAILED] certificate verify 
    shard 498 retry 2/3 (tileScale 4->8) after 4s: HTTPSConnectionPool(host='oauth2.googleapis.com', port=443): Max retries exceeded with url: /token (Caused by SSLError(S
    shard 500 retry 1/3 (tileScale 2->4) after 2s: HTTPSConnectionPool(host='oauth2.googleapis.com', port=443): Max retries exceeded with url: /token (Caused by SSLError(S
    shard 499 retry 1/3 (tileScale 2->4) after 2s: HTTPSConnectionPool(host='oauth2.googleapis.com', port=443): Max retries exceeded with url: /token (Caused by SSLError(S
    shard 499 retry 2/3 (tileScale 4->8) after 4s: HTTPSConnectionPool(host='oauth2.googleapis.com', port=443): Max retries exceeded with url: /token (Caused by SSLError(S
    shard 498 retry 3/3 (tileScale 8->16) after 8s: HTTPSConnectionPool(host='oauth2.googleapis.com', port=443): Max retries exceeded with url: /token (Caused by SSLError(S
    shard 500 retry 2/3 (tileScale 4->8) after 4s: HTTPSConnectionPool(host='oauth2.googleapis.com', port=443): Max retries exceeded with url: /token (Caused by SSLError(S
    shard 499 retry 3/3 (tileScale 8->16) after 8s: HTTPSConnectionPool(host='oauth2.googleapis.com', port=443): Max retries exceeded with url: /token (Caused by SSLError(S
  [ERROR] shard 498: HTTPSConnectionPool(host='oauth2.googleapis.com', port=443): Max retries exceeded with url: /token (Caused by SSLError(SSLCertVerificationError(1, '[SSL: CERTIFICATE_VERIFY_FAILED] certificate verify 
  [ERROR] shard 499: HTTPSConnectionPool(host='oauth2.googleapis.com', port=443): Max retries exceeded with url: /token (Caused by SSLError(SSLEOFError(8, '[SSL: UNEXPECTED_EOF_WHILE_READING] EOF occurred in violation of 
    shard 500 retry 3/3 (tileScale 8->16) after 8s: HTTPSConnectionPool(host='oauth2.googleapis.com', port=443): Max retries exceeded with url: /token (Caused by SSLError(S
    shard 501 retry 1/3 (tileScale 2->4) after 2s: HTTPSConnectionPool(host='oauth2.googleapis.com', port=443): Max retries exceeded with url: /token (Caused by SSLError(S
  [ERROR] shard 500: HTTPSConnectionPool(host='oauth2.googleapis.com', port=443): Max retries exceeded with url: /token (Caused by SSLError(SSLCertVerificationError(1, '[SSL: CERTIFICATE_VERIFY_FAILED] certificate verify 
    shard 502 retry 1/3 (tileScale 2->4) after 2s: HTTPSConnectionPool(host='oauth2.googleapis.com', port=443): Max retries exceeded with url: /token (Caused by SSLError(S
    shard 501 retry 2/3 (tileScale 4->8) after 4s: HTTPSConnectionPool(host='oauth2.googleapis.com', port=443): Max retries exceeded with url: /token (Caused by SSLError(S
    shard 502 retry 2/3 (tileScale 4->8) after 4s: HTTPSConnectionPool(host='oauth2.googleapis.com', port=443): Max retries exceeded with url: /token (Caused by SSLError(S
    shard 503 retry 1/3 (tileScale 2->4) after 2s: HTTPSConnectionPool(host='oauth2.googleapis.com', port=443): Max retries exceeded with url: /token (Caused by SSLError(S
    shard 502 retry 3/3 (tileScale 8->16) after 8s: HTTPSConnectionPool(host='oauth2.googleapis.com', port=443): Max retries exceeded with url: /token (Caused by SSLError(S
    shard 501 retry 3/3 (tileScale 8->16) after 8s: HTTPSConnectionPool(host='oauth2.googleapis.com', port=443): Max retries exceeded with url: /token (Caused by SSLError(S
    shard 503 retry 2/3 (tileScale 4->8) after 4s: HTTPSConnectionPool(host='oauth2.googleapis.com', port=443): Max retries exceeded with url: /token (Caused by SSLError(S
  [ERROR] shard 502: HTTPSConnectionPool(host='oauth2.googleapis.com', port=443): Max retries exceeded with url: /token (Caused by SSLError(SSLCertVerificationError(1, '[SSL: CERTIFICATE_VERIFY_FAILED] certificate verify 
  [ERROR] shard 501: HTTPSConnectionPool(host='oauth2.googleapis.com', port=443): Max retries exceeded with url: /token (Caused by SSLError(SSLCertVerificationError(1, '[SSL: CERTIFICATE_VERIFY_FAILED] certificate verify 
    shard 503 retry 3/3 (tileScale 8->16) after 8s: HTTPSConnectionPool(host='oauth2.googleapis.com', port=443): Max retries exceeded with url: /token (Caused by SSLError(S
    shard 504 retry 1/3 (tileScale 2->4) after 2s: HTTPSConnectionPool(host='oauth2.googleapis.com', port=443): Max retries exceeded with url: /token (Caused by SSLError(S
  [ERROR] shard 503: HTTPSConnectionPool(host='oauth2.googleapis.com', port=443): Max retries exceeded with url: /token (Caused by SSLError(SSLCertVerificationError(1, '[SSL: CERTIFICATE_VERIFY_FAILED] certificate verify 
    shard 505 retry 1/3 (tileScale 2->4) after 2s: HTTPSConnectionPool(host='oauth2.googleapis.com', port=443): Max retries exceeded with url: /token (Caused by SSLError(S
    shard 504 retry 2/3 (tileScale 4->8) after 4s: HTTPSConnectionPool(host='oauth2.googleapis.com', port=443): Max retries exceeded with url: /token (Caused by SSLError(S
    shard 506 retry 1/3 (tileScale 2->4) after 2s: HTTPSConnectionPool(host='oauth2.googleapis.com', port=443): Max retries exceeded with url: /token (Caused by SSLError(S
    shard 505 retry 2/3 (tileScale 4->8) after 4s: HTTPSConnectionPool(host='oauth2.googleapis.com', port=443): Max retries exceeded with url: /token (Caused by SSLError(S
    shard 505 retry 3/3 (tileScale 8->16) after 8s: HTTPSConnectionPool(host='oauth2.googleapis.com', port=443): Max retries exceeded with url: /token (Caused by SSLError(S
    shard 504 retry 3/3 (tileScale 8->16) after 8s: HTTPSConnectionPool(host='oauth2.googleapis.com', port=443): Max retries exceeded with url: /token (Caused by SSLError(S
    shard 506 retry 2/3 (tileScale 4->8) after 4s: HTTPSConnectionPool(host='oauth2.googleapis.com', port=443): Max retries exceeded with url: /token (Caused by SSLError(S
  [ERROR] shard 505: HTTPSConnectionPool(host='oauth2.googleapis.com', port=443): Max retries exceeded with url: /token (Caused by SSLError(SSLCertVerificationError(1, '[SSL: CERTIFICATE_VERIFY_FAILED] certificate verify 
    shard 506 retry 3/3 (tileScale 8->16) after 8s: HTTPSConnectionPool(host='oauth2.googleapis.com', port=443): Max retries exceeded with url: /token (Caused by SSLError(S
  [ERROR] shard 504: HTTPSConnectionPool(host='oauth2.googleapis.com', port=443): Max retries exceeded with url: /token (Caused by SSLError(SSLEOFError(8, '[SSL: UNEXPECTED_EOF_WHILE_READING] EOF occurred in violation of 
    shard 507 retry 1/3 (tileScale 2->4) after 2s: HTTPSConnectionPool(host='oauth2.googleapis.com', port=443): Max retries exceeded with url: /token (Caused by SSLError(S
  [ERROR] shard 506: HTTPSConnectionPool(host='oauth2.googleapis.com', port=443): Max retries exceeded with url: /token (Caused by SSLError(SSLCertVerificationError(1, '[SSL: CERTIFICATE_VERIFY_FAILED] certificate verify 
    shard 508 retry 1/3 (tileScale 2->4) after 2s: HTTPSConnectionPool(host='oauth2.googleapis.com', port=443): Max retries exceeded with url: /token (Caused by SSLError(S
    shard 507 retry 2/3 (tileScale 4->8) after 4s: HTTPSConnectionPool(host='oauth2.googleapis.com', port=443): Max retries exceeded with url: /token (Caused by SSLError(S
    shard 509 retry 1/3 (tileScale 2->4) after 2s: HTTPSConnectionPool(host='oauth2.googleapis.com', port=443): Max retries exceeded with url: /token (Caused by SSLError(S
    shard 508 retry 2/3 (tileScale 4->8) after 4s: HTTPSConnectionPool(host='oauth2.googleapis.com', port=443): Max retries exceeded with url: /token (Caused by SSLError(S
    shard 507 retry 3/3 (tileScale 8->16) after 8s: HTTPSConnectionPool(host='oauth2.googleapis.com', port=443): Max retries exceeded with url: /token (Caused by SSLError(S
    shard 509 retry 2/3 (tileScale 4->8) after 4s: HTTPSConnectionPool(host='oauth2.googleapis.com', port=443): Max retries exceeded with url: /token (Caused by SSLError(S
    shard 508 retry 3/3 (tileScale 8->16) after 8s: HTTPSConnectionPool(host='oauth2.googleapis.com', port=443): Max retries exceeded with url: /token (Caused by SSLError(S
  [ERROR] shard 507: HTTPSConnectionPool(host='oauth2.googleapis.com', port=443): Max retries exceeded with url: /token (Caused by SSLError(SSLEOFError(8, '[SSL: UNEXPECTED_EOF_WHILE_READING] EOF occurred in violation of 
    shard 509 retry 3/3 (tileScale 8->16) after 8s: HTTPSConnectionPool(host='oauth2.googleapis.com', port=443): Max retries exceeded with url: /token (Caused by SSLError(S
  [ERROR] shard 508: HTTPSConnectionPool(host='oauth2.googleapis.com', port=443): Max retries exceeded with url: /token (Caused by SSLError(SSLCertVerificationError(1, '[SSL: CERTIFICATE_VERIFY_FAILED] certificate verify 
    shard 510 retry 1/3 (tileScale 2->4) after 2s: HTTPSConnectionPool(host='oauth2.googleapis.com', port=443): Max retries exceeded with url: /token (Caused by SSLError(S
    shard 510 retry 2/3 (tileScale 4->8) after 4s: HTTPSConnectionPool(host='oauth2.googleapis.com', port=443): Max retries exceeded with url: /token (Caused by SSLError(S
    shard 511 retry 1/3 (tileScale 2->4) after 2s: HTTPSConnectionPool(host='oauth2.googleapis.com', port=443): Max retries exceeded with url: /token (Caused by SSLError(S
  [ERROR] shard 509: HTTPSConnectionPool(host='oauth2.googleapis.com', port=443): Max retries exceeded with url: /token (Caused by SSLError(SSLCertVerificationError(1, '[SSL: CERTIFICATE_VERIFY_FAILED] certificate verify 
    shard 510 retry 3/3 (tileScale 8->16) after 8s: HTTPSConnectionPool(host='oauth2.googleapis.com', port=443): Max retries exceeded with url: /token (Caused by SSLError(S
    shard 512 retry 1/3 (tileScale 2->4) after 2s: HTTPSConnectionPool(host='oauth2.googleapis.com', port=443): Max retries exceeded with url: /token (Caused by SSLError(S
    shard 511 retry 2/3 (tileScale 4->8) after 4s: HTTPSConnectionPool(host='oauth2.googleapis.com', port=443): Max retries exceeded with url: /token (Caused by SSLError(S
    shard 512 retry 2/3 (tileScale 4->8) after 4s: HTTPSConnectionPool(host='oauth2.googleapis.com', port=443): Max retries exceeded with url: /token (Caused by SSLError(S
    shard 511 retry 3/3 (tileScale 8->16) after 8s: HTTPSConnectionPool(host='oauth2.googleapis.com', port=443): Max retries exceeded with url: /token (Caused by SSLError(S
  [ERROR] shard 510: HTTPSConnectionPool(host='oauth2.googleapis.com', port=443): Max retries exceeded with url: /token (Caused by SSLError(SSLCertVerificationError(1, '[SSL: CERTIFICATE_VERIFY_FAILED] certificate verify 
    shard 512 retry 3/3 (tileScale 8->16) after 8s: HTTPSConnectionPool(host='oauth2.googleapis.com', port=443): Max retries exceeded with url: /token (Caused by SSLError(S
  [ERROR] shard 511: HTTPSConnectionPool(host='oauth2.googleapis.com', port=443): Max retries exceeded with url: /token (Caused by SSLError(SSLEOFError(8, '[SSL: UNEXPECTED_EOF_WHILE_READING] EOF occurred in violation of 
    shard 513 retry 1/3 (tileScale 2->4) after 2s: HTTPSConnectionPool(host='oauth2.googleapis.com', port=443): Max retries exceeded with url: /token (Caused by SSLError(S