size,seed,parent_id,parent_label,n_eff_min,dor,ci_width
10,0,00000000000000000085,built_loss,6.001995840218679,0.4354363730991573,0.24670893430687363
10,0,00000000000000000114,built_loss,6.9347077392460434,0.6791047636792051,0.22031063414636964
10,0,0000000000000000024c,built_loss,7.481493637964753,0.7109460371634772,0.24118844290453478
10,0,00000000000000000375,built_loss,7.482794214977134,0.7010461137842832,0.20025628867953926
10,0,000000000000000004d2,built_loss,8.897578304025657,0.1675731625223601,0.6447191551833873
10,0,000000000000000005bd,built_loss,4.3531232123459285,0.473894954294425,0.21581996182933538
10,0,00000000000000000281,crop_loss,9.557767550100316,0.49700332569493616,0.1680717262822456
10,0,000000000000000003a2,crop_loss,6.592699256004313,0.47431186395602765,0.34632324370878337
10,0,00000000000000000001,built_loss,7.696295874350236,0.486669420039406,0.2890074072552403
10,0,00000000000000000049,built_loss,2.9842080489976923,0.49517402521035175,0.2466235910032702
10,0,0000000000000000004a,built_loss,6.0336314759463985,0.43679672418241977,0.10083549779047507
10,0,0000000000000000004f,built_loss,9.340518453182883,0.43519597091477735,0.30808224929657346
10,0,0000000000000000005a,built_loss,8.68060554170957,0.4117344067126261,0.12896392885958963
10,0,00000000000000000079,built_loss,8.678697821431115,0.6862867456188748,0.23066534327251886
10,0,00000000000000000087,built_loss,9.028492739335443,0.6850569575499821,0.3554350108584875
10,0,000000000000000000a1,built_loss,5.782361684448555,0.4816392528265072,0.1928004279975522
10,0,000000000000000000b8,built_loss,6.111362959840574,0.5458284031063766,0.5620289699342437
10,0,000000000000000000c0,built_loss,8.017323261438799,0.5167416741440429,0.23222328866142739
10,0,000000000000000000e2,built_loss,6.360381574494308,0.28345538867025943,0.19290393490925087
10,0,000000000000000000f0,built_loss,7.138020328332457,0.7838873751902157,0.36291973594476
10,0,000000000000000000f8,built_loss,8.74504946012787,0.4530030387702737,0.22819994083103662
10,0,0000000000000000011c,built_loss,5.163234523475471,0.7207221942402385,0.27607317639859597
10,0,00000000000000000161,built_loss,8.044009374377007,0.6213877144408886,0.16409354666801812
10,0,0000000000000000016a,built_loss,5.2180311307736655,0.24623907426352998,0.20680076448119067
10,0,000000000000000001a8,built_loss,8.068924076918348,0.4631809755184113,0.13826045908034357
10,0,000000000000000001be,built_loss,4.625238977019863,0.47674081956484105,0.17872623855409236
10,0,000000000000000001cd,built_loss,8.710511948196041,0.7926341533371052,0.32040921761350294
10,0,000000000000000001e5,built_loss,7.336013842903132,0.6112676968885682,0.26529875787492707
10,0,00000000000000000206,built_loss,7.431855073404387,0.6892324104553752,0.32805274686896263
10,0,00000000000000000209,built_loss,9.193807436078206,0.6683196460124377,0.3398146619610875
10,0,00000000000000000231,built_loss,8.676210566653255,0.5723470489768927,0.249291541153632
10,0,0000000000000000026d,built_loss,8.089678441672135,0.6930108907283716,0.3056250102358494
10,0,00000000000000000278,built_loss,9.31106056431091,0.7651009449113119,0.17793215129433326
10,0,00000000000000000293,built_loss,7.47385235469564,0.5025404506785324,0.20007007651555964
10,0,000000000000000002a4,built_loss,3.6736750435604284,0.4597841106727612,0.10127375269224875
10,0,00000000000000000316,built_loss,1.9680951644575433,0.09437201170126584,0.0654024816395648
10,0,00000000000000000356,built_loss,8.409006621567583,0.4881082329081991,0.4217864513459406
10,0,00000000000000000362,built_loss,9.863496786920377,0.6017318839450282,0.12759897183657432
10,0,00000000000000000363,built_loss,7.244973369752129,0.21384701474684426,0.19374896822297075
10,0,00000000000000000364,built_loss,9.204051238795255,0.5111222575104465,0.30026557777231094
10,0,00000000000000000380,built_loss,8.444087790927721,0.4781978984659526,0.2127073204601807
10,0,00000000000000000384,built_loss,7.537706029194512,0.5637167822834847,0.22261483069174076
10,0,0000000000000000039e,built_loss,6.475450668357775,0.5123248916664565,0.1809239612094382
10,0,000000000000000003a1,built_loss,7.009568160783639,0.6609919390974931,0.16212516694439516
10,0,000000000000000003a5,built_loss,7.758204836239455,0.4820700020273123,0.27935812102983393
10,0,000000000000000003b7,built_loss,7.400705454908311,0.5002599712453458,0.08854311767338391
10,0,000000000000000003bf,built_loss,9.55198391114496,0.5174260805332814,0.23190802171967034
10,0,000000000000000003f8,built_loss,4.09881909988477,0.23973066296738615,0.14485572081601347
10,0,000000000000000003fa,built_loss,9.564336381705239,0.41633255800657465,0.22623436172315842
10,0,00000000000000000407,built_loss,9.137247633063065,0.5721943168731101,0.24196329095522
10,0,0000000000000000040f,built_loss,7.129711935194574,0.5508183994494947,0.0722332057658126
10,0,00000000000000000426,built_loss,7.4425496864045115,0.6328826934663091,0.25147261362890927
10,0,0000000000000000042b,built_loss,8.43172398226981,0.5567160911053995,0.3074228551370435
10,0,00000000000000000442,built_loss,3.5122750552058886,0.24837556642766087,0.3487267086398277
10,0,00000000000000000465,built_loss,8.457973272504448,0.6469280914594038,0.2505406897452238
10,0,0000000000000000047e,built_loss,7.6296845654972545,0.5042042205854761,0.23667628805358726
10,0,000000000000000004c0,built_loss,8.688102936430138,0.7113357050437599,0.1467827238026771
10,0,000000000000000004c5,built_loss,6.358647581710274,0.5568919204619445,0.2496477438309178
10,0,000000000000000004d9,built_loss,8.166488185409031,0.6063285548863764,0.1875186529866597
10,0,000000000000000004eb,built_loss,9.616864154098073,0.4686262548657945,0.16900769645162755
10,0,000000000000000004f5,built_loss,4.624401226343336,0.5264124522139091,0.23728995173898604
10,0,000000000000000004f7,built_loss,6.744628906008828,0.4686180646573808,0.10740900856414076
10,0,000000000000000004fe,built_loss,6.450134864359665,0.48050665569203077,0.16143314428855043
10,0,0000000000000000051d,built_loss,8.202532305585796,0.2834045306181751,0.31140299319372683
10,0,00000000000000000559,built_loss,8.349672225398098,0.630330182590787,0.36091135967310933
10,0,00000000000000000576,built_loss,5.882825418386747,0.22835397257989956,0.19121216120212464
10,0,00000000000000000577,built_loss,7.291793907868851,0.4712655576921792,0.3128564044537846
10,0,0000000000000000057f,built_loss,2.0166732677187054,0.35105631506814455,0.3065557125346457
10,0,00000000000000000594,built_loss,6.370856882926787,0.34164565999525576,0.17642211310271091
10,0,000000000000000005bf,built_loss,7.461452963088229,0.42272699160948507,0.18127373726375007
10,0,000000000000000005cc,built_loss,4.65097611040871,0.3670076933326096,0.16265823930471407
10,0,000000000000000005de,built_loss,9.43570212820056,0.39819229903059555,0.15333603295450404
10,0,000000000000000005e7,built_loss,7.698007955425348,0.6486934419142264,0.19742962008431086
10,0,000000000000000005f9,built_loss,6.737930714956135,0.5675045686848867,0.3087490789804614
10,0,0000000000000000061c,built_loss,7.4009214262377245,0.4761666623589296,0.29072957813353173
10,0,00000000000000000626,built_loss,7.783215706626574,0.5048668710230738,0.13337932861683682
10,0,0000000000000000062a,built_loss,9.410264540659739,0.696063532686985,0.19836980878315225
10,0,00000000000000000636,built_loss,7.574365810881227,0.43904471896463604,0.28738035480899454
10,0,0000000000000000064a,built_loss,2.2943684568311955,0.22308495651865262,0.22158167357146422
10,0,0000000000000000064d,built_loss,5.686299440195084,0.4997669472575202,0.20092733879874086
10,0,00000000000000000694,built_loss,7.160699158525445,0.36172831014482804,0.12575167604577597
10,0,0000000000000000069d,built_loss,6.775624106415267,0.6535665239814431,0.23013201884717793
10,0,000000000000000006b7,built_loss,9.759760458159901,0.45888846618498935,0.15266826630108654
10,0,000000000000000006df,built_loss,7.778157341074915,0.26094144107209927,0.4659487097405278
10,0,000000000000000006e3,built_loss,8.495150155212139,0.37843772717681795,0.3000510089839372
10,0,00000000000000000011,crop_loss,9.107444652149384,0.8794710112821323,0.43777392909246804
10,0,0000000000000000002b,crop_loss,9.097497969654363,0.14083627549851974,0.2589880812023518
10,0,0000000000000000003a,crop_loss,7.608163061416188,0.3542957280696522,0.25597113447507175
10,0,0000000000000000009b,crop_loss,8.366441569843909,0.5085849523115831,0.05456171681540989
10,0,000000000000000000a8,crop_loss,7.594690721150441,0.2433831444965082,0.16627234709925331
10,0,000000000000000000da,crop_loss,7.655079777074311,0.6833822488182829,0.14573629516419706
10,0,000000000000000000e3,crop_loss,7.976713860928991,0.44767640943730225,0.25705168544815743
10,0,000000000000000000e9,crop_loss,3.9940125310268373,0.36351984324749675,0.37568801019743225
10,0,0000000000000000011b,crop_loss,8.035840947396938,0.4703889584235214,0.1521954118336699
10,0,00000000000000000128,crop_loss,6.710822158078661,0.5332443362866731,0.09095805657487865
10,0,0000000000000000016c,crop_loss,8.409845351761232,0.34553445936708166,0.3034312515115165
10,0,00000000000000000196,crop_loss,7.610725034439343,0.31433329135546934,0.25488675039830583
10,0,000000000000000001a6,crop_loss,7.935469656031187,0.3179383925016539,0.23497478535617428
10,0,000000000000000001e4,crop_loss,8.232266827746413,0.4296590104948389,0.10031572232308233
10,0,000000000000000001f9,crop_loss,8.726743320478258,0.7738718448128304,0.3969840479613512
10,0,00000000000000000228,crop_loss,8.37311336328464,0.48512354082591863,0.3958330487032735
10,0,0000000000000000028c,crop_loss,1.8080765958066243,0.25211648603745673,0.1061184653530848
10,0,0000000000000000028d,crop_loss,7.963981482079701,0.6606206320703927,0.15362604960021575
10,0,00000000000000000291,crop_loss,6.549862330693159,0.9080531405660449,0.0713176911597353
10,0,000000000000000002c5,crop_loss,8.544394968817913,0.3515285416871345,0.42404463962691147
10,0,000000000000000002cc,crop_loss,5.484092479063694,0.39081562161574623,0.18126416313600074
10,0,000000000000000002dc,crop_loss,7.373042096101489,0.6682562839679004,0.1567330221070775
10,0,000000000000000002e4,crop_loss,9.110983046511693,0.3006861022746579,0.32254833178441755
10,0,000000000000000002ec,crop_loss,9.445194777312445,0.4901683987944793,0.29766462567332475
10,0,00000000000000000314,crop_loss,8.345868818328151,0.046771432634372105,0.16511872905706154
10,0,00000000000000000335,crop_loss,8.882364707159956,0.3809945569237432,0.4614687877197416
10,0,0000000000000000033a,crop_loss,7.670753778789435,0.41463265964201107,0.2243453096892838
10,0,000000000000000003b0,crop_loss,9.737337414012837,0.20238570131677522,0.19013527726425747
10,0,000000000000000003f1,crop_loss,8.77242576889758,0.4109477496370987,0.33595896198059366
10,0,000000000000000003f2,crop_loss,8.878544143594745,0.5049879109759197,0.26780139590615193
10,0,0000000000000000044b,crop_loss,6.133397443755335,0.5348802420647302,0.1930563774338503
10,0,00000000000000000480,crop_loss,5.581788044941842,0.8099849706150379,0.33029486758254933
10,0,00000000000000000485,crop_loss,8.389527040843332,0.6644751081033435,0.23046478114561697
10,0,00000000000000000497,crop_loss,9.111536210399755,0.2795173341077296,0.2756144277513376
10,0,0000000000000000049b,crop_loss,8.885607042669886,0.37733174922414336,0.14441543258602263
10,0,000000000000000004a1,crop_loss,8.32779344631764,0.33957729842244205,0.2873867714319977
10,0,000000000000000004e7,crop_loss,7.094151043928256,0.4721558693567287,0.1445566405070875
10,0,000000000000000004e9,crop_loss,5.80835921750014,0.4087272422850136,0.3957102642682214
10,0,000000000000000004f9,crop_loss,8.521187776052233,0.44158711857010047,0.3714049731882721
10,0,00000000000000000517,crop_loss,9.049484960560566,0.2735047127020536,0.6457875609679546
10,0,00000000000000000538,crop_loss,1.0472682298026552,0.3479479152281205,0.12379069654681801
10,0,0000000000000000057e,crop_loss,2.983563392615315,0.5138526100996967,0.1167800811143001
10,0,000000000000000005d1,crop_loss,8.03499264334416,0.2199128926386908,0.2171591087756779
10,0,00000000000000000632,crop_loss,5.092269510035869,0.09936011128599172,0.09114678996888245
10,0,0000000000000000063e,crop_loss,9.959990569612442,0.3710052685343092,0.19044285439802183
10,0,00000000000000000655,crop_loss,8.4164071711064,0.6142724354692926,0.3091145781636693
10,0,00000000000000000697,crop_loss,8.460677740881529,0.5220063173408779,0.25662492673610904
10,0,00000000000000000698,crop_loss,8.086458778568868,0.35279872395339146,0.200850066559907
10,0,000000000000000006a8,crop_loss,9.97953509612619,0.2718120705436009,0.13788324418059353
10,0,000000000000000006b4,crop_loss,9.67641447954674,0.46523231788109193,0.3486258946444611
10,0,000000000000000006be,crop_loss,9.021524422165532,0.3864770151650217,0.3283882082220518
10,0,000000000000000006c0,crop_loss,2.004212780771895,0.2219092839549685,0.18085908635763556
10,0,000000000000000006cc,crop_loss,9.122252822090699,0.46159024632759044,0.25457746051461316
10,0,000000000000000006ce,crop_loss,6.248732220286676,0.5434273841655314,0.22852593610336464
10,0,000000000000000006d9,crop_loss,6.895276394747965,0.16665419008068263,0.1502204453193011
10,0,000000000000000006e5,crop_loss,8.442856988798615,0.5145516479295601,0.17495428745746866
10,0,00000000000000000151,built_loss,5.092787780145065,0.22970047736526422,0.13069435658351153
10,0,0000000000000000034d,built_loss,2.7893231130889666,0.42034650535754714,0.3310243290402816
10,0,000000000000000003c7,crop_loss,8.38338848112723,0.753979401526977,0.22107522985571348
10,0,00000000000000000176,built_loss,8.20327932099091,0.6481085309801764,0.2697876670163429
10,0,000000000000000003d2,built_loss,7.992665947170007,0.6554094550710694,0.3034579045496403
10,0,00000000000000000490,built_loss,8.48561082893595,0.6785289192529603,0.1815225764234487
10,0,000000000000000005ad,built_loss,8.09686429840088,0.6333631832725783,0.2146085747380298
10,0,00000000000000000624,built_loss,3.077112461056004,0.4544278019961328,0.2339192876224787
10,0,0000000000000000002d,crop_loss,7.675392496291606,0.4546930720730274,0.16993776984177728
10,0,0000000000000000009d,crop_loss,4.725922389135379,0.44744953414872574,0.26481918165976553
10,0,00000000000000000192,crop_loss,9.952109424343124,0.5498728489578922,0.15404804459509136
10,0,000000000000000003c8,crop_loss,8.457381236700693,0.2221255764069729,0.2732703050480415
10,0,0000000000000000046c,crop_loss,9.404245514788059,0.37370047173196624,0.326597830262936
10,0,00000000000000000483,crop_loss,7.559016915771599,0.5902218378218747,0.33215343089129457
10,0,000000000000000004ee,crop_loss,8.52274392601809,0.3520069727226673,0.44848870887969294
10,0,00000000000000000611,crop_loss,9.883218213351881,0.6217259478943067,0.21554175799338482
10,0,0000000000000000062f,crop_loss,7.283358442177271,0.46631789449459127,0.4458166812205577
10,1,00000000000000000085,built_loss,6.799408715852551,0.44081163210476126,0.18044649538469204
10,1,00000000000000000114,built_loss,6.613310485233313,0.7989757923017664,0.12954684845947906
10,1,0000000000000000024c,built_loss,9.014558349024494,0.6525150891073482,0.22260918120763473
10,1,00000000000000000375,built_loss,8.544607877346651,0.645183906493946,0.15212428418495683
10,1,000000000000000004d2,built_loss,8.31481210747004,0.19125573709188068,0.5970391291792377
10,1,000000000000000005bd,built_loss,2.973756042977862,0.5722256385913972,0.17863332694241857
10,1,00000000000000000281,crop_loss,8.406115051077279,0.5165211733954442,0.163006281888592
10,1,000000000000000003a2,crop_loss,8.49328197472462,0.3613102688554075,0.35130298261162624
10,1,00000000000000000001,built_loss,8.230798815350884,0.5408650005460214,0.14551479369310089
10,1,00000000000000000049,built_loss,5.147373489290909,0.4939424222258475,0.11502537096464677
10,1,0000000000000000004a,built_loss,5.219541571854033,0.4466776986270101,0.07468485313022483
10,1,0000000000000000004f,built_loss,8.216768889744875,0.472046659958585,0.29177659564774777
10,1,0000000000000000005a,built_loss,6.007813198442746,0.3721789746188979,0.15400111901073854
10,1,00000000000000000079,built_loss,8.305792821207532,0.5983498813236198,0.18692764132102324
10,1,00000000000000000087,built_loss,8.383655605989242,0.5317170093613469,0.4635872070372767
10,1,000000000000000000a1,built_loss,5.905909428461859,0.4303281304225784,0.16565178254076912
10,1,000000000000000000b8,built_loss,7.554320898130186,0.5330429812686972,0.30371331037401555
10,1,000000000000000000c0,built_loss,7.302897551444906,0.576750182684693,0.2669002831654877
10,1,000000000000000000e2,built_loss,7.120742878297626,0.34770829471803566,0.21402898873865556
10,1,000000000000000000f0,built_loss,9.03651330939214,0.6359564131544785,0.33811568648646817
10,1,000000000000000000f8,built_loss,8.694741026727641,0.5708146608016371,0.3153466013051082
10,1,0000000000000000011c,built_loss,2.4726351858136737,0.7311041980999533,0.2638890879394239
10,1,00000000000000000161,built_loss,8.94918212522331,0.682797208956397,0.17075953455939497
10,1,0000000000000000016a,built_loss,6.153009723030792,0.23434022005268246,0.2038768471231087
10,1,000000000000000001a8,built_loss,8.375306328796169,0.5921598281804067,0.16453313723355956
10,1,000000000000000001be,built_loss,3.446956690155824,0.5153176238778502,0.2160409677537133
10,1,000000000000000001cd,built_loss,7.46197719207594,0.7762289801066649,0.3706308940410262
10,1,000000000000000001e5,built_loss,6.678777664797527,0.5488461529299296,0.32986100632989984
10,1,00000000000000000206,built_loss,7.512458564150041,0.7756369909321632,0.21022783640652498
10,1,00000000000000000209,built_loss,9.95143450448593,0.49328268135527265,0.34990496853601344
10,1,00000000000000000231,built_loss,9.0231369733792,0.432430810713868,0.31611059827525056
10,1,0000000000000000026d,built_loss,9.060875725142134,0.4906931597827785,0.2807935873094125
10,1,00000000000000000278,built_loss,8.579256786890518,0.657645723946043,0.255336853948122
10,1,00000000000000000293,built_loss,6.731595390482412,0.5449517660466177,0.2622950704314519
10,1,000000000000000002a4,built_loss,5.73287286954885,0.3829857354499394,0.22554595552291629
10,1,00000000000000000316,built_loss,1.787692660265966,0.11003302598322875,0.13217631220240317
10,1,00000000000000000356,built_loss,8.795283426618086,0.5468373056003902,0.2581347736099468
10,1,00000000000000000362,built_loss,9.082526818028764,0.608312215499918,0.2734543029217585
10,1,00000000000000000363,built_loss,9.076106002851,0.21067359459675264,0.3083934621481643
10,1,00000000000000000364,built_loss,9.768104177018012,0.5769167407301362,0.38909049308367566
10,1,00000000000000000380,built_loss,7.307581700771966,0.4721092241694453,0.17563178916581812
10,1,00000000000000000384,built_loss,8.172845712825351,0.5666197492665385,0.2010399057467388
10,1,0000000000000000039e,built_loss,5.4968032030855625,0.44967252601827223,0.20550827229528695
10,1,000000000000000003a1,built_loss,8.282852671241757,0.6500235648918726,0.17386240155462263
10,1,000000000000000003a5,built_loss,8.296748374950605,0.46868486932125375,0.31697409501630097
10,1,000000000000000003b7,built_loss,7.3561355039122,0.4922531132914841,0.18700341525279524
10,1,000000000000000003bf,built_loss,6.955039251810329,0.5769256316480497,0.13451499816504264
10,1,000000000000000003f8,built_loss,4.3464217220265144,0.21887208093347002,0.0964312641782587
10,1,000000000000000003fa,built_loss,9.758681222370543,0.43612498505431996,0.22781128245389387
10,1,00000000000000000407,built_loss,7.7572605246420725,0.6285129467716278,0.23342861530569264
10,1,0000000000000000040f,built_loss,9.199079703130968,0.48935766138030184,0.107952307777543
10,1,00000000000000000426,built_loss,8.265978478605424,0.4914591769469376,0.21156650312979203
10,1,0000000000000000042b,built_loss,7.543247299083237,0.6048634718709631,0.1250741882340407
10,1,00000000000000000442,built_loss,2.8623893096074413,0.3204109031293658,0.43350113692937253
10,1,00000000000000000465,built_loss,8.029331922981132,0.7467025195057831,0.22299431310676443
10,1,0000000000000000047e,built_loss,8.633789597432964,0.5209019497643204,0.15294601973768018
10,1,000000000000000004c0,built_loss,7.399818650849456,0.6630663009063988,0.2514338214793719
10,1,000000000000000004c5,built_loss,7.050058208926976,0.5216752688274353,0.23157706139160156
10,1,000000000000000004d9,built_loss,9.862948018252974,0.5160224925526224,0.23954956188496773
10,1,000000000000000004eb,built_loss,8.531238521156212,0.4589124916570565,0.08762284155152122
10,1,000000000000000004f5,built_loss,4.443747088317742,0.593120320966476,0.29332208514590913
10,1,000000000000000004f7,built_loss,5.170834240429146,0.4559321141480592,0.0973667716670556
10,1,000000000000000004fe,built_loss,7.754407705409533,0.503539374599059,0.14317466846318583
10,1,0000000000000000051d,built_loss,7.772536719584391,0.5099457607386305,0.5029974431048436
10,1,00000000000000000559,built_loss,7.025615249008113,0.618486136694168,0.18356446675871618
10,1,00000000000000000576,built_loss,4.703101413751094,0.2951718391533315,0.19381096614759077
10,1,00000000000000000577,built_loss,5.549812128180185,0.4826048491295573,0.24296357464990936
10,1,0000000000000000057f,built_loss,2.428676365915506,0.3598810320336267,0.15970469597102321
10,1,00000000000000000594,built_loss,8.27370799212188,0.3856529197661182,0.4008112894448787
10,1,000000000000000005bf,built_loss,8.286187752194154,0.4124906499092891,0.14710955540806525
10,1,000000000000000005cc,built_loss,7.360762696518052,0.4203521584710964,0.1554374802093187
10,1,000000000000000005de,built_loss,8.282391335508528,0.4490100491158505,0.07384578578593282
10,1,000000000000000005e7,built_loss,8.379677180121504,0.5728194791247251,0.273924449683325
10,1,000000000000000005f9,built_loss,4.975977013467329,0.6735941132169435,0.2571497648120523
10,1,0000000000000000061c,built_loss,7.150925440223558,0.2792549865757255,0.11584507615659678
10,1,00000000000000000626,built_loss,7.487814507526183,0.4940542363945243,0.1243901445314205
10,1,0000000000000000062a,built_loss,8.807405938174073,0.6150466472517687,0.24703642504624285
10,1,00000000000000000636,built_loss,8.6378878145393,0.5645979485611307,0.39193004691556793
10,1,0000000000000000064a,built_loss,2.5750575055845784,0.28518232605086363,0.17180795268027962
10,1,0000000000000000064d,built_loss,8.175766171444703,0.35917090797332907,0.22108799489517955
10,1,00000000000000000694,built_loss,7.625127234555491,0.34243730586224747,0.20963849753876074
10,1,0000000000000000069d,built_loss,8.475683070790321,0.6927697949983513,0.2848122803986589
10,1,000000000000000006b7,built_loss,8.848104820846041,0.4402337266398269,0.2136206112778139
10,1,000000000000000006df,built_loss,8.76403703809633,0.26608257983462236,0.2717704382741724
10,1,000000000000000006e3,built_loss,7.916141868176993,0.42660737686215106,0.2845488528671592
10,1,00000000000000000011,crop_loss,7.860106638673287,0.7065801283927232,0.6055355972108523
10,1,0000000000000000002b,crop_loss,9.02619878887085,0.15297164479237427,0.2764539971034702
10,1,0000000000000000003a,crop_loss,9.07646386748096,0.3419692350784453,0.20195937328768288
10,1,0000000000000000009b,crop_loss,7.656328681037945,0.5095145489287093,0.07844492244826412
10,1,000000000000000000a8,crop_loss,7.86810014886108,0.20070099901094793,0.07286814653864077
10,1,000000000000000000da,crop_loss,7.149374324860305,0.72213421659977,0.15267614230470494
10,1,000000000000000000e3,crop_loss,8.15356519171892,0.5175076890361686,0.2505142580697217
10,1,000000000000000000e9,crop_loss,3.541998731398259,0.34370888371376174,0.1969935394585791
10,1,0000000000000000011b,crop_loss,8.50247917468053,0.4809220086301409,0.15066204543853567
10,1,00000000000000000128,crop_loss,6.488181717321344,0.520916835398973,0.10291426084831562
10,1,0000000000000000016c,crop_loss,9.23582679362263,0.44376808065904694,0.23018674364962555
10,1,00000000000000000196,crop_loss,8.887845336054166,0.2181402648986902,0.12325275788140644
10,1,000000000000000001a6,crop_loss,7.345280530342027,0.28913884706937854,0.3788513175379111
10,1,000000000000000001e4,crop_loss,8.363505676820127,0.4391552259769949,0.18004935124472876
10,1,000000000000000001f9,crop_loss,8.761105987122267,0.46977945169682034,0.6145667324842146
10,1,00000000000000000228,crop_loss,7.791437700298878,0.19804821068901968,0.4008245246567254
10,1,0000000000000000028c,crop_loss,2.177741365162678,0.3958982339361265,0.16282807230444163
10,1,0000000000000000028d,crop_loss,7.525428307974906,0.7603442093786275,0.26390808769351914
10,1,00000000000000000291,crop_loss,6.693611433820412,0.9028933237112448,0.049874757450048324
10,1,000000000000000002c5,crop_loss,9.063656317193743,0.46939774395361694,0.4406863791428459
10,1,000000000000000002cc,crop_loss,6.49423540230197,0.4748257171232466,0.39911618689158873
10,1,000000000000000002dc,crop_loss,7.929473079973981,0.5565231829454826,0.25804079371313987
10,1,000000000000000002e4,crop_loss,9.190544113368302,0.3341990145105897,0.35957349667314736
10,1,000000000000000002ec,crop_loss,7.5880954983608415,0.45514997242506894,0.29479580223955987
10,1,00000000000000000314,crop_loss,8.38632948628681,0.31339121346290094,0.3277897777084031
10,1,00000000000000000335,crop_loss,7.607238452697037,0.4419424064565799,0.36369128805286166
10,1,0000000000000000033a,crop_loss,7.58199111996472,0.45509994735338044,0.25451172701633357
10,1,000000000000000003b0,crop_loss,8.800263094795698,0.1639498253795121,0.3142923387364393
10,1,000000000000000003f1,crop_loss,9.042184888552733,0.5064369603801904,0.2715687920217472
10,1,000000000000000003f2,crop_loss,8.787738633648646,0.44318765044467007,0.24782066287313537
10,1,0000000000000000044b,crop_loss,8.35833432530913,0.5853598907147229,0.256304381448496
10,1,00000000000000000480,crop_loss,6.233791369549267,0.8491881312954362,0.5895189706752417
10,1,00000000000000000485,crop_loss,9.843478434187872,0.7249077085310894,0.1963234981418055
10,1,00000000000000000497,crop_loss,9.555778116074018,0.16358935841103803,0.14172587172087572
10,1,0000000000000000049b,crop_loss,9.01644849808284,0.3567273162433866,0.18157796207666677
10,1,000000000000000004a1,crop_loss,8.601420457792162,0.2767509159962415,0.09700222140303852
10,1,000000000000000004e7,crop_loss,5.73199271705727,0.4734338507252843,0.13929632044748236
10,1,000000000000000004e9,crop_loss,5.974885160678155,0.3859372292351591,0.36660435553912835
10,1,000000000000000004f9,crop_loss,8.42128572024165,0.40204899520146126,0.423297696993452
10,1,00000000000000000517,crop_loss,6.520066830337892,0.27543929010592133,0.26895155117457736
10,1,00000000000000000538,crop_loss,1.0806786146524012,0.24787179931717537,0.07324639229599711
10,1,0000000000000000057e,crop_loss,3.2777152014872595,0.5667036958552777,0.10833636696098742
10,1,000000000000000005d1,crop_loss,6.822958192353207,0.14234309933173483,0.11964874170397136
10,1,00000000000000000632,crop_loss,7.6067759052130235,0.06797615728069384,0.06626917576691523
10,1,0000000000000000063e,crop_loss,9.196013825120565,0.3477565937275329,0.18182292314825793
10,1,00000000000000000655,crop_loss,7.748579040664956,0.5524952110051784,0.44985460203534433
10,1,00000000000000000697,crop_loss,9.521175408212166,0.4964767458819659,0.18477975022868737
10,1,00000000000000000698,crop_loss,5.12860669254294,0.41493117271539554,0.26183859531431747
10,1,000000000000000006a8,crop_loss,7.6180068415470545,0.4282171081106856,0.24799332657402795
10,1,000000000000000006b4,crop_loss,9.393547751858689,0.623694502904564,0.3181325239264505
10,1,000000000000000006be,crop_loss,7.990911483141537,0.27757731679022174,0.2377227919338336
10,1,000000000000000006c0,crop_loss,3.188927316019899,0.26768558301075784,0.3974897472977293
10,1,000000000000000006cc,crop_loss,9.016340631895595,0.452245994782177,0.25501768556814874
10,1,000000000000000006ce,crop_loss,7.792130623920938,0.4056030545010098,0.33358640317796
10,1,000000000000000006d9,crop_loss,7.452856770036007,0.19247379333675319,0.19680144811162648
10,1,000000000000000006e5,crop_loss,9.558470865087038,0.5125168683311911,0.40080336372522474
10,1,00000000000000000151,built_loss,6.576793670125217,0.23747550763967004,0.12216659070812064
10,1,0000000000000000034d,built_loss,2.9201836845977565,0.4292046063853879,0.17145902000176266
10,1,000000000000000003c7,crop_loss,9.617606719471146,0.7334426476338014,0.14854052064150358
10,1,00000000000000000176,built_loss,9.825321795581365,0.6340798652395884,0.10575376770781464
10,1,000000000000000003d2,built_loss,8.930327073956724,0.5437123421151608,0.23998919380943995
10,1,00000000000000000490,built_loss,9.394225282211508,0.6094243073471909,0.26153967233890935
10,1,000000000000000005ad,built_loss,8.565719122439347,0.6231787427758647,0.17231291446807429
10,1,00000000000000000624,built_loss,3.759030547937832,0.46372125437403106,0.2412369372425353
10,1,0000000000000000002d,crop_loss,8.652569946334976,0.44213054443453076,0.18826119270716574
10,1,0000000000000000009d,crop_loss,4.661405516237375,0.37449725000670414,0.2705217484894113
10,1,00000000000000000192,crop_loss,7.877646724029395,0.631175998181979,0.09447301628185178
10,1,000000000000000003c8,crop_loss,6.992809691667054,0.17378626437441572,0.23885630474792138
10,1,0000000000000000046c,crop_loss,8.105045822544502,0.45813190338029247,0.5293205596902386
10,1,00000000000000000483,crop_loss,6.715409802649119,0.5762785672300146,0.3242920892305938
10,1,000000000000000004ee,crop_loss,5.444819239847906,0.40367405008612506,0.3789039766187455
10,1,00000000000000000611,crop_loss,8.758847908691784,0.6834408079391403,0.20606152774337727
10,1,0000000000000000062f,crop_loss,8.321461844535012,0.4451044402113617,0.35420409908880335
10,2,00000000000000000085,built_loss,6.507392392409606,0.3874548168402008,0.2083072709682381
10,2,00000000000000000114,built_loss,7.5130630351204015,0.74869012603928,0.1742008454181163
10,2,0000000000000000024c,built_loss,6.8495114959272305,0.5711171955723642,0.2637006677408997
10,2,00000000000000000375,built_loss,6.963401999993258,0.7128847599571131,0.1596221038607083
10,2,000000000000000004d2,built_loss,9.612126426425352,0.4730337304313271,0.6670322440782797
10,2,000000000000000005bd,built_loss,3.9687876061444047,0.5628870900478614,0.2643926222709462
10,2,00000000000000000281,crop_loss,8.296401867636366,0.5476897488751156,0.21909957729761048
10,2,000000000000000003a2,crop_loss,7.400733265135709,0.35595863254481314,0.2902524107017074
10,2,00000000000000000001,built_loss,9.033050035418059,0.37949766066845453,0.2573085462999767
10,2,00000000000000000049,built_loss,5.217618827482003,0.4650168875613206,0.18284179501168224
10,2,0000000000000000004a,built_loss,5.792353129540294,0.44172566421167986,0.10973450335469431
10,2,0000000000000000004f,built_loss,8.43118007135676,0.3337532361057548,0.3471376894294756
10,2,0000000000000000005a,built_loss,8.751587625230327,0.4469240364649791,0.15846901318539686
10,2,00000000000000000079,built_loss,9.408563856411096,0.5545069731002291,0.2857362517666631
10,2,00000000000000000087,built_loss,9.572479029471122,0.6410601231061877,0.363325758877779
10,2,000000000000000000a1,built_loss,7.279772881128205,0.4462937519472141,0.1473344263331004
10,2,000000000000000000b8,built_loss,4.774443450828613,0.5680467280335784,0.536949848564843
10,2,000000000000000000c0,built_loss,8.545338367336832,0.6171458235053902,0.20375396372562893
10,2,000000000000000000e2,built_loss,7.141724303221008,0.333131346577035,0.23719033122703648
10,2,000000000000000000f0,built_loss,9.039874068168679,0.6197109752742602,0.3023645716812579
10,2,000000000000000000f8,built_loss,9.36447490671315,0.4933603033616545,0.24230932817691214
10,2,0000000000000000011c,built_loss,3.7068841445494294,0.7114153984363608,0.23461365996014116
10,2,00000000000000000161,built_loss,9.458909460036047,0.7388925769283552,0.18397195310017445
10,2,0000000000000000016a,built_loss,4.739941161633068,0.2521550339708402,0.19381364310481541
10,2,000000000000000001a8,built_loss,9.103635658306397,0.5360507058776459,0.17485087560528167
10,2,000000000000000001be,built_loss,3.450826726390146,0.6187644824192335,0.1549094630671899
10,2,000000000000000001cd,built_loss,8.523478441690745,0.7514990407786252,0.20723240859320047
10,2,000000000000000001e5,built_loss,7.09844737103268,0.6244717908887071,0.30162330488946687
10,2,00000000000000000206,built_loss,9.203656989161203,0.5993575261028076,0.5394167812508258
10,2,00000000000000000209,built_loss,8.689452405881516,0.5671072516721487,0.2225848189762396
10,2,00000000000000000231,built_loss,9.359192807126629,0.5790281645178816,0.24871619357060282
10,2,0000000000000000026d,built_loss,7.5506149536857095,0.5602201293847584,0.23387346374889711
10,2,00000000000000000278,built_loss,8.934378114724336,0.8299736951580325,0.10491549728276373
10,2,00000000000000000293,built_loss,8.477793505419271,0.3658924865289112,0.17290201903229285
10,2,000000000000000002a4,built_loss,6.075434822853035,0.38344348291615593,0.16554690099106367
10,2,00000000000000000316,built_loss,1.8803465727858821,0.12331324418449328,0.04778692353067868
10,2,00000000000000000356,built_loss,7.883548823223789,0.6500658550582546,0.2856683114372621
10,2,00000000000000000362,built_loss,8.577643711597936,0.6405747547424763,0.26007664516268997
10,2,00000000000000000363,built_loss,8.089689800919945,0.3202038669161674,0.2567342344515602
10,2,00000000000000000364,built_loss,8.621174967753992,0.721002628645263,0.23543180900996075
10,2,00000000000000000380,built_loss,6.57020741209317,0.524760295115064,0.20318097840616034
10,2,00000000000000000384,built_loss,5.341741940075432,0.6161629451743248,0.16095818660012895
10,2,0000000000000000039e,built_loss,6.588191062962551,0.47875372308905473,0.11864402792543932
10,2,000000000000000003a1,built_loss,8.00511410737857,0.6195831065159987,0.1845767571690412
10,2,000000000000000003a5,built_loss,7.814194665858047,0.39634709423668607,0.21948399961252407
10,2,000000000000000003b7,built_loss,5.622368179599896,0.509454379874671,0.1528518014831889
10,2,000000000000000003bf,built_loss,9.855818339702605,0.5282220145518985,0.13319191098881294
10,2,000000000000000003f8,built_loss,3.789486019846321,0.19246955642162075,0.15534982003825173
10,2,000000000000000003fa,built_loss,8.763113421847262,0.43544113753146013,0.20689071927846786
10,2,00000000000000000407,built_loss,8.574427186474594,0.53145831716316,0.2683276857134066
10,2,0000000000000000040f,built_loss,6.867822756782585,0.534643966152166,0.06005353364596944
10,2,00000000000000000426,built_loss,8.34148937320264,0.5203669255098905,0.32688236849828145
10,2,0000000000000000042b,built_loss,8.898521818469831,0.5376353236105946,0.18174899434713576
10,2,00000000000000000442,built_loss,3.4956704102229184,0.29471287877229635,0.22818328523579984
10,2,00000000000000000465,built_loss,7.561717798315891,0.7067534136245519,0.22082933794597837
10,2,0000000000000000047e,built_loss,7.448773216221127,0.5055954890222389,0.20230376971370556
10,2,000000000000000004c0,built_loss,9.003573713740556,0.6756257115100197,0.23970793347511166
10,2,000000000000000004c5,built_loss,5.379212568754218,0.6086163525624327,0.28256171549789943
10,2,000000000000000004d9,built_loss,8.423966553599193,0.5227879074071755,0.17311747720863663
10,2,000000000000000004eb,built_loss,8.214326896852501,0.5430021827465181,0.15571985319165316
10,2,000000000000000004f5,built_loss,5.061122739452666,0.5065956406738822,0.2857434016160314
10,2,000000000000000004f7,built_loss,3.1939692838734475,0.43235842842746286,0.09275513574288247
10,2,000000000000000004fe,built_loss,4.31874978982874,0.4387429043738068,0.151064932772984
10,2,0000000000000000051d,built_loss,6.629642209678689,0.5370557781771987,0.5332014925420034
10,2,00000000000000000559,built_loss,8.187901246785955,0.6882073550657115,0.20491254940497006
10,2,00000000000000000576,built_loss,4.781955174150233,0.2623975241804338,0.1837095335853153
10,2,00000000000000000577,built_loss,5.417731649836948,0.3884611511138767,0.46921140766058733
10,2,0000000000000000057f,built_loss,1.6050225408455447,0.44137979600216914,0.26976315772181314
10,2,00000000000000000594,built_loss,8.39203056921283,0.5805241404005858,0.3518307181755429
10,2,000000000000000005bf,built_loss,8.523968889305475,0.4392144813052864,0.27132011740330886
10,2,000000000000000005cc,built_loss,5.824240632586408,0.4401310271162569,0.14611073380443285
10,2,000000000000000005de,built_loss,8.440504963366564,0.37467335847309713,0.11946389151665282
10,2,000000000000000005e7,built_loss,7.049236360131903,0.6730753077613842,0.22045585058028605
10,2,000000000000000005f9,built_loss,8.703118364868807,0.6209899647868313,0.2967909379621551
10,2,0000000000000000061c,built_loss,7.947440289543078,0.4872218085621629,0.40095342523930966
10,2,00000000000000000626,built_loss,8.052172118782469,0.4605075780442307,0.17911129410724647
10,2,0000000000000000062a,built_loss,6.49412926229181,0.6880340742906367,0.22752728177898907
10,2,00000000000000000636,built_loss,6.719131611873138,0.449299713574513,0.4467567230178241
10,2,0000000000000000064a,built_loss,2.8257650994306056,0.3179131699534906,0.24147603043943877
10,2,0000000000000000064d,built_loss,5.05827465667687,0.4795278858797531,0.2052658915831242
10,2,00000000000000000694,built_loss,8.71815769495681,0.3943933098809167,0.1288995822681926
10,2,0000000000000000069d,built_loss,8.42584463938049,0.6548510946265541,0.2102946365429631
10,2,000000000000000006b7,built_loss,7.860386190784618,0.47220732843934093,0.15151609061241955
10,2,000000000000000006df,built_loss,8.271789316432205,0.2123208776938297,0.23835604980971717
10,2,000000000000000006e3,built_loss,7.899134168822724,0.3511211506545654,0.3270655882315258
10,2,00000000000000000011,crop_loss,8.959023807168478,0.8602064292333482,0.48646583845223745
10,2,0000000000000000002b,crop_loss,9.630519480540253,0.1459848589152956,0.19655893758990417
10,2,0000000000000000003a,crop_loss,9.571822098605937,0.2602345119595499,0.30679989144757397
10,2,0000000000000000009b,crop_loss,5.928854359921619,0.5015546421310408,0.04080093845498678
10,2,000000000000000000a8,crop_loss,7.529906053792795,0.17263078278962785,0.08129254028502664
10,2,000000000000000000da,crop_loss,8.324517895523154,0.6822214958811298,0.28240693787075777
10,2,000000000000000000e3,crop_loss,9.261277790633768,0.4675021924060347,0.30965232061494874
10,2,000000000000000000e9,crop_loss,3.142945314330834,0.5382030676393729,0.24989761828221307
10,2,0000000000000000011b,crop_loss,8.595848427947166,0.4855815058032931,0.12089980060803701
10,2,00000000000000000128,crop_loss,8.079214302007694,0.5577824923143062,0.0840901245429474
10,2,0000000000000000016c,crop_loss,7.46758742378798,0.4221125645776764,0.27996479433403887
10,2,00000000000000000196,crop_loss,9.014337133182556,0.26936945976066407,0.17368350365965424
10,2,000000000000000001a6,crop_loss,8.657985865806836,0.21619697881683192,0.2605184362304852
10,2,000000000000000001e4,crop_loss,6.957317658593773,0.4569218073863582,0.14471505965096054
10,2,000000000000000001f9,crop_loss,8.828057772528618,0.5791171161963217,0.32691406444262816
10,2,00000000000000000228,crop_loss,7.445166592907869,0.5209053501625452,0.5405133657196164
10,2,0000000000000000028c,crop_loss,4.290200562924149,0.41723695158050667,0.2571183341299007
10,2,0000000000000000028d,crop_loss,7.17281425847121,0.5838180490412161,0.3397270061836446
10,2,00000000000000000291,crop_loss,6.732009193644033,0.9025701033836967,0.04362392494919931
10,2,000000000000000002c5,crop_loss,6.291625418866195,0.34211837993425304,0.26485567404875204
10,2,000000000000000002cc,crop_loss,7.94107630551691,0.4188469046448361,0.4760393950900721
10,2,000000000000000002dc,crop_loss,9.348370162742032,0.6021097089356009,0.23340853198061595
10,2,000000000000000002e4,crop_loss,9.320241222584025,0.2397744908990862,0.2736626728005539
10,2,000000000000000002ec,crop_loss,7.650577421437501,0.5549177112134204,0.18800923001461778
10,2,00000000000000000314,crop_loss,7.329154075422935,0.1095000334075492,0.3342883671705735
10,2,00000000000000000335,crop_loss,7.347233469564145,0.39913259753140923,0.4235940976245528
10,2,0000000000000000033a,crop_loss,8.349926770971326,0.5281229313919994,0.263428451490308
10,2,000000000000000003b0,crop_loss,8.45903563218271,0.17817817611530493,0.16703629097727982
10,2,000000000000000003f1,crop_loss,9.265094919287836,0.4085363879751719,0.20005421901564518
10,2,000000000000000003f2,crop_loss,8.889438227458218,0.39592186416004704,0.1654566824059308
10,2,0000000000000000044b,crop_loss,6.4525730815817495,0.5058489741073563,0.1058118529094762
10,2,00000000000000000480,crop_loss,6.765936861384033,0.8795400569761034,0.1351582732779152
10,2,00000000000000000485,crop_loss,8.086784081375708,0.6809564734770004,0.3030201230063855
10,2,00000000000000000497,crop_loss,9.709360194811904,0.19869469401157722,0.2149829813586172
10,2,0000000000000000049b,crop_loss,8.221021819819375,0.32882883945841757,0.12481574172053628
10,2,000000000000000004a1,crop_loss,9.380272845389381,0.34020333869680075,0.28205804062067685
10,2,000000000000000004e7,crop_loss,8.386765423309214,0.4779829727969503,0.10663762875566901
10,2,000000000000000004e9,crop_loss,7.294830163503906,0.2874967366495964,0.3095229961745212
10,2,000000000000000004f9,crop_loss,8.823301100406102,0.35571412265640195,0.1573049885735287
10,2,00000000000000000517,crop_loss,8.562437936397352,0.17714155356457612,0.41751132806362273
10,2,00000000000000000538,crop_loss,1.073583580289925,0.288819579444658,0.07158783820678524
10,2,0000000000000000057e,crop_loss,5.364111005950526,0.506303906202812,0.13506119560968477
10,2,000000000000000005d1,crop_loss,7.011630487857755,0.10085609699277781,0.14601414849537478
10,2,00000000000000000632,crop_loss,6.189116868888455,0.12126785870586039,0.29723927863361815
10,2,0000000000000000063e,crop_loss,9.874290763075766,0.255728072353895,0.09958231638912546
10,2,00000000000000000655,crop_loss,8.441878720572499,0.5112509064841239,0.4360734554248225
10,2,00000000000000000697,crop_loss,8.82637225687162,0.597803905589051,0.1773253248545203
10,2,00000000000000000698,crop_loss,8.982537438404835,0.46644611811217823,0.26650025344566103
10,2,000000000000000006a8,crop_loss,7.723722579753509,0.3395130171388998,0.361676918030604
10,2,000000000000000006b4,crop_loss,8.45913061392871,0.5176921503957215,0.29966959039754826
10,2,000000000000000006be,crop_loss,7.753689536843856,0.33191842844215347,0.22462493468389047
10,2,000000000000000006c0,crop_loss,2.866986112196909,0.37047574654320253,0.3955099422530437
10,2,000000000000000006cc,crop_loss,8.007769550979623,0.4218182200299103,0.17318777266742152
10,2,000000000000000006ce,crop_loss,8.685500826758114,0.526901497375401,0.33773441015907635
10,2,000000000000000006d9,crop_loss,6.686292733290324,0.20721534109037298,0.11427380706098839
10,2,000000000000000006e5,crop_loss,8.576912136350117,0.5904723433930958,0.22099678331539413
10,2,00000000000000000151,built_loss,5.632899433833159,0.25589794223485884,0.08684924637390795
10,2,0000000000000000034d,built_loss,2.7124386175989867,0.3776135749070538,0.18119903831821638
10,2,000000000000000003c7,crop_loss,7.173236538797804,0.6130903808213111,0.28759643482383845
10,2,00000000000000000176,built_loss,7.826800049757836,0.6993540447791302,0.24013479287593742
10,2,000000000000000003d2,built_loss,9.491353442363055,0.6270485531397987,0.3201121768547716
10,2,00000000000000000490,built_loss,8.525221629765607,0.681968353605957,0.2699001815487332
10,2,000000000000000005ad,built_loss,6.992952817680127,0.6504355740440821,0.2479996089650981
10,2,00000000000000000624,built_loss,2.5821825073377638,0.5127716696594886,0.30839656378755603
10,2,0000000000000000002d,crop_loss,9.316582379312639,0.4443484419439945,0.1788802382530736
10,2,0000000000000000009d,crop_loss,7.175067434509688,0.3057640505255055,0.20502876024128286
10,2,00000000000000000192,crop_loss,9.389819134385306,0.5839858503238449,0.13570396040870825
10,2,000000000000000003c8,crop_loss,8.967940019885289,0.2836957470658293,0.23787687696598347
10,2,0000000000000000046c,crop_loss,8.764521075601166,0.5215449331690969,0.54355118719919
10,2,00000000000000000483,crop_loss,7.231946106900893,0.7723285380716839,0.26097267198618923
10,2,000000000000000004ee,crop_loss,8.67999380846023,0.486688673471221,0.36796262713248357
10,2,00000000000000000611,crop_loss,8.47415915422304,0.5841738709407062,0.14827107215257274
10,2,0000000000000000062f,crop_loss,7.9490838034730125,0.3344785403150531,0.308481503710495
10,3,00000000000000000085,built_loss,7.457892101279787,0.33099565537328435,0.25582998686045544
10,3,00000000000000000114,built_loss,7.850084695955094,0.6835789424017187,0.23511666404973042
10,3,0000000000000000024c,built_loss,7.2699304185547655,0.7028697934703125,0.23541809558667337
10,3,00000000000000000375,built_loss,7.767981539844705,0.686196106835995,0.1474009402726103
10,3,000000000000000004d2,built_loss,8.40862935620848,0.6560610096571171,0.7661772823414235
10,3,000000000000000005bd,built_loss,3.988705938414612,0.5433373988700199,0.21336447614523646
10,3,00000000000000000281,crop_loss,8.385558053502558,0.5859749447344287,0.19497804875786295
10,3,000000000000000003a2,crop_loss,8.359989732053865,0.3834536669136517,0.19436833603560683
10,3,00000000000000000001,built_loss,8.150686580208907,0.4419727550839496,0.22387154161558226
10,3,00000000000000000049,built_loss,3.824744823541647,0.40907327551284767,0.28046574523721257
10,3,0000000000000000004a,built_loss,5.637601080472658,0.37721717624669787,0.1227520140513581
10,3,0000000000000000004f,built_loss,8.298995658952421,0.41588341550515295,0.41317167123951226
10,3,0000000000000000005a,built_loss,9.383560276600598,0.4238009304139476,0.17537747648058177
10,3,00000000000000000079,built_loss,9.374409144307473,0.6853553880695143,0.3447377689261588
10,3,00000000000000000087,built_loss,9.156344043399796,0.5519216295592778,0.3420514743375022
10,3,000000000000000000a1,built_loss,4.298840112136775,0.45979769842082435,0.25817328789413946
10,3,000000000000000000b8,built_loss,4.084730719680075,0.5571238991958575,0.3716199825330562
10,3,000000000000000000c0,built_loss,9.023001937052324,0.6005552808015983,0.22519159096266944
10,3,000000000000000000e2,built_loss,8.775277211923756,0.3486318725758692,0.313135474056647
10,3,000000000000000000f0,built_loss,8.80891418197417,0.5846863508898406,0.2790034942354497
10,3,000000000000000000f8,built_loss,8.980465819542957,0.5389086086021824,0.2555066771941068
10,3,0000000000000000011c,built_loss,5.548941145143915,0.7237995183130167,0.17446836848285163
10,3,00000000000000000161,built_loss,8.808252249872623,0.6493291699008342,0.21250663169565298
10,3,0000000000000000016a,built_loss,4.997602923612579,0.19486543506389206,0.29570393644609716
10,3,000000000000000001a8,built_loss,9.964888108648694,0.6792500293076394,0.25388322621242587
10,3,000000000000000001be,built_loss,3.592059257093903,0.507008424906665,0.15645348199870046
10,3,000000000000000001cd,built_loss,7.679061223086908,0.6671337675330654,0.3091276856855656
10,3,000000000000000001e5,built_loss,7.890342254162315,0.630459884883023,0.22492854569959553
10,3,00000000000000000206,built_loss,9.062776372372419,0.6147900460560635,0.444949615072647
10,3,00000000000000000209,built_loss,8.824892234829182,0.6568990295567032,0.0829053404141108
10,3,00000000000000000231,built_loss,8.25135452015161,0.5007101072669211,0.2521347047041829
10,3,0000000000000000026d,built_loss,7.471623717945509,0.5799491613930973,0.2551613536474311
10,3,00000000000000000278,built_loss,8.245021257345872,0.7620531833918295,0.19970876589821995
10,3,00000000000000000293,built_loss,7.181785417388582,0.48422820089185514,0.25800657793552384
10,3,000000000000000002a4,built_loss,7.856603680023174,0.3515909126663734,0.14608068613152692
10,3,00000000000000000316,built_loss,1.3585267905557028,0.13074076988884273,0.07817540799975893
10,3,00000000000000000356,built_loss,9.5561628474959,0.6229736013932134,0.27292213794054465
10,3,00000000000000000362,built_loss,8.443403265374947,0.5848760354056503,0.25517280024338157
10,3,00000000000000000363,built_loss,7.277208191356654,0.21546464864517872,0.15462290629745376
10,3,00000000000000000364,built_loss,8.223055983843116,0.6853817588197321,0.15082281603092074
10,3,00000000000000000380,built_loss,8.807039768779683,0.4658785995456417,0.17131832002111602
10,3,00000000000000000384,built_loss,6.312618156023137,0.575650689595777,0.22033047065133882
10,3,0000000000000000039e,built_loss,6.071253005401091,0.540337485895729,0.13422558740572466
10,3,000000000000000003a1,built_loss,7.497042128207786,0.5869583128638248,0.16196956362742398
10,3,000000000000000003a5,built_loss,7.862367876366864,0.45328327572723837,0.4075203524080338
10,3,000000000000000003b7,built_loss,7.705912332914919,0.5160205410612844,0.16181039291369043
10,3,000000000000000003bf,built_loss,9.234163507571541,0.5487827025127296,0.17141441661811135
10,3,000000000000000003f8,built_loss,4.433334100815486,0.22094703803493362,0.1572708778622357
10,3,000000000000000003fa,built_loss,8.506155042663117,0.3924804788716389,0.1711116602502929
10,3,00000000000000000407,built_loss,9.321335634982585,0.6279772838850566,0.2842540325254559
10,3,0000000000000000040f,built_loss,7.8206904607972145,0.5175136038125953,0.0410028663912857
10,3,00000000000000000426,built_loss,8.57497574600001,0.572750889448373,0.20469386164946768
10,3,0000000000000000042b,built_loss,8.338707851009497,0.4865975525302226,0.23581971781530714
10,3,00000000000000000442,built_loss,4.404652698686858,0.3073926943960943,0.5903274868948705
10,3,00000000000000000465,built_loss,7.564919741664875,0.6943352970423818,0.30079622773381587
10,3,0000000000000000047e,built_loss,7.157130595056614,0.495322173424008,0.2756462987896194
10,3,000000000000000004c0,built_loss,9.257160617585301,0.6876129808705846,0.1256556345051082
10,3,000000000000000004c5,built_loss,6.2313708293307535,0.5472353439093699,0.3037413646551638
10,3,000000000000000004d9,built_loss,7.743915725871439,0.566013097005693,0.19113965900212432
10,3,000000000000000004eb,built_loss,8.502866959037934,0.48306103979646936,0.26865677601975285
10,3,000000000000000004f5,built_loss,4.527797795703151,0.47307238990120953,0.27742347781449267
10,3,000000000000000004f7,built_loss,5.269318966205535,0.4627320934223648,0.11524495468811452
10,3,000000000000000004fe,built_loss,8.356973728990349,0.5253911740841795,0.14671285278562218
10,3,0000000000000000051d,built_loss,7.2687814899852645,0.40789434826956705,0.37275974460676087
10,3,00000000000000000559,built_loss,8.847355112421747,0.724990909375542,0.2614401864625807
10,3,00000000000000000576,built_loss,6.166284649125585,0.3973819682783345,0.2733858509945065
10,3,00000000000000000577,built_loss,5.135567121699556,0.35211776431923153,0.45106323244731295
10,3,0000000000000000057f,built_loss,2.824683608732207,0.437368073024484,0.38732573309191903
10,3,00000000000000000594,built_loss,8.084192703126014,0.37652997980778985,0.37656249384428947
10,3,000000000000000005bf,built_loss,8.057798403565709,0.3841655486376728,0.2299678640422647
10,3,000000000000000005cc,built_loss,4.369305451247535,0.333046177957935,0.1458189232791019
10,3,000000000000000005de,built_loss,9.9515016594349,0.4324926320998467,0.0935880261831124
10,3,000000000000000005e7,built_loss,7.595462685129494,0.6110325220661496,0.35167337548535316
10,3,000000000000000005f9,built_loss,6.467931958546866,0.6386856172057324,0.3273144258076755
10,3,0000000000000000061c,built_loss,7.224352233278241,0.4722029613621372,0.3117507269953714
10,3,00000000000000000626,built_loss,8.606650915613587,0.4374597587707646,0.11832246550083814
10,3,0000000000000000062a,built_loss,9.923812394339155,0.49546850402220943,0.3182577971927453
10,3,00000000000000000636,built_loss,7.782112946486929,0.4640604670030112,0.4854726513607145
10,3,0000000000000000064a,built_loss,2.5930814161948907,0.2757284500057775,0.1610866080441247
10,3,0000000000000000064d,built_loss,5.558143848650297,0.465928822825635,0.2098907079045142
10,3,00000000000000000694,built_loss,8.31470674840417,0.3908421167776944,0.11486046654078086
10,3,0000000000000000069d,built_loss,9.23567945588406,0.6621068951400401,0.2432979953234537
10,3,000000000000000006b7,built_loss,9.22621186055389,0.4536102391834784,0.2325005838643054
10,3,000000000000000006df,built_loss,8.163310818037095,0.41011704751741057,0.3548760349005168
10,3,000000000000000006e3,built_loss,8.33665057515735,0.4083873398802535,0.25100333588491136
10,3,00000000000000000011,crop_loss,8.849928944206109,0.3643948847966715,0.5622043829820527
10,3,0000000000000000002b,crop_loss,9.178030299463249,0.15001346518514222,0.20078086999036504
10,3,0000000000000000003a,crop_loss,8.821004069040825,0.32470760421579037,0.2772851224405293
10,3,0000000000000000009b,crop_loss,6.190074415359372,0.4861670127305859,0.0397171341702065
10,3,000000000000000000a8,crop_loss,7.110615092222839,0.22995128264553374,0.1316208554958235
10,3,000000000000000000da,crop_loss,8.840719568899424,0.6868055390652764,0.21158657158095895
10,3,000000000000000000e3,crop_loss,8.600866450133761,0.533689654610487,0.21990862661833865
10,3,000000000000000000e9,crop_loss,3.0744862319669823,0.5322394783799783,0.24552953328767257
10,3,0000000000000000011b,crop_loss,8.330587083260651,0.45620134980133886,0.19141571915229577
10,3,00000000000000000128,crop_loss,7.09275774240972,0.4802325580983298,0.10287227027307688
10,3,0000000000000000016c,crop_loss,9.361190149782653,0.4372384651610637,0.300439098477063
10,3,00000000000000000196,crop_loss,6.779394263670033,0.24840993101290762,0.18920006981170476
10,3,000000000000000001a6,crop_loss,7.452059201158535,0.22905501164447303,0.2346143681603826
10,3,000000000000000001e4,crop_loss,9.339380793312001,0.44986556961354957,0.1867590999065571
10,3,000000000000000001f9,crop_loss,9.980426982849231,0.6703156461460438,0.49494828113807793
10,3,00000000000000000228,crop_loss,7.026573155065963,0.5691823085571522,0.21482486923660649
10,3,0000000000000000028c,crop_loss,3.1513638457426936,0.23975467252732724,0.21329520163680182
10,3,0000000000000000028d,crop_loss,9.007877821816393,0.6750119971411307,0.40495472265332666
10,3,00000000000000000291,crop_loss,7.048313512665485,0.900706294732406,0.07661047598072523
10,3,000000000000000002c5,crop_loss,9.629965996909682,0.3620403112137569,0.1873485797349744
10,3,000000000000000002cc,crop_loss,9.063304868705908,0.2997834728982594,0.48534131182358253
10,3,000000000000000002dc,crop_loss,7.986226658812302,0.7039384805283303,0.18654128316149288
10,3,000000000000000002e4,crop_loss,7.2972466661757895,0.4668055127096224,0.3901543393282841
10,3,000000000000000002ec,crop_loss,6.1361811616535356,0.5642802239869217,0.3417148687366046
10,3,00000000000000000314,crop_loss,8.173005210528292,0.11234687206964043,0.14823229977366564
10,3,00000000000000000335,crop_loss,9.856834874759784,0.41293514268067255,0.3611959890902863
10,3,0000000000000000033a,crop_loss,8.706879744058048,0.45081923417371284,0.26342105784477066
10,3,000000000000000003b0,crop_loss,8.956689534120379,0.16262357282677234,0.1995809546111899
10,3,000000000000000003f1,crop_loss,8.659571724323964,0.47583727767134604,0.2767136736469557
10,3,000000000000000003f2,crop_loss,8.32325528694289,0.43540740301483527,0.15276365019758897
10,3,0000000000000000044b,crop_loss,6.820654186957475,0.6057525760625149,0.2261752686288635
10,3,00000000000000000480,crop_loss,6.178093701400826,0.9025693610613932,0.08880303780751952
10,3,00000000000000000485,crop_loss,9.728557869112313,0.7053468440389781,0.15625707202716044
10,3,00000000000000000497,crop_loss,7.775271585351374,0.22320606828331024,0.2103239208692682
10,3,0000000000000000049b,crop_loss,6.889422409059282,0.43506024418660466,0.12307207498518313
10,3,000000000000000004a1,crop_loss,6.978024425287789,0.36981293021918216,0.24118233028115632
10,3,000000000000000004e7,crop_loss,6.95316795342851,0.4677851885590333,0.1268378667580604
10,3,000000000000000004e9,crop_loss,6.82236153741936,0.25635442041919665,0.34825567155388515
10,3,000000000000000004f9,crop_loss,8.42560698619584,0.30977220190406574,0.2845388549484571
10,3,00000000000000000517,crop_loss,9.563231287091899,0.38671552244847923,0.29413736221154885
10,3,00000000000000000538,crop_loss,1.060877068690181,0.35016936218307665,0.1854266227863766
10,3,0000000000000000057e,crop_loss,2.0079338515944136,0.5902369003788899,0.11094199714975139
10,3,000000000000000005d1,crop_loss,6.686998475916676,0.2117943145218068,0.4569704297985244
10,3,00000000000000000632,crop_loss,6.842059175485917,0.10583822287787224,0.13992134283026758
10,3,0000000000000000063e,crop_loss,9.207880510426408,0.29491337860273614,0.29010382519188704
10,3,00000000000000000655,crop_loss,7.940551730344813,0.256168388669781,0.2498626868550566
10,3,00000000000000000697,crop_loss,9.530313292700724,0.5487798076229934,0.2489515787465461
10,3,00000000000000000698,crop_loss,5.189178737836002,0.38138164574541195,0.22908319383173453
10,3,000000000000000006a8,crop_loss,8.941647894894992,0.29736312977659435,0.4213414909174884
10,3,000000000000000006b4,crop_loss,9.889675895456476,0.42027005100637427,0.2670861907158656
10,3,000000000000000006be,crop_loss,7.7646897614475225,0.4811671101264534,0.16052149562814316
10,3,000000000000000006c0,crop_loss,2.184195375824337,0.15585860782263575,0.1356813360041275
10,3,000000000000000006cc,crop_loss,8.295925476933833,0.39514292533363793,0.2718729815627508
10,3,000000000000000006ce,crop_loss,5.980426888263607,0.5456516568929068,0.25547418394713856
10,3,000000000000000006d9,crop_loss,8.607890879622323,0.2824771731057549,0.2597296268118582
10,3,000000000000000006e5,crop_loss,7.718713968529572,0.5458923698678678,0.34502498234386125
10,3,00000000000000000151,built_loss,7.001535657761996,0.25339538070010326,0.12145510787087896
10,3,0000000000000000034d,built_loss,3.0912079013155767,0.4369065858549872,0.3214155168363668
10,3,000000000000000003c7,crop_loss,6.89031837840438,0.6387147980262948,0.20664732880209824
10,3,00000000000000000176,built_loss,7.209048712564433,0.6606605036759886,0.1965427383765076
10,3,000000000000000003d2,built_loss,7.439584282685093,0.5126268346037536,0.2580921203290096
10,3,00000000000000000490,built_loss,7.5590179844224155,0.7551233539762198,0.31065097134852904
10,3,000000000000000005ad,built_loss,8.385549079757178,0.6596591352060875,0.24718525528192392
10,3,00000000000000000624,built_loss,2.215743458644689,0.5517437433535369,0.35711235017067255
10,3,0000000000000000002d,crop_loss,9.579415957396211,0.44358328055776886,0.2384476508229582
10,3,0000000000000000009d,crop_loss,4.947048209152077,0.36503563739326056,0.1548575470023275
10,3,00000000000000000192,crop_loss,8.814889675570779,0.5275559399407875,0.2206029922606591
10,3,000000000000000003c8,crop_loss,9.3960401890972,0.15175025435041098,0.14836924505968915
10,3,0000000000000000046c,crop_loss,8.146491063723117,0.5005900876949909,0.46269989614052937
10,3,00000000000000000483,crop_loss,8.67661459023869,0.6392323127941535,0.3057047717867309
10,3,000000000000000004ee,crop_loss,8.105772738085777,0.5431411533738169,0.4777111372290308
10,3,00000000000000000611,crop_loss,8.408984852541739,0.6637704970366703,0.14845570894444082
10,3,0000000000000000062f,crop_loss,9.05711758649886,0.37405317791344,0.393709749161111
10,4,00000000000000000085,built_loss,5.601544807598445,0.27684782778948974,0.1735617619915785
10,4,00000000000000000114,built_loss,7.756580494517972,0.7116735874150203,0.23396723251238383
10,4,0000000000000000024c,built_loss,7.456786912457776,0.635681308500444,0.12474721284208057
10,4,00000000000000000375,built_loss,7.579124777956432,0.5963974760232637,0.427568945189665
10,4,000000000000000004d2,built_loss,7.68533565468724,0.8562749438475028,0.35532178583057383
10,4,000000000000000005bd,built_loss,3.744612571855216,0.48167957176182213,0.240753796097525
10,4,00000000000000000281,crop_loss,8.647148139960299,0.5564874894735057,0.1590286713417116
10,4,000000000000000003a2,crop_loss,8.591238425893298,0.3273197702486461,0.24412005600223285
10,4,00000000000000000001,built_loss,8.214559613254732,0.3929338805016325,0.2593453319458206
10,4,00000000000000000049,built_loss,3.0605034005633427,0.5082122822045229,0.11202372858597948
10,4,0000000000000000004a,built_loss,5.350561470792117,0.4395078911971001,0.10599321078582485
10,4,0000000000000000004f,built_loss,8.960382838572988,0.4464945909260018,0.4142034737719562
10,4,0000000000000000005a,built_loss,8.260215710074378,0.42554919245646217,0.16175961971407737
10,4,00000000000000000079,built_loss,8.969594309201662,0.6998433343307399,0.11839353683442122
10,4,00000000000000000087,built_loss,9.64376647654872,0.6131564437326831,0.40064885216561735
10,4,000000000000000000a1,built_loss,8.127594040774243,0.4456178006137585,0.147410324857906
10,4,000000000000000000b8,built_loss,6.657153547040814,0.484277458602494,0.5568732802806072
10,4,000000000000000000c0,built_loss,8.269773825737673,0.5827181808736345,0.24167621170161724
10,4,000000000000000000e2,built_loss,7.765510185795389,0.30652159686073455,0.187183479665401
10,4,000000000000000000f0,built_loss,8.97237534582146,0.5957949580542435,0.3213415166288978
10,4,000000000000000000f8,built_loss,9.954284527694217,0.46945310518112554,0.16706926488338936
10,4,0000000000000000011c,built_loss,6.853090192987753,0.7227595710225487,0.29404233014393033
10,4,00000000000000000161,built_loss,8.603848959734401,0.7287853335181386,0.2488938152411414
10,4,0000000000000000016a,built_loss,6.270084290564916,0.26336930983421264,0.31340281172018225
10,4,000000000000000001a8,built_loss,9.703691328450788,0.5230776211146737,0.3059429973810263
10,4,000000000000000001be,built_loss,4.2270837798079635,0.410830577235473,0.2431151388358353
10,4,000000000000000001cd,built_loss,7.984911605675011,0.8065692883692368,0.31708402543181724
10,4,000000000000000001e5,built_loss,8.129574901937307,0.5110102576153531,0.3056745575799488
10,4,00000000000000000206,built_loss,9.724002665494872,0.6581524064382891,0.27954790938781093
10,4,00000000000000000209,built_loss,8.340909381039202,0.5439877652319819,0.2865720567140094
10,4,00000000000000000231,built_loss,9.891270200428085,0.4329582053156488,0.3480329838607412
10,4,0000000000000000026d,built_loss,9.383219367360448,0.5201198410839079,0.3059141969323651
10,4,00000000000000000278,built_loss,8.099981125918207,0.7081521550599612,0.19940121126029886
10,4,00000000000000000293,built_loss,4.610546198688945,0.41451520803935793,0.30615933309959176
10,4,000000000000000002a4,built_loss,6.485264674401206,0.407476702130905,0.11759979666866482
10,4,00000000000000000316,built_loss,1.3769233187183316,0.12134704467660937,0.06556909918232073
10,4,00000000000000000356,built_loss,9.803557119541907,0.4490554854968569,0.38403245744055897
10,4,00000000000000000362,built_loss,7.666252613128922,0.5046427794586348,0.2293860617781479
10,4,00000000000000000363,built_loss,9.48795545050353,0.18435793675230053,0.17922031674648595
10,4,00000000000000000364,built_loss,8.86608106998006,0.7114949221824035,0.22705980965870098
10,4,00000000000000000380,built_loss,8.505859552958992,0.44791026659629624,0.17978817931915642
10,4,00000000000000000384,built_loss,5.60927765932333,0.5427127658569199,0.1941869699509165
10,4,0000000000000000039e,built_loss,5.6822066974410195,0.4250548475360689,0.1279062409840689
10,4,000000000000000003a1,built_loss,9.3427118998025,0.6123893775085221,0.22806192932884012
10,4,000000000000000003a5,built_loss,8.414761802022362,0.38982793071676725,0.2859629487607036
10,4,000000000000000003b7,built_loss,7.269237922919171,0.4953573214641337,0.09591012693861517
10,4,000000000000000003bf,built_loss,9.978384413106552,0.49104574121722244,0.1418692496492709
10,4,000000000000000003f8,built_loss,5.258375629878875,0.20326560989778988,0.1029766175974364
10,4,000000000000000003fa,built_loss,8.746517081347172,0.44293322110929156,0.197191463136136
10,4,00000000000000000407,built_loss,9.191451785748669,0.5241135292593696,0.23223724581707939
10,4,0000000000000000040f,built_loss,8.975986071141113,0.5623511152077183,0.09106464168753237
10,4,00000000000000000426,built_loss,7.496186295279091,0.5897756927786263,0.15501178960150042
10,4,0000000000000000042b,built_loss,9.638967029635738,0.49624254727150235,0.1779024345136741
10,4,00000000000000000442,built_loss,2.5322197449471604,0.6189037718306781,0.5007109899198412
10,4,00000000000000000465,built_loss,9.4588463139358,0.5622109990477692,0.2035096330420284
10,4,0000000000000000047e,built_loss,8.008576589808378,0.5544676835034122,0.1775767375363012
10,4,000000000000000004c0,built_loss,7.803764378448533,0.5929548604451645,0.1469295516119895
10,4,000000000000000004c5,built_loss,5.818955061024005,0.5320390017993842,0.192707368680141
10,4,000000000000000004d9,built_loss,8.004327424374974,0.5725130876943975,0.16223883716782017
10,4,000000000000000004eb,built_loss,8.43966308604716,0.533265943439087,0.11700969845540565
10,4,000000000000000004f5,built_loss,5.674967238300041,0.4384022019689245,0.24508687196744738
10,4,000000000000000004f7,built_loss,4.723748052701923,0.5438022597255443,0.12206910024848827
10,4,000000000000000004fe,built_loss,7.895552048032574,0.4862271873115224,0.19068194500520386
10,4,0000000000000000051d,built_loss,9.238102005883281,0.3138348619318432,0.3582580227751614
10,4,00000000000000000559,built_loss,8.571800896311663,0.6482871517574137,0.13272969644051236
10,4,00000000000000000576,built_loss,4.713691535260446,0.25405412868736155,0.2365415596136752
10,4,00000000000000000577,built_loss,6.9401950878540175,0.4937330381473666,0.18881364317291566
10,4,0000000000000000057f,built_loss,2.1923800552707444,0.3214530475592703,0.2992280613917697
10,4,00000000000000000594,built_loss,8.409188684026795,0.4905679556795684,0.3961755052640413
10,4,000000000000000005bf,built_loss,7.801903492779858,0.38296526327501296,0.14416000443117688
10,4,000000000000000005cc,built_loss,6.504451002960058,0.36708674201753977,0.09817545828520152
10,4,000000000000000005de,built_loss,8.195761334492875,0.441531948577668,0.16994331147453584
10,4,000000000000000005e7,built_loss,9.878791392075682,0.5018620986685278,0.36907872511420026
10,4,000000000000000005f9,built_loss,8.83425315066749,0.6107756822980939,0.29646799223677195
10,4,0000000000000000061c,built_loss,6.787671883455506,0.32766604286602524,0.28446966486422764
10,4,00000000000000000626,built_loss,8.281347118718218,0.45640314289804135,0.17590487383007847
10,4,0000000000000000062a,built_loss,8.598642640323709,0.4592483203267132,0.2607943831896341
10,4,00000000000000000636,built_loss,6.694741792256209,0.44756984054297355,0.4855116324653818
10,4,0000000000000000064a,built_loss,2.0508211313067957,0.30257520403376614,0.1787810333884975
10,4,0000000000000000064d,built_loss,7.084539718980378,0.3652229013150123,0.250278644564338
10,4,00000000000000000694,built_loss,6.340132263178591,0.3448768477916461,0.09819688929887138
10,4,0000000000000000069d,built_loss,6.982775925255567,0.6767736672230762,0.11786379876745079
10,4,000000000000000006b7,built_loss,9.231594069501694,0.4123423080037671,0.1858245285691229
10,4,000000000000000006df,built_loss,7.838768896309439,0.4154756620131244,0.2968693301012608
10,4,000000000000000006e3,built_loss,9.013185432811094,0.4052790648969932,0.20281168053902243
10,4,00000000000000000011,crop_loss,9.222547605565765,0.4573794321743773,0.5249375878197491
10,4,0000000000000000002b,crop_loss,8.868784667409072,0.2752448777670403,0.22826078459173318
10,4,0000000000000000003a,crop_loss,7.837001918267628,0.4104225569833267,0.24398076311621425
10,4,0000000000000000009b,crop_loss,7.501752867531526,0.49016430199124356,0.06055920830584327
10,4,000000000000000000a8,crop_loss,8.713972113415007,0.20420112995696854,0.10993556853455771
10,4,000000000000000000da,crop_loss,7.923540768082975,0.7629098036863459,0.17728766845476818
10,4,000000000000000000e3,crop_loss,8.162391211554084,0.4925926157557943,0.25448223491828714
10,4,000000000000000000e9,crop_loss,3.729760328868733,0.48238308980998057,0.3034619423266547
10,4,0000000000000000011b,crop_loss,7.966206372486234,0.44958614835271826,0.19472991939634293
10,4,00000000000000000128,crop_loss,9.027566239933694,0.5632684543948719,0.09908235668982945
10,4,0000000000000000016c,crop_loss,8.869056375876282,0.5020939943604505,0.29368000928803106
10,4,00000000000000000196,crop_loss,7.193675447631977,0.22525402761838043,0.08176418054729054
10,4,000000000000000001a6,crop_loss,7.255585610586121,0.2955178094706888,0.30675814479050134
10,4,000000000000000001e4,crop_loss,7.142625079737115,0.43642356327021514,0.167211048919725
10,4,000000000000000001f9,crop_loss,7.507339446544819,0.8351099090469944,0.36618374942567167
10,4,00000000000000000228,crop_loss,8.095745518457429,0.4801248738856005,0.40227761034094756
10,4,0000000000000000028c,crop_loss,2.5653964340198634,0.25460796986255635,0.1177385235508866
10,4,0000000000000000028d,crop_loss,8.712031797789715,0.6635220031460811,0.21129949701745865
10,4,00000000000000000291,crop_loss,7.5175351457768596,0.890190340364409,0.04672197104117615
10,4,000000000000000002c5,crop_loss,9.32499493974358,0.2830200714235677,0.17145399876298542
10,4,000000000000000002cc,crop_loss,8.848710466885498,0.398089996175907,0.4007047007175035
10,4,000000000000000002dc,crop_loss,7.951706598163985,0.6114368511478971,0.23055384393861655
10,4,000000000000000002e4,crop_loss,8.408757196698913,0.4074550610779167,0.27789157671892023
10,4,000000000000000002ec,crop_loss,9.734980320876318,0.44712519185857547,0.27768663233252194
10,4,00000000000000000314,crop_loss,7.649240905010328,0.08523859591069465,0.13116473812965607
10,4,00000000000000000335,crop_loss,9.251729416616014,0.4843881702357171,0.21759509338388067
10,4,0000000000000000033a,crop_loss,8.21070444384806,0.5964851911141114,0.28290522714802885
10,4,000000000000000003b0,crop_loss,8.807012089169948,0.16632063356691393,0.17109305512200906
10,4,000000000000000003f1,crop_loss,8.922104768406374,0.49242182804543916,0.17480260118812202
10,4,000000000000000003f2,crop_loss,8.727223542822614,0.5039228789145221,0.27058597553703284
10,4,0000000000000000044b,crop_loss,9.3907526557208,0.5075148804952369,0.09347596179529799
10,4,00000000000000000480,crop_loss,7.168259673553084,0.7777580327102828,0.5836648903956722
10,4,00000000000000000485,crop_loss,9.360439565237998,0.6795845697123405,0.11277276285311655
10,4,00000000000000000497,crop_loss,8.884402059112096,0.2174596475011921,0.17095118766020084
10,4,0000000000000000049b,crop_loss,8.156863235275102,0.33609974256576647,0.18795813426708963
10,4,000000000000000004a1,crop_loss,7.590073015728062,0.39893811587810984,0.27087063238434705
10,4,000000000000000004e7,crop_loss,8.490032317076613,0.499933390575811,0.10776443652483442
10,4,000000000000000004e9,crop_loss,6.720764081432354,0.4523045689714409,0.4306765626926546
10,4,000000000000000004f9,crop_loss,8.799666475598636,0.37524605765705044,0.4165514843284679
10,4,00000000000000000517,crop_loss,6.403777515659095,0.2739363397038926,0.2599543292376378
10,4,00000000000000000538,crop_loss,1.0519291271009408,0.27918561610718573,0.1751181789914096
10,4,0000000000000000057e,crop_loss,3.0009277568347716,0.5693773112153188,0.10613150567485274
10,4,000000000000000005d1,crop_loss,5.949829886642446,0.12311219448800383,0.13211237410195903
10,4,00000000000000000632,crop_loss,7.1417803947350045,0.0671257045582463,0.11414981341469879
10,4,0000000000000000063e,crop_loss,8.38354082281051,0.3549244316020853,0.29219915913896677
10,4,00000000000000000655,crop_loss,8.120370332332655,0.45069445091978405,0.6065704791670167
10,4,00000000000000000697,crop_loss,7.638169780681869,0.661889693016504,0.20866591977806415
10,4,00000000000000000698,crop_loss,8.467095184171162,0.34888900009955337,0.21824821360221053
10,4,000000000000000006a8,crop_loss,8.937915911404414,0.28108629247088335,0.26918361617483916
10,4,000000000000000006b4,crop_loss,9.441269431150866,0.5911783802527756,0.4086764426260576
10,4,000000000000000006be,crop_loss,5.1927644490298475,0.4902704955805117,0.22417478862471646
10,4,000000000000000006c0,crop_loss,3.590894288510253,0.2944754572499262,0.4497932584179719
10,4,000000000000000006cc,crop_loss,9.423369032488255,0.3935453399282839,0.23799622629059142
10,4,000000000000000006ce,crop_loss,8.749460922220333,0.40769192870434606,0.3829241077051183
10,4,000000000000000006d9,crop_loss,7.180119004295599,0.15965425273955125,0.13509522662262768
10,4,000000000000000006e5,crop_loss,9.63847029723939,0.5951348703859481,0.13999718806900507
10,4,00000000000000000151,built_loss,4.780134763271481,0.2233511014013674,0.12248788661128923
10,4,0000000000000000034d,built_loss,3.4267823709884366,0.3621361377802028,0.07296011676178632
10,4,000000000000000003c7,crop_loss,6.454399651940948,0.7543729687136644,0.17136663831261645
10,4,00000000000000000176,built_loss,8.533195350548647,0.6740660297446048,0.15161560865092127
10,4,000000000000000003d2,built_loss,8.177323361747426,0.5985715740478402,0.20424902625771357
10,4,00000000000000000490,built_loss,7.674191068304492,0.5835078261975999,0.27168640289240487
10,4,000000000000000005ad,built_loss,7.729117888319921,0.667559640976586,0.21932183455316445
10,4,00000000000000000624,built_loss,3.747445710000773,0.4133523752229219,0.2577416391103929
10,4,0000000000000000002d,crop_loss,8.49492984321957,0.5631061303674639,0.2900092996261658
10,4,0000000000000000009d,crop_loss,4.541326396289421,0.3337447529315289,0.20755883503423814
10,4,00000000000000000192,crop_loss,7.422326459906492,0.5560691612757153,0.10926188720976143
10,4,000000000000000003c8,crop_loss,8.198910599494555,0.25791469541850537,0.17451414505475613
10,4,0000000000000000046c,crop_loss,8.158155152923152,0.45515047906062706,0.3462754568662386
10,4,00000000000000000483,crop_loss,8.746409270354121,0.7352267848945406,0.3771899593034696
10,4,000000000000000004ee,crop_loss,8.343624732869445,0.44987628160866927,0.38871087771327173
10,4,00000000000000000611,crop_loss,8.899719918131856,0.6212897406200861,0.15593089333921462
10,4,0000000000000000062f,crop_loss,7.545234377925826,0.4362442351699426,0.4112167240131257
10,5,00000000000000000085,built_loss,5.4696192338044005,0.37151215439021074,0.24380644202029345
10,5,00000000000000000114,built_loss,7.47323181443766,0.686854679465908,0.21945714271285
10,5,0000000000000000024c,built_loss,8.93075434010414,0.7049752052980197,0.14768548530541936
10,5,00000000000000000375,built_loss,8.037112615413134,0.6135642362058528,0.2710513429091567
10,5,000000000000000004d2,built_loss,8.28622996163155,0.510564494358493,0.6021499861621421
10,5,000000000000000005bd,built_loss,4.29284680213921,0.5469294883361511,0.2965362314374248
10,5,00000000000000000281,crop_loss,7.039156473993808,0.5023356216045421,0.2109645336294385
10,5,000000000000000003a2,crop_loss,7.560724085550399,0.2805792570183398,0.23749365110169743
10,5,00000000000000000001,built_loss,6.232980115094955,0.4982467015003326,0.16401547342466277
10,5,00000000000000000049,built_loss,3.49400540752512,0.46776482438976286,0.21096992865146563
10,5,0000000000000000004a,built_loss,8.238600585458988,0.4589425103272062,0.10627811181984004
10,5,0000000000000000004f,built_loss,8.471448004978884,0.5098633578313823,0.27467269947055045
10,5,0000000000000000005a,built_loss,8.462277268496589,0.4341853896784399,0.17486683731777286
10,5,00000000000000000079,built_loss,6.93414347164185,0.7068850812680713,0.10461026503333704
10,5,00000000000000000087,built_loss,9.526825473174554,0.7850445557820046,0.19002862081835414
10,5,000000000000000000a1,built_loss,4.304023562827261,0.4077125663973606,0.17364815582170945
10,5,000000000000000000b8,built_loss,6.570225026663117,0.2754279676643604,0.6237351659048046
10,5,000000000000000000c0,built_loss,7.414624575866773,0.5682806044720358,0.21463667662068076
10,5,000000000000000000e2,built_loss,6.537154302586212,0.34905493948983485,0.1498516870136884
10,5,000000000000000000f0,built_loss,8.689555839543369,0.6880568275876726,0.3174751180061831
10,5,000000000000000000f8,built_loss,9.413208840946757,0.4048804405974936,0.16867821817175616
10,5,0000000000000000011c,built_loss,4.1773486480025905,0.762914219164661,0.17937859102450304
10,5,00000000000000000161,built_loss,9.677764009943218,0.6137424535270245,0.2887678570124055
10,5,0000000000000000016a,built_loss,5.484305869260388,0.24065544552329945,0.13819185071936188
10,5,000000000000000001a8,built_loss,9.205179742120249,0.6075751284819555,0.28419410978499515
10,5,000000000000000001be,built_loss,3.9215950630709355,0.49204298624211545,0.26285698088633846
10,5,000000000000000001cd,built_loss,9.26921143129479,0.6127280675644488,0.23532158295626776
10,5,000000000000000001e5,built_loss,5.347301152284132,0.5499014115300929,0.13058943978257065
10,5,00000000000000000206,built_loss,8.170008560501417,0.3819407033292013,0.5854062376115717
10,5,00000000000000000209,built_loss,9.583227093574365,0.5800210915254407,0.30079927467561063
10,5,00000000000000000231,built_loss,7.516896309613505,0.6334408995299426,0.1522676956003679
10,5,0000000000000000026d,built_loss,9.185006463836558,0.5597551917261071,0.2211183262398383
10,5,00000000000000000278,built_loss,8.7260726813286,0.7410074654189437,0.2246538925103142
10,5,00000000000000000293,built_loss,8.439455563675281,0.42597299421178275,0.2750916572725297
10,5,000000000000000002a4,built_loss,4.581375920714342,0.4204487060109075,0.10953678926110583
10,5,00000000000000000316,built_loss,2.0836359043720294,0.136148349978285,0.06467849583836693
10,5,00000000000000000356,built_loss,9.3644581576273,0.6248813336017711,0.32830365156083574
10,5,00000000000000000362,built_loss,8.994681721326351,0.5355338527214285,0.2909845066339504
10,5,00000000000000000363,built_loss,9.05801558493575,0.22864763063608037,0.14956617362630775
10,5,00000000000000000364,built_loss,9.96489899852979,0.5939510894757208,0.22501453395588245
10,5,00000000000000000380,built_loss,8.88948832362067,0.44187385655756384,0.1967235578880443
10,5,00000000000000000384,built_loss,7.939729460174677,0.5234723456395427,0.11891426726375232
10,5,0000000000000000039e,built_loss,5.7981893080211515,0.5185679460433916,0.1338210933453774
10,5,000000000000000003a1,built_loss,6.734230876526199,0.5746899071003015,0.1876651987773661
10,5,000000000000000003a5,built_loss,8.805599582204982,0.5222185324629519,0.30676716549633837
10,5,000000000000000003b7,built_loss,8.147137370634093,0.48296043182799453,0.11385416620995353
10,5,000000000000000003bf,built_loss,9.198363305087376,0.5185613272524205,0.20044631058769058
10,5,000000000000000003f8,built_loss,4.158967785795584,0.2113420023745626,0.08892346951335026
10,5,000000000000000003fa,built_loss,8.695778803048315,0.4338735411377007,0.15686620282561065
10,5,00000000000000000407,built_loss,9.446598611612782,0.666581524547555,0.2019575096621744
10,5,0000000000000000040f,built_loss,8.391454695272598,0.5247192411767899,0.0555092273586949
10,5,00000000000000000426,built_loss,8.448899070802279,0.5909501104044855,0.21967012972986288
10,5,0000000000000000042b,built_loss,9.338806704685446,0.5631060339417396,0.15167136473511472
10,5,00000000000000000442,built_loss,3.1912045102197384,0.32422043496220526,0.4858327711651871
10,5,00000000000000000465,built_loss,9.580588555301096,0.6428563048368127,0.38834895718158563
10,5,0000000000000000047e,built_loss,5.815874111539596,0.5545073173179156,0.13142781439125734
10,5,000000000000000004c0,built_loss,7.685687093105779,0.653321519180077,0.21651212654945529
10,5,000000000000000004c5,built_loss,5.00777170902141,0.603097312098577,0.22831641676534975
10,5,000000000000000004d9,built_loss,7.758677731741001,0.5707241208526371,0.1845234554813166
10,5,000000000000000004eb,built_loss,8.968988491407714,0.47227058560257124,0.22581899557347757
10,5,000000000000000004f5,built_loss,4.61779739002215,0.4535768036064547,0.20130307332418196
10,5,000000000000000004f7,built_loss,5.997776197824033,0.5133467778434663,0.10309237423734469
10,5,000000000000000004fe,built_loss,6.058631907065453,0.5059710624991016,0.09165892660401787
10,5,0000000000000000051d,built_loss,5.924166177539612,0.3664158908975902,0.19973525105558726
10,5,00000000000000000559,built_loss,7.966630487620609,0.5869129595233635,0.2718294524136366
10,5,00000000000000000576,built_loss,4.945999577517086,0.2600753557272396,0.11207311593687164
10,5,00000000000000000577,built_loss,5.927177203379158,0.5640063582280807,0.30545540053210873
10,5,0000000000000000057f,built_loss,1.7958221016574205,0.391021330108892,0.16985809044745853
10,5,00000000000000000594,built_loss,8.37240401701009,0.5785721025377988,0.3954344385431845
10,5,000000000000000005bf,built_loss,8.835820116970138,0.35738633423454097,0.174019962378833
10,5,000000000000000005cc,built_loss,5.716449843938011,0.3397732748566573,0.13583875267573042
10,5,000000000000000005de,built_loss,8.294770725910288,0.4290341966824077,0.14907985695434045
10,5,000000000000000005e7,built_loss,9.458286724228007,0.4748257071650303,0.3872458545738339
10,5,000000000000000005f9,built_loss,6.630198515329064,0.6514094124949019,0.317095837005701
10,5,0000000000000000061c,built_loss,8.774023892828875,0.39755785039375324,0.2597143285871063
10,5,00000000000000000626,built_loss,8.588564502140624,0.46026641867230544,0.12657699899191516
10,5,0000000000000000062a,built_loss,7.5213552922773435,0.469244037818142,0.28999246577154325
10,5,00000000000000000636,built_loss,6.803938237912067,0.6260569724415391,0.48689622049126324
10,5,0000000000000000064a,built_loss,2.4267300405827092,0.3162093432346449,0.13963109187596615
10,5,0000000000000000064d,built_loss,7.308083776747372,0.43343553722837885,0.16794330395319823
10,5,00000000000000000694,built_loss,9.515869189433111,0.40322410250011237,0.07200167320686746
10,5,0000000000000000069d,built_loss,8.75348596191812,0.6123175994567854,0.21431944688477333
10,5,000000000000000006b7,built_loss,8.454437471573009,0.4454566568976235,0.20032796939857223
10,5,000000000000000006df,built_loss,5.884208958907816,0.48210868980057336,0.49544015269182173
10,5,000000000000000006e3,built_loss,8.161445326476104,0.5847888071696121,0.41810207778512815
10,5,00000000000000000011,crop_loss,9.917434545065625,0.8581083640861286,0.39504660040154116
10,5,0000000000000000002b,crop_loss,8.87615567378745,0.06779085975509543,0.12340717093530189
10,5,0000000000000000003a,crop_loss,8.121706782273442,0.229875351699172,0.1416021686299
10,5,0000000000000000009b,crop_loss,7.57003977106464,0.491089826152651,0.0633181607135676
10,5,000000000000000000a8,crop_loss,8.9708939595361,0.19549419664361797,0.05281976132393526
10,5,000000000000000000da,crop_loss,9.586089404857796,0.7915766077992313,0.18638484763479313
10,5,000000000000000000e3,crop_loss,8.198291331795337,0.4908614677567233,0.21659898596869348
10,5,000000000000000000e9,crop_loss,3.6113829493975134,0.37850103340654145,0.325208720830222
10,5,0000000000000000011b,crop_loss,8.244054150572115,0.4518945431082457,0.1647080365688674
10,5,00000000000000000128,crop_loss,9.428654676058304,0.5459780861821415,0.10398496360011322
10,5,0000000000000000016c,crop_loss,8.911673099871178,0.5531355647045849,0.34643353786424136
10,5,00000000000000000196,crop_loss,8.530492510939984,0.24440788171243036,0.19048573699855015
10,5,000000000000000001a6,crop_loss,7.889759764271105,0.1957433014577176,0.23428337415460745
10,5,000000000000000001e4,crop_loss,8.650827977236045,0.430916491569304,0.09070202803880772
10,5,000000000000000001f9,crop_loss,9.343818710193146,0.32114494539230837,0.44016972070766164
10,5,00000000000000000228,crop_loss,6.633432345701907,0.4073354162526487,0.37615053699418677
10,5,0000000000000000028c,crop_loss,2.754427571458746,0.3139335756092472,0.1735275863095771
10,5,0000000000000000028d,crop_loss,7.82624503276031,0.6345117752428827,0.2701987342271066
10,5,00000000000000000291,crop_loss,9.10193301764423,0.8158188638158527,0.2703454375090356
10,5,000000000000000002c5,crop_loss,7.866696769850628,0.2674682758691314,0.32881457884452725
10,5,000000000000000002cc,crop_loss,6.565521397249536,0.37491022660049617,0.36645285325960114
10,5,000000000000000002dc,crop_loss,8.823892077408686,0.6593152725595588,0.15944127379945217
10,5,000000000000000002e4,crop_loss,8.219945449723081,0.3874586699831358,0.3264381693104857
10,5,000000000000000002ec,crop_loss,9.832828431177123,0.483243961426709,0.2617987750524
10,5,00000000000000000314,crop_loss,7.850553487518532,0.042680799274376985,0.2401743485157569
10,5,00000000000000000335,crop_loss,9.20955154725889,0.5642114912357811,0.24724560775790705
10,5,0000000000000000033a,crop_loss,8.566589267826549,0.5113316311134917,0.22479077335825992
10,5,000000000000000003b0,crop_loss,8.052849701354056,0.29192629559523064,0.21876205578931177
10,5,000000000000000003f1,crop_loss,8.690976400708905,0.4587281682358152,0.28654811362457194
10,5,000000000000000003f2,crop_loss,9.326652967742293,0.48101555098574955,0.20846723547131324
10,5,0000000000000000044b,crop_loss,7.251174825249795,0.5894115989247227,0.12155017520969047
10,5,00000000000000000480,crop_loss,4.431820706912793,0.8581896787877678,0.13560308442250202
10,5,00000000000000000485,crop_loss,9.961451335403995,0.7049832497592381,0.19737384765145438
10,5,00000000000000000497,crop_loss,9.244838273784447,0.2023947841362164,0.14711221114952136
10,5,0000000000000000049b,crop_loss,6.893203437167231,0.38391463358448663,0.11470331126484895
10,5,000000000000000004a1,crop_loss,7.5192981619151995,0.4109062396961408,0.27942070760539733
10,5,000000000000000004e7,crop_loss,6.437492987999325,0.45162993145883723,0.0849278350356909
10,5,000000000000000004e9,crop_loss,6.835653722878661,0.1651935416915072,0.15295141702988138
10,5,000000000000000004f9,crop_loss,9.873930090781196,0.47431929479398205,0.39550560752480873
10,5,00000000000000000517,crop_loss,8.295637883915333,0.43747502594871485,0.5047678281886991
10,5,00000000000000000538,crop_loss,1.0660210954773868,0.3611664790325022,0.17402080252771118
10,5,0000000000000000057e,crop_loss,2.3506361566423846,0.5737772906382703,0.09978395098199089
10,5,000000000000000005d1,crop_loss,5.782861535849578,0.2445553342788898,0.29031005043596925
10,5,00000000000000000632,crop_loss,6.830384914940218,0.06490495478100479,0.05887610678486903
10,5,0000000000000000063e,crop_loss,8.126991877369454,0.40572434579111,0.25960602581319
10,5,00000000000000000655,crop_loss,8.150736181841422,0.5113085002902257,0.43703225386882694
10,5,00000000000000000697,crop_loss,9.941121436901302,0.5857282208019621,0.30886741995705025
10,5,00000000000000000698,crop_loss,8.541044635802676,0.4192415076987874,0.12526102898757552
10,5,000000000000000006a8,crop_loss,8.507743033495371,0.2247129624464821,0.24832869262864088
10,5,000000000000000006b4,crop_loss,9.172290492215742,0.5216902271679987,0.2768142215884654
10,5,000000000000000006be,crop_loss,7.799493542802943,0.37158988541331506,0.24061858524430824
10,5,000000000000000006c0,crop_loss,2.6135309029309193,0.1775816761802184,0.3943061596287392
10,5,000000000000000006cc,crop_loss,8.412981243382825,0.40438190716211664,0.216556828190976
10,5,000000000000000006ce,crop_loss,5.777732873443103,0.48722397653678645,0.3229431491066331
10,5,000000000000000006d9,crop_loss,8.728146640829157,0.1574527610050577,0.11446556011014038
10,5,000000000000000006e5,crop_loss,8.020417455873991,0.5289983486953165,0.36022614964550376
10,5,00000000000000000151,built_loss,8.325010355526398,0.3058365153164698,0.15544250599745874
10,5,0000000000000000034d,built_loss,5.1851572248538105,0.39584069934995025,0.1484546513685075
10,5,000000000000000003c7,crop_loss,7.467329677421892,0.716329751892652,0.20239286605285745
10,5,00000000000000000176,built_loss,9.177572362455885,0.6167446186423123,0.2782613884805992
10,5,000000000000000003d2,built_loss,8.68144757722808,0.5958351115613703,0.34629063505724905
10,5,00000000000000000490,built_loss,9.642235495598554,0.5871846182208507,0.3018063037156226
10,5,000000000000000005ad,built_loss,9.036654737372437,0.715554117358973,0.20113621283854555
10,5,00000000000000000624,built_loss,4.4448709214412565,0.5215129336021619,0.2826488392782391
10,5,0000000000000000002d,crop_loss,9.184538768360618,0.4289874503213035,0.16682115230503924
10,5,0000000000000000009d,crop_loss,5.240533662030023,0.3836997283188103,0.23077993541433783
10,5,00000000000000000192,crop_loss,8.84780069227901,0.5550547085868635,0.11103604517801702
10,5,000000000000000003c8,crop_loss,7.378525086498297,0.14530880650704694,0.255448927856811
10,5,0000000000000000046c,crop_loss,9.512528718235837,0.4628818043746522,0.4982665309798374
10,5,00000000000000000483,crop_loss,7.90261977542585,0.7191769364966599,0.35202602237959685
10,5,000000000000000004ee,crop_loss,9.14706368170332,0.2880022735950635,0.37833920480317845
10,5,00000000000000000611,crop_loss,9.713584046517212,0.7179048554225046,0.1758639572566597
10,5,0000000000000000062f,crop_loss,8.109159223070634,0.5300592282157149,0.42812931800497633
10,6,00000000000000000085,built_loss,6.691460729647248,0.33446040440958075,0.24512501442479787
10,6,00000000000000000114,built_loss,6.9712758907754395,0.6958344592607498,0.16699282895232104
10,6,0000000000000000024c,built_loss,7.723753557413617,0.6802638942118221,0.16784173468735852
10,6,00000000000000000375,built_loss,9.12383172008725,0.6977930169643597,0.1572121398933709
10,6,000000000000000004d2,built_loss,8.021727472371436,0.5834143833699166,0.7189652772906245
10,6,000000000000000005bd,built_loss,3.096519290925234,0.4622719562328212,0.23320099112567366
10,6,00000000000000000281,crop_loss,8.6264619177773,0.4729806760634587,0.24501598463599095
10,6,000000000000000003a2,crop_loss,8.339088012725812,0.31588723576307154,0.26094326736594076
10,6,00000000000000000001,built_loss,7.746666899753798,0.4446425819705277,0.2633899941832793
10,6,00000000000000000049,built_loss,4.950156336574704,0.4662166482478211,0.23683209298802166
10,6,0000000000000000004a,built_loss,3.9779419538489846,0.3954350960005682,0.1292888047575838
10,6,0000000000000000004f,built_loss,8.334842903865132,0.44791496637016626,0.28093712686221267
10,6,0000000000000000005a,built_loss,8.303802087451745,0.37751014365797597,0.11925607490620571
10,6,00000000000000000079,built_loss,9.735284446039032,0.6561555962454945,0.1658856856332529
10,6,00000000000000000087,built_loss,8.882790130916263,0.4310460160955295,0.2974837012705052
10,6,000000000000000000a1,built_loss,6.411171764903776,0.43535133269580795,0.28526821081633846
10,6,000000000000000000b8,built_loss,5.178870790085839,0.3956424649611614,0.34341986446024353
10,6,000000000000000000c0,built_loss,8.797995441064474,0.6226862973456948,0.12616616894820865
10,6,000000000000000000e2,built_loss,5.99096056958094,0.3318209112825915,0.1589943955808833
10,6,000000000000000000f0,built_loss,8.158165498652092,0.7069526493496017,0.21120664021058688
10,6,000000000000000000f8,built_loss,9.515357032394023,0.5141161350652219,0.1951164203242844
10,6,0000000000000000011c,built_loss,4.975725832581899,0.7780230227950551,0.1793324470284251
10,6,00000000000000000161,built_loss,8.986449936373248,0.6057206363191823,0.20810552572765084
10,6,0000000000000000016a,built_loss,3.5444329456330643,0.21711032651419346,0.2500847590016109
10,6,000000000000000001a8,built_loss,9.9024296233103,0.5946290148873838,0.29432469664373734
10,6,000000000000000001be,built_loss,4.057074778760868,0.4595410997753647,0.24642074442223777
10,6,000000000000000001cd,built_loss,7.296375450579731,0.5847804527565482,0.3820366900206525
10,6,000000000000000001e5,built_loss,6.489446789166528,0.595943311243407,0.1607442294348651
10,6,00000000000000000206,built_loss,9.18621774290926,0.746034574297057,0.49148828694176916
10,6,00000000000000000209,built_loss,8.34708220920024,0.6632745053604463,0.287391268977632
10,6,00000000000000000231,built_loss,7.493077775250277,0.4643631487206523,0.2381664259596562
10,6,0000000000000000026d,built_loss,9.130104267225569,0.5670321456797978,0.2630815918828527
10,6,00000000000000000278,built_loss,9.209093033026363,0.76441750483757,0.20983227997337395
10,6,00000000000000000293,built_loss,8.5910128345369,0.4704838919510623,0.1532656892670382
10,6,000000000000000002a4,built_loss,5.205695339054863,0.3581208013195358,0.2682733587013499
10,6,00000000000000000316,built_loss,1.6434109291237833,0.10758651052559212,0.10100737455732965
10,6,00000000000000000356,built_loss,6.067940941896646,0.3854868984576387,0.28414626204760446
10,6,00000000000000000362,built_loss,8.356839410835288,0.5086333913902141,0.22483521248337096
10,6,00000000000000000363,built_loss,7.605288588466758,0.26918475561435157,0.24421385101359377
10,6,00000000000000000364,built_loss,9.756411968321887,0.6516346604997124,0.22471441925042818
10,6,00000000000000000380,built_loss,8.546733506818134,0.4962296923145021,0.2732203012482105
10,6,00000000000000000384,built_loss,8.426150419384456,0.6389771136245418,0.18012929336664707
10,6,0000000000000000039e,built_loss,5.623172794665445,0.45037817613116177,0.2509672324478552
10,6,000000000000000003a1,built_loss,8.224074746204147,0.5345122550561968,0.22724732954454469
10,6,000000000000000003a5,built_loss,7.459578037886134,0.4368090140648619,0.21113322786845512
10,6,000000000000000003b7,built_loss,6.559731309342995,0.5232769601876245,0.18441528961615866
10,6,000000000000000003bf,built_loss,9.936160271244251,0.5674424006572977,0.14914170114313663
10,6,000000000000000003f8,built_loss,4.176004024205207,0.20845909288016576,0.13845907785819883
10,6,000000000000000003fa,built_loss,9.594047879635317,0.41266019861338493,0.11017284745494149
10,6,00000000000000000407,built_loss,9.492115474908669,0.6355325083109903,0.26018521501717373
10,6,0000000000000000040f,built_loss,7.946568978845463,0.5273665012064401,0.08083747082098924
10,6,00000000000000000426,built_loss,7.591754716031857,0.5835461276888978,0.24671305972288637
10,6,0000000000000000042b,built_loss,9.401887299887298,0.5197682010137858,0.17818432010393703
10,6,00000000000000000442,built_loss,3.7456417410475082,0.4627929458940705,0.6104720317905905
10,6,00000000000000000465,built_loss,8.781283680906308,0.6684370657542403,0.19158659021025382
10,6,0000000000000000047e,built_loss,6.897987820497616,0.676440753860054,0.30457428969603034
10,6,000000000000000004c0,built_loss,8.20893823289412,0.609586227677231,0.2604753068656257
10,6,000000000000000004c5,built_loss,5.804545352704488,0.6190531408906929,0.24782090930212164
10,6,000000000000000004d9,built_loss,8.82004311541791,0.5575065735048231,0.19779216447115144
10,6,000000000000000004eb,built_loss,9.778939499435879,0.5331348540186491,0.17069092645516204
10,6,000000000000000004f5,built_loss,5.130036986776075,0.5879534704360949,0.3746588274049799
10,6,000000000000000004f7,built_loss,4.229164542096339,0.4412954890946214,0.13998851271724283
10,6,000000000000000004fe,built_loss,7.096193290726808,0.5160434936192179,0.12923425609942707
10,6,0000000000000000051d,built_loss,4.736109797455787,0.5477975851295037,0.39956662932427195
10,6,00000000000000000559,built_loss,7.262006109506588,0.6002194677280989,0.372513361767377
10,6,00000000000000000576,built_loss,4.656954577481142,0.3270615870398816,0.20450872575188755
10,6,00000000000000000577,built_loss,5.778798418380488,0.280133897564561,0.34019194555234855
10,6,0000000000000000057f,built_loss,1.7499028558015532,0.3807747643911612,0.23020446442287912
10,6,00000000000000000594,built_loss,8.38415476794763,0.5369533967478368,0.4678441496838169
10,6,000000000000000005bf,built_loss,8.965035374550741,0.37991811639212486,0.1720127757998976
10,6,000000000000000005cc,built_loss,6.878738509957667,0.26151571229882153,0.1576552250405241
10,6,000000000000000005de,built_loss,7.522499741306666,0.4507748782987126,0.11068257364315243
10,6,000000000000000005e7,built_loss,7.803069788786175,0.7125919233729396,0.31366914263075363
10,6,000000000000000005f9,built_loss,8.821794791564006,0.7735165940852593,0.22583050703125962
10,6,0000000000000000061c,built_loss,7.5605027093666815,0.28456962092794486,0.262729235057267
10,6,00000000000000000626,built_loss,9.830209944227486,0.4639813953618249,0.13318626576014392
10,6,0000000000000000062a,built_loss,8.406577795218647,0.4876108502065964,0.2730274526486391
10,6,00000000000000000636,built_loss,9.303617580599633,0.5403722067999467,0.3948060764292234
10,6,0000000000000000064a,built_loss,2.8374740213151646,0.2793949903299018,0.0974110799418263
10,6,0000000000000000064d,built_loss,7.112156115385143,0.3825225831217039,0.2711224795587608
10,6,00000000000000000694,built_loss,8.761871210253199,0.3246694697427798,0.18483583894558997
10,6,0000000000000000069d,built_loss,7.511387483786684,0.6545934655682921,0.16742386983350888
10,6,000000000000000006b7,built_loss,6.813763972897155,0.40270668702477036,0.18890520190801585
10,6,000000000000000006df,built_loss,7.7023598381191665,0.3369860179470853,0.43224428662709735
10,6,000000000000000006e3,built_loss,8.47631401281151,0.44715169099747215,0.22507196619679143
10,6,00000000000000000011,crop_loss,8.360599860091419,0.8460240816128969,0.5321988691133316
10,6,0000000000000000002b,crop_loss,8.138312461802757,0.12345238973983451,0.23435489294345446
10,6,0000000000000000003a,crop_loss,9.244711337221467,0.2824479885353432,0.2692335185238068
10,6,0000000000000000009b,crop_loss,6.818024344288407,0.5018012405685915,0.045451180866468155
10,6,000000000000000000a8,crop_loss,8.080272282483705,0.20567983115917338,0.12387311202428353
10,6,000000000000000000da,crop_loss,8.654561794260884,0.7458017217265748,0.11739557319468519
10,6,000000000000000000e3,crop_loss,8.994414315555181,0.5209686699517672,0.24265091888357582
10,6,000000000000000000e9,crop_loss,3.6229693832701098,0.4485082937794084,0.21505303234457918
10,6,0000000000000000011b,crop_loss,8.271818587694497,0.47637715628866667,0.14289321040487796
10,6,00000000000000000128,crop_loss,8.116743554138779,0.5264531889127201,0.06968027312970232
10,6,0000000000000000016c,crop_loss,8.845549535326601,0.5267539492472261,0.19880340759990667
10,6,00000000000000000196,crop_loss,9.966536303874888,0.28374623917737857,0.13188788711966407
10,6,000000000000000001a6,crop_loss,9.56268407934156,0.2868548826490862,0.2697947867411923
10,6,000000000000000001e4,crop_loss,7.199649068255325,0.4442396012539305,0.14921714812895437
10,6,000000000000000001f9,crop_loss,8.393466394966882,0.7319047709751401,0.5324228649073383
10,6,00000000000000000228,crop_loss,7.685492730145373,0.654064288647943,0.5178287313157146
10,6,0000000000000000028c,crop_loss,2.817545691706635,0.30232874230002854,0.11950200126152952
10,6,0000000000000000028d,crop_loss,9.00204967753491,0.5767424628174772,0.3302180009617259
10,6,00000000000000000291,crop_loss,6.040529407141254,0.8799498378800131,0.06285562454741611
10,6,000000000000000002c5,crop_loss,8.691505618849671,0.3568031670889954,0.21712402324138158
10,6,000000000000000002cc,crop_loss,7.22255569236851,0.38572519982007913,0.5093346488642799
10,6,000000000000000002dc,crop_loss,9.026428253157428,0.655058821649325,0.14435901093500558
10,6,000000000000000002e4,crop_loss,8.780863936991885,0.5134936709456577,0.3076388649658187
10,6,000000000000000002ec,crop_loss,8.63385388608108,0.4124673406714309,0.26621880762684885
10,6,00000000000000000314,crop_loss,7.325749127771926,0.19713708659184753,0.5063803829086516
10,6,00000000000000000335,crop_loss,9.07754746097819,0.4739479431535477,0.3738385652863522
10,6,0000000000000000033a,crop_loss,8.379158007853052,0.45504581184577897,0.1910840269581921
10,6,000000000000000003b0,crop_loss,7.477204823867529,0.11956175959226432,0.1782663360381128
10,6,000000000000000003f1,crop_loss,9.55419370469142,0.4451238751755823,0.22554645915016924
10,6,000000000000000003f2,crop_loss,9.4124791100423,0.3862690393768544,0.21902574636335592
10,6,0000000000000000044b,crop_loss,7.504873627076166,0.5311933680000245,0.0904043535229141
10,6,00000000000000000480,crop_loss,5.74721432649578,0.8448029936150097,0.30186177329705377
10,6,00000000000000000485,crop_loss,9.130981752248891,0.6878283933087885,0.26008698044323686
10,6,00000000000000000497,crop_loss,9.449325976881353,0.290263296972363,0.2614499044193239
10,6,0000000000000000049b,crop_loss,6.992976036176231,0.33930735744190127,0.13286345237297714
10,6,000000000000000004a1,crop_loss,8.765441972927189,0.34506977054118737,0.20999400199545892
10,6,000000000000000004e7,crop_loss,8.384488849331957,0.5034692521834969,0.09016957907785811
10,6,000000000000000004e9,crop_loss,6.057379899802919,0.5641501003564258,0.2581776701343267
10,6,000000000000000004f9,crop_loss,8.725555636911704,0.4088182948249744,0.3439326921084708
10,6,00000000000000000517,crop_loss,7.885507039189845,0.33904927971672927,0.3912608756158986
10,6,00000000000000000538,crop_loss,1.0297158289651873,0.26362083263718894,0.08547500127943489
10,6,0000000000000000057e,crop_loss,3.309661049503784,0.5330345498094627,0.14506895480059395
10,6,000000000000000005d1,crop_loss,7.189379555082902,0.19624853088002917,0.2543509533185141
10,6,00000000000000000632,crop_loss,8.122830106335762,0.0767883507697842,0.10209306235168132
10,6,0000000000000000063e,crop_loss,8.555428741039142,0.29923633460480964,0.25851982286967556
10,6,00000000000000000655,crop_loss,8.13330154792296,0.698621934470364,0.46381114347185926
10,6,00000000000000000697,crop_loss,9.119266865371982,0.6391144681477239,0.20773514435726448
10,6,00000000000000000698,crop_loss,7.575862437945266,0.3933230684232619,0.26477715637780497
10,6,000000000000000006a8,crop_loss,8.572406749033751,0.35163342033868855,0.31731704605380107
10,6,000000000000000006b4,crop_loss,8.789492391391347,0.4402259432018034,0.2901536044530027
10,6,000000000000000006be,crop_loss,6.777686644918102,0.5236789408867464,0.2094596899452973
10,6,000000000000000006c0,crop_loss,2.417935706318098,0.18472773206557308,0.22869548096850054
10,6,000000000000000006cc,crop_loss,7.567300464865285,0.41355731548644376,0.31028505130405826
10,6,000000000000000006ce,crop_loss,8.298639130327187,0.5386781213044235,0.4206843569981938
10,6,000000000000000006d9,crop_loss,8.180089219501227,0.21809472170094202,0.10335087879508834
10,6,000000000000000006e5,crop_loss,9.065127995506082,0.46447937473323647,0.2507147319344698
10,6,00000000000000000151,built_loss,7.019226213758607,0.32610450202100905,0.1723272276995698
10,6,0000000000000000034d,built_loss,3.2232988299703624,0.38396609886907906,0.1646805652724906
10,6,000000000000000003c7,crop_loss,8.893392127485114,0.7572414540505394,0.17782852389019532
10,6,00000000000000000176,built_loss,8.28833251327556,0.61211229539347,0.2024110261987706
10,6,000000000000000003d2,built_loss,9.130931634223396,0.513890244113566,0.29799755990680254
10,6,00000000000000000490,built_loss,8.193322711902532,0.6463567529440944,0.1949581390208852
10,6,000000000000000005ad,built_loss,7.294513474321286,0.5832572643013992,0.14819369454486486
10,6,00000000000000000624,built_loss,3.4181791094792078,0.4714549716100638,0.19775673979091013
10,6,0000000000000000002d,crop_loss,8.730852518939635,0.536547488623595,0.15735071822212482
10,6,0000000000000000009d,crop_loss,3.4873287215159134,0.36501751530008963,0.17682128655577456
10,6,00000000000000000192,crop_loss,9.053329579775333,0.5725614036286751,0.1026201867460318
10,6,000000000000000003c8,crop_loss,8.609814881783306,0.2024548222757265,0.21882912312944558
10,6,0000000000000000046c,crop_loss,9.077653740956434,0.5991266266372962,0.6457920744484041
10,6,00000000000000000483,crop_loss,7.259320854631908,0.5824481902919814,0.3372974890722124
10,6,000000000000000004ee,crop_loss,8.191995393135722,0.3973361373353298,0.3223597232721377
10,6,00000000000000000611,crop_loss,8.571393205561893,0.662305306136861,0.21297988965221504
10,6,0000000000000000062f,crop_loss,8.483379645898246,0.6082120245139271,0.40590423261449815
10,7,00000000000000000085,built_loss,5.3836947239005415,0.23151696160007054,0.215523021761368
10,7,00000000000000000114,built_loss,8.995414413509225,0.7113846491964393,0.15910322399696197
10,7,0000000000000000024c,built_loss,7.238715008304822,0.7544860341567073,0.270477270388222
10,7,00000000000000000375,built_loss,7.920209590228691,0.6157702396911054,0.20159116194805926
10,7,000000000000000004d2,built_loss,5.771890522426196,0.5993851986724567,0.5978019409396713
10,7,000000000000000005bd,built_loss,2.4442147122317737,0.6112303771395274,0.3212596986953254
10,7,00000000000000000281,crop_loss,7.820557089917944,0.5221283532155323,0.31864780096792994
10,7,000000000000000003a2,crop_loss,7.599782807328855,0.42588104187881337,0.2788344235408858
10,7,00000000000000000001,built_loss,7.611840786805088,0.5296424502951781,0.26691747124207854
10,7,00000000000000000049,built_loss,1.5036853129233798,0.4994871449528155,0.10751316490236656
10,7,0000000000000000004a,built_loss,4.983686205160136,0.4289664380294269,0.08882503463113633
10,7,0000000000000000004f,built_loss,7.356682755911299,0.3867592319463759,0.2611984873953192
10,7,0000000000000000005a,built_loss,6.6693159446946995,0.43125269585248455,0.13571928216160228
10,7,00000000000000000079,built_loss,8.337218429209546,0.6793459875128457,0.15535394438962746
10,7,00000000000000000087,built_loss,8.146186196865461,0.641445763432135,0.3548214192924854
10,7,000000000000000000a1,built_loss,3.072005193909213,0.46166780458516304,0.20424847148945346
10,7,000000000000000000b8,built_loss,6.389160558746591,0.2818388775729206,0.4525807109534923
10,7,000000000000000000c0,built_loss,9.897301111829398,0.6752809475354918,0.15901609549202678
10,7,000000000000000000e2,built_loss,7.8104182874507835,0.31886218628632446,0.16589316716478658
10,7,000000000000000000f0,built_loss,7.672767754965373,0.7603542099273343,0.37811153202859693
10,7,000000000000000000f8,built_loss,9.395504923234762,0.5477649922890759,0.22268527850183945
10,7,0000000000000000011c,built_loss,6.397200497629842,0.712027439158129,0.2633027899702476
10,7,00000000000000000161,built_loss,9.376041594661103,0.7110551359691201,0.26780170565084316
10,7,0000000000000000016a,built_loss,6.477057985776591,0.25149852938346995,0.24459565726454038
10,7,000000000000000001a8,built_loss,8.994743614312444,0.6543570709064744,0.21673468233747628
10,7,000000000000000001be,built_loss,3.872967564143909,0.5672329563642496,0.39382023801076915
10,7,000000000000000001cd,built_loss,8.36997342928037,0.8043410186787628,0.18631736741616622
10,7,000000000000000001e5,built_loss,8.381275666023438,0.5961716793970232,0.18160537230661034
10,7,00000000000000000206,built_loss,8.772924457971715,0.7663543628038071,0.2586209935116409
10,7,00000000000000000209,built_loss,7.282454459776247,0.6637951982010007,0.3589959952240033
10,7,00000000000000000231,built_loss,9.765268729362548,0.674109044237798,0.265340741917361
10,7,0000000000000000026d,built_loss,8.410090355400127,0.5814794397652311,0.19446390434216876
10,7,00000000000000000278,built_loss,8.392945150046407,0.8056149472450908,0.10886937081778358
10,7,00000000000000000293,built_loss,7.5213860272849695,0.4968861632392387,0.2088097373927097
10,7,000000000000000002a4,built_loss,5.429390825944638,0.4146157252431377,0.1182033024086444
10,7,00000000000000000316,built_loss,2.0032341359990964,0.1171420693473981,0.10886122844387161
10,7,00000000000000000356,built_loss,7.901404760007081,0.3585511118183166,0.5035730972804704
10,7,00000000000000000362,built_loss,7.927516029303281,0.5484486108393449,0.22734117464507114
10,7,00000000000000000363,built_loss,9.043208506635388,0.24276697634403083,0.1563686426578113
10,7,00000000000000000364,built_loss,8.281382005671844,0.6354706826589352,0.2183442955199012
10,7,00000000000000000380,built_loss,8.505852532345683,0.48913189926006273,0.2524798360888461
10,7,00000000000000000384,built_loss,7.438354737387735,0.5939019719176944,0.20390137270300168
10,7,0000000000000000039e,built_loss,3.739421609688133,0.5270261094297162,0.12876632168628116
10,7,000000000000000003a1,built_loss,8.424886800674136,0.5940115293347019,0.13677513005238695
10,7,000000000000000003a5,built_loss,5.1655192906026235,0.5348977720736776,0.3264998072340265
10,7,000000000000000003b7,built_loss,5.75241573683427,0.5164002398350379,0.12056620330739598
10,7,000000000000000003bf,built_loss,8.426397834017097,0.5912888260200319,0.1907771785413696
10,7,000000000000000003f8,built_loss,5.8906748545067344,0.24671872168341685,0.17907671944872897
10,7,000000000000000003fa,built_loss,9.444142998684086,0.43529218320371105,0.10704378515191931
10,7,00000000000000000407,built_loss,7.826009919085842,0.5594650503220965,0.23965629399475907
10,7,0000000000000000040f,built_loss,8.50155349561955,0.5214152278768405,0.08530309527804314
10,7,00000000000000000426,built_loss,8.289699626803442,0.589115060907026,0.13610482682710517
10,7,0000000000000000042b,built_loss,8.797771538558981,0.46557827414833136,0.22496623943938654
10,7,00000000000000000442,built_loss,4.200097966460665,0.6710255592873052,0.48428871127847123
10,7,00000000000000000465,built_loss,8.338902143035915,0.5856264648696329,0.28306903863547567
10,7,0000000000000000047e,built_loss,7.274516012103463,0.5587880400128886,0.17978648169715344
10,7,000000000000000004c0,built_loss,7.184753818747905,0.6628344908618249,0.14943978018036375
10,7,000000000000000004c5,built_loss,7.75030108805376,0.6265473113807571,0.3185461875921213
10,7,000000000000000004d9,built_loss,9.479006252481012,0.5540002829262737,0.19142439004648498
10,7,000000000000000004eb,built_loss,8.974262203179697,0.49109796278358586,0.19095852827492055
10,7,000000000000000004f5,built_loss,4.838661927382689,0.4314161274595409,0.22977690472873896
10,7,000000000000000004f7,built_loss,4.621573759550576,0.47932964703836334,0.07341401284191301
10,7,000000000000000004fe,built_loss,6.3366607260934895,0.4829750670318691,0.11768267076182698
10,7,0000000000000000051d,built_loss,7.147963798737138,0.6164550798722951,0.2831322173772188
10,7,00000000000000000559,built_loss,9.03086392630402,0.6902083863767923,0.24045580418879176
10,7,00000000000000000576,built_loss,3.2169618900560883,0.28892049290141536,0.16739157414321917
10,7,00000000000000000577,built_loss,4.053875132447008,0.630463344678864,0.27651937615988725
10,7,0000000000000000057f,built_loss,2.3405827516790265,0.328962856105403,0.27486345673254353
10,7,00000000000000000594,built_loss,7.845980596524886,0.3100683367395867,0.4347917438361364
10,7,000000000000000005bf,built_loss,8.51522849205722,0.36342025745057277,0.23888087343049202
10,7,000000000000000005cc,built_loss,4.280954897978828,0.3863925927956514,0.10255922334908862
10,7,000000000000000005de,built_loss,7.64248851533966,0.4115040512516737,0.16303208107115053
10,7,000000000000000005e7,built_loss,8.852437430366395,0.6200642797347738,0.3125923522641068
10,7,000000000000000005f9,built_loss,5.550250406919872,0.6491695531460864,0.27211338916047884
10,7,0000000000000000061c,built_loss,6.488128098229469,0.4556828832327671,0.4521480830478259
10,7,00000000000000000626,built_loss,7.315027783438101,0.4895599375978914,0.19105247399775988
10,7,0000000000000000062a,built_loss,9.562822947491698,0.40222643731064156,0.20759157741709638
10,7,00000000000000000636,built_loss,6.802766065102337,0.5808596066782727,0.33606302414463457
10,7,0000000000000000064a,built_loss,3.4921876023588583,0.2973960374813317,0.13481393680696613
10,7,0000000000000000064d,built_loss,5.611938293748502,0.41142066873576844,0.17885575866531472
10,7,00000000000000000694,built_loss,6.599269799264946,0.38637042285093515,0.12063619226418254
10,7,0000000000000000069d,built_loss,7.932962966491236,0.6930176157446616,0.1431276948598884
10,7,000000000000000006b7,built_loss,8.607644780117472,0.468623370355756,0.22698896461635348
10,7,000000000000000006df,built_loss,7.080326134169677,0.2629368495092609,0.5634983933952038
10,7,000000000000000006e3,built_loss,7.907869284779101,0.34889838299526427,0.2763792138737266
10,7,00000000000000000011,crop_loss,7.652473530060671,0.41011613830992993,0.530325038354739
10,7,0000000000000000002b,crop_loss,8.754743539885222,0.08157636334169055,0.22409509986816034
10,7,0000000000000000003a,crop_loss,8.585944622820257,0.2379496918228215,0.172294478692306
10,7,0000000000000000009b,crop_loss,6.134279714144738,0.5010760369899472,0.05190803673493649
10,7,000000000000000000a8,crop_loss,8.243590928243139,0.2315736089852237,0.14727056004379055
10,7,000000000000000000da,crop_loss,8.436533106582315,0.778369559019501,0.17579444590936144
10,7,000000000000000000e3,crop_loss,9.041299025135215,0.34427139823685526,0.3580101624558767
10,7,000000000000000000e9,crop_loss,2.6951463787929537,0.3835183459567879,0.3027553717853665
10,7,0000000000000000011b,crop_loss,6.722104764325412,0.45613925713552417,0.2106880751959967
10,7,00000000000000000128,crop_loss,9.041307066464494,0.5721507564818624,0.07473120976970615
10,7,0000000000000000016c,crop_loss,8.395724249117091,0.5414602524109303,0.39205913829371686
10,7,00000000000000000196,crop_loss,7.064829204586519,0.20715027263208186,0.13485664463748195
10,7,000000000000000001a6,crop_loss,9.331950248029237,0.2635860694960315,0.19699778152435152
10,7,000000000000000001e4,crop_loss,7.605199876645237,0.446003189043337,0.16874491346541964
10,7,000000000000000001f9,crop_loss,8.863100554480729,0.7789009483719493,0.5691736872505769
10,7,00000000000000000228,crop_loss,6.008671796034412,0.5358002662859697,0.48948016423320934
10,7,0000000000000000028c,crop_loss,4.5504727216161225,0.23206021979133237,0.2863785388943366
10,7,0000000000000000028d,crop_loss,7.648296417063648,0.6855282881486506,0.2453499698077456
10,7,00000000000000000291,crop_loss,7.001767249155364,0.9173813303881473,0.07561626382230957
10,7,000000000000000002c5,crop_loss,8.33627147357337,0.3449568009006009,0.36292075200864304
10,7,000000000000000002cc,crop_loss,7.882717066475226,0.36343932154942626,0.5837974769089028
10,7,000000000000000002dc,crop_loss,9.952561057938798,0.5322459292020536,0.22818204730994768
10,7,000000000000000002e4,crop_loss,8.666092471811625,0.2989442414539052,0.26752950370152784
10,7,000000000000000002ec,crop_loss,9.13213464203533,0.5150227513880357,0.2170584871761821
10,7,00000000000000000314,crop_loss,6.369674110725459,0.04016855954055928,0.07181206434173039
10,7,00000000000000000335,crop_loss,6.9889861242308635,0.5899277021488555,0.1282241066275881
10,7,0000000000000000033a,crop_loss,6.128491038858621,0.3869492531027999,0.22305144396554405
10,7,000000000000000003b0,crop_loss,9.374568186885043,0.18492974652326047,0.25686763000189083
10,7,000000000000000003f1,crop_loss,9.710019346371066,0.4456935066501393,0.23582171544520908
10,7,000000000000000003f2,crop_loss,9.055262561511688,0.4235524088585128,0.23106198087628133
10,7,0000000000000000044b,crop_loss,5.6387206741822125,0.5726499966970463,0.23495741237441442
10,7,00000000000000000480,crop_loss,6.206790379930894,0.8761966719426065,0.3784762453097895
10,7,00000000000000000485,crop_loss,7.787225079359659,0.6814086871312124,0.12279432080484964
10,7,00000000000000000497,crop_loss,8.105109088025577,0.27256629132854715,0.2745444443467082
10,7,0000000000000000049b,crop_loss,7.681621709671086,0.2642661346854165,0.13947720982646708
10,7,000000000000000004a1,crop_loss,9.500710278266133,0.38767870461958964,0.2585406407144795
10,7,000000000000000004e7,crop_loss,7.826760759844979,0.5062822988387266,0.16542598451141854
10,7,000000000000000004e9,crop_loss,6.17766522222562,0.2796714633666795,0.3283751523886419
10,7,000000000000000004f9,crop_loss,7.837111581443577,0.3566087045656919,0.28271522912960856
10,7,00000000000000000517,crop_loss,6.212649629279701,0.2161655740076166,0.48656664099937075
10,7,00000000000000000538,crop_loss,1.0662673218420862,0.28326286662772365,0.07775100544681979
10,7,0000000000000000057e,crop_loss,4.247799418197991,0.4899310826309002,0.1756567145713261
10,7,000000000000000005d1,crop_loss,6.239253702808257,0.310278564766354,0.38912097019385516
10,7,00000000000000000632,crop_loss,7.372774063161865,0.07053168597722453,0.08403366534853217
10,7,0000000000000000063e,crop_loss,7.966905513043281,0.40875637989217856,0.17788463381947522
10,7,00000000000000000655,crop_loss,8.461708565690817,0.3262749483237123,0.3779486974215512
10,7,00000000000000000697,crop_loss,8.894469705733846,0.5670196451253933,0.14891094521047893
10,7,00000000000000000698,crop_loss,5.729838247255727,0.4941309856056513,0.31118930892841506
10,7,000000000000000006a8,crop_loss,9.316354370528176,0.26599418872174185,0.2857022830348945
10,7,000000000000000006b4,crop_loss,9.499148623097817,0.43105748283365763,0.4298848785123231
10,7,000000000000000006be,crop_loss,5.7090686113818325,0.376303791228401,0.15407532158027593
10,7,000000000000000006c0,crop_loss,1.5942152694829879,0.13849044530934432,0.12460799689299863
10,7,000000000000000006cc,crop_loss,6.9942043749200575,0.34540899507122585,0.1641798922154618
10,7,000000000000000006ce,crop_loss,8.50924291869257,0.5874763930926367,0.3246345192871195
10,7,000000000000000006d9,crop_loss,8.358603168838787,0.21756428594378424,0.14798897033938982
10,7,000000000000000006e5,crop_loss,8.241332964276332,0.3995248154110098,0.366190061874201
10,7,00000000000000000151,built_loss,5.186945622927018,0.28028332246465426,0.15055462516550727
10,7,0000000000000000034d,built_loss,3.8236811864097504,0.34581611782757005,0.08875516193834171
10,7,000000000000000003c7,crop_loss,7.136400838260683,0.7072576654380898,0.17281376487085254
10,7,00000000000000000176,built_loss,9.7100138067105,0.5115254073325197,0.2155269623228772
10,7,000000000000000003d2,built_loss,8.654140630600557,0.563427744857038,0.31680008748614297
10,7,00000000000000000490,built_loss,8.090382481466019,0.6131579041269591,0.17329119655467062
10,7,000000000000000005ad,built_loss,8.916094256628387,0.6246187614146266,0.17105343478422685
10,7,00000000000000000624,built_loss,4.518202235558708,0.5211382017004643,0.24740399378765027
10,7,0000000000000000002d,crop_loss,8.27101285639184,0.46247252336204037,0.2266403930571153
10,7,0000000000000000009d,crop_loss,6.201762318805248,0.3901094070278281,0.2393937937937014
10,7,00000000000000000192,crop_loss,8.036001735897752,0.500564423012484,0.14202418432157732
10,7,000000000000000003c8,crop_loss,7.582626156551699,0.19920950550822877,0.2426550849980011
10,7,0000000000000000046c,crop_loss,8.49269896000172,0.4390259764927799,0.3938631620178954
10,7,00000000000000000483,crop_loss,7.153120347101388,0.6351986931561562,0.34408755295744536
10,7,000000000000000004ee,crop_loss,8.343010611950568,0.35552888734506877,0.4141180658219187
10,7,00000000000000000611,crop_loss,7.8078962689276254,0.6612365929493216,0.18162285175593562
10,7,0000000000000000062f,crop_loss,7.4413930606932155,0.4618035064412297,0.26994149677541024
20,0,00000000000000000085,built_loss,10.044971262599397,0.37955356928050166,0.12912020133646224
20,0,00000000000000000114,built_loss,14.072316390530041,0.7203388124009541,0.20708551414109555
20,0,0000000000000000024c,built_loss,14.491317281731451,0.6988147342127057,0.14644931881879186
20,0,00000000000000000375,built_loss,13.453176196337273,0.6833190374421281,0.11666784124023766
20,0,000000000000000004d2,built_loss,16.353681745647048,0.4073938988253882,0.49858415136018475
20,0,000000000000000005bd,built_loss,4.77056846486969,0.5571194870010985,0.15232646732870003
20,0,00000000000000000281,crop_loss,14.400336942216935,0.5318095007099556,0.13366353504559042
20,0,000000000000000003a2,crop_loss,13.108286574973606,0.42406889892625166,0.2467654416206259
20,0,00000000000000000001,built_loss,12.901121001948361,0.4283451049621554,0.15829928451889602
20,0,00000000000000000049,built_loss,2.6672304760711434,0.5174755556169683,0.11363637521012881
20,0,0000000000000000004a,built_loss,9.87256672273922,0.45670028233866283,0.06842006488514463
20,0,0000000000000000004f,built_loss,16.717684167346395,0.4558389304803432,0.22997962457408022
20,0,0000000000000000005a,built_loss,13.305192424838149,0.4161075256612863,0.06209812958869931
20,0,00000000000000000079,built_loss,16.821160251679782,0.5748025006009092,0.1681511450969987
20,0,00000000000000000087,built_loss,14.927847384561407,0.4786216096768275,0.329104276240201
20,0,000000000000000000a1,built_loss,6.3308138886685486,0.42241902993296987,0.11228491487899822
20,0,000000000000000000b8,built_loss,7.76486517636904,0.6137169599673069,0.25915472086076535
20,0,000000000000000000c0,built_loss,14.099917790720076,0.6462687504881269,0.09241467177157947
20,0,000000000000000000e2,built_loss,11.239950741507663,0.3927490201504366,0.19176393651283175
20,0,000000000000000000f0,built_loss,12.18404003810608,0.7075245403330767,0.3156621470635836
20,0,000000000000000000f8,built_loss,15.65760520466754,0.4843947216851364,0.18165503637284436
20,0,0000000000000000011c,built_loss,6.564146339900624,0.6998739890393311,0.12209762694953885
20,0,00000000000000000161,built_loss,16.069910504828357,0.6248713033442259,0.2200541300604163
20,0,0000000000000000016a,built_loss,9.63562770967863,0.22315379268221544,0.15130515978311643
20,0,000000000000000001a8,built_loss,15.6724006098279,0.5627524864071543,0.18172492674993423
20,0,000000000000000001be,built_loss,5.0483341314774535,0.6043611733164095,0.16303980678880414
20,0,000000000000000001cd,built_loss,15.928567581951402,0.7881647641855047,0.22973506425848322
20,0,000000000000000001e5,built_loss,10.747950793697882,0.6145980546749544,0.14139708564422304
20,0,00000000000000000206,built_loss,17.44360141562198,0.5906010931840725,0.31731885672674554
20,0,00000000000000000209,built_loss,17.551778018099604,0.6194743413868037,0.16682680387527715
20,0,00000000000000000231,built_loss,13.7640686985037,0.5782707495036932,0.1388998919512665
20,0,0000000000000000026d,built_loss,13.821661701233927,0.6993619563131442,0.16008540663562287
20,0,00000000000000000278,built_loss,14.086486549318504,0.7715509588889167,0.15701458715348748
20,0,00000000000000000293,built_loss,12.667140158732753,0.44992543534458046,0.1999658682828786
20,0,000000000000000002a4,built_loss,7.613202633710309,0.43148125084914496,0.08501637096067577
20,0,00000000000000000316,built_loss,1.9280209545321987,0.12535974451915546,0.04573897022651277
20,0,00000000000000000356,built_loss,14.233248645862677,0.5140101832660876,0.3123942592568911
20,0,00000000000000000362,built_loss,14.969880833718415,0.5327794308551536,0.17356762721291352
20,0,00000000000000000363,built_loss,14.218845053006596,0.21136800773569556,0.1186326301998199
20,0,00000000000000000364,built_loss,16.53750059920281,0.6316822812887297,0.14440756325555038
20,0,00000000000000000380,built_loss,14.320279533277764,0.4755256057419055,0.10500097093945299
20,0,00000000000000000384,built_loss,6.947078356429467,0.633648442071095,0.09948577655778168
20,0,0000000000000000039e,built_loss,7.061472748153848,0.5147001403252603,0.10927863285690176
20,0,000000000000000003a1,built_loss,10.15831019964188,0.6872648839056574,0.07573803181850725
20,0,000000000000000003a5,built_loss,11.526004467283238,0.33935576096637027,0.20700868740555928
20,0,000000000000000003b7,built_loss,12.732036739423183,0.5119089470724097,0.09972033378088263
20,0,000000000000000003bf,built_loss,14.225497115327348,0.5653602284170415,0.09001868792463408
20,0,000000000000000003f8,built_loss,5.829639672941811,0.2157906819809049,0.06329772253625784
20,0,000000000000000003fa,built_loss,14.976284665534212,0.4331503537637072,0.15696424293125077
20,0,00000000000000000407,built_loss,17.409675324057392,0.5815074157528997,0.1525517113227245
20,0,0000000000000000040f,built_loss,12.102299831560432,0.5039523596766425,0.07167732099687912
20,0,00000000000000000426,built_loss,11.099524508110244,0.5670183930527088,0.12102718437649806
20,0,0000000000000000042b,built_loss,16.086106912936756,0.5942775389824856,0.17082490023594954
20,0,00000000000000000442,built_loss,3.6964435412217966,0.3249660666227777,0.18520552184586098
20,0,00000000000000000465,built_loss,16.591573027012572,0.6692053567824351,0.17520862515709068
20,0,0000000000000000047e,built_loss,13.690242636142443,0.5798276279404693,0.17186302620942107
20,0,000000000000000004c0,built_loss,16.046193517517324,0.6491693419359611,0.109400618364352
20,0,000000000000000004c5,built_loss,10.797103867696368,0.5454545400180872,0.22974223684445322
20,0,000000000000000004d9,built_loss,15.406302782413066,0.5537809869207362,0.11839237190543472
20,0,000000000000000004eb,built_loss,14.701410973700126,0.4271963010139974,0.07150187447979028
20,0,000000000000000004f5,built_loss,6.612902365377387,0.5062038767387358,0.21661008906066503
20,0,000000000000000004f7,built_loss,6.049215191116308,0.47149712461907967,0.10650441231271002
20,0,000000000000000004fe,built_loss,9.057357007701487,0.540751810803792,0.07740301711529662
20,0,0000000000000000051d,built_loss,12.427384179507433,0.3940971900668842,0.38193254513398817
20,0,00000000000000000559,built_loss,17.077377420624607,0.6940609547162953,0.19042502284434604
20,0,00000000000000000576,built_loss,6.074347250053427,0.29263643648183374,0.14697299430531285
20,0,00000000000000000577,built_loss,7.807020069997352,0.3609986900704767,0.1948183068327824
20,0,0000000000000000057f,built_loss,2.129325159065543,0.3750517536569433,0.2374723516618767
20,0,00000000000000000594,built_loss,8.177003526147503,0.5567005402896557,0.3718204825296316
20,0,000000000000000005bf,built_loss,13.77804347803563,0.38984005822492923,0.18144289916557832
20,0,000000000000000005cc,built_loss,7.192087688095704,0.3609778716307601,0.08367532832018043
20,0,000000000000000005de,built_loss,15.75294036669297,0.45697840429338815,0.06596411286529424
20,0,000000000000000005e7,built_loss,14.427849009063628,0.6592397149676861,0.2933134313048044
20,0,000000000000000005f9,built_loss,9.949391270284982,0.5688807429963854,0.21942840951640047
20,0,0000000000000000061c,built_loss,9.055666590845531,0.39363788275767153,0.24874711415966388
20,0,00000000000000000626,built_loss,13.781788518907769,0.5481824324074688,0.10431732366015734
20,0,0000000000000000062a,built_loss,16.13194898693205,0.5323130830720669,0.11584990340504181
20,0,00000000000000000636,built_loss,12.97819286090964,0.5634030701400257,0.4058077784388114
20,0,0000000000000000064a,built_loss,3.4563715483173967,0.30876054477017517,0.14985673431154167
20,0,0000000000000000064d,built_loss,6.231445874273808,0.4823367279431412,0.12017414963056022
20,0,00000000000000000694,built_loss,13.162222222904925,0.36860599291440194,0.10443984952751945
20,0,0000000000000000069d,built_loss,13.831733860309704,0.6012418358288979,0.1695943840637537
20,0,000000000000000006b7,built_loss,12.239690398914826,0.42128166975627157,0.11229949246080345
20,0,000000000000000006df,built_loss,12.86320265834719,0.1880390315996366,0.23845993462742363
20,0,000000000000000006e3,built_loss,12.560307139509913,0.36330884355442344,0.15133518845419502
20,0,00000000000000000011,crop_loss,12.653668019610048,0.5818498431099465,0.6051824449196856
20,0,0000000000000000002b,crop_loss,13.925393485259594,0.16944861309470025,0.3076915127304653
20,0,0000000000000000003a,crop_loss,16.298939162471346,0.3167814047085478,0.1558316698895798
20,0,0000000000000000009b,crop_loss,7.056260084074344,0.4985975246358603,0.03062728411278076
20,0,000000000000000000a8,crop_loss,12.928921367854171,0.1965667984681585,0.06045754467335568
20,0,000000000000000000da,crop_loss,15.762536688240829,0.7922710422656623,0.11310100999796502
20,0,000000000000000000e3,crop_loss,15.951149125075618,0.525307680196893,0.16344726757942535
20,0,000000000000000000e9,crop_loss,5.042318650562463,0.35212166946406,0.2529040891148607
20,0,0000000000000000011b,crop_loss,10.989395267768801,0.49605493253808997,0.12595716501100584
20,0,00000000000000000128,crop_loss,14.43801414415381,0.5396359147101601,0.09064741163066586
20,0,0000000000000000016c,crop_loss,15.754362429123681,0.34825073529475764,0.2779111662928895
20,0,00000000000000000196,crop_loss,12.723247822255152,0.2653475600496429,0.11846710843304792
20,0,000000000000000001a6,crop_loss,12.729696397205595,0.3570545309543075,0.1740725215904943
20,0,000000000000000001e4,crop_loss,14.795763040257816,0.4551835794285351,0.12826354464410672
20,0,000000000000000001f9,crop_loss,16.345276271744176,0.5625399000918062,0.35019549009064116
20,0,00000000000000000228,crop_loss,12.2569744515129,0.48806367264413464,0.30877028054076283
20,0,0000000000000000028c,crop_loss,3.241131035057067,0.32085650094566254,0.14042053960610204
20,0,0000000000000000028d,crop_loss,13.728386285282527,0.646886154088845,0.2196870177786715
20,0,00000000000000000291,crop_loss,11.871074932423253,0.8721107218915825,0.06099666770169909
20,0,000000000000000002c5,crop_loss,14.368625006108816,0.3703781063382491,0.2084928081830658
20,0,000000000000000002cc,crop_loss,8.641766380951871,0.4359795271060369,0.40052571171195983
20,0,000000000000000002dc,crop_loss,16.623896548581378,0.6686550942948345,0.16046546692994723
20,0,000000000000000002e4,crop_loss,14.334442380341137,0.23057288884231597,0.16767092027672686
20,0,000000000000000002ec,crop_loss,15.41415315403695,0.5397675744280738,0.1914042176255965
20,0,00000000000000000314,crop_loss,10.07975877872817,0.09676795524456568,0.22383072732913953
20,0,00000000000000000335,crop_loss,14.960866401501256,0.4912434680224658,0.4298484666583323
20,0,0000000000000000033a,crop_loss,11.92238194218049,0.5680090244484219,0.1894020119524879
20,0,000000000000000003b0,crop_loss,16.557309261032486,0.27168902453520194,0.330822868886807
20,0,000000000000000003f1,crop_loss,14.980069028331629,0.4569062670936233,0.22208757409182578
20,0,000000000000000003f2,crop_loss,13.25148051628595,0.44922420120525125,0.1267995269078252
20,0,0000000000000000044b,crop_loss,11.983542507907446,0.5453583461905658,0.11938610982890352
20,0,00000000000000000480,crop_loss,9.165084781084436,0.8526716118687443,0.10128040301245966
20,0,00000000000000000485,crop_loss,16.10050742124368,0.7224407416570959,0.08956393351465397
20,0,00000000000000000497,crop_loss,13.161980931974238,0.22533461051913756,0.18283760123732687
20,0,0000000000000000049b,crop_loss,14.722239914821836,0.3586925022487949,0.11758574870819977
20,0,000000000000000004a1,crop_loss,16.387505504461114,0.3528253727376058,0.209632939162384
20,0,000000000000000004e7,crop_loss,14.781221341946901,0.505642016455036,0.08745279760827818
20,0,000000000000000004e9,crop_loss,8.88530578953168,0.5166073401159286,0.23809772475245455
20,0,000000000000000004f9,crop_loss,15.801485494461142,0.38058054905168504,0.3049904744356
20,0,00000000000000000517,crop_loss,10.987492325327587,0.34359912159357503,0.2957420066508621
20,0,00000000000000000538,crop_loss,1.0436470177717843,0.3185171080210584,0.08781433615307471
20,0,0000000000000000057e,crop_loss,4.77247438175218,0.4957248944767992,0.091011794051855
20,0,000000000000000005d1,crop_loss,9.72260363472076,0.20231475063280532,0.21333692157178574
20,0,00000000000000000632,crop_loss,9.06090536037048,0.06794594135700811,0.10255259916289147
20,0,0000000000000000063e,crop_loss,15.048363381583366,0.2854534557504009,0.10345455980856277
20,0,00000000000000000655,crop_loss,12.87424579437302,0.46851094953236505,0.3927701340584648
20,0,00000000000000000697,crop_loss,15.867886187100973,0.5519880734633843,0.2023571266488573
20,0,00000000000000000698,crop_loss,10.468478251041066,0.42373379729575855,0.19898846359667638
20,0,000000000000000006a8,crop_loss,17.39726866063717,0.324354580259662,0.28788755878319017
20,0,000000000000000006b4,crop_loss,15.024939910588659,0.5386914760882896,0.22477967956966227
20,0,000000000000000006be,crop_loss,9.714777147056495,0.43843655921154884,0.20072578121803658
20,0,000000000000000006c0,crop_loss,2.932812620620289,0.17084027657519393,0.12944264622010698
20,0,000000000000000006cc,crop_loss,10.606511151457372,0.3593796049112098,0.0980580362879907
20,0,000000000000000006ce,crop_loss,11.625246725321693,0.5270272156831084,0.28866750056179596
20,0,000000000000000006d9,crop_loss,16.842299738312686,0.220599343027557,0.12085094110976224
20,0,000000000000000006e5,crop_loss,14.438081956163282,0.5168858600727813,0.171446462854228
20,0,00000000000000000151,built_loss,6.95696149135534,0.2539968028647723,0.12572534731844717
20,0,0000000000000000034d,built_loss,5.644944399287305,0.38705786321188707,0.07033601656747918
20,0,000000000000000003c7,crop_loss,13.04819294809289,0.7628009227822428,0.12854786058132706
20,0,00000000000000000176,built_loss,14.027283831963262,0.5998569507459224,0.18138621084163142
20,0,000000000000000003d2,built_loss,17.28169773665727,0.538220934012495,0.27305199940538516
20,0,00000000000000000490,built_loss,16.490124869499734,0.6858931097623129,0.18800811209978707
20,0,000000000000000005ad,built_loss,14.54134643279045,0.6374546775186659,0.19571569912905507
20,0,00000000000000000624,built_loss,4.584481007612757,0.5551992692076845,0.19970011675541122
20,0,0000000000000000002d,crop_loss,14.96489086998536,0.4133036475809935,0.19148806017713027
20,0,0000000000000000009d,crop_loss,6.4605746671741295,0.365992019414599,0.15549161514343418
20,0,00000000000000000192,crop_loss,14.842409786070753,0.5604541323489782,0.07341515070807247
20,0,000000000000000003c8,crop_loss,16.51039752385162,0.1823213199859682,0.21002904813383994
20,0,0000000000000000046c,crop_loss,15.178514622444144,0.5628449644839847,0.404040542383465
20,0,00000000000000000483,crop_loss,8.947033663370213,0.6439441491322803,0.2580643136289059
20,0,000000000000000004ee,crop_loss,9.735049009985293,0.4958991969881555,0.3191122898495399
20,0,00000000000000000611,crop_loss,13.799320607819269,0.6472789871120537,0.14066118826755036
20,0,0000000000000000062f,crop_loss,13.873024961664758,0.5270792743278344,0.23486516489739656
20,1,00000000000000000085,built_loss,7.247007077050413,0.3894415183707848,0.24094216052754958
20,1,00000000000000000114,built_loss,13.122562459077592,0.683968840201512,0.21406878117587202
20,1,0000000000000000024c,built_loss,11.51006111611342,0.6342635866780677,0.1791342022303819
20,1,00000000000000000375,built_loss,14.86562852350109,0.6567900786442029,0.22161097289095955
20,1,000000000000000004d2,built_loss,14.33928557402496,0.44916337858824285,0.5339801038378421
20,1,000000000000000005bd,built_loss,4.309852746920338,0.5075119975165898,0.1904582705111073
20,1,00000000000000000281,crop_loss,16.29601565261961,0.5457394787744942,0.10403126652930006
20,1,000000000000000003a2,crop_loss,15.4707695569738,0.33465359212437307,0.20650058011592615
20,1,00000000000000000001,built_loss,10.338351976234575,0.3940679303689596,0.14537378383699712
20,1,00000000000000000049,built_loss,3.3708006681963623,0.48469015084646416,0.16821732314754173
20,1,0000000000000000004a,built_loss,7.432013632118582,0.4319060758689958,0.1061661915535348
20,1,0000000000000000004f,built_loss,11.1364025432174,0.479340657623214,0.2613084870786749
20,1,0000000000000000005a,built_loss,12.890905615129927,0.4556507344570908,0.10893937033471207
20,1,00000000000000000079,built_loss,17.14940631280172,0.6691670813290359,0.1695349797775545
20,1,00000000000000000087,built_loss,16.013305295564415,0.5408945674738084,0.18031277371843868
20,1,000000000000000000a1,built_loss,7.582155113981769,0.4823955185224867,0.16073240457881932
20,1,000000000000000000b8,built_loss,8.269636637517815,0.5097532348036977,0.41203987338965103
20,1,000000000000000000c0,built_loss,13.599691630300743,0.6240011268512758,0.10778947020890284
20,1,000000000000000000e2,built_loss,11.843571433498377,0.40033550428729253,0.19156613784009024
20,1,000000000000000000f0,built_loss,13.608431327472733,0.6540576870432327,0.23468219996001793
20,1,000000000000000000f8,built_loss,14.168578401111061,0.6298491815119657,0.15391922696004134
20,1,0000000000000000011c,built_loss,7.032076001881387,0.6836015667487636,0.16512498736474213
20,1,00000000000000000161,built_loss,13.668718547773906,0.6924880365452146,0.19379223131144607
20,1,0000000000000000016a,built_loss,8.007051014006315,0.264912331941862,0.12315721211238967
20,1,000000000000000001a8,built_loss,15.036114553722777,0.5116389636314658,0.14540689174686222
20,1,000000000000000001be,built_loss,5.0737268029146625,0.5011242264776526,0.18874943453531395
20,1,000000000000000001cd,built_loss,14.952948086379022,0.7186844601230478,0.1911939098899249
20,1,000000000000000001e5,built_loss,10.688291016638141,0.5539493799703469,0.10607946711840721
20,1,00000000000000000206,built_loss,14.059158323741311,0.7104420382190504,0.20309522800560698
20,1,00000000000000000209,built_loss,16.393749781706084,0.5496571728103145,0.18188095972831947
20,1,00000000000000000231,built_loss,14.696004491344736,0.5073483162058002,0.14161189945382247
20,1,0000000000000000026d,built_loss,17.032054235680807,0.6179194328225739,0.1848439086085394
20,1,00000000000000000278,built_loss,11.93957283740106,0.7971482480577773,0.16406849486725783
20,1,00000000000000000293,built_loss,13.686756133022449,0.46305256132185346,0.17797333588743386
20,1,000000000000000002a4,built_loss,5.507194276733743,0.41748085552781333,0.11611858130094854
20,1,00000000000000000316,built_loss,1.5579795091513011,0.12178456277759851,0.03817294810864408
20,1,00000000000000000356,built_loss,14.802286478086508,0.5705318494966942,0.28211764752757046
20,1,00000000000000000362,built_loss,15.481469386959153,0.5755071910459862,0.19124198675283605
20,1,00000000000000000363,built_loss,14.824547295662423,0.25615088764628013,0.13804154931529616
20,1,00000000000000000364,built_loss,16.01249123006512,0.6021785478856773,0.14441918934768194
20,1,00000000000000000380,built_loss,15.456375937670776,0.4426684623881093,0.12582188693439933
20,1,00000000000000000384,built_loss,9.338262898595197,0.6030275138122714,0.12255355076639829
20,1,0000000000000000039e,built_loss,9.668189946345505,0.511258112749271,0.11043767515301373
20,1,000000000000000003a1,built_loss,11.03005027520919,0.6125796452985692,0.13579848986365006
20,1,000000000000000003a5,built_loss,11.965760847921299,0.5023334747769177,0.17824671788761037
20,1,000000000000000003b7,built_loss,9.771261743042244,0.4573243387630732,0.11414321542975181
20,1,000000000000000003bf,built_loss,15.24557744856605,0.5121876191590464,0.10296796162426386
20,1,000000000000000003f8,built_loss,6.5404460024737485,0.22065147719663797,0.13132236692258947
20,1,000000000000000003fa,built_loss,13.696829329708862,0.38366202036114533,0.13688914909190414
20,1,00000000000000000407,built_loss,15.53978190224586,0.5727756227532949,0.20110649021210558
20,1,0000000000000000040f,built_loss,14.884441646571243,0.49854818183771205,0.06810690284619997
20,1,00000000000000000426,built_loss,14.652175702937928,0.614720326219623,0.13142412405311377
20,1,0000000000000000042b,built_loss,16.18157565918578,0.6049189261007556,0.16446755450848582
20,1,00000000000000000442,built_loss,3.2658641271882547,0.3771761530318074,0.4306296102407688
20,1,00000000000000000465,built_loss,14.563794222725832,0.6616828783966474,0.18775926662699682
20,1,0000000000000000047e,built_loss,13.057764308093363,0.4920842742307227,0.16376214807216333
20,1,000000000000000004c0,built_loss,13.660519678711495,0.6532591606398838,0.1053076445302209
20,1,000000000000000004c5,built_loss,8.805609771545447,0.5977214721534319,0.15719830111170818
20,1,000000000000000004d9,built_loss,13.79301289107818,0.5344501200466552,0.09023893982008846
20,1,000000000000000004eb,built_loss,14.257890159290419,0.4858583522432224,0.09042604433994544
20,1,000000000000000004f5,built_loss,6.75227242047127,0.40352740725964914,0.17966558825597206
20,1,000000000000000004f7,built_loss,8.026411335325836,0.4621064887485127,0.08047088684965586
20,1,000000000000000004fe,built_loss,11.554451010305232,0.48655858747461883,0.08302676165345102
20,1,0000000000000000051d,built_loss,13.201475163741238,0.4628464136362874,0.24432377960071872
20,1,00000000000000000559,built_loss,15.99157929380305,0.6086570830208207,0.25933303149729375
20,1,00000000000000000576,built_loss,6.887128280548779,0.2100198134298912,0.09062082513288505
20,1,00000000000000000577,built_loss,6.543695225616002,0.4891437622570612,0.2439536262725539
20,1,0000000000000000057f,built_loss,1.8722064787269632,0.4953476965608967,0.17993878159298704
20,1,00000000000000000594,built_loss,9.192941929133466,0.5428503662235066,0.32347503148036455
20,1,000000000000000005bf,built_loss,13.769788071073233,0.39587737767699,0.1272307040966656
20,1,000000000000000005cc,built_loss,9.29794539771993,0.3372971168574371,0.08189289044227266
20,1,000000000000000005de,built_loss,15.880361299280493,0.40893710924524707,0.06714208344366773
20,1,000000000000000005e7,built_loss,16.260198518403254,0.5307549142958271,0.22831518832812592
20,1,000000000000000005f9,built_loss,9.50709423437989,0.5400452802952951,0.25546769344049847
20,1,0000000000000000061c,built_loss,12.460249401774643,0.3749801291463748,0.09845165527285521
20,1,00000000000000000626,built_loss,13.60204029390292,0.48505427193769535,0.10093105080492021
20,1,0000000000000000062a,built_loss,15.260038881337152,0.5846134667377445,0.18383549232066365
20,1,00000000000000000636,built_loss,9.490840265032885,0.47274176230117637,0.36258999254556856
20,1,0000000000000000064a,built_loss,3.626833259028463,0.2904616648823823,0.16201699165631528
20,1,0000000000000000064d,built_loss,7.381224660147071,0.38991661194185606,0.12998300154134285
20,1,00000000000000000694,built_loss,13.298591718445259,0.3708035042271815,0.07256512089616024
20,1,0000000000000000069d,built_loss,16.39581589604616,0.6478684483205033,0.18546746375637602
20,1,000000000000000006b7,built_loss,13.709257503084762,0.44762342428352037,0.12156745523588935
20,1,000000000000000006df,built_loss,8.580275870441724,0.3529322117764846,0.2863963634539818
20,1,000000000000000006e3,built_loss,12.714921285968222,0.4325392225305607,0.1747765246597342
20,1,00000000000000000011,crop_loss,15.75162867435543,0.8098557629766991,0.4930468696695112
20,1,0000000000000000002b,crop_loss,16.188128360178773,0.3142451362148332,0.3237089319857218
20,1,0000000000000000003a,crop_loss,15.467344091186478,0.30327856011887194,0.2203613716625565
20,1,0000000000000000009b,crop_loss,10.320210589558354,0.5161907396389075,0.04248750920846017
20,1,000000000000000000a8,crop_loss,16.026261749524295,0.19964062091321802,0.05661370780963107
20,1,000000000000000000da,crop_loss,11.02491414443256,0.7557463589318705,0.14409389438687759
20,1,000000000000000000e3,crop_loss,15.31560864574473,0.5134180670512526,0.19681255838259548
20,1,000000000000000000e9,crop_loss,4.307676523808276,0.48234824229737633,0.24221558269035032
20,1,0000000000000000011b,crop_loss,13.804351023629005,0.45612703708334545,0.10283977834825558
20,1,00000000000000000128,crop_loss,15.81118135013734,0.5422859022283193,0.057026983786429786
20,1,0000000000000000016c,crop_loss,16.877629592538224,0.4704746503724,0.19995907510905064
20,1,00000000000000000196,crop_loss,9.94395871729867,0.2408352363119321,0.08682926940137081
20,1,000000000000000001a6,crop_loss,12.865124117011469,0.27563381325280695,0.23685552286306183
20,1,000000000000000001e4,crop_loss,16.09048901983386,0.4908964764409401,0.09870263818403102
20,1,000000000000000001f9,crop_loss,15.257058938897575,0.6726308049471055,0.4707409742879578
20,1,00000000000000000228,crop_loss,13.928012740761957,0.49520341808614754,0.24409136814462717
20,1,0000000000000000028c,crop_loss,3.989400186769482,0.3312259079880085,0.16442095336025153
20,1,0000000000000000028d,crop_loss,16.43957313356378,0.6030438585927445,0.18706775045930452
20,1,00000000000000000291,crop_loss,7.79536959699955,0.8806921191987799,0.058047680344196606
20,1,000000000000000002c5,crop_loss,12.94079816076681,0.29107196969482324,0.17690794170843563
20,1,000000000000000002cc,crop_loss,7.293093587653467,0.4491222688998808,0.3616597517476675
20,1,000000000000000002dc,crop_loss,15.824230544502273,0.6570146544423411,0.16507449256203033
20,1,000000000000000002e4,crop_loss,13.165155773176295,0.23496333368030306,0.19462586383106872
20,1,000000000000000002ec,crop_loss,15.88137233289185,0.49998111399768574,0.24992084229847727
20,1,00000000000000000314,crop_loss,12.933900335414407,0.17807173542887517,0.19881143485503913
20,1,00000000000000000335,crop_loss,15.183245825549141,0.5195448559256941,0.22270992197862988
20,1,0000000000000000033a,crop_loss,11.781373269213216,0.48118999197945944,0.22181241220272108
20,1,000000000000000003b0,crop_loss,17.942458701355886,0.23041643126054792,0.1516150350129774
20,1,000000000000000003f1,crop_loss,14.278264788162032,0.48647359594163014,0.17049721706109272
20,1,000000000000000003f2,crop_loss,12.674053851962073,0.4562770598239436,0.1548412942810653
20,1,0000000000000000044b,crop_loss,7.430947363727578,0.5464214258204393,0.06940685574226224
20,1,00000000000000000480,crop_loss,8.749229454510425,0.8950517285494133,0.11729290269521142
20,1,00000000000000000485,crop_loss,15.508265587460125,0.6772649539818996,0.11148253378127382
20,1,00000000000000000497,crop_loss,15.227631360688628,0.21390194332820392,0.14633882613689964
20,1,0000000000000000049b,crop_loss,14.84456881097881,0.3614725397195286,0.12054361903603589
20,1,000000000000000004a1,crop_loss,14.8973541052829,0.30552681912867796,0.16164774060652437
20,1,000000000000000004e7,crop_loss,12.751496979348168,0.5077033271252264,0.12349580998775717
20,1,000000000000000004e9,crop_loss,11.312905882553684,0.36545457628473355,0.27998376161745575
20,1,000000000000000004f9,crop_loss,14.471851469482523,0.5402291030276738,0.22538156467206577
20,1,00000000000000000517,crop_loss,13.659460500086007,0.35818616112878826,0.4185657103412721
20,1,00000000000000000538,crop_loss,1.07264553819998,0.26807145013960687,0.08962896321980851
20,1,0000000000000000057e,crop_loss,3.0236614331711515,0.5532396505413867,0.08683265570313747
20,1,000000000000000005d1,crop_loss,9.215221675315838,0.1668353081487063,0.2091048944431726
20,1,00000000000000000632,crop_loss,9.698254955310631,0.07635098266966153,0.06173550167184033
20,1,0000000000000000063e,crop_loss,15.097086850520379,0.35969029276331504,0.10867878776028073
20,1,00000000000000000655,crop_loss,15.345416047737325,0.6152919244512527,0.2721160616027643
20,1,00000000000000000697,crop_loss,16.070431374299794,0.5087507286960421,0.17119223736198014
20,1,00000000000000000698,crop_loss,11.421280349169985,0.4259196807403059,0.1362563467312023
20,1,000000000000000006a8,crop_loss,14.13493323758177,0.2691145059933061,0.2560407376761632
20,1,000000000000000006b4,crop_loss,14.425208702969055,0.3927436325070448,0.20486006345115537
20,1,000000000000000006be,crop_loss,10.816313705756343,0.3549485513984694,0.13197812282601568
20,1,000000000000000006c0,crop_loss,2.5264179167565017,0.19156123759992785,0.13154574433325295
20,1,000000000000000006cc,crop_loss,11.126789000901054,0.35516100850938115,0.10730154453826057
20,1,000000000000000006ce,crop_loss,9.793119687540628,0.5654299046467163,0.3998441282233133
20,1,000000000000000006d9,crop_loss,12.397707432852568,0.21959026473831902,0.1458727831594082
20,1,000000000000000006e5,crop_loss,15.382435523311631,0.5177831857983892,0.2668840464196559
20,1,00000000000000000151,built_loss,7.956707005152888,0.25210453319443343,0.08496704344305758
20,1,0000000000000000034d,built_loss,5.5775959563508595,0.4228301193628211,0.07080761535317154
20,1,000000000000000003c7,crop_loss,13.06544155286817,0.7009715928898852,0.17341101237473844
20,1,00000000000000000176,built_loss,16.13826720453096,0.6186823821961547,0.13416348869041728
20,1,000000000000000003d2,built_loss,14.460300216343546,0.5079388409963581,0.219535223466844
20,1,00000000000000000490,built_loss,15.856289537296771,0.6269066529111204,0.18356166155187503
20,1,000000000000000005ad,built_loss,11.5161888630513,0.6930313551680379,0.15206045608908159
20,1,00000000000000000624,built_loss,4.95728578359187,0.521592039055647,0.238081592444281
20,1,0000000000000000002d,crop_loss,15.98454815104014,0.4735334589909677,0.12223724220954396
20,1,0000000000000000009d,crop_loss,7.4510912176658595,0.34605471819025924,0.1879626442019911
20,1,00000000000000000192,crop_loss,19.119608411828985,0.5676815537732085,0.10101781932979992
20,1,000000000000000003c8,crop_loss,16.00798281116471,0.1782772551342849,0.1581834878405677
20,1,0000000000000000046c,crop_loss,16.71256292380988,0.5684324231282425,0.26705833581573846
20,1,00000000000000000483,crop_loss,6.070848289256373,0.7453724130357481,0.23907215276408345
20,1,000000000000000004ee,crop_loss,13.69988855565717,0.5149882679731083,0.37171595590001516
20,1,00000000000000000611,crop_loss,13.643659659039098,0.6290520999608525,0.1270443229543301
20,1,0000000000000000062f,crop_loss,16.19562355958543,0.46501748535169224,0.3595196348536642
20,2,00000000000000000085,built_loss,9.493902856999378,0.2861903524797641,0.12539000504972353
20,2,00000000000000000114,built_loss,12.821665093951884,0.7116642381477735,0.2309241298147393
20,2,0000000000000000024c,built_loss,11.20584958187231,0.7193139441327713,0.1075867067126145
20,2,00000000000000000375,built_loss,12.790287177162142,0.6187843586156015,0.2014914461797156
20,2,000000000000000004d2,built_loss,14.590012442956539,0.36874312069862325,0.652542018068859
20,2,000000000000000005bd,built_loss,3.445392993225749,0.5585323290549742,0.17158258243516333
20,2,00000000000000000281,crop_loss,15.203705227306417,0.5117494778649814,0.11185185788968977
20,2,000000000000000003a2,crop_loss,13.756674853674514,0.328630115703902,0.21432469266764467
20,2,00000000000000000001,built_loss,10.879822243233361,0.4811064205970252,0.0858072160113203
20,2,00000000000000000049,built_loss,4.340794429365741,0.46034423383892004,0.1228285514925882
20,2,0000000000000000004a,built_loss,8.953252419541808,0.43841075586565054,0.07748674820117696
20,2,0000000000000000004f,built_loss,15.186752022863551,0.4267521616120193,0.26641115171432606
20,2,0000000000000000005a,built_loss,12.873481594602266,0.423799612718239,0.08429964295342385
20,2,00000000000000000079,built_loss,18.478825101626523,0.5785134046568696,0.178671761440357
20,2,00000000000000000087,built_loss,16.012026878950742,0.6328701667221966,0.21571971691890723
20,2,000000000000000000a1,built_loss,5.108232137322963,0.46683188838831474,0.1144787309912716
20,2,000000000000000000b8,built_loss,7.415662381116129,0.5041096412745556,0.4348912223625984
20,2,000000000000000000c0,built_loss,14.027750716240725,0.6334585206573727,0.14097131459529177
20,2,000000000000000000e2,built_loss,10.944090045624783,0.35724118580880676,0.18294542123437785
20,2,000000000000000000f0,built_loss,12.765717105806647,0.6738967299637006,0.24812385944201398
20,2,000000000000000000f8,built_loss,14.617539118028274,0.5775656015164432,0.1615241080993689
20,2,0000000000000000011c,built_loss,4.997468413908409,0.747186855226162,0.14490238274840972
20,2,00000000000000000161,built_loss,16.35747292464621,0.6376184089892234,0.12923533030627454
20,2,0000000000000000016a,built_loss,7.368449542707686,0.21064496454195794,0.1863316470482046
20,2,000000000000000001a8,built_loss,15.297293898570713,0.5291610724793746,0.16857191399253524
20,2,000000000000000001be,built_loss,3.9016067552893317,0.5536100298673107,0.1911070480231934
20,2,000000000000000001cd,built_loss,15.486321816753044,0.8018015136265741,0.11734538274606321
20,2,000000000000000001e5,built_loss,9.418383698018337,0.6409282281391211,0.15492089710111856
20,2,00000000000000000206,built_loss,15.77923031681192,0.7310053401336796,0.14653488429142325
20,2,00000000000000000209,built_loss,15.01557783079806,0.5886503833730433,0.20982678057903142
20,2,00000000000000000231,built_loss,18.6839943461794,0.5727819314275046,0.1837403987675547
20,2,0000000000000000026d,built_loss,14.070352753581744,0.5944534808332541,0.17193955255293047
20,2,00000000000000000278,built_loss,11.910179383180164,0.777414320723249,0.15110417366960183
20,2,00000000000000000293,built_loss,9.965191346694487,0.5534221015607098,0.16652017610998732
20,2,000000000000000002a4,built_loss,7.903679418433086,0.3596400008512312,0.13899826790043424
20,2,00000000000000000316,built_loss,2.158076576440578,0.16076637083410522,0.08846013841717176
20,2,00000000000000000356,built_loss,13.120252063408978,0.6367259057112664,0.20831987866770707
20,2,00000000000000000362,built_loss,14.467571239478184,0.5506223519791935,0.15033867750714797
20,2,00000000000000000363,built_loss,11.349659669727856,0.24055880544314134,0.10647129488494692
20,2,00000000000000000364,built_loss,17.700003068162804,0.6534583612469074,0.16233117168098088
20,2,00000000000000000380,built_loss,16.031207873264048,0.5239462362130324,0.12005998073856194
20,2,00000000000000000384,built_loss,11.751823917778239,0.5507827230365683,0.07997875854748293
20,2,0000000000000000039e,built_loss,6.346346395392979,0.49105854629584555,0.1411747648029028
20,2,000000000000000003a1,built_loss,13.137578436782583,0.6052622784255477,0.12771564910584288
20,2,000000000000000003a5,built_loss,12.034091378872825,0.3347278561687436,0.1927174961948629
20,2,000000000000000003b7,built_loss,10.91700104293153,0.4787216110114078,0.10497067277325806
20,2,000000000000000003bf,built_loss,15.500051177596115,0.5345241672320818,0.12253598061463589
20,2,000000000000000003f8,built_loss,4.286889192682517,0.166479547164471,0.06700487604545907
20,2,000000000000000003fa,built_loss,14.428981707364697,0.3809596148536776,0.1597406986242808
20,2,00000000000000000407,built_loss,14.842202746007697,0.4917075895236833,0.2244881441919695
20,2,0000000000000000040f,built_loss,11.949538777975281,0.5206815778456719,0.0520405232717111
20,2,00000000000000000426,built_loss,13.378223263863115,0.6033341239233498,0.13642163961340992
20,2,0000000000000000042b,built_loss,14.143386239061302,0.6240701441597933,0.15637076311973797
20,2,00000000000000000442,built_loss,3.917882899564963,0.2723747176149225,0.2814470333307471
20,2,00000000000000000465,built_loss,15.100220591124154,0.6853195147940323,0.14561856164096476
20,2,0000000000000000047e,built_loss,11.536402453454118,0.5372792445298646,0.15654730057248561
20,2,000000000000000004c0,built_loss,15.786640013845155,0.6008443243967615,0.11014128512258714
20,2,000000000000000004c5,built_loss,8.135823347798473,0.6373855703740524,0.16782684752454302
20,2,000000000000000004d9,built_loss,14.238965713063811,0.5607715909711048,0.11216773255187223
20,2,000000000000000004eb,built_loss,14.557439030223868,0.46303525249037364,0.09668400725637594
20,2,000000000000000004f5,built_loss,7.810818853277967,0.5501654987865734,0.2472377042022353
20,2,000000000000000004f7,built_loss,6.834392950344809,0.4854987038432237,0.08817467021398029
20,2,000000000000000004fe,built_loss,9.303495584208576,0.5201135772001736,0.0640923804658981
20,2,0000000000000000051d,built_loss,14.558591756096966,0.3206901549544373,0.34760250676951143
20,2,00000000000000000559,built_loss,17.25304328970641,0.662402369162213,0.15957955248593336
20,2,00000000000000000576,built_loss,8.129019566498313,0.2764563755229057,0.08493377184380715
20,2,00000000000000000577,built_loss,6.842224979995152,0.4132952965191238,0.18002605315811676
20,2,0000000000000000057f,built_loss,2.3541434394781566,0.4338249187731663,0.15252941226879924
20,2,00000000000000000594,built_loss,14.548110990587558,0.4710023885435869,0.39866232837734744
20,2,000000000000000005bf,built_loss,14.8672160335271,0.3643449520819509,0.14609758244271986
20,2,000000000000000005cc,built_loss,7.609404618651067,0.3521123541493593,0.13535241719728935
20,2,000000000000000005de,built_loss,14.801390737149616,0.4289400662498479,0.09017900305250603
20,2,000000000000000005e7,built_loss,15.194496063620404,0.6158137591893027,0.23061304458937387
20,2,000000000000000005f9,built_loss,9.31067141500772,0.7164562559403417,0.22794786327749172
20,2,0000000000000000061c,built_loss,12.72947488793862,0.3908998827408955,0.13745251121225088
20,2,00000000000000000626,built_loss,11.441893085946637,0.5002806313804636,0.06902820934789289
20,2,0000000000000000062a,built_loss,14.529524538019137,0.5436461329198248,0.23883384064265645
20,2,00000000000000000636,built_loss,13.912450355705698,0.42431187138890464,0.24948611462521986
20,2,0000000000000000064a,built_loss,3.0276770952790377,0.2495489597665725,0.13114561718484902
20,2,0000000000000000064d,built_loss,9.377365777175354,0.4398166774352959,0.17305310662572143
20,2,00000000000000000694,built_loss,12.699511288568115,0.4146504695593382,0.09116172479336476
20,2,0000000000000000069d,built_loss,17.703446222473957,0.6583946905762011,0.12468419255228869
20,2,000000000000000006b7,built_loss,12.593468418320493,0.4592143203811637,0.11347416291286572
20,2,000000000000000006df,built_loss,13.191347038677447,0.22874679576565413,0.2318234555073517
20,2,000000000000000006e3,built_loss,14.693127640111124,0.34260265634798487,0.1617185055875151
20,2,00000000000000000011,crop_loss,15.102751864469617,0.7996914941079737,0.48447273277876846
20,2,0000000000000000002b,crop_loss,15.741289580195673,0.21416913339438423,0.2513942453866572
20,2,0000000000000000003a,crop_loss,14.056092945171702,0.31129026832518164,0.2014113964949895
20,2,0000000000000000009b,crop_loss,11.781395208833567,0.4971641377718403,0.03543408013289728
20,2,000000000000000000a8,crop_loss,14.317854556010904,0.18751675078417923,0.11254232183957005
20,2,000000000000000000da,crop_loss,11.750225060149011,0.7582866227964803,0.1333595344774655
20,2,000000000000000000e3,crop_loss,16.436257750319744,0.4555728137630195,0.17300524419551827
20,2,000000000000000000e9,crop_loss,3.765070149970093,0.4197131082397778,0.29872380366599677
20,2,0000000000000000011b,crop_loss,12.303865704326956,0.4787085267106913,0.07803967583701865
20,2,00000000000000000128,crop_loss,13.605123712242989,0.550196863469347,0.07824072775942681
20,2,0000000000000000016c,crop_loss,14.859508628070682,0.5106419427821177,0.1794159042624759
20,2,00000000000000000196,crop_loss,11.281254782610793,0.2771735415462576,0.166682089655059
20,2,000000000000000001a6,crop_loss,13.998774437603233,0.30016795022853365,0.1581802933482092
20,2,000000000000000001e4,crop_loss,15.047897066205596,0.4829241368715167,0.12568095653259198
20,2,000000000000000001f9,crop_loss,14.868237819462664,0.7286171940326092,0.3862461302961689
20,2,00000000000000000228,crop_loss,12.432656389409237,0.522030093270038,0.22422064898779132
20,2,0000000000000000028c,crop_loss,3.3009883753474325,0.2396680387959276,0.11289757237799425
20,2,0000000000000000028d,crop_loss,15.669085327396987,0.6876970808673261,0.24217618740548863
20,2,00000000000000000291,crop_loss,9.653727031474261,0.8935469244088101,0.06329538493810982
20,2,000000000000000002c5,crop_loss,13.216210014861419,0.29901074210546236,0.18250632083467508
20,2,000000000000000002cc,crop_loss,9.850195992710566,0.3848968911500093,0.4476089176628832
20,2,000000000000000002dc,crop_loss,18.210506910329887,0.710194544994741,0.12528125185694472
20,2,000000000000000002e4,crop_loss,15.721614630684655,0.2452821413962238,0.22309774881710762
20,2,000000000000000002ec,crop_loss,17.118017347855282,0.5075793565983302,0.22236166121836204
20,2,00000000000000000314,crop_loss,14.563981236212893,0.03664840934918879,0.03982983228260466
20,2,00000000000000000335,crop_loss,14.606007258479208,0.4241621867551693,0.14603013217548477
20,2,0000000000000000033a,crop_loss,13.138692608040248,0.4615895832860621,0.14795912041771825
20,2,000000000000000003b0,crop_loss,16.013396692879297,0.24589675878605105,0.15053948071403894
20,2,000000000000000003f1,crop_loss,15.334224906169759,0.477668684916582,0.21392711507273587
20,2,000000000000000003f2,crop_loss,14.22378327719262,0.4877607304812196,0.2081054341823827
20,2,0000000000000000044b,crop_loss,9.070776495091934,0.55869980921026,0.07588623423021768
20,2,00000000000000000480,crop_loss,7.087019730013529,0.7479200403937932,0.5187991119627127
20,2,00000000000000000485,crop_loss,15.826496799137109,0.6845274545084701,0.13260208882200375
20,2,00000000000000000497,crop_loss,14.721749747324623,0.16752895135104218,0.13500713154270919
20,2,0000000000000000049b,crop_loss,12.112523449373597,0.35134955552939817,0.07912913825476564
20,2,000000000000000004a1,crop_loss,14.355717289142863,0.32524789026458045,0.18156704722423522
20,2,000000000000000004e7,crop_loss,12.738180707308041,0.4935020014402153,0.07192117160590533
20,2,000000000000000004e9,crop_loss,10.463608309622948,0.3011437005225889,0.287656516125759
20,2,000000000000000004f9,crop_loss,14.339347899454877,0.45872353763888174,0.386955795856414
20,2,00000000000000000517,crop_loss,12.006130272756355,0.25796641409746196,0.3908583593612782
20,2,00000000000000000538,crop_loss,1.0635917633985694,0.2985755614062564,0.08114105363245527
20,2,0000000000000000057e,crop_loss,3.0171572050301574,0.554805805375204,0.11131091196489112
20,2,000000000000000005d1,crop_loss,9.057834295576987,0.21951642737508698,0.309148147898167
20,2,00000000000000000632,crop_loss,10.129151361975685,0.08987238104972253,0.06825295256799724
20,2,0000000000000000063e,crop_loss,16.296319458324806,0.2799080476078731,0.14178251869871605
20,2,00000000000000000655,crop_loss,14.150345853193377,0.4392018440734267,0.41137896820977116
20,2,00000000000000000697,crop_loss,16.353403806851812,0.6018403909542874,0.16573800747142886
20,2,00000000000000000698,crop_loss,12.585361731583605,0.41255204697094633,0.20758205814831715
20,2,000000000000000006a8,crop_loss,13.820758235733024,0.4592998951592254,0.3032670476783062
20,2,000000000000000006b4,crop_loss,13.11923616760403,0.5755782824346628,0.24072080117323313
20,2,000000000000000006be,crop_loss,8.385234161677458,0.4129904406852212,0.14434213734595236
20,2,000000000000000006c0,crop_loss,2.879147967776764,0.19948600765761662,0.1010882853646144
20,2,000000000000000006cc,crop_loss,13.185976461284396,0.38385018709830854,0.16946353119124224
20,2,000000000000000006ce,crop_loss,11.809156393903493,0.4760409359260182,0.2908858925649179
20,2,000000000000000006d9,crop_loss,16.470445898180493,0.18305703294358244,0.09466063745590306
20,2,000000000000000006e5,crop_loss,15.357171929067984,0.5935476182988078,0.17118691478558978
20,2,00000000000000000151,built_loss,6.210302606309101,0.26742643898975765,0.09382459992777975
20,2,0000000000000000034d,built_loss,4.46678584566015,0.41528404857582346,0.1512285579922205
20,2,000000000000000003c7,crop_loss,12.817129196512266,0.7450468351004298,0.11036858701356944
20,2,00000000000000000176,built_loss,12.842954440179945,0.6501322728033005,0.10939345048547211
20,2,000000000000000003d2,built_loss,15.865223225216022,0.6291314013446704,0.3084972658379269
20,2,00000000000000000490,built_loss,14.332402035424874,0.6976217032870257,0.1796978320104271
20,2,000000000000000005ad,built_loss,14.047250296436546,0.676582556167419,0.10488406361875813
20,2,00000000000000000624,built_loss,3.6372512848808687,0.5990049091644944,0.181184235174149
20,2,0000000000000000002d,crop_loss,16.57367945929889,0.46816374731257776,0.17161921025412363
20,2,0000000000000000009d,crop_loss,6.22678092440977,0.3401232686780493,0.15132829234201622
20,2,00000000000000000192,crop_loss,14.88996656476748,0.5567219454768658,0.04678363252522255
20,2,000000000000000003c8,crop_loss,16.97182522713706,0.18471793947207707,0.10196581318343872
20,2,0000000000000000046c,crop_loss,17.44089463899249,0.5367190386438098,0.28119565240576294
20,2,00000000000000000483,crop_loss,8.499853891384863,0.682696107271963,0.36813796298498164
20,2,000000000000000004ee,crop_loss,15.86495354304665,0.4394103642094186,0.3281713056640207
20,2,00000000000000000611,crop_loss,17.681596499957614,0.582209503663045,0.10214522445941454
20,2,0000000000000000062f,crop_loss,15.59408311199117,0.516069906920425,0.29159572839163383
20,3,00000000000000000085,built_loss,11.529551775775435,0.34796674983219916,0.1969199739039898
20,3,00000000000000000114,built_loss,14.964421771369988,0.6403198717927145,0.15316266868620854
20,3,0000000000000000024c,built_loss,10.972414949717422,0.7223700235567192,0.14596741016012982
20,3,00000000000000000375,built_loss,13.14237558203246,0.6645756799778236,0.27406939021504984
20,3,000000000000000004d2,built_loss,14.128661776326231,0.689231850492999,0.41497698540518224
20,3,000000000000000005bd,built_loss,3.479696827555237,0.5695986573066514,0.18611116394397847
20,3,00000000000000000281,crop_loss,11.516920348629894,0.5633976817199324,0.1896800195819317
20,3,000000000000000003a2,crop_loss,15.720017692899187,0.4246590750950206,0.1640819790438205
20,3,00000000000000000001,built_loss,16.891802956260026,0.46196362948916875,0.12580271366653245
20,3,00000000000000000049,built_loss,4.132582459431987,0.48182171917805877,0.09538786587859083
20,3,0000000000000000004a,built_loss,9.140427003218045,0.45368341416101127,0.09986031891346492
20,3,0000000000000000004f,built_loss,15.244252967966002,0.5251918554904512,0.21772479192553562
20,3,0000000000000000005a,built_loss,15.839293770443568,0.42875176733728937,0.10517845215549748
20,3,00000000000000000079,built_loss,18.351701003878034,0.6355862313227227,0.16001372954249427
20,3,00000000000000000087,built_loss,15.488776897372203,0.6423221143933694,0.15816068431639718
20,3,000000000000000000a1,built_loss,8.735332385006092,0.4161524667628297,0.11563497580669496
20,3,000000000000000000b8,built_loss,7.834684691617366,0.47534587930379035,0.33061634870568796
20,3,000000000000000000c0,built_loss,14.259428283843153,0.6551056845584541,0.1341586712009687
20,3,000000000000000000e2,built_loss,11.522636892230347,0.43626608430086217,0.12579013208737067
20,3,000000000000000000f0,built_loss,10.77748226873205,0.7878352236404976,0.15202028621649932
20,3,000000000000000000f8,built_loss,15.008747051002233,0.559581264492213,0.2209218939916604
20,3,0000000000000000011c,built_loss,5.3993878340087385,0.7753579639509742,0.13648576447354566
20,3,00000000000000000161,built_loss,13.497434323976718,0.6476601102464246,0.18848046982891997
20,3,0000000000000000016a,built_loss,8.183015641770046,0.2929586454865209,0.12520920428504026
20,3,000000000000000001a8,built_loss,17.27381427991505,0.5803087760331799,0.17231080471344168
20,3,000000000000000001be,built_loss,4.228092591593795,0.4844253209343419,0.22560185040542907
20,3,000000000000000001cd,built_loss,14.52544379833987,0.8048528764376822,0.18647634659460344
20,3,000000000000000001e5,built_loss,12.065405458744438,0.5476390143884702,0.22987420246213025
20,3,00000000000000000206,built_loss,13.531650839859488,0.6015163566771734,0.3251143150120117
20,3,00000000000000000209,built_loss,16.26190967244306,0.5433380730448455,0.21654799294992688
20,3,00000000000000000231,built_loss,12.662385394387698,0.449523389185267,0.1901405479181471
20,3,0000000000000000026d,built_loss,14.738389183276238,0.5709777477180235,0.15676944085707745
20,3,00000000000000000278,built_loss,13.535669901916371,0.7957868029829426,0.12760470007905422
20,3,00000000000000000293,built_loss,10.40799972341435,0.4946757441063354,0.16165157119265716
20,3,000000000000000002a4,built_loss,6.979753065889986,0.4065210353058707,0.08243545031593114
20,3,00000000000000000316,built_loss,2.0153153528917267,0.13911087719842646,0.08878172011903959
20,3,00000000000000000356,built_loss,12.570682280280035,0.4810100659755468,0.2973781547442377
20,3,00000000000000000362,built_loss,13.773275568676835,0.5872269018627244,0.12452234489424152
20,3,00000000000000000363,built_loss,13.704490438267523,0.2476319938065037,0.11936046980080028
20,3,00000000000000000364,built_loss,18.1039946679451,0.6066469044064539,0.22436264139992124
20,3,00000000000000000380,built_loss,10.138781805455618,0.5620173604286346,0.18232859672879265
20,3,00000000000000000384,built_loss,8.931185155425679,0.5482056956549888,0.12010565409961188
20,3,0000000000000000039e,built_loss,5.798240737023186,0.519568037110992,0.17060159147342985
20,3,000000000000000003a1,built_loss,11.40781270673376,0.6392759075507684,0.11668998474980075
20,3,000000000000000003a5,built_loss,12.586962232833121,0.3755757546987129,0.19565148079357103
20,3,000000000000000003b7,built_loss,8.510333478381892,0.5263756499672763,0.11430827783642988
20,3,000000000000000003bf,built_loss,17.514242615958086,0.5489219348140694,0.09748599559750637
20,3,000000000000000003f8,built_loss,7.364781477363076,0.2566847624227789,0.09258525098022127
20,3,000000000000000003fa,built_loss,12.224683043093938,0.4359087048863704,0.09467641883827937
20,3,00000000000000000407,built_loss,16.24040441242848,0.5124503265617202,0.2566445359422085
20,3,0000000000000000040f,built_loss,12.951373556510996,0.5274019523287543,0.07360117160055235
20,3,00000000000000000426,built_loss,13.182860208903703,0.560584129945521,0.09557359554263378
20,3,0000000000000000042b,built_loss,16.23086095432641,0.6350032314243801,0.2011855368766251
20,3,00000000000000000442,built_loss,3.3518546526176523,0.2876705738539878,0.14465231209462082
20,3,00000000000000000465,built_loss,17.44933065793794,0.5329106828936919,0.15000238877651123
20,3,0000000000000000047e,built_loss,13.0049345924592,0.5520323516776501,0.1887684937152685
20,3,000000000000000004c0,built_loss,15.144106933455047,0.6097548339678321,0.1567050235247639
20,3,000000000000000004c5,built_loss,9.853419895719133,0.5699050309462192,0.10115290241867425
20,3,000000000000000004d9,built_loss,14.899344596643026,0.583769334081935,0.14198394093645317
20,3,000000000000000004eb,built_loss,15.24753620350562,0.4519292741214198,0.14677688091051194
20,3,000000000000000004f5,built_loss,6.321366077496132,0.48838478615130504,0.15031452123142658
20,3,000000000000000004f7,built_loss,5.637861216153674,0.46273338324248453,0.07689288759810442
20,3,000000000000000004fe,built_loss,12.654197226010531,0.5045972832315551,0.11995511430066047
20,3,0000000000000000051d,built_loss,7.020087950892622,0.5452415898947255,0.4331091659516567
20,3,00000000000000000559,built_loss,16.356219897535137,0.6960142222660382,0.201040851722723
20,3,00000000000000000576,built_loss,6.393952478894336,0.27080517679703064,0.11338415414009656
20,3,00000000000000000577,built_loss,8.069044109227487,0.4241449616691444,0.3389808840895751
20,3,0000000000000000057f,built_loss,2.5798740254189187,0.43412885752668884,0.18721815306796885
20,3,00000000000000000594,built_loss,10.24165070068041,0.3902103812638448,0.21923252003167382
20,3,000000000000000005bf,built_loss,12.162085770071648,0.38417450084095195,0.12275239784002845
20,3,000000000000000005cc,built_loss,6.89876800604279,0.34988980753464666,0.06918549033078858
20,3,000000000000000005de,built_loss,14.291295450592948,0.4317269686160647,0.0882285852390669
20,3,000000000000000005e7,built_loss,15.634255248457919,0.5265852964309766,0.2680253098559355
20,3,000000000000000005f9,built_loss,10.730629815343189,0.6329542331140992,0.2005454466088452
20,3,0000000000000000061c,built_loss,11.37601153723961,0.3864550505200699,0.28746412952575306
20,3,00000000000000000626,built_loss,13.44357565574842,0.47364028031581484,0.12235294882385356
20,3,0000000000000000062a,built_loss,15.318695158057713,0.5686198801126463,0.1479441451893332
20,3,00000000000000000636,built_loss,12.37776942185088,0.43274190853951155,0.3307973621108097
20,3,0000000000000000064a,built_loss,2.649178735285897,0.2509637022317674,0.1628638567132997
20,3,0000000000000000064d,built_loss,10.462611774023022,0.40577428805868726,0.12450000564536517
20,3,00000000000000000694,built_loss,12.75526864992926,0.39302274887073674,0.10598437358159046
20,3,0000000000000000069d,built_loss,16.491515412285057,0.644039218660799,0.10372339665192265
20,3,000000000000000006b7,built_loss,13.527624954873003,0.4681703281296446,0.14431539550972683
20,3,000000000000000006df,built_loss,9.660687901557905,0.16614044355740354,0.10652286402198138
20,3,000000000000000006e3,built_loss,13.653989345636512,0.43161712633533,0.1826528396724827
20,3,00000000000000000011,crop_loss,14.752981156040125,0.6462530750653528,0.5066244371496553
20,3,0000000000000000002b,crop_loss,15.813741872213663,0.17394612531971462,0.19410169647469774
20,3,0000000000000000003a,crop_loss,14.778120368457008,0.22471011500151275,0.14824496646672986
20,3,0000000000000000009b,crop_loss,9.080677565553847,0.4859326281637888,0.03861869907004606
20,3,000000000000000000a8,crop_loss,13.122007013001541,0.2314162347741682,0.10465265519868064
20,3,000000000000000000da,crop_loss,14.191494210199226,0.7788971567874218,0.10323086611064247
20,3,000000000000000000e3,crop_loss,14.178609380911311,0.5184484015528336,0.215438931214688
20,3,000000000000000000e9,crop_loss,4.671037221402426,0.29566335087884277,0.2159792701292058
20,3,0000000000000000011b,crop_loss,12.405829287872539,0.49521543897074627,0.09929624505444523
20,3,00000000000000000128,crop_loss,14.23728125718958,0.5450662774077978,0.05078675679022315
20,3,0000000000000000016c,crop_loss,15.56418131571337,0.4402124095609816,0.18511858638710627
20,3,00000000000000000196,crop_loss,11.645445329325034,0.2609737262050805,0.12287291786602511
20,3,000000000000000001a6,crop_loss,14.294179665755324,0.2676051952723266,0.19775843529411896
20,3,000000000000000001e4,crop_loss,15.963710704451708,0.4658682346424342,0.14835389535336801
20,3,000000000000000001f9,crop_loss,14.343648199344655,0.5701579772938852,0.35610234333646384
20,3,00000000000000000228,crop_loss,10.917986958293701,0.5782400935901342,0.34221480076540084
20,3,0000000000000000028c,crop_loss,3.06611490334049,0.2930561227932373,0.12409670006053689
20,3,0000000000000000028d,crop_loss,14.18901644197459,0.6814961187392773,0.14042584390951074
20,3,00000000000000000291,crop_loss,8.720479600880733,0.8858589801254553,0.04126236399446337
20,3,000000000000000002c5,crop_loss,13.58283044802976,0.2856656126068529,0.2602325576866419
20,3,000000000000000002cc,crop_loss,8.921436278137158,0.41281520600441957,0.2979673776731637
20,3,000000000000000002dc,crop_loss,16.43303153090247,0.6569704654081346,0.15438700740660338
20,3,000000000000000002e4,crop_loss,14.867083429252075,0.2573844015762501,0.25969945827095786
20,3,000000000000000002ec,crop_loss,16.12066358007408,0.47128518563316696,0.2106022366710832
20,3,00000000000000000314,crop_loss,14.217135222257886,0.13045161917767234,0.2362471904289531
20,3,00000000000000000335,crop_loss,15.481394012081276,0.5167395709368686,0.15177212587329214
20,3,0000000000000000033a,crop_loss,14.802068122927622,0.47505818651863085,0.15610574324976995
20,3,000000000000000003b0,crop_loss,17.518358070333875,0.2602610876265987,0.23005444074011996
20,3,000000000000000003f1,crop_loss,19.10241724726284,0.5138411409853171,0.11981698029863219
20,3,000000000000000003f2,crop_loss,15.333739958062269,0.49003413765911,0.08294800980516792
20,3,0000000000000000044b,crop_loss,10.40166946952958,0.54976138778339,0.09096665167450224
20,3,00000000000000000480,crop_loss,9.443737467157435,0.8903784486227577,0.08353585116036999
20,3,00000000000000000485,crop_loss,15.888739122444068,0.7014798802806808,0.11644982552714755
20,3,00000000000000000497,crop_loss,13.692945763453514,0.20486563226955587,0.19035074453776654
20,3,0000000000000000049b,crop_loss,13.559396094510479,0.34025098163693995,0.13230810870093257
20,3,000000000000000004a1,crop_loss,15.222096359416424,0.3866368213357606,0.2167382018305185
20,3,000000000000000004e7,crop_loss,11.191880901063108,0.449046232623032,0.08989355339213578
20,3,000000000000000004e9,crop_loss,12.319772971620976,0.46092512437126054,0.36837697204474923
20,3,000000000000000004f9,crop_loss,15.003292281309577,0.31793515139247225,0.28638520794257
20,3,00000000000000000517,crop_loss,11.897824455973105,0.29041548289988095,0.3427731180152708
20,3,00000000000000000538,crop_loss,1.0740648009390297,0.3471252754553365,0.13938141701810364
20,3,0000000000000000057e,crop_loss,4.90796378468647,0.5485090321470861,0.10789003216496829
20,3,000000000000000005d1,crop_loss,11.42711723626996,0.13213499611215893,0.11007311971370899
20,3,00000000000000000632,crop_loss,6.890735835592807,0.0513571827058887,0.06538160690058195
20,3,0000000000000000063e,crop_loss,14.763309056828968,0.33521593076620065,0.11438736726079213
20,3,00000000000000000655,crop_loss,12.219923749781014,0.49517142859420726,0.2915824656843199
20,3,00000000000000000697,crop_loss,18.566209052244748,0.6109566002250503,0.1342105362389321
20,3,00000000000000000698,crop_loss,11.246635352384468,0.406945241585354,0.16064780748393176
20,3,000000000000000006a8,crop_loss,15.129898198224419,0.31889147263798295,0.25049824084186245
20,3,000000000000000006b4,crop_loss,16.25835582711301,0.5347932690004631,0.23749368792537778
20,3,000000000000000006be,crop_loss,10.712922368398486,0.41006963544683445,0.19649289949372206
20,3,000000000000000006c0,crop_loss,2.5998819379314204,0.17369297325216856,0.12752938574544162
20,3,000000000000000006cc,crop_loss,13.176211399460993,0.36452360120816685,0.12973027190988828
20,3,000000000000000006ce,crop_loss,10.774598078669987,0.497838283390539,0.35027856665222873
20,3,000000000000000006d9,crop_loss,13.453452192516032,0.197723574006209,0.13252132681176085
20,3,000000000000000006e5,crop_loss,13.495503468735512,0.5459959451700802,0.2320198660125402
20,3,00000000000000000151,built_loss,5.975538769025974,0.29015873685314125,0.11683468715221959
20,3,0000000000000000034d,built_loss,5.367800218315469,0.355141621983485,0.10715030785206597
20,3,000000000000000003c7,crop_loss,14.743359274118626,0.7050419951384379,0.2115772892507124
20,3,00000000000000000176,built_loss,13.387511124194178,0.6078366581418547,0.1763486215514959
20,3,000000000000000003d2,built_loss,15.520205148121061,0.539999953285567,0.24719383551958524
20,3,00000000000000000490,built_loss,13.031098053013869,0.6649715221343246,0.17921826255590678
20,3,000000000000000005ad,built_loss,14.186664378845965,0.6049845789375868,0.12843578354863838
20,3,00000000000000000624,built_loss,4.314374545813424,0.4953282841538746,0.16681484482282938
20,3,0000000000000000002d,crop_loss,18.025022888052472,0.5018228745326454,0.14858388852847032
20,3,0000000000000000009d,crop_loss,7.449020412672024,0.3806983705992984,0.13710663828119674
20,3,00000000000000000192,crop_loss,15.879100900746204,0.5566851794309668,0.11429854255567895
20,3,000000000000000003c8,crop_loss,15.401496273185215,0.20580522598042209,0.17226116021854818
20,3,0000000000000000046c,crop_loss,15.424631340961932,0.5477553392657647,0.41981150798430256
20,3,00000000000000000483,crop_loss,10.352504182414613,0.7211634321267991,0.23937460614103312
20,3,000000000000000004ee,crop_loss,8.85714122420472,0.24390101915299883,0.21473761234380723
20,3,00000000000000000611,crop_loss,13.627625712828921,0.6550715154291342,0.15530043769105406
20,3,0000000000000000062f,crop_loss,16.22028470409016,0.5092900089035834,0.36148569345847575
20,4,00000000000000000085,built_loss,8.514789135257422,0.3672413741512659,0.22557953572645323
20,4,00000000000000000114,built_loss,10.357200951149247,0.6559790551570068,0.1957504971763232
20,4,0000000000000000024c,built_loss,14.308544871359729,0.6444203936617643,0.1935503669437525
20,4,00000000000000000375,built_loss,12.180586046867612,0.69338055016661,0.14895865416346998
20,4,000000000000000004d2,built_loss,12.504453178545047,0.612390834121291,0.6188909586514655
20,4,000000000000000005bd,built_loss,3.5717336239016735,0.621374661281027,0.1638568723403233
20,4,00000000000000000281,crop_loss,16.446315665572094,0.5334606447568678,0.1072634265477716
20,4,000000000000000003a2,crop_loss,14.04496239190764,0.378725542729813,0.1746842093165924
20,4,00000000000000000001,built_loss,10.64100754994591,0.45148830151496594,0.20920783860284864
20,4,00000000000000000049,built_loss,3.8332255502533803,0.5091603321389311,0.2266566116869756
20,4,0000000000000000004a,built_loss,8.59756820841622,0.4343005945224485,0.08090334819068018
20,4,0000000000000000004f,built_loss,16.547590596550076,0.46542483986755784,0.2709573955910421
20,4,0000000000000000005a,built_loss,13.760943670522424,0.4669745838315896,0.0917283621036955
20,4,00000000000000000079,built_loss,14.39497178054071,0.664128045852197,0.13858447670874874
20,4,00000000000000000087,built_loss,16.71348528024221,0.6162468491658417,0.1837263409782418
20,4,000000000000000000a1,built_loss,8.125545641974169,0.4511984067771565,0.14601729057103796
20,4,000000000000000000b8,built_loss,7.3657833421427545,0.4754683098909889,0.43775266828515497
20,4,000000000000000000c0,built_loss,13.292846178770112,0.6750069360031133,0.18651859561584994
20,4,000000000000000000e2,built_loss,11.228916125817182,0.36057034447377295,0.21614306622943785
20,4,000000000000000000f0,built_loss,14.565614982453404,0.7210093832361403,0.18615018132634786
20,4,000000000000000000f8,built_loss,17.542833937235365,0.47850876505839673,0.1542092079893278
20,4,0000000000000000011c,built_loss,5.357016753784774,0.7674782270731402,0.11809619892482759
20,4,00000000000000000161,built_loss,15.999492150816957,0.6421499491473126,0.2258502864454558
20,4,0000000000000000016a,built_loss,7.228227600002105,0.24833640532362677,0.1444649948619165
20,4,000000000000000001a8,built_loss,18.170305377820547,0.6050347923745426,0.20965273773402177
20,4,000000000000000001be,built_loss,4.227717534643673,0.4896140395443521,0.24937782255927687
20,4,000000000000000001cd,built_loss,14.66586007932433,0.7285575333606564,0.25905668331029363
20,4,000000000000000001e5,built_loss,11.161173148435783,0.6567990712728868,0.09490570200283133
20,4,00000000000000000206,built_loss,16.363024434464112,0.6663850718300663,0.32135303394007003
20,4,00000000000000000209,built_loss,14.59661455606923,0.5728118182194989,0.15067976870281385
20,4,00000000000000000231,built_loss,17.82726219120295,0.5626074538975808,0.18412697691615532
20,4,0000000000000000026d,built_loss,13.606507502509947,0.5317569499679217,0.16126317709374532
20,4,00000000000000000278,built_loss,13.96352704157901,0.6977261624430068,0.21317776408864875
20,4,00000000000000000293,built_loss,13.819289321575976,0.5139714983188055,0.11471361074565417
20,4,000000000000000002a4,built_loss,9.703541101974418,0.3635889130752093,0.13424343249845877
20,4,00000000000000000316,built_loss,1.8026821848869299,0.1176892267268627,0.0956423817639985
20,4,00000000000000000356,built_loss,12.33168780320205,0.6166355332683173,0.1899666077959331
20,4,00000000000000000362,built_loss,15.271212723434582,0.6044646865585814,0.17983984165979228
20,4,00000000000000000363,built_loss,13.203415298278156,0.24507703205911707,0.13834589594307523
20,4,00000000000000000364,built_loss,15.216935627985269,0.6373774755074224,0.17863345230933847
20,4,00000000000000000380,built_loss,17.152505245262002,0.4964046628411012,0.0811356708739357
20,4,00000000000000000384,built_loss,12.197264174364824,0.5959503394657637,0.08535792731153413
20,4,0000000000000000039e,built_loss,7.115932954925385,0.44093705219922685,0.09356242408375232
20,4,000000000000000003a1,built_loss,11.304586595929244,0.6460914207332339,0.14049912062646475
20,4,000000000000000003a5,built_loss,13.7294765992577,0.43217050228938025,0.29075814965521307
20,4,000000000000000003b7,built_loss,11.645797105718021,0.469179080740234,0.12401607966917921
20,4,000000000000000003bf,built_loss,18.221744328408036,0.5303015772395863,0.12786292310220693
20,4,000000000000000003f8,built_loss,5.008955041758126,0.19718397879298177,0.11424142742567989
20,4,000000000000000003fa,built_loss,15.8017655784122,0.47838688435472604,0.14320710853798296
20,4,00000000000000000407,built_loss,15.009004764048447,0.5769805865524746,0.18768908719803779
20,4,0000000000000000040f,built_loss,13.194469083750729,0.5309309135381165,0.06948684515606474
20,4,00000000000000000426,built_loss,8.644515762199267,0.5005614897969705,0.15711900987251642
20,4,0000000000000000042b,built_loss,15.349718835318768,0.5516231547729703,0.14837939409901757
20,4,00000000000000000442,built_loss,2.562259829874084,0.40403905807791207,0.37791132191420757
20,4,00000000000000000465,built_loss,18.55104320734538,0.636995140814621,0.16118303830752023
20,4,0000000000000000047e,built_loss,12.042039375247656,0.5684270034237406,0.12277062074455569
20,4,000000000000000004c0,built_loss,17.105301694344945,0.6434975623614057,0.10939774073471553
20,4,000000000000000004c5,built_loss,8.274807353252623,0.572160171429317,0.20141795086333075
20,4,000000000000000004d9,built_loss,13.948830365291256,0.5643862628488905,0.1329825194925338
20,4,000000000000000004eb,built_loss,14.972230747665979,0.44009165165890834,0.086228549154933
20,4,000000000000000004f5,built_loss,7.5840581646322205,0.41505527261542496,0.17379861781373757
20,4,000000000000000004f7,built_loss,6.5398445103253415,0.4733774764412266,0.07841114825501538
20,4,000000000000000004fe,built_loss,10.457051818837542,0.4955098253156062,0.14353048063758989
20,4,0000000000000000051d,built_loss,13.050212026822091,0.569863937876112,0.3094039290169364
20,4,00000000000000000559,built_loss,18.03406469478669,0.6459446361846931,0.16771377270653098
20,4,00000000000000000576,built_loss,6.884013899838896,0.2732334233528883,0.1214645402672277
20,4,00000000000000000577,built_loss,6.948019067426378,0.42397886871503915,0.23251087021004085
20,4,0000000000000000057f,built_loss,2.3824132390983874,0.4223562446232715,0.17297031030830018
20,4,00000000000000000594,built_loss,15.158128250791126,0.4889969445553469,0.2034676225856965
20,4,000000000000000005bf,built_loss,11.435423554181234,0.330135706563227,0.09175253057293498
20,4,000000000000000005cc,built_loss,8.411088683128192,0.3243642357113684,0.14866699831687186
20,4,000000000000000005de,built_loss,13.561811017328022,0.4310849354026785,0.0516885042384323
20,4,000000000000000005e7,built_loss,12.755535651743417,0.64573910489001,0.2896084235027702
20,4,000000000000000005f9,built_loss,6.965259900646695,0.6605751513127988,0.24478116074873513
20,4,0000000000000000061c,built_loss,12.183831564992143,0.4201349271055044,0.101658303061545
20,4,00000000000000000626,built_loss,14.618360472613642,0.5006876496878692,0.12738888877839888
20,4,0000000000000000062a,built_loss,14.217229077475471,0.6206874164014844,0.2504782932941213
20,4,00000000000000000636,built_loss,11.288630685386886,0.49059696257257823,0.21382580934295414
20,4,0000000000000000064a,built_loss,2.8368017257573492,0.2876268282269481,0.13668525265802964
20,4,0000000000000000064d,built_loss,9.76578547144959,0.4296581766921429,0.18263202514232235
20,4,00000000000000000694,built_loss,15.323710305863685,0.3446818642352874,0.09556840572116138
20,4,0000000000000000069d,built_loss,15.456502705903018,0.6620106822978458,0.14356301616808043
20,4,000000000000000006b7,built_loss,16.16495240144063,0.4433747001248162,0.14776728253286203
20,4,000000000000000006df,built_loss,11.960520478610247,0.2709929850846208,0.2232268819673992
20,4,000000000000000006e3,built_loss,12.945479161539126,0.4099479640672699,0.20250090289310563
20,4,00000000000000000011,crop_loss,16.16248007734847,0.46043011189112665,0.44650283160561666
20,4,0000000000000000002b,crop_loss,15.71430321248009,0.16533303556568513,0.1975817446558541
20,4,0000000000000000003a,crop_loss,14.980394326617187,0.2941215858040612,0.1216652183968698
20,4,0000000000000000009b,crop_loss,10.423696783290424,0.5029759313725963,0.053481637012522676
20,4,000000000000000000a8,crop_loss,14.007258804372634,0.23158384662250875,0.11869037127674753
20,4,000000000000000000da,crop_loss,11.828073238538394,0.7097567633785014,0.17299402300722855
20,4,000000000000000000e3,crop_loss,15.360786147877993,0.4648547672234119,0.24294923851974276
20,4,000000000000000000e9,crop_loss,6.485092012978412,0.22633802181799015,0.17722509262174013
20,4,0000000000000000011b,crop_loss,12.978760725210604,0.4858187405039757,0.08930546752172391
20,4,00000000000000000128,crop_loss,11.024884649959322,0.5597869516245233,0.11953499817444524
20,4,0000000000000000016c,crop_loss,15.64633114915093,0.49510878583609563,0.1861562094842415
20,4,00000000000000000196,crop_loss,14.497768363105996,0.2479694576232376,0.12555072304512058
20,4,000000000000000001a6,crop_loss,15.682403160915275,0.25474626492598784,0.23743312488366444
20,4,000000000000000001e4,crop_loss,13.306913478532094,0.5058173629347603,0.15261859537106598
20,4,000000000000000001f9,crop_loss,14.444629401622004,0.5216402454537348,0.51010984247452
20,4,00000000000000000228,crop_loss,14.742976807888281,0.5193090537489753,0.2619390883508001
20,4,0000000000000000028c,crop_loss,3.9542342417577445,0.2915263389369464,0.12402097207316465
20,4,0000000000000000028d,crop_loss,14.177580302666543,0.6901281277613841,0.15873481052394445
20,4,00000000000000000291,crop_loss,10.29795741869772,0.877243819414891,0.03173270010990159
20,4,000000000000000002c5,crop_loss,14.256766222176664,0.28999314569530654,0.15905106336169408
20,4,000000000000000002cc,crop_loss,10.260809198218693,0.45534568219085647,0.37036938708785516
20,4,000000000000000002dc,crop_loss,16.33757489310313,0.609731669157013,0.17530133349483457
20,4,000000000000000002e4,crop_loss,13.931586642154475,0.27214759695618645,0.1847068223756798
20,4,000000000000000002ec,crop_loss,16.156337212248012,0.4720117367610824,0.18558766577657843
20,4,00000000000000000314,crop_loss,10.566486987592661,0.035572619789630895,0.05848735098302686
20,4,00000000000000000335,crop_loss,18.550808703814006,0.4487742866916352,0.15676319565941393
20,4,0000000000000000033a,crop_loss,15.926935104871452,0.5217861519448128,0.2079047625288568
20,4,000000000000000003b0,crop_loss,14.970423164364533,0.1759325225458917,0.11189572413534143
20,4,000000000000000003f1,crop_loss,18.199157870231943,0.46253200654063736,0.22341872171488875
20,4,000000000000000003f2,crop_loss,14.80559369621287,0.4912660644788468,0.2209483492827124
20,4,0000000000000000044b,crop_loss,8.099979028117138,0.6066696998776483,0.09634912429620635
20,4,00000000000000000480,crop_loss,7.070873819812535,0.7832565620411648,0.33646465008815385
20,4,00000000000000000485,crop_loss,16.39483599327302,0.7491012379282767,0.12484910474749622
20,4,00000000000000000497,crop_loss,15.899069515338857,0.2804329687433207,0.24714814091918377
20,4,0000000000000000049b,crop_loss,17.346756303896655,0.3177162590250325,0.08950205811992673
20,4,000000000000000004a1,crop_loss,13.222334293102366,0.3475157433257809,0.16750225552572712
20,4,000000000000000004e7,crop_loss,12.740890519233172,0.5063010112825914,0.07643108949304456
20,4,000000000000000004e9,crop_loss,11.543814860869565,0.3987672055091148,0.3612296897172364
20,4,000000000000000004f9,crop_loss,15.102454557620867,0.38120837497357196,0.28767689394129103
20,4,00000000000000000517,crop_loss,13.577568113662474,0.37574887612655766,0.3824372394040104
20,4,00000000000000000538,crop_loss,1.0622181412479423,0.2930775356451916,0.08365394351499916
20,4,0000000000000000057e,crop_loss,3.242455393338668,0.5176570891319977,0.08555254369635407
20,4,000000000000000005d1,crop_loss,11.026061358411605,0.20524142246512425,0.290083068294464
20,4,00000000000000000632,crop_loss,10.097772917137501,0.06768079176650917,0.0527331324896758
20,4,0000000000000000063e,crop_loss,15.984208110996772,0.3306698304812397,0.1850679726111196
20,4,00000000000000000655,crop_loss,13.988329999738864,0.5531111918566389,0.31390584497822654
20,4,00000000000000000697,crop_loss,16.10512324522794,0.591795856105343,0.16062785055006001
20,4,00000000000000000698,crop_loss,11.65452254434437,0.47133928786895585,0.18999911733056835
20,4,000000000000000006a8,crop_loss,17.40863937780216,0.2925077020799687,0.13651819982514807
20,4,000000000000000006b4,crop_loss,15.304610102447178,0.4015839973317281,0.26480802435561157
20,4,000000000000000006be,crop_loss,6.76837241194914,0.39609524560838505,0.10049891637048941
20,4,000000000000000006c0,crop_loss,2.8510885387838134,0.24105300025631698,0.18049270486747074
20,4,000000000000000006cc,crop_loss,13.58340017694356,0.32571090884884063,0.12781446697086063
20,4,000000000000000006ce,crop_loss,13.315000178175424,0.5747412884627824,0.3155816758534091
20,4,000000000000000006d9,crop_loss,13.914236882791325,0.26229112961044104,0.1185932366788284
20,4,000000000000000006e5,crop_loss,16.72619831126829,0.4462736904922375,0.2695502396837482
20,4,00000000000000000151,built_loss,5.477584446840568,0.2352844649847014,0.14150635884986096
20,4,0000000000000000034d,built_loss,5.823292708772407,0.38677634465206184,0.13290694839639366
20,4,000000000000000003c7,crop_loss,17.774992286403137,0.7493004300646752,0.18411105993531784
20,4,00000000000000000176,built_loss,11.770673299578007,0.6931238714609829,0.1992293839499093
20,4,000000000000000003d2,built_loss,17.20320906789789,0.6735787301508437,0.2552333391479511
20,4,00000000000000000490,built_loss,15.791052508982265,0.6704437782891961,0.15542333073094883
20,4,000000000000000005ad,built_loss,12.685078557607747,0.6958493930468314,0.16575156715522987
20,4,00000000000000000624,built_loss,2.906773173209321,0.472500692793679,0.14102938440093088
20,4,0000000000000000002d,crop_loss,16.126104571251744,0.41452684485001223,0.14226115256254673
20,4,0000000000000000009d,crop_loss,5.021769400506683,0.35797126923469247,0.0778373587502621
20,4,00000000000000000192,crop_loss,13.580326472119761,0.5709074396484716,0.06676262856061721
20,4,000000000000000003c8,crop_loss,15.658576189571663,0.17760652804222038,0.13775377066207986
20,4,0000000000000000046c,crop_loss,18.56544840889747,0.37979908089243225,0.35092549945317936
20,4,00000000000000000483,crop_loss,7.959780024363136,0.7434658421615875,0.2000469853302802
20,4,000000000000000004ee,crop_loss,11.507459286361604,0.37142394823489056,0.354305500842489
20,4,00000000000000000611,crop_loss,16.541998114446955,0.65185535838036,0.10460129166005416
20,4,0000000000000000062f,crop_loss,17.193247998681702,0.5948059953815392,0.2359234090979384
20,5,00000000000000000085,built_loss,9.952760264472055,0.377046348283117,0.20415102775347305
20,5,00000000000000000114,built_loss,10.83348899909605,0.7287617444970135,0.08413881889063402
20,5,0000000000000000024c,built_loss,10.908695570227676,0.7064035850789793,0.1316343858311162
20,5,00000000000000000375,built_loss,13.508513128559166,0.6007246692464486,0.130490428622824
20,5,000000000000000004d2,built_loss,15.723097969660735,0.5464927919560015,0.37717165546140785
20,5,000000000000000005bd,built_loss,4.212135325869064,0.5458206017939803,0.19962051914584755
20,5,00000000000000000281,crop_loss,13.994568610372665,0.5250955044316344,0.11427986064279827
20,5,000000000000000003a2,crop_loss,12.004395856096052,0.3673275383538891,0.25839215584117065
20,5,00000000000000000001,built_loss,13.937345610064233,0.4762835570156934,0.13070545030145364
20,5,00000000000000000049,built_loss,3.358427261895354,0.5159978109208332,0.10897733456841585
20,5,0000000000000000004a,built_loss,9.837423024515228,0.45632468521114367,0.09216897264340818
20,5,0000000000000000004f,built_loss,14.50253015779066,0.3851482466897948,0.23043814578389926
20,5,0000000000000000005a,built_loss,14.86773821380582,0.4618335094347033,0.09341870171744443
20,5,00000000000000000079,built_loss,17.09008514010682,0.6522043628211615,0.10217473827297074
20,5,00000000000000000087,built_loss,16.028357614507243,0.6190337787107029,0.2111595522482551
20,5,000000000000000000a1,built_loss,5.91521970107383,0.46867200634614486,0.10230652107288613
20,5,000000000000000000b8,built_loss,7.336540033863201,0.44567314829224036,0.4048971271738177
20,5,000000000000000000c0,built_loss,12.928544288405453,0.6524618396081022,0.13830646481634745
20,5,000000000000000000e2,built_loss,11.436761170786042,0.37751208734503316,0.17895229425540699
20,5,000000000000000000f0,built_loss,12.666366959787855,0.663109786234441,0.2403201099865192
20,5,000000000000000000f8,built_loss,16.838718706532784,0.4826822024427551,0.20355335177729472
20,5,0000000000000000011c,built_loss,7.603524271991494,0.648273497165051,0.19313493531135761
20,5,00000000000000000161,built_loss,16.68744796009101,0.6375477374841639,0.15777444201671864
20,5,0000000000000000016a,built_loss,6.576703875109745,0.2269236232456498,0.2071670383881044
20,5,000000000000000001a8,built_loss,14.60600242644073,0.5497542399192127,0.18438600739739303
20,5,000000000000000001be,built_loss,5.6337676280043,0.5208532484099041,0.2276621482462282
20,5,000000000000000001cd,built_loss,14.686624096346538,0.7968369348994978,0.18404005595505757
20,5,000000000000000001e5,built_loss,10.938003661097284,0.6157426824592759,0.15339284908637518
20,5,00000000000000000206,built_loss,16.437813486488633,0.6696493506416147,0.2779576106765932
20,5,00000000000000000209,built_loss,15.64003931950975,0.5737873967950113,0.12656200462666178
20,5,00000000000000000231,built_loss,16.18806585855524,0.49936244318520956,0.18819123848897684
20,5,0000000000000000026d,built_loss,13.033842133005875,0.533210587455003,0.2176540783725387
20,5,00000000000000000278,built_loss,15.283605875600788,0.7143243419866494,0.18834793721109555
20,5,00000000000000000293,built_loss,12.607023070373872,0.47682641937917986,0.12925345872950178
20,5,000000000000000002a4,built_loss,8.375373958143044,0.4376794300541385,0.1302830930233405
20,5,00000000000000000316,built_loss,1.8485766246205328,0.13690238129312696,0.0830303064817003
20,5,00000000000000000356,built_loss,15.182413887430888,0.5303404705822866,0.22679287144113713
20,5,00000000000000000362,built_loss,14.569103886048243,0.6190702168256302,0.1472331606433277
20,5,00000000000000000363,built_loss,14.133900259577745,0.22665202674993337,0.1873881473275531
20,5,00000000000000000364,built_loss,17.755698040092813,0.6524087818481743,0.14654413976365877
20,5,00000000000000000380,built_loss,16.188554691798082,0.4550356179729373,0.13523763248064902
20,5,00000000000000000384,built_loss,12.106059171507804,0.5829631889887827,0.18517245409842342
20,5,0000000000000000039e,built_loss,9.684765855608067,0.43401655527832617,0.1478575080459783
20,5,000000000000000003a1,built_loss,9.049788374791003,0.60354644531862,0.11920127814547754
20,5,000000000000000003a5,built_loss,11.696860279786016,0.42720896350614534,0.27005908163330766
20,5,000000000000000003b7,built_loss,10.579379507160821,0.454992936666911,0.101475830483235
20,5,000000000000000003bf,built_loss,16.719149001968443,0.5428933259480898,0.10948038737101212
20,5,000000000000000003f8,built_loss,5.737053703898606,0.24996234463352376,0.06965626379326081
20,5,000000000000000003fa,built_loss,16.457967220233872,0.3761547315316232,0.13328717229552517
20,5,00000000000000000407,built_loss,14.974935844247828,0.5756548780890495,0.16026247901271679
20,5,0000000000000000040f,built_loss,11.216025046163688,0.5197661731715342,0.05424533481909588
20,5,00000000000000000426,built_loss,14.061046368844458,0.44619690729219547,0.19045419333576158
20,5,0000000000000000042b,built_loss,16.104327462500187,0.6166242496681463,0.15692586340224013
20,5,00000000000000000442,built_loss,3.860205033324004,0.32173944093086426,0.34555019090210826
20,5,00000000000000000465,built_loss,15.49005008579413,0.6525830377345944,0.15241480511931005
20,5,0000000000000000047e,built_loss,13.918352211851476,0.4888493197339565,0.1248534753808615
20,5,000000000000000004c0,built_loss,12.989772928884243,0.606474622370168,0.1455143407266556
20,5,000000000000000004c5,built_loss,8.11363567410704,0.49678762098087226,0.1544214593984699
20,5,000000000000000004d9,built_loss,15.714844312525694,0.5285089523320178,0.10560537102984913
20,5,000000000000000004eb,built_loss,16.043863855357717,0.5348106648297588,0.15029465638715
20,5,000000000000000004f5,built_loss,6.301391574082307,0.4459451037586159,0.1482770263866764
20,5,000000000000000004f7,built_loss,6.788393761117642,0.4758180559619536,0.10395799137758238
20,5,000000000000000004fe,built_loss,12.099128202422825,0.550175717946511,0.15734135107413932
20,5,0000000000000000051d,built_loss,14.227967476264208,0.6517714477816847,0.3831914390522796
20,5,00000000000000000559,built_loss,15.027384340264383,0.6755095796474464,0.1894943743757248
20,5,00000000000000000576,built_loss,7.163293405785755,0.22252214210744975,0.1620831201273705
20,5,00000000000000000577,built_loss,7.061498181027988,0.4071734233642378,0.23499570790668628
20,5,0000000000000000057f,built_loss,2.2850810794624716,0.39509656858668063,0.11761436675105014
20,5,00000000000000000594,built_loss,13.652368195456669,0.43979711066060145,0.3957131735178663
20,5,000000000000000005bf,built_loss,15.301134272771655,0.38736957336596683,0.15113055931415365
20,5,000000000000000005cc,built_loss,10.401016102668732,0.3429833750055934,0.14428287675417772
20,5,000000000000000005de,built_loss,15.673491788914575,0.44234735794334207,0.07243160853433472
20,5,000000000000000005e7,built_loss,15.65681568861388,0.5260372601002568,0.28213451316063826
20,5,000000000000000005f9,built_loss,11.012461607106172,0.6908600448632282,0.18027498625086436
20,5,0000000000000000061c,built_loss,12.858415127710753,0.3778797116408073,0.13400050328243318
20,5,00000000000000000626,built_loss,15.052355185886377,0.5225723826753971,0.09917327393808545
20,5,0000000000000000062a,built_loss,13.798514938968818,0.6222121729294682,0.15733638580283615
20,5,00000000000000000636,built_loss,13.660257883500703,0.4008034636589806,0.22413934667221597
20,5,0000000000000000064a,built_loss,2.9439604615589228,0.29549341620128083,0.10291096988722986
20,5,0000000000000000064d,built_loss,9.67337933297971,0.40403913190173685,0.14070074550767853
20,5,00000000000000000694,built_loss,16.20192318859596,0.3543093561803519,0.0735823568916732
20,5,0000000000000000069d,built_loss,13.235780833573138,0.6191751327018479,0.18365618003299988
20,5,000000000000000006b7,built_loss,13.957077131097659,0.422495604062315,0.1293862316047545
20,5,000000000000000006df,built_loss,9.583584154480377,0.22591596673909373,0.3454081204249738
20,5,000000000000000006e3,built_loss,17.30357064056023,0.38910435217741524,0.18057716967036008
20,5,00000000000000000011,crop_loss,14.545536944026429,0.4378482648090365,0.3850448914708824
20,5,0000000000000000002b,crop_loss,15.976449396187927,0.15773165378929613,0.1909492726649074
20,5,0000000000000000003a,crop_loss,17.302986129585843,0.2880274428184655,0.1530820851144886
20,5,0000000000000000009b,crop_loss,11.605526251305971,0.5092874418120498,0.03887361196412781
20,5,000000000000000000a8,crop_loss,13.081546097346111,0.18067281723271403,0.057994754687271194
20,5,000000000000000000da,crop_loss,15.960980360850984,0.7735020603255378,0.09614539730520177
20,5,000000000000000000e3,crop_loss,15.401948934292124,0.5686915361338664,0.2770255468210953
20,5,000000000000000000e9,crop_loss,3.1738722698757753,0.4781343952618737,0.19931865975323537
20,5,0000000000000000011b,crop_loss,12.251958478808252,0.4859091178821899,0.10795696509438868
20,5,00000000000000000128,crop_loss,12.697990964956704,0.5505431798859198,0.07467938862700402
20,5,0000000000000000016c,crop_loss,15.059348629741377,0.41697074989653954,0.1473256740862392
20,5,00000000000000000196,crop_loss,11.765684467923043,0.2331003868236493,0.09832494471586342
20,5,000000000000000001a6,crop_loss,14.460774314118783,0.25833831046443745,0.22808982746882708
20,5,000000000000000001e4,crop_loss,12.787604808477395,0.5214324644029368,0.0860545580101213
20,5,000000000000000001f9,crop_loss,15.96731215266688,0.5712706831597989,0.442091075869714
20,5,00000000000000000228,crop_loss,9.549952994954634,0.22758946527635815,0.4275069649153647
20,5,0000000000000000028c,crop_loss,4.055063880447462,0.31209492310437753,0.11228633647091413
20,5,0000000000000000028d,crop_loss,13.42052426417368,0.7030139965513862,0.123103908649425
20,5,00000000000000000291,crop_loss,9.097524969772943,0.8692258205760706,0.07432691434786132
20,5,000000000000000002c5,crop_loss,16.697569912121438,0.2904957075761444,0.18325585847375542
20,5,000000000000000002cc,crop_loss,9.496952893259113,0.5902178208785257,0.2752660500733485
20,5,000000000000000002dc,crop_loss,16.601642374742074,0.6839742737550415,0.20776651687457892
20,5,000000000000000002e4,crop_loss,13.218058472839262,0.31881940848293333,0.18771032273754995
20,5,000000000000000002ec,crop_loss,13.422406496659974,0.5514657504506798,0.18281783156233655
20,5,00000000000000000314,crop_loss,15.784336297696516,0.09597914926519592,0.1564339663355679
20,5,00000000000000000335,crop_loss,14.581577853046651,0.420551017996671,0.38526159162469076
20,5,0000000000000000033a,crop_loss,11.664184463928713,0.5352093264705605,0.15797310212577248
20,5,000000000000000003b0,crop_loss,16.258312020376685,0.2799075364774119,0.17865251716566266
20,5,000000000000000003f1,crop_loss,16.911674072625214,0.48142178818763076,0.1622195644527588
20,5,000000000000000003f2,crop_loss,14.500886024425146,0.45035447311099996,0.1618161401392345
20,5,0000000000000000044b,crop_loss,9.689748425658847,0.5554191921869751,0.10502706961825037
20,5,00000000000000000480,crop_loss,10.022598784131954,0.8741921082589194,0.5460256787675304
20,5,00000000000000000485,crop_loss,16.682576304211352,0.6958115150129653,0.10092854993671474
20,5,00000000000000000497,crop_loss,12.577945753799087,0.2603035091976199,0.16418100599465163
20,5,0000000000000000049b,crop_loss,14.632174492753025,0.33397653855345105,0.10455204356162867
20,5,000000000000000004a1,crop_loss,16.228798554089717,0.3279912907528101,0.1265341412440949
20,5,000000000000000004e7,crop_loss,12.127383269559143,0.47207895867076755,0.06563404723566812
20,5,000000000000000004e9,crop_loss,6.9859426625547485,0.40764907627878905,0.3375265528144126
20,5,000000000000000004f9,crop_loss,13.788267999655686,0.3835390140570329,0.31943732362718713
20,5,00000000000000000517,crop_loss,13.675046612657276,0.24979927545074482,0.3215304403710613
20,5,00000000000000000538,crop_loss,1.0802001985144347,0.29681951398989137,0.10646120517822374
20,5,0000000000000000057e,crop_loss,3.5085114866639944,0.5653284059875002,0.06190168143824959
20,5,000000000000000005d1,crop_loss,11.178208523044598,0.12233916318886315,0.09050029344996095
20,5,00000000000000000632,crop_loss,7.9508468654405755,0.07220782477492033,0.054744401178540736
20,5,0000000000000000063e,crop_loss,14.30732485655647,0.25927404030314605,0.09278547313214011
20,5,00000000000000000655,crop_loss,12.502389769840653,0.5001084620043362,0.3127202697982667
20,5,00000000000000000697,crop_loss,11.679668312544528,0.6416714072597101,0.1449142698999727
20,5,00000000000000000698,crop_loss,11.733101716153074,0.3875508810215389,0.23499632550502764
20,5,000000000000000006a8,crop_loss,17.4195178946192,0.34812084668950544,0.18627005213054942
20,5,000000000000000006b4,crop_loss,16.529705471164807,0.5882884069173826,0.25978363780547853
20,5,000000000000000006be,crop_loss,8.542121808079242,0.38412771600174755,0.18671532668863333
20,5,000000000000000006c0,crop_loss,3.1518922872210875,0.16569590698183717,0.11917702562208232
20,5,000000000000000006cc,crop_loss,12.242644729226184,0.3353200377020575,0.09955505807090398
20,5,000000000000000006ce,crop_loss,11.985317786738934,0.49312243956409,0.30704326854413205
20,5,000000000000000006d9,crop_loss,16.73903845161803,0.20065177422287447,0.11038529058301311
20,5,000000000000000006e5,crop_loss,13.724887864645957,0.5740460272597872,0.11298169125788782
20,5,00000000000000000151,built_loss,3.9234754883105523,0.23102718432515676,0.11280062836831717
20,5,0000000000000000034d,built_loss,7.632170903729953,0.39057331507675086,0.08659769439038628
20,5,000000000000000003c7,crop_loss,9.901908396030075,0.711494218230283,0.12493369231508655
20,5,00000000000000000176,built_loss,11.527408453176786,0.6681603473034252,0.23444137930625175
20,5,000000000000000003d2,built_loss,14.53447330830444,0.6231247613449992,0.21772035037833448
20,5,00000000000000000490,built_loss,16.292042995585902,0.6013419940818683,0.2259324420603992
20,5,000000000000000005ad,built_loss,15.99247151912533,0.5913287071690723,0.17131847022491387
20,5,00000000000000000624,built_loss,3.905123377877261,0.46731125672191115,0.18079805462298254
20,5,0000000000000000002d,crop_loss,13.112346246183778,0.4503803538426222,0.16632098984642002
20,5,0000000000000000009d,crop_loss,6.296440101590001,0.36447855085494535,0.15109152922065522
20,5,00000000000000000192,crop_loss,16.535432947379583,0.5917689045786264,0.08456206907230401
20,5,000000000000000003c8,crop_loss,16.206535236814798,0.2427884185588926,0.11049852472004676
20,5,0000000000000000046c,crop_loss,16.362151608444652,0.5174744256147575,0.33010198151469605
20,5,00000000000000000483,crop_loss,7.371394061069113,0.7831505223175083,0.18757338856863937
20,5,000000000000000004ee,crop_loss,12.774249646924002,0.26502631903967444,0.27390424993911044
20,5,00000000000000000611,crop_loss,16.07654587690434,0.6592946819271676,0.09718577207824763
20,5,0000000000000000062f,crop_loss,15.968448989523685,0.35997552330066307,0.3606132294927431
20,6,00000000000000000085,built_loss,10.39398016744683,0.42062871981000033,0.21159014878345545
20,6,00000000000000000114,built_loss,13.048408343727324,0.6453676335147391,0.2555203746529722
20,6,0000000000000000024c,built_loss,12.174735281485441,0.6547969442298537,0.16828716699533197
20,6,00000000000000000375,built_loss,13.554030076931966,0.6627071007658827,0.11184970955647866
20,6,000000000000000004d2,built_loss,12.061279069368045,0.8694141052993629,0.2415943244019083
20,6,000000000000000005bd,built_loss,4.716566148897394,0.4481054794237014,0.21952555196569545
20,6,00000000000000000281,crop_loss,14.204723312564338,0.5204860003066969,0.09350057182373095
20,6,000000000000000003a2,crop_loss,13.45981776521067,0.3248605975053953,0.2048789562385616
20,6,00000000000000000001,built_loss,12.945937418648594,0.4688835668492881,0.21961973065129847
20,6,00000000000000000049,built_loss,3.592833726645801,0.50918849522384,0.13240796599769877
20,6,0000000000000000004a,built_loss,6.740697450607379,0.4025403405488338,0.0823811426210112
20,6,0000000000000000004f,built_loss,15.657123605438048,0.46562141133429946,0.2647746490555086
20,6,0000000000000000005a,built_loss,14.11414474722912,0.4325972605113325,0.07639723519209196
20,6,00000000000000000079,built_loss,17.37337613937161,0.58849828861729,0.245793096448981
20,6,00000000000000000087,built_loss,13.881500479895891,0.5512450166777924,0.2625406759597082
20,6,000000000000000000a1,built_loss,7.93697493151748,0.44606501856146397,0.14619734357972985
20,6,000000000000000000b8,built_loss,7.405286293779127,0.48688974604811414,0.3070573759732403
20,6,000000000000000000c0,built_loss,14.297693415879369,0.6254007623227121,0.13940104111089024
20,6,000000000000000000e2,built_loss,8.76232980674409,0.45634277447888877,0.18402518460482215
20,6,000000000000000000f0,built_loss,15.024860728157602,0.7216402800818308,0.27251604289311016
20,6,000000000000000000f8,built_loss,15.030033239327613,0.42836952135344963,0.16412440193213157
20,6,0000000000000000011c,built_loss,5.958156113390407,0.7039896821941415,0.12696046715591425
20,6,00000000000000000161,built_loss,13.042813264661909,0.6594225615074146,0.1911166066324489
20,6,0000000000000000016a,built_loss,5.436969724758448,0.22002315320864713,0.18752495447257778
20,6,000000000000000001a8,built_loss,16.48323266742977,0.4901492877807422,0.15385864573142088
20,6,000000000000000001be,built_loss,5.0677038889725,0.4480240666146212,0.28532259208074706
20,6,000000000000000001cd,built_loss,12.978776666978584,0.724145006220463,0.20394553284752037
20,6,000000000000000001e5,built_loss,9.817943701954517,0.5551339863146025,0.18594402662213644
20,6,00000000000000000206,built_loss,15.700426805600404,0.675641345548156,0.35100977655847354
20,6,00000000000000000209,built_loss,16.933275553986057,0.5574052495590406,0.18567054171166242
20,6,00000000000000000231,built_loss,15.481326240302415,0.5096450923596121,0.36313657188466597
20,6,0000000000000000026d,built_loss,14.893420208412643,0.5993981810330009,0.2049784360352065
20,6,00000000000000000278,built_loss,12.598345913017006,0.811485798480423,0.10813213938553445
20,6,00000000000000000293,built_loss,11.51691335142868,0.515048763679279,0.18130114145138304
20,6,000000000000000002a4,built_loss,6.371903223607707,0.440094161803993,0.11624015072330501
20,6,00000000000000000316,built_loss,1.6087447111915871,0.1281211216854083,0.07120453808247677
20,6,00000000000000000356,built_loss,13.921824062721557,0.5842842681371226,0.2866222548947413
20,6,00000000000000000362,built_loss,16.127384141444246,0.6015079603578161,0.18097655613042285
20,6,00000000000000000363,built_loss,14.141018930299325,0.22430406262436242,0.12372931855837974
20,6,00000000000000000364,built_loss,16.31250333607103,0.6477658577472803,0.21619957915806393
20,6,00000000000000000380,built_loss,12.551302069441924,0.5313542594031438,0.14562351205386093
20,6,00000000000000000384,built_loss,9.357095715190928,0.5989207353832368,0.13941005629057124
20,6,0000000000000000039e,built_loss,6.838369569313537,0.5178742836910509,0.17564180370341503
20,6,000000000000000003a1,built_loss,11.956093671160989,0.5739517547815014,0.15630673249883897
20,6,000000000000000003a5,built_loss,13.317340128131658,0.4860377742182133,0.20302995507946314
20,6,000000000000000003b7,built_loss,11.134268101190424,0.5120780315071849,0.1222159514474872
20,6,000000000000000003bf,built_loss,16.103309536480474,0.5558025554647267,0.17856056030261097
20,6,000000000000000003f8,built_loss,5.687630371176176,0.22848175695237916,0.07030994480226396
20,6,000000000000000003fa,built_loss,15.705988084581566,0.4298996054170078,0.1178439428056845
20,6,00000000000000000407,built_loss,14.630878180648269,0.5187759751120296,0.15379304240703745
20,6,0000000000000000040f,built_loss,16.671190146017167,0.5481001997163231,0.04294645758851734
20,6,00000000000000000426,built_loss,9.590257205003384,0.5414129400433929,0.1829119574966807
20,6,0000000000000000042b,built_loss,15.322940607909795,0.6251944590740551,0.11349017323828992
20,6,00000000000000000442,built_loss,3.4330436469056638,0.2923254543928765,0.31757978415620236
20,6,00000000000000000465,built_loss,17.27668608921645,0.6311506543632547,0.15490034616558357
20,6,0000000000000000047e,built_loss,10.739758801765765,0.6045025213572707,0.16584215002974023
20,6,000000000000000004c0,built_loss,12.189786382439184,0.6345213687824937,0.11287610602640841
20,6,000000000000000004c5,built_loss,7.862088068059539,0.6096028804203222,0.18156628868599844
20,6,000000000000000004d9,built_loss,17.614435620419865,0.5597254327007397,0.12367906383205995
20,6,000000000000000004eb,built_loss,17.417439319681126,0.46597081660396417,0.17913506687434017
20,6,000000000000000004f5,built_loss,7.081764146714154,0.4804295865206574,0.15082415372126007
20,6,000000000000000004f7,built_loss,6.795833586601877,0.47139001151402943,0.08288128445920295
20,6,000000000000000004fe,built_loss,11.2918200718583,0.4739027401197894,0.13307379417724863
20,6,0000000000000000051d,built_loss,13.302525588373129,0.5210205495725048,0.4170939488914039
20,6,00000000000000000559,built_loss,13.648731981572187,0.7016533892226032,0.19641335427189732
20,6,00000000000000000576,built_loss,5.765770924903158,0.30705841764857716,0.13000902237849368
20,6,00000000000000000577,built_loss,7.4629604979711015,0.4472218449334891,0.19174173547203294
20,6,0000000000000000057f,built_loss,1.9934181558667745,0.42843313097177765,0.17372837817995385
20,6,00000000000000000594,built_loss,13.682975343987243,0.6359564483676223,0.26600395719195535
20,6,000000000000000005bf,built_loss,11.458610407624338,0.43687093889385337,0.1538132625794899
20,6,000000000000000005cc,built_loss,7.933114347780326,0.3283373749747517,0.09317097634453236
20,6,000000000000000005de,built_loss,14.131675677316082,0.46513659037443217,0.09510027158521983
20,6,000000000000000005e7,built_loss,13.486009254935622,0.5937759003991939,0.2953292739958941
20,6,000000000000000005f9,built_loss,10.315243178320557,0.7017107915211261,0.1980104501858717
20,6,0000000000000000061c,built_loss,13.81433159287318,0.3868797970561475,0.07099458423491123
20,6,00000000000000000626,built_loss,14.885658506630747,0.4801494621453574,0.10495628636283172
20,6,0000000000000000062a,built_loss,15.76414981771342,0.5769237989569461,0.1833210656806975
20,6,00000000000000000636,built_loss,12.867574136691507,0.4100564927694285,0.43792910562961695
20,6,0000000000000000064a,built_loss,3.1245951540640484,0.3166618155599263,0.07416777082351311
20,6,0000000000000000064d,built_loss,9.493733760006059,0.4355658319002875,0.1792874059881831
20,6,00000000000000000694,built_loss,11.128765184955183,0.364847787973621,0.10620991678541042
20,6,0000000000000000069d,built_loss,15.02150754155749,0.6534495424987825,0.1572891760157059
20,6,000000000000000006b7,built_loss,12.226901817121687,0.47388538660555174,0.14919196954938002
20,6,000000000000000006df,built_loss,10.376611165353163,0.3756351228805255,0.2926935276840934
20,6,000000000000000006e3,built_loss,10.214215343374905,0.3456587126598797,0.1166164822229977
20,6,00000000000000000011,crop_loss,13.128960509419562,0.7798001965244028,0.4897472930301534
20,6,0000000000000000002b,crop_loss,19.31866560039067,0.1934578677380802,0.17329208922953887
20,6,0000000000000000003a,crop_loss,12.96966985736052,0.272500633490597,0.11882260632138184
20,6,0000000000000000009b,crop_loss,9.829532654715967,0.498819034798282,0.04169966627387639
20,6,000000000000000000a8,crop_loss,13.190281946766882,0.21867454340763956,0.1067312590720065
20,6,000000000000000000da,crop_loss,14.976578406833568,0.7359060374059663,0.09653883570048283
20,6,000000000000000000e3,crop_loss,16.952607738304913,0.5325565315211033,0.2651926791259462
20,6,000000000000000000e9,crop_loss,3.8335441252045444,0.36573942642291346,0.2135223028311658
20,6,0000000000000000011b,crop_loss,17.407184958279476,0.5105169764825176,0.0993716388355611
20,6,00000000000000000128,crop_loss,13.715928634137128,0.5609168753127927,0.1033408969427334
20,6,0000000000000000016c,crop_loss,16.903951671931218,0.503637208585854,0.2967698454272851
20,6,00000000000000000196,crop_loss,12.672158411512282,0.21326492633618033,0.11293079688017152
20,6,000000000000000001a6,crop_loss,14.703955330282959,0.19476895576398953,0.2048648777979293
20,6,000000000000000001e4,crop_loss,11.531235727588555,0.46221250181579615,0.11961008559532943
20,6,000000000000000001f9,crop_loss,13.591583686691308,0.4946360863641945,0.47689772438885064
20,6,00000000000000000228,crop_loss,13.92480818136687,0.4519568343626107,0.5281870598679765
20,6,0000000000000000028c,crop_loss,3.6156804822808235,0.286804246782011,0.1265534852956534
20,6,0000000000000000028d,crop_loss,13.876575058068322,0.677229523612802,0.14412729106322242
20,6,00000000000000000291,crop_loss,10.17522869932565,0.8712626549493814,0.0692237731755121
20,6,000000000000000002c5,crop_loss,14.239934831922893,0.3793095731305654,0.25141508309615546
20,6,000000000000000002cc,crop_loss,11.245171924859815,0.5209102760156203,0.34602281114643324
20,6,000000000000000002dc,crop_loss,18.640276455023088,0.5615945222318072,0.25121961132854
20,6,000000000000000002e4,crop_loss,16.246826051703586,0.2743842768922677,0.21565754886332372
20,6,000000000000000002ec,crop_loss,18.690479751791603,0.5008964598218533,0.2014981050591802
20,6,00000000000000000314,crop_loss,14.743197242623074,0.05605186368825289,0.08189510108541062
20,6,00000000000000000335,crop_loss,16.37230112830585,0.4189231496567333,0.13440107375107663
20,6,0000000000000000033a,crop_loss,14.907053612958979,0.5007511939570038,0.1263538761836887
20,6,000000000000000003b0,crop_loss,17.36746661264286,0.1674767732922593,0.16102750904563295
20,6,000000000000000003f1,crop_loss,16.49200806164915,0.4667686971529428,0.17238224949566106
20,6,000000000000000003f2,crop_loss,16.071706951991327,0.4000896518755413,0.135973008661246
20,6,0000000000000000044b,crop_loss,8.562236756585609,0.5706636043275046,0.12038853877470168
20,6,00000000000000000480,crop_loss,10.97339433141034,0.8403362045974531,0.32030094961639033
20,6,00000000000000000485,crop_loss,14.19618355709099,0.7480047115758327,0.06305008790653766
20,6,00000000000000000497,crop_loss,16.92520562588178,0.1722829122671581,0.12640464547932725
20,6,0000000000000000049b,crop_loss,13.687462079715361,0.3347490859737017,0.07460367427106857
20,6,000000000000000004a1,crop_loss,14.419168235388339,0.31992663904390756,0.12347596627353635
20,6,000000000000000004e7,crop_loss,14.104591320361186,0.5214597506601181,0.08076797491105936
20,6,000000000000000004e9,crop_loss,11.655085066173989,0.43842051855448116,0.2654593736983978
20,6,000000000000000004f9,crop_loss,14.873808233533616,0.5070599846580157,0.3598166688197888
20,6,00000000000000000517,crop_loss,11.507948524002622,0.2054598009113884,0.21052940623130248
20,6,00000000000000000538,crop_loss,1.0566467460058377,0.2894829789844015,0.16061352184181865
20,6,0000000000000000057e,crop_loss,4.509943855830643,0.5031105043949576,0.08106106080408826
20,6,000000000000000005d1,crop_loss,8.834358139564499,0.1735974960335113,0.18678547287795566
20,6,00000000000000000632,crop_loss,10.046915611244408,0.08329161766393701,0.05384358885958942
20,6,0000000000000000063e,crop_loss,14.679143525672226,0.2791055158963819,0.09641158621676049
20,6,00000000000000000655,crop_loss,13.069940509012243,0.43632840867915196,0.31693658614302367
20,6,00000000000000000697,crop_loss,16.272527857177035,0.5906533138187339,0.1406145513003414
20,6,00000000000000000698,crop_loss,12.876084541467767,0.37931620379863645,0.1765168800060733
20,6,000000000000000006a8,crop_loss,15.722940573923806,0.25703492283813095,0.1319575135339687
20,6,000000000000000006b4,crop_loss,16.44562003480312,0.5683191388090505,0.2563169381081838
20,6,000000000000000006be,crop_loss,14.21617218332572,0.37449143547024943,0.20498774946575032
20,6,000000000000000006c0,crop_loss,2.3264955767707423,0.17585511948856644,0.1310842941636918
20,6,000000000000000006cc,crop_loss,13.375499855950926,0.31702516841083384,0.11887383529704365
20,6,000000000000000006ce,crop_loss,8.71632679601551,0.6806025830301872,0.26444916878534974
20,6,000000000000000006d9,crop_loss,17.809806191805375,0.1680567213364729,0.16796628704720457
20,6,000000000000000006e5,crop_loss,14.845299927680353,0.5926144978725885,0.19281669649108046
20,6,00000000000000000151,built_loss,3.9932195360687865,0.2218072720404541,0.09527885375711442
20,6,0000000000000000034d,built_loss,4.529461543619752,0.38321808541932484,0.06942217832921332
20,6,000000000000000003c7,crop_loss,13.12412551696757,0.7946544133759846,0.13725387292644997
20,6,00000000000000000176,built_loss,16.181704930532312,0.6696353207184226,0.16108646268296634
20,6,000000000000000003d2,built_loss,17.78320740412564,0.5866853585737901,0.20050236817354627
20,6,00000000000000000490,built_loss,13.766306180922266,0.625230274055286,0.21469278405152037
20,6,000000000000000005ad,built_loss,17.416106128840873,0.5580300563301714,0.3018729521132659
20,6,00000000000000000624,built_loss,4.29228248759432,0.5630874924596693,0.1808895819700309
20,6,0000000000000000002d,crop_loss,14.378139724259722,0.4719368947928385,0.23082551601927492
20,6,0000000000000000009d,crop_loss,5.857109445314022,0.41805674607546434,0.17918900207238259
20,6,00000000000000000192,crop_loss,13.766087527137671,0.5586182483554601,0.051786258754145886
20,6,000000000000000003c8,crop_loss,14.583487493826896,0.2385165453326219,0.17102493658989518
20,6,0000000000000000046c,crop_loss,16.01919658087077,0.4433244309628908,0.23106894796608296
20,6,00000000000000000483,crop_loss,8.991414824997312,0.686469024197709,0.2661091566469763
20,6,000000000000000004ee,crop_loss,16.042236571244082,0.38875801011642114,0.33041290868938866
20,6,00000000000000000611,crop_loss,16.057905118659622,0.687872572550522,0.15099189060724416
20,6,0000000000000000062f,crop_loss,15.825486439009373,0.6983677977254681,0.23157191446295922
20,7,00000000000000000085,built_loss,8.736607565198803,0.3836584454520125,0.19952051506579888
20,7,00000000000000000114,built_loss,13.071886441819927,0.6670303331824899,0.19793895929465033
20,7,0000000000000000024c,built_loss,10.032745734113925,0.7580174832174046,0.09401978234812525
20,7,00000000000000000375,built_loss,12.900993076536388,0.6202013575938269,0.1502676665181476
20,7,000000000000000004d2,built_loss,15.067287839761239,0.4483175399187224,0.5214472009231433
20,7,000000000000000005bd,built_loss,4.343148619914267,0.6840534519672159,0.22261048135467432
20,7,00000000000000000281,crop_loss,14.016149197982354,0.5492640671346355,0.12589431255308747
20,7,000000000000000003a2,crop_loss,12.837613148861964,0.30423768210920704,0.24550148697520352
20,7,00000000000000000001,built_loss,14.943923494608562,0.47113894615440716,0.19152883456127323
20,7,00000000000000000049,built_loss,5.693265428847617,0.4669003009238035,0.17014128357173836
20,7,0000000000000000004a,built_loss,7.892489714787046,0.4136721109695723,0.08035808589907051
20,7,0000000000000000004f,built_loss,13.416598833217389,0.5161597711415999,0.26877435191616444
20,7,0000000000000000005a,built_loss,16.2820702319099,0.43521789956712026,0.08794908985146882
20,7,00000000000000000079,built_loss,13.880307939123304,0.6205196649604474,0.11021310490431602
20,7,00000000000000000087,built_loss,17.995101740101152,0.687531793576653,0.29400691932445905
20,7,000000000000000000a1,built_loss,5.839384340586136,0.4404707094764642,0.11338779515761743
20,7,000000000000000000b8,built_loss,7.867492925617537,0.519993013148762,0.2304293007585948
20,7,000000000000000000c0,built_loss,15.453891401910935,0.6367738963645139,0.16852752802872195
20,7,000000000000000000e2,built_loss,11.476409679118202,0.35125008024929755,0.1875854472008905
20,7,000000000000000000f0,built_loss,11.79136326751285,0.7551886166378942,0.22231621379907207
20,7,000000000000000000f8,built_loss,11.928405209943785,0.5072196097796816,0.15824419736460565
20,7,0000000000000000011c,built_loss,4.104383709923451,0.7165283313224264,0.08865118910986325
20,7,00000000000000000161,built_loss,16.742084066123454,0.6046221046731287,0.0944513492785114
20,7,0000000000000000016a,built_loss,7.999340298543712,0.24684267045960548,0.12384327864766284
20,7,000000000000000001a8,built_loss,16.354723876661236,0.6203981028756778,0.1537479768944584
20,7,000000000000000001be,built_loss,5.31220128724394,0.5551322255014157,0.20181565394731427
20,7,000000000000000001cd,built_loss,15.84596663427024,0.5907426796503185,0.1948427427085302
20,7,000000000000000001e5,built_loss,9.68021137773462,0.6436885045878863,0.22152552086687788
20,7,00000000000000000206,built_loss,14.854663540837786,0.6722354823207304,0.3952564559431237
20,7,00000000000000000209,built_loss,16.643521023892074,0.5627525879434747,0.19370292611751988
20,7,00000000000000000231,built_loss,17.800314163675605,0.5063543123829773,0.20391210427123369
20,7,0000000000000000026d,built_loss,10.948145102683615,0.5449389329373628,0.17272086206789067
20,7,00000000000000000278,built_loss,13.55561996882906,0.751545056545364,0.1665278505808695
20,7,00000000000000000293,built_loss,13.408967517680008,0.4656391896598332,0.18644361004506077
20,7,000000000000000002a4,built_loss,7.392786858618166,0.39161685443536454,0.187594516168351
20,7,00000000000000000316,built_loss,1.9163639119916003,0.12059327412936807,0.08312844586647092
20,7,00000000000000000356,built_loss,15.63113980636425,0.529563335748881,0.26578116376521244
20,7,00000000000000000362,built_loss,15.911206944998321,0.550277790740839,0.12322921556232569
20,7,00000000000000000363,built_loss,12.493669260866357,0.23067966734576018,0.1174406636231358
20,7,00000000000000000364,built_loss,16.011496271931286,0.636300516560322,0.23983936766742908
20,7,00000000000000000380,built_loss,12.514577081916741,0.5376157960991641,0.14142001592077313
20,7,00000000000000000384,built_loss,10.918821244240704,0.5679499388120807,0.107238486929212
20,7,0000000000000000039e,built_loss,7.930738623532715,0.5317851128411686,0.10541310225478179
20,7,000000000000000003a1,built_loss,9.966328324794397,0.6846014972057102,0.1363818130338319
20,7,000000000000000003a5,built_loss,13.417868340585489,0.49011521317413564,0.19682457538350734
20,7,000000000000000003b7,built_loss,8.290429163890174,0.5205483702245141,0.12277364376606326
20,7,000000000000000003bf,built_loss,16.499206589881737,0.5308863617294051,0.1131947453090118
20,7,000000000000000003f8,built_loss,6.517808279063819,0.24368281629593186,0.08594050691247948
20,7,000000000000000003fa,built_loss,12.815485666673913,0.427758010625397,0.13561859213411803
20,7,00000000000000000407,built_loss,13.595984432447652,0.5304805469694381,0.13496152946632645
20,7,0000000000000000040f,built_loss,15.069217897691448,0.5163397614064207,0.08348695867750477
20,7,00000000000000000426,built_loss,15.545030105731305,0.5907028497516186,0.14643139724775156
20,7,0000000000000000042b,built_loss,14.117283662819816,0.5990039932012733,0.14474943342317081
20,7,00000000000000000442,built_loss,4.488282474178783,0.6094326459751295,0.4898138902879005
20,7,00000000000000000465,built_loss,14.23870933254065,0.6242754762690936,0.18458979974684653
20,7,0000000000000000047e,built_loss,14.393907485169455,0.49435123304462714,0.10103038098950334
20,7,000000000000000004c0,built_loss,13.69980898818688,0.620396063866057,0.08992158352248214
20,7,000000000000000004c5,built_loss,6.701653390819965,0.6492956308283935,0.15709259232305783
20,7,000000000000000004d9,built_loss,16.94260764716032,0.5067004672375568,0.13305989951607694
20,7,000000000000000004eb,built_loss,15.074497838492832,0.4525419817146187,0.10572131588097955
20,7,000000000000000004f5,built_loss,6.130381945639423,0.5211754968550517,0.2587296782476576
20,7,000000000000000004f7,built_loss,7.058541772165406,0.4672799305470811,0.08746486998810438
20,7,000000000000000004fe,built_loss,10.032547863688523,0.4847553578258835,0.10282684589916452
20,7,0000000000000000051d,built_loss,12.760312610116856,0.4855922069858448,0.25040314193893093
20,7,00000000000000000559,built_loss,16.57053706044977,0.577352081499419,0.27743817416683075
20,7,00000000000000000576,built_loss,6.105493785374392,0.28286813950667355,0.11599152462260301
20,7,00000000000000000577,built_loss,6.982442389903692,0.5615950885483647,0.24790999855765028
20,7,0000000000000000057f,built_loss,2.3318157633079126,0.46783503316206076,0.22841139562719365
20,7,00000000000000000594,built_loss,11.353759344419354,0.6888506960561404,0.2888563740703044
20,7,000000000000000005bf,built_loss,11.873247636851072,0.4130895197776579,0.155325351041123
20,7,000000000000000005cc,built_loss,7.572853032153823,0.3710712517022234,0.09476264249766159
20,7,000000000000000005de,built_loss,13.401136494800177,0.46801227632544184,0.12587739622370048
20,7,000000000000000005e7,built_loss,13.599639701288117,0.6317618965411801,0.199512252394609
20,7,000000000000000005f9,built_loss,9.479444167965557,0.7127970644856089,0.1872370641222526
20,7,0000000000000000061c,built_loss,13.204611420259695,0.4469224982290023,0.1373478313435506
20,7,00000000000000000626,built_loss,15.231369786454948,0.5063577438740944,0.11584450263898738
20,7,0000000000000000062a,built_loss,15.050246929002583,0.5159821623453632,0.11420050531266368
20,7,00000000000000000636,built_loss,12.32455248228659,0.4308090275313364,0.45157645451588824
20,7,0000000000000000064a,built_loss,2.960795178963087,0.31316324292175735,0.12300127767730096
20,7,0000000000000000064d,built_loss,9.24453497542365,0.4316869917373024,0.16441758870479795
20,7,00000000000000000694,built_loss,14.717414944535356,0.368146543630294,0.07509171027840028
20,7,0000000000000000069d,built_loss,16.051923986132035,0.6278292411938177,0.1215497542768027
20,7,000000000000000006b7,built_loss,12.14134904276978,0.46899413148325736,0.1359345287606089
20,7,000000000000000006df,built_loss,10.054438658263471,0.21111812522909176,0.1349590316949121
20,7,000000000000000006e3,built_loss,15.04585135325987,0.4524281147172782,0.2255564391444594
20,7,00000000000000000011,crop_loss,17.716287472865183,0.4348091475128848,0.5438377047364346
20,7,0000000000000000002b,crop_loss,16.306299540876914,0.1409470739199257,0.2040728192902743
20,7,0000000000000000003a,crop_loss,16.448412237628247,0.26739909931605116,0.11162819634104107
20,7,0000000000000000009b,crop_loss,7.586035216349105,0.49927571044439933,0.028358152104567713
20,7,000000000000000000a8,crop_loss,13.223682499476315,0.22080243812332723,0.06802321665083749
20,7,000000000000000000da,crop_loss,12.43241235621527,0.6977981544852818,0.15467333398593375
20,7,000000000000000000e3,crop_loss,17.112014810962275,0.49489046523966335,0.21252505613608041
20,7,000000000000000000e9,crop_loss,4.130281045639066,0.51072182669055,0.24630505102061478
20,7,0000000000000000011b,crop_loss,11.911544081911499,0.4970983755406695,0.1550785566012322
20,7,00000000000000000128,crop_loss,13.718382660368894,0.5365738254837241,0.09798133648405627
20,7,0000000000000000016c,crop_loss,15.865871865693265,0.46005526159526106,0.17772064195285409
20,7,00000000000000000196,crop_loss,11.003534054696923,0.24526700213501074,0.13175670011786972
20,7,000000000000000001a6,crop_loss,13.529097987744894,0.24711929119114392,0.2038923244420001
20,7,000000000000000001e4,crop_loss,15.28198595265545,0.4935392819921102,0.08258499246819712
20,7,000000000000000001f9,crop_loss,14.09860106587638,0.5883321671084406,0.44819637766781445
20,7,00000000000000000228,crop_loss,13.706936116149611,0.4566581998824814,0.2825783236152094
20,7,0000000000000000028c,crop_loss,3.848028471699352,0.31838277813222127,0.14513234742838724
20,7,0000000000000000028d,crop_loss,17.019644188462298,0.6027934213908108,0.18437557624792866
20,7,00000000000000000291,crop_loss,7.667185266902572,0.8959281309248427,0.03946025699928002
20,7,000000000000000002c5,crop_loss,12.664859902672982,0.3655345242508873,0.15312679714626287
20,7,000000000000000002cc,crop_loss,12.311663422665065,0.3714899146308836,0.37823501611101223
20,7,000000000000000002dc,crop_loss,16.675936893335958,0.6191466264899915,0.14031988042731502
20,7,000000000000000002e4,crop_loss,14.762323988301421,0.3002177066530032,0.29188325424085815
20,7,000000000000000002ec,crop_loss,16.813694416687767,0.5379316818771394,0.19136210623549832
20,7,00000000000000000314,crop_loss,14.49032368277095,0.10235594161735315,0.10882659895699998
20,7,00000000000000000335,crop_loss,14.70076556028933,0.4945519442514986,0.20731279677031772
20,7,0000000000000000033a,crop_loss,17.46812523865774,0.5146784408019155,0.13085757279286703
20,7,000000000000000003b0,crop_loss,16.618936246746888,0.15969955936686117,0.21701223468907033
20,7,000000000000000003f1,crop_loss,17.904008460163794,0.36886446782335564,0.11115656523856166
20,7,000000000000000003f2,crop_loss,13.836611104842373,0.5140478686826409,0.18537237835080278
20,7,0000000000000000044b,crop_loss,9.238699219532547,0.5421326781228546,0.09716829598131721
20,7,00000000000000000480,crop_loss,6.290428721927391,0.8747965866870856,0.43052363951704964
20,7,00000000000000000485,crop_loss,12.44348294592897,0.7169595406511583,0.09300411304939993
20,7,00000000000000000497,crop_loss,16.169572547102273,0.17791171539183134,0.1429307170553889
20,7,0000000000000000049b,crop_loss,13.43859251391493,0.315043209940901,0.10066584662334682
20,7,000000000000000004a1,crop_loss,16.012975218689746,0.40812960222434613,0.16710505648039214
20,7,000000000000000004e7,crop_loss,10.494474119519468,0.49979588621273763,0.08177959785075717
20,7,000000000000000004e9,crop_loss,6.832728617302716,0.42204152416183743,0.39612771937009894
20,7,000000000000000004f9,crop_loss,13.094004932358171,0.5016943579787247,0.2749595662743257
20,7,00000000000000000517,crop_loss,10.472961381720815,0.33356562897018827,0.44102331640507475
20,7,00000000000000000538,crop_loss,1.0499727376812595,0.30077765693819025,0.058865820961004234
20,7,0000000000000000057e,crop_loss,4.2128220496552915,0.5557749740884167,0.08378977735154636
20,7,000000000000000005d1,crop_loss,12.150811649572903,0.18090674141223556,0.07823734563436877
20,7,00000000000000000632,crop_loss,10.60594145828692,0.06600319182149542,0.10216654684242552
20,7,0000000000000000063e,crop_loss,17.401788845900352,0.2867722180569493,0.1426353617452964
20,7,00000000000000000655,crop_loss,14.080689564270331,0.4745416880852889,0.48389930918986196
20,7,00000000000000000697,crop_loss,16.92594597855192,0.5690982158454877,0.15087304234607823
20,7,00000000000000000698,crop_loss,9.947950301240832,0.44107783522001126,0.1019650473917989
20,7,000000000000000006a8,crop_loss,15.296827117187176,0.2782913293355142,0.23311182474637065
20,7,000000000000000006b4,crop_loss,13.485817536653995,0.5686644556510843,0.28346268911679434
20,7,000000000000000006be,crop_loss,8.825385211430987,0.44139124747853803,0.1470734046651584
20,7,000000000000000006c0,crop_loss,2.601546290113905,0.20073287261088543,0.13691256284598752
20,7,000000000000000006cc,crop_loss,11.812653250716673,0.3638073358173309,0.15723900392360685
20,7,000000000000000006ce,crop_loss,12.460227486510842,0.5725684849794418,0.2393523966898966
20,7,000000000000000006d9,crop_loss,14.084494035909515,0.25703540591897195,0.13589663194522839
20,7,000000000000000006e5,crop_loss,17.555328159602755,0.5468218350472583,0.20978503283528815
20,7,00000000000000000151,built_loss,4.951931190157234,0.23226577722135602,0.10406167714924977
20,7,0000000000000000034d,built_loss,4.777943078511431,0.3930937282745319,0.09365766876381032
20,7,000000000000000003c7,crop_loss,15.077351045481803,0.7717125472561296,0.14323894515510593
20,7,00000000000000000176,built_loss,11.62131165607381,0.6544037311852772,0.09250566597191123
20,7,000000000000000003d2,built_loss,14.409548423616197,0.6054924181729457,0.2445493995146666
20,7,00000000000000000490,built_loss,13.674501905624604,0.5852199859043189,0.14436379959516432
20,7,000000000000000005ad,built_loss,14.974390397668687,0.659087564278878,0.2468417274259761
20,7,00000000000000000624,built_loss,3.857216503007623,0.4408520268925773,0.19758667981480804
20,7,0000000000000000002d,crop_loss,13.545438344923566,0.5295990162353186,0.20441208678618683
20,7,0000000000000000009d,crop_loss,5.071216117299998,0.36624030994622647,0.1391672689830003
20,7,00000000000000000192,crop_loss,17.49256746991314,0.5798725793917121,0.07963811323556957
20,7,000000000000000003c8,crop_loss,13.757581049727593,0.15337020137385177,0.10703007278512318
20,7,0000000000000000046c,crop_loss,15.79481535284351,0.5249029323766949,0.195278847021163
20,7,00000000000000000483,crop_loss,7.894102232842851,0.7384690261427651,0.21837407958591737
20,7,000000000000000004ee,crop_loss,11.257944021492035,0.33732530076219996,0.40392187339663965
20,7,00000000000000000611,crop_loss,14.856654767746024,0.6381914780969135,0.13167192475924117
20,7,0000000000000000062f,crop_loss,15.921632348032121,0.4510843067799947,0.44223243898435266
30,0,00000000000000000085,built_loss,10.096791225674645,0.4165297410575065,0.14534942697606268
30,0,00000000000000000114,built_loss,16.092691070621914,0.7064028172975705,0.12859733999165546
30,0,0000000000000000024c,built_loss,14.020316136589036,0.7031561599205222,0.1420011811520162
30,0,00000000000000000375,built_loss,16.00931583616799,0.593978317489849,0.17181254276979718
30,0,000000000000000004d2,built_loss,14.909374873571329,0.43766469993341384,0.36136008660795993
30,0,000000000000000005bd,built_loss,4.344514048931644,0.5427044061330875,0.16432076582313349
30,0,00000000000000000281,crop_loss,21.426354782975594,0.5289047421302759,0.1047592232619407
30,0,000000000000000003a2,crop_loss,18.702620622874235,0.4077698021380203,0.14119743221257935
30,0,00000000000000000001,built_loss,16.82608998844424,0.4812674316888274,0.1643589170959588
30,0,00000000000000000049,built_loss,4.701987273773399,0.4703315315029769,0.0678443306123167
30,0,0000000000000000004a,built_loss,8.464250487470315,0.43556987633903543,0.057436277612931796
30,0,0000000000000000004f,built_loss,22.595382380307804,0.40943948412223397,0.18058557162817163
30,0,0000000000000000005a,built_loss,16.33763541600794,0.4434503088519891,0.0724122536989758
30,0,00000000000000000079,built_loss,22.900197649312634,0.654087594255742,0.0924877465916597
30,0,00000000000000000087,built_loss,23.298868895525093,0.6467795735428534,0.2666053119434603
30,0,000000000000000000a1,built_loss,6.559511780280017,0.39331950703816,0.14501144225695578
30,0,000000000000000000b8,built_loss,7.85895696136481,0.4945110142239016,0.2065901666524212
30,0,000000000000000000c0,built_loss,17.657139178777367,0.619996930251727,0.11293927544524807
30,0,000000000000000000e2,built_loss,11.360303732351266,0.3337945530983268,0.154381361657686
30,0,000000000000000000f0,built_loss,22.191613849151558,0.6178849163182801,0.31589397374239625
30,0,000000000000000000f8,built_loss,15.14377612319952,0.5455178684347618,0.11759525184977193
30,0,0000000000000000011c,built_loss,9.006438481087867,0.7087587424318458,0.1432323077936305
30,0,00000000000000000161,built_loss,22.410732205767875,0.6526430578430293,0.177917028098171
30,0,0000000000000000016a,built_loss,8.173550323503012,0.23990387502535418,0.1287205379747056
30,0,000000000000000001a8,built_loss,20.769564776148954,0.5880205321084179,0.17996906720700795
30,0,000000000000000001be,built_loss,4.801063726675895,0.5534553750554135,0.20255249105201684
30,0,000000000000000001cd,built_loss,20.6973298368496,0.8335173969007679,0.11873741317021336
30,0,000000000000000001e5,built_loss,14.618695411555866,0.5616317847326723,0.15743627823769601
30,0,00000000000000000206,built_loss,19.836526283108896,0.7277361716165317,0.1116815036512212
30,0,00000000000000000209,built_loss,22.275868157695044,0.6145630722946551,0.1323450652841034
30,0,00000000000000000231,built_loss,20.29234621667124,0.5750150019346788,0.09498154623335198
30,0,0000000000000000026d,built_loss,19.42063646039014,0.6126928590512045,0.17552017027482358
30,0,00000000000000000278,built_loss,19.144281091766047,0.7331069243006182,0.12560479818578496
30,0,00000000000000000293,built_loss,16.830206630219017,0.40710709938858297,0.1349925104368308
30,0,000000000000000002a4,built_loss,7.2944678446834,0.3903702611575,0.12557434585300004
30,0,00000000000000000316,built_loss,1.899083890110614,0.1372896609020231,0.05386422716309956
30,0,00000000000000000356,built_loss,18.018832799318304,0.5227548620889724,0.30239277081528104
30,0,00000000000000000362,built_loss,23.086811591733138,0.5251998747634821,0.1329883637837902
30,0,00000000000000000363,built_loss,14.416255442516393,0.2862474737487462,0.12862317232557993
30,0,00000000000000000364,built_loss,23.110100288639007,0.6385376581756568,0.11621969197077364
30,0,00000000000000000380,built_loss,23.033302169880017,0.530916042459148,0.08946005181291722
30,0,00000000000000000384,built_loss,12.389407244374882,0.5653645606817291,0.10558539514542542
30,0,0000000000000000039e,built_loss,8.153774120129553,0.5066599145538523,0.10274388823715552
30,0,000000000000000003a1,built_loss,10.11787636890872,0.5902564137785238,0.13417665459027006
30,0,000000000000000003a5,built_loss,13.550513256198107,0.377080319714275,0.1368674460502462
30,0,000000000000000003b7,built_loss,8.021132339036548,0.5151324718213323,0.0628640643739044
30,0,000000000000000003bf,built_loss,22.628256463738104,0.49763429996278546,0.12275706923394197
30,0,000000000000000003f8,built_loss,5.987522099420198,0.24119670068853863,0.07244653146852623
30,0,000000000000000003fa,built_loss,23.9021700141842,0.4415458968119933,0.11712874571047144
30,0,00000000000000000407,built_loss,23.144883993075222,0.5445853063541951,0.1808314101758186
30,0,0000000000000000040f,built_loss,17.02659356557914,0.5089177303436965,0.040948285214834235
30,0,00000000000000000426,built_loss,16.60165298544037,0.563849822781504,0.10862345750345281
30,0,0000000000000000042b,built_loss,20.019503454418093,0.5957191839642051,0.1271035812577891
30,0,00000000000000000442,built_loss,3.679848924968949,0.33740651609955313,0.26654975213602944
30,0,00000000000000000465,built_loss,23.20168880311388,0.6662876145843364,0.1199627796272551
30,0,0000000000000000047e,built_loss,15.416365258086545,0.5059216943242391,0.11044714217569618
30,0,000000000000000004c0,built_loss,20.179818506276888,0.618656157009103,0.09193907114876276
30,0,000000000000000004c5,built_loss,10.343159395907028,0.6402917683079461,0.1418659624053099
30,0,000000000000000004d9,built_loss,22.494023647733197,0.5206861531641673,0.10415919786027433
30,0,000000000000000004eb,built_loss,20.490123507538833,0.4310658519251197,0.09138831660068292
30,0,000000000000000004f5,built_loss,6.975437531189276,0.4576617070058356,0.1337231265678685
30,0,000000000000000004f7,built_loss,7.410231979884501,0.472954441052915,0.0946457892202095
30,0,000000000000000004fe,built_loss,14.795002851913525,0.5182940335213523,0.07967793755187225
30,0,0000000000000000051d,built_loss,16.316940130190414,0.5321788108891329,0.2558039365935515
30,0,00000000000000000559,built_loss,16.623446051549074,0.6878966656667285,0.20087193425459304
30,0,00000000000000000576,built_loss,7.525662834625822,0.2484946340740094,0.11947715958709496
30,0,00000000000000000577,built_loss,8.205245849382662,0.5212024882082442,0.1815493663422137
30,0,0000000000000000057f,built_loss,2.2648218222880123,0.3961751466326898,0.13793623433265068
30,0,00000000000000000594,built_loss,10.829201070617986,0.46461671645537794,0.2938214518733646
30,0,000000000000000005bf,built_loss,18.063361921888692,0.3942883752155842,0.11424653012560004
30,0,000000000000000005cc,built_loss,10.390580474077263,0.36501698727501214,0.07989123039673873
30,0,000000000000000005de,built_loss,17.56045734231639,0.44361016719004576,0.061789097707791785
30,0,000000000000000005e7,built_loss,22.79700350286329,0.5532764131871849,0.2463493892391838
30,0,000000000000000005f9,built_loss,9.683186538891379,0.6612183302260123,0.1777942726057704
30,0,0000000000000000061c,built_loss,13.01799566826163,0.389764848958346,0.1588987476257473
30,0,00000000000000000626,built_loss,13.699855721170975,0.49044214135342296,0.07203775011132324
30,0,0000000000000000062a,built_loss,21.659314608544992,0.5440641930748648,0.17100210751566514
30,0,00000000000000000636,built_loss,15.980417192929217,0.5022558996566217,0.27361831953496024
30,0,0000000000000000064a,built_loss,3.3447119444353954,0.2948140498115946,0.10092555521051871
30,0,0000000000000000064d,built_loss,10.239126195888218,0.4211746721027341,0.13095886752812713
30,0,00000000000000000694,built_loss,17.724392457035904,0.37164331870796025,0.05971747931362914
30,0,0000000000000000069d,built_loss,21.075594028901396,0.6555158711039575,0.11432427447470206
30,0,000000000000000006b7,built_loss,16.154834100871533,0.46343475018170965,0.10093110050699272
30,0,000000000000000006df,built_loss,12.334397644720859,0.1802082203069513,0.18476233880036744
30,0,000000000000000006e3,built_loss,18.92127106646702,0.4238890919067992,0.16189983324530022
30,0,00000000000000000011,crop_loss,19.940768227151583,0.863216797586976,0.2059990501331529
30,0,0000000000000000002b,crop_loss,21.106312187901548,0.20462575214001952,0.19752797973674432
30,0,0000000000000000003a,crop_loss,19.916238093376244,0.2598687455923362,0.13028630590765924
30,0,0000000000000000009b,crop_loss,12.869621587590684,0.5012376598946413,0.02718513434270331
30,0,000000000000000000a8,crop_loss,16.03947458767496,0.21278555096075455,0.0851875711218038
30,0,000000000000000000da,crop_loss,15.793883861824257,0.7768054308089615,0.09200242505181377
30,0,000000000000000000e3,crop_loss,23.299963057213958,0.5116490790988805,0.14969947267014067
30,0,000000000000000000e9,crop_loss,5.66089578662022,0.42616666584829843,0.18532584041986727
30,0,0000000000000000011b,crop_loss,17.385703660099445,0.5026239635318815,0.1072797066520908
30,0,00000000000000000128,crop_loss,19.234323448872818,0.532107546859358,0.04383309991305695
30,0,0000000000000000016c,crop_loss,20.500414771979234,0.49259040064776943,0.15774063978455016
30,0,00000000000000000196,crop_loss,17.035135039985516,0.2567054826865567,0.11365479619178467
30,0,000000000000000001a6,crop_loss,20.84265117862539,0.3188949618689865,0.12696474955115195
30,0,000000000000000001e4,crop_loss,22.29822233827631,0.5390524550247204,0.1369001350175692
30,0,000000000000000001f9,crop_loss,21.78616654524308,0.5220176885552397,0.28909284377182065
30,0,00000000000000000228,crop_loss,21.21107681738966,0.48562454015690665,0.36607829922769575
30,0,0000000000000000028c,crop_loss,4.034707923855419,0.34915480319862907,0.13059154000768575
30,0,0000000000000000028d,crop_loss,18.67913850543702,0.6896983201544474,0.10325719732175631
30,0,00000000000000000291,crop_loss,12.768806648028637,0.8637527542262294,0.07305683021635367
30,0,000000000000000002c5,crop_loss,18.09337277544388,0.3200048775713871,0.23695450304184687
30,0,000000000000000002cc,crop_loss,12.849288899562191,0.36747419393242875,0.31085457093734614
30,0,000000000000000002dc,crop_loss,23.22892458515573,0.6315723847473627,0.1532042768907974
30,0,000000000000000002e4,crop_loss,22.867328652390537,0.32387960927342335,0.1811236096571856
30,0,000000000000000002ec,crop_loss,20.094371706637343,0.5303763551572609,0.20372869050038162
30,0,00000000000000000314,crop_loss,18.373869111589265,0.11928929719903757,0.14895313147274802
30,0,00000000000000000335,crop_loss,23.168848032474305,0.41071053947969405,0.1630577544860634
30,0,0000000000000000033a,crop_loss,16.405595408186624,0.519635980070906,0.12123388291556852
30,0,000000000000000003b0,crop_loss,19.256287524909563,0.23354099183588897,0.20640016722806656
30,0,000000000000000003f1,crop_loss,22.734449561347375,0.4330850687832832,0.15946049736988505
30,0,000000000000000003f2,crop_loss,21.81137399454453,0.43700518236669855,0.10509454694104914
30,0,0000000000000000044b,crop_loss,11.603937290884785,0.5779545378977874,0.10854859336176192
30,0,00000000000000000480,crop_loss,5.916915399128231,0.8545055326958585,0.1334155260912181
30,0,00000000000000000485,crop_loss,17.888394439737436,0.6844067331365247,0.08702076665513392
30,0,00000000000000000497,crop_loss,19.339862951290645,0.24281637277892973,0.11210608542878495
30,0,0000000000000000049b,crop_loss,22.414420140128357,0.3334992763660026,0.079418481050403
30,0,000000000000000004a1,crop_loss,20.40447043449064,0.3507211694949751,0.15955808429875346
30,0,000000000000000004e7,crop_loss,15.143722393557933,0.4715033785353992,0.056560202249890223
30,0,000000000000000004e9,crop_loss,11.672179604679089,0.32952135338642763,0.2001275409335902
30,0,000000000000000004f9,crop_loss,17.84670075393673,0.5031106669434801,0.2790753802302923
30,0,00000000000000000517,crop_loss,17.104973189641026,0.3214729506805511,0.35048708300402653
30,0,00000000000000000538,crop_loss,1.0737204029133092,0.33426186774060257,0.06326153769215187
30,0,0000000000000000057e,crop_loss,5.006684206108624,0.4916253427164123,0.10600719560593669
30,0,000000000000000005d1,crop_loss,12.897702713579418,0.14327920159112018,0.08504236077694545
30,0,00000000000000000632,crop_loss,10.358023010430696,0.0725748083543526,0.038779310208521364
30,0,0000000000000000063e,crop_loss,20.676262874913164,0.31753533863376515,0.16748616356450963
30,0,00000000000000000655,crop_loss,22.514130426006183,0.45880974813981623,0.36444225326218516
30,0,00000000000000000697,crop_loss,24.242788758137397,0.6598649591474594,0.14224019069365634
30,0,00000000000000000698,crop_loss,14.733834042619328,0.4246314196152085,0.10087700167223246
30,0,000000000000000006a8,crop_loss,24.453088838708005,0.30947458772184194,0.13161591029813002
30,0,000000000000000006b4,crop_loss,23.321936603650823,0.46888516292144367,0.19356825245259385
30,0,000000000000000006be,crop_loss,12.367576505420821,0.38317073522843825,0.21111650044498803
30,0,000000000000000006c0,crop_loss,3.1019245908981534,0.194892705467683,0.12279295784954172
30,0,000000000000000006cc,crop_loss,15.891913714833812,0.3933088580042668,0.16262885564194923
30,0,000000000000000006ce,crop_loss,13.610570476860971,0.6243385810197464,0.16780663055125045
30,0,000000000000000006d9,crop_loss,18.958619485022016,0.1796411976638591,0.09822804894967893
30,0,000000000000000006e5,crop_loss,19.72856558492027,0.5256423678354751,0.16567720671496494
30,0,00000000000000000151,built_loss,7.566058248469426,0.2820521140205059,0.09652478458157354
30,0,0000000000000000034d,built_loss,5.897237257667869,0.3974657186730282,0.06619010869279107
30,0,000000000000000003c7,crop_loss,17.132914244034257,0.7209197829246712,0.12214825532806506
30,0,00000000000000000176,built_loss,16.43430341482904,0.6918393098776369,0.10247581995492694
30,0,000000000000000003d2,built_loss,22.651265843836672,0.5974458537018895,0.17695507697800972
30,0,00000000000000000490,built_loss,20.219909962935855,0.6689420547576395,0.1442079473789286
30,0,000000000000000005ad,built_loss,21.37669838207786,0.6418138433246384,0.14814884162861952
30,0,00000000000000000624,built_loss,4.928686330151112,0.46136340517755764,0.1258418251618582
30,0,0000000000000000002d,crop_loss,22.142632496277525,0.4654765313179382,0.1119499586057408
30,0,0000000000000000009d,crop_loss,6.319545297685734,0.3655417138681041,0.13711005165217088
30,0,00000000000000000192,crop_loss,18.281521232179863,0.5775881600618178,0.05377518860709174
30,0,000000000000000003c8,crop_loss,18.252823608031704,0.1817850804228175,0.08185738992283556
30,0,0000000000000000046c,crop_loss,22.102260807214037,0.48085751717718056,0.3248902401599827
30,0,00000000000000000483,crop_loss,7.741060545557172,0.7416529120381253,0.13689224096296015
30,0,000000000000000004ee,crop_loss,11.888004780367238,0.3173281801860336,0.2905794011995541
30,0,00000000000000000611,crop_loss,22.203876607946214,0.6416933954056566,0.10727296219989291
30,0,0000000000000000062f,crop_loss,20.635910258402284,0.5294401523647664,0.25788212262022
30,1,00000000000000000085,built_loss,14.122101795437098,0.3275157191544349,0.1764126065083213
30,1,00000000000000000114,built_loss,17.83105351222043,0.6788806719548494,0.1600498779013637
30,1,0000000000000000024c,built_loss,16.565114189836212,0.6878090518464466,0.10982569681790555
30,1,00000000000000000375,built_loss,21.18485143675111,0.6560703388222193,0.1360342601835568
30,1,000000000000000004d2,built_loss,17.64900583839279,0.6132706506868156,0.6128765308284932
30,1,000000000000000005bd,built_loss,3.7172754922397777,0.5950001433295322,0.14462993012258163
30,1,00000000000000000281,crop_loss,19.580997336942943,0.5097852208550763,0.14023081949713423
30,1,000000000000000003a2,crop_loss,20.099834948670914,0.36103124881939336,0.17928106412437528
30,1,00000000000000000001,built_loss,13.125579608867042,0.4569886531705291,0.11556712678780717
30,1,00000000000000000049,built_loss,4.629704450929762,0.48914389331451175,0.12571635439368362
30,1,0000000000000000004a,built_loss,8.675479526676956,0.3951785469271963,0.06480142459472937
30,1,0000000000000000004f,built_loss,18.138318126911404,0.41655789336518967,0.2523946442288315
30,1,0000000000000000005a,built_loss,17.111309523626808,0.41453736133263047,0.06295980256338013
30,1,00000000000000000079,built_loss,26.495274880342265,0.5886312824665493,0.13314763429384618
30,1,00000000000000000087,built_loss,18.93584588771895,0.5419667317932723,0.16719735729404395
30,1,000000000000000000a1,built_loss,6.659609143979157,0.4365087080982855,0.15716822354060722
30,1,000000000000000000b8,built_loss,6.981472652746365,0.6415106546477635,0.23962952742980437
30,1,000000000000000000c0,built_loss,18.70781508103927,0.6118804337622373,0.10033314643870395
30,1,000000000000000000e2,built_loss,13.974469227504384,0.3984564121969359,0.16019040482617025
30,1,000000000000000000f0,built_loss,17.277323683601526,0.7128496658871111,0.15552833374856356
30,1,000000000000000000f8,built_loss,23.34348907578511,0.5353812693005285,0.1576087533694509
30,1,0000000000000000011c,built_loss,6.196495464160066,0.7017639346972797,0.12498072833862983
30,1,00000000000000000161,built_loss,20.861841797350593,0.6677024947683423,0.13640233365445897
30,1,0000000000000000016a,built_loss,8.824820112591329,0.2783692383723295,0.11412208918993727
30,1,000000000000000001a8,built_loss,22.641194200190547,0.5345730155358346,0.18187315301600487
30,1,000000000000000001be,built_loss,5.300965135624959,0.5091798087908108,0.11521535418838053
30,1,000000000000000001cd,built_loss,20.35325271299436,0.7666275967809405,0.1168585690729026
30,1,000000000000000001e5,built_loss,10.114314854927764,0.6200944597489275,0.15376895997111062
30,1,00000000000000000206,built_loss,20.14285381851635,0.7508393809343091,0.20337386927369805
30,1,00000000000000000209,built_loss,21.381110643549654,0.6165717933452093,0.15887257024256607
30,1,00000000000000000231,built_loss,20.68435657522031,0.5103139650977632,0.1730798060693295
30,1,0000000000000000026d,built_loss,16.88428393760126,0.622438826624571,0.1336407297370683
30,1,00000000000000000278,built_loss,20.93546179206792,0.8173035034884519,0.14385897308647788
30,1,00000000000000000293,built_loss,14.042947217995335,0.48050331456517065,0.1604671373313321
30,1,000000000000000002a4,built_loss,10.067154342909987,0.3853101789529119,0.09863590605920558
30,1,00000000000000000316,built_loss,2.2407895068822845,0.13054829189201175,0.049496455549898996
30,1,00000000000000000356,built_loss,20.572798439150066,0.6499554061266035,0.21371391101778026
30,1,00000000000000000362,built_loss,19.303219700805997,0.6008620628810653,0.10106892275017065
30,1,00000000000000000363,built_loss,14.962588984113147,0.21087242896102673,0.1433031267514433
30,1,00000000000000000364,built_loss,24.939168811241682,0.6291094561754257,0.14484873001749365
30,1,00000000000000000380,built_loss,20.754729836378925,0.4805764392292436,0.14993825873179484
30,1,00000000000000000384,built_loss,14.52243585815972,0.5822562842199698,0.10946111903237743
30,1,0000000000000000039e,built_loss,7.715558679964023,0.4599986205242551,0.11436474972264787
30,1,000000000000000003a1,built_loss,15.593909472233316,0.569077741942119,0.08605720327600863
30,1,000000000000000003a5,built_loss,12.493296759354527,0.45477400067840823,0.20832092321549517
30,1,000000000000000003b7,built_loss,13.492651036158389,0.48986563324075216,0.10401410942096329
30,1,000000000000000003bf,built_loss,20.394648514390546,0.5447805258248467,0.07794428053211078
30,1,000000000000000003f8,built_loss,7.108335440780061,0.2521207691469468,0.10568218270136273
30,1,000000000000000003fa,built_loss,20.783162312619112,0.44403165204437217,0.10242701945558819
30,1,00000000000000000407,built_loss,21.53815811454351,0.5397243082675997,0.10999844275711995
30,1,0000000000000000040f,built_loss,18.842596065795508,0.5361196269687523,0.053593153408844185
30,1,00000000000000000426,built_loss,19.58642759409669,0.5339921982263315,0.14778283263104136
30,1,0000000000000000042b,built_loss,16.88474346168395,0.6282931298679936,0.1510508406830101
30,1,00000000000000000442,built_loss,4.04580048899435,0.3132259019444125,0.3522381651266492
30,1,00000000000000000465,built_loss,20.95210514861508,0.6482700599860078,0.1396180477388851
30,1,0000000000000000047e,built_loss,13.387767030586506,0.5013610248178514,0.15552046978942852
30,1,000000000000000004c0,built_loss,19.76976185403223,0.6307957484633216,0.1189679853965242
30,1,000000000000000004c5,built_loss,10.65104614833896,0.5855994170453249,0.1595468313025602
30,1,000000000000000004d9,built_loss,18.635117198370896,0.5499464504323454,0.09025026330835662
30,1,000000000000000004eb,built_loss,18.710489601809595,0.4642720340350515,0.06288579774135594
30,1,000000000000000004f5,built_loss,6.82573232777554,0.47153286305107883,0.120470438175448
30,1,000000000000000004f7,built_loss,7.055971921317954,0.4882470583176137,0.07301274535465796
30,1,000000000000000004fe,built_loss,12.482326109254949,0.5067508247621137,0.0715934722861416
30,1,0000000000000000051d,built_loss,19.528906238157656,0.39054588002056584,0.42451833362570407
30,1,00000000000000000559,built_loss,17.90549145968183,0.7879259785027529,0.1530509413224037
30,1,00000000000000000576,built_loss,6.699867142521404,0.2510818328496154,0.10068494327374425
30,1,00000000000000000577,built_loss,8.595652867213355,0.5529531332846879,0.23939142592766083
30,1,0000000000000000057f,built_loss,2.026901597505781,0.3623514686003534,0.1294226854485141
30,1,00000000000000000594,built_loss,15.288450160739051,0.5885356900837586,0.3110748027856505
30,1,000000000000000005bf,built_loss,17.25506517512725,0.41846701557306815,0.08822913612958466
30,1,000000000000000005cc,built_loss,8.211055990380837,0.3525849233785276,0.0930808317418268
30,1,000000000000000005de,built_loss,17.8430606866978,0.4219483435471365,0.08043883465462193
30,1,000000000000000005e7,built_loss,20.58986847463115,0.6813420839058127,0.0994442863218572
30,1,000000000000000005f9,built_loss,10.50481109079709,0.6697984785298419,0.11248040396006553
30,1,0000000000000000061c,built_loss,11.86658579936797,0.3650174797339261,0.15121186535962122
30,1,00000000000000000626,built_loss,19.456681456753316,0.49555485524493875,0.07971366380761652
30,1,0000000000000000062a,built_loss,19.90846777273211,0.5708892565738932,0.14028534609741483
30,1,00000000000000000636,built_loss,14.905856444686354,0.4187324129076899,0.3597920975802846
30,1,0000000000000000064a,built_loss,3.48397686193654,0.303076481847657,0.08302617002542645
30,1,0000000000000000064d,built_loss,12.127512718432428,0.40537424509055897,0.1473266486447038
30,1,00000000000000000694,built_loss,14.598217181775414,0.3830586830193746,0.06153774451339078
30,1,0000000000000000069d,built_loss,21.154562680002286,0.6498094177807668,0.08387066606783167
30,1,000000000000000006b7,built_loss,17.76145883535156,0.4150687218070771,0.07437835689307248
30,1,000000000000000006df,built_loss,12.826354383881679,0.22757419741988294,0.23879288744910898
30,1,000000000000000006e3,built_loss,16.443471437062023,0.4468382580917936,0.11846722685602623
30,1,00000000000000000011,crop_loss,20.638655244028925,0.8206069578663633,0.44816325385059974
30,1,0000000000000000002b,crop_loss,21.988781118634147,0.1450704868162155,0.19357250769474227
30,1,0000000000000000003a,crop_loss,24.683323881582865,0.3218859122201079,0.11724436389801374
30,1,0000000000000000009b,crop_loss,11.968424482737724,0.5037979157721805,0.030090574503612355
30,1,000000000000000000a8,crop_loss,15.326524354168972,0.2248020714980534,0.10209472525687577
30,1,000000000000000000da,crop_loss,18.520973149822595,0.7647782901978727,0.1437599492757895
30,1,000000000000000000e3,crop_loss,22.90363493886143,0.5792977494597542,0.15353261972671722
30,1,000000000000000000e9,crop_loss,4.655737457575613,0.46316899949520146,0.20898551334892423
30,1,0000000000000000011b,crop_loss,16.274380436754758,0.48541059401969355,0.08916215572952207
30,1,00000000000000000128,crop_loss,18.64658681395333,0.5482371991785163,0.05492820281447219
30,1,0000000000000000016c,crop_loss,22.794848614491347,0.4730764027441124,0.13732672802912765
30,1,00000000000000000196,crop_loss,14.28227931820338,0.2360673139133579,0.1574324489310186
30,1,000000000000000001a6,crop_loss,18.90893489853347,0.2693798625477914,0.21398390635342632
30,1,000000000000000001e4,crop_loss,22.86053032193508,0.4714653897504448,0.08776622472146772
30,1,000000000000000001f9,crop_loss,20.114036500996242,0.5743405652434325,0.3500735750896672
30,1,00000000000000000228,crop_loss,15.819945786725997,0.5365055262914771,0.17145820724044086
30,1,0000000000000000028c,crop_loss,4.364061770201922,0.36567458296155747,0.204579513365717
30,1,0000000000000000028d,crop_loss,16.44001276240286,0.6609548166510212,0.10263361810347993
30,1,00000000000000000291,crop_loss,10.698199107192115,0.8650351018945363,0.04170619825201849
30,1,000000000000000002c5,crop_loss,18.308013501989006,0.2721053927436997,0.16225461072649205
30,1,000000000000000002cc,crop_loss,12.715091130185336,0.356654166072207,0.3516141362329428
30,1,000000000000000002dc,crop_loss,24.71276935374554,0.6902543234799146,0.07976950480896705
30,1,000000000000000002e4,crop_loss,23.174711075313322,0.29438446083321496,0.10660155295244295
30,1,000000000000000002ec,crop_loss,23.22934244831608,0.528111841495412,0.13368035293843356
30,1,00000000000000000314,crop_loss,19.11053913677241,0.11569020548668071,0.13651953389750104
30,1,00000000000000000335,crop_loss,22.01313978706101,0.4551918330834994,0.14651936791732595
30,1,0000000000000000033a,crop_loss,14.980592456835604,0.46818470642186344,0.19004818417562075
30,1,000000000000000003b0,crop_loss,22.66594753537217,0.18918848835019772,0.12026007857712245
30,1,000000000000000003f1,crop_loss,24.546428706224663,0.46165570487244734,0.12826245004332476
30,1,000000000000000003f2,crop_loss,17.259393452932784,0.4904446275510394,0.14436557891524304
30,1,0000000000000000044b,crop_loss,12.981753267502366,0.5506894807834503,0.08429956938391603
30,1,00000000000000000480,crop_loss,8.749581560067051,0.8780119875346449,0.08954080149390331
30,1,00000000000000000485,crop_loss,18.07412068063151,0.6562249136187494,0.08768100267916312
30,1,00000000000000000497,crop_loss,20.70015898776437,0.20585410137601556,0.139145483422149
30,1,0000000000000000049b,crop_loss,21.402612201820304,0.3518502573220953,0.0646953838642873
30,1,000000000000000004a1,crop_loss,21.19127051063218,0.367091191431303,0.12656568336676477
30,1,000000000000000004e7,crop_loss,14.988436663302332,0.4863213133800937,0.09159334939519403
30,1,000000000000000004e9,crop_loss,12.28433470153764,0.29433616251668065,0.20657686422771873
30,1,000000000000000004f9,crop_loss,18.018538454665244,0.43771710326427193,0.2812381389900987
30,1,00000000000000000517,crop_loss,17.509661209511776,0.31539584553850764,0.36121156020060985
30,1,00000000000000000538,crop_loss,1.0684584283441547,0.3069142567481373,0.06854936179373045
30,1,0000000000000000057e,crop_loss,4.4155772457378015,0.5486553010894623,0.10528625720156581
30,1,000000000000000005d1,crop_loss,14.803726956107772,0.13681224044878143,0.07982551013053096
30,1,00000000000000000632,crop_loss,12.045452416140046,0.06391223488591774,0.030796487492957263
30,1,0000000000000000063e,crop_loss,17.701756807357445,0.3972526788531889,0.1824220684215837
30,1,00000000000000000655,crop_loss,17.64800215907309,0.5224518418767466,0.3499530697251282
30,1,00000000000000000697,crop_loss,24.624053197167573,0.6258790762908681,0.11601730703788438
30,1,00000000000000000698,crop_loss,12.742602457184814,0.438946560601718,0.14945430076028543
30,1,000000000000000006a8,crop_loss,21.728302259584606,0.3045850734290303,0.17421839412719395
30,1,000000000000000006b4,crop_loss,23.496948963640914,0.5134199429155133,0.213024917728375
30,1,000000000000000006be,crop_loss,7.960094101610023,0.38959212921235314,0.13572680287427863
30,1,000000000000000006c0,crop_loss,2.6649727345756355,0.18191585212122796,0.07752191125738742
30,1,000000000000000006cc,crop_loss,20.95163392420136,0.36778180797756316,0.10541590272034163
30,1,000000000000000006ce,crop_loss,14.693242150636681,0.5629191444789909,0.28972241774619373
30,1,000000000000000006d9,crop_loss,18.810892766933684,0.22924755297118213,0.1301159440215869
30,1,000000000000000006e5,crop_loss,21.928196060688432,0.5159605900926253,0.11763700107405317
30,1,00000000000000000151,built_loss,7.7319209933890365,0.24547644006476463,0.11409854965458205
30,1,0000000000000000034d,built_loss,6.471355476867074,0.3949545479011696,0.0921033437607352
30,1,000000000000000003c7,crop_loss,21.43317486917108,0.6642100327886128,0.20420776692520215
30,1,00000000000000000176,built_loss,13.952717886267719,0.6672482272941065,0.1120696833925493
30,1,000000000000000003d2,built_loss,20.91383795718164,0.5820314184710695,0.18939377056660944
30,1,00000000000000000490,built_loss,19.842470272900076,0.6445161265151861,0.12487601413105764
30,1,000000000000000005ad,built_loss,18.813671320054237,0.6265370182183106,0.09420141544569638
30,1,00000000000000000624,built_loss,4.673390857482882,0.5127834056783067,0.1367367094446877
30,1,0000000000000000002d,crop_loss,20.707323610692647,0.5307875997286865,0.12558687779426408
30,1,0000000000000000009d,crop_loss,5.537337645118825,0.39424008242987246,0.14064912983668232
30,1,00000000000000000192,crop_loss,19.878132643136016,0.5719486993886971,0.06266789808183626
30,1,000000000000000003c8,crop_loss,17.522912283607432,0.20752010198859316,0.11761380587510015
30,1,0000000000000000046c,crop_loss,22.66804278220619,0.5622798729605407,0.156328299541798
30,1,00000000000000000483,crop_loss,13.399863143739747,0.7330663823278951,0.17620780373902145
30,1,000000000000000004ee,crop_loss,14.683114668170909,0.29941034136799505,0.27279014548541414
30,1,00000000000000000611,crop_loss,21.348865972336192,0.7067661282749965,0.09258808209152247
30,1,0000000000000000062f,crop_loss,22.533697119411045,0.5995308339635577,0.15687032124071199
30,2,00000000000000000085,built_loss,12.518939509821262,0.3627760127105806,0.09884527727985776
30,2,00000000000000000114,built_loss,17.108238356330325,0.7025079559859001,0.13918790076898646
30,2,0000000000000000024c,built_loss,16.882907218895465,0.6887093372499556,0.1674782454123076
30,2,00000000000000000375,built_loss,18.872870398445144,0.6093462909942625,0.14465976540067105
30,2,000000000000000004d2,built_loss,16.152816526762418,0.5594818798273381,0.532425338405706
30,2,000000000000000005bd,built_loss,4.608692884520819,0.5762992000404772,0.16998121090572438
30,2,00000000000000000281,crop_loss,22.41229667994261,0.4899802135382673,0.09212524753383139
30,2,000000000000000003a2,crop_loss,16.220375016801317,0.3316634987623306,0.2321561778431258
30,2,00000000000000000001,built_loss,14.242710261733365,0.44615395844503924,0.08634632089850308
30,2,00000000000000000049,built_loss,4.701034421904488,0.4982010242970434,0.062160051289683715
30,2,0000000000000000004a,built_loss,8.863811955941278,0.43489606990905705,0.05439710124310626
30,2,0000000000000000004f,built_loss,22.955627283832676,0.4770827366253723,0.17533664617507433
30,2,0000000000000000005a,built_loss,19.663493405917425,0.4392265261683058,0.08884873625187145
30,2,00000000000000000079,built_loss,22.934467057623046,0.5962318301290938,0.14962234161515597
30,2,00000000000000000087,built_loss,23.284233344523177,0.6617278075063461,0.21096418416287666
30,2,000000000000000000a1,built_loss,7.9459700625959,0.4521112938289826,0.12150535160713782
30,2,000000000000000000b8,built_loss,7.462128673747171,0.5311936416898237,0.3563800767449876
30,2,000000000000000000c0,built_loss,17.51721832492502,0.6171322982009807,0.16360336326194125
30,2,000000000000000000e2,built_loss,11.587519867478495,0.3973423738822304,0.18551126183168964
30,2,000000000000000000f0,built_loss,19.252185197285943,0.6980043894991992,0.2186558928519532
30,2,000000000000000000f8,built_loss,17.60996915682882,0.5437328570150032,0.11834213011247707
30,2,0000000000000000011c,built_loss,4.196092717984916,0.7453250170038364,0.08058931004807901
30,2,00000000000000000161,built_loss,20.864392250975154,0.6865480252296019,0.1276344175894848
30,2,0000000000000000016a,built_loss,9.041569078437485,0.23803326794090643,0.10002913640018704
30,2,000000000000000001a8,built_loss,18.847003771541722,0.5285345864401162,0.11456858583739482
30,2,000000000000000001be,built_loss,5.229249999045993,0.5503655684130853,0.14405965324778602
30,2,000000000000000001cd,built_loss,23.694646540649458,0.7717242702179486,0.1447247416946531
30,2,000000000000000001e5,built_loss,15.414827168187827,0.5697663786097216,0.19548973797090657
30,2,00000000000000000206,built_loss,19.94108618576867,0.7575566715508313,0.15843032609431063
30,2,00000000000000000209,built_loss,19.355987528190944,0.7182882359841702,0.11144422266973952
30,2,00000000000000000231,built_loss,21.99378648252732,0.5129913691097239,0.1308729644295613
30,2,0000000000000000026d,built_loss,18.01458012697264,0.5877104189196727,0.1416156438057089
30,2,00000000000000000278,built_loss,22.87564672206816,0.7964220831811442,0.12181984519836986
30,2,00000000000000000293,built_loss,15.457412090657408,0.4666942671398431,0.14870234259823195
30,2,000000000000000002a4,built_loss,8.786052946590623,0.43636052338390796,0.12593014377927186
30,2,00000000000000000316,built_loss,1.5951618434223933,0.12762042579592686,0.0360847120524489
30,2,00000000000000000356,built_loss,17.394227310645405,0.6195765377479299,0.23011586809198464
30,2,00000000000000000362,built_loss,21.821591723385435,0.6391500815144392,0.14948837326033948
30,2,00000000000000000363,built_loss,16.218416255587407,0.26043582798133974,0.09340873166090494
30,2,00000000000000000364,built_loss,22.518384124240665,0.5848354146976097,0.1546789500907898
30,2,00000000000000000380,built_loss,19.041548343204973,0.5789352781695006,0.1397411506830743
30,2,00000000000000000384,built_loss,11.552302387426261,0.5990313083476422,0.09785061186715605
30,2,0000000000000000039e,built_loss,5.933279589055449,0.5297587008847692,0.10305540620493636
30,2,000000000000000003a1,built_loss,14.468213006599333,0.6036775547223773,0.09956497551341292
30,2,000000000000000003a5,built_loss,12.85999533465205,0.3472601107163737,0.16700332395184075
30,2,000000000000000003b7,built_loss,12.048201583911332,0.45820578154199165,0.09546254735100335
30,2,000000000000000003bf,built_loss,23.340230775922283,0.495613807394177,0.13203130518383216
30,2,000000000000000003f8,built_loss,5.4655808540753394,0.20807695327232864,0.08703153061024574
30,2,000000000000000003fa,built_loss,19.95774312063875,0.3992158724569792,0.08370040569569953
30,2,00000000000000000407,built_loss,20.03188000812906,0.5234174013772047,0.13161669378493474
30,2,0000000000000000040f,built_loss,20.591324088193495,0.4922569772378291,0.05685393332753591
30,2,00000000000000000426,built_loss,16.41885574976667,0.6185202311377346,0.11174439789122159
30,2,0000000000000000042b,built_loss,21.456129148891986,0.5703184472649415,0.161009218544935
30,2,00000000000000000442,built_loss,3.512497909430144,0.3573585487692816,0.34269131064466757
30,2,00000000000000000465,built_loss,22.035190862062727,0.5744918831027532,0.14728801696907823
30,2,0000000000000000047e,built_loss,13.98800661931964,0.4951823268819454,0.11762585881056292
30,2,000000000000000004c0,built_loss,20.342733374604084,0.6763534534831342,0.1022848420867738
30,2,000000000000000004c5,built_loss,9.924482865556556,0.5724828111981184,0.15466514299836698
30,2,000000000000000004d9,built_loss,24.118462599750462,0.5673199839266455,0.11912186432286465
30,2,000000000000000004eb,built_loss,19.62268760997927,0.4594796282235798,0.10179281528280504
30,2,000000000000000004f5,built_loss,7.494089166722932,0.4647766571305414,0.1553731041682055
30,2,000000000000000004f7,built_loss,6.103767109686203,0.4678546360247537,0.06888145342019514
30,2,000000000000000004fe,built_loss,15.929039930300197,0.4910646077983026,0.10492206510239938
30,2,0000000000000000051d,built_loss,14.64616240010718,0.5044999535751709,0.24586467832645026
30,2,00000000000000000559,built_loss,21.17268665050786,0.7095486067961265,0.13420141645071193
30,2,00000000000000000576,built_loss,7.59497265837353,0.2523659247212436,0.10271766557901074
30,2,00000000000000000577,built_loss,8.657216815242894,0.41633841770172125,0.17159910368499853
30,2,0000000000000000057f,built_loss,2.3822302215248214,0.3908825967040196,0.12837755313195498
30,2,00000000000000000594,built_loss,15.944810809379392,0.506826473271471,0.2868358261114664
30,2,000000000000000005bf,built_loss,19.83693927580579,0.34125905417323577,0.1304642592032983
30,2,000000000000000005cc,built_loss,8.336531982740146,0.3787356530622432,0.08887351956550249
30,2,000000000000000005de,built_loss,17.165780534320863,0.4454920058604244,0.08088186257545926
30,2,000000000000000005e7,built_loss,24.57009704290719,0.668586422067096,0.17106009223791252
30,2,000000000000000005f9,built_loss,13.843648804416949,0.6932992508130146,0.1511811931608471
30,2,0000000000000000061c,built_loss,12.625969521099924,0.38229002811050933,0.17909094897841554
30,2,00000000000000000626,built_loss,20.69703750309785,0.4785396323278106,0.10451276886472416
30,2,0000000000000000062a,built_loss,17.72598197108595,0.6286831665034054,0.14813964977559368
30,2,00000000000000000636,built_loss,16.928788761974683,0.42024174870266795,0.26421792142103956
30,2,0000000000000000064a,built_loss,3.305434356867671,0.23761054870128548,0.15331444244191972
30,2,0000000000000000064d,built_loss,8.443381133609345,0.4841362376489172,0.17599099677859614
30,2,00000000000000000694,built_loss,16.516119387745043,0.381119958672431,0.07976509525447367
30,2,0000000000000000069d,built_loss,20.149121421605216,0.6323041264366548,0.09271303420401633
30,2,000000000000000006b7,built_loss,18.924763319804956,0.5093649924356983,0.08163523390090727
30,2,000000000000000006df,built_loss,15.103143356510449,0.3657384935684638,0.29108496999791483
30,2,000000000000000006e3,built_loss,19.154858747059837,0.4196602362431924,0.18512136644044308
30,2,00000000000000000011,crop_loss,22.834952761981494,0.8372458600138334,0.41020252354846976
30,2,0000000000000000002b,crop_loss,20.065751037786136,0.1917968999690421,0.22551553923060466
30,2,0000000000000000003a,crop_loss,19.92870796132701,0.24250284690390603,0.1315964261742576
30,2,0000000000000000009b,crop_loss,14.822958570108188,0.49141576712190455,0.04550832258590337
30,2,000000000000000000a8,crop_loss,18.915833393631885,0.20673070033705573,0.06038160104524656
30,2,000000000000000000da,crop_loss,14.450627688215768,0.7475517094766484,0.07061453478390922
30,2,000000000000000000e3,crop_loss,21.31111466976526,0.46948399773881666,0.1586581148061838
30,2,000000000000000000e9,crop_loss,4.023505065808738,0.38404821575522236,0.1944202879197584
30,2,0000000000000000011b,crop_loss,16.192206106392014,0.4919775153579295,0.09018271502345448
30,2,00000000000000000128,crop_loss,17.600655631555526,0.5589304134370745,0.061934890744942406
30,2,0000000000000000016c,crop_loss,21.67643276414584,0.4901916092253738,0.19056901527991416
30,2,00000000000000000196,crop_loss,14.469981748010301,0.24358367786911694,0.10776124135485388
30,2,000000000000000001a6,crop_loss,20.29119506273543,0.3233695565283291,0.1730338656028756
30,2,000000000000000001e4,crop_loss,21.673989025853587,0.48457639134984254,0.0710741386973478
30,2,000000000000000001f9,crop_loss,19.344432440912517,0.7496254555769855,0.4289948108428602
30,2,00000000000000000228,crop_loss,13.73521079512295,0.45656540591586564,0.28202457896129796
30,2,0000000000000000028c,crop_loss,4.979757203645536,0.3217628811334765,0.11196387469711938
30,2,0000000000000000028d,crop_loss,16.938363523126096,0.6772974952348872,0.1260774157426917
30,2,00000000000000000291,crop_loss,13.068674415248983,0.8762008320398951,0.05143611024387462
30,2,000000000000000002c5,crop_loss,17.086575249733468,0.34474242400877464,0.19307369501097096
30,2,000000000000000002cc,crop_loss,13.56522708051935,0.4119669382768791,0.25569082323997877
30,2,000000000000000002dc,crop_loss,21.767084586936058,0.6356303784634286,0.125131243699394
30,2,000000000000000002e4,crop_loss,21.43459863204043,0.31370095603901904,0.2179037719823776
30,2,000000000000000002ec,crop_loss,21.527983035950065,0.42886743166014607,0.17503532960670465
30,2,00000000000000000314,crop_loss,13.276035412517222,0.05742437466456735,0.058163492604016535
30,2,00000000000000000335,crop_loss,20.719122832352955,0.48965670365724984,0.18309263634295675
30,2,0000000000000000033a,crop_loss,18.824104862075494,0.5308500291890842,0.12271684985862102
30,2,000000000000000003b0,crop_loss,22.17570802224995,0.30657252562188925,0.20842472238917206
30,2,000000000000000003f1,crop_loss,20.422240482456143,0.5210625288629632,0.18273071203627422
30,2,000000000000000003f2,crop_loss,14.039008743324116,0.44429656605669554,0.10062448035525878
30,2,0000000000000000044b,crop_loss,8.542342055300558,0.5721853109662912,0.12580886791197432
30,2,00000000000000000480,crop_loss,12.026254923138191,0.7182691972231253,0.26395249228921236
30,2,00000000000000000485,crop_loss,17.9472352798094,0.7205626264892183,0.06606724959066113
30,2,00000000000000000497,crop_loss,21.029122399692767,0.1937804435746256,0.08370267085107191
30,2,0000000000000000049b,crop_loss,21.13455975393871,0.33086626208722186,0.08205033636861442
30,2,000000000000000004a1,crop_loss,19.0904669145832,0.3186180954737187,0.10653974515676862
30,2,000000000000000004e7,crop_loss,15.871164049472522,0.4768959339643823,0.06659974035346267
30,2,000000000000000004e9,crop_loss,10.7183199762426,0.33547342107535333,0.31198929137503795
30,2,000000000000000004f9,crop_loss,17.632894786210443,0.2955275907922381,0.2247735407239847
30,2,00000000000000000517,crop_loss,19.156289282327904,0.34574720967057243,0.26119084264010883
30,2,00000000000000000538,crop_loss,1.0701358730044765,0.3043176445663345,0.09540880721411255
30,2,0000000000000000057e,crop_loss,3.353328082392535,0.5362231623191367,0.07694839704076145
30,2,000000000000000005d1,crop_loss,13.13186006109731,0.14572986157549525,0.1316114802468902
30,2,00000000000000000632,crop_loss,9.470329003413436,0.07184919834653589,0.056277258675937775
30,2,0000000000000000063e,crop_loss,25.6930944831594,0.2915989707750952,0.12152264679976621
30,2,00000000000000000655,crop_loss,18.497300663895988,0.4239047507220888,0.25256212747016876
30,2,00000000000000000697,crop_loss,20.4143506951248,0.6149438714483721,0.12879330274496548
30,2,00000000000000000698,crop_loss,12.98473887647715,0.4777806693522177,0.12745514746579484
30,2,000000000000000006a8,crop_loss,24.005555714926434,0.2564296432200408,0.16669737977761429
30,2,000000000000000006b4,crop_loss,22.12081554439534,0.6102826227111123,0.14317577780733637
30,2,000000000000000006be,crop_loss,11.4495144600121,0.4312114871149045,0.14276478749893207
30,2,000000000000000006c0,crop_loss,2.7716603578189756,0.201228823291095,0.11588982100315173
30,2,000000000000000006cc,crop_loss,14.11474589607598,0.3847905541749644,0.11430216950583366
30,2,000000000000000006ce,crop_loss,17.800775042227123,0.5447583003305864,0.17590593919955422
30,2,000000000000000006d9,crop_loss,21.47926121715435,0.20313316278848048,0.13608395890744404
30,2,000000000000000006e5,crop_loss,23.110515775197666,0.4881209070342482,0.10191334452952294
30,2,00000000000000000151,built_loss,5.556763536517092,0.2836209920018504,0.05732126531657733
30,2,0000000000000000034d,built_loss,5.473549096832656,0.4191979618873192,0.0758509833433127
30,2,000000000000000003c7,crop_loss,13.418733967357264,0.7451350446913324,0.11479678428210927
30,2,00000000000000000176,built_loss,19.390637221331396,0.6647644657470034,0.11566530172740741
30,2,000000000000000003d2,built_loss,21.331260158396923,0.5430075523066222,0.18735561289638464
30,2,00000000000000000490,built_loss,23.6728475166186,0.6410043587698098,0.14211613436629966
30,2,000000000000000005ad,built_loss,19.193327555417053,0.662198826955921,0.20468495636559214
30,2,00000000000000000624,built_loss,3.9685298114200007,0.4392204489572014,0.2095082406102009
30,2,0000000000000000002d,crop_loss,22.5421232734639,0.4510018171500573,0.16569760084371382
30,2,0000000000000000009d,crop_loss,7.673593368565658,0.35605004281590946,0.12530519696918824
30,2,00000000000000000192,crop_loss,21.937226318230312,0.5660302223507049,0.054720359888150494
30,2,000000000000000003c8,crop_loss,19.046529671697503,0.2106126496953183,0.12260811064825816
30,2,0000000000000000046c,crop_loss,21.87864641585648,0.49431305069729387,0.2258707248039863
30,2,00000000000000000483,crop_loss,8.53150846670728,0.6500917403848164,0.1947163266186165
30,2,000000000000000004ee,crop_loss,12.997834680615073,0.44649741595515025,0.2217547290479392
30,2,00000000000000000611,crop_loss,22.637042055811847,0.7017555493703026,0.12540023394205935
30,2,0000000000000000062f,crop_loss,20.380535664650854,0.481040600205116,0.2482163837660732
30,3,00000000000000000085,built_loss,12.375830971752446,0.34223205632409437,0.17520657265601597
30,3,00000000000000000114,built_loss,19.848186869890096,0.6936340827769019,0.0983065865126872
30,3,0000000000000000024c,built_loss,14.143792629787985,0.673322519039956,0.15025958673790196
30,3,00000000000000000375,built_loss,19.068472887328447,0.6623655912765434,0.18489350000026739
30,3,000000000000000004d2,built_loss,21.03183804057784,0.4368243879408573,0.45281652008323825
30,3,000000000000000005bd,built_loss,4.25579628694392,0.5645337546454919,0.17168413054644216
30,3,00000000000000000281,crop_loss,20.0694222071681,0.5095841444860805,0.10893964489571017
30,3,000000000000000003a2,crop_loss,16.74772643419379,0.33309317493190105,0.1111392798523177
30,3,00000000000000000001,built_loss,14.18940830653673,0.5399793988224715,0.1065064909924473
30,3,00000000000000000049,built_loss,5.159237089633719,0.4732879027359163,0.13660392936789528
30,3,0000000000000000004a,built_loss,9.740501616002431,0.438035809670239,0.07115289830781968
30,3,0000000000000000004f,built_loss,19.97306916923498,0.40777938605985203,0.16331755729871372
30,3,0000000000000000005a,built_loss,19.820302070592362,0.4357265002003854,0.10355664647033236
30,3,00000000000000000079,built_loss,23.74292862858052,0.621059636015402,0.08716006379005903
30,3,00000000000000000087,built_loss,22.516296794277878,0.4979228202879251,0.2219624960956097
30,3,000000000000000000a1,built_loss,6.969480154867378,0.4429747439959165,0.09724858854834062
30,3,000000000000000000b8,built_loss,10.290818235708642,0.49624779297514465,0.26065943627244875
30,3,000000000000000000c0,built_loss,18.42318359479845,0.6360564526037051,0.1325019208298127
30,3,000000000000000000e2,built_loss,14.470854868060872,0.43234402339509526,0.18167957504581567
30,3,000000000000000000f0,built_loss,20.199652813411824,0.5529114691643485,0.2576612846538902
30,3,000000000000000000f8,built_loss,24.53891559617588,0.5937096854216488,0.12136591935481245
30,3,0000000000000000011c,built_loss,6.341179318775977,0.733680862675378,0.0973976313594822
30,3,00000000000000000161,built_loss,18.706301889775858,0.6886821960861153,0.10469746927772827
30,3,0000000000000000016a,built_loss,6.463235605507984,0.2513374796360503,0.12100647899333844
30,3,000000000000000001a8,built_loss,23.217810449082748,0.5260263319381774,0.1693640098189083
30,3,000000000000000001be,built_loss,6.144063220893005,0.5400266738763669,0.13494217490372434
30,3,000000000000000001cd,built_loss,19.92060379415212,0.7705673668011109,0.14646857437584315
30,3,000000000000000001e5,built_loss,13.639345308808391,0.543329522526958,0.12254968524726739
30,3,00000000000000000206,built_loss,17.640643619817396,0.7253720678412872,0.18727488385432645
30,3,00000000000000000209,built_loss,21.095277916119564,0.6120555488062742,0.1413637192124857
30,3,00000000000000000231,built_loss,22.571770278423394,0.49378242103176173,0.159040823361078
30,3,0000000000000000026d,built_loss,14.880401169346918,0.5258395764757802,0.14489122347850525
30,3,00000000000000000278,built_loss,19.035864460819344,0.8203520211648812,0.1304431727332792
30,3,00000000000000000293,built_loss,17.269302848260292,0.4583249331091592,0.15526852544372433
30,3,000000000000000002a4,built_loss,9.316417192386117,0.42356842586463317,0.1086726941335246
30,3,00000000000000000316,built_loss,1.964339928022964,0.12231468868980261,0.06364882149306852
30,3,00000000000000000356,built_loss,19.63110686215502,0.6041152501975073,0.23781112571033347
30,3,00000000000000000362,built_loss,18.685259744224723,0.5283025968794589,0.12787044137462228
30,3,00000000000000000363,built_loss,14.97646328023478,0.208718886307965,0.09765587426826797
30,3,00000000000000000364,built_loss,24.049737329470435,0.6482171804117297,0.12965638237130084
30,3,00000000000000000380,built_loss,15.346949048293268,0.4602877508602083,0.10231216086192602
30,3,00000000000000000384,built_loss,12.817988945902027,0.6107649678114572,0.07554781786594522
30,3,0000000000000000039e,built_loss,7.439485960760722,0.49819157403128905,0.0863508523917953
30,3,000000000000000003a1,built_loss,12.98278715418576,0.6462662540756434,0.13479308602260198
30,3,000000000000000003a5,built_loss,17.070227761401064,0.4406077441834661,0.17831439819161582
30,3,000000000000000003b7,built_loss,10.737351165367839,0.5075584611088687,0.062420823491057154
30,3,000000000000000003bf,built_loss,19.73056378644223,0.5866731246215762,0.060444694861296444
30,3,000000000000000003f8,built_loss,6.5724184924955615,0.24984182439629504,0.09778113828313167
30,3,000000000000000003fa,built_loss,18.872866226227842,0.3920340035447766,0.09665905011504577
30,3,00000000000000000407,built_loss,23.767310324039823,0.5272954619323841,0.10227599756871747
30,3,0000000000000000040f,built_loss,16.460924516516982,0.5133353859969891,0.05366263291296486
30,3,00000000000000000426,built_loss,16.69879856001986,0.5961834812315449,0.1415873050332308
30,3,0000000000000000042b,built_loss,17.047848011552126,0.5442966743183628,0.16559782003163603
30,3,00000000000000000442,built_loss,4.565252950175332,0.4549321800817913,0.47875952574357694
30,3,00000000000000000465,built_loss,19.825372533798834,0.6386811723382732,0.10404557754474975
30,3,0000000000000000047e,built_loss,17.84575335569558,0.5033104611604446,0.142076506186187
30,3,000000000000000004c0,built_loss,24.43280908100675,0.6455478166402348,0.17405312858854383
30,3,000000000000000004c5,built_loss,10.299277703001671,0.6020840361185401,0.13619632796676762
30,3,000000000000000004d9,built_loss,16.40067915911091,0.5663137427450297,0.09282276077315954
30,3,000000000000000004eb,built_loss,19.97075092388807,0.46276182794597415,0.10528463268814664
30,3,000000000000000004f5,built_loss,7.532482924916286,0.4795080064514737,0.14019664034523022
30,3,000000000000000004f7,built_loss,6.690169774206413,0.4687927267387611,0.06933040993443007
30,3,000000000000000004fe,built_loss,10.618386493231606,0.492491252401488,0.10590097474302562
30,3,0000000000000000051d,built_loss,12.12821882762446,0.5665485918157588,0.331099249005974
30,3,00000000000000000559,built_loss,17.04024608067467,0.7324560261262387,0.17598922280867124
30,3,00000000000000000576,built_loss,8.615331219502048,0.259158520527025,0.10276993998413936
30,3,00000000000000000577,built_loss,9.415787491056333,0.46444965064032195,0.276873803631153
30,3,0000000000000000057f,built_loss,2.3033493197099073,0.4225910169275968,0.13476771859851683
30,3,00000000000000000594,built_loss,17.012208598322072,0.6142960822440179,0.3766026226120211
30,3,000000000000000005bf,built_loss,17.752479519821897,0.3684056268628905,0.08986201166091151
30,3,000000000000000005cc,built_loss,8.760242789210958,0.36906076261712223,0.07368824542510971
30,3,000000000000000005de,built_loss,20.164440653162853,0.4328033960359028,0.06896335596695646
30,3,000000000000000005e7,built_loss,21.448921598981162,0.6363206024829186,0.23728571233128565
30,3,000000000000000005f9,built_loss,12.683964231656686,0.6795023746032219,0.15354847815254158
30,3,0000000000000000061c,built_loss,15.1298173041036,0.37685244427157866,0.0998094351045512
30,3,00000000000000000626,built_loss,17.219699944794193,0.5073169011787024,0.0677263648866474
30,3,0000000000000000062a,built_loss,21.820115693697346,0.552821925880583,0.16036311929842956
30,3,00000000000000000636,built_loss,16.023058769202965,0.4184656089323148,0.2168582937351718
30,3,0000000000000000064a,built_loss,3.5926594586191154,0.31306210763848097,0.10769802839337644
30,3,0000000000000000064d,built_loss,12.385847159236324,0.3928602552712153,0.1460476441441098
30,3,00000000000000000694,built_loss,17.120674643828263,0.36951507225955277,0.04009030349719511
30,3,0000000000000000069d,built_loss,18.689153236418182,0.6963559834271209,0.1452842330423768
30,3,000000000000000006b7,built_loss,14.41468467637981,0.4616423543056525,0.13565644448495695
30,3,000000000000000006df,built_loss,12.133195862012752,0.19415576538122561,0.1797781293696366
30,3,000000000000000006e3,built_loss,17.679977277800884,0.3364162438629788,0.14709200252114873
30,3,00000000000000000011,crop_loss,21.447785533019236,0.878211131468223,0.3246351874300466
30,3,0000000000000000002b,crop_loss,22.693704505549228,0.10063865257121551,0.13806177411294077
30,3,0000000000000000003a,crop_loss,18.326993632525216,0.2727791502787105,0.15771067513840592
30,3,0000000000000000009b,crop_loss,12.105227028713765,0.50634492303093,0.041875929683732604
30,3,000000000000000000a8,crop_loss,16.831523177046954,0.19483140158140566,0.04494861309230638
30,3,000000000000000000da,crop_loss,18.643040491630448,0.7149549484477253,0.12876300943282903
30,3,000000000000000000e3,crop_loss,18.50564994934626,0.43404234595996916,0.17227350797441032
30,3,000000000000000000e9,crop_loss,3.5031982793962477,0.4608301282941241,0.20783153168816149
30,3,0000000000000000011b,crop_loss,20.426190940330777,0.5008672039600768,0.05205306612012306
30,3,00000000000000000128,crop_loss,18.795572087791026,0.5475374658136034,0.05243207096387548
30,3,0000000000000000016c,crop_loss,19.555960394504673,0.4226543644321796,0.15618173217923798
30,3,00000000000000000196,crop_loss,12.266558598145284,0.23485003660550866,0.1225518825088614
30,3,000000000000000001a6,crop_loss,18.21762659814244,0.29649822908604445,0.15915831949662518
30,3,000000000000000001e4,crop_loss,19.309728314919628,0.5210041526838074,0.09970750939495837
30,3,000000000000000001f9,crop_loss,22.485848563265236,0.5799870043407189,0.43355259195502754
30,3,00000000000000000228,crop_loss,17.131557651601337,0.46570970120719596,0.23173748329012805
30,3,0000000000000000028c,crop_loss,3.1957185845526177,0.3177537150836721,0.1030326669090178
30,3,0000000000000000028d,crop_loss,16.60772968148351,0.6235294961787659,0.12529374931147608
30,3,00000000000000000291,crop_loss,10.123145902214112,0.8926679471721988,0.04613082508610278
30,3,000000000000000002c5,crop_loss,15.568847982983819,0.39346133977890424,0.1655170003481936
30,3,000000000000000002cc,crop_loss,12.197939545753837,0.3045020993736017,0.36591004596028404
30,3,000000000000000002dc,crop_loss,20.83599492619508,0.7005619730777304,0.1292324636623765
30,3,000000000000000002e4,crop_loss,20.849536984078256,0.3395397383242442,0.1766763380666902
30,3,000000000000000002ec,crop_loss,23.826007896139775,0.4580347542580183,0.150222133551292
30,3,00000000000000000314,crop_loss,19.21292330698272,0.11345224230279408,0.16001325408277595
30,3,00000000000000000335,crop_loss,22.742383867071496,0.4766028977701014,0.2020153705535896
30,3,0000000000000000033a,crop_loss,17.83742442302997,0.4241900064658589,0.19251531814568323
30,3,000000000000000003b0,crop_loss,21.039665129367553,0.22237798759785857,0.14580223825467006
30,3,000000000000000003f1,crop_loss,24.59424629299076,0.4657572256721076,0.14999321708749158
30,3,000000000000000003f2,crop_loss,20.532884876309232,0.47090633136990895,0.12555309713591334
30,3,0000000000000000044b,crop_loss,10.116385015690174,0.5839762945462519,0.0757581150083867
30,3,00000000000000000480,crop_loss,8.933622807578137,0.8599779931058305,0.2774176139615774
30,3,00000000000000000485,crop_loss,20.167277064844843,0.7057004030482009,0.09383820681029953
30,3,00000000000000000497,crop_loss,17.513581050513647,0.27117504481137356,0.13070584155150086
30,3,0000000000000000049b,crop_loss,18.75388338204914,0.3599457207123138,0.07820931831342465
30,3,000000000000000004a1,crop_loss,23.05687497250956,0.3700857227950803,0.1687741583842896
30,3,000000000000000004e7,crop_loss,17.043820937650022,0.4637290861647064,0.06491973155327663
30,3,000000000000000004e9,crop_loss,12.208445785183246,0.30548270269769834,0.1790845217236707
30,3,000000000000000004f9,crop_loss,20.551245905628313,0.25679795765155194,0.25570506692448036
30,3,00000000000000000517,crop_loss,19.1429060759664,0.2082373895490096,0.15107194518195066
30,3,00000000000000000538,crop_loss,1.0745593176049395,0.3006952736146101,0.08929952152020793
30,3,0000000000000000057e,crop_loss,4.27800515966206,0.5458316663880785,0.05936743915517939
30,3,000000000000000005d1,crop_loss,13.453952206729477,0.1822973472937184,0.22146657411205448
30,3,00000000000000000632,crop_loss,11.666796391785349,0.0865550845131527,0.06701009353540704
30,3,0000000000000000063e,crop_loss,22.052692073991377,0.2859743654083081,0.1417639234787157
30,3,00000000000000000655,crop_loss,18.406690308184082,0.4123879756820858,0.4166938324242655
30,3,00000000000000000697,crop_loss,23.336344413744918,0.6438512118267257,0.13392673607508387
30,3,00000000000000000698,crop_loss,13.470205707253317,0.43558910470857615,0.09248215126759068
30,3,000000000000000006a8,crop_loss,21.8363101565602,0.33816189986968653,0.12498418409032391
30,3,000000000000000006b4,crop_loss,19.820446866318793,0.5575197107954868,0.14110527189569888
30,3,000000000000000006be,crop_loss,11.270022340608772,0.3529003820365089,0.1261055511071011
30,3,000000000000000006c0,crop_loss,3.2757081248707536,0.264255947585274,0.18456967484704936
30,3,000000000000000006cc,crop_loss,16.14816918413419,0.32517752370648195,0.05523273839060827
30,3,000000000000000006ce,crop_loss,11.406684855021172,0.6022105470820536,0.24322701388110385
30,3,000000000000000006d9,crop_loss,21.14394288576971,0.2553812606839609,0.10803639703521586
30,3,000000000000000006e5,crop_loss,23.029426263326354,0.5709672316688656,0.16127726167135903
30,3,00000000000000000151,built_loss,7.661047957994733,0.26529684255590863,0.06586512368501854
30,3,0000000000000000034d,built_loss,5.390726010423342,0.3781394531039876,0.0995681684047543
30,3,000000000000000003c7,crop_loss,17.82920857694678,0.7232529611183796,0.11476729986581291
30,3,00000000000000000176,built_loss,16.86354415942204,0.6664393234964201,0.10255473125066306
30,3,000000000000000003d2,built_loss,18.522339869467313,0.5826733500815484,0.18392943182630306
30,3,00000000000000000490,built_loss,24.00373656975757,0.60126901820609,0.14955913984538483
30,3,000000000000000005ad,built_loss,17.528650681370728,0.6306104594155978,0.1737760527317631
30,3,00000000000000000624,built_loss,4.8405302963769525,0.4347530479392818,0.12352596647016334
30,3,0000000000000000002d,crop_loss,23.168434077995926,0.463168478620445,0.09222577686276767
30,3,0000000000000000009d,crop_loss,7.307495108795865,0.40408542338271347,0.16404122164513152
30,3,00000000000000000192,crop_loss,22.847979644151724,0.5278515551155886,0.06446231773031474
30,3,000000000000000003c8,crop_loss,17.924347918807854,0.17422511487590622,0.08573530098090415
30,3,0000000000000000046c,crop_loss,18.55308000192945,0.4817174474770723,0.20029354503942048
30,3,00000000000000000483,crop_loss,10.556472037896834,0.560586340312211,0.2592055351920617
30,3,000000000000000004ee,crop_loss,14.953358262880046,0.550957669715555,0.3371959038110253
30,3,00000000000000000611,crop_loss,21.74163122919137,0.678979624909766,0.13707505130719244
30,3,0000000000000000062f,crop_loss,22.0949277771471,0.5841396774166445,0.35346671719412553
30,4,00000000000000000085,built_loss,14.099771360066505,0.33048670994340484,0.14527348272865853
30,4,00000000000000000114,built_loss,15.847551532296396,0.7282113302598243,0.13245163019579642
30,4,0000000000000000024c,built_loss,16.446488159963582,0.7065116264703567,0.13552480462813776
30,4,00000000000000000375,built_loss,21.507505880279346,0.6165633266658223,0.11920594727808698
30,4,000000000000000004d2,built_loss,15.95312649322583,0.7128869840244015,0.3270618889785891
30,4,000000000000000005bd,built_loss,3.6950369781936296,0.5968435636193485,0.16357632802095812
30,4,00000000000000000281,crop_loss,22.699234805731166,0.49537295446588864,0.10309214202995237
30,4,000000000000000003a2,crop_loss,15.848115754765406,0.37776206177735583,0.2268494805187664
30,4,00000000000000000001,built_loss,16.406311636577907,0.4485859080372899,0.126123699730942
30,4,00000000000000000049,built_loss,4.514039551826727,0.4612241786516377,0.09064655230190521
30,4,0000000000000000004a,built_loss,10.677698100516094,0.4220818472645783,0.06077862334786899
30,4,0000000000000000004f,built_loss,19.968854177854215,0.4390574814220099,0.14263033565771022
30,4,0000000000000000005a,built_loss,18.493515286165778,0.4351368180367515,0.0842273848195681
30,4,00000000000000000079,built_loss,22.541403973704522,0.6018732659193474,0.1299683023730558
30,4,00000000000000000087,built_loss,19.672960839823684,0.5691362071747363,0.32205251704570437
30,4,000000000000000000a1,built_loss,9.128391860830206,0.40003209266700795,0.12450696094796432
30,4,000000000000000000b8,built_loss,7.944384022034802,0.5262555172939719,0.24777792289472172
30,4,000000000000000000c0,built_loss,18.120808202345092,0.633888437215051,0.1213980896946043
30,4,000000000000000000e2,built_loss,14.524071076526855,0.36379675239103115,0.14045483387946944
30,4,000000000000000000f0,built_loss,20.222995084732894,0.6675271917548535,0.14609128154702933
30,4,000000000000000000f8,built_loss,19.574046614846964,0.49171814674289005,0.13402600902237316
30,4,0000000000000000011c,built_loss,6.760685853687088,0.7153729231350369,0.06914123495739666
30,4,00000000000000000161,built_loss,20.32986291607679,0.6606278110826992,0.11439559995685766
30,4,0000000000000000016a,built_loss,7.484937065453252,0.2733941601753983,0.08486600596687982
30,4,000000000000000001a8,built_loss,18.898933075383997,0.5705697904675116,0.13874537261068465
30,4,000000000000000001be,built_loss,5.6536408218233705,0.5497618914344092,0.12807981587695633
30,4,000000000000000001cd,built_loss,21.29791103418431,0.7606448412801567,0.18826323278418144
30,4,000000000000000001e5,built_loss,12.37871410126058,0.553009760073976,0.15567318074905828
30,4,00000000000000000206,built_loss,18.354309538881026,0.7112653159618886,0.12966875520481358
30,4,00000000000000000209,built_loss,20.87657941879518,0.6075365670128846,0.18873069477788318
30,4,00000000000000000231,built_loss,21.06819269849379,0.562868141513481,0.15948393851764942
30,4,0000000000000000026d,built_loss,16.54336233445436,0.5978015749658379,0.18648846439355748
30,4,00000000000000000278,built_loss,16.169393058981935,0.8014759356419978,0.14329429756716183
30,4,00000000000000000293,built_loss,18.466545265054826,0.4880136246713987,0.16175555322671276
30,4,000000000000000002a4,built_loss,8.090929185191525,0.4048390051202627,0.08440962650483341
30,4,00000000000000000316,built_loss,2.2683319052998017,0.12552706835698663,0.04329472439069236
30,4,00000000000000000356,built_loss,16.945258173423174,0.5439824496426464,0.24727666011927946
30,4,00000000000000000362,built_loss,21.83724601339123,0.5517419850224109,0.13951662384619595
30,4,00000000000000000363,built_loss,17.85300289402711,0.256940726223431,0.09656876806586023
30,4,00000000000000000364,built_loss,19.91113391847611,0.5667503901854206,0.18606719505731206
30,4,00000000000000000380,built_loss,18.374007942355817,0.49614939675525643,0.14292248823534293
30,4,00000000000000000384,built_loss,13.192607339133014,0.6034026344220007,0.1051784484473256
30,4,0000000000000000039e,built_loss,7.0075740398224395,0.5133342337393547,0.08440379290575195
30,4,000000000000000003a1,built_loss,11.338095336540961,0.6291630203429017,0.1563152500879209
30,4,000000000000000003a5,built_loss,14.631565647620654,0.36743750322668506,0.14658611386281006
30,4,000000000000000003b7,built_loss,12.055197987739673,0.487775001396991,0.08018901894112701
30,4,000000000000000003bf,built_loss,22.112896849441256,0.5269421547264138,0.10727999717790054
30,4,000000000000000003f8,built_loss,6.198301220281016,0.22414495289584757,0.07441869035918638
30,4,000000000000000003fa,built_loss,19.93718125013676,0.42533135241194014,0.11080418002457881
30,4,00000000000000000407,built_loss,21.9667217896049,0.5226609205431362,0.18664136129705045
30,4,0000000000000000040f,built_loss,18.678391273513103,0.5287725424144005,0.036048551258827444
30,4,00000000000000000426,built_loss,18.076797029641686,0.546023159464287,0.11419058042760216
30,4,0000000000000000042b,built_loss,20.40050958515265,0.6135795026971923,0.09503413865770016
30,4,00000000000000000442,built_loss,4.004159676920688,0.3257615436445939,0.5290640745634634
30,4,00000000000000000465,built_loss,22.346482710334637,0.6589264673267032,0.1267803991986789
30,4,0000000000000000047e,built_loss,13.482682935194017,0.5305056468932623,0.10492629427905142
30,4,000000000000000004c0,built_loss,20.658097084030686,0.6286958397171175,0.10261959355669592
30,4,000000000000000004c5,built_loss,8.917204329865518,0.6028105600536078,0.12688964354557075
30,4,000000000000000004d9,built_loss,21.32877161613896,0.5461851980073564,0.13301092929274144
30,4,000000000000000004eb,built_loss,21.804837782812385,0.43643884861685067,0.06475167373472024
30,4,000000000000000004f5,built_loss,6.916496646997451,0.4901285905214671,0.16316278922487254
30,4,000000000000000004f7,built_loss,6.281592691070763,0.4866935552794975,0.07177981453532778
30,4,000000000000000004fe,built_loss,10.92689681154557,0.5061676418206073,0.09812633610692795
30,4,0000000000000000051d,built_loss,12.945261062349505,0.6030014338848452,0.2781987511120121
30,4,00000000000000000559,built_loss,17.725338112745334,0.7295924939612746,0.1336964433840343
30,4,00000000000000000576,built_loss,7.122130276000447,0.2886357849620945,0.09796484378494535
30,4,00000000000000000577,built_loss,8.548992548121841,0.5405881844087735,0.2441516359604723
30,4,0000000000000000057f,built_loss,2.1562416209606257,0.4174011793128176,0.1552326168574541
30,4,00000000000000000594,built_loss,14.576485556666869,0.5357488162644328,0.27254231700607506
30,4,000000000000000005bf,built_loss,14.311832307405936,0.4333014509788555,0.12281909314266654
30,4,000000000000000005cc,built_loss,8.882817488765193,0.3098086482842298,0.06936508188354956
30,4,000000000000000005de,built_loss,15.897200524793176,0.4584866872723794,0.08088604838919755
30,4,000000000000000005e7,built_loss,19.67320469378473,0.7046221019898067,0.21502559836733692
30,4,000000000000000005f9,built_loss,11.1430766430442,0.6821550913397295,0.15453052096518438
30,4,0000000000000000061c,built_loss,13.345574672358225,0.43085191813306817,0.1302851960206669
30,4,00000000000000000626,built_loss,20.711502786320846,0.5173423041205543,0.10070202214750223
30,4,0000000000000000062a,built_loss,17.817984771277338,0.5485233498237841,0.14878313516679836
30,4,00000000000000000636,built_loss,15.905514796986765,0.33905596844160235,0.2050924683398958
30,4,0000000000000000064a,built_loss,3.437609183004605,0.3039697340201829,0.07192785109820887
30,4,0000000000000000064d,built_loss,11.213553441093849,0.40811122179990605,0.10613020415254498
30,4,00000000000000000694,built_loss,14.054904127494403,0.3793196459795335,0.07278345333291292
30,4,0000000000000000069d,built_loss,20.675225560691636,0.7018922452246784,0.12123155915422701
30,4,000000000000000006b7,built_loss,15.585067789680297,0.493051785342813,0.11220096862279733
30,4,000000000000000006df,built_loss,14.668295818032336,0.20784385485572818,0.16087349586493857
30,4,000000000000000006e3,built_loss,14.76350625978975,0.32633029964429644,0.11647835107569127
30,4,00000000000000000011,crop_loss,16.632548667113852,0.8146320502046437,0.3871177287370735
30,4,0000000000000000002b,crop_loss,21.798546456366193,0.16171982475337351,0.2390047475054451
30,4,0000000000000000003a,crop_loss,19.426010376458805,0.3548487895407692,0.11547377885782462
30,4,0000000000000000009b,crop_loss,13.860043875147708,0.4832456399305072,0.03648882600702558
30,4,000000000000000000a8,crop_loss,18.085581051729285,0.21230880133292326,0.07107484011833617
30,4,000000000000000000da,crop_loss,15.316487073648348,0.7580633776875113,0.11739089129032332
30,4,000000000000000000e3,crop_loss,22.693499261235328,0.5135940958565762,0.1748334594770634
30,4,000000000000000000e9,crop_loss,5.060387780343076,0.42979051400500584,0.21741393467320874
30,4,0000000000000000011b,crop_loss,18.05917945310926,0.47792209874051766,0.07379990341929155
30,4,00000000000000000128,crop_loss,16.9757902213206,0.532495926953398,0.03483930359313103
30,4,0000000000000000016c,crop_loss,22.98889465846448,0.47169613312404063,0.192332460375417
30,4,00000000000000000196,crop_loss,18.496637515481726,0.22968073643146208,0.060211522181771365
30,4,000000000000000001a6,crop_loss,21.310703814839925,0.2253946931524946,0.21443507763803857
30,4,000000000000000001e4,crop_loss,17.437633673866834,0.5122342946011679,0.09246869108622313
30,4,000000000000000001f9,crop_loss,19.667232509879675,0.6881370696081239,0.4624378281859935
30,4,00000000000000000228,crop_loss,18.62577624296863,0.3733486112252691,0.4147689071720697
30,4,0000000000000000028c,crop_loss,4.066329918178119,0.32387246935375286,0.08951441408807587
30,4,0000000000000000028d,crop_loss,19.81469202496806,0.6309048572470918,0.12079854540908663
30,4,00000000000000000291,crop_loss,10.119266670396273,0.8886651473320409,0.032392489986131645
30,4,000000000000000002c5,crop_loss,17.233958983451835,0.28510945394673815,0.14148641882320948
30,4,000000000000000002cc,crop_loss,14.057884695042553,0.4663138942507957,0.34133399102034734
30,4,000000000000000002dc,crop_loss,21.52472233395146,0.6689640380597653,0.11421750722689905
30,4,000000000000000002e4,crop_loss,19.670167973957955,0.32309378131408195,0.1061632694905364
30,4,000000000000000002ec,crop_loss,21.321155470538404,0.44088128478574495,0.1762754482630816
30,4,00000000000000000314,crop_loss,16.28753509781249,0.07092662723836263,0.10580656599524448
30,4,00000000000000000335,crop_loss,19.481838252711878,0.5037729681102534,0.15332470949298393
30,4,0000000000000000033a,crop_loss,20.12441201547542,0.5216282517486287,0.1343371195792037
30,4,000000000000000003b0,crop_loss,21.261751895876028,0.23180170515028675,0.11975233443170491
30,4,000000000000000003f1,crop_loss,22.63145419363973,0.5057077263205384,0.13583173376060365
30,4,000000000000000003f2,crop_loss,22.021759424529606,0.4844677212126056,0.13498175274415514
30,4,0000000000000000044b,crop_loss,10.102752269487981,0.5656172025935654,0.05806731254344344
30,4,00000000000000000480,crop_loss,10.768195984659316,0.8374989639328432,0.24854068360767645
30,4,00000000000000000485,crop_loss,21.957880934134757,0.7130499164799677,0.05801015815770694
30,4,00000000000000000497,crop_loss,19.896233007948886,0.2844874038117584,0.17451203444429123
30,4,0000000000000000049b,crop_loss,22.216537503196754,0.35552180081589885,0.1048394962385697
30,4,000000000000000004a1,crop_loss,22.87861111210603,0.35917255368621626,0.1087674515451717
30,4,000000000000000004e7,crop_loss,14.036400317796835,0.47467069656989685,0.0789491813945234
30,4,000000000000000004e9,crop_loss,9.546783598204591,0.2866340679858494,0.21756170940134473
30,4,000000000000000004f9,crop_loss,22.832396151838818,0.3221937664882634,0.25656352616759615
30,4,00000000000000000517,crop_loss,18.833088114322596,0.2717550720860618,0.17397528047294217
30,4,00000000000000000538,crop_loss,1.0744804666104286,0.2898183803662878,0.0652943442162085
30,4,0000000000000000057e,crop_loss,4.188251494980617,0.5179375346184727,0.06958031407043652
30,4,000000000000000005d1,crop_loss,12.272642219466771,0.1518044126978609,0.18377912333929367
30,4,00000000000000000632,crop_loss,9.323102904407278,0.07430889840307282,0.04228704728434781
30,4,0000000000000000063e,crop_loss,19.789066438238557,0.39363626697257714,0.18757460013576494
30,4,00000000000000000655,crop_loss,18.815152097103528,0.3255463617324159,0.2632379538557452
30,4,00000000000000000697,crop_loss,20.198942429894377,0.6418362593237146,0.1247212445969641
30,4,00000000000000000698,crop_loss,10.595368352868464,0.3834898972490086,0.12642632516447877
30,4,000000000000000006a8,crop_loss,23.935113313179198,0.34596332454898654,0.20713799752155293
30,4,000000000000000006b4,crop_loss,18.716553068881336,0.5608236049994788,0.2411562300611293
30,4,000000000000000006be,crop_loss,12.93981210778309,0.3953217203520623,0.10923942046490559
30,4,000000000000000006c0,crop_loss,2.94746827060324,0.176590232607744,0.09431311099840858
30,4,000000000000000006cc,crop_loss,14.412829770748457,0.3459730357535849,0.13797252521256015
30,4,000000000000000006ce,crop_loss,13.816013303889122,0.6279185142734722,0.21392544775207561
30,4,000000000000000006d9,crop_loss,22.94368810794208,0.23510534033202676,0.11721243153598604
30,4,000000000000000006e5,crop_loss,22.37477524083956,0.5795148607262973,0.14456492694611528
30,4,00000000000000000151,built_loss,8.52542712267037,0.2864879093298174,0.07864302640536816
30,4,0000000000000000034d,built_loss,5.030740584842133,0.41635793069242144,0.122363266622941
30,4,000000000000000003c7,crop_loss,13.223874695477702,0.6905280908936897,0.12928650504549066
30,4,00000000000000000176,built_loss,14.809968414051829,0.6515559636604453,0.09536062502311915
30,4,000000000000000003d2,built_loss,22.128819891014857,0.6093068873462335,0.23271602736104435
30,4,00000000000000000490,built_loss,22.368968590631994,0.6414277454799029,0.08896765908191706
30,4,000000000000000005ad,built_loss,18.2797782723595,0.6758692738192248,0.12646269420438372
30,4,00000000000000000624,built_loss,4.448451819135362,0.4832227028885756,0.12574498512351562
30,4,0000000000000000002d,crop_loss,22.948255895866513,0.4882755689242109,0.11332678058272261
30,4,0000000000000000009d,crop_loss,5.4868526671292495,0.3878510312020817,0.11458716708082439
30,4,00000000000000000192,crop_loss,19.489144151139296,0.5874530022561981,0.06888794690130684
30,4,000000000000000003c8,crop_loss,19.235440951622007,0.18204078352291314,0.06650176148269096
30,4,0000000000000000046c,crop_loss,19.347599062464106,0.5150041655754656,0.3638652908029093
30,4,00000000000000000483,crop_loss,7.432806260387828,0.6899853851835159,0.17602824178338994
30,4,000000000000000004ee,crop_loss,15.755003618162041,0.4449072812550185,0.23623102382719746
30,4,00000000000000000611,crop_loss,23.438303639532112,0.6491398127963259,0.1662818436989768
30,4,0000000000000000062f,crop_loss,20.94363003865074,0.556605310281735,0.35212523347325614
30,5,00000000000000000085,built_loss,10.814841667520351,0.3501317945214065,0.14427866376724907
30,5,00000000000000000114,built_loss,19.71368401660815,0.6751683657061874,0.1218721878505592
30,5,0000000000000000024c,built_loss,15.531938190451513,0.6938632571458311,0.11757334264107544
30,5,00000000000000000375,built_loss,18.574961078139133,0.6622442716190955,0.14366612811347068
30,5,000000000000000004d2,built_loss,20.734636619657078,0.7169999091000927,0.569035916611589
30,5,000000000000000005bd,built_loss,3.669911700865396,0.6423890844564646,0.18128159127347288
30,5,00000000000000000281,crop_loss,21.784366978256088,0.502799192275086,0.08047650903513814
30,5,000000000000000003a2,crop_loss,19.376375287877757,0.30055074990829483,0.1861929140587154
30,5,00000000000000000001,built_loss,15.795873209169763,0.5008808690327317,0.15711807405367284
30,5,00000000000000000049,built_loss,5.475156081642147,0.48555878504461786,0.08631882738419483
30,5,0000000000000000004a,built_loss,8.87065699163828,0.4445518179015033,0.05019432545440683
30,5,0000000000000000004f,built_loss,19.092094047671914,0.40225365025908333,0.20155948419054176
30,5,0000000000000000005a,built_loss,17.38497393620038,0.44114074003775533,0.08590521582962696
30,5,00000000000000000079,built_loss,24.242275141538506,0.6034463795338451,0.09744397773898983
30,5,00000000000000000087,built_loss,21.87633980693595,0.6664691956306016,0.2221943400169375
30,5,000000000000000000a1,built_loss,7.8567437087791765,0.44955221552640806,0.1209538961646725
30,5,000000000000000000b8,built_loss,9.045760264291607,0.5391431643322302,0.2051536548892927
30,5,000000000000000000c0,built_loss,18.94952768123377,0.656815370631117,0.0799931986641279
30,5,000000000000000000e2,built_loss,16.925090236963825,0.4097324020952151,0.17113391914683246
30,5,000000000000000000f0,built_loss,17.57915708147664,0.7151166926647783,0.13308981556355914
30,5,000000000000000000f8,built_loss,22.15897046513733,0.5256758246743131,0.15783544076544004
30,5,0000000000000000011c,built_loss,7.21821474663221,0.7231408922857653,0.10988123246838188
30,5,00000000000000000161,built_loss,22.107478533921856,0.6709818226441076,0.11272030802519895
30,5,0000000000000000016a,built_loss,8.032384914681298,0.24633390739044067,0.12922775417063137
30,5,000000000000000001a8,built_loss,22.751510094991023,0.5793312559024274,0.19465186675233637
30,5,000000000000000001be,built_loss,4.352771339140211,0.5174222493741789,0.11827424276481091
30,5,000000000000000001cd,built_loss,19.621240583468552,0.8053420338557644,0.10407833761566987
30,5,000000000000000001e5,built_loss,13.366328897819901,0.5593768961629839,0.15595733169666653
30,5,00000000000000000206,built_loss,19.21875015473484,0.6343033310720161,0.24664217260282129
30,5,00000000000000000209,built_loss,20.61467613797713,0.6552344710810459,0.13204142132251517
30,5,00000000000000000231,built_loss,19.971458930340706,0.5341926539654757,0.14431322556964915
30,5,0000000000000000026d,built_loss,20.062074137617795,0.6193351251054074,0.19484130225629825
30,5,00000000000000000278,built_loss,19.10631578835107,0.7884212511785252,0.1178161742577084
30,5,00000000000000000293,built_loss,15.48559675391579,0.5114508353983738,0.11850781216550549
30,5,000000000000000002a4,built_loss,9.81484987903239,0.4028787251811117,0.14238564399552772
30,5,00000000000000000316,built_loss,1.9291203495197358,0.12690148422592648,0.054251420031090625
30,5,00000000000000000356,built_loss,18.60527211740809,0.5460333916816051,0.27454722803639503
30,5,00000000000000000362,built_loss,24.20334506322442,0.5068839806750486,0.10965540302086685
30,5,00000000000000000363,built_loss,16.2620371139954,0.26397759323521464,0.10929750952529785
30,5,00000000000000000364,built_loss,21.698874852154677,0.6082988799413375,0.1221077949904682
30,5,00000000000000000380,built_loss,19.16561381735172,0.4993023340930109,0.1862511563816872
30,5,00000000000000000384,built_loss,13.215927358085288,0.6024043475475732,0.06989484767609433
30,5,0000000000000000039e,built_loss,5.544944157714963,0.5409376811346729,0.10080938457621197
30,5,000000000000000003a1,built_loss,12.434856057679974,0.6245758602955561,0.09723299540967201
30,5,000000000000000003a5,built_loss,15.374585340040653,0.3414303136014291,0.14943831202684155
30,5,000000000000000003b7,built_loss,11.958062911437022,0.502069249426426,0.07098539672458665
30,5,000000000000000003bf,built_loss,18.92918873403186,0.5786438722070335,0.08573512577162612
30,5,000000000000000003f8,built_loss,6.35162525799269,0.20069122142172904,0.09425964507536636
30,5,000000000000000003fa,built_loss,20.591244187585094,0.36740962711416997,0.0997950902674401
30,5,00000000000000000407,built_loss,21.40834038269053,0.5995579012517295,0.16859223705890924
30,5,0000000000000000040f,built_loss,15.721165645788304,0.5334642397591622,0.04792445100233178
30,5,00000000000000000426,built_loss,17.4265971708215,0.5972649830258607,0.14993003465459587
30,5,0000000000000000042b,built_loss,15.337325284066239,0.5403797129795795,0.11960575425830389
30,5,00000000000000000442,built_loss,3.2613752430055127,0.3926854854629254,0.3374458031629101
30,5,00000000000000000465,built_loss,20.540115053742575,0.61399928012827,0.1096513889758507
30,5,0000000000000000047e,built_loss,11.842870419465914,0.5442441334460573,0.10264312459304048
30,5,000000000000000004c0,built_loss,21.02437614721108,0.650615818199322,0.140811608440793
30,5,000000000000000004c5,built_loss,10.565448136274659,0.6700771301642577,0.11268028606224045
30,5,000000000000000004d9,built_loss,20.61501284593626,0.5955851540252971,0.10978986260033707
30,5,000000000000000004eb,built_loss,23.0219118418031,0.4604784450135896,0.1239640262556761
30,5,000000000000000004f5,built_loss,7.066653580760348,0.5210168333533224,0.14206789902680106
30,5,000000000000000004f7,built_loss,7.8354743471780575,0.4902193526609101,0.10486935656599772
30,5,000000000000000004fe,built_loss,12.860997353617828,0.5462060057047485,0.060380813772665465
30,5,0000000000000000051d,built_loss,15.950191273287011,0.5740525914186575,0.31386617201988043
30,5,00000000000000000559,built_loss,18.8532804727107,0.7006242683938654,0.14052313934991045
30,5,00000000000000000576,built_loss,7.339169155262877,0.2759482348129772,0.10867422325773052
30,5,00000000000000000577,built_loss,6.853196353030583,0.42962821302174803,0.2096522338316797
30,5,0000000000000000057f,built_loss,1.9705590947319567,0.38971605509260504,0.17314409684017212
30,5,00000000000000000594,built_loss,15.957869421386842,0.6656974369051325,0.31307480296674534
30,5,000000000000000005bf,built_loss,19.137915041442234,0.41564148216832414,0.1465797678265141
30,5,000000000000000005cc,built_loss,11.184957241683652,0.3651635132238291,0.10161371892309023
30,5,000000000000000005de,built_loss,21.206055041213595,0.42680726056424084,0.056243905182440934
30,5,000000000000000005e7,built_loss,19.332645544077067,0.5998009610831454,0.3190494550568509
30,5,000000000000000005f9,built_loss,12.448587982188311,0.6750110474828146,0.17647693368704787
30,5,0000000000000000061c,built_loss,12.343823488093422,0.34368137808733934,0.12929090499192825
30,5,00000000000000000626,built_loss,17.629568863065735,0.5069457207151482,0.1062038687929257
30,5,0000000000000000062a,built_loss,18.757626520669373,0.5183866582654328,0.11271861361483282
30,5,00000000000000000636,built_loss,17.010055685424472,0.39967441035597573,0.22411473922956615
30,5,0000000000000000064a,built_loss,3.4660345845853127,0.2953980665483802,0.1278236635949209
30,5,0000000000000000064d,built_loss,14.547700168628698,0.41637736441041656,0.11778876122533177
30,5,00000000000000000694,built_loss,15.169461662764935,0.3610279817781151,0.059570863007414654
30,5,0000000000000000069d,built_loss,20.603384412775167,0.6781038372146889,0.12030499581916865
30,5,000000000000000006b7,built_loss,15.685855571887483,0.4346192470443025,0.04807839613487569
30,5,000000000000000006df,built_loss,13.237621867645792,0.21224896854938052,0.16853491140298196
30,5,000000000000000006e3,built_loss,18.263209096332762,0.3901549730062709,0.1278300014494742
30,5,00000000000000000011,crop_loss,17.20338731496888,0.8601457350845557,0.3734982490940152
30,5,0000000000000000002b,crop_loss,18.268938590679618,0.20189234779093101,0.19469570728125993
30,5,0000000000000000003a,crop_loss,18.220354384859423,0.2767071159191362,0.13331149335358605
30,5,0000000000000000009b,crop_loss,12.228556080084822,0.4957893678139961,0.04119888800713911
30,5,000000000000000000a8,crop_loss,18.067916593895976,0.2175889483882664,0.10249738250792226
30,5,000000000000000000da,crop_loss,15.35889250072497,0.7966018735699621,0.06982969657776483
30,5,000000000000000000e3,crop_loss,20.195043171804894,0.5332692453630938,0.13171054370984264
30,5,000000000000000000e9,crop_loss,5.2829754627110646,0.3864531461379373,0.15558744397429036
30,5,0000000000000000011b,crop_loss,20.175329794166707,0.4535740658179199,0.10590458160513605
30,5,00000000000000000128,crop_loss,18.30053798914079,0.5327866893111035,0.041015100724519526
30,5,0000000000000000016c,crop_loss,21.952201499022255,0.4920889070170262,0.13198423476329146
30,5,00000000000000000196,crop_loss,18.20533201461491,0.23717365717278724,0.08963391379779218
30,5,000000000000000001a6,crop_loss,17.292875751504162,0.22477954275899403,0.1664531342710454
30,5,000000000000000001e4,crop_loss,19.23598279805263,0.4631341034894063,0.15489765083335016
30,5,000000000000000001f9,crop_loss,23.05358714797871,0.567655142695499,0.3908405339677643
30,5,00000000000000000228,crop_loss,13.175118610215291,0.5623336777815366,0.14505246159125773
30,5,0000000000000000028c,crop_loss,3.867417200890678,0.3175146125521338,0.14373941037481708
30,5,0000000000000000028d,crop_loss,15.493533189521385,0.6840653320483872,0.2123987201867883
30,5,00000000000000000291,crop_loss,11.76362553410962,0.8940954154590638,0.0558264913379698
30,5,000000000000000002c5,crop_loss,18.571589528956743,0.36647080345211075,0.16615653902829408
30,5,000000000000000002cc,crop_loss,14.94329513089884,0.329575544776044,0.3205584240644932
30,5,000000000000000002dc,crop_loss,22.36525470532234,0.5736065986446476,0.15659620021793397
30,5,000000000000000002e4,crop_loss,19.103071310565653,0.33291205631517107,0.25275509197048773
30,5,000000000000000002ec,crop_loss,23.00314604601076,0.48527527299648826,0.1688626295075158
30,5,00000000000000000314,crop_loss,16.462531280350735,0.07639617422570713,0.09642476132916766
30,5,00000000000000000335,crop_loss,20.929682948980293,0.47916300373672577,0.1286743792823859
30,5,0000000000000000033a,crop_loss,19.139469427065933,0.4827829255955862,0.15321650731874192
30,5,000000000000000003b0,crop_loss,21.617758984902036,0.18358065584062253,0.14025761591473732
30,5,000000000000000003f1,crop_loss,21.208255752362405,0.4613530410358023,0.15204346740550495
30,5,000000000000000003f2,crop_loss,18.019869076523158,0.43188258917968925,0.09347944271860226
30,5,0000000000000000044b,crop_loss,10.943154911671579,0.5520011796380324,0.09119620086716296
30,5,00000000000000000480,crop_loss,6.835121919918889,0.87859925237453,0.173929500144675
30,5,00000000000000000485,crop_loss,20.437703948453436,0.6928758257449322,0.10520937023725496
30,5,00000000000000000497,crop_loss,22.36916495469046,0.2229317820683016,0.24251959381163463
30,5,0000000000000000049b,crop_loss,18.463849153124418,0.3513185704259148,0.09544780235664879
30,5,000000000000000004a1,crop_loss,17.531866252446964,0.33549619924061597,0.12143082268702526
30,5,000000000000000004e7,crop_loss,15.587430281350358,0.5237987033389322,0.06219736097849887
30,5,000000000000000004e9,crop_loss,11.286345909724085,0.40868661771484915,0.2712042734967715
30,5,000000000000000004f9,crop_loss,20.602123206345972,0.4522408082624769,0.3015131854456554
30,5,00000000000000000517,crop_loss,13.294483277237834,0.4853853992441887,0.33873439330182514
30,5,00000000000000000538,crop_loss,1.0799260200813674,0.30484432238045694,0.08092307713219443
30,5,0000000000000000057e,crop_loss,4.755806021466657,0.5434515385925829,0.05532409083786638
30,5,000000000000000005d1,crop_loss,12.698554471221334,0.22901610612160536,0.2951522911008656
30,5,00000000000000000632,crop_loss,11.469726003212923,0.0750703032265393,0.06052311672412118
30,5,0000000000000000063e,crop_loss,20.257176658298203,0.27626692019799803,0.08525953194843913
30,5,00000000000000000655,crop_loss,21.17249963706911,0.5438593494562481,0.35776443551483494
30,5,00000000000000000697,crop_loss,24.033618107208977,0.6336531466706172,0.13411656472236044
30,5,00000000000000000698,crop_loss,13.64514806826705,0.3940943773300824,0.07140734422036871
30,5,000000000000000006a8,crop_loss,22.07336181468518,0.23622701952186115,0.16978852370597777
30,5,000000000000000006b4,crop_loss,22.88753068810036,0.5115994613475954,0.2648647965394789
30,5,000000000000000006be,crop_loss,12.042489576232265,0.36301347053959937,0.12207007676997766
30,5,000000000000000006c0,crop_loss,2.8067146772616836,0.20796282725322512,0.07995682390021999
30,5,000000000000000006cc,crop_loss,15.176060357798214,0.342131736144145,0.10815573488710722
30,5,000000000000000006ce,crop_loss,13.11198733214744,0.5812099126359714,0.2384630264635087
30,5,000000000000000006d9,crop_loss,17.867223603950002,0.19022352214838212,0.09138299538085265
30,5,000000000000000006e5,crop_loss,22.418024160832516,0.5590239112108701,0.15101602470840914
30,5,00000000000000000151,built_loss,11.512155854254408,0.2614704967845527,0.07656989422107785
30,5,0000000000000000034d,built_loss,5.447808608377108,0.3810992572662337,0.13696379630291622
30,5,000000000000000003c7,crop_loss,14.76879252489836,0.697612951939261,0.1323587012778692
30,5,00000000000000000176,built_loss,14.943963984015985,0.6775590809038418,0.11289451724777733
30,5,000000000000000003d2,built_loss,18.422447750446445,0.6627673987344942,0.1491066175079142
30,5,00000000000000000490,built_loss,22.3983335104059,0.6842222100259556,0.17099477241231908
30,5,000000000000000005ad,built_loss,19.369264698796098,0.6691048807613952,0.11628848603498387
30,5,00000000000000000624,built_loss,4.071570488941801,0.515618302969008,0.1308022382575535
30,5,0000000000000000002d,crop_loss,20.67159146133649,0.5135338547638958,0.09778435120085616
30,5,0000000000000000009d,crop_loss,5.122589929091288,0.36318539141451467,0.09463362205852005
30,5,00000000000000000192,crop_loss,21.376208932188494,0.5416445142041332,0.09035494278469658
30,5,000000000000000003c8,crop_loss,15.999522541851182,0.20058058750460545,0.10887742726077854
30,5,0000000000000000046c,crop_loss,19.99652569713868,0.5230517033415267,0.19309230583593862
30,5,00000000000000000483,crop_loss,9.53775249972613,0.7721038215050313,0.20435109916405525
30,5,000000000000000004ee,crop_loss,14.470453657817123,0.39260215887884875,0.2538305221997429
30,5,00000000000000000611,crop_loss,23.779119390854106,0.5946959101980942,0.16467078308900085
30,5,0000000000000000062f,crop_loss,22.867987870051625,0.5374197705497605,0.27866005136962474
30,6,00000000000000000085,built_loss,11.601911944979515,0.3740582423859351,0.18439041829949715
30,6,00000000000000000114,built_loss,16.610722548986608,0.6826023590177643,0.14676416472852905
30,6,0000000000000000024c,built_loss,16.267495933753988,0.7047399754304997,0.13014536330970217
30,6,00000000000000000375,built_loss,21.08608445569951,0.6393332100930236,0.13187882182529875
30,6,000000000000000004d2,built_loss,16.463784793021667,0.7384476053372158,0.39162076128336204
30,6,000000000000000005bd,built_loss,3.912375174083598,0.5571134423525658,0.17253853920760964
30,6,00000000000000000281,crop_loss,21.736131788385766,0.5199068445834126,0.09858458697374772
30,6,000000000000000003a2,crop_loss,14.486902596455561,0.3421922531633797,0.19294309172934507
30,6,00000000000000000001,built_loss,18.1432177465259,0.4788025920194913,0.10224137764160335
30,6,00000000000000000049,built_loss,5.06056876896993,0.46659616002928916,0.1752440917591247
30,6,0000000000000000004a,built_loss,9.858003626692097,0.4312557007208666,0.03956977744028228
30,6,0000000000000000004f,built_loss,21.913895875756257,0.39364963849603324,0.17401494511659737
30,6,0000000000000000005a,built_loss,19.01552352293338,0.4430746018690417,0.10781304264252278
30,6,00000000000000000079,built_loss,23.748449237095553,0.6544533794449657,0.14280081439134196
30,6,00000000000000000087,built_loss,21.338130980517434,0.558309787163883,0.18533746148222657
30,6,000000000000000000a1,built_loss,7.805417476750608,0.45978053673399355,0.14476159232838914
30,6,000000000000000000b8,built_loss,9.254667927232596,0.6513228456435685,0.2677507345749541
30,6,000000000000000000c0,built_loss,20.505869582349188,0.665382922049625,0.09375442946542689
30,6,000000000000000000e2,built_loss,15.638987513418112,0.4093326268056187,0.18778221089958042
30,6,000000000000000000f0,built_loss,19.8516359663219,0.6939995555685812,0.14263777635351693
30,6,000000000000000000f8,built_loss,23.793948600037623,0.4943203612237674,0.1743880535886984
30,6,0000000000000000011c,built_loss,5.4250332661594385,0.7572207431049698,0.08098179091479207
30,6,00000000000000000161,built_loss,21.55197227358332,0.6765311742880145,0.15495869315739086
30,6,0000000000000000016a,built_loss,7.027206935792734,0.2540364147784019,0.16475129241920922
30,6,000000000000000001a8,built_loss,25.084338923705438,0.5229106006560768,0.15980307076876826
30,6,000000000000000001be,built_loss,4.843807200510893,0.4884297465334599,0.12230408294301598
30,6,000000000000000001cd,built_loss,23.20343701657602,0.7619506272922598,0.16849857431591064
30,6,000000000000000001e5,built_loss,13.121279405451764,0.5817539400140396,0.11452900771562624
30,6,00000000000000000206,built_loss,19.71019283393154,0.6904850093973522,0.2945368419567955
30,6,00000000000000000209,built_loss,23.581952384131622,0.6330476492530273,0.14247773219926219
30,6,00000000000000000231,built_loss,19.83261739178242,0.516794794727865,0.30637403011760017
30,6,0000000000000000026d,built_loss,15.579512545593003,0.6183828660437759,0.1558544140772915
30,6,00000000000000000278,built_loss,17.096385213028,0.805151543472739,0.12088411703624036
30,6,00000000000000000293,built_loss,19.812935499064952,0.4923970742992034,0.15144116250076323
30,6,000000000000000002a4,built_loss,9.50485977780349,0.4186339302045777,0.11181484954766047
30,6,00000000000000000316,built_loss,2.3875011485722255,0.10963261150615257,0.05621914827537339
30,6,00000000000000000356,built_loss,20.39873614172875,0.5083569939157818,0.2627121340929738
30,6,00000000000000000362,built_loss,21.639569700825476,0.519432477127595,0.10941181377055881
30,6,00000000000000000363,built_loss,16.661461606718426,0.2609165984464851,0.09991694582689647
30,6,00000000000000000364,built_loss,23.998446780054934,0.6429036093021308,0.1690232600337842
30,6,00000000000000000380,built_loss,15.470386801871545,0.5301210050500245,0.11621216475191076
30,6,00000000000000000384,built_loss,11.820258519488359,0.6080660511674868,0.09835227885686015
30,6,0000000000000000039e,built_loss,7.475650540376282,0.47546711842589606,0.08732053460853567
30,6,000000000000000003a1,built_loss,12.49160399470052,0.6262941579512179,0.12653701712217225
30,6,000000000000000003a5,built_loss,16.07419197436471,0.4102292075048899,0.2148257239817623
30,6,000000000000000003b7,built_loss,13.696052787554006,0.4798685681803807,0.10059223069527112
30,6,000000000000000003bf,built_loss,22.33030337858571,0.5156258358615562,0.12082131879719882
30,6,000000000000000003f8,built_loss,7.698279218547036,0.2764072581591652,0.12308365774991145
30,6,000000000000000003fa,built_loss,17.751042845295867,0.4455113967622093,0.11277202385066426
30,6,00000000000000000407,built_loss,17.457667480568535,0.5340432580168115,0.14676447206925886
30,6,0000000000000000040f,built_loss,15.790414132902024,0.5276724760056,0.047358588379526334
30,6,00000000000000000426,built_loss,18.394469520515635,0.5955272054457058,0.1428336356737786
30,6,0000000000000000042b,built_loss,19.82787799796408,0.5711671348671402,0.18388553931118384
30,6,00000000000000000442,built_loss,4.383010377225882,0.3069455524446648,0.3050683259175334
30,6,00000000000000000465,built_loss,19.84537383817799,0.6515939620047694,0.08154429174609024
30,6,0000000000000000047e,built_loss,15.74645688570599,0.5192693937380983,0.14389548817342201
30,6,000000000000000004c0,built_loss,19.788822444673713,0.6478587932208766,0.07760455535107469
30,6,000000000000000004c5,built_loss,9.547848276586736,0.5600540076155586,0.13850258856495862
30,6,000000000000000004d9,built_loss,23.70704607754238,0.5305910043391752,0.11084929548019123
30,6,000000000000000004eb,built_loss,22.56395337014446,0.43954123373193305,0.09034435834169746
30,6,000000000000000004f5,built_loss,7.141645272656413,0.4358733875170007,0.1438492737958741
30,6,000000000000000004f7,built_loss,9.931509079919993,0.4495201543599109,0.08958681758462606
30,6,000000000000000004fe,built_loss,10.927698950879403,0.48955088192560675,0.08398958688103647
30,6,0000000000000000051d,built_loss,10.87378044782231,0.4097363827710576,0.30420790267054026
30,6,00000000000000000559,built_loss,21.97773556100637,0.7380756708861212,0.17774988988676654
30,6,00000000000000000576,built_loss,7.73787577844901,0.27232671014404786,0.12804056976951336
30,6,00000000000000000577,built_loss,7.393791029293049,0.4540028512136968,0.24651263035262405
30,6,0000000000000000057f,built_loss,2.317154541190495,0.4088845658820267,0.15282274699289317
30,6,00000000000000000594,built_loss,13.679892214421868,0.3966663397297714,0.32536651904893066
30,6,000000000000000005bf,built_loss,16.3337304468214,0.39358801686669065,0.09095750533272301
30,6,000000000000000005cc,built_loss,9.131739840276028,0.34930960837768804,0.0763816986646006
30,6,000000000000000005de,built_loss,17.39737383931747,0.4525340271074212,0.07683694443792738
30,6,000000000000000005e7,built_loss,19.16035626564344,0.6513150815812653,0.19104673676513007
30,6,000000000000000005f9,built_loss,10.467905821608047,0.6130760790965332,0.14939242412381537
30,6,0000000000000000061c,built_loss,11.45447065648059,0.4292761066094508,0.21015473337719037
30,6,00000000000000000626,built_loss,16.84294689946921,0.5100220139360698,0.07522372747939743
30,6,0000000000000000062a,built_loss,20.557912054331652,0.5676556987267946,0.16003036887035338
30,6,00000000000000000636,built_loss,18.05098495564918,0.49415647900718723,0.2589064784746077
30,6,0000000000000000064a,built_loss,3.7845429686300616,0.2806651946710767,0.07087581014158043
30,6,0000000000000000064d,built_loss,11.922579212314746,0.415304600131041,0.12156895347302088
30,6,00000000000000000694,built_loss,16.120881812547346,0.40588699448841864,0.08355520671027683
30,6,0000000000000000069d,built_loss,18.78764600299237,0.653477894045894,0.1091143726566367
30,6,000000000000000006b7,built_loss,19.078906444106412,0.4852144465703636,0.08260424253449028
30,6,000000000000000006df,built_loss,14.019661014852895,0.20853653948362016,0.16013025455448565
30,6,000000000000000006e3,built_loss,16.777751103555737,0.38385456410405094,0.14251243249078532
30,6,00000000000000000011,crop_loss,22.40649988611311,0.48957518914109555,0.4448833875710424
30,6,0000000000000000002b,crop_loss,21.286095371752513,0.30048847129872513,0.27106150310886956
30,6,0000000000000000003a,crop_loss,20.19856766795041,0.27449389704132887,0.16410342903983988
30,6,0000000000000000009b,crop_loss,11.338555259046942,0.4957258343254161,0.024470384249185295
30,6,000000000000000000a8,crop_loss,16.472124911291523,0.20050506260014406,0.05874369221784878
30,6,000000000000000000da,crop_loss,17.56010242818692,0.7600134825480683,0.06761914890892295
30,6,000000000000000000e3,crop_loss,22.41276010836311,0.5334316067177894,0.11552977713803803
30,6,000000000000000000e9,crop_loss,4.686736877989962,0.43779179838517857,0.17810989947450268
30,6,0000000000000000011b,crop_loss,17.62852364914856,0.47798625580918774,0.07830371537813396
30,6,00000000000000000128,crop_loss,17.972122594947418,0.5267665076685563,0.05750978573117049
30,6,0000000000000000016c,crop_loss,19.8090088750673,0.4844397938138855,0.14928982207352187
30,6,00000000000000000196,crop_loss,15.024271215406944,0.2384879451763872,0.09297750868169119
30,6,000000000000000001a6,crop_loss,20.50679263324508,0.3572764377341554,0.160141440694745
30,6,000000000000000001e4,crop_loss,19.26742663884541,0.47241495229574076,0.11864545731787685
30,6,000000000000000001f9,crop_loss,23.592888690613258,0.5643346922314159,0.4667798945002357
30,6,00000000000000000228,crop_loss,16.27773670643928,0.40824632648559506,0.3760735918852412
30,6,0000000000000000028c,crop_loss,3.8465716941402652,0.31900775577802776,0.1176016591998246
30,6,0000000000000000028d,crop_loss,19.060147595205258,0.594707292613013,0.13395761493435188
30,6,00000000000000000291,crop_loss,11.33224301432895,0.8859124878386511,0.0449781388713093
30,6,000000000000000002c5,crop_loss,16.27882390773755,0.34409591878351015,0.13592241185302822
30,6,000000000000000002cc,crop_loss,13.193803174463328,0.505851968765704,0.41774547415628227
30,6,000000000000000002dc,crop_loss,25.237895493565315,0.5925754067262053,0.12568312077795918
30,6,000000000000000002e4,crop_loss,20.41885126567615,0.31008891716559095,0.141681321427939
30,6,000000000000000002ec,crop_loss,21.189741076314103,0.5207777839255079,0.12071026087029918
30,6,00000000000000000314,crop_loss,15.842416836501009,0.09937037464057681,0.17341339390092378
30,6,00000000000000000335,crop_loss,23.0470000608301,0.4686279586729302,0.14707981453058122
30,6,0000000000000000033a,crop_loss,16.59441513608108,0.5327463973816939,0.1132172835096441
30,6,000000000000000003b0,crop_loss,20.533202369144036,0.190560614738304,0.1192269901252439
30,6,000000000000000003f1,crop_loss,23.910066973851258,0.48436736815525955,0.15973084676880922
30,6,000000000000000003f2,crop_loss,17.6498524791277,0.5039678477328219,0.10437101336798965
30,6,0000000000000000044b,crop_loss,13.397775537093313,0.5535623125690529,0.05936493521445774
30,6,00000000000000000480,crop_loss,9.598513145530934,0.857690627903676,0.24237677133586566
30,6,00000000000000000485,crop_loss,19.197763143581117,0.6850056826204882,0.1025504696717382
30,6,00000000000000000497,crop_loss,20.556054316408137,0.2528761487404251,0.14319847221793514
30,6,0000000000000000049b,crop_loss,18.578708967933373,0.3618300807055455,0.1170651090603908
30,6,000000000000000004a1,crop_loss,19.799834708284955,0.34055960445919503,0.11986280326702786
30,6,000000000000000004e7,crop_loss,18.836997044940237,0.4716571784689494,0.05568566890331239
30,6,000000000000000004e9,crop_loss,10.734572481541525,0.3979953928831287,0.25076960864337106
30,6,000000000000000004f9,crop_loss,22.24597518043943,0.32320886461458737,0.3110688549742846
30,6,00000000000000000517,crop_loss,17.350614041158632,0.189726303037831,0.3782327470179122
30,6,00000000000000000538,crop_loss,1.0590529252137213,0.3291932746472935,0.0673224969872594
30,6,0000000000000000057e,crop_loss,4.369704344002685,0.5108191046482768,0.07054687820091593
30,6,000000000000000005d1,crop_loss,11.185174794422974,0.17561591578879976,0.10018210495662261
30,6,00000000000000000632,crop_loss,11.986825992347384,0.0916032027138205,0.07496361990356906
30,6,0000000000000000063e,crop_loss,21.6853134731278,0.3194289950382472,0.1679805165316432
30,6,00000000000000000655,crop_loss,20.111958388750995,0.4653311718209648,0.31783989850591093
30,6,00000000000000000697,crop_loss,22.288684402901943,0.6134476384237897,0.11727221085508432
30,6,00000000000000000698,crop_loss,12.959233438256877,0.4620617233651982,0.15419520871775
30,6,000000000000000006a8,crop_loss,20.580068232918684,0.28830414296211054,0.2243639017317885
30,6,000000000000000006b4,crop_loss,24.520194811570914,0.49765786060690326,0.2433013694383681
30,6,000000000000000006be,crop_loss,13.769761745530845,0.38125933767612397,0.11735555064589687
30,6,000000000000000006c0,crop_loss,2.4187879213933328,0.1962866821978855,0.09783468820536353
30,6,000000000000000006cc,crop_loss,15.509784652896368,0.35152441979274274,0.1142463617184678
30,6,000000000000000006ce,crop_loss,15.166076083953232,0.5082059474724958,0.21595597759386675
30,6,000000000000000006d9,crop_loss,20.787980965911924,0.1918707969747333,0.10080745932211338
30,6,000000000000000006e5,crop_loss,23.161549793972604,0.5225699596813365,0.21843084364698256
30,6,00000000000000000151,built_loss,8.110236105095467,0.25402996686466517,0.08924313600300657
30,6,0000000000000000034d,built_loss,5.915538995570901,0.39647598899844416,0.09140273625190998
30,6,000000000000000003c7,crop_loss,17.078228372975257,0.7030265681806583,0.19259499989616058
30,6,00000000000000000176,built_loss,14.960448690680163,0.6536515243780361,0.11700951473852073
30,6,000000000000000003d2,built_loss,22.8692118720107,0.6028034779515007,0.17775897869116952
30,6,00000000000000000490,built_loss,22.841872169534962,0.6641139580996325,0.11183861238012438
30,6,000000000000000005ad,built_loss,19.236574524413573,0.6936795347193495,0.16187241100492233
30,6,00000000000000000624,built_loss,4.316451418959327,0.41908195394555675,0.1006710156178185
30,6,0000000000000000002d,crop_loss,22.73954093208076,0.4729555630634916,0.12239739921571352
30,6,0000000000000000009d,crop_loss,7.729883158605777,0.36938614796318064,0.09233130577739446
30,6,00000000000000000192,crop_loss,21.017648998266598,0.5309970077603355,0.08493070724187746
30,6,000000000000000003c8,crop_loss,20.531014148953137,0.16735232657592175,0.13652801846674834
30,6,0000000000000000046c,crop_loss,22.55045441734346,0.4987558684527461,0.3988891623132304
30,6,00000000000000000483,crop_loss,11.501626956997196,0.6917494757936141,0.2155051905752532
30,6,000000000000000004ee,crop_loss,14.686632633956028,0.4741718879776279,0.2499343317176504
30,6,00000000000000000611,crop_loss,17.77188368049274,0.6522870313151912,0.11790511692100769
30,6,0000000000000000062f,crop_loss,20.016042006795335,0.41873587578438287,0.26490023631681603
30,7,00000000000000000085,built_loss,11.621977242373003,0.38617306272102053,0.15472362605069434
30,7,00000000000000000114,built_loss,14.848949358503875,0.7527642933574582,0.14022555908774026
30,7,0000000000000000024c,built_loss,14.863160314769186,0.7193865663646892,0.10009788832901556
30,7,00000000000000000375,built_loss,17.996917378848668,0.6638055885591543,0.13997080306933507
30,7,000000000000000004d2,built_loss,19.612663806043496,0.4929390873979527,0.631585713467331
30,7,000000000000000005bd,built_loss,5.455004974649943,0.5612552903277255,0.12286671770404811
30,7,00000000000000000281,crop_loss,19.793197532514537,0.549907343764006,0.07486909652363616
30,7,000000000000000003a2,crop_loss,17.04544674093336,0.32776598600454815,0.18657542629326096
30,7,00000000000000000001,built_loss,19.11949939307162,0.469752657885932,0.1313811198157509
30,7,00000000000000000049,built_loss,4.663762327564287,0.4990447736513731,0.13849693778746647
30,7,0000000000000000004a,built_loss,7.348281117431096,0.454743899034884,0.07104661715496896
30,7,0000000000000000004f,built_loss,16.64287108647659,0.4506346514838681,0.1759053492208409
30,7,0000000000000000005a,built_loss,16.522836768798793,0.4406372150242208,0.05806578885337427
30,7,00000000000000000079,built_loss,23.562524854532818,0.6325352152006843,0.10560028231694574
30,7,00000000000000000087,built_loss,20.451612056906235,0.6025669398114804,0.23756819302417653
30,7,000000000000000000a1,built_loss,7.904408230636969,0.47163132716241535,0.12568358587240325
30,7,000000000000000000b8,built_loss,8.45721023496409,0.5890920736746807,0.31467971223742675
30,7,000000000000000000c0,built_loss,20.5766764663697,0.656175907424097,0.07642229929752198
30,7,000000000000000000e2,built_loss,15.326427916638794,0.3934775781299602,0.1517310626798951
30,7,000000000000000000f0,built_loss,15.31472559561113,0.6764775836553405,0.19481291212341112
30,7,000000000000000000f8,built_loss,19.33075509887385,0.5887108033040125,0.19975876691502614
30,7,0000000000000000011c,built_loss,5.766409290268627,0.745113109260837,0.07005737134461887
30,7,00000000000000000161,built_loss,20.844065155228726,0.6405210972814428,0.13625338934732223
30,7,0000000000000000016a,built_loss,8.499803470684956,0.22540755715121383,0.10619938606627452
30,7,000000000000000001a8,built_loss,20.473482288126906,0.5597576915395199,0.2157233137477088
30,7,000000000000000001be,built_loss,6.316427822129472,0.523306752255255,0.12982528200483406
30,7,000000000000000001cd,built_loss,20.608558541457338,0.7954271588206167,0.12142588466438364
30,7,000000000000000001e5,built_loss,15.115638969373343,0.6160605199437902,0.18445317540497463
30,7,00000000000000000206,built_loss,20.213603915979583,0.6545023964498321,0.14519436684221343
30,7,00000000000000000209,built_loss,21.524818405152747,0.5829440694662612,0.17972176402279638
30,7,00000000000000000231,built_loss,22.26883414512716,0.5499837818855976,0.14971822764888093
30,7,0000000000000000026d,built_loss,19.799458488066538,0.6101974498244533,0.1917970470783933
30,7,00000000000000000278,built_loss,18.59215665536826,0.7326071817023561,0.12283768388652383
30,7,00000000000000000293,built_loss,16.847208171156755,0.5142635453239219,0.11328548917334913
30,7,000000000000000002a4,built_loss,8.698807329301923,0.4031561488169061,0.12336982644072542
30,7,00000000000000000316,built_loss,1.8497725220168595,0.1095304442797518,0.07640843611932484
30,7,00000000000000000356,built_loss,18.39803289380776,0.5559661109399158,0.26089929669294987
30,7,00000000000000000362,built_loss,19.203842095150023,0.5377602313907549,0.11311819789837663
30,7,00000000000000000363,built_loss,16.49077261722039,0.23083833892665995,0.10177569791820912
30,7,00000000000000000364,built_loss,23.33869342291632,0.6215567884546069,0.1290424855875031
30,7,00000000000000000380,built_loss,19.787624213173938,0.4790526308116597,0.1671074122644352
30,7,00000000000000000384,built_loss,11.683125721024311,0.5866415451304621,0.11506597239120842
30,7,0000000000000000039e,built_loss,8.27999949992897,0.45718273601640275,0.11873932668879167
30,7,000000000000000003a1,built_loss,12.853288808994144,0.6302292727041284,0.12465240727713423
30,7,000000000000000003a5,built_loss,15.157926059759403,0.4410407124972612,0.22383109434895748
30,7,000000000000000003b7,built_loss,9.824405714723401,0.5278864376831992,0.06766616322983249
30,7,000000000000000003bf,built_loss,21.829593448666774,0.5225639569560595,0.08155486603498086
30,7,000000000000000003f8,built_loss,5.301644759733207,0.2473317718423402,0.13325947098260746
30,7,000000000000000003fa,built_loss,22.897569467009074,0.42803074540540664,0.09883643169449047
30,7,00000000000000000407,built_loss,21.4960264101611,0.615604817819215,0.1415839922151011
30,7,0000000000000000040f,built_loss,18.176755297299927,0.5350163786720286,0.04793851480935185
30,7,00000000000000000426,built_loss,16.90453702966204,0.5555046271440589,0.11874920531165889
30,7,0000000000000000042b,built_loss,19.852094782557987,0.6074874313178494,0.15811543495481595
30,7,00000000000000000442,built_loss,3.128016449208242,0.3411791406882873,0.23138914173952968
30,7,00000000000000000465,built_loss,21.83229006528208,0.6317871143285447,0.13169966452723003
30,7,0000000000000000047e,built_loss,14.304957134759873,0.5496359905761434,0.12295539910030306
30,7,000000000000000004c0,built_loss,20.093453225528336,0.6700078599243027,0.11124315978105481
30,7,000000000000000004c5,built_loss,10.583076109175636,0.5866410585945507,0.1759812980484774
30,7,000000000000000004d9,built_loss,24.078546363926723,0.5611503826515295,0.11190110521632124
30,7,000000000000000004eb,built_loss,20.05888104065465,0.45673148659757795,0.0859719239247213
30,7,000000000000000004f5,built_loss,6.8991822749602925,0.4532457737118214,0.1431623376862341
30,7,000000000000000004f7,built_loss,7.344540397824233,0.4755852568806738,0.0766355281517212
30,7,000000000000000004fe,built_loss,14.049265433672625,0.5354403876476416,0.09342723410595699
30,7,0000000000000000051d,built_loss,14.77030243132167,0.48151416339543174,0.28043445623124874
30,7,00000000000000000559,built_loss,19.32255211758303,0.7310502121257908,0.14361367994462437
30,7,00000000000000000576,built_loss,8.609496382946498,0.2965482127522265,0.11650017443698904
30,7,00000000000000000577,built_loss,7.906080146815984,0.5319901424309647,0.17168683968931508
30,7,0000000000000000057f,built_loss,2.6563197202774695,0.3446770939027432,0.1499535928615381
30,7,00000000000000000594,built_loss,14.943352090588263,0.4791717648350347,0.41113066098714285
30,7,000000000000000005bf,built_loss,16.531319400274015,0.4512752016124272,0.0910638926605834
30,7,000000000000000005cc,built_loss,9.117567878612281,0.33246775659042077,0.06527574728751623
30,7,000000000000000005de,built_loss,19.409734913889668,0.4375447805397317,0.06193545002283746
30,7,000000000000000005e7,built_loss,20.21399404413637,0.633302922167137,0.25174194990647386
30,7,000000000000000005f9,built_loss,12.598284269015474,0.6217975724589454,0.21304095259656475
30,7,0000000000000000061c,built_loss,13.727439885283035,0.373982019090241,0.11630942932206573
30,7,00000000000000000626,built_loss,19.528704571562262,0.48089411328509457,0.06720160147515863
30,7,0000000000000000062a,built_loss,21.23691774960859,0.5387306776468087,0.13737898926642345
30,7,00000000000000000636,built_loss,13.992783677517027,0.4876459305603576,0.23854799202657123
30,7,0000000000000000064a,built_loss,3.36649060287215,0.2868971199955022,0.07233162958469869
30,7,0000000000000000064d,built_loss,10.882750950077751,0.43479062530290785,0.15560167597941033
30,7,00000000000000000694,built_loss,16.21575379353311,0.38639338154450825,0.045919466773521045
30,7,0000000000000000069d,built_loss,18.17076281825386,0.6474418577713447,0.14510181710278824
30,7,000000000000000006b7,built_loss,19.044872607017524,0.45296233680601217,0.11551779241445737
30,7,000000000000000006df,built_loss,13.241675003205073,0.2377137038875792,0.14571924919453394
30,7,000000000000000006e3,built_loss,17.593265443557623,0.43066470485575653,0.1693660650628066
30,7,00000000000000000011,crop_loss,22.74790109239037,0.5186008006397664,0.4553670874054121
30,7,0000000000000000002b,crop_loss,22.424993181091335,0.2758168684697289,0.24564556289406062
30,7,0000000000000000003a,crop_loss,24.712741708599154,0.27697130892427047,0.0940141092815549
30,7,0000000000000000009b,crop_loss,17.290101295558937,0.4939267655397449,0.02440648914525373
30,7,000000000000000000a8,crop_loss,16.73321994427434,0.1916826262271442,0.06506145440583413
30,7,000000000000000000da,crop_loss,18.991139818348554,0.7566143546251979,0.09091558452344006
30,7,000000000000000000e3,crop_loss,21.448949343208874,0.4497810097179769,0.14540013314817074
30,7,000000000000000000e9,crop_loss,4.5866772491715215,0.4645032824587754,0.21630811402552008
30,7,0000000000000000011b,crop_loss,14.45031360129893,0.4798193968780587,0.09679067294320931
30,7,00000000000000000128,crop_loss,16.954032799367933,0.5443478033077757,0.053965132720859676
30,7,0000000000000000016c,crop_loss,18.525189500019952,0.5339935343954307,0.09660136020907406
30,7,00000000000000000196,crop_loss,15.128498003507334,0.26945467049501254,0.14238509059514232
30,7,000000000000000001a6,crop_loss,20.874522002838976,0.3002976072454887,0.20759723409090305
30,7,000000000000000001e4,crop_loss,21.575331422601128,0.4919214195029283,0.1513808299133257
30,7,000000000000000001f9,crop_loss,20.431034634522966,0.5041141160319549,0.43348300314470695
30,7,00000000000000000228,crop_loss,18.319050328782875,0.40280249958856684,0.3931737942063698
30,7,0000000000000000028c,crop_loss,5.72438199220769,0.3339741217754298,0.09322619613373251
30,7,0000000000000000028d,crop_loss,20.403673107269697,0.6025682807986307,0.10293787576965063
30,7,00000000000000000291,crop_loss,11.700463758857367,0.8766518376446834,0.05498734107662373
30,7,000000000000000002c5,crop_loss,17.42180098696473,0.3793983392302332,0.1621239074509923
30,7,000000000000000002cc,crop_loss,11.636437391303792,0.3474851270368797,0.33510590985175864
30,7,000000000000000002dc,crop_loss,22.31833838653692,0.6100603423873197,0.17009013595988065
30,7,000000000000000002e4,crop_loss,16.036257383211833,0.32133815159580514,0.12172899979477503
30,7,000000000000000002ec,crop_loss,22.77660976376053,0.5397081138698895,0.14314834449362124
30,7,00000000000000000314,crop_loss,19.25481874735646,0.05593362670851414,0.09058040924352832
30,7,00000000000000000335,crop_loss,21.161394074565717,0.44207609297379225,0.1410658827366652
30,7,0000000000000000033a,crop_loss,19.768777270508394,0.5025588714231773,0.14697009270244993
30,7,000000000000000003b0,crop_loss,21.175988029644838,0.2622616446459745,0.12470811920519156
30,7,000000000000000003f1,crop_loss,18.432455485543198,0.46294610603057335,0.13628723412550048
30,7,000000000000000003f2,crop_loss,20.926654172653304,0.469745797316023,0.10703660689577954
30,7,0000000000000000044b,crop_loss,9.697288823901788,0.5778324759154565,0.07543050896407155
30,7,00000000000000000480,crop_loss,8.2839816840084,0.7265917633407828,0.40545681727330246
30,7,00000000000000000485,crop_loss,18.391117635238725,0.692273636947019,0.1141366641161905
30,7,00000000000000000497,crop_loss,23.334803481979492,0.254356784265734,0.1920672751025291
30,7,0000000000000000049b,crop_loss,19.890637584626393,0.34479842165856955,0.11236093735072228
30,7,000000000000000004a1,crop_loss,23.219525699303755,0.372953353017298,0.09182389434462018
30,7,000000000000000004e7,crop_loss,18.583421140275405,0.49984213581483256,0.07452858592279737
30,7,000000000000000004e9,crop_loss,13.48607232262542,0.2797341869145163,0.1804468644235108
30,7,000000000000000004f9,crop_loss,21.64239861813454,0.3193788321508932,0.26135107566375637
30,7,00000000000000000517,crop_loss,17.81804785621906,0.2712331711298354,0.315605444280551
30,7,00000000000000000538,crop_loss,1.0608141744256638,0.287086420643891,0.07167500530816406
30,7,0000000000000000057e,crop_loss,4.780164182462024,0.5257120124204361,0.072609607090032
30,7,000000000000000005d1,crop_loss,13.268752118718368,0.21584216104898368,0.1864462438492018
30,7,00000000000000000632,crop_loss,10.217892674819707,0.0758091930132521,0.04473911201623697
30,7,0000000000000000063e,crop_loss,23.554378045911257,0.2349309667580797,0.09872826887830599
30,7,00000000000000000655,crop_loss,17.593534402190667,0.4830223350171869,0.3698983755912357
30,7,00000000000000000697,crop_loss,22.473128143870824,0.633991499678016,0.11987671076944095
30,7,00000000000000000698,crop_loss,16.19095390110513,0.40238281355195155,0.13682549600258959
30,7,000000000000000006a8,crop_loss,23.237970788930273,0.351149075893919,0.25300600067301615
30,7,000000000000000006b4,crop_loss,22.965059368255393,0.5576395196015764,0.21663227859788048
30,7,000000000000000006be,crop_loss,11.803406559706577,0.4138050422273899,0.21224012592824254
30,7,000000000000000006c0,crop_loss,2.4902566902982324,0.1852031625198164,0.09559207251148269
30,7,000000000000000006cc,crop_loss,12.326521878007215,0.33179703063379523,0.11552911143244349
30,7,000000000000000006ce,crop_loss,14.842278219765468,0.5005065700803422,0.2779666658144097
30,7,000000000000000006d9,crop_loss,19.94339448750931,0.2296721366475292,0.09456900892564302
30,7,000000000000000006e5,crop_loss,20.73050925168579,0.46860925742912435,0.20253560860165587
30,7,00000000000000000151,built_loss,4.866844318719819,0.2373257349636789,0.07345875249348985
30,7,0000000000000000034d,built_loss,4.70065691002481,0.4330171721055649,0.08820168715353549
30,7,000000000000000003c7,crop_loss,18.9857393811329,0.7860873105548167,0.14069036601012552
30,7,00000000000000000176,built_loss,15.147061685262711,0.6570249118889975,0.08717441213600852
30,7,000000000000000003d2,built_loss,21.002866130208375,0.6273070296084168,0.1695608482019353
30,7,00000000000000000490,built_loss,23.529469717932244,0.6431677186383232,0.12276747642402652
30,7,000000000000000005ad,built_loss,18.304843306337247,0.6999218005754041,0.13471133601465068
30,7,00000000000000000624,built_loss,3.940835529569432,0.4984680243573684,0.2084938290762302
30,7,0000000000000000002d,crop_loss,22.860141550250415,0.47832708284271064,0.14566884509158756
30,7,0000000000000000009d,crop_loss,7.136114030447231,0.368137103197146,0.10299379558172866
30,7,00000000000000000192,crop_loss,18.545420845631867,0.5677377390458825,0.05714450219257783
30,7,000000000000000003c8,crop_loss,19.699750611842372,0.18987454620649696,0.09137679474646238
30,7,0000000000000000046c,crop_loss,22.780514081694403,0.44411009023536274,0.3660135558372398
30,7,00000000000000000483,crop_loss,9.520588432034513,0.7211472894206681,0.1959336370140069
30,7,000000000000000004ee,crop_loss,12.859317976916826,0.36550944329789,0.2128122119704975
30,7,00000000000000000611,crop_loss,21.231665923584632,0.672911616115108,0.09257542556918441
30,7,0000000000000000062f,crop_loss,22.14355386944278,0.6006636372015961,0.20924146544304384
50,0,00000000000000000085,built_loss,16.261659457036643,0.3344926015281206,0.1219011745195337
50,0,00000000000000000114,built_loss,21.248630649989664,0.6827955674740556,0.11642113582431424
50,0,0000000000000000024c,built_loss,16.095071473901747,0.7235042826890439,0.0912093959923197
50,0,00000000000000000375,built_loss,24.539035621825956,0.6256771168628067,0.142355491654935
50,0,000000000000000004d2,built_loss,25.283055135888606,0.4069312751113596,0.43985712040346536
50,0,000000000000000005bd,built_loss,5.102287752398063,0.5526160578918331,0.10173679540649361
50,0,00000000000000000281,crop_loss,27.257004448744553,0.5058194861714826,0.08173483884209592
50,0,000000000000000003a2,crop_loss,22.237520802647037,0.4080762451263395,0.1802728765721981
50,0,00000000000000000001,built_loss,20.164629151702194,0.45129666901673865,0.12452407716109282
50,0,00000000000000000049,built_loss,4.940787270589283,0.4342319522177867,0.08689079607675482
50,0,0000000000000000004a,built_loss,10.13712677860662,0.4552989475993576,0.0525409917751718
50,0,0000000000000000004f,built_loss,29.627024043156155,0.4923420741972986,0.1643244417870886
50,0,0000000000000000005a,built_loss,22.90041999245098,0.46530206969178867,0.0526733168137854
50,0,00000000000000000079,built_loss,34.77201943250527,0.6531291157434151,0.10463048902045657
50,0,00000000000000000087,built_loss,32.4856071679906,0.642821337016788,0.15553331536275106
50,0,000000000000000000a1,built_loss,8.019966106545763,0.4571831368089497,0.07356277634822428
50,0,000000000000000000b8,built_loss,9.441562196961504,0.5736498663776275,0.19531277091099952
50,0,000000000000000000c0,built_loss,23.864898831011708,0.6429442436775549,0.0759365804444343
50,0,000000000000000000e2,built_loss,14.667334575018307,0.3975499284371628,0.13215967361409448
50,0,000000000000000000f0,built_loss,23.292571368285504,0.7217172218102013,0.1464721431193049
50,0,000000000000000000f8,built_loss,32.202786425609546,0.5520904084890291,0.14217716590113927
50,0,0000000000000000011c,built_loss,5.937660678178924,0.7373574925039903,0.059743076901603076
50,0,00000000000000000161,built_loss,28.347426854107123,0.6373234132533958,0.09295251479281719
50,0,0000000000000000016a,built_loss,8.585019429386728,0.2891932097891685,0.12063285750175565
50,0,000000000000000001a8,built_loss,32.30199510178947,0.5725669045176031,0.1250441888070266
50,0,000000000000000001be,built_loss,5.714427750526189,0.4827615561655503,0.13432650189993656
50,0,000000000000000001cd,built_loss,33.481372547455194,0.7285494738020047,0.1678441806419969
50,0,000000000000000001e5,built_loss,17.766161472024898,0.5728733474868277,0.10900369405793209
50,0,00000000000000000206,built_loss,26.644404197508084,0.7289295562117771,0.10245699083793147
50,0,00000000000000000209,built_loss,32.7383100053642,0.6050054665604835,0.11656316523468446
50,0,00000000000000000231,built_loss,28.499234796813553,0.5526319912993833,0.09025349751916822
50,0,0000000000000000026d,built_loss,22.571242738964322,0.6325506611287215,0.11589315380764886
50,0,00000000000000000278,built_loss,27.1978984267121,0.7524792902261055,0.11439576214084302
50,0,00000000000000000293,built_loss,24.751755753398424,0.4738782192083558,0.0814376078761953
50,0,000000000000000002a4,built_loss,11.413788233159588,0.4270006184045687,0.0805132395324702
50,0,00000000000000000316,built_loss,1.8597031651605893,0.1026784547981997,0.054337164528860976
50,0,00000000000000000356,built_loss,29.207430166423222,0.5360253655393448,0.22479383203050407
50,0,00000000000000000362,built_loss,31.286469797938093,0.5656982102588299,0.11837193353259523
50,0,00000000000000000363,built_loss,22.782801782267033,0.25622937534935786,0.10051822470006716
50,0,00000000000000000364,built_loss,30.720607329331816,0.6147465549438677,0.10776740909721516
50,0,00000000000000000380,built_loss,22.976939170212212,0.49120908409048447,0.1066430835384819
50,0,00000000000000000384,built_loss,15.158118146800586,0.5667652845531812,0.09939873388397213
50,0,0000000000000000039e,built_loss,6.945492895163078,0.4679793970843125,0.09674112697384835
50,0,000000000000000003a1,built_loss,13.430970381278438,0.6307033491004846,0.11035464824702146
50,0,000000000000000003a5,built_loss,19.539568993480835,0.4038338398696124,0.12018872090126237
50,0,000000000000000003b7,built_loss,14.102936303258089,0.5014012401869165,0.05800853833219766
50,0,000000000000000003bf,built_loss,28.811165717893683,0.5278612434180944,0.06297471052335685
50,0,000000000000000003f8,built_loss,6.972822856145112,0.2171995606239848,0.06328577019494658
50,0,000000000000000003fa,built_loss,29.971494774054317,0.4229846430137659,0.08666033280631674
50,0,00000000000000000407,built_loss,28.050670598617653,0.5671816594762281,0.11390419575992938
50,0,0000000000000000040f,built_loss,23.087109467076893,0.5250004618977724,0.029806539576940683
50,0,00000000000000000426,built_loss,21.601951675906726,0.5903926578781726,0.09782039923885844
50,0,0000000000000000042b,built_loss,25.486576918841518,0.5828071733648134,0.12490684628732884
50,0,00000000000000000442,built_loss,3.3859656017960438,0.3516340515481635,0.17384359203314365
50,0,00000000000000000465,built_loss,28.02406845241969,0.6607201419323311,0.08773518757127119
50,0,0000000000000000047e,built_loss,17.152656396904398,0.5429223218573591,0.1038758667843469
50,0,000000000000000004c0,built_loss,29.57632791394823,0.6407735571226512,0.08421366364859229
50,0,000000000000000004c5,built_loss,13.570269807072041,0.5881830175223357,0.0875522953244976
50,0,000000000000000004d9,built_loss,26.42371745979848,0.5384071374950604,0.08605010922638218
50,0,000000000000000004eb,built_loss,30.3751523329253,0.4418783056852468,0.05896039367346956
50,0,000000000000000004f5,built_loss,7.496242811851724,0.49970135239866204,0.12097089129530969
50,0,000000000000000004f7,built_loss,7.82335572791898,0.4785701549173223,0.04115538818298242
50,0,000000000000000004fe,built_loss,13.292170354144858,0.4788295136267063,0.058457595151373776
50,0,0000000000000000051d,built_loss,19.67575599831499,0.6198878889482937,0.2338610331341806
50,0,00000000000000000559,built_loss,27.124762308801245,0.6701201323063056,0.1354459862911529
50,0,00000000000000000576,built_loss,7.899396026696137,0.27987356311497225,0.08257576341501108
50,0,00000000000000000577,built_loss,9.043403040612926,0.5169325179580415,0.16153384734879922
50,0,0000000000000000057f,built_loss,2.2462017479529925,0.38456632766249016,0.11810208226340646
50,0,00000000000000000594,built_loss,17.519945399161195,0.5256858906844897,0.20630463901235202
50,0,000000000000000005bf,built_loss,22.02573634753225,0.3818706320256063,0.07782478754702021
50,0,000000000000000005cc,built_loss,10.110317152708678,0.36202505342104196,0.06552185678295608
50,0,000000000000000005de,built_loss,25.946884348701044,0.4356938215748795,0.06080701945845651
50,0,000000000000000005e7,built_loss,28.666453175117244,0.6245515136755385,0.17657157103373
50,0,000000000000000005f9,built_loss,15.161284337274724,0.6605883580971625,0.14939089555041596
50,0,0000000000000000061c,built_loss,16.519377095721907,0.3921614632569544,0.12424724705248774
50,0,00000000000000000626,built_loss,24.179854099811074,0.4825708178148608,0.06633450757317377
50,0,0000000000000000062a,built_loss,24.519484961288168,0.5730068678411415,0.07976244527668319
50,0,00000000000000000636,built_loss,17.05816578517438,0.4583677231796607,0.25888429093565707
50,0,0000000000000000064a,built_loss,3.396681083797811,0.3040644597559891,0.05156082170855397
50,0,0000000000000000064d,built_loss,9.63092414687535,0.44317190247232746,0.0928247404170422
50,0,00000000000000000694,built_loss,20.87341121141627,0.39391158647341024,0.053692305055295264
50,0,0000000000000000069d,built_loss,30.305852354098498,0.6398495246769369,0.10137049906319084
50,0,000000000000000006b7,built_loss,22.428970931670815,0.4488568456400096,0.07601025560980257
50,0,000000000000000006df,built_loss,16.160942882842487,0.21239963853300617,0.09553241739017337
50,0,000000000000000006e3,built_loss,24.63505217082201,0.41201242453609477,0.1318439343094331
50,0,00000000000000000011,crop_loss,27.34187398733142,0.8502847983388818,0.33691735133851985
50,0,0000000000000000002b,crop_loss,27.63907100656347,0.21288316164395646,0.180209559920441
50,0,0000000000000000003a,crop_loss,29.80293410676955,0.2676020105669427,0.13882574926087407
50,0,0000000000000000009b,crop_loss,13.101450347067903,0.49299523827363423,0.017350370635708934
50,0,000000000000000000a8,crop_loss,19.76466715309629,0.21129894236737146,0.04971436084332795
50,0,000000000000000000da,crop_loss,23.446928034690206,0.727352958755531,0.0928672795198926
50,0,000000000000000000e3,crop_loss,29.50041848890188,0.4634996566797017,0.111848848543801
50,0,000000000000000000e9,crop_loss,4.171524603807935,0.46229129963016746,0.17004880917178294
50,0,0000000000000000011b,crop_loss,21.005712410435734,0.5057067651989229,0.05163623334202827
50,0,00000000000000000128,crop_loss,23.294983438080507,0.5470298861060362,0.04219640723009632
50,0,0000000000000000016c,crop_loss,28.826284037039017,0.43268586110675866,0.12539984647397784
50,0,00000000000000000196,crop_loss,21.875855752345295,0.24077711649019415,0.09196850752706259
50,0,000000000000000001a6,crop_loss,22.706296926543445,0.3206863646254805,0.13373994695793234
50,0,000000000000000001e4,crop_loss,30.232527476171644,0.45158748666444504,0.09232063210125785
50,0,000000000000000001f9,crop_loss,32.12078976010554,0.6771769777893193,0.39800253085031395
50,0,00000000000000000228,crop_loss,20.008512116291833,0.4645707957076138,0.32524841811107846
50,0,0000000000000000028c,crop_loss,3.7140427316335503,0.2922842678874989,0.06749914744676178
50,0,0000000000000000028d,crop_loss,23.281400142213922,0.6575644686323571,0.10656248379396127
50,0,00000000000000000291,crop_loss,14.995547734813785,0.8686182688775165,0.05358472233030298
50,0,000000000000000002c5,crop_loss,19.070223315269338,0.37155741274251064,0.1626887571004506
50,0,000000000000000002cc,crop_loss,14.183406388724986,0.3803833341005311,0.34235261562040503
50,0,000000000000000002dc,crop_loss,30.663359486154413,0.6304617969707463,0.09436028206119962
50,0,000000000000000002e4,crop_loss,28.660498153250664,0.30427057733605767,0.1575691771115556
50,0,000000000000000002ec,crop_loss,32.91839951399229,0.5038279651034153,0.10656212383748159
50,0,00000000000000000314,crop_loss,25.335891129869765,0.1044460332429392,0.10656804214427515
50,0,00000000000000000335,crop_loss,27.6911693272193,0.4472675180240235,0.11265091510003955
50,0,0000000000000000033a,crop_loss,23.81151922014295,0.4655497596659154,0.12979308172996057
50,0,000000000000000003b0,crop_loss,29.961664036766695,0.20229407956221293,0.11636026626576404
50,0,000000000000000003f1,crop_loss,36.141951352819675,0.43983599218047276,0.10903962590951116
50,0,000000000000000003f2,crop_loss,25.04122919946677,0.4720523617416568,0.07332757443314819
50,0,0000000000000000044b,crop_loss,12.18602487735823,0.556065852480505,0.07103803759735006
50,0,00000000000000000480,crop_loss,10.721592495880937,0.8903170805646952,0.0563781953222251
50,0,00000000000000000485,crop_loss,32.89179020741796,0.7062700389912377,0.06087778617680906
50,0,00000000000000000497,crop_loss,28.124107330016788,0.2691484780697652,0.12521295150228542
50,0,0000000000000000049b,crop_loss,28.59505365884842,0.36402438281082006,0.049033594238987954
50,0,000000000000000004a1,crop_loss,23.163051502755767,0.33920780124568634,0.08181706032294533
50,0,000000000000000004e7,crop_loss,19.646797636559437,0.5084727314257077,0.0527876561729449
50,0,000000000000000004e9,crop_loss,13.634748479240102,0.3667063740139777,0.16683669427870407
50,0,000000000000000004f9,crop_loss,30.706443538877217,0.3454244391995214,0.2523654818693666
50,0,00000000000000000517,crop_loss,22.86094461520124,0.2811970410779037,0.21042085275639238
50,0,00000000000000000538,crop_loss,1.066639418721653,0.30157984181609937,0.0625871974054103
50,0,0000000000000000057e,crop_loss,4.68632897138429,0.52468017046091,0.05393012518334772
50,0,000000000000000005d1,crop_loss,14.19547276121603,0.15766565485318804,0.16203196415954596
50,0,00000000000000000632,crop_loss,12.137841057832688,0.08744694522164088,0.04970353851026413
50,0,0000000000000000063e,crop_loss,31.93550152095301,0.26292445234065226,0.06304866662495573
50,0,00000000000000000655,crop_loss,21.149656580316787,0.5715444713716943,0.2976609393576119
50,0,00000000000000000697,crop_loss,34.86622307019445,0.6394408450869844,0.13167159300062747
50,0,00000000000000000698,crop_loss,15.595970581602701,0.4649048923248462,0.1626339775170993
50,0,000000000000000006a8,crop_loss,31.356190048817155,0.3125940239572969,0.0851381922384778
50,0,000000000000000006b4,crop_loss,32.80499986129653,0.5628167784267382,0.18637980447629515
50,0,000000000000000006be,crop_loss,12.011429217309688,0.38221563343092535,0.13304578962329822
50,0,000000000000000006c0,crop_loss,2.9669778192164107,0.16756704270413753,0.07455125510862765
50,0,000000000000000006cc,crop_loss,19.051609319668202,0.3499976117456682,0.09086151766661638
50,0,000000000000000006ce,crop_loss,17.084642085993952,0.5482936428585703,0.21269890586827178
50,0,000000000000000006d9,crop_loss,30.07827979994865,0.1910283834128227,0.08235502238788006
50,0,000000000000000006e5,crop_loss,31.749156207851453,0.5094418942296804,0.1068856448249354
50,0,00000000000000000151,built_loss,7.196402965163718,0.26458239383053206,0.050086712396440525
50,0,0000000000000000034d,built_loss,6.627767123176514,0.43623312526449237,0.06866171546587535
50,0,000000000000000003c7,crop_loss,23.25264092401913,0.6888755721359705,0.09306093164445428
50,0,00000000000000000176,built_loss,24.304664933044393,0.6528607904087068,0.09062684481612715
50,0,000000000000000003d2,built_loss,26.188631237309316,0.6345954012674121,0.10456754430099946
50,0,00000000000000000490,built_loss,31.108104786696416,0.6564761892894653,0.06827523909757927
50,0,000000000000000005ad,built_loss,26.532405362608365,0.6244997097649717,0.14534492542252742
50,0,00000000000000000624,built_loss,5.058833224682688,0.46946805059831587,0.1553775470180233
50,0,0000000000000000002d,crop_loss,31.633014423469948,0.46625646339255555,0.11542992096447452
50,0,0000000000000000009d,crop_loss,6.4200868933941,0.36660548516879277,0.11558608626776279
50,0,00000000000000000192,crop_loss,33.569848851583,0.5478439597139707,0.05545965234993111
50,0,000000000000000003c8,crop_loss,27.686527077275027,0.18400682865867876,0.09296366002266646
50,0,0000000000000000046c,crop_loss,27.739367452243435,0.5208044961149988,0.21448720297463958
50,0,00000000000000000483,crop_loss,12.18312034350582,0.7056497190465219,0.11738333777135534
50,0,000000000000000004ee,crop_loss,16.847083316705508,0.3149118767182064,0.2344794047679636
50,0,00000000000000000611,crop_loss,30.26928680509867,0.6459156493928151,0.08059724008360813
50,0,0000000000000000062f,crop_loss,29.777314674162955,0.38932409460230405,0.19002165927548725
50,1,00000000000000000085,built_loss,12.01220503514203,0.37237096389523433,0.12020041392308589
50,1,00000000000000000114,built_loss,20.190627166982356,0.6908071155118024,0.08388775107932367
50,1,0000000000000000024c,built_loss,20.69374639650702,0.7222722670814832,0.08494933623006007
50,1,00000000000000000375,built_loss,28.853645830365384,0.6896532215134605,0.11109741415540952
50,1,000000000000000004d2,built_loss,24.187210684387058,0.43206150212615885,0.40852521999472735
50,1,000000000000000005bd,built_loss,4.258346218140534,0.5830230741518145,0.12872525649812594
50,1,00000000000000000281,crop_loss,28.81265965823646,0.5052285675267676,0.08950973648623628
50,1,000000000000000003a2,crop_loss,21.674626142145275,0.31425133713685166,0.10302392614556743
50,1,00000000000000000001,built_loss,20.917997472147583,0.4776801030505987,0.0844484254940448
50,1,00000000000000000049,built_loss,5.159228595824645,0.4629127950217822,0.08077753351116218
50,1,0000000000000000004a,built_loss,11.501705393765198,0.43356776170871536,0.04325815276078537
50,1,0000000000000000004f,built_loss,28.7461484330751,0.42720839362114815,0.1727103945420405
50,1,0000000000000000005a,built_loss,23.173341984971447,0.43789938669020934,0.0659616142139326
50,1,00000000000000000079,built_loss,35.91702893073315,0.6090502584690043,0.12802611070944303
50,1,00000000000000000087,built_loss,31.139380834848474,0.6139309171658025,0.11728226889836613
50,1,000000000000000000a1,built_loss,7.309402048631634,0.4536793540871218,0.11397540675197332
50,1,000000000000000000b8,built_loss,9.322784115899424,0.42699026240279464,0.2307032814920459
50,1,000000000000000000c0,built_loss,24.88162245639504,0.633816393670409,0.09189461648329866
50,1,000000000000000000e2,built_loss,16.22112931550571,0.36165339813078334,0.12105218532838963
50,1,000000000000000000f0,built_loss,23.341265327996435,0.7011396165727298,0.1264779694775331
50,1,000000000000000000f8,built_loss,34.04226171893919,0.5441329858702357,0.11616040531074212
50,1,0000000000000000011c,built_loss,8.549075214282585,0.7177857339044841,0.0846247834918813
50,1,00000000000000000161,built_loss,29.437757198989726,0.6358395847811451,0.11048498378499116
50,1,0000000000000000016a,built_loss,6.728812741318536,0.2263004261066427,0.07726360565725338
50,1,000000000000000001a8,built_loss,34.351220452391324,0.5334136597945022,0.13413242169704592
50,1,000000000000000001be,built_loss,6.478653308101096,0.5376497175708349,0.11845500927750591
50,1,000000000000000001cd,built_loss,30.59254496719664,0.7346540970907902,0.12344750020420514
50,1,000000000000000001e5,built_loss,17.034654930983347,0.5802009425319965,0.1147761352607033
50,1,00000000000000000206,built_loss,28.088999803323873,0.728520155526783,0.12936806386825117
50,1,00000000000000000209,built_loss,33.40807913686651,0.6067132189218329,0.15571868565123792
50,1,00000000000000000231,built_loss,27.805934336874493,0.5758900530011726,0.1298918027918352
50,1,0000000000000000026d,built_loss,18.63245660380897,0.6761667407802491,0.14850149616148678
50,1,00000000000000000278,built_loss,25.83311839988288,0.7983003529268848,0.10948164264087923
50,1,00000000000000000293,built_loss,20.949576775165035,0.4916667077173457,0.10555938408578075
50,1,000000000000000002a4,built_loss,9.629152307684704,0.3796509435218747,0.08238593323322863
50,1,00000000000000000316,built_loss,2.1316370240751303,0.12184956277245883,0.03773094102403936
50,1,00000000000000000356,built_loss,22.360518116681305,0.5517825512607114,0.2005593112765866
50,1,00000000000000000362,built_loss,31.888151662078553,0.5241035345822294,0.0826859441305352
50,1,00000000000000000363,built_loss,21.52166182882091,0.22842122305832024,0.060983758176944125
50,1,00000000000000000364,built_loss,33.45176334866467,0.6671927336835289,0.08944539737993473
50,1,00000000000000000380,built_loss,20.49085440301762,0.493298415098827,0.07138218561080018
50,1,00000000000000000384,built_loss,13.73727797620555,0.5969373178207865,0.061233082744956424
50,1,0000000000000000039e,built_loss,7.564578822402848,0.46078304350889315,0.10178856730662189
50,1,000000000000000003a1,built_loss,15.252500998901658,0.5890871661101041,0.08410064760567693
50,1,000000000000000003a5,built_loss,19.836461298257017,0.4213904005616362,0.1615955899882322
50,1,000000000000000003b7,built_loss,12.145908382656714,0.4991108961262234,0.04846515543149199
50,1,000000000000000003bf,built_loss,29.225308379779673,0.5410585738704529,0.06326153075498686
50,1,000000000000000003f8,built_loss,6.082384932393783,0.2354375567584685,0.05119578911175224
50,1,000000000000000003fa,built_loss,28.67027345127991,0.40229117016615346,0.09276245906020603
50,1,00000000000000000407,built_loss,30.462915704786955,0.5751013552703381,0.12814423460517155
50,1,0000000000000000040f,built_loss,23.535314541337883,0.5087981856548828,0.03739896014853622
50,1,00000000000000000426,built_loss,25.77063106851566,0.5797442637993666,0.08711143608868344
50,1,0000000000000000042b,built_loss,21.10951765713227,0.528610385150154,0.11195765681718223
50,1,00000000000000000442,built_loss,3.805502355005241,0.33072784493968016,0.39197170001230763
50,1,00000000000000000465,built_loss,27.083667576430525,0.6579627421267717,0.08310086902391534
50,1,0000000000000000047e,built_loss,16.55698268067083,0.5205047741017947,0.11324978670065977
50,1,000000000000000004c0,built_loss,27.079821967793286,0.6494486643878978,0.07046931952012225
50,1,000000000000000004c5,built_loss,11.850565993071715,0.6401585338757203,0.1091511469625932
50,1,000000000000000004d9,built_loss,25.372708718848344,0.5501571929895713,0.06696821905481942
50,1,000000000000000004eb,built_loss,26.488598558604366,0.4475303336025085,0.04386591012569957
50,1,000000000000000004f5,built_loss,7.484361841045815,0.4730847957258703,0.12271276728408492
50,1,000000000000000004f7,built_loss,7.906765078797702,0.4856795531233884,0.04897417285534117
50,1,000000000000000004fe,built_loss,12.84740916082538,0.5099528840949383,0.06782764777606515
50,1,0000000000000000051d,built_loss,19.246472463968757,0.5185572058258251,0.28406601568954704
50,1,00000000000000000559,built_loss,27.675571454612047,0.6709367976867192,0.1585861300228132
50,1,00000000000000000576,built_loss,8.623158110485338,0.30249686723494285,0.09485559329408788
50,1,00000000000000000577,built_loss,8.437099355704113,0.48375424272853407,0.13191977728827392
50,1,0000000000000000057f,built_loss,2.128599853330286,0.41778356759404495,0.12222280055762874
50,1,00000000000000000594,built_loss,14.370364520438539,0.6149929592901326,0.2924374298697694
50,1,000000000000000005bf,built_loss,25.040727552674426,0.4019069568658028,0.09072704940953702
50,1,000000000000000005cc,built_loss,9.032182401316705,0.37947410158813427,0.05678479418857291
50,1,000000000000000005de,built_loss,23.962575047875863,0.4249143863060238,0.04608951645648196
50,1,000000000000000005e7,built_loss,29.1423985437688,0.6687617230086395,0.1867144033673941
50,1,000000000000000005f9,built_loss,14.779264004994278,0.630100443876238,0.12255802258649495
50,1,0000000000000000061c,built_loss,19.239400377675736,0.3794062683138142,0.06743072476669831
50,1,00000000000000000626,built_loss,23.344125183561438,0.4781360159230994,0.05060780377228297
50,1,0000000000000000062a,built_loss,29.43371183275494,0.5827736745527919,0.1297663117958383
50,1,00000000000000000636,built_loss,21.430708260961772,0.45472431572676114,0.22362898010642285
50,1,0000000000000000064a,built_loss,2.951680662243512,0.2897351884587617,0.06362910995595383
50,1,0000000000000000064d,built_loss,13.691987637959553,0.4324805622076528,0.12216742464370206
50,1,00000000000000000694,built_loss,20.597365586559086,0.38766956158608035,0.05147136315860884
50,1,0000000000000000069d,built_loss,23.00901860313609,0.7119245431150116,0.0952124169746813
50,1,000000000000000006b7,built_loss,24.223061422948806,0.44701056957885515,0.0823328721510751
50,1,000000000000000006df,built_loss,13.747897100263735,0.24086840031987844,0.1965845931076668
50,1,000000000000000006e3,built_loss,22.16517933258195,0.40488580302811844,0.11991194985281095
50,1,00000000000000000011,crop_loss,29.79229446534161,0.5862696079214033,0.41904022274430797
50,1,0000000000000000002b,crop_loss,27.426434602556313,0.21755781924281722,0.14112804503757442
50,1,0000000000000000003a,crop_loss,31.4326965803897,0.2878244917428925,0.12141022808012536
50,1,0000000000000000009b,crop_loss,15.85308561258929,0.4943258377641826,0.020265482131495982
50,1,000000000000000000a8,crop_loss,21.494663566154895,0.2178726601896837,0.052193526345378466
50,1,000000000000000000da,crop_loss,23.499158247458137,0.7544069842919598,0.13422807134113468
50,1,000000000000000000e3,crop_loss,31.296604840780443,0.47208897519572773,0.14674897924769797
50,1,000000000000000000e9,crop_loss,5.898419813305609,0.4019407192139634,0.18401670026684236
50,1,0000000000000000011b,crop_loss,21.691031252247765,0.47512771202873894,0.046305681314654734
50,1,00000000000000000128,crop_loss,25.192656686986727,0.528726932069523,0.04379226067480635
50,1,0000000000000000016c,crop_loss,31.77245939816037,0.4651231736147512,0.09851918674312726
50,1,00000000000000000196,crop_loss,23.187743835091457,0.2641866178057871,0.07508013182417098
50,1,000000000000000001a6,crop_loss,26.242988300100752,0.2926423965643954,0.18001191983205592
50,1,000000000000000001e4,crop_loss,29.82356082233721,0.46482383947733913,0.06568545564092432
50,1,000000000000000001f9,crop_loss,28.784448037828067,0.5692031448668491,0.4034337455377637
50,1,00000000000000000228,crop_loss,22.131340702416008,0.5148241673216052,0.30904343452943805
50,1,0000000000000000028c,crop_loss,4.228762017450036,0.3375032444313647,0.09129119058728319
50,1,0000000000000000028d,crop_loss,22.1073293922149,0.6892246199756511,0.11852207507510648
50,1,00000000000000000291,crop_loss,12.081424133602233,0.8860313894646218,0.02838765890340822
50,1,000000000000000002c5,crop_loss,21.170283443981976,0.3675888873548585,0.12334244653638415
50,1,000000000000000002cc,crop_loss,13.135249256172823,0.35979627304439554,0.21042991384766602
50,1,000000000000000002dc,crop_loss,29.2633852094212,0.6195197000045791,0.12075091840972174
50,1,000000000000000002e4,crop_loss,30.138212347385252,0.3207219959718744,0.19087204354986206
50,1,000000000000000002ec,crop_loss,31.207525848156195,0.47125890152217875,0.15153992990426052
50,1,00000000000000000314,crop_loss,23.097073011797598,0.09533307186825692,0.10845287212131097
50,1,00000000000000000335,crop_loss,27.866754337348812,0.44896958812570986,0.09976235771896419
50,1,0000000000000000033a,crop_loss,24.965040076590906,0.524150039627946,0.1366019847172134
50,1,000000000000000003b0,crop_loss,28.993822439196894,0.17863615000131589,0.07293753581501991
50,1,000000000000000003f1,crop_loss,25.347103031596987,0.48578772736009923,0.12047861482266403
50,1,000000000000000003f2,crop_loss,30.106815840778598,0.4893501765386363,0.08683620167862044
50,1,0000000000000000044b,crop_loss,13.251945601640038,0.5655502641301221,0.06334989413624204
50,1,00000000000000000480,crop_loss,8.879112089766366,0.8848039601703921,0.06251313160417027
50,1,00000000000000000485,crop_loss,28.092629336425556,0.7138353122069584,0.055114223640312265
50,1,00000000000000000497,crop_loss,28.121977415916422,0.2209741560183505,0.11164170883327415
50,1,0000000000000000049b,crop_loss,27.501581026343246,0.36569697409448954,0.0650514078692031
50,1,000000000000000004a1,crop_loss,27.453537730406637,0.3855249313332704,0.1363102125896159
50,1,000000000000000004e7,crop_loss,20.920455783559277,0.4897215526741822,0.037152211497626875
50,1,000000000000000004e9,crop_loss,11.846788255956973,0.3529824427156385,0.17467643773935054
50,1,000000000000000004f9,crop_loss,25.488650770879982,0.38754281314794087,0.21022652001547554
50,1,00000000000000000517,crop_loss,24.422852143366818,0.2429884092608738,0.1943313017354855
50,1,00000000000000000538,crop_loss,1.073710305897719,0.2853008368645817,0.06779914881253452
50,1,0000000000000000057e,crop_loss,3.8045350519061003,0.5427483774739137,0.05674735352001847
50,1,000000000000000005d1,crop_loss,15.70027061315812,0.13887269055958631,0.08796711069507095
50,1,00000000000000000632,crop_loss,11.327284015294872,0.0807766135186934,0.03798378601357085
50,1,0000000000000000063e,crop_loss,28.091798743558773,0.30471641043365927,0.10516296407607661
50,1,00000000000000000655,crop_loss,24.365953470925067,0.5893596961311328,0.2634016754240438
50,1,00000000000000000697,crop_loss,37.26849058944515,0.6000477283558194,0.1321497612705438
50,1,00000000000000000698,crop_loss,18.835253694583972,0.42008965536480797,0.08059779455613297
50,1,000000000000000006a8,crop_loss,29.215498103211612,0.2788156935311646,0.12490976931878991
50,1,000000000000000006b4,crop_loss,27.75527617660188,0.5036260332304154,0.10540135502663595
50,1,000000000000000006be,crop_loss,12.35475874840163,0.40598228485156407,0.12051642696945986
50,1,000000000000000006c0,crop_loss,2.685661372517274,0.19396201156209059,0.07846041014186111
50,1,000000000000000006cc,crop_loss,21.815154079393483,0.3511213702193907,0.07871356859406065
50,1,000000000000000006ce,crop_loss,20.87093886988837,0.5755423239382117,0.19130082600417753
50,1,000000000000000006d9,crop_loss,27.039505228723204,0.23161697522700175,0.10822090707796564
50,1,000000000000000006e5,crop_loss,34.16021615138385,0.5715144197617562,0.09054659565473078
50,1,00000000000000000151,built_loss,8.21186389290935,0.24095806080929993,0.07127946544981789
50,1,0000000000000000034d,built_loss,4.633551428267145,0.42139828284203623,0.057464324792625976
50,1,000000000000000003c7,crop_loss,20.63138822703935,0.7446066270190637,0.09146433625767925
50,1,00000000000000000176,built_loss,21.676441017543784,0.6789879149187866,0.07811974335505956
50,1,000000000000000003d2,built_loss,30.922377380848886,0.6282255471634343,0.1190925360320596
50,1,00000000000000000490,built_loss,30.960736440375168,0.6336032876169527,0.12655933909148687
50,1,000000000000000005ad,built_loss,24.20453419116969,0.6441238074608318,0.09115701326430614
50,1,00000000000000000624,built_loss,4.324746681857825,0.5261914551396576,0.13716853609462853
50,1,0000000000000000002d,crop_loss,30.129276560025044,0.5043664036113267,0.08971722255943831
50,1,0000000000000000009d,crop_loss,8.070360569195275,0.4039981063617117,0.09983435613843555
50,1,00000000000000000192,crop_loss,29.262457286023114,0.5568939607460989,0.04022057791472544
50,1,000000000000000003c8,crop_loss,26.379437121610266,0.17284934867255863,0.09750068236557344
50,1,0000000000000000046c,crop_loss,32.40655282472611,0.5417145988770402,0.20516908988128246
50,1,00000000000000000483,crop_loss,9.207265803645072,0.7448584228407467,0.0982284142786728
50,1,000000000000000004ee,crop_loss,17.883402920716613,0.34228389765398254,0.2476738175389618
50,1,00000000000000000611,crop_loss,26.671336589737194,0.6483540212867116,0.10469241744997881
50,1,0000000000000000062f,crop_loss,29.334944229113983,0.5970485374864305,0.2448871171537409
50,2,00000000000000000085,built_loss,13.834703122505791,0.3282017771532816,0.12368783030633196
50,2,00000000000000000114,built_loss,21.98842826798943,0.7247470368659952,0.09890125409931827
50,2,0000000000000000024c,built_loss,20.4154217528031,0.702998816035131,0.08738612648451238
50,2,00000000000000000375,built_loss,24.657512221813107,0.6179006395328577,0.09542173726668046
50,2,000000000000000004d2,built_loss,23.796920767886302,0.4846828511573208,0.4465722108544609
50,2,000000000000000005bd,built_loss,5.310600625468966,0.5284358225954834,0.103778139136462
50,2,00000000000000000281,crop_loss,32.30548014213846,0.5235477311021097,0.09862923941168567
50,2,000000000000000003a2,crop_loss,26.056597087867146,0.32064447341902724,0.14770517447835313
50,2,00000000000000000001,built_loss,21.620352042615767,0.4614268751058389,0.12641956480789307
50,2,00000000000000000049,built_loss,5.871947963964289,0.46543263200479956,0.11874788978586487
50,2,0000000000000000004a,built_loss,9.695691155680244,0.4389396053427604,0.08486046689375454
50,2,0000000000000000004f,built_loss,25.207985458846636,0.3996287262306225,0.15143459892055078
50,2,0000000000000000005a,built_loss,21.489580820005617,0.45142181349866406,0.05204885139607024
50,2,00000000000000000079,built_loss,34.50068600511093,0.5926795635355163,0.09080069734445995
50,2,00000000000000000087,built_loss,31.772412677202325,0.6647398489834185,0.16844614336296626
50,2,000000000000000000a1,built_loss,8.51237649382484,0.4389463294700441,0.06305117475688743
50,2,000000000000000000b8,built_loss,9.433081187423596,0.5181771468511304,0.1584107524939684
50,2,000000000000000000c0,built_loss,23.976853493940492,0.6396746751412091,0.08080779605789767
50,2,000000000000000000e2,built_loss,15.582245328665755,0.3710094461631325,0.09865745732353126
50,2,000000000000000000f0,built_loss,28.35821385375766,0.6915353426188323,0.12359693376931946
50,2,000000000000000000f8,built_loss,29.95165247021032,0.5338114814441693,0.0902212736658714
50,2,0000000000000000011c,built_loss,7.360987045145205,0.7258508573885514,0.07433675755369884
50,2,00000000000000000161,built_loss,27.90772033769738,0.6497710477018942,0.11201940050854953
50,2,0000000000000000016a,built_loss,9.048948381609565,0.2533943828937899,0.11580214973568237
50,2,000000000000000001a8,built_loss,28.900644381209737,0.5224491036793507,0.08176498473312127
50,2,000000000000000001be,built_loss,5.013989363297445,0.5369206795203723,0.10850235711161405
50,2,000000000000000001cd,built_loss,25.627353292065585,0.7592780171994473,0.11930783490163377
50,2,000000000000000001e5,built_loss,15.791497152426755,0.5828761455963559,0.10214086982358872
50,2,00000000000000000206,built_loss,27.572322217128903,0.7322341529428646,0.09761611886369215
50,2,00000000000000000209,built_loss,29.86793718950434,0.6004424058584219,0.10016349424287785
50,2,00000000000000000231,built_loss,31.191545804307804,0.5150366707992715,0.07400408200517805
50,2,0000000000000000026d,built_loss,22.326455626170244,0.591663417202108,0.10281504900533911
50,2,00000000000000000278,built_loss,25.92677905483122,0.765083732850352,0.11433380713098407
50,2,00000000000000000293,built_loss,18.738124334959586,0.4886470257338166,0.11903164368962721
50,2,000000000000000002a4,built_loss,10.61990061604911,0.4342349488424727,0.10689966367790077
50,2,00000000000000000316,built_loss,2.160910033529538,0.12406881392827808,0.01852599505206423
50,2,00000000000000000356,built_loss,28.322509386554813,0.586002760335191,0.16989274399261184
50,2,00000000000000000362,built_loss,31.32314736301486,0.5712734076974356,0.08008153815017982
50,2,00000000000000000363,built_loss,23.619776391225066,0.28303405079339905,0.14023419566091794
50,2,00000000000000000364,built_loss,34.42501222978632,0.6254365034005407,0.13568236943088474
50,2,00000000000000000380,built_loss,22.432668445046563,0.5131841642870966,0.12005573834003264
50,2,00000000000000000384,built_loss,15.799438772880483,0.5828761139270782,0.08472298388979382
50,2,0000000000000000039e,built_loss,10.010209811112144,0.48320475969414534,0.08331934150631226
50,2,000000000000000003a1,built_loss,16.85266287478934,0.5851767862345704,0.10567450576793669
50,2,000000000000000003a5,built_loss,18.5339959684576,0.3954048830580609,0.09648606063539417
50,2,000000000000000003b7,built_loss,14.221552978496717,0.51225997793336,0.05537139151072629
50,2,000000000000000003bf,built_loss,31.05807571987314,0.5574703472997862,0.07637386504919941
50,2,000000000000000003f8,built_loss,6.200297499149048,0.21166826681627232,0.07167158064722137
50,2,000000000000000003fa,built_loss,34.100609462789485,0.40253383158927825,0.0683011838013366
50,2,00000000000000000407,built_loss,31.114359489419645,0.544916313972161,0.07172841643382855
50,2,0000000000000000040f,built_loss,23.848982392528526,0.5232371883286365,0.04226575454473813
50,2,00000000000000000426,built_loss,24.573879783638315,0.5547176017878139,0.08010318724523346
50,2,0000000000000000042b,built_loss,26.66205504279093,0.6338867078746601,0.10535702895081889
50,2,00000000000000000442,built_loss,3.7874266577714844,0.43659428899224,0.23147825987362003
50,2,00000000000000000465,built_loss,30.825373669860227,0.6327600613370468,0.11880416692008999
50,2,0000000000000000047e,built_loss,16.826580909518064,0.5636056750625991,0.1227181568933633
50,2,000000000000000004c0,built_loss,28.175956178094303,0.626376451501173,0.08755631816730158
50,2,000000000000000004c5,built_loss,12.62211987686923,0.6024219023812072,0.12445259771094075
50,2,000000000000000004d9,built_loss,29.443070339977297,0.5553250572534476,0.08137429706674959
50,2,000000000000000004eb,built_loss,28.421410080510718,0.4368348992796879,0.055601390678313434
50,2,000000000000000004f5,built_loss,9.007547677783737,0.4597039431440856,0.14081712062584817
50,2,000000000000000004f7,built_loss,7.2037563579915265,0.48248298947148943,0.06344960825639867
50,2,000000000000000004fe,built_loss,14.955131116616014,0.4904480691232714,0.06865824661280445
50,2,0000000000000000051d,built_loss,18.316366605122692,0.5184554459957638,0.2393280470531865
50,2,00000000000000000559,built_loss,28.21609455200279,0.7045470003745594,0.11085947502718674
50,2,00000000000000000576,built_loss,7.766057433121431,0.2642244853490744,0.10737062134364408
50,2,00000000000000000577,built_loss,10.552780545464849,0.5250266170695396,0.11317936708725684
50,2,0000000000000000057f,built_loss,2.0949383709341065,0.362956799585546,0.11069536465060137
50,2,00000000000000000594,built_loss,15.204629773401628,0.5226309206929908,0.2395636289878516
50,2,000000000000000005bf,built_loss,20.62795394545308,0.43609445199613134,0.10246755561431686
50,2,000000000000000005cc,built_loss,8.684532178143895,0.3509424198431604,0.06050849343118814
50,2,000000000000000005de,built_loss,23.012710034435212,0.44373249626184114,0.051233763914768526
50,2,000000000000000005e7,built_loss,21.8132701759023,0.6389528880111052,0.16096937916739773
50,2,000000000000000005f9,built_loss,14.240636159507131,0.6777193837342964,0.08406277775713478
50,2,0000000000000000061c,built_loss,14.927415994520588,0.36980351772145775,0.10016123203830413
50,2,00000000000000000626,built_loss,20.56817582165609,0.4932665843605199,0.07238571802221755
50,2,0000000000000000062a,built_loss,26.556352235390936,0.5655040863418611,0.10426384611115858
50,2,00000000000000000636,built_loss,17.553126330073308,0.5255580540246702,0.2691379964910678
50,2,0000000000000000064a,built_loss,3.177382734015287,0.294062261872607,0.07686517068120097
50,2,0000000000000000064d,built_loss,11.829667834518782,0.4589582438630443,0.1275290025339446
50,2,00000000000000000694,built_loss,19.316603181810613,0.3662696072835095,0.04371418215108197
50,2,0000000000000000069d,built_loss,26.28072956374352,0.6247437209995077,0.07689532926306164
50,2,000000000000000006b7,built_loss,21.81830152819425,0.4805590208121657,0.07015950377034674
50,2,000000000000000006df,built_loss,14.799552974838116,0.24937833463718417,0.11592459695167043
50,2,000000000000000006e3,built_loss,22.308101966153757,0.40255582902972936,0.09534424943910297
50,2,00000000000000000011,crop_loss,29.912040945616933,0.8445548519951714,0.3989661810687822
50,2,0000000000000000002b,crop_loss,27.6042691640016,0.20295602016426756,0.15465182796342797
50,2,0000000000000000003a,crop_loss,28.504193629132285,0.29948410334558767,0.09006152274231521
50,2,0000000000000000009b,crop_loss,14.78342400928027,0.49554820444656567,0.025031902092718994
50,2,000000000000000000a8,crop_loss,21.84349837100885,0.2021115698864903,0.05014931130549674
50,2,000000000000000000da,crop_loss,23.083980602522086,0.7504014966461484,0.0933097557752699
50,2,000000000000000000e3,crop_loss,31.886242105171775,0.4721972590396188,0.1292214982852289
50,2,000000000000000000e9,crop_loss,4.250988925487295,0.448674008227657,0.14918568687661649
50,2,0000000000000000011b,crop_loss,25.366640306520065,0.4992797243239832,0.05394122248218086
50,2,00000000000000000128,crop_loss,25.054329088705874,0.5374261651933967,0.04130197392267776
50,2,0000000000000000016c,crop_loss,30.01719707175906,0.5252854879768795,0.12080917163044985
50,2,00000000000000000196,crop_loss,19.944772491004617,0.2461457576250685,0.07758308981696982
50,2,000000000000000001a6,crop_loss,29.131443457209908,0.2788068662607539,0.16166797758856827
50,2,000000000000000001e4,crop_loss,30.041904527422773,0.5109888346440281,0.0897086556369851
50,2,000000000000000001f9,crop_loss,27.925016446507755,0.5767239080063797,0.36557853312262395
50,2,00000000000000000228,crop_loss,20.31060990123628,0.502673044778755,0.31168144259888286
50,2,0000000000000000028c,crop_loss,3.825800557044548,0.2841703952215916,0.07860422500854056
50,2,0000000000000000028d,crop_loss,18.646218617880773,0.7029647433617041,0.0972235063985396
50,2,00000000000000000291,crop_loss,12.318949832252718,0.866766203734135,0.04748623757261794
50,2,000000000000000002c5,crop_loss,21.82273779946455,0.3525394760555447,0.13209198176236475
50,2,000000000000000002cc,crop_loss,15.098837260345242,0.40408114620606417,0.24088998222254632
50,2,000000000000000002dc,crop_loss,33.09612951133009,0.6509986868314098,0.11260476060218882
50,2,000000000000000002e4,crop_loss,25.381739546550815,0.28439124520385445,0.1331335112186491
50,2,000000000000000002ec,crop_loss,29.005198381915253,0.5557103308241088,0.15559119155324214
50,2,00000000000000000314,crop_loss,23.649408968643215,0.09279637187796429,0.07043783496644906
50,2,00000000000000000335,crop_loss,32.35608483587263,0.46624752750720777,0.1196656505831924
50,2,0000000000000000033a,crop_loss,28.88232470507146,0.5493238474003715,0.09272497754229325
50,2,000000000000000003b0,crop_loss,29.42345580581445,0.226722767465194,0.11745045111279995
50,2,000000000000000003f1,crop_loss,34.739173397617655,0.4775396970643253,0.13113419578961244
50,2,000000000000000003f2,crop_loss,26.52188478352093,0.4506145367106631,0.0795549948055066
50,2,0000000000000000044b,crop_loss,12.208367535850103,0.5874510204178905,0.07987687371048391
50,2,00000000000000000480,crop_loss,9.540629669256449,0.862771800557173,0.1311762372129277
50,2,00000000000000000485,crop_loss,30.069417879809375,0.6777482111477482,0.052736232887098056
50,2,00000000000000000497,crop_loss,25.981677578479133,0.2049367055227132,0.1532098633194888
50,2,0000000000000000049b,crop_loss,24.016982846251754,0.34703807571593714,0.0677760460724362
50,2,000000000000000004a1,crop_loss,26.72424581013351,0.31876548213099704,0.09209139721341209
50,2,000000000000000004e7,crop_loss,23.228798255499502,0.49138005567906246,0.05992939315644058
50,2,000000000000000004e9,crop_loss,11.867905732737658,0.30933329523813297,0.1755062931700459
50,2,000000000000000004f9,crop_loss,29.762476235400275,0.38256377706637856,0.2446201770051637
50,2,00000000000000000517,crop_loss,21.3145647451726,0.28414306281645546,0.2009738842948651
50,2,00000000000000000538,crop_loss,1.077043278642209,0.29913704168004024,0.0707965911547741
50,2,0000000000000000057e,crop_loss,3.864828923713824,0.5454252017189842,0.057034543123662074
50,2,000000000000000005d1,crop_loss,15.849684658703682,0.15184388531813595,0.12260143218610282
50,2,00000000000000000632,crop_loss,12.507010016229668,0.07817988366650945,0.03929330822032077
50,2,0000000000000000063e,crop_loss,26.498975522270605,0.3343688951086662,0.11445828886961285
50,2,00000000000000000655,crop_loss,22.954119773344054,0.47624322613024833,0.3475015519001401
50,2,00000000000000000697,crop_loss,34.75516222663444,0.6655349805892437,0.10669882572956724
50,2,00000000000000000698,crop_loss,14.510585056994817,0.40387194139690974,0.1420436553935911
50,2,000000000000000006a8,crop_loss,35.717893987263366,0.3018362952435161,0.1460438751215513
50,2,000000000000000006b4,crop_loss,31.17494254629918,0.5671530381784995,0.18646923411579358
50,2,000000000000000006be,crop_loss,9.991139483112509,0.4209766463986551,0.1386634595752183
50,2,000000000000000006c0,crop_loss,2.742285079293295,0.16074368526409397,0.07209318819967442
50,2,000000000000000006cc,crop_loss,17.565203988788813,0.34026919243233883,0.0836243080330048
50,2,000000000000000006ce,crop_loss,19.259400893235956,0.6218456257996124,0.13151472507378315
50,2,000000000000000006d9,crop_loss,31.814574904556743,0.2131588266895841,0.07562914191301179
50,2,000000000000000006e5,crop_loss,29.6314416699259,0.4825863545221476,0.12717596876886778
50,2,00000000000000000151,built_loss,8.330323541607184,0.2751059845035715,0.06662853494148108
50,2,0000000000000000034d,built_loss,5.803807473527343,0.39741609389395877,0.0690168261566757
50,2,000000000000000003c7,crop_loss,17.47450061631231,0.7126845745228104,0.09756741778451883
50,2,00000000000000000176,built_loss,25.497921141085794,0.663380700206381,0.07220329981245532
50,2,000000000000000003d2,built_loss,30.668515676517845,0.5229009501843712,0.16214512825310973
50,2,00000000000000000490,built_loss,32.90095007081392,0.6413000041034947,0.0729301601986494
50,2,000000000000000005ad,built_loss,24.800432181662824,0.6791258186902553,0.10154308849155924
50,2,00000000000000000624,built_loss,4.654908895845376,0.5251309280663836,0.13583754368702955
50,2,0000000000000000002d,crop_loss,31.688259260314993,0.44271154848473,0.09933566101331481
50,2,0000000000000000009d,crop_loss,6.918529643639828,0.3809762728658033,0.0944386541627874
50,2,00000000000000000192,crop_loss,32.47647205949966,0.5605113918107882,0.06682127557369022
50,2,000000000000000003c8,crop_loss,27.648313953722976,0.19726159344421876,0.11031143442616675
50,2,0000000000000000046c,crop_loss,29.44279937840109,0.4655133068151604,0.11251732665570657
50,2,00000000000000000483,crop_loss,12.894047527070015,0.633008712464078,0.12604065159227096
50,2,000000000000000004ee,crop_loss,16.55782514638954,0.4011021605323656,0.2762949329197134
50,2,00000000000000000611,crop_loss,29.55435093105669,0.623719458183567,0.10632738395383234
50,2,0000000000000000062f,crop_loss,26.90152382223672,0.4753271677105737,0.2373466185851007
50,3,00000000000000000085,built_loss,15.330687327638213,0.40701871132582873,0.08744196718334984
50,3,00000000000000000114,built_loss,21.273050205917194,0.6988058340022432,0.16047231446953159
50,3,0000000000000000024c,built_loss,21.593813300475286,0.7173383980331164,0.09072498527909811
50,3,00000000000000000375,built_loss,25.98064594834347,0.6738551601039015,0.0959011228177793
50,3,000000000000000004d2,built_loss,21.173650408341167,0.42960146298630353,0.3470835994521133
50,3,000000000000000005bd,built_loss,4.452719517227091,0.5500269199241425,0.1160697500741632
50,3,00000000000000000281,crop_loss,30.61624949787691,0.5317018457478037,0.05420422927286511
50,3,000000000000000003a2,crop_loss,22.683271122793496,0.32150934707752615,0.11404500349251612
50,3,00000000000000000001,built_loss,22.730715418253173,0.470930150867457,0.09612758272215827
50,3,00000000000000000049,built_loss,5.914912115089724,0.486382165400505,0.1130983621797838
50,3,0000000000000000004a,built_loss,11.030717149287412,0.44499266668932475,0.055549616640292954
50,3,0000000000000000004f,built_loss,24.489215568169843,0.4623067492692673,0.12526096493873667
50,3,0000000000000000005a,built_loss,27.199258925008532,0.43410125473235184,0.057815906159040586
50,3,00000000000000000079,built_loss,37.58709867962718,0.6562077985599388,0.09218385099866033
50,3,00000000000000000087,built_loss,29.694193672807316,0.5895260103135143,0.16712440747401525
50,3,000000000000000000a1,built_loss,7.950718634365448,0.45742226007964504,0.14195013869715856
50,3,000000000000000000b8,built_loss,9.062757287937579,0.570923158812057,0.18101633173512305
50,3,000000000000000000c0,built_loss,26.78980960494029,0.6299249645363864,0.06651218188523855
50,3,000000000000000000e2,built_loss,15.698409856091114,0.3929365642308182,0.12252513527604952
50,3,000000000000000000f0,built_loss,21.62470438437529,0.6754673978293023,0.17319046815698125
50,3,000000000000000000f8,built_loss,26.884087474328567,0.5096671807685642,0.14691257309855965
50,3,0000000000000000011c,built_loss,6.25154550064122,0.7495605444865788,0.0742275213128436
50,3,00000000000000000161,built_loss,29.395270498307003,0.6374782710075816,0.08220319724236502
50,3,0000000000000000016a,built_loss,6.265637462733775,0.2139550639128842,0.10971893234590799
50,3,000000000000000001a8,built_loss,27.24956095392764,0.5841552232574568,0.12514948352515276
50,3,000000000000000001be,built_loss,5.373771910811633,0.5356478200577569,0.11315888479553532
50,3,000000000000000001cd,built_loss,29.392783768386195,0.7202635656026721,0.14330414352561804
50,3,000000000000000001e5,built_loss,15.558117470343129,0.5595073616130408,0.11193333197930588
50,3,00000000000000000206,built_loss,27.459681602942652,0.745233844628011,0.10947883502345457
50,3,00000000000000000209,built_loss,33.94351853198553,0.5882510820095139,0.09651988468767958
50,3,00000000000000000231,built_loss,30.597365710628896,0.5445096913511285,0.10797783886989276
50,3,0000000000000000026d,built_loss,23.07462420228232,0.6424431916125262,0.10779628763970983
50,3,00000000000000000278,built_loss,26.79646651600221,0.7925110151818938,0.09844595765553388
50,3,00000000000000000293,built_loss,23.31020847294602,0.4376433969200002,0.11598271661356441
50,3,000000000000000002a4,built_loss,10.438169981072333,0.40817575930140976,0.08319350167516476
50,3,00000000000000000316,built_loss,2.1026789153598147,0.1274991242835835,0.02969474580390838
50,3,00000000000000000356,built_loss,28.829001364570907,0.5263818185466773,0.1751705280275785
50,3,00000000000000000362,built_loss,32.11087959818726,0.5463786632695039,0.0865238755819514
50,3,00000000000000000363,built_loss,21.127935990360452,0.2375492102529894,0.0637610347051406
50,3,00000000000000000364,built_loss,32.05728902737587,0.6526644708031859,0.12347737767066891
50,3,00000000000000000380,built_loss,25.682442736112694,0.49131320587884564,0.09553773420411799
50,3,00000000000000000384,built_loss,16.11474849002439,0.5725916475166555,0.07938984796901105
50,3,0000000000000000039e,built_loss,5.955777103235676,0.48546842453904215,0.08830496768466278
50,3,000000000000000003a1,built_loss,14.677993363851126,0.6160318956519851,0.08072938022601572
50,3,000000000000000003a5,built_loss,16.730550503834063,0.41146111732146473,0.14333170884535673
50,3,000000000000000003b7,built_loss,16.32695948059877,0.4789944797907073,0.059091648060562385
50,3,000000000000000003bf,built_loss,25.568984801365115,0.5621054194562928,0.07582629975707178
50,3,000000000000000003f8,built_loss,4.874262852235051,0.21322651925810443,0.050902747217741795
50,3,000000000000000003fa,built_loss,27.234258333905633,0.4352231315979453,0.08274368977655883
50,3,00000000000000000407,built_loss,27.825920865587133,0.551546156973617,0.09188454291061299
50,3,0000000000000000040f,built_loss,20.699892492878107,0.4933894330629823,0.04141973407550892
50,3,00000000000000000426,built_loss,23.683157691191695,0.5849648042700046,0.07082964301071126
50,3,0000000000000000042b,built_loss,23.10027622187709,0.5956447259836841,0.10610835902394344
50,3,00000000000000000442,built_loss,3.821906969797313,0.4376421677508427,0.34716082395207726
50,3,00000000000000000465,built_loss,32.02228884301946,0.6561205528861003,0.11596172585458897
50,3,0000000000000000047e,built_loss,18.580914397252098,0.535383093266707,0.10639438837464016
50,3,000000000000000004c0,built_loss,27.602086224862234,0.6804066970780981,0.07821427772501044
50,3,000000000000000004c5,built_loss,12.635774260516438,0.6201425372116083,0.088615753170182
50,3,000000000000000004d9,built_loss,28.516208862842937,0.5633423662996603,0.09342555512066897
50,3,000000000000000004eb,built_loss,25.693382401493164,0.4419778812206738,0.05868259357453487
50,3,000000000000000004f5,built_loss,8.522892643821837,0.46889989265239157,0.11734373217902555
50,3,000000000000000004f7,built_loss,6.747279511564937,0.48244390363593065,0.056917778067970715
50,3,000000000000000004fe,built_loss,15.279949523758638,0.4927857195449982,0.04912862488066311
50,3,0000000000000000051d,built_loss,19.02739660002806,0.6038075666635265,0.13938162596215165
50,3,00000000000000000559,built_loss,28.61416770105807,0.690781159738572,0.11174631055212436
50,3,00000000000000000576,built_loss,7.808069178647033,0.25980891463490074,0.09647996872184461
50,3,00000000000000000577,built_loss,9.13425593919854,0.4617180647901445,0.1559949754562419
50,3,0000000000000000057f,built_loss,2.1284631127741926,0.41675634017090724,0.11984443225270164
50,3,00000000000000000594,built_loss,16.348963232124113,0.4899838859152488,0.2686725928894586
50,3,000000000000000005bf,built_loss,23.179105732869232,0.405700192170728,0.09566888029903958
50,3,000000000000000005cc,built_loss,10.119178946090805,0.3775581669241795,0.09917171673832081
50,3,000000000000000005de,built_loss,24.683290502271223,0.4387934165492114,0.04682668010731533
50,3,000000000000000005e7,built_loss,27.687401159900535,0.6699919460203072,0.20110068720859797
50,3,000000000000000005f9,built_loss,13.440325186390623,0.6967772737341378,0.14473199438954176
50,3,0000000000000000061c,built_loss,16.09057500746769,0.4111935931287871,0.08775777958537712
50,3,00000000000000000626,built_loss,23.0931156937237,0.48064701871540433,0.08085779172030216
50,3,0000000000000000062a,built_loss,23.313446372746924,0.5706866945342992,0.1311470163140518
50,3,00000000000000000636,built_loss,14.641778649804927,0.5190276353518993,0.23532498587063472
50,3,0000000000000000064a,built_loss,3.25186143964488,0.3123894924618626,0.08380033117141483
50,3,0000000000000000064d,built_loss,10.229462779079476,0.4728740519337336,0.13602502520011833
50,3,00000000000000000694,built_loss,22.032776090885964,0.3548858169536996,0.06159465014636106
50,3,0000000000000000069d,built_loss,29.904974797038996,0.6843991745060484,0.09807150728087166
50,3,000000000000000006b7,built_loss,20.88531996518455,0.4810439160843267,0.06605341126546377
50,3,000000000000000006df,built_loss,15.054717173716837,0.21501568876841465,0.18845886750205684
50,3,000000000000000006e3,built_loss,24.325945734829226,0.3742033130296414,0.13906695970422145
50,3,00000000000000000011,crop_loss,31.10463113528459,0.7963840864841755,0.3601789929952569
50,3,0000000000000000002b,crop_loss,25.82511292113718,0.15623864516708397,0.1170434940444843
50,3,0000000000000000003a,crop_loss,24.912992508241786,0.2763390416907743,0.0908539376459391
50,3,0000000000000000009b,crop_loss,14.215207420610565,0.49175877249439054,0.025764156643830582
50,3,000000000000000000a8,crop_loss,20.688785968408872,0.21236538975852173,0.04231290488022782
50,3,000000000000000000da,crop_loss,19.58761664505121,0.7406364114772654,0.09011653445863455
50,3,000000000000000000e3,crop_loss,31.9312034715658,0.48400493960701374,0.10292405428248452
50,3,000000000000000000e9,crop_loss,4.98130479103738,0.3885601905193196,0.15311164061483956
50,3,0000000000000000011b,crop_loss,22.484603273483998,0.48265321239575787,0.06553313879880124
50,3,00000000000000000128,crop_loss,24.457161675063258,0.533909339577516,0.05522260310393501
50,3,0000000000000000016c,crop_loss,28.218360951974198,0.5172662333665897,0.1155651877556702
50,3,00000000000000000196,crop_loss,20.546838396713717,0.23665592099803548,0.07507654826181559
50,3,000000000000000001a6,crop_loss,27.811882953852052,0.2762358294557562,0.15232834213835356
50,3,000000000000000001e4,crop_loss,29.85735032356218,0.49660324326491717,0.06898532710405908
50,3,000000000000000001f9,crop_loss,29.857489218320108,0.5846906744210185,0.4190113467755601
50,3,00000000000000000228,crop_loss,18.207197036482412,0.4765707646398396,0.19194351518476283
50,3,0000000000000000028c,crop_loss,3.5013864845910243,0.2770190944862924,0.08926170325174279
50,3,0000000000000000028d,crop_loss,20.012457982850904,0.6614980176295097,0.1367750176031064
50,3,00000000000000000291,crop_loss,11.703571783149732,0.8750883977401203,0.03234039350277684
50,3,000000000000000002c5,crop_loss,21.914451196063574,0.3184487264259086,0.09731822878200574
50,3,000000000000000002cc,crop_loss,13.733537193258327,0.5028569200841914,0.26086687387586954
50,3,000000000000000002dc,crop_loss,28.935144358986694,0.6355926537141379,0.11197453898457999
50,3,000000000000000002e4,crop_loss,32.431693871590134,0.28020365743698056,0.1527927415033562
50,3,000000000000000002ec,crop_loss,26.895824068109835,0.5100413352944646,0.09410331277332235
50,3,00000000000000000314,crop_loss,21.76757517734138,0.06770417874992303,0.09049153385329285
50,3,00000000000000000335,crop_loss,30.356013908145066,0.48505256612403364,0.13033667535790944
50,3,0000000000000000033a,crop_loss,20.014753409849348,0.5252860056056232,0.10841012021452423
50,3,000000000000000003b0,crop_loss,35.43795464523217,0.20843441495372142,0.14073813384204784
50,3,000000000000000003f1,crop_loss,29.286466610984952,0.5074006750799516,0.08535422240711332
50,3,000000000000000003f2,crop_loss,21.52405832400218,0.44194643210939355,0.10248260355933136
50,3,0000000000000000044b,crop_loss,11.865666853610069,0.5525113272419885,0.07901689996255623
50,3,00000000000000000480,crop_loss,12.208443342906879,0.8892505758481538,0.04907959540575424
50,3,00000000000000000485,crop_loss,26.009003966458724,0.6952748255450802,0.059757550304856855
50,3,00000000000000000497,crop_loss,23.897318772882528,0.20085528217644688,0.09796058670881683
50,3,0000000000000000049b,crop_loss,30.743217496306574,0.3598524334571469,0.06142763393752593
50,3,000000000000000004a1,crop_loss,28.61250245940777,0.34460239161025935,0.0918677201130888
50,3,000000000000000004e7,crop_loss,19.730872202735036,0.5224392871326045,0.06556683963268312
50,3,000000000000000004e9,crop_loss,13.825711696121273,0.44005186217257064,0.2422103225551418
50,3,000000000000000004f9,crop_loss,29.081599535711394,0.33024317956503385,0.15643806326196175
50,3,00000000000000000517,crop_loss,21.293199199120174,0.3061152691678443,0.21335584788888234
50,3,00000000000000000538,crop_loss,1.0652261996468673,0.31154701269697194,0.06448181244437218
50,3,0000000000000000057e,crop_loss,3.5124531355230992,0.5592027068023867,0.04571260505922403
50,3,000000000000000005d1,crop_loss,12.752477772972806,0.15088040473187214,0.09115970164844286
50,3,00000000000000000632,crop_loss,11.95353932072375,0.08331649256253633,0.02959242483770186
50,3,0000000000000000063e,crop_loss,29.44893877180057,0.3069880043798828,0.09517287821500725
50,3,00000000000000000655,crop_loss,21.061899505399325,0.4653370469280016,0.22588167498667333
50,3,00000000000000000697,crop_loss,32.94925571512216,0.5674271713205994,0.11507916343448898
50,3,00000000000000000698,crop_loss,17.2208622380233,0.43090324684412507,0.08314060568613024
50,3,000000000000000006a8,crop_loss,34.383484705096826,0.2840489073682452,0.11845366442561694
50,3,000000000000000006b4,crop_loss,28.696979901721193,0.4841313403187737,0.14333380323690592
50,3,000000000000000006be,crop_loss,11.18200880335071,0.3922595644425298,0.1325998693580523
50,3,000000000000000006c0,crop_loss,2.7213078417168948,0.19742060719131915,0.08407169737131337
50,3,000000000000000006cc,crop_loss,20.838670026297923,0.36130065460771715,0.0810792515224284
50,3,000000000000000006ce,crop_loss,20.310304725133676,0.5140848872944478,0.20166483559413112
50,3,000000000000000006d9,crop_loss,27.340926802592197,0.21599440401151762,0.08057698228344279
50,3,000000000000000006e5,crop_loss,32.819150000136965,0.5093803140539205,0.136006436664454
50,3,00000000000000000151,built_loss,9.429626966536945,0.2840295837584967,0.08327920143981582
50,3,0000000000000000034d,built_loss,5.279840083223944,0.39020660923954437,0.06299715295184
50,3,000000000000000003c7,crop_loss,19.134853740073037,0.7321139826674903,0.12438516407467703
50,3,00000000000000000176,built_loss,20.269403060015694,0.6424740184084674,0.062453656660403256
50,3,000000000000000003d2,built_loss,27.95441451110115,0.6224712658416373,0.14299707333829725
50,3,00000000000000000490,built_loss,34.92402656177441,0.6235016313666614,0.09477152203360817
50,3,000000000000000005ad,built_loss,24.887358384203104,0.6908737463267256,0.11926047957852393
50,3,00000000000000000624,built_loss,4.322211999448562,0.5202211096583736,0.1198612097227491
50,3,0000000000000000002d,crop_loss,28.959495255068553,0.47968780567537694,0.07003162173590105
50,3,0000000000000000009d,crop_loss,7.254150459274508,0.3505271433237493,0.10392921107415098
50,3,00000000000000000192,crop_loss,27.878208190080414,0.5570423434783233,0.042780719920714305
50,3,000000000000000003c8,crop_loss,25.085225761584255,0.16548712363463788,0.060496864903787445
50,3,0000000000000000046c,crop_loss,24.8721747603803,0.5031059610911691,0.21668843270855753
50,3,00000000000000000483,crop_loss,9.234497906360303,0.7165558967664823,0.1744031652573832
50,3,000000000000000004ee,crop_loss,16.219037817668855,0.4212225749929494,0.25698682694227976
50,3,00000000000000000611,crop_loss,29.427393411792394,0.6693496018733412,0.07681608236057003
50,3,0000000000000000062f,crop_loss,32.107085876023596,0.5126949149022444,0.2442643394016022
50,4,00000000000000000085,built_loss,12.758794960099214,0.32563706223521194,0.12891442522919677
50,4,00000000000000000114,built_loss,22.758462491773685,0.6723776957849256,0.16291705716166638
50,4,0000000000000000024c,built_loss,21.97656998203273,0.7050445899621637,0.0966839857956231
50,4,00000000000000000375,built_loss,23.5346052836836,0.6306597741673725,0.11206709290553651
50,4,000000000000000004d2,built_loss,20.29902550486546,0.6561748005873118,0.34092152575347556
50,4,000000000000000005bd,built_loss,4.6725408971411335,0.534266911078699,0.08724328169946621
50,4,00000000000000000281,crop_loss,29.607315404960225,0.5370998938670399,0.08362474163793587
50,4,000000000000000003a2,crop_loss,25.69185514529723,0.351773151824547,0.13711644566833459
50,4,00000000000000000001,built_loss,22.247159455461258,0.451525135681727,0.08774976366343706
50,4,00000000000000000049,built_loss,4.768250712849863,0.5013748340166455,0.06529855795586514
50,4,0000000000000000004a,built_loss,9.919185445198483,0.4335906732259435,0.051442394180772955
50,4,0000000000000000004f,built_loss,26.14172266765599,0.38878954839971586,0.15334483165886847
50,4,0000000000000000005a,built_loss,21.639980064256715,0.4612384989187417,0.06836897725023716
50,4,00000000000000000079,built_loss,34.078823251795974,0.6136404624835141,0.07529766704969232
50,4,00000000000000000087,built_loss,30.446806873509654,0.5607144478678205,0.15959871535997017
50,4,000000000000000000a1,built_loss,9.463458725150161,0.42699847787285045,0.10189735196859784
50,4,000000000000000000b8,built_loss,10.34316110069228,0.5354633933419661,0.17512154852622225
50,4,000000000000000000c0,built_loss,27.13926387893981,0.6457567500217001,0.08372971717100197
50,4,000000000000000000e2,built_loss,12.635946478409025,0.3759964229278633,0.11269115480180747
50,4,000000000000000000f0,built_loss,23.70904077014237,0.7176425258015385,0.13110264647838898
50,4,000000000000000000f8,built_loss,31.569989306998714,0.6250406274217167,0.14622061165368938
50,4,0000000000000000011c,built_loss,7.835098534573567,0.7304962479208559,0.07506425569995501
50,4,00000000000000000161,built_loss,26.611428710603708,0.6655265843389861,0.08535624460326174
50,4,0000000000000000016a,built_loss,7.6707149854389645,0.23312934261577392,0.10451770328413287
50,4,000000000000000001a8,built_loss,30.45579639995127,0.5457091958489368,0.1456291818802538
50,4,000000000000000001be,built_loss,5.290212959666773,0.5160243052682162,0.1718555002899917
50,4,000000000000000001cd,built_loss,29.304175348098973,0.743765592874227,0.1040229611567609
50,4,000000000000000001e5,built_loss,14.539007824190614,0.5945738182103352,0.08855135156772331
50,4,00000000000000000206,built_loss,29.976912639008717,0.7206839131469556,0.09716897748035469
50,4,00000000000000000209,built_loss,32.49731845929018,0.59520976004247,0.11245169835722602
50,4,00000000000000000231,built_loss,28.760480218333928,0.5057132484241506,0.1283150783678106
50,4,0000000000000000026d,built_loss,25.896535685987917,0.5826058940933063,0.09888978914006208
50,4,00000000000000000278,built_loss,28.068570103497574,0.7594674095460338,0.0968575740946307
50,4,00000000000000000293,built_loss,27.279641817872182,0.4364648913080999,0.09521066361740793
50,4,000000000000000002a4,built_loss,10.302807313395146,0.4099947254457698,0.08824835671228859
50,4,00000000000000000316,built_loss,1.8111151730221307,0.1277244823393011,0.0399377462157796
50,4,00000000000000000356,built_loss,26.226153950206985,0.6253237477282978,0.14850759442201755
50,4,00000000000000000362,built_loss,30.370251558386226,0.5246382904913812,0.11336954612250444
50,4,00000000000000000363,built_loss,19.50630462426554,0.2603136834259605,0.07033658643370339
50,4,00000000000000000364,built_loss,34.044457467684225,0.6097477117291012,0.13294652700762677
50,4,00000000000000000380,built_loss,25.64279332471646,0.5146858634241775,0.09857647674565884
50,4,00000000000000000384,built_loss,11.29111257794626,0.5853641468282598,0.07739026187563336
50,4,0000000000000000039e,built_loss,6.984932735991432,0.48990663730195944,0.07896870695020569
50,4,000000000000000003a1,built_loss,16.92000059372262,0.6093866485564982,0.08339988180853186
50,4,000000000000000003a5,built_loss,17.899443279823405,0.4251164999240124,0.20983011933246937
50,4,000000000000000003b7,built_loss,12.714994782860359,0.5046595912522405,0.05745566592754242
50,4,000000000000000003bf,built_loss,30.39311083449951,0.5108376412568556,0.054458878487664786
50,4,000000000000000003f8,built_loss,6.982444567170718,0.2268910525738841,0.08221163756578342
50,4,000000000000000003fa,built_loss,28.674728097059067,0.444962333862931,0.099429282393244
50,4,00000000000000000407,built_loss,30.038851816127032,0.5672653957955727,0.131970619603616
50,4,0000000000000000040f,built_loss,21.94652000693674,0.5219773931255707,0.047391765993092416
50,4,00000000000000000426,built_loss,24.479407454342986,0.5560160563934298,0.06243837042866307
50,4,0000000000000000042b,built_loss,27.414165863111442,0.601003891371683,0.0973351755391123
50,4,00000000000000000442,built_loss,3.764458714818895,0.34865955221183825,0.28666763195257017
50,4,00000000000000000465,built_loss,27.33658966583349,0.620685170822722,0.10792734360892642
50,4,0000000000000000047e,built_loss,18.142136974651002,0.5429654809142126,0.09327129370007514
50,4,000000000000000004c0,built_loss,27.237103405475807,0.6363699269866022,0.11163986754456623
50,4,000000000000000004c5,built_loss,12.223977960200715,0.5860051983879642,0.09527322766183566
50,4,000000000000000004d9,built_loss,28.214147883521157,0.5558274631570109,0.07673660538833627
50,4,000000000000000004eb,built_loss,29.854931376496957,0.4404661789630663,0.07538721259754277
50,4,000000000000000004f5,built_loss,8.626017109461362,0.44935798926180803,0.13496299386460842
50,4,000000000000000004f7,built_loss,7.707631775738838,0.4789140655967972,0.05021071655258336
50,4,000000000000000004fe,built_loss,14.599618763924544,0.4537502185090139,0.08130634329931075
50,4,0000000000000000051d,built_loss,16.577396641990514,0.5098375919350827,0.23985120544069705
50,4,00000000000000000559,built_loss,31.055247178909845,0.7028276337770686,0.09042511304580969
50,4,00000000000000000576,built_loss,8.10803959403252,0.27495663294010436,0.0679305036277269
50,4,00000000000000000577,built_loss,8.101109379400873,0.5008097601085558,0.16479265096457468
50,4,0000000000000000057f,built_loss,2.3594519064809103,0.44774390504024786,0.12634356380072514
50,4,00000000000000000594,built_loss,12.684708839204175,0.3962204923677099,0.3801312137410406
50,4,000000000000000005bf,built_loss,23.545920676234445,0.40934312047972604,0.07176649974235866
50,4,000000000000000005cc,built_loss,11.441750638603237,0.33916864017821374,0.05976683811178435
50,4,000000000000000005de,built_loss,24.691904405143127,0.42296227023484867,0.05490199552737862
50,4,000000000000000005e7,built_loss,28.74129664000091,0.6577566140864127,0.12411297247645559
50,4,000000000000000005f9,built_loss,13.93509425080935,0.6381268313107,0.11699936349212792
50,4,0000000000000000061c,built_loss,17.97362550666794,0.41860392373089184,0.13848408925064182
50,4,00000000000000000626,built_loss,24.059990816608682,0.47117956178353493,0.07765641221970027
50,4,0000000000000000062a,built_loss,29.265168173430993,0.5423494479060607,0.10459949268891672
50,4,00000000000000000636,built_loss,18.953424476979585,0.5228609273965944,0.29143421446709994
50,4,0000000000000000064a,built_loss,3.615826993012554,0.303676976759747,0.05061589340951034
50,4,0000000000000000064d,built_loss,13.753686472694433,0.4404405905799498,0.09111596015043394
50,4,00000000000000000694,built_loss,22.56303135694146,0.35402910473616983,0.07119611469169879
50,4,0000000000000000069d,built_loss,28.78848665075166,0.6292916450284998,0.09375454021486651
50,4,000000000000000006b7,built_loss,22.255703735198892,0.47917355861616934,0.08868661103824654
50,4,000000000000000006df,built_loss,13.801449546862711,0.20721024765467272,0.08710294714724015
50,4,000000000000000006e3,built_loss,20.226281245861976,0.42090115556371754,0.0917164210511654
50,4,00000000000000000011,crop_loss,28.771631251189877,0.8349880902553443,0.3249434747473352
50,4,0000000000000000002b,crop_loss,30.919347597471848,0.1582534130799154,0.1236163415663047
50,4,0000000000000000003a,crop_loss,28.677701753510743,0.31089028719554285,0.09078423677444825
50,4,0000000000000000009b,crop_loss,14.129580594878382,0.49615292234979946,0.026572838106585672
50,4,000000000000000000a8,crop_loss,22.11942580061407,0.20366250953863368,0.03996330669192716
50,4,000000000000000000da,crop_loss,20.647514869939776,0.7507958041505387,0.059680541606573545
50,4,000000000000000000e3,crop_loss,33.77480287004253,0.45113706637305084,0.10173666794012604
50,4,000000000000000000e9,crop_loss,4.905110377473232,0.4337320913699692,0.11386581446602945
50,4,0000000000000000011b,crop_loss,24.356589036826495,0.4823516373705813,0.06203423380137685
50,4,00000000000000000128,crop_loss,23.776055069346278,0.5240100248930863,0.03910776509228542
50,4,0000000000000000016c,crop_loss,29.828789501610448,0.44705411388817395,0.1679769499571846
50,4,00000000000000000196,crop_loss,25.004404268871166,0.2513388402237234,0.06925959079705415
50,4,000000000000000001a6,crop_loss,26.339714567013846,0.3083646767605045,0.11513174356643471
50,4,000000000000000001e4,crop_loss,29.33701611061909,0.49063404959994916,0.06995531148646911
50,4,000000000000000001f9,crop_loss,27.44395059475607,0.5499438351604854,0.421508532508232
50,4,00000000000000000228,crop_loss,19.746148778767562,0.43050115155170404,0.22491617556407117
50,4,0000000000000000028c,crop_loss,3.8032529078780053,0.3151905436308349,0.08333366987012347
50,4,0000000000000000028d,crop_loss,24.551847849327757,0.6795448768146533,0.15204146788378037
50,4,00000000000000000291,crop_loss,13.019637997729625,0.8769481908540194,0.03624675109557285
50,4,000000000000000002c5,crop_loss,23.448019204375104,0.28230193564086226,0.12227937265091007
50,4,000000000000000002cc,crop_loss,15.818400366678489,0.3182310780866974,0.2036696535534503
50,4,000000000000000002dc,crop_loss,29.839734541028236,0.6579040022028873,0.1057089476786891
50,4,000000000000000002e4,crop_loss,29.43257346251126,0.30360503372814696,0.138303876139528
50,4,000000000000000002ec,crop_loss,29.30303289758475,0.49526643647470275,0.1322450875172112
50,4,00000000000000000314,crop_loss,20.13008957522313,0.043232577536348064,0.04679749815673974
50,4,00000000000000000335,crop_loss,33.24349550158,0.4972113754474407,0.10946453139803791
50,4,0000000000000000033a,crop_loss,24.22282671897337,0.5044968374748043,0.14055826926470227
50,4,000000000000000003b0,crop_loss,32.48893541183603,0.18638128322527608,0.10652540519310147
50,4,000000000000000003f1,crop_loss,30.561950666435415,0.49385811864454593,0.1373307122052122
50,4,000000000000000003f2,crop_loss,25.537124441805346,0.49001900629727835,0.07678475129757961
50,4,0000000000000000044b,crop_loss,13.131326863729718,0.5608292163720271,0.09643075382532806
50,4,00000000000000000480,crop_loss,11.311877933676207,0.8815377940783846,0.10247480020770283
50,4,00000000000000000485,crop_loss,28.838034305818997,0.6779541434553398,0.10734340057294023
50,4,00000000000000000497,crop_loss,27.937939204885595,0.23783337654480258,0.13173572241467382
50,4,0000000000000000049b,crop_loss,24.46002027565975,0.34791723199261615,0.05394073578699182
50,4,000000000000000004a1,crop_loss,24.869060588689095,0.36626173844037074,0.1267281587359414
50,4,000000000000000004e7,crop_loss,20.17019898615642,0.4712272404439214,0.03802369695003832
50,4,000000000000000004e9,crop_loss,13.734778634308018,0.3818727702948422,0.193041053470064
50,4,000000000000000004f9,crop_loss,27.083240359791915,0.4797378602738464,0.24590122691639538
50,4,00000000000000000517,crop_loss,24.645979436928407,0.30801491605451753,0.20952994604347017
50,4,00000000000000000538,crop_loss,1.0635042044901803,0.30628692654747597,0.06263504924036983
50,4,0000000000000000057e,crop_loss,4.82501486538366,0.5331758248377012,0.04541358117825234
50,4,000000000000000005d1,crop_loss,15.361058893423897,0.12784369544046242,0.08342433810687083
50,4,00000000000000000632,crop_loss,13.265623605458545,0.08516699100554023,0.04641159283427851
50,4,0000000000000000063e,crop_loss,29.31092937949552,0.304769044891894,0.11745972172286268
50,4,00000000000000000655,crop_loss,24.47192985762423,0.6108396827036959,0.22037889658949555
50,4,00000000000000000697,crop_loss,33.18697400480261,0.5814956286180372,0.10415853280530507
50,4,00000000000000000698,crop_loss,14.335958475654055,0.43363806333086824,0.10405182295572923
50,4,000000000000000006a8,crop_loss,29.513826272076237,0.32434981827044124,0.11817214938947695
50,4,000000000000000006b4,crop_loss,29.598204905895376,0.5013520375868782,0.23967200308359587
50,4,000000000000000006be,crop_loss,12.989995443999526,0.4252951579056862,0.11394171141269832
50,4,000000000000000006c0,crop_loss,2.781918673876063,0.21340990434048362,0.06544533408058936
50,4,000000000000000006cc,crop_loss,18.998659842807783,0.3271847635969655,0.0627995782763055
50,4,000000000000000006ce,crop_loss,18.30793792024074,0.5717197769442923,0.18235785118708986
50,4,000000000000000006d9,crop_loss,27.833538261362072,0.19480813584723913,0.0769657200650613
50,4,000000000000000006e5,crop_loss,28.67562763139835,0.47298273901046756,0.14517797684982164
50,4,00000000000000000151,built_loss,7.334796452193378,0.2769246085032378,0.05211002763311984
50,4,0000000000000000034d,built_loss,5.780180780945336,0.41519556291015397,0.05612259587770002
50,4,000000000000000003c7,crop_loss,27.524895658956254,0.7597863688166246,0.1288461465283024
50,4,00000000000000000176,built_loss,22.852073678698243,0.6504454903846744,0.07739123969585082
50,4,000000000000000003d2,built_loss,32.58697944195976,0.5335635552074182,0.14408569696770984
50,4,00000000000000000490,built_loss,29.424364550169226,0.6499757712825791,0.07597275366810663
50,4,000000000000000005ad,built_loss,24.646601462177983,0.7023830325947499,0.08710107607960116
50,4,00000000000000000624,built_loss,5.066676333730691,0.4944183992700422,0.12629562963620533
50,4,0000000000000000002d,crop_loss,33.60869322108263,0.47186241585577265,0.10831600460629387
50,4,0000000000000000009d,crop_loss,7.176757825676342,0.34419634330285137,0.081088592516665
50,4,00000000000000000192,crop_loss,31.80473217735677,0.566937058333896,0.06331541946664831
50,4,000000000000000003c8,crop_loss,29.04323803700165,0.19686821315155936,0.07892456262606162
50,4,0000000000000000046c,crop_loss,30.14841289022095,0.48242061570094863,0.266380135682286
50,4,00000000000000000483,crop_loss,9.630791436622603,0.6971019883352425,0.15819352822658728
50,4,000000000000000004ee,crop_loss,18.72779990272352,0.42574230564770305,0.19513603391686535
50,4,00000000000000000611,crop_loss,28.848090451278892,0.6757471811227772,0.11681860032513491
50,4,0000000000000000062f,crop_loss,32.13641781505238,0.4923768786479413,0.22758618377727247
50,5,00000000000000000085,built_loss,11.542871676472439,0.3751625171136833,0.1006780161826119
50,5,00000000000000000114,built_loss,25.97769813869797,0.6487589982081402,0.12543797800823586
50,5,0000000000000000024c,built_loss,18.739918717604386,0.7271340906555072,0.06857224918626892
50,5,00000000000000000375,built_loss,27.49821095077014,0.6526455290285138,0.15342677245656788
50,5,000000000000000004d2,built_loss,24.84180842255573,0.4344065567343728,0.5081911278291633
50,5,000000000000000005bd,built_loss,4.851231677224314,0.5835615098976666,0.1258939338316044
50,5,00000000000000000281,crop_loss,25.250965817590846,0.5180575941732004,0.0711861186854873
50,5,000000000000000003a2,crop_loss,21.39503963421889,0.3878643372283896,0.16685261358679682
50,5,00000000000000000001,built_loss,23.243961553526557,0.47372921322143347,0.09551224004659192
50,5,00000000000000000049,built_loss,4.435901797427355,0.48757237940630593,0.11435685034169762
50,5,0000000000000000004a,built_loss,11.046285042434349,0.4317802451345717,0.0674088380000748
50,5,0000000000000000004f,built_loss,26.00617138276075,0.39506561907026594,0.10279257385356405
50,5,0000000000000000005a,built_loss,20.413557525174514,0.4524837552789002,0.06859621057410042
50,5,00000000000000000079,built_loss,32.353973806493926,0.632814662158969,0.11957357732136231
50,5,00000000000000000087,built_loss,32.837111143318324,0.5496436224819383,0.1858074393666767
50,5,000000000000000000a1,built_loss,7.719567942762412,0.43067128489312356,0.09015289999206383
50,5,000000000000000000b8,built_loss,9.914079190119999,0.5982423031917405,0.21237028505336697
50,5,000000000000000000c0,built_loss,26.29152275122081,0.6275366555409265,0.07361740320038546
50,5,000000000000000000e2,built_loss,17.266951311155747,0.38109776653429284,0.09150615687465224
50,5,000000000000000000f0,built_loss,22.331937596096672,0.7033743459417305,0.17344293416332157
50,5,000000000000000000f8,built_loss,30.283288311819085,0.5527927559598977,0.1019810894516765
50,5,0000000000000000011c,built_loss,7.733084238196054,0.7438864386882652,0.06883217047196033
50,5,00000000000000000161,built_loss,25.674456731304083,0.6566340458897124,0.07850798961955185
50,5,0000000000000000016a,built_loss,8.869023826407425,0.3010912095415269,0.11996244038837073
50,5,000000000000000001a8,built_loss,32.32151025375071,0.5427510969780853,0.1522321123410349
50,5,000000000000000001be,built_loss,4.956207226985778,0.5203032800680925,0.11771585191575934
50,5,000000000000000001cd,built_loss,33.26057951520008,0.7619825063699038,0.1336483635044735
50,5,000000000000000001e5,built_loss,13.803224143618701,0.5664519435533447,0.12673669896204964
50,5,00000000000000000206,built_loss,27.665239667147727,0.7529432277504113,0.05155910372904826
50,5,00000000000000000209,built_loss,33.158491185884266,0.660696070643629,0.12994023603275928
50,5,00000000000000000231,built_loss,29.653648459310876,0.5413035023739662,0.10588357916988067
50,5,0000000000000000026d,built_loss,21.057196403508204,0.5891129706925283,0.11781116437706307
50,5,00000000000000000278,built_loss,23.694240219266586,0.7888281490809295,0.11325744021386863
50,5,00000000000000000293,built_loss,26.63247911291895,0.518891936854618,0.10343310069407807
50,5,000000000000000002a4,built_loss,8.354302981130084,0.4044896603030112,0.06400056155735784
50,5,00000000000000000316,built_loss,2.2747687177166314,0.13239440668255084,0.044901465071394156
50,5,00000000000000000356,built_loss,23.45479591420739,0.6152444620388412,0.18640556276249465
50,5,00000000000000000362,built_loss,30.42749449689134,0.5640391321420064,0.1075406501345263
50,5,00000000000000000363,built_loss,21.384215924326057,0.2517199774945062,0.058646317233533946
50,5,00000000000000000364,built_loss,29.608820826232666,0.6181861798394395,0.0951385201910232
50,5,00000000000000000380,built_loss,21.81130212430429,0.4975690930233056,0.10123306644018465
50,5,00000000000000000384,built_loss,16.078698110343893,0.5820479766586367,0.09361734690394974
50,5,0000000000000000039e,built_loss,6.880524164495587,0.4889069450997857,0.09585709952151095
50,5,000000000000000003a1,built_loss,16.438899530668476,0.6273858175840044,0.12904001519667185
50,5,000000000000000003a5,built_loss,19.117892246577295,0.43747498588090505,0.12667947934990664
50,5,000000000000000003b7,built_loss,16.786744893189233,0.49673884405885493,0.05593951960229454
50,5,000000000000000003bf,built_loss,26.596127994508905,0.5035595111495358,0.08844220749022913
50,5,000000000000000003f8,built_loss,6.651778950901036,0.2231709736032957,0.04378102963756267
50,5,000000000000000003fa,built_loss,30.037418127447395,0.40509247262210096,0.07764637866963453
50,5,00000000000000000407,built_loss,29.80715778790952,0.5680273252725107,0.13471998685386677
50,5,0000000000000000040f,built_loss,23.638265856734808,0.5088696851872729,0.040655564649528075
50,5,00000000000000000426,built_loss,24.413308245642874,0.5786666202212949,0.08049490627391565
50,5,0000000000000000042b,built_loss,24.701987394702364,0.5823458656157897,0.11840017180657247
50,5,00000000000000000442,built_loss,4.262753695713703,0.47077594865602007,0.4073243897951542
50,5,00000000000000000465,built_loss,28.39777985720585,0.6441778171738908,0.10099188487022537
50,5,0000000000000000047e,built_loss,16.185427558934965,0.5328154132599747,0.08742174307305062
50,5,000000000000000004c0,built_loss,25.445196482051067,0.6709621690267863,0.07346726729670472
50,5,000000000000000004c5,built_loss,12.75756606539756,0.5703151645055238,0.09176359959373093
50,5,000000000000000004d9,built_loss,27.646298756213167,0.539453337481688,0.06712229702250738
50,5,000000000000000004eb,built_loss,27.811510347441175,0.4783505302322695,0.08294683382566986
50,5,000000000000000004f5,built_loss,8.156093563474554,0.4861257099402286,0.11645131634128753
50,5,000000000000000004f7,built_loss,7.701345136992172,0.4816696165566562,0.05262086269813576
50,5,000000000000000004fe,built_loss,14.776788710762833,0.5029229518666735,0.0718900942930823
50,5,0000000000000000051d,built_loss,10.799359479119605,0.5117943686273212,0.25193691229629533
50,5,00000000000000000559,built_loss,28.046845149589412,0.6539095743918638,0.09327328523124934
50,5,00000000000000000576,built_loss,8.514761717599157,0.2423825552561372,0.08913052697386212
50,5,00000000000000000577,built_loss,10.372760471211537,0.45702517655867714,0.12091617213919986
50,5,0000000000000000057f,built_loss,2.1373853392886333,0.3666825371156072,0.10690347554510893
50,5,00000000000000000594,built_loss,23.354824745379574,0.4082963427499221,0.307073697600313
50,5,000000000000000005bf,built_loss,23.082924250087967,0.4064048509025452,0.09794551454011224
50,5,000000000000000005cc,built_loss,13.1575320787507,0.33977917378118133,0.0429054854876641
50,5,000000000000000005de,built_loss,23.263762579358612,0.4369999003170938,0.05638984225182614
50,5,000000000000000005e7,built_loss,28.098257767537977,0.641602318671456,0.16059706801303075
50,5,000000000000000005f9,built_loss,16.795013812579935,0.6279165852725506,0.14306965937343796
50,5,0000000000000000061c,built_loss,11.94557418801258,0.416224615539944,0.1153059167340642
50,5,00000000000000000626,built_loss,21.442088054131855,0.4678390186518258,0.10436254591014688
50,5,0000000000000000062a,built_loss,27.54026259179396,0.5796455729255107,0.12006682278224823
50,5,00000000000000000636,built_loss,17.951663158085246,0.5292030069512078,0.2106935473921029
50,5,0000000000000000064a,built_loss,3.3221597283030966,0.2829592037673587,0.10669524797375327
50,5,0000000000000000064d,built_loss,11.72489247413931,0.42353019353892685,0.07801169903409733
50,5,00000000000000000694,built_loss,23.024742286916446,0.3632783528580609,0.043123828126770625
50,5,0000000000000000069d,built_loss,26.06053417263393,0.6766043254657866,0.1277259069323381
50,5,000000000000000006b7,built_loss,23.06312821798947,0.4717948913038366,0.07688516928680755
50,5,000000000000000006df,built_loss,15.237868023748662,0.23768497285236165,0.21229761363300176
50,5,000000000000000006e3,built_loss,21.056821418055147,0.4003287996809282,0.11033171758394683
50,5,00000000000000000011,crop_loss,28.777955525326814,0.7561729247624925,0.37817792205815454
50,5,0000000000000000002b,crop_loss,31.208369982515688,0.15880706880130455,0.17959189981257515
50,5,0000000000000000003a,crop_loss,28.56419083796128,0.2810912164128503,0.12248769307668839
50,5,0000000000000000009b,crop_loss,12.829232094888694,0.496596222688582,0.024034618217832204
50,5,000000000000000000a8,crop_loss,22.872057254447117,0.18453781556399051,0.035577503401805544
50,5,000000000000000000da,crop_loss,21.58393858915141,0.73736112657324,0.09577609582197844
50,5,000000000000000000e3,crop_loss,29.440929239115228,0.4936489935404027,0.12465608332321915
50,5,000000000000000000e9,crop_loss,5.287956955056284,0.45505325658545204,0.16779977541057517
50,5,0000000000000000011b,crop_loss,24.926709017000324,0.4768030611595494,0.03591308352700634
50,5,00000000000000000128,crop_loss,25.719852097293256,0.5321398143370069,0.04384461163688547
50,5,0000000000000000016c,crop_loss,27.90562568727969,0.47942815844832776,0.15036441699901176
50,5,00000000000000000196,crop_loss,18.003658588064976,0.23029954554746637,0.048815849602032446
50,5,000000000000000001a6,crop_loss,27.78921811458381,0.3228216773357348,0.14134431559564442
50,5,000000000000000001e4,crop_loss,29.01345086539962,0.4844958134746664,0.056158222855286655
50,5,000000000000000001f9,crop_loss,31.169743675144627,0.4383963276952094,0.44223331369855207
50,5,00000000000000000228,crop_loss,20.952393629479793,0.502100848688648,0.1880634329348766
50,5,0000000000000000028c,crop_loss,3.694827886320658,0.2906821723582752,0.07877939512790999
50,5,0000000000000000028d,crop_loss,19.880924304966268,0.6380193326198138,0.09026612547568547
50,5,00000000000000000291,crop_loss,13.381421704908021,0.874767367691761,0.03537113017459537
50,5,000000000000000002c5,crop_loss,22.278167963474647,0.3109633955893371,0.15762167695186993
50,5,000000000000000002cc,crop_loss,14.458820040577706,0.5111649451003198,0.233434078417589
50,5,000000000000000002dc,crop_loss,32.63971018904506,0.6638651027778295,0.08177828735833359
50,5,000000000000000002e4,crop_loss,31.383750708901694,0.30313896166492604,0.16798108335138118
50,5,000000000000000002ec,crop_loss,30.533609109152927,0.5230494742129606,0.11958675974390748
50,5,00000000000000000314,crop_loss,23.51813337486159,0.10054471202630949,0.10321249624603825
50,5,00000000000000000335,crop_loss,32.37402591599225,0.4867598151320719,0.0831048137998257
50,5,0000000000000000033a,crop_loss,20.81874167117302,0.4866086559150345,0.1085637290684901
50,5,000000000000000003b0,crop_loss,32.77630071664964,0.18015978326858642,0.08460149719831597
50,5,000000000000000003f1,crop_loss,34.10222891362736,0.45342628795090606,0.11108183688720275
50,5,000000000000000003f2,crop_loss,27.895945636814716,0.44748170674516174,0.08711574904265129
50,5,0000000000000000044b,crop_loss,14.37497542728975,0.5671372256991541,0.06717896966013093
50,5,00000000000000000480,crop_loss,9.847981954288766,0.8733817866651465,0.10080145655301265
50,5,00000000000000000485,crop_loss,25.167557741573635,0.695503999167843,0.07612637564973967
50,5,00000000000000000497,crop_loss,24.824376294814044,0.2111795460276501,0.1385460851322826
50,5,0000000000000000049b,crop_loss,27.489601868660266,0.3302905035989836,0.058065791555806046
50,5,000000000000000004a1,crop_loss,29.00969502533683,0.3676961095426235,0.12074191665075484
50,5,000000000000000004e7,crop_loss,17.493184239882,0.47611634150036414,0.04613413227561053
50,5,000000000000000004e9,crop_loss,14.171770951207717,0.4209703663198166,0.23527691181209037
50,5,000000000000000004f9,crop_loss,28.802971162372014,0.42060038210815587,0.21223918427866978
50,5,00000000000000000517,crop_loss,21.19548350485377,0.2856471333441141,0.24209497914962827
50,5,00000000000000000538,crop_loss,1.0747546788722775,0.308710161514099,0.07657461380549713
50,5,0000000000000000057e,crop_loss,3.601090290141228,0.548480238476981,0.058643648557099914
50,5,000000000000000005d1,crop_loss,13.99548336171033,0.22152217978288452,0.17871654094676753
50,5,00000000000000000632,crop_loss,13.301593101537966,0.08525469098508605,0.03562385878305423
50,5,0000000000000000063e,crop_loss,29.450210653855002,0.30410933758177744,0.10742011958890929
50,5,00000000000000000655,crop_loss,26.604981486893845,0.584639794971179,0.28605268049331906
50,5,00000000000000000697,crop_loss,33.42502915678887,0.6360612311888916,0.1046423210088695
50,5,00000000000000000698,crop_loss,15.219210094335043,0.4427609335529234,0.13727573961708184
50,5,000000000000000006a8,crop_loss,29.73761287931555,0.2883019728669433,0.11602293664605434
50,5,000000000000000006b4,crop_loss,32.94606039345596,0.44230149237815675,0.19548609057458777
50,5,000000000000000006be,crop_loss,15.305444575096846,0.371888764966944,0.1298825779915665
50,5,000000000000000006c0,crop_loss,3.0827388505251805,0.17598877759326687,0.0740258392838598
50,5,000000000000000006cc,crop_loss,20.63824271970012,0.3773923311431178,0.08644801370086147
50,5,000000000000000006ce,crop_loss,14.316142278968208,0.6008455110010593,0.18314001291872473
50,5,000000000000000006d9,crop_loss,27.618903476841,0.18627814303871104,0.10259111406208182
50,5,000000000000000006e5,crop_loss,31.900410160307516,0.47634768617154954,0.11487048856241489
50,5,00000000000000000151,built_loss,8.770739088548158,0.30084880396922065,0.06586094873729792
50,5,0000000000000000034d,built_loss,5.160042728529683,0.4097427131394058,0.06737138840590723
50,5,000000000000000003c7,crop_loss,19.691417456993427,0.728877474616218,0.12083267240247075
50,5,00000000000000000176,built_loss,19.381128132793474,0.6443498477930877,0.07806436302795627
50,5,000000000000000003d2,built_loss,30.66337333896314,0.6460788626002653,0.10631581219156194
50,5,00000000000000000490,built_loss,32.16259820426322,0.6037481553456799,0.12228246071443016
50,5,000000000000000005ad,built_loss,25.244640786767427,0.6564642226827762,0.08242551156735656
50,5,00000000000000000624,built_loss,5.122447864024642,0.5146689394927949,0.12043671870568817
50,5,0000000000000000002d,crop_loss,31.406627656115123,0.47680936970885246,0.08109093805432793
50,5,0000000000000000009d,crop_loss,7.283365142451522,0.40202003461759594,0.10992914115797642
50,5,00000000000000000192,crop_loss,25.461500930945533,0.5654521490109604,0.04005510270465429
50,5,000000000000000003c8,crop_loss,26.74132111246985,0.1933688824092183,0.10186956964039756
50,5,0000000000000000046c,crop_loss,31.965515437593396,0.5631439712848968,0.33416953806190924
50,5,00000000000000000483,crop_loss,12.51760749707453,0.6789706820257038,0.14696529490088805
50,5,000000000000000004ee,crop_loss,18.509860317155646,0.4537874102723387,0.22806582551841004
50,5,00000000000000000611,crop_loss,33.192651325345366,0.612729867854015,0.0951706503995906
50,5,0000000000000000062f,crop_loss,29.53895784707405,0.5296235161903705,0.2508954104194433
50,6,00000000000000000085,built_loss,13.431974243878301,0.34538822328133334,0.1262342300450089
50,6,00000000000000000114,built_loss,19.57192921654246,0.727897215530209,0.11254436149247826
50,6,0000000000000000024c,built_loss,19.7239738807101,0.7174943436952522,0.07227351606804833
50,6,00000000000000000375,built_loss,27.066188643800693,0.676027899862852,0.1010649647690296
50,6,000000000000000004d2,built_loss,23.6014320139304,0.5962130100717115,0.47027001547028713
50,6,000000000000000005bd,built_loss,4.649406203599278,0.5571082557642404,0.13081080613801133
50,6,00000000000000000281,crop_loss,29.0582180836463,0.5318311203624647,0.07849243101886616
50,6,000000000000000003a2,crop_loss,21.798151044901374,0.30909707523468805,0.15315786263863318
50,6,00000000000000000001,built_loss,17.050382881322896,0.4468918209428175,0.1112808071800348
50,6,00000000000000000049,built_loss,4.7612014271290235,0.48481264588599315,0.05977171830168865
50,6,0000000000000000004a,built_loss,11.742953001423277,0.43976095197603693,0.05457997175290985
50,6,0000000000000000004f,built_loss,30.22192778900537,0.38872821241618477,0.12516536325375932
50,6,0000000000000000005a,built_loss,23.917369244140502,0.46567551918651073,0.06287692484764434
50,6,00000000000000000079,built_loss,35.7893511276635,0.6125329022154895,0.1082159090652609
50,6,00000000000000000087,built_loss,32.55317350198784,0.5989442476402819,0.18094389284269574
50,6,000000000000000000a1,built_loss,7.777296596455082,0.4310805908758311,0.07525835490082122
50,6,000000000000000000b8,built_loss,9.329358559253112,0.49520665222842136,0.1730896698128644
50,6,000000000000000000c0,built_loss,27.17953389492444,0.5998435078695519,0.13362783115767096
50,6,000000000000000000e2,built_loss,14.988682026366861,0.37670179949595545,0.1501502310418103
50,6,000000000000000000f0,built_loss,22.437302958758515,0.6502900081277714,0.18704566479501594
50,6,000000000000000000f8,built_loss,31.644225555516556,0.5454258330408421,0.13414046689569475
50,6,0000000000000000011c,built_loss,7.125624595207848,0.7071126486377642,0.0763962480363709
50,6,00000000000000000161,built_loss,27.856893882871972,0.6368759833966219,0.1128310423412151
50,6,0000000000000000016a,built_loss,8.629241759700978,0.2318004517558099,0.09671000293545623
50,6,000000000000000001a8,built_loss,32.717279091296525,0.5649932117796789,0.11614352713062603
50,6,000000000000000001be,built_loss,6.493201113373394,0.5087811337521359,0.12732043225091727
50,6,000000000000000001cd,built_loss,28.86535709669804,0.7869302366048001,0.09977813469638941
50,6,000000000000000001e5,built_loss,15.020434461431101,0.5758747139907227,0.09650961387396162
50,6,00000000000000000206,built_loss,26.503215193280354,0.7414956439565731,0.1209104644520641
50,6,00000000000000000209,built_loss,28.567130246279977,0.6712992511818313,0.1338060844479334
50,6,00000000000000000231,built_loss,32.58829655964525,0.5322692989787249,0.11894936421822411
50,6,0000000000000000026d,built_loss,20.368925313014053,0.5541052494549541,0.0965244470843909
50,6,00000000000000000278,built_loss,24.783941659052434,0.8188850711612735,0.10355778906520463
50,6,00000000000000000293,built_loss,25.13807700304001,0.4770109465901246,0.13140573815698098
50,6,000000000000000002a4,built_loss,11.650287333348166,0.4036562922380247,0.08097248971502641
50,6,00000000000000000316,built_loss,2.1055754303080154,0.12664579586340555,0.032532332912537404
50,6,00000000000000000356,built_loss,24.466455654696222,0.5406489540895079,0.24139185097154658
50,6,00000000000000000362,built_loss,29.862713820768747,0.5698417190726222,0.11102947053720413
50,6,00000000000000000363,built_loss,20.8679846141515,0.24514238104723227,0.09254492461660904
50,6,00000000000000000364,built_loss,32.92805381765275,0.6129584206378297,0.10646782359864992
50,6,00000000000000000380,built_loss,26.783182473989815,0.4693340693478292,0.09864090996729402
50,6,00000000000000000384,built_loss,14.987325820686305,0.5840580827552329,0.10131753278998468
50,6,0000000000000000039e,built_loss,6.970250420463309,0.4467097787974067,0.08436097327701636
50,6,000000000000000003a1,built_loss,16.247714827310435,0.6055108481661903,0.11601459726884056
50,6,000000000000000003a5,built_loss,17.742773442169604,0.40425931000109006,0.15322500693465174
50,6,000000000000000003b7,built_loss,11.835916958648832,0.48916055287687576,0.0646298198895639
50,6,000000000000000003bf,built_loss,29.737526945519043,0.5279035995781997,0.08174123810539607
50,6,000000000000000003f8,built_loss,5.8308181517096225,0.22342816597457044,0.05717309731760231
50,6,000000000000000003fa,built_loss,34.00935441052744,0.3985196965070035,0.08757874239566871
50,6,00000000000000000407,built_loss,26.055604504161124,0.5339804983710016,0.11622590559509438
50,6,0000000000000000040f,built_loss,23.96068769540699,0.5305248860816166,0.043739177107176896
50,6,00000000000000000426,built_loss,21.724771533372163,0.565686694150144,0.10673414682421489
50,6,0000000000000000042b,built_loss,22.486136950549238,0.5838869399506096,0.12362298978307229
50,6,00000000000000000442,built_loss,3.3047660317730534,0.48522207371842196,0.3807816374747164
50,6,00000000000000000465,built_loss,29.570007994543552,0.6286135668833349,0.09327700160765884
50,6,0000000000000000047e,built_loss,19.670086290045425,0.5283020161267444,0.0789219377679094
50,6,000000000000000004c0,built_loss,29.756080560875372,0.5810027274554943,0.08170343498944921
50,6,000000000000000004c5,built_loss,11.674257315970145,0.5372224225083542,0.152731874789358
50,6,000000000000000004d9,built_loss,27.681807176005425,0.5858648812662303,0.08097958492153279
50,6,000000000000000004eb,built_loss,29.463899096823187,0.4429713494918894,0.06442576900702957
50,6,000000000000000004f5,built_loss,8.1293089420816,0.44040834033512305,0.11215995822386321
50,6,000000000000000004f7,built_loss,7.726525177637149,0.49814227588211923,0.04696601496995961
50,6,000000000000000004fe,built_loss,13.333901999584459,0.5033338435682456,0.06034300610972043
50,6,0000000000000000051d,built_loss,19.898114496859257,0.6276600631848902,0.2621420838136955
50,6,00000000000000000559,built_loss,31.088936145759014,0.729898369103475,0.11772600109323317
50,6,00000000000000000576,built_loss,7.864676072017378,0.2830337170161389,0.07238661482819933
50,6,00000000000000000577,built_loss,9.210080967728137,0.45461975567580576,0.12438089673473263
50,6,0000000000000000057f,built_loss,2.066376553102815,0.4067992474299404,0.08526980911214266
50,6,00000000000000000594,built_loss,20.9035293418569,0.49800231150329083,0.22323888809986842
50,6,000000000000000005bf,built_loss,22.2782035040711,0.3815979774862182,0.09678385115180549
50,6,000000000000000005cc,built_loss,12.217181174888552,0.33524400395055753,0.06926180340427751
50,6,000000000000000005de,built_loss,26.838925505283626,0.4365001694852204,0.07368048437841668
50,6,000000000000000005e7,built_loss,30.369046469017004,0.668038088120988,0.12504861488375085
50,6,000000000000000005f9,built_loss,13.35349256944274,0.6384115424981845,0.12118295223215614
50,6,0000000000000000061c,built_loss,17.41502674010222,0.37867511076950433,0.07431374172766553
50,6,00000000000000000626,built_loss,23.237850455158526,0.4878320502214208,0.07353354178415383
50,6,0000000000000000062a,built_loss,26.411943087495334,0.5611817763882538,0.120125049048451
50,6,00000000000000000636,built_loss,18.47723690913966,0.4281418030452261,0.19047198975418922
50,6,0000000000000000064a,built_loss,3.436136729163213,0.32788048257879077,0.05133198770130459
50,6,0000000000000000064d,built_loss,10.44854985213645,0.4401769081427436,0.09898643166311732
50,6,00000000000000000694,built_loss,20.640293838221645,0.38257787976415053,0.044496040861840114
50,6,0000000000000000069d,built_loss,26.915702148792633,0.6725025225288332,0.0937219740292905
50,6,000000000000000006b7,built_loss,22.03543370721698,0.4717263151583901,0.06288247882258075
50,6,000000000000000006df,built_loss,14.141260834183635,0.27463070278442314,0.18210157560008644
50,6,000000000000000006e3,built_loss,25.546020232005827,0.38174462644657414,0.10413986389712315
50,6,00000000000000000011,crop_loss,27.39602672262566,0.45689776615603894,0.2616552072830424
50,6,0000000000000000002b,crop_loss,29.84512625254611,0.17081871864492415,0.17263974777406405
50,6,0000000000000000003a,crop_loss,28.5241878440429,0.3254002143761338,0.10022264523474006
50,6,0000000000000000009b,crop_loss,16.100034203264745,0.4948635759830717,0.03026950279204227
50,6,000000000000000000a8,crop_loss,21.384389127666914,0.21131453691908542,0.05713826256889895
50,6,000000000000000000da,crop_loss,22.544888967253616,0.7373605707886642,0.07608341792929652
50,6,000000000000000000e3,crop_loss,32.18820786989106,0.48153843499081805,0.1457907826624616
50,6,000000000000000000e9,crop_loss,5.035600483833546,0.4368443618172186,0.13862145056786834
50,6,0000000000000000011b,crop_loss,21.901294080797005,0.4768922802270215,0.04853686353262654
50,6,00000000000000000128,crop_loss,24.438145859414135,0.5415704156144028,0.05280348035792204
50,6,0000000000000000016c,crop_loss,28.39929502883465,0.49568804125441535,0.1322480300309573
50,6,00000000000000000196,crop_loss,21.1993003235573,0.2742149643443398,0.10639596267180648
50,6,000000000000000001a6,crop_loss,25.782891375235174,0.28152966530053536,0.15470976360986546
50,6,000000000000000001e4,crop_loss,23.640620170400588,0.488455485669462,0.09348010858599409
50,6,000000000000000001f9,crop_loss,27.957500028486713,0.5761005296258616,0.4242010781005076
50,6,00000000000000000228,crop_loss,23.56206687453108,0.49553692293689927,0.3015540617341467
50,6,0000000000000000028c,crop_loss,4.538058524535128,0.2880642515023225,0.10170532857533779
50,6,0000000000000000028d,crop_loss,19.123628929442077,0.6813993664036129,0.09845137217588573
50,6,00000000000000000291,crop_loss,13.690701317759817,0.8866499587212227,0.03908368299735743
50,6,000000000000000002c5,crop_loss,22.90560201931558,0.32163991932631675,0.1289707885692924
50,6,000000000000000002cc,crop_loss,14.642937649166543,0.3378104327695751,0.20475702256663753
50,6,000000000000000002dc,crop_loss,33.43947701043049,0.6425717934605345,0.12539675429183794
50,6,000000000000000002e4,crop_loss,28.379068134442054,0.32276278008733716,0.2318793224783014
50,6,000000000000000002ec,crop_loss,33.749504478684365,0.5478858835925662,0.10077283839022005
50,6,00000000000000000314,crop_loss,21.941122416890973,0.07564887297119918,0.11765910229283927
50,6,00000000000000000335,crop_loss,28.988458421483045,0.4838979868442202,0.09163585416980613
50,6,0000000000000000033a,crop_loss,21.548221308169985,0.46469346111074195,0.10260749558011223
50,6,000000000000000003b0,crop_loss,30.957208247325156,0.21543468724619966,0.08890838907357801
50,6,000000000000000003f1,crop_loss,33.81388697879312,0.4953837530644916,0.10330655680356332
50,6,000000000000000003f2,crop_loss,23.951361276685525,0.48184231141100964,0.07579914193355247
50,6,0000000000000000044b,crop_loss,11.186107481669415,0.5679710496722016,0.08421175675326409
50,6,00000000000000000480,crop_loss,9.258401693579208,0.8805654714479153,0.19653622668695248
50,6,00000000000000000485,crop_loss,32.86139145991516,0.6901309308033272,0.07332812692404811
50,6,00000000000000000497,crop_loss,27.981622668036273,0.19520021017759837,0.13423910199431943
50,6,0000000000000000049b,crop_loss,29.520188984943097,0.36670236309906723,0.06705031570968834
50,6,000000000000000004a1,crop_loss,27.403869857142123,0.34944835720796164,0.09489306629481681
50,6,000000000000000004e7,crop_loss,18.92192285005875,0.4899334774765119,0.04296228736223706
50,6,000000000000000004e9,crop_loss,12.016688706098243,0.3195912331704426,0.14739074485765158
50,6,000000000000000004f9,crop_loss,28.411578604951803,0.3470601192186224,0.1993702104901705
50,6,00000000000000000517,crop_loss,23.138032392735347,0.31874400863547525,0.2681817321863419
50,6,00000000000000000538,crop_loss,1.0612292740398854,0.3102818392247489,0.07031457101085142
50,6,0000000000000000057e,crop_loss,5.02255250530519,0.551897966185816,0.05293755823777535
50,6,000000000000000005d1,crop_loss,14.349502693584423,0.19197380646766282,0.1891918105827183
50,6,00000000000000000632,crop_loss,13.14573348608839,0.07067308978849642,0.03346298033991152
50,6,0000000000000000063e,crop_loss,28.268739071964127,0.2869251223377168,0.07863910760181303
50,6,00000000000000000655,crop_loss,23.444132903375067,0.5179948946308188,0.29786223041481635
50,6,00000000000000000697,crop_loss,33.57476298866123,0.6214118364994706,0.10439890727822132
50,6,00000000000000000698,crop_loss,17.33876776065316,0.4027407175526909,0.12931502443235704
50,6,000000000000000006a8,crop_loss,32.30819532378414,0.29895408324442263,0.15652394755636784
50,6,000000000000000006b4,crop_loss,30.81930911728466,0.5513878373331962,0.1964111670681548
50,6,000000000000000006be,crop_loss,13.23001382474366,0.3960700429878375,0.10538739954316079
50,6,000000000000000006c0,crop_loss,3.028805719089344,0.19982587201690286,0.08876760980591555
50,6,000000000000000006cc,crop_loss,17.383951147694564,0.3477264651761004,0.09844298260019968
50,6,000000000000000006ce,crop_loss,20.268499683246038,0.5771825031117005,0.2137675086408773
50,6,000000000000000006d9,crop_loss,25.26919966449854,0.20657752008547398,0.08256752328643466
50,6,000000000000000006e5,crop_loss,29.32348548405105,0.5143195488903581,0.11241251444351585
50,6,00000000000000000151,built_loss,7.116898058788399,0.27875550403226873,0.06351667157814789
50,6,0000000000000000034d,built_loss,5.526978047711658,0.40586565780104533,0.0676483705418055
50,6,000000000000000003c7,crop_loss,22.059467892633783,0.6742551946171375,0.11121571808129793
50,6,00000000000000000176,built_loss,19.242482716878744,0.6345988080387164,0.07333594169021895
50,6,000000000000000003d2,built_loss,28.424283013336478,0.6167704413592888,0.08071816590041658
50,6,00000000000000000490,built_loss,32.22321766752642,0.6538946588954597,0.07354394098627937
50,6,000000000000000005ad,built_loss,18.97523539336362,0.6673735701356571,0.10769701577402457
50,6,00000000000000000624,built_loss,4.130784439299357,0.5060629761126303,0.09614968491511722
50,6,0000000000000000002d,crop_loss,31.18288453899359,0.4641910945322833,0.1115905035769455
50,6,0000000000000000009d,crop_loss,8.269124768425318,0.3590878437987243,0.08396206699067005
50,6,00000000000000000192,crop_loss,31.740392574230274,0.568655014594233,0.040555187609255694
50,6,000000000000000003c8,crop_loss,24.687966749779136,0.19287191509638318,0.0848442637638494
50,6,0000000000000000046c,crop_loss,29.071490279339546,0.48021242230976535,0.1689577371584352
50,6,00000000000000000483,crop_loss,9.99905863275652,0.7005880698736731,0.14880964827537269
50,6,000000000000000004ee,crop_loss,16.87804813626581,0.4387783425311539,0.22480913129904984
50,6,00000000000000000611,crop_loss,32.73242370066069,0.6382441144185501,0.09875451199940122
50,6,0000000000000000062f,crop_loss,27.231823537233957,0.4635278890819688,0.23203585830130002
50,7,00000000000000000085,built_loss,14.90987907198279,0.34133001505893895,0.12966331809637055
50,7,00000000000000000114,built_loss,22.832675965041712,0.7021052407846348,0.11368240786780526
50,7,0000000000000000024c,built_loss,17.717340971386694,0.729386565904665,0.072753804153592
50,7,00000000000000000375,built_loss,23.493880281737976,0.6449727790869216,0.09472731255937772
50,7,000000000000000004d2,built_loss,23.27632989332188,0.5082901994393851,0.46035624429541633
50,7,000000000000000005bd,built_loss,4.675522495454407,0.5907708855995893,0.11717187630373604
50,7,00000000000000000281,crop_loss,28.48393869419696,0.5280350974951817,0.08267931326449063
50,7,000000000000000003a2,crop_loss,21.10114430476632,0.3396802614640084,0.2025327481715622
50,7,00000000000000000001,built_loss,20.803317492891814,0.4579210690591733,0.09705682873793325
50,7,00000000000000000049,built_loss,4.439502694792039,0.4948585878206836,0.07716671411795589
50,7,0000000000000000004a,built_loss,10.360392056684745,0.44294655300258573,0.04418671768270227
50,7,0000000000000000004f,built_loss,29.713332269012362,0.47205007815385913,0.17620514407638282
50,7,0000000000000000005a,built_loss,24.263530827481723,0.4358329053982304,0.06886980671626453
50,7,00000000000000000079,built_loss,35.60755270918831,0.6130156375160147,0.0862022787624146
50,7,00000000000000000087,built_loss,31.692723320466992,0.6220072855429297,0.19224002618115144
50,7,000000000000000000a1,built_loss,7.830611148855908,0.4568554799266704,0.07220308653662805
50,7,000000000000000000b8,built_loss,8.71691746700296,0.6368774441475502,0.18441004302704966
50,7,000000000000000000c0,built_loss,23.449559918414565,0.6235153883907634,0.11249411278280308
50,7,000000000000000000e2,built_loss,15.095658382625668,0.3769301681293764,0.11029809465507517
50,7,000000000000000000f0,built_loss,24.770973671215803,0.6881863905667884,0.10046742598420244
50,7,000000000000000000f8,built_loss,27.152002865249333,0.4580806562334551,0.1561564233268271
50,7,0000000000000000011c,built_loss,7.342885353831908,0.7022226801524115,0.07469124395344462
50,7,00000000000000000161,built_loss,27.307519597006397,0.6602737802178213,0.12263551660241545
50,7,0000000000000000016a,built_loss,8.633398475193179,0.23533786557271077,0.11707397791581373
50,7,000000000000000001a8,built_loss,30.79609397573803,0.5490154617884336,0.11645330450218522
50,7,000000000000000001be,built_loss,5.222938725717302,0.5336958782119856,0.06774770437151961
50,7,000000000000000001cd,built_loss,32.04325240769543,0.7389104583728188,0.1377458049002641
50,7,000000000000000001e5,built_loss,16.797691820810073,0.6069431251872361,0.11999535658623317
50,7,00000000000000000206,built_loss,23.692258709049007,0.7338113799656943,0.11183547579309172
50,7,00000000000000000209,built_loss,29.068837985300828,0.6389958073883061,0.1427633679613719
50,7,00000000000000000231,built_loss,29.13390005813223,0.5486993293884815,0.08270613615102285
50,7,0000000000000000026d,built_loss,23.112232677043117,0.6089804986760211,0.12549642778335202
50,7,00000000000000000278,built_loss,27.129276475989087,0.7550509343192392,0.10785741834070695
50,7,00000000000000000293,built_loss,21.223668482149808,0.44477210029842246,0.11202702059942937
50,7,000000000000000002a4,built_loss,11.428113148752807,0.3920986968078274,0.08198425527058939
50,7,00000000000000000316,built_loss,2.0374289821544758,0.12700830555770537,0.028273731068649346
50,7,00000000000000000356,built_loss,28.64020939482433,0.5589558591007117,0.15136659952948217
50,7,00000000000000000362,built_loss,31.899899485885353,0.5855821754117565,0.13599201880794032
50,7,00000000000000000363,built_loss,21.588024799645744,0.24616109258526697,0.08278807084588702
50,7,00000000000000000364,built_loss,31.995378773163978,0.6583264554647931,0.11037376922358655
50,7,00000000000000000380,built_loss,25.117596145786205,0.4853386951674838,0.0691439552571696
50,7,00000000000000000384,built_loss,16.53726290024606,0.5804594960635885,0.0726272271047993
50,7,0000000000000000039e,built_loss,7.952036206178345,0.493097445694127,0.07776614048517988
50,7,000000000000000003a1,built_loss,14.326956214682772,0.6144198652142787,0.10320309753080414
50,7,000000000000000003a5,built_loss,18.114617822899152,0.43494357024792074,0.11000613862024972
50,7,000000000000000003b7,built_loss,10.61079465283529,0.4846203955984598,0.06748188256905235
50,7,000000000000000003bf,built_loss,26.284517194970366,0.5485873313961376,0.08046976632174097
50,7,000000000000000003f8,built_loss,6.012308685066741,0.24838579532653735,0.051643117277828776
50,7,000000000000000003fa,built_loss,32.461091887698885,0.472564181537028,0.1016507089647089
50,7,00000000000000000407,built_loss,26.711921488690898,0.5486092258500366,0.09096162811289976
50,7,0000000000000000040f,built_loss,25.140390525578287,0.5148730435097111,0.03940658670212033
50,7,00000000000000000426,built_loss,23.571761204390725,0.5575012595673993,0.11846522468539045
50,7,0000000000000000042b,built_loss,27.51558419544523,0.5623969095669377,0.09829395103805805
50,7,00000000000000000442,built_loss,4.076055008365928,0.30231436224026875,0.2784947688608891
50,7,00000000000000000465,built_loss,28.68951532968991,0.674716706614491,0.13580635946391173
50,7,0000000000000000047e,built_loss,14.806824451149918,0.517807116226914,0.09169580945936556
50,7,000000000000000004c0,built_loss,30.319011378681083,0.6160205412181993,0.08120306353535911
50,7,000000000000000004c5,built_loss,10.74071063645388,0.5563524050424733,0.17166075813670417
50,7,000000000000000004d9,built_loss,30.42829105979299,0.564785589742897,0.07046725438866785
50,7,000000000000000004eb,built_loss,28.079160097899177,0.45697504799633804,0.05706043658901194
50,7,000000000000000004f5,built_loss,8.689832263394203,0.4567299703187586,0.1196570504498729
50,7,000000000000000004f7,built_loss,7.183431151261884,0.49191226975877156,0.054073317686452516
50,7,000000000000000004fe,built_loss,11.016069509273484,0.5113441208683169,0.07617403636121522
50,7,0000000000000000051d,built_loss,20.16803068293788,0.4844446989747503,0.20661680637165086
50,7,00000000000000000559,built_loss,26.090227945821038,0.7137638051732785,0.14018021759115795
50,7,00000000000000000576,built_loss,7.3445790202823575,0.2709355810174358,0.0841387612960598
50,7,00000000000000000577,built_loss,9.028157235813502,0.45042708625231814,0.13336070268877492
50,7,0000000000000000057f,built_loss,2.007119596154484,0.41902379528159495,0.06688425329865882
50,7,00000000000000000594,built_loss,19.013174289086667,0.4843898624768864,0.354528913511821
50,7,000000000000000005bf,built_loss,22.864638424163154,0.39160844088476426,0.10763665020211155
50,7,000000000000000005cc,built_loss,11.290059353755428,0.34669131449030904,0.052630478944285575
50,7,000000000000000005de,built_loss,25.183023882144838,0.433092111151415,0.048198755058797615
50,7,000000000000000005e7,built_loss,30.867543506402228,0.6658480195807812,0.10406815390642521
50,7,000000000000000005f9,built_loss,14.719602626227088,0.6721784658898076,0.0964429146462028
50,7,0000000000000000061c,built_loss,19.01466898552238,0.3996472165431357,0.08467373313958165
50,7,00000000000000000626,built_loss,21.516119258889606,0.49572624812024974,0.05732272906584579
50,7,0000000000000000062a,built_loss,23.385512872469665,0.6108861594742988,0.12934636238379293
50,7,00000000000000000636,built_loss,18.054067010798082,0.40077961622078245,0.15875026963667344
50,7,0000000000000000064a,built_loss,3.5928120343120806,0.30814417094020013,0.06101534807626363
50,7,0000000000000000064d,built_loss,13.96867246371105,0.4688055588628598,0.09911045868960516
50,7,00000000000000000694,built_loss,24.852834218468722,0.3734764070124157,0.054892059872961474
50,7,0000000000000000069d,built_loss,27.60577528806704,0.6567988698659999,0.11191865425482139
50,7,000000000000000006b7,built_loss,23.726885935991636,0.42204892820942125,0.06492965851447197
50,7,000000000000000006df,built_loss,15.7854736486609,0.21405761582245003,0.12159990374753277
50,7,000000000000000006e3,built_loss,22.38956698266623,0.38730013771992056,0.1340813180955725
50,7,00000000000000000011,crop_loss,27.4519074724929,0.5263137314931771,0.41602842701692994
50,7,0000000000000000002b,crop_loss,28.052985033802063,0.1657026384239351,0.1584494760249063
50,7,0000000000000000003a,crop_loss,25.93384595242708,0.32289938465957646,0.09690762842727751
50,7,0000000000000000009b,crop_loss,13.829888396971247,0.48915668574442794,0.020425914151495417
50,7,000000000000000000a8,crop_loss,21.759388008923644,0.2207933078560902,0.04745927316276566
50,7,000000000000000000da,crop_loss,18.469368334949426,0.7522761455156075,0.06556337747484975
50,7,000000000000000000e3,crop_loss,29.914325847163894,0.5135391547882103,0.1441322953665345
50,7,000000000000000000e9,crop_loss,5.514294732289633,0.4564611051740719,0.1833244216225124
50,7,0000000000000000011b,crop_loss,21.185553188478778,0.5112826991515992,0.04253630795586827
50,7,00000000000000000128,crop_loss,25.538662065969614,0.5456322477285043,0.045231770707265584
50,7,0000000000000000016c,crop_loss,27.195641673931146,0.45654367050964945,0.09046129195526903
50,7,00000000000000000196,crop_loss,21.942617278013895,0.22866773383588496,0.060083193620856595
50,7,000000000000000001a6,crop_loss,29.474100533332262,0.31129637102417496,0.11535105200810686
50,7,000000000000000001e4,crop_loss,28.738470850597338,0.5019408801174549,0.07394290201552972
50,7,000000000000000001f9,crop_loss,31.154687968447508,0.46638744005617866,0.3100465716369958
50,7,00000000000000000228,crop_loss,22.26475124603317,0.42008347407450053,0.2994334501187026
50,7,0000000000000000028c,crop_loss,3.391425548219921,0.26117955577174196,0.10819741671661029
50,7,0000000000000000028d,crop_loss,25.585472738063377,0.6842770222146797,0.10658213876414746
50,7,00000000000000000291,crop_loss,13.029443853958675,0.8773471408322228,0.04724907861244387
50,7,000000000000000002c5,crop_loss,21.332124775609127,0.3138966134472568,0.12770616547776725
50,7,000000000000000002cc,crop_loss,16.305025664951003,0.36625336605224873,0.2496822806762674
50,7,000000000000000002dc,crop_loss,34.28382358277647,0.6550324360117306,0.1149949409605453
50,7,000000000000000002e4,crop_loss,27.052027169825276,0.3724381387996904,0.15096011833268386
50,7,000000000000000002ec,crop_loss,30.322912355931553,0.4668730284165767,0.09182029776659784
50,7,00000000000000000314,crop_loss,23.09171434623401,0.1051318554487332,0.08542000916468834
50,7,00000000000000000335,crop_loss,30.450154061143163,0.48233266701337874,0.1179194655489269
50,7,0000000000000000033a,crop_loss,20.051836604040645,0.5024669899615299,0.12948655957276678
50,7,000000000000000003b0,crop_loss,30.730124806097237,0.18387303523038015,0.10247170873983202
50,7,000000000000000003f1,crop_loss,32.94703087406555,0.46255797028338785,0.07249564811429837
50,7,000000000000000003f2,crop_loss,27.10369676045658,0.44204369871921045,0.07886047798004509
50,7,0000000000000000044b,crop_loss,11.720771300735313,0.5713608770316942,0.059576983865284205
50,7,00000000000000000480,crop_loss,10.044984800139941,0.8582767865052698,0.14259948293696
50,7,00000000000000000485,crop_loss,32.73888861033228,0.6731713009323416,0.06465302051579269
50,7,00000000000000000497,crop_loss,29.371414739883107,0.2328128324784304,0.14768527205797047
50,7,0000000000000000049b,crop_loss,26.481113204250015,0.3668191383741722,0.05265837166838211
50,7,000000000000000004a1,crop_loss,29.054862275945087,0.4244075557711354,0.16950077151326426
50,7,000000000000000004e7,crop_loss,18.05297840674394,0.49243030595335524,0.046121716622237074
50,7,000000000000000004e9,crop_loss,12.524565078137366,0.35906137482334954,0.16091748534119127
50,7,000000000000000004f9,crop_loss,26.851367343430944,0.3232547184572559,0.20258719758192278
50,7,00000000000000000517,crop_loss,22.079115308387948,0.34215292601642117,0.22911506341635515
50,7,00000000000000000538,crop_loss,1.0812994303687349,0.309043094436707,0.059110391817158825
50,7,0000000000000000057e,crop_loss,4.032493472674066,0.533291405569792,0.0638938961242308
50,7,000000000000000005d1,crop_loss,14.678165712858165,0.18593062826407514,0.19228588520661685
50,7,00000000000000000632,crop_loss,12.125508123086883,0.0655733569676095,0.03508412508295093
50,7,0000000000000000063e,crop_loss,29.101009719474703,0.28831327210042684,0.08919928663872201
50,7,00000000000000000655,crop_loss,25.453981046998283,0.6217325622936442,0.23618761153745754
50,7,00000000000000000697,crop_loss,37.4655063270481,0.6004946599772287,0.0885672905232
50,7,00000000000000000698,crop_loss,17.516472932005932,0.43205992758215256,0.11723180758456292
50,7,000000000000000006a8,crop_loss,29.719444553827824,0.3141209030396651,0.1023259241975027
50,7,000000000000000006b4,crop_loss,32.599023886406655,0.5263373788558084,0.16489812942294096
50,7,000000000000000006be,crop_loss,14.918138525646441,0.38565778189671146,0.14959983402763255
50,7,000000000000000006c0,crop_loss,3.069869725274842,0.1824726994956936,0.08384123351650877
50,7,000000000000000006cc,crop_loss,19.03898318004536,0.3568292710295128,0.0642093233096746
50,7,000000000000000006ce,crop_loss,15.663780659260738,0.5919468008217426,0.16859306792853412
50,7,000000000000000006d9,crop_loss,26.030365026093193,0.20770378275994322,0.08250666500429371
50,7,000000000000000006e5,crop_loss,24.371044659065827,0.5330053499211997,0.11179331189572567
50,7,00000000000000000151,built_loss,6.31124115809804,0.2546558214880361,0.07038196038864442
50,7,0000000000000000034d,built_loss,5.383164491785821,0.4235316619303327,0.06264311141587914
50,7,000000000000000003c7,crop_loss,20.508623371347408,0.7212044902018908,0.09637548191351086
50,7,00000000000000000176,built_loss,17.426544225106035,0.6491755200107093,0.07279174739407324
50,7,000000000000000003d2,built_loss,30.713978386180973,0.5838453558216077,0.1474074724723704
50,7,00000000000000000490,built_loss,32.481310997348885,0.6591359478939673,0.13195883301182532
50,7,000000000000000005ad,built_loss,26.87562009281174,0.6361396135344645,0.11427466235818395
50,7,00000000000000000624,built_loss,4.421652851167903,0.4874543953268568,0.1236045069838122
50,7,0000000000000000002d,crop_loss,33.84684334435554,0.45181220177915593,0.08084713586640252
50,7,0000000000000000009d,crop_loss,6.240703332308806,0.38930086765637967,0.07537671455880585
50,7,00000000000000000192,crop_loss,29.84786690797844,0.5653939410424177,0.0529691809621059
50,7,000000000000000003c8,crop_loss,28.41711189320923,0.20092038555343555,0.08189785010078873
50,7,0000000000000000046c,crop_loss,31.96410586524944,0.4861439805727614,0.12175296645837169
50,7,00000000000000000483,crop_loss,10.773574605925031,0.6909529663479469,0.104470783310465
50,7,000000000000000004ee,crop_loss,16.5346033794443,0.3427656758422132,0.16804022487476045
50,7,00000000000000000611,crop_loss,31.947587153408467,0.6356648251603874,0.09374994399375836
50,7,0000000000000000062f,crop_loss,30.287241329066546,0.612156469082996,0.23383698744987308
75,0,00000000000000000085,built_loss,15.505154930991432,0.3318598885285512,0.1205996853219185
75,0,00000000000000000114,built_loss,25.933712061903766,0.6887828312544183,0.08152386155765212
75,0,0000000000000000024c,built_loss,19.830849400991315,0.7291502278178599,0.05277977889056962
75,0,00000000000000000375,built_loss,31.021207769737018,0.6487378834748936,0.10422899161291921
75,0,000000000000000004d2,built_loss,23.559896673678747,0.5551463009185977,0.3924395089896166
75,0,000000000000000005bd,built_loss,4.594262953513908,0.5484766746485551,0.0872088035673248
75,0,00000000000000000281,crop_loss,38.14917605411226,0.49981890721508127,0.06514980297904438
75,0,000000000000000003a2,crop_loss,29.11561866670842,0.33335925032995867,0.14568230947544197
75,0,00000000000000000001,built_loss,24.10106186920849,0.4581836658729003,0.0962228537103409
75,0,00000000000000000049,built_loss,5.019550556746494,0.4915206739814386,0.06149466171851309
75,0,0000000000000000004a,built_loss,10.813022108047793,0.43768523808300386,0.04446445297285673
75,0,0000000000000000004f,built_loss,33.26069059101487,0.4339377100252469,0.09036459762205429
75,0,0000000000000000005a,built_loss,27.529535174971453,0.44376455384793123,0.06245191297101077
75,0,00000000000000000079,built_loss,41.70664363681912,0.6078990597652015,0.11332221654126651
75,0,00000000000000000087,built_loss,39.18309449779951,0.6001203075624624,0.14628661602918092
75,0,000000000000000000a1,built_loss,9.577890357973057,0.41829676729761817,0.10315573660968519
75,0,000000000000000000b8,built_loss,9.806667888811441,0.4978114424647061,0.19686446299662747
75,0,000000000000000000c0,built_loss,29.66202105990829,0.649645209118382,0.09764152815217542
75,0,000000000000000000e2,built_loss,17.62442971027757,0.4000343449600018,0.13254506988046477
75,0,000000000000000000f0,built_loss,29.908238689785016,0.6737147102657935,0.10148693661274677
75,0,000000000000000000f8,built_loss,36.57400757117974,0.49773129788390097,0.08535760495574285
75,0,0000000000000000011c,built_loss,7.067531082765995,0.7322802473672959,0.06395395305224005
75,0,00000000000000000161,built_loss,28.233384477589727,0.6878396270561541,0.08315605486506705
75,0,0000000000000000016a,built_loss,7.678988997626856,0.25626248784164024,0.07205300850732826
75,0,000000000000000001a8,built_loss,39.82722439691614,0.5561761320093795,0.08604879647487618
75,0,000000000000000001be,built_loss,5.982839132351278,0.537375972185622,0.12206733064765368
75,0,000000000000000001cd,built_loss,39.00547168207014,0.7558816108837255,0.12225997640805675
75,0,000000000000000001e5,built_loss,17.917442163394075,0.5639831963767679,0.10813536562367632
75,0,00000000000000000206,built_loss,35.406650827272095,0.7306696970617775,0.12661146208243734
75,0,00000000000000000209,built_loss,39.12436872407758,0.6584480769895807,0.10132802663902951
75,0,00000000000000000231,built_loss,38.35654892626378,0.5171012382553613,0.10298478749030399
75,0,0000000000000000026d,built_loss,25.57274586635292,0.6145108843220927,0.1185206464108699
75,0,00000000000000000278,built_loss,31.050852351448725,0.7419942633399323,0.07921949345876333
75,0,00000000000000000293,built_loss,24.236585389066533,0.45642491717241584,0.09051247269671986
75,0,000000000000000002a4,built_loss,10.180007805903278,0.39866492593271874,0.08091378192132198
75,0,00000000000000000316,built_loss,2.0428807181857684,0.1232464459354306,0.030845604253120426
75,0,00000000000000000356,built_loss,27.512965843820453,0.5448075449189052,0.1455720841321001
75,0,00000000000000000362,built_loss,36.10438572754882,0.5510887066234467,0.07924688806300828
75,0,00000000000000000363,built_loss,23.62792636826371,0.26056426942383704,0.0975964194215456
75,0,00000000000000000364,built_loss,40.963627875553286,0.630693081960014,0.09701637144327246
75,0,00000000000000000380,built_loss,26.32454204101824,0.4972260989281494,0.06833996042315021
75,0,00000000000000000384,built_loss,17.81349545030344,0.6012726097453623,0.07389288910338643
75,0,0000000000000000039e,built_loss,7.840280980371144,0.47919568822069447,0.0719153838499928
75,0,000000000000000003a1,built_loss,17.60415946955873,0.6253970689018833,0.0876255324875389
75,0,000000000000000003a5,built_loss,20.377803339341494,0.36872545806055507,0.09703639086184457
75,0,000000000000000003b7,built_loss,18.272276856087355,0.49406767176976646,0.04422532376143473
75,0,000000000000000003bf,built_loss,37.68468561267471,0.5369798896817902,0.05425533452041609
75,0,000000000000000003f8,built_loss,7.098997441736124,0.21914630616274455,0.04254870016925555
75,0,000000000000000003fa,built_loss,38.89261974005813,0.4232225037214115,0.07341780028333261
75,0,00000000000000000407,built_loss,36.766000256940174,0.5167194512866446,0.11682250467011052
75,0,0000000000000000040f,built_loss,26.2173635198599,0.5170576800168676,0.0374955095738444
75,0,00000000000000000426,built_loss,29.55194713414901,0.5841181197685229,0.05985068976087693
75,0,0000000000000000042b,built_loss,34.07248674755687,0.589223886614251,0.09034198223235568
75,0,00000000000000000442,built_loss,4.097678393990129,0.32360368059611494,0.26957622240847784
75,0,00000000000000000465,built_loss,39.791620517799565,0.6370686692332245,0.07615747463213696
75,0,0000000000000000047e,built_loss,18.160319281957364,0.557050682299282,0.09555349405197766
75,0,000000000000000004c0,built_loss,32.75883208035866,0.6406848091833046,0.0778029563735374
75,0,000000000000000004c5,built_loss,12.811865295880157,0.6148782513262299,0.09693491702353962
75,0,000000000000000004d9,built_loss,32.29935762573993,0.5422830951818164,0.0741061117754317
75,0,000000000000000004eb,built_loss,39.39217962551087,0.43369419922832203,0.06943639784849853
75,0,000000000000000004f5,built_loss,8.042604625764113,0.4686046460375441,0.0885674241499037
75,0,000000000000000004f7,built_loss,8.982198280628511,0.47555994529118,0.037653775936777045
75,0,000000000000000004fe,built_loss,15.116113840094199,0.5070474843779671,0.04552601708106896
75,0,0000000000000000051d,built_loss,21.026602215884655,0.3998266953614875,0.18826757958272156
75,0,00000000000000000559,built_loss,30.41540627127721,0.6963223608503707,0.09641276552043121
75,0,00000000000000000576,built_loss,9.09994046507281,0.24727123580074642,0.0722686527471251
75,0,00000000000000000577,built_loss,9.727434961203922,0.520597079648873,0.16967559230296103
75,0,0000000000000000057f,built_loss,2.0645624896746466,0.39039342215715367,0.10804277112256028
75,0,00000000000000000594,built_loss,17.384576090073978,0.48187432236227656,0.3285315297709622
75,0,000000000000000005bf,built_loss,27.457202766754197,0.41140739009249133,0.07062136454210283
75,0,000000000000000005cc,built_loss,10.503158405331156,0.34437703150968674,0.04811084639234836
75,0,000000000000000005de,built_loss,30.305378177696834,0.42212958652827487,0.04588300161654546
75,0,000000000000000005e7,built_loss,34.767314907360564,0.609538847411017,0.14454722676771636
75,0,000000000000000005f9,built_loss,15.280885859510505,0.6537199848385528,0.08492834681918282
75,0,0000000000000000061c,built_loss,19.626137515023704,0.3937939480071273,0.07350531574125557
75,0,00000000000000000626,built_loss,27.937109913821118,0.4959619081681061,0.060366967211711975
75,0,0000000000000000062a,built_loss,33.642854965142455,0.5610614155384257,0.07185910638949278
75,0,00000000000000000636,built_loss,21.146106601798465,0.41753267423528284,0.1680878749453814
75,0,0000000000000000064a,built_loss,3.5899226518758245,0.32488810707462057,0.042029890531278646
75,0,0000000000000000064d,built_loss,12.607433589193809,0.43147387662178993,0.07999982945920175
75,0,00000000000000000694,built_loss,25.357726098656723,0.38520780841323493,0.04363128984028486
75,0,0000000000000000069d,built_loss,32.69254376071401,0.6492212861103864,0.07682083576985721
75,0,000000000000000006b7,built_loss,27.935263417928734,0.43951716315845546,0.05575811594996066
75,0,000000000000000006df,built_loss,13.353781822011765,0.22486749257972166,0.06858796704169415
75,0,000000000000000006e3,built_loss,25.295405253536885,0.36654500032279513,0.1105086239957157
75,0,00000000000000000011,crop_loss,35.40680362630882,0.6958301621389832,0.41316041818022775
75,0,0000000000000000002b,crop_loss,37.60779964157859,0.20232218366976973,0.15435637383160336
75,0,0000000000000000003a,crop_loss,36.62515264436939,0.2826898669325315,0.11529596685612983
75,0,0000000000000000009b,crop_loss,18.166705386181544,0.49521013243735323,0.02006464321853446
75,0,000000000000000000a8,crop_loss,23.737678692929606,0.20646392718916382,0.04161917192849948
75,0,000000000000000000da,crop_loss,23.292471456288638,0.7512867101490038,0.061598083302514706
75,0,000000000000000000e3,crop_loss,37.59068388166923,0.46259589075629826,0.09776443822873704
75,0,000000000000000000e9,crop_loss,5.1602938366559,0.4155865769320592,0.14229237338832884
75,0,0000000000000000011b,crop_loss,25.64949732620239,0.48197998509225354,0.03826471434958528
75,0,00000000000000000128,crop_loss,30.766024913652533,0.5357079761408712,0.04661995256692886
75,0,0000000000000000016c,crop_loss,37.518676630537485,0.46588010158669846,0.10229675798444698
75,0,00000000000000000196,crop_loss,19.561584121054054,0.23179216161566088,0.05651007140359576
75,0,000000000000000001a6,crop_loss,32.80956397769793,0.32029599796947394,0.10102608687490466
75,0,000000000000000001e4,crop_loss,33.15123635436992,0.4699845985463333,0.06318447855965359
75,0,000000000000000001f9,crop_loss,37.05698879718369,0.4552832208946815,0.3043473725049575
75,0,00000000000000000228,crop_loss,21.59184091070088,0.44422305199061396,0.1870121365655128
75,0,0000000000000000028c,crop_loss,3.5757200087344465,0.2844348629062348,0.06220564555563529
75,0,0000000000000000028d,crop_loss,22.003956492424734,0.6874537771478021,0.10097996814935406
75,0,00000000000000000291,crop_loss,14.043292118044555,0.886385602975946,0.029794375993901
75,0,000000000000000002c5,crop_loss,25.362826661836966,0.3281215960916024,0.10308820035999183
75,0,000000000000000002cc,crop_loss,18.128566895279665,0.4276625165051587,0.2202513438906989
75,0,000000000000000002dc,crop_loss,39.838611942840885,0.6417650727120088,0.07877424795110366
75,0,000000000000000002e4,crop_loss,38.36429340410936,0.3285594072596409,0.10136174989171243
75,0,000000000000000002ec,crop_loss,40.22687718372721,0.4682240404631399,0.11406143300202004
75,0,00000000000000000314,crop_loss,26.383995046903916,0.0673700629206539,0.06888525064347273
75,0,00000000000000000335,crop_loss,37.978797280553266,0.47489237721346095,0.11228076261647835
75,0,0000000000000000033a,crop_loss,26.503362121367434,0.5321787448403797,0.08152627203906937
75,0,000000000000000003b0,crop_loss,37.77732853271701,0.2346923635676323,0.11221151289620607
75,0,000000000000000003f1,crop_loss,39.96452265863273,0.4889191720245498,0.09398742149744083
75,0,000000000000000003f2,crop_loss,29.89627064089511,0.44200481574341377,0.07189501763254363
75,0,0000000000000000044b,crop_loss,14.245748540307739,0.5833767839933179,0.06810742389042224
75,0,00000000000000000480,crop_loss,9.36838004846431,0.843956313165373,0.10117820389715548
75,0,00000000000000000485,crop_loss,38.87814236062812,0.7093997902510257,0.05220675957049725
75,0,00000000000000000497,crop_loss,34.486698667368586,0.20160034282729108,0.11698693971692559
75,0,0000000000000000049b,crop_loss,32.01898634864638,0.35696792822332807,0.049952574111219006
75,0,000000000000000004a1,crop_loss,36.256329963000674,0.3576841328649183,0.11767289919123303
75,0,000000000000000004e7,crop_loss,24.67867104794585,0.49235321097247775,0.0467016033075478
75,0,000000000000000004e9,crop_loss,14.65900109117565,0.4171834838776436,0.19952424760647047
75,0,000000000000000004f9,crop_loss,33.694057478647,0.3280671020940857,0.22943599261762548
75,0,00000000000000000517,crop_loss,27.041774913237425,0.2416777278432266,0.1239404357235609
75,0,00000000000000000538,crop_loss,1.071017218305242,0.29627976057592126,0.050912078743669875
75,0,0000000000000000057e,crop_loss,4.4840107231408135,0.5396716113661911,0.05351268285668631
75,0,000000000000000005d1,crop_loss,16.33863631852441,0.1435913848845261,0.05348509856134906
75,0,00000000000000000632,crop_loss,12.080889206068598,0.07610224123571184,0.028681410920378375
75,0,0000000000000000063e,crop_loss,39.34394130176164,0.29386722256033593,0.08958075063908624
75,0,00000000000000000655,crop_loss,29.863277116868993,0.47985781718243736,0.2582008014446948
75,0,00000000000000000697,crop_loss,45.18811243777716,0.6506349677472869,0.10519440237781152
75,0,00000000000000000698,crop_loss,20.134595990436136,0.4257799328015109,0.08734916664791431
75,0,000000000000000006a8,crop_loss,42.65246552224156,0.31810999089473835,0.07968130411372693
75,0,000000000000000006b4,crop_loss,36.976267298436724,0.5140209946261904,0.11958394921423637
75,0,000000000000000006be,crop_loss,14.76907407931633,0.39668855097428496,0.09710275686736908
75,0,000000000000000006c0,crop_loss,2.939121322438659,0.21303859317947516,0.06813317537550614
75,0,000000000000000006cc,crop_loss,20.50313187945169,0.34510986346438516,0.05562532368005535
75,0,000000000000000006ce,crop_loss,22.187997130078656,0.5844949900828926,0.14147111137502105
75,0,000000000000000006d9,crop_loss,33.54554386546028,0.19926488897087544,0.06885892877519387
75,0,000000000000000006e5,crop_loss,37.43737863108982,0.5128809148220327,0.0892803085186547
75,0,00000000000000000151,built_loss,8.069893544704415,0.24862016117636754,0.048042991679298985
75,0,0000000000000000034d,built_loss,5.118165779773886,0.40605840883378824,0.05054167872277898
75,0,000000000000000003c7,crop_loss,23.74727842220575,0.7252613212826057,0.08388694056665458
75,0,00000000000000000176,built_loss,25.797171797585285,0.6267862860750782,0.08227666882522877
75,0,000000000000000003d2,built_loss,35.31933501489839,0.6104191138037176,0.13404176690664094
75,0,00000000000000000490,built_loss,41.251888070708254,0.7313030536792923,0.11089256309609663
75,0,000000000000000005ad,built_loss,27.39460485728512,0.674354486452083,0.05662795689761735
75,0,00000000000000000624,built_loss,4.438595039450387,0.5045314272538542,0.0962023326577725
75,0,0000000000000000002d,crop_loss,38.035543963764965,0.4832876560799225,0.08077712192665742
75,0,0000000000000000009d,crop_loss,7.61318925950367,0.40548981355090546,0.08152280370867016
75,0,00000000000000000192,crop_loss,41.53011482658188,0.5592246165139068,0.04085418895651405
75,0,000000000000000003c8,crop_loss,31.728635983075765,0.20273820152824057,0.062365175730023203
75,0,0000000000000000046c,crop_loss,34.80705700565318,0.5003037517448954,0.16104349390068895
75,0,00000000000000000483,crop_loss,9.515188695631966,0.6807577803555789,0.1454528824374951
75,0,000000000000000004ee,crop_loss,19.14227383554547,0.3277628302195744,0.1738451300022423
75,0,00000000000000000611,crop_loss,40.0713719938362,0.6694490491639044,0.07881436268772746
75,0,0000000000000000062f,crop_loss,38.85218552939044,0.5077550673716088,0.1544396644897847
75,1,00000000000000000085,built_loss,13.140606627146486,0.3611809331825208,0.11873889696927475
75,1,00000000000000000114,built_loss,24.958074623495207,0.7006455159760375,0.08514654462062066
75,1,0000000000000000024c,built_loss,23.02600664778033,0.6879408541959688,0.0903912274573846
75,1,00000000000000000375,built_loss,30.96516916358522,0.6384740004150693,0.10725184826671108
75,1,000000000000000004d2,built_loss,28.63919265824554,0.5239929179712911,0.2527320266880255
75,1,000000000000000005bd,built_loss,4.76272411922355,0.5695973552053417,0.10547584816261957
75,1,00000000000000000281,crop_loss,36.53917612327321,0.5287215805536479,0.073913653485147
75,1,000000000000000003a2,crop_loss,28.640572385742377,0.3364826001942636,0.09319849135082331
75,1,00000000000000000001,built_loss,22.33933380055778,0.47102389917249066,0.07628490445316805
75,1,00000000000000000049,built_loss,3.6744671557363113,0.46698147099407933,0.07528185055462538
75,1,0000000000000000004a,built_loss,10.809266184649545,0.4213885794063485,0.046248398928353474
75,1,0000000000000000004f,built_loss,36.187566078263515,0.45882403099403596,0.15807153188390655
75,1,0000000000000000005a,built_loss,29.471754169524306,0.4471876022479475,0.04690889162654688
75,1,00000000000000000079,built_loss,46.59738771285415,0.6328367600049918,0.07377008750818981
75,1,00000000000000000087,built_loss,39.63138227294505,0.6100430059618186,0.16435798593542994
75,1,000000000000000000a1,built_loss,9.104310479551826,0.42670650971211327,0.09174935180640759
75,1,000000000000000000b8,built_loss,9.571345071060021,0.5119204230194521,0.140472578273327
75,1,000000000000000000c0,built_loss,28.629288132569442,0.6427326527024027,0.09914317964046593
75,1,000000000000000000e2,built_loss,17.48900365001856,0.40798832823291076,0.10608025315198466
75,1,000000000000000000f0,built_loss,27.315567705752393,0.6726895321398458,0.11139898770817291
75,1,000000000000000000f8,built_loss,37.339431789664765,0.5236266358769534,0.10570818143438249
75,1,0000000000000000011c,built_loss,6.30348873909075,0.7245121688644328,0.04587620275093551
75,1,00000000000000000161,built_loss,35.34233449083074,0.6370255851311959,0.07382628074259145
75,1,0000000000000000016a,built_loss,9.442875957984302,0.23471871702291844,0.07910112746895956
75,1,000000000000000001a8,built_loss,39.525481004235495,0.55842547317948,0.0829028908621332
75,1,000000000000000001be,built_loss,5.840915069727008,0.4912970928718404,0.09850501055188238
75,1,000000000000000001cd,built_loss,37.67148763808876,0.7709290871265052,0.11057703127784424
75,1,000000000000000001e5,built_loss,17.151081838697706,0.5731170248235026,0.10877190362023881
75,1,00000000000000000206,built_loss,32.63394924131824,0.7259165766264466,0.09988104258070951
75,1,00000000000000000209,built_loss,40.13885479424532,0.6577043280455891,0.10389137445712493
75,1,00000000000000000231,built_loss,40.328961443669655,0.5505763327948517,0.08010170156735674
75,1,0000000000000000026d,built_loss,24.809115856220334,0.5808471449908647,0.09985186942245527
75,1,00000000000000000278,built_loss,27.61540307387001,0.7850306752206309,0.09915917835108357
75,1,00000000000000000293,built_loss,23.390061214849624,0.4818635422939974,0.0923722225791343
75,1,000000000000000002a4,built_loss,9.390497396481873,0.4117411656341289,0.06855285518503668
75,1,00000000000000000316,built_loss,2.002845854972371,0.12090812135937402,0.028890343946125066
75,1,00000000000000000356,built_loss,33.39621978677499,0.4679189771176456,0.15856622107896046
75,1,00000000000000000362,built_loss,37.58878126656077,0.5408152466382844,0.09418817779671396
75,1,00000000000000000363,built_loss,23.182763271853684,0.24631711850533305,0.06469408562204873
75,1,00000000000000000364,built_loss,41.12892630136019,0.6327055026406573,0.06934987193072606
75,1,00000000000000000380,built_loss,28.95457319917799,0.5075473028525199,0.07371395852145407
75,1,00000000000000000384,built_loss,16.792286241272,0.5845935220230811,0.07264122168661657
75,1,0000000000000000039e,built_loss,9.078596637323184,0.5017847634813709,0.04756721199157987
75,1,000000000000000003a1,built_loss,18.5849929916757,0.621305630136033,0.08713132999958317
75,1,000000000000000003a5,built_loss,21.078763929824188,0.40560468548012796,0.16364896555700098
75,1,000000000000000003b7,built_loss,14.679479084044628,0.4867719949924314,0.04311438676727375
75,1,000000000000000003bf,built_loss,37.80226217948822,0.556977180326512,0.06691470343472783
75,1,000000000000000003f8,built_loss,6.157958742373144,0.22583963866759096,0.0537003376268258
75,1,000000000000000003fa,built_loss,39.126491907877025,0.41173515856837245,0.06256887017766105
75,1,00000000000000000407,built_loss,35.809440589151954,0.5519852456653672,0.13714947234268027
75,1,0000000000000000040f,built_loss,27.47139361129285,0.5337817952128356,0.02943903909928547
75,1,00000000000000000426,built_loss,27.574974863812013,0.5465865036932553,0.09145103466490512
75,1,0000000000000000042b,built_loss,30.76242151716472,0.5442355823395286,0.08114255919675634
75,1,00000000000000000442,built_loss,3.958786947201674,0.37337357882980904,0.2823411687181216
75,1,00000000000000000465,built_loss,36.30503207199482,0.6268338406683662,0.08762373993440986
75,1,0000000000000000047e,built_loss,18.310735675969863,0.530634736114663,0.07669042666415721
75,1,000000000000000004c0,built_loss,33.419483590258096,0.6548132181142755,0.049721675658374154
75,1,000000000000000004c5,built_loss,12.628476279964515,0.5804917597453326,0.09053286869973753
75,1,000000000000000004d9,built_loss,38.874370710434285,0.5686635067359141,0.05518657917896408
75,1,000000000000000004eb,built_loss,34.88132617005101,0.44388259703838323,0.044089920482943634
75,1,000000000000000004f5,built_loss,8.587792656779017,0.5192952826001443,0.10532360469259955
75,1,000000000000000004f7,built_loss,7.840258495435854,0.45922130135418177,0.04706188915045084
75,1,000000000000000004fe,built_loss,14.49336079134082,0.48831866588033823,0.04985100900191747
75,1,0000000000000000051d,built_loss,19.73718029606857,0.5885646670345734,0.24089879387829577
75,1,00000000000000000559,built_loss,35.782418633392645,0.6487275917751789,0.09024079046309685
75,1,00000000000000000576,built_loss,9.271792799232834,0.27101989862121456,0.06721899305888449
75,1,00000000000000000577,built_loss,10.073438496264915,0.44417046445410807,0.133134249140742
75,1,0000000000000000057f,built_loss,2.1709057802863008,0.3976669963157887,0.0957096237024061
75,1,00000000000000000594,built_loss,19.378416337719717,0.5288211395522135,0.22600084291423012
75,1,000000000000000005bf,built_loss,24.543096368103715,0.44405465883167017,0.061123210856252
75,1,000000000000000005cc,built_loss,11.052649173731622,0.3579931976087182,0.042441955246905305
75,1,000000000000000005de,built_loss,28.46385991284175,0.45147743352800174,0.044073691256291014
75,1,000000000000000005e7,built_loss,34.52737422196804,0.6574396625378172,0.11919329369832365
75,1,000000000000000005f9,built_loss,15.087711828790246,0.6313638046098857,0.12434416455797215
75,1,0000000000000000061c,built_loss,18.780796646641424,0.38365824191822734,0.07439885393272577
75,1,00000000000000000626,built_loss,28.007524360238016,0.49627662575035836,0.05520672882010891
75,1,0000000000000000062a,built_loss,31.747498003320807,0.5465776600094241,0.08420009089718039
75,1,00000000000000000636,built_loss,19.58589085164081,0.5204560201815992,0.19834891357067896
75,1,0000000000000000064a,built_loss,3.5077363519597546,0.3063703199831215,0.06103845168264749
75,1,0000000000000000064d,built_loss,14.568034509994762,0.4226470899634455,0.07069173620133218
75,1,00000000000000000694,built_loss,23.53615470833016,0.3874450763177012,0.04729117384970344
75,1,0000000000000000069d,built_loss,33.23203138741534,0.6750694874645728,0.07814683041981585
75,1,000000000000000006b7,built_loss,27.363657100348114,0.487467742979251,0.052736314266855155
75,1,000000000000000006df,built_loss,16.423595283591297,0.2191968600223185,0.05996032722852826
75,1,000000000000000006e3,built_loss,24.74736965605227,0.3877439953081712,0.08846121171168125
75,1,00000000000000000011,crop_loss,34.541876634338514,0.6841276459546204,0.3792082087337203
75,1,0000000000000000002b,crop_loss,37.58186200730517,0.18088977614848673,0.15011450625935402
75,1,0000000000000000003a,crop_loss,37.42065041816771,0.2860921211739055,0.10950835576667309
75,1,0000000000000000009b,crop_loss,14.42602511450797,0.4980979061561624,0.023629805669549142
75,1,000000000000000000a8,crop_loss,26.14230051183133,0.20920569817197132,0.035882108261634627
75,1,000000000000000000da,crop_loss,26.41457975367248,0.7588799082303055,0.07236856943243819
75,1,000000000000000000e3,crop_loss,40.734303197948165,0.4921115584076154,0.0791027881606916
75,1,000000000000000000e9,crop_loss,4.157434744190829,0.3971580701766743,0.13572395177109547
75,1,0000000000000000011b,crop_loss,24.923644830501058,0.4857116825406813,0.0412303692705393
75,1,00000000000000000128,crop_loss,28.629093337288616,0.5487799480078694,0.03529158869144511
75,1,0000000000000000016c,crop_loss,30.796796462382837,0.4641412408634407,0.12682392894893912
75,1,00000000000000000196,crop_loss,18.968597511655826,0.25373731600577254,0.0703960548428253
75,1,000000000000000001a6,crop_loss,33.50184109259304,0.24975265593645413,0.12656055189043622
75,1,000000000000000001e4,crop_loss,32.887534170189355,0.47585570830689794,0.06374721460560623
75,1,000000000000000001f9,crop_loss,33.54741774018897,0.6444614955361945,0.3766571894220243
75,1,00000000000000000228,crop_loss,21.03508349871388,0.537149394630612,0.12302560121870248
75,1,0000000000000000028c,crop_loss,4.4250923300333245,0.28464940911197356,0.0831833109095097
75,1,0000000000000000028d,crop_loss,24.611072921307425,0.6686140274189675,0.10274424945197258
75,1,00000000000000000291,crop_loss,15.361129143590057,0.8846804757013697,0.0244974113334111
75,1,000000000000000002c5,crop_loss,25.441566227293507,0.36173942756444,0.12533000797797395
75,1,000000000000000002cc,crop_loss,16.677691520769677,0.35412948240376135,0.21349176071980314
75,1,000000000000000002dc,crop_loss,39.99279711722862,0.6412492430158244,0.09479543663917345
75,1,000000000000000002e4,crop_loss,38.74007137874576,0.32504782501694485,0.1316350677548329
75,1,000000000000000002ec,crop_loss,43.06658357785273,0.4813137971037108,0.11576492055239435
75,1,00000000000000000314,crop_loss,26.411282416688636,0.07590362547555082,0.09229925496654551
75,1,00000000000000000335,crop_loss,37.05521827131565,0.42912279037681955,0.10959216464897009
75,1,0000000000000000033a,crop_loss,28.425047778241783,0.4762321203350717,0.11289629900715942
75,1,000000000000000003b0,crop_loss,34.131575891449444,0.18869641008278704,0.07896632473102402
75,1,000000000000000003f1,crop_loss,43.84121675798625,0.449825512720527,0.07957591239159362
75,1,000000000000000003f2,crop_loss,33.38525875956734,0.48583734889464014,0.0840649206693635
75,1,0000000000000000044b,crop_loss,14.688641343267225,0.5610608902842056,0.062047889007128876
75,1,00000000000000000480,crop_loss,9.368912850518598,0.8613314913979788,0.1511268753302656
75,1,00000000000000000485,crop_loss,35.268063283015515,0.7250236255987047,0.06069671028221357
75,1,00000000000000000497,crop_loss,30.846201825236644,0.20941620951003115,0.10787295876326478
75,1,0000000000000000049b,crop_loss,32.34906087221178,0.3500066529347538,0.04937533470636285
75,1,000000000000000004a1,crop_loss,32.9492754041479,0.33332742526225556,0.10911009447757075
75,1,000000000000000004e7,crop_loss,21.873998550711775,0.504139331303522,0.03584856083031207
75,1,000000000000000004e9,crop_loss,15.923465483150931,0.41092539394577277,0.19748296525961656
75,1,000000000000000004f9,crop_loss,38.72675389744881,0.35662374222680804,0.19683231949334096
75,1,00000000000000000517,crop_loss,26.305661117828418,0.2635728280044367,0.2113519895516961
75,1,00000000000000000538,crop_loss,1.0701543970983065,0.3040778009505197,0.03659890434242097
75,1,0000000000000000057e,crop_loss,4.027649398674819,0.5419347888329399,0.049219284332923885
75,1,000000000000000005d1,crop_loss,16.66843557459294,0.16909530406132148,0.10156035544997208
75,1,00000000000000000632,crop_loss,13.10217371631813,0.08153446099965998,0.026725749967113188
75,1,0000000000000000063e,crop_loss,38.982068309246955,0.3077382755072388,0.10404698616170943
75,1,00000000000000000655,crop_loss,27.715539526375807,0.46734824476651915,0.25010142134982827
75,1,00000000000000000697,crop_loss,44.679320753549256,0.6113606161019094,0.09593009516351192
75,1,00000000000000000698,crop_loss,18.85264447735829,0.42974088585278986,0.11449904988604753
75,1,000000000000000006a8,crop_loss,42.624917470905835,0.3376876141721595,0.13174170529018958
75,1,000000000000000006b4,crop_loss,40.031012803361385,0.5082172847765767,0.1282447782518107
75,1,000000000000000006be,crop_loss,13.783728712433074,0.375348597673504,0.08500473964290789
75,1,000000000000000006c0,crop_loss,2.7873236847943135,0.18046326749786445,0.04938916691567252
75,1,000000000000000006cc,crop_loss,22.877049912776034,0.3407812411192878,0.06986385318116883
75,1,000000000000000006ce,crop_loss,23.589157711190083,0.5631721878153108,0.1463344314161507
75,1,000000000000000006d9,crop_loss,30.973432137156223,0.20758257235257516,0.06463930481258556
75,1,000000000000000006e5,crop_loss,36.76026121349639,0.5059012384314002,0.10245709935044262
75,1,00000000000000000151,built_loss,9.273504686945564,0.2604253961460839,0.06319154360068285
75,1,0000000000000000034d,built_loss,5.53730710422735,0.40555535104715523,0.04952646784289677
75,1,000000000000000003c7,crop_loss,24.548559245485556,0.7352569151016998,0.09694938212548132
75,1,00000000000000000176,built_loss,22.870650893884207,0.6609083731584761,0.05739809803355944
75,1,000000000000000003d2,built_loss,38.90109583192147,0.6229902767347313,0.1003388018287954
75,1,00000000000000000490,built_loss,36.51317047067658,0.6585476629784237,0.09080462087520857
75,1,000000000000000005ad,built_loss,30.389934901232436,0.660317965038086,0.06259250192755972
75,1,00000000000000000624,built_loss,4.3596187509038,0.5053642082088672,0.09161159939730978
75,1,0000000000000000002d,crop_loss,38.254738565281706,0.487002554886359,0.08733131327313676
75,1,0000000000000000009d,crop_loss,7.506111284127087,0.3399493964843255,0.08160298903565355
75,1,00000000000000000192,crop_loss,38.66158915760703,0.575401196045801,0.049222824285454325
75,1,000000000000000003c8,crop_loss,31.561973914461774,0.18869693367655963,0.07106126739882557
75,1,0000000000000000046c,crop_loss,45.16140181048729,0.5394219333224827,0.2404755205852715
75,1,00000000000000000483,crop_loss,11.285668809318919,0.684807831535712,0.1392092506912712
75,1,000000000000000004ee,crop_loss,17.82762450469955,0.3512604726985386,0.15634093916276176
75,1,00000000000000000611,crop_loss,41.69823478432743,0.6579090480457142,0.08411019648662166
75,1,0000000000000000062f,crop_loss,35.861267364324895,0.5766146525591826,0.21032736441038918
75,2,00000000000000000085,built_loss,13.586998071973209,0.42677981636251766,0.10156793952726284
75,2,00000000000000000114,built_loss,26.424835630712312,0.7005644081254583,0.06770813993107683
75,2,0000000000000000024c,built_loss,21.680268144957772,0.7252375227622357,0.07382190098191743
75,2,00000000000000000375,built_loss,31.303600174725474,0.6275981768096007,0.12667818001600695
75,2,000000000000000004d2,built_loss,26.61094678277346,0.6081539039236228,0.47754034086375746
75,2,000000000000000005bd,built_loss,4.544107784359963,0.5760337118867369,0.10036481003443143
75,2,00000000000000000281,crop_loss,40.04065383723531,0.5192807446279971,0.05854654235066009
75,2,000000000000000003a2,crop_loss,28.63566438040207,0.3406247257901426,0.11987846316599404
75,2,00000000000000000001,built_loss,26.034049432049102,0.44375254139739256,0.09750696425567701
75,2,00000000000000000049,built_loss,4.9244980372754075,0.4696989044392564,0.07090943420375889
75,2,0000000000000000004a,built_loss,12.345153681052434,0.43546829263289816,0.0389775985472926
75,2,0000000000000000004f,built_loss,29.641520038563314,0.4581793181915034,0.0953197052419143
75,2,0000000000000000005a,built_loss,29.96413890051367,0.4250544503883924,0.04012834412051458
75,2,00000000000000000079,built_loss,44.9285387086423,0.6339402177456482,0.08589135430579742
75,2,00000000000000000087,built_loss,36.699182939244444,0.6304802720010944,0.1599737518927491
75,2,000000000000000000a1,built_loss,8.280810701147415,0.4293547558278294,0.07863621614817118
75,2,000000000000000000b8,built_loss,10.495677879202667,0.5289000442947749,0.22411523591663096
75,2,000000000000000000c0,built_loss,31.56032635492948,0.6386132922717023,0.06429401001475044
75,2,000000000000000000e2,built_loss,16.423207064624975,0.3940228968140899,0.08159083145423357
75,2,000000000000000000f0,built_loss,28.54739975064644,0.6690458258944245,0.1178792721294204
75,2,000000000000000000f8,built_loss,36.33164434277532,0.5382419839279753,0.10274060003691249
75,2,0000000000000000011c,built_loss,7.6459737408590325,0.7189110319280229,0.06427235893094985
75,2,00000000000000000161,built_loss,34.77627980359282,0.656630263215849,0.07692014709300488
75,2,0000000000000000016a,built_loss,8.99256388615666,0.23062873614095034,0.08333021311520805
75,2,000000000000000001a8,built_loss,37.74403956699195,0.5203769379988618,0.08112697072500807
75,2,000000000000000001be,built_loss,5.9196588680341735,0.49991982201412166,0.1058173240759539
75,2,000000000000000001cd,built_loss,41.192223138016224,0.7576991326447355,0.11076557524915287
75,2,000000000000000001e5,built_loss,17.25708664020617,0.5569088613292855,0.08893392248316001
75,2,00000000000000000206,built_loss,34.41527190183077,0.7346115520387705,0.08525086090630907
75,2,00000000000000000209,built_loss,44.93833262616445,0.6183385073425218,0.111700305078549
75,2,00000000000000000231,built_loss,36.16566584393054,0.51402357889297,0.09239024434773391
75,2,0000000000000000026d,built_loss,24.479760453801322,0.6187223612171493,0.09354702232252099
75,2,00000000000000000278,built_loss,33.91994275321068,0.7361008341650748,0.0879430355099241
75,2,00000000000000000293,built_loss,24.22071714432595,0.4926105689389648,0.08915139913661735
75,2,000000000000000002a4,built_loss,9.59933411296457,0.42498900465946815,0.04357080044435063
75,2,00000000000000000316,built_loss,1.9074923518566447,0.12714893375814998,0.024565924097608605
75,2,00000000000000000356,built_loss,32.529880975460806,0.551575995205362,0.15796931046488838
75,2,00000000000000000362,built_loss,41.84131879810268,0.5889701422416533,0.10011074448928448
75,2,00000000000000000363,built_loss,25.44790524299915,0.24058001452976152,0.0568538793880031
75,2,00000000000000000364,built_loss,43.40974408837048,0.6383421010553272,0.1048388405715831
75,2,00000000000000000380,built_loss,24.36174967194918,0.5020687310382823,0.07166318108707043
75,2,00000000000000000384,built_loss,16.120109001504517,0.5808153670784129,0.08174355314824855
75,2,0000000000000000039e,built_loss,7.66162154637035,0.4652457120024045,0.06834700346457623
75,2,000000000000000003a1,built_loss,18.22479672604354,0.5983297727352657,0.07138423621155898
75,2,000000000000000003a5,built_loss,21.377036446839863,0.38638408820031733,0.1157522694536221
75,2,000000000000000003b7,built_loss,16.132619647075103,0.4921416731960415,0.046170650131153956
75,2,000000000000000003bf,built_loss,36.74042611057751,0.5250295597755844,0.05630681149245714
75,2,000000000000000003f8,built_loss,6.053517530804072,0.21509009650525737,0.04674343555744839
75,2,000000000000000003fa,built_loss,36.66236590934891,0.45569171803690595,0.07715427554322463
75,2,00000000000000000407,built_loss,35.07067907924837,0.592067530676622,0.08877875910080046
75,2,0000000000000000040f,built_loss,25.95357108172291,0.5274765960430996,0.02983579069338027
75,2,00000000000000000426,built_loss,24.066901662242117,0.5575755478059913,0.07448688433405604
75,2,0000000000000000042b,built_loss,32.81571107051742,0.5574173121607805,0.08989433604768504
75,2,00000000000000000442,built_loss,3.7090831422358774,0.34814788219094595,0.27047382158305583
75,2,00000000000000000465,built_loss,41.81255123851724,0.622367770754255,0.0712836788814818
75,2,0000000000000000047e,built_loss,15.788771556000063,0.5244944367698678,0.07027445223082363
75,2,000000000000000004c0,built_loss,34.37722161858582,0.6470873422544684,0.06240818448795493
75,2,000000000000000004c5,built_loss,13.453107120112513,0.5994172890373964,0.09060038806950133
75,2,000000000000000004d9,built_loss,34.028912198354284,0.5724148383508226,0.06789427251448232
75,2,000000000000000004eb,built_loss,34.211358436725924,0.45751260100434743,0.05662838669334591
75,2,000000000000000004f5,built_loss,8.039397948470354,0.48027421775253193,0.065538772035943
75,2,000000000000000004f7,built_loss,8.300347133232808,0.4630317337856935,0.044261838966277056
75,2,000000000000000004fe,built_loss,15.154851983291078,0.4920600568398673,0.05134345869097584
75,2,0000000000000000051d,built_loss,18.85610981256806,0.4982898459366926,0.23849630807167582
75,2,00000000000000000559,built_loss,28.764207300326213,0.714635475749508,0.09166282732966469
75,2,00000000000000000576,built_loss,8.910556062379557,0.2796040978834482,0.07919582197018071
75,2,00000000000000000577,built_loss,9.592736216165926,0.5026280232674886,0.12142912767018499
75,2,0000000000000000057f,built_loss,2.2156930432967017,0.402090777832398,0.08996256239336403
75,2,00000000000000000594,built_loss,21.168192977385623,0.5830447549717278,0.24286356181148266
75,2,000000000000000005bf,built_loss,21.949116424022087,0.40651532108196453,0.09285022118704589
75,2,000000000000000005cc,built_loss,9.207807437202861,0.3592238612507554,0.06219060573127977
75,2,000000000000000005de,built_loss,26.324452263518538,0.436830577819327,0.042900558065515015
75,2,000000000000000005e7,built_loss,30.51418941197487,0.6678663073277692,0.09884780704152518
75,2,000000000000000005f9,built_loss,17.130246178944223,0.6731225664556209,0.0761176549782997
75,2,0000000000000000061c,built_loss,15.33294787256482,0.3866966263243587,0.10443065071476326
75,2,00000000000000000626,built_loss,29.206408084681012,0.4758464656600325,0.059753116194759925
75,2,0000000000000000062a,built_loss,34.645375668927315,0.5709269998452965,0.06298944550782981
75,2,00000000000000000636,built_loss,21.57119494409661,0.4763896314270192,0.17593021463332598
75,2,0000000000000000064a,built_loss,3.6869622754929945,0.29205871048883353,0.04557285387507298
75,2,0000000000000000064d,built_loss,13.584439160411453,0.4205659035586953,0.09145991574817114
75,2,00000000000000000694,built_loss,24.82177014320652,0.3765523526904777,0.0450643786513622
75,2,0000000000000000069d,built_loss,32.82234422415114,0.6324578794544176,0.07687850690515674
75,2,000000000000000006b7,built_loss,26.234111500446332,0.46109529294511914,0.05497819295287648
75,2,000000000000000006df,built_loss,16.42470920247856,0.242825800019369,0.17950114080535354
75,2,000000000000000006e3,built_loss,26.742805724276536,0.38033897265568567,0.07782577272954272
75,2,00000000000000000011,crop_loss,34.84577505032133,0.8234739045395938,0.3496612134303527
75,2,0000000000000000002b,crop_loss,37.65144944805881,0.1622567450432677,0.10700012613945498
75,2,0000000000000000003a,crop_loss,37.89639800124218,0.30272824033263696,0.08298860352482323
75,2,0000000000000000009b,crop_loss,14.510342649972275,0.501111322871157,0.027472207595360787
75,2,000000000000000000a8,crop_loss,25.14278417904325,0.2107144310604538,0.0475866925445802
75,2,000000000000000000da,crop_loss,25.920283387146167,0.7716282378549286,0.06351702097955025
75,2,000000000000000000e3,crop_loss,40.463799222779635,0.5002914131523176,0.09142490672658993
75,2,000000000000000000e9,crop_loss,5.141137125552099,0.38806753525514504,0.1480581047085352
75,2,0000000000000000011b,crop_loss,27.8458932809691,0.4784563899364422,0.04329773359212097
75,2,00000000000000000128,crop_loss,29.323723908984483,0.54673727882088,0.04086067557550532
75,2,0000000000000000016c,crop_loss,33.02374584553185,0.4048407256463852,0.13059889036911215
75,2,00000000000000000196,crop_loss,20.173258349156548,0.24215523185433926,0.05184319711899146
75,2,000000000000000001a6,crop_loss,34.0796522056393,0.3126013676197324,0.12937881657286746
75,2,000000000000000001e4,crop_loss,34.5534381723753,0.4659864643332011,0.07604761179917752
75,2,000000000000000001f9,crop_loss,35.53894390757243,0.6994755962147742,0.2649468783740646
75,2,00000000000000000228,crop_loss,23.518983198233684,0.5079824205349416,0.18907446505947428
75,2,0000000000000000028c,crop_loss,3.9173431906593628,0.28017446261865186,0.078551581844016
75,2,0000000000000000028d,crop_loss,27.524487303205813,0.6653444771766597,0.09439000094299066
75,2,00000000000000000291,crop_loss,14.74311601180185,0.8797134719578756,0.0479184438443786
75,2,000000000000000002c5,crop_loss,23.20450346937806,0.31940726004343123,0.08429005284889346
75,2,000000000000000002cc,crop_loss,17.74349479411382,0.34106224727095497,0.18434754547684987
75,2,000000000000000002dc,crop_loss,35.95751073056086,0.6438869105358309,0.10495010233952995
75,2,000000000000000002e4,crop_loss,39.086643663352014,0.29561527922662295,0.14215788720864014
75,2,000000000000000002ec,crop_loss,34.962914720407895,0.4873000791104339,0.08608019745138756
75,2,00000000000000000314,crop_loss,32.32506869187871,0.11547406395387391,0.08111155375352747
75,2,00000000000000000335,crop_loss,39.15455978521636,0.4256839965158415,0.10938895973630053
75,2,0000000000000000033a,crop_loss,23.59733694811714,0.5041403995997104,0.10816764295853831
75,2,000000000000000003b0,crop_loss,33.71527822283779,0.2196734271086214,0.08260152383787242
75,2,000000000000000003f1,crop_loss,44.42440301741722,0.48415684219811783,0.08899396397330545
75,2,000000000000000003f2,crop_loss,31.569643740797165,0.455957443411511,0.07227854364037134
75,2,0000000000000000044b,crop_loss,12.15452786490481,0.5479234130719082,0.06027410897307828
75,2,00000000000000000480,crop_loss,9.581393445467198,0.8855496062331291,0.07908586028288622
75,2,00000000000000000485,crop_loss,37.22185667518007,0.6934638903936154,0.04649887164733324
75,2,00000000000000000497,crop_loss,32.73096465226938,0.22063077353017818,0.11407087129314236
75,2,0000000000000000049b,crop_loss,31.49659949400321,0.35867579917048764,0.0551475486668393
75,2,000000000000000004a1,crop_loss,35.50330316414657,0.376892470510737,0.08397993199422377
75,2,000000000000000004e7,crop_loss,24.647726983420593,0.48763685882448965,0.0475825000181761
75,2,000000000000000004e9,crop_loss,13.794660713254583,0.351792405050459,0.19027731794163494
75,2,000000000000000004f9,crop_loss,35.33606777003708,0.3453682449342734,0.1675854214254125
75,2,00000000000000000517,crop_loss,26.66107686644437,0.3008659817191097,0.19779829460832626
75,2,00000000000000000538,crop_loss,1.0764587370489285,0.3047729329038258,0.05136863812190584
75,2,0000000000000000057e,crop_loss,3.9946475874750638,0.5346312328966335,0.04284263059045046
75,2,000000000000000005d1,crop_loss,15.709696706132014,0.14833884017715962,0.06628800374631055
75,2,00000000000000000632,crop_loss,13.533284706930793,0.08256070128061517,0.041469545213007566
75,2,0000000000000000063e,crop_loss,38.08659496367508,0.28704992860691303,0.0899242311509233
75,2,00000000000000000655,crop_loss,28.640138403684208,0.41455063480077875,0.18695344920576767
75,2,00000000000000000697,crop_loss,44.78012589632347,0.6118041381672557,0.09522626068137263
75,2,00000000000000000698,crop_loss,17.54787592096388,0.4478047202723182,0.07920455152208494
75,2,000000000000000006a8,crop_loss,42.70603833689016,0.29748203482865127,0.1252519290144063
75,2,000000000000000006b4,crop_loss,38.448697102330726,0.557260740160072,0.1799428672652454
75,2,000000000000000006be,crop_loss,13.97676592355263,0.37064599449362495,0.06640888829172031
75,2,000000000000000006c0,crop_loss,2.700687035019701,0.19679843934194718,0.049838778399495104
75,2,000000000000000006cc,crop_loss,24.009103914796842,0.3719615598891122,0.08349362049236825
75,2,000000000000000006ce,crop_loss,21.89308278408908,0.5956065654330124,0.15325065246830422
75,2,000000000000000006d9,crop_loss,33.84354896529366,0.20726971134579164,0.08744915703958459
75,2,000000000000000006e5,crop_loss,37.92616453902381,0.4704633913714007,0.11360352326177059
75,2,00000000000000000151,built_loss,7.559384584667797,0.25303943327519707,0.06315875312108754
75,2,0000000000000000034d,built_loss,4.647817712511104,0.39709805286792055,0.04670030622899052
75,2,000000000000000003c7,crop_loss,23.377691679928333,0.7377556888995955,0.08682969600375545
75,2,00000000000000000176,built_loss,22.77872375450379,0.6834394647817827,0.06217973772907093
75,2,000000000000000003d2,built_loss,37.66768218395395,0.5949309711080638,0.09616145194169567
75,2,00000000000000000490,built_loss,44.29338509303165,0.6661057811040997,0.11428234035980478
75,2,000000000000000005ad,built_loss,33.17097718862103,0.635264745697909,0.08855625214669116
75,2,00000000000000000624,built_loss,4.7053132236813004,0.496732693063662,0.11643244118014912
75,2,0000000000000000002d,crop_loss,41.70882645107017,0.49435311041727503,0.07234535090997873
75,2,0000000000000000009d,crop_loss,6.834674105435023,0.3563219074109277,0.08553543458890989
75,2,00000000000000000192,crop_loss,36.66078034961641,0.5781302075567232,0.04721055774493865
75,2,000000000000000003c8,crop_loss,32.81409932754076,0.18714019997181552,0.04561877166305392
75,2,0000000000000000046c,crop_loss,33.52198400151788,0.48291887392356675,0.1820469364576061
75,2,00000000000000000483,crop_loss,12.388393862292178,0.6834339061174944,0.13028773169970786
75,2,000000000000000004ee,crop_loss,21.376693380088195,0.4320232531588172,0.1450696080545879
75,2,00000000000000000611,crop_loss,38.01059085840196,0.6342926424847325,0.11360360682783477
75,2,0000000000000000062f,crop_loss,36.4996450209463,0.4917610875601497,0.1938747232531311
75,3,00000000000000000085,built_loss,14.730619191726753,0.3762017373214076,0.10242072447020606
75,3,00000000000000000114,built_loss,21.38481612763628,0.6788490550758323,0.07276832087553242
75,3,0000000000000000024c,built_loss,20.33127792656295,0.7014492977111407,0.07765914979788935
75,3,00000000000000000375,built_loss,29.48371261542962,0.6153115660955701,0.1039102628226799
75,3,000000000000000004d2,built_loss,27.175438407249636,0.5271025684524427,0.3798318464368845
75,3,000000000000000005bd,built_loss,5.037468526655863,0.545309937471768,0.05566570507533941
75,3,00000000000000000281,crop_loss,34.17373777587574,0.5220605567142037,0.052147029598540784
75,3,000000000000000003a2,crop_loss,24.21410506162512,0.3456333531001567,0.12689512005136228
75,3,00000000000000000001,built_loss,24.871899152835006,0.4699392498539327,0.08729745965957098
75,3,00000000000000000049,built_loss,4.673512618149716,0.4474514949972373,0.06634711824237394
75,3,0000000000000000004a,built_loss,11.56209259828653,0.43488322533208296,0.035107826373323936
75,3,0000000000000000004f,built_loss,30.45428336401538,0.4436016149528039,0.11733050807917739
75,3,0000000000000000005a,built_loss,26.483617061568935,0.44050501832865685,0.0435952569780228
75,3,00000000000000000079,built_loss,48.624863483226555,0.6235003816648126,0.09373488818816889
75,3,00000000000000000087,built_loss,34.466798016973534,0.5852974832235422,0.1770644847488681
75,3,000000000000000000a1,built_loss,9.032460229992385,0.4319657547303438,0.06685458633176333
75,3,000000000000000000b8,built_loss,9.676017408084569,0.5815510857324817,0.12866236580203672
75,3,000000000000000000c0,built_loss,29.767644441676293,0.6425650949045477,0.06637195448287891
75,3,000000000000000000e2,built_loss,17.21133231908828,0.35281455049532184,0.09177690100096375
75,3,000000000000000000f0,built_loss,32.24769684994643,0.6738973703130742,0.11241491035234641
75,3,000000000000000000f8,built_loss,37.144491493524,0.5249805735951028,0.0986667232338701
75,3,0000000000000000011c,built_loss,6.3053564412479535,0.7232719902784539,0.06547799066773641
75,3,00000000000000000161,built_loss,32.073570361146444,0.6324077853456874,0.10027544565920632
75,3,0000000000000000016a,built_loss,8.69893968473281,0.2539233730717397,0.08013675092718209
75,3,000000000000000001a8,built_loss,41.39803764455098,0.5563706131985586,0.07630051489297485
75,3,000000000000000001be,built_loss,5.632770156483543,0.5123846578817186,0.12896815182624322
75,3,000000000000000001cd,built_loss,38.05447308979524,0.7374928637191297,0.11258733103580376
75,3,000000000000000001e5,built_loss,17.091144661599067,0.5743755368477527,0.07353592669131337
75,3,00000000000000000206,built_loss,32.87972602534971,0.7100867770599911,0.1366842610999619
75,3,00000000000000000209,built_loss,36.84088771563972,0.658381218673085,0.10502313503949612
75,3,00000000000000000231,built_loss,39.870471846689604,0.535067624819264,0.11086483839777406
75,3,0000000000000000026d,built_loss,25.680909250979916,0.5711056000332394,0.0866879195743564
75,3,00000000000000000278,built_loss,33.89142688725213,0.7474345480467133,0.07594060525759572
75,3,00000000000000000293,built_loss,26.317432584151565,0.471562710952961,0.08809838366704897
75,3,000000000000000002a4,built_loss,10.839209289099246,0.40146059111910454,0.07522979252064371
75,3,00000000000000000316,built_loss,1.932810619735151,0.1267613244022405,0.0225450930396503
75,3,00000000000000000356,built_loss,32.028807525994544,0.5908568926544826,0.15331476619588258
75,3,00000000000000000362,built_loss,36.645649577581125,0.5207124549307929,0.06702824322213485
75,3,00000000000000000363,built_loss,23.428725030825028,0.2507772714774714,0.052986336044402504
75,3,00000000000000000364,built_loss,43.18419897286194,0.6284326990473601,0.10645966653798988
75,3,00000000000000000380,built_loss,27.902567972374595,0.4880833223362953,0.06974223876354863
75,3,00000000000000000384,built_loss,16.663927428852084,0.5948440283257392,0.07456255465851713
75,3,0000000000000000039e,built_loss,6.078805433229705,0.48259653721667833,0.06536566446393827
75,3,000000000000000003a1,built_loss,17.171541835772775,0.6072790416020312,0.0692702177549106
75,3,000000000000000003a5,built_loss,22.566538208072934,0.38291194368723863,0.11895855579521197
75,3,000000000000000003b7,built_loss,15.027057474424538,0.49165658425951714,0.05450337404846367
75,3,000000000000000003bf,built_loss,36.912534319275295,0.5313769502667082,0.06966862819299291
75,3,000000000000000003f8,built_loss,5.850196333355975,0.21859639408806314,0.04390044260627901
75,3,000000000000000003fa,built_loss,35.019059820581305,0.44758026967229136,0.06889221505068788
75,3,00000000000000000407,built_loss,35.520182069878025,0.5500139336748296,0.0850083111023342
75,3,0000000000000000040f,built_loss,26.092328440851578,0.5195939268659041,0.028083432846709
75,3,00000000000000000426,built_loss,28.443035395663692,0.5503298544970018,0.08126384672132869
75,3,0000000000000000042b,built_loss,29.791195951008206,0.5468743089556365,0.08865701980985397
75,3,00000000000000000442,built_loss,3.4074583201882085,0.36261035922490215,0.27118722007319374
75,3,00000000000000000465,built_loss,35.46944840069942,0.6232202926157829,0.08461888022204678
75,3,0000000000000000047e,built_loss,18.677069067682325,0.5078184303381795,0.0936816771175053
75,3,000000000000000004c0,built_loss,33.519427069365406,0.660830000425394,0.058157125203614046
75,3,000000000000000004c5,built_loss,13.413868118868612,0.577707276390975,0.08403374747772818
75,3,000000000000000004d9,built_loss,37.49449560994836,0.5355938789440662,0.05961064522469073
75,3,000000000000000004eb,built_loss,37.667435138328244,0.46262138486251275,0.06965512934532792
75,3,000000000000000004f5,built_loss,7.550589508162428,0.5094799493039377,0.09558398790162514
75,3,000000000000000004f7,built_loss,7.734583256557686,0.4804863049820373,0.04462670392753526
75,3,000000000000000004fe,built_loss,15.777258269932236,0.5056955916660817,0.055586299792161065
75,3,0000000000000000051d,built_loss,26.351669763703015,0.48521458909026505,0.1954746516951747
75,3,00000000000000000559,built_loss,30.41548164382562,0.669251270262786,0.09310605273906869
75,3,00000000000000000576,built_loss,7.569153540345745,0.26907404437699084,0.05367056084820179
75,3,00000000000000000577,built_loss,10.08419195923125,0.5217642670495656,0.1419525353109377
75,3,0000000000000000057f,built_loss,2.247940955634596,0.3808208264183879,0.10049083918769158
75,3,00000000000000000594,built_loss,20.22285460961655,0.5685243961659646,0.2659543027349589
75,3,000000000000000005bf,built_loss,29.053130903769592,0.4100567075128965,0.08320632939724038
75,3,000000000000000005cc,built_loss,9.51118927004608,0.3527284441237911,0.048009496571875976
75,3,000000000000000005de,built_loss,28.71055431863148,0.42263644602518924,0.04654615245660754
75,3,000000000000000005e7,built_loss,33.70908145365359,0.6312104458817952,0.12661498655738457
75,3,000000000000000005f9,built_loss,15.510490152577617,0.6638570650098663,0.09051471233848063
75,3,0000000000000000061c,built_loss,22.102893873553082,0.4095433644014062,0.06385573432697611
75,3,00000000000000000626,built_loss,27.943651145668046,0.47839313418326423,0.06145275080212481
75,3,0000000000000000062a,built_loss,30.54882524794586,0.5534923698524448,0.06893950051328224
75,3,00000000000000000636,built_loss,17.208157549709448,0.4324861877572421,0.18005007708238568
75,3,0000000000000000064a,built_loss,3.8365699471232553,0.31460315186769977,0.052267677402356716
75,3,0000000000000000064d,built_loss,12.035829632256446,0.43919323655999587,0.07435283394276182
75,3,00000000000000000694,built_loss,26.540835408160234,0.3758038815628502,0.03643388082680732
75,3,0000000000000000069d,built_loss,33.8653243727531,0.6579081428154973,0.08973117020303456
75,3,000000000000000006b7,built_loss,25.180819645445535,0.4679244904105616,0.05965523101147041
75,3,000000000000000006df,built_loss,15.770495260379569,0.28837724281133303,0.15036681856157239
75,3,000000000000000006e3,built_loss,25.802331673868476,0.4134252580551892,0.1161363239990264
75,3,00000000000000000011,crop_loss,35.986951337532936,0.6550531713254477,0.3270906998922247
75,3,0000000000000000002b,crop_loss,33.90789138224242,0.12170366457860053,0.11612261666539635
75,3,0000000000000000003a,crop_loss,36.033356165994405,0.281837832167551,0.11938342644684122
75,3,0000000000000000009b,crop_loss,18.419248902674823,0.49241563359810325,0.02249886191148659
75,3,000000000000000000a8,crop_loss,26.309989058151746,0.2074851530487619,0.04844817621735384
75,3,000000000000000000da,crop_loss,22.70254635880287,0.7590153842363287,0.05903706093410377
75,3,000000000000000000e3,crop_loss,36.36209470279678,0.48944174238670224,0.10136086714778542
75,3,000000000000000000e9,crop_loss,4.968487968353525,0.48233306459116015,0.10468625664874687
75,3,0000000000000000011b,crop_loss,24.431914098962427,0.49302770548930425,0.0404798562608491
75,3,00000000000000000128,crop_loss,28.96020117317585,0.5284974209533617,0.03384594427189658
75,3,0000000000000000016c,crop_loss,35.55582446377168,0.4594869256965628,0.11434843477481443
75,3,00000000000000000196,crop_loss,18.13947354402797,0.23273769049463336,0.05280853020557649
75,3,000000000000000001a6,crop_loss,30.662786155187227,0.25482833939135036,0.13642480190018857
75,3,000000000000000001e4,crop_loss,34.256784074240414,0.48793892582379655,0.05378144403952734
75,3,000000000000000001f9,crop_loss,39.107668125601336,0.605183200777677,0.37137110325588407
75,3,00000000000000000228,crop_loss,25.012208018397782,0.4735833742084375,0.22141740621842593
75,3,0000000000000000028c,crop_loss,3.934941798755949,0.2879634984015868,0.08056813249766065
75,3,0000000000000000028d,crop_loss,29.611149910669287,0.6663619325318259,0.10577664977338508
75,3,00000000000000000291,crop_loss,13.157344593178573,0.8837617473850374,0.03312395987878003
75,3,000000000000000002c5,crop_loss,24.39991482805276,0.33744816673592726,0.10845221657971926
75,3,000000000000000002cc,crop_loss,18.13607389114135,0.39061003432873553,0.2061519544660005
75,3,000000000000000002dc,crop_loss,40.02268639060937,0.6262538545711164,0.0835649089592615
75,3,000000000000000002e4,crop_loss,32.63560000211275,0.3192298503762438,0.10976740760401887
75,3,000000000000000002ec,crop_loss,42.30682082827645,0.49724776047634384,0.10248805518738618
75,3,00000000000000000314,crop_loss,28.238183150553358,0.10787424418162048,0.06659312989890208
75,3,00000000000000000335,crop_loss,37.53950394600548,0.41685276264797705,0.0993879966745515
75,3,0000000000000000033a,crop_loss,31.045589287309,0.5275673084501443,0.10927446609955016
75,3,000000000000000003b0,crop_loss,38.216531177354845,0.21316630899957237,0.08572660640136939
75,3,000000000000000003f1,crop_loss,40.37622694211241,0.464107953509808,0.10656038102818222
75,3,000000000000000003f2,crop_loss,29.860654633510485,0.45819875683163047,0.07493252474468115
75,3,0000000000000000044b,crop_loss,14.396693568857254,0.5559609772131204,0.0404873097621824
75,3,00000000000000000480,crop_loss,11.234511950391303,0.866150626940442,0.07992287031257561
75,3,00000000000000000485,crop_loss,36.749098851047194,0.707670968470697,0.04185770282529944
75,3,00000000000000000497,crop_loss,34.60935529513396,0.22841962609705643,0.09863916768299308
75,3,0000000000000000049b,crop_loss,32.527774767998764,0.37532277472183845,0.06996399012667198
75,3,000000000000000004a1,crop_loss,33.11694326039178,0.32455064253466964,0.05719257302965619
75,3,000000000000000004e7,crop_loss,26.796146717639655,0.4970262376913628,0.04760044733135893
75,3,000000000000000004e9,crop_loss,13.587723959144409,0.4038846481483617,0.17922828013082065
75,3,000000000000000004f9,crop_loss,34.4551836942878,0.4122288735176384,0.18711070858196704
75,3,00000000000000000517,crop_loss,26.937852198965913,0.2705623776604113,0.2684475308863731
75,3,00000000000000000538,crop_loss,1.0675280156419318,0.2985183345825356,0.04014499125509585
75,3,0000000000000000057e,crop_loss,3.9036820119948312,0.5373330655732313,0.05280182080620688
75,3,000000000000000005d1,crop_loss,14.699013306222053,0.12855168674053422,0.05940569603545788
75,3,00000000000000000632,crop_loss,13.786299722107742,0.08245775018015195,0.023500000052309844
75,3,0000000000000000063e,crop_loss,37.1942830220499,0.29386722256033593,0.08398589386706651
75,3,00000000000000000655,crop_loss,30.80866461022212,0.4738388305781219,0.2711338612911056
75,3,00000000000000000697,crop_loss,39.85426007388471,0.5909015163207281,0.10546928622233676
75,3,00000000000000000698,crop_loss,18.128297563298677,0.43221525519106707,0.09032611522388811
75,3,000000000000000006a8,crop_loss,38.07537016115959,0.2886058860362628,0.09180462113121879
75,3,000000000000000006b4,crop_loss,37.733915544760535,0.5541144897079772,0.16135101316100053
75,3,000000000000000006be,crop_loss,11.779421173925954,0.4010727775462689,0.10815720756463815
75,3,000000000000000006c0,crop_loss,2.9278726164603874,0.1876098268488769,0.06752535368055745
75,3,000000000000000006cc,crop_loss,21.87578702343612,0.3416117537926735,0.06231370507034151
75,3,000000000000000006ce,crop_loss,23.053533456448456,0.6122428067553505,0.1424033922559348
75,3,000000000000000006d9,crop_loss,34.06869507238874,0.20040443106226227,0.07739640628964078
75,3,000000000000000006e5,crop_loss,37.16683541294534,0.5370915650167656,0.10374982805824973
75,3,00000000000000000151,built_loss,8.702385879186883,0.26680519392386076,0.0534016289285453
75,3,0000000000000000034d,built_loss,5.720016419538506,0.41608936654713147,0.03502465814200456
75,3,000000000000000003c7,crop_loss,30.634504521783818,0.6894799841016815,0.10635848005971493
75,3,00000000000000000176,built_loss,24.493286108004046,0.6557079576082016,0.06397408789441983
75,3,000000000000000003d2,built_loss,35.24908656583417,0.5555712346292189,0.11761164756396325
75,3,00000000000000000490,built_loss,40.793962459271135,0.6407972458266223,0.0803112713872638
75,3,000000000000000005ad,built_loss,29.614628435599002,0.6600922822338061,0.0837081376126263
75,3,00000000000000000624,built_loss,4.35585357929681,0.4762055027532219,0.09413167750155355
75,3,0000000000000000002d,crop_loss,38.816285286879925,0.4635328154656808,0.07652696123289865
75,3,0000000000000000009d,crop_loss,7.731944006965857,0.37669406395651195,0.09356036066014367
75,3,00000000000000000192,crop_loss,37.935546939475245,0.5572705539579896,0.03309290602793635
75,3,000000000000000003c8,crop_loss,32.97788243615938,0.17932677713510864,0.0493321061417798
75,3,0000000000000000046c,crop_loss,34.065047920335445,0.49527704286168767,0.14874229195037203
75,3,00000000000000000483,crop_loss,14.523127193468303,0.6786694313281909,0.1077359245589069
75,3,000000000000000004ee,crop_loss,18.03206928104059,0.42545684658329563,0.19558876737684727
75,3,00000000000000000611,crop_loss,39.29606477259784,0.681294275468037,0.07727872684734205
75,3,0000000000000000062f,crop_loss,39.27633311921398,0.555019492683803,0.166850920055316
75,4,00000000000000000085,built_loss,13.396882159175735,0.35354377207056453,0.08356883911953866
75,4,00000000000000000114,built_loss,27.12684951656061,0.6753737191945888,0.08522463627372368
75,4,0000000000000000024c,built_loss,27.468515051911588,0.7156619805934756,0.08221146075957797
75,4,00000000000000000375,built_loss,31.71731128077504,0.664337248910988,0.09350704088462913
75,4,000000000000000004d2,built_loss,25.55272397635769,0.6016499056845842,0.29787684947242105
75,4,000000000000000005bd,built_loss,4.397934000386393,0.5699429829695326,0.1164410706864819
75,4,00000000000000000281,crop_loss,39.64530437883539,0.5066169573163546,0.05063697534286005
75,4,000000000000000003a2,crop_loss,29.064595241417983,0.300185076752045,0.1238525139282377
75,4,00000000000000000001,built_loss,27.388011994691343,0.4400728723494883,0.06577896212966794
75,4,00000000000000000049,built_loss,3.976946543291644,0.47377957902881523,0.06925177976666858
75,4,0000000000000000004a,built_loss,10.460697424357498,0.44693407529781787,0.035530938989287664
75,4,0000000000000000004f,built_loss,33.940996948473845,0.4677092978904961,0.12798597981251292
75,4,0000000000000000005a,built_loss,23.065303103343,0.45622286017879415,0.04332330851586513
75,4,00000000000000000079,built_loss,40.572717657470726,0.6538505644937251,0.08423071855952402
75,4,00000000000000000087,built_loss,36.01649480125005,0.6430120329815556,0.14862793225491067
75,4,000000000000000000a1,built_loss,8.21334587763593,0.4604033667759109,0.052856926250328506
75,4,000000000000000000b8,built_loss,9.676506367428576,0.5367451823913408,0.15647287136364474
75,4,000000000000000000c0,built_loss,30.620966960005813,0.655651689635077,0.07279531063807687
75,4,000000000000000000e2,built_loss,16.09783873254327,0.40531365126022784,0.09057097599521363
75,4,000000000000000000f0,built_loss,28.765269999618408,0.6588371572567557,0.16234531405734332
75,4,000000000000000000f8,built_loss,32.92786184679362,0.5006062171826344,0.09325369810978651
75,4,0000000000000000011c,built_loss,6.871502936912186,0.731122868390496,0.059271988382982976
75,4,00000000000000000161,built_loss,34.91734196630919,0.6314879668077782,0.07382978411666763
75,4,0000000000000000016a,built_loss,9.123465298966329,0.23818404034804835,0.07799275108399609
75,4,000000000000000001a8,built_loss,44.015245052981996,0.5615782171573003,0.08462496362159444
75,4,000000000000000001be,built_loss,5.556541452843952,0.5446281654837022,0.08563419992981314
75,4,000000000000000001cd,built_loss,34.379784238372515,0.8014131696251354,0.0723332830806519
75,4,000000000000000001e5,built_loss,17.74444167797932,0.5571801961777495,0.09072084582563866
75,4,00000000000000000206,built_loss,31.591866790473563,0.7140915985605362,0.10091472155060355
75,4,00000000000000000209,built_loss,44.31504830354199,0.5762717145212417,0.11338669695530534
75,4,00000000000000000231,built_loss,42.689788112545685,0.5457782719709238,0.08744438238295649
75,4,0000000000000000026d,built_loss,27.563523997934965,0.5749276100304453,0.12238326080640849
75,4,00000000000000000278,built_loss,32.43370004337194,0.7794817977380434,0.1072761793983964
75,4,00000000000000000293,built_loss,26.101493676387943,0.45927506739436097,0.09909127638929538
75,4,000000000000000002a4,built_loss,9.448041165918603,0.41313131175642986,0.07363538250422264
75,4,00000000000000000316,built_loss,2.1128132743874457,0.12055905586705237,0.026823729764325732
75,4,00000000000000000356,built_loss,32.98182905189946,0.5254254996482145,0.12810766019148073
75,4,00000000000000000362,built_loss,35.486592564082684,0.5479591581432617,0.07877314805045843
75,4,00000000000000000363,built_loss,25.88105420743801,0.25126937013990974,0.06722108235454424
75,4,00000000000000000364,built_loss,43.43133776226411,0.616334700337901,0.10196039571290161
75,4,00000000000000000380,built_loss,23.22488580904881,0.4857825834106751,0.09179359752748062
75,4,00000000000000000384,built_loss,16.14469071412152,0.5759763175865981,0.06934405455973303
75,4,0000000000000000039e,built_loss,8.514205514887424,0.5100826148837071,0.07148452157389573
75,4,000000000000000003a1,built_loss,16.703925414961702,0.6071564198482055,0.09049302936000558
75,4,000000000000000003a5,built_loss,21.542486473542564,0.3910384912077989,0.11508448172144775
75,4,000000000000000003b7,built_loss,15.7366341113136,0.4917786641742255,0.044076055792395485
75,4,000000000000000003bf,built_loss,42.33724336417455,0.5209310780553411,0.0688370702204612
75,4,000000000000000003f8,built_loss,6.4871387906487445,0.23178170895649688,0.0514455722481687
75,4,000000000000000003fa,built_loss,37.85813627511117,0.40299405450320364,0.0633748500210144
75,4,00000000000000000407,built_loss,35.89314736955725,0.5741903554544708,0.10507801019185592
75,4,0000000000000000040f,built_loss,25.65993478923634,0.5267366901943409,0.03339581534141778
75,4,00000000000000000426,built_loss,27.07356652357586,0.5580184696936464,0.06565309144856157
75,4,0000000000000000042b,built_loss,32.777173170786895,0.5288846011966036,0.10680969485592018
75,4,00000000000000000442,built_loss,4.200119368761259,0.48364063929330176,0.3541161691582831
75,4,00000000000000000465,built_loss,31.920845686561062,0.6309613826663991,0.07546433841394373
75,4,0000000000000000047e,built_loss,17.704534360655693,0.5714833669041777,0.09146972754209837
75,4,000000000000000004c0,built_loss,33.791054515705675,0.6381906643722147,0.07029422562111642
75,4,000000000000000004c5,built_loss,12.509850817320594,0.6024427661304061,0.10721977195342225
75,4,000000000000000004d9,built_loss,33.935094975938505,0.5417676816059803,0.07485506097830907
75,4,000000000000000004eb,built_loss,37.98807420378377,0.4541562803306295,0.05489381088111084
75,4,000000000000000004f5,built_loss,8.887085967121685,0.48946207953131854,0.07789712670381976
75,4,000000000000000004f7,built_loss,7.648963694512988,0.4756440751431217,0.04795936868944811
75,4,000000000000000004fe,built_loss,15.819684877206765,0.5059787077689795,0.06985706976898581
75,4,0000000000000000051d,built_loss,20.402942821452505,0.4796268100441535,0.19107574504525437
75,4,00000000000000000559,built_loss,29.965140053172135,0.6958721782956978,0.08647268895759497
75,4,00000000000000000576,built_loss,8.763298002107524,0.29806590160541646,0.060552813954127926
75,4,00000000000000000577,built_loss,9.7528433293739,0.4602365800900431,0.13098835808482695
75,4,0000000000000000057f,built_loss,2.348131091197333,0.39820401112166753,0.09239586736131333
75,4,00000000000000000594,built_loss,20.026744794455958,0.508692925460431,0.1795692517716702
75,4,000000000000000005bf,built_loss,25.4856820823153,0.39377218695531085,0.06501923127138931
75,4,000000000000000005cc,built_loss,10.316289949673488,0.3537007884709981,0.050184776596584435
75,4,000000000000000005de,built_loss,27.643407057548348,0.43008036996572446,0.055823622651748395
75,4,000000000000000005e7,built_loss,32.081288645114604,0.6801962062486865,0.11336201384685884
75,4,000000000000000005f9,built_loss,16.865918665458835,0.6162511877706587,0.14768163895632558
75,4,0000000000000000061c,built_loss,18.299947290115004,0.4103910245046729,0.07304105351818452
75,4,00000000000000000626,built_loss,26.266069622918927,0.5056159436789052,0.05206241921712146
75,4,0000000000000000062a,built_loss,32.999600454238454,0.5822771329613098,0.07145428757094374
75,4,00000000000000000636,built_loss,19.0563905593734,0.4173258748929702,0.1488770045272662
75,4,0000000000000000064a,built_loss,4.028022183168312,0.3083958153148775,0.03496734783142702
75,4,0000000000000000064d,built_loss,11.674510982794768,0.43915508502006195,0.08274098755809572
75,4,00000000000000000694,built_loss,28.061737494612135,0.37997893280336736,0.04218402784167791
75,4,0000000000000000069d,built_loss,32.294257323357385,0.6607859076198574,0.06789656832521795
75,4,000000000000000006b7,built_loss,26.042160400207095,0.44433626114311653,0.05519574792552756
75,4,000000000000000006df,built_loss,17.153700458335013,0.2398442509827527,0.18702348993165707
75,4,000000000000000006e3,built_loss,27.77613911424252,0.45344394692481615,0.09926545909854717
75,4,00000000000000000011,crop_loss,34.2752165190353,0.7809540252753433,0.3573856013991584
75,4,0000000000000000002b,crop_loss,39.40878709141367,0.176605451773421,0.14422658184930795
75,4,0000000000000000003a,crop_loss,34.622698463837786,0.32711774499764373,0.11767371373709606
75,4,0000000000000000009b,crop_loss,14.176837926714974,0.4966275583838252,0.022055014250024374
75,4,000000000000000000a8,crop_loss,25.857189912035548,0.18609773057538628,0.029944313887029145
75,4,000000000000000000da,crop_loss,23.891888148323705,0.742246821634537,0.06952532690244184
75,4,000000000000000000e3,crop_loss,41.491637328631576,0.4857701427568788,0.09303868965623108
75,4,000000000000000000e9,crop_loss,4.712662904238265,0.46573606748783525,0.17411835259504793
75,4,0000000000000000011b,crop_loss,25.024993960903835,0.4858583519703781,0.04230316577676335
75,4,00000000000000000128,crop_loss,29.07416591150205,0.5419063361264274,0.03858762581180064
75,4,0000000000000000016c,crop_loss,36.18285643585933,0.46639537273312975,0.06841921984674404
75,4,00000000000000000196,crop_loss,21.385237124856918,0.268892685580984,0.06987299022374208
75,4,000000000000000001a6,crop_loss,34.04819209345157,0.21172098189901375,0.12510706266306426
75,4,000000000000000001e4,crop_loss,34.64292438871992,0.47243535160625433,0.05678671782388728
75,4,000000000000000001f9,crop_loss,37.072954699516515,0.6775999375045261,0.38199933451621704
75,4,00000000000000000228,crop_loss,27.415561528776013,0.4890544965196715,0.21620453707221632
75,4,0000000000000000028c,crop_loss,4.523720316051991,0.30187619978837466,0.06590530569751091
75,4,0000000000000000028d,crop_loss,25.167573397192037,0.675411764386199,0.09156996660010652
75,4,00000000000000000291,crop_loss,14.976456325708186,0.889768173777041,0.028195202792237417
75,4,000000000000000002c5,crop_loss,26.302284108416153,0.2968441451567762,0.10994817068792445
75,4,000000000000000002cc,crop_loss,15.005200178413558,0.35740066224596495,0.20104805752197408
75,4,000000000000000002dc,crop_loss,41.713111520042474,0.6406759482878018,0.07562833566587557
75,4,000000000000000002e4,crop_loss,39.28249343504895,0.2951208578407425,0.08166423449962659
75,4,000000000000000002ec,crop_loss,38.93281133928504,0.5165519684092975,0.1398803846018854
75,4,00000000000000000314,crop_loss,24.068022755516214,0.09185874326424062,0.09769393211582822
75,4,00000000000000000335,crop_loss,32.95268069626862,0.4781734216636815,0.09088975486358314
75,4,0000000000000000033a,crop_loss,28.207095346572373,0.5376378365463481,0.10134280641501803
75,4,000000000000000003b0,crop_loss,41.401907343188974,0.23190099834001338,0.11577580857603084
75,4,000000000000000003f1,crop_loss,37.87415281588853,0.4704071204889155,0.08042433249572539
75,4,000000000000000003f2,crop_loss,28.556825888409058,0.46254464673629747,0.08342370805002203
75,4,0000000000000000044b,crop_loss,12.778697759009196,0.5604544895985009,0.042230382133103816
75,4,00000000000000000480,crop_loss,9.378618752563911,0.871514398102121,0.06532068665522839
75,4,00000000000000000485,crop_loss,34.68334411145669,0.7167356689165398,0.045836200708333386
75,4,00000000000000000497,crop_loss,31.13422630711104,0.23018227090847865,0.13321267210231008
75,4,0000000000000000049b,crop_loss,33.19128836077843,0.34665764255204706,0.041501306167381014
75,4,000000000000000004a1,crop_loss,35.48176555704039,0.35601694033447234,0.09653178208507163
75,4,000000000000000004e7,crop_loss,23.441102574001007,0.48825943067862376,0.05102405427496137
75,4,000000000000000004e9,crop_loss,15.947787620541824,0.3721566760219246,0.160258307653459
75,4,000000000000000004f9,crop_loss,35.97698530123819,0.3370622362026843,0.09274435847123075
75,4,00000000000000000517,crop_loss,24.81883057741854,0.2940388381521715,0.19435366933411657
75,4,00000000000000000538,crop_loss,1.0646742411319785,0.30862890867507137,0.03747669192033598
75,4,0000000000000000057e,crop_loss,3.9390582121964304,0.5498563588939243,0.047722126026954914
75,4,000000000000000005d1,crop_loss,16.530761620332697,0.13828953287315995,0.07250715847455948
75,4,00000000000000000632,crop_loss,13.668016758941588,0.08344606851484752,0.03297789167982563
75,4,0000000000000000063e,crop_loss,35.32741528149622,0.2902098209033194,0.07463653172710771
75,4,00000000000000000655,crop_loss,27.729709170002042,0.5463276176104238,0.23336487211680212
75,4,00000000000000000697,crop_loss,41.43382063384534,0.6175191697917825,0.10191267830784623
75,4,00000000000000000698,crop_loss,18.724569616012857,0.411500801525539,0.13242384632556153
75,4,000000000000000006a8,crop_loss,41.62714908542213,0.28391320079577276,0.11052974876088648
75,4,000000000000000006b4,crop_loss,39.39637160884433,0.5502517771125741,0.09705108588277067
75,4,000000000000000006be,crop_loss,13.979781556304149,0.4013606192917532,0.07077768916194621
75,4,000000000000000006c0,crop_loss,3.134433106130861,0.2176427941111625,0.08142805508136505
75,4,000000000000000006cc,crop_loss,23.10908536633439,0.3489208908634444,0.06627957708418991
75,4,000000000000000006ce,crop_loss,20.137701015463662,0.5737439030962439,0.14971227953680688
75,4,000000000000000006d9,crop_loss,30.891131550222898,0.20188474275796922,0.07950442187833379
75,4,000000000000000006e5,crop_loss,36.53328918663109,0.5584878699882898,0.12135812611472907
75,4,00000000000000000151,built_loss,9.45033842036734,0.27608965488928533,0.053189464053352065
75,4,0000000000000000034d,built_loss,5.410560584472774,0.41569079780682155,0.057988574796442205
75,4,000000000000000003c7,crop_loss,25.33965560387507,0.7516299758953524,0.07438330051873154
75,4,00000000000000000176,built_loss,20.807438430269297,0.6474947529730772,0.08309127876018119
75,4,000000000000000003d2,built_loss,41.086650845474466,0.6156719838660162,0.12690366141982456
75,4,00000000000000000490,built_loss,38.169127015686946,0.6662443627429898,0.09667176870358574
75,4,000000000000000005ad,built_loss,30.347623411881507,0.6886995522706338,0.06224835139715579
75,4,00000000000000000624,built_loss,4.550599182871053,0.4632007285513608,0.0795181949169857
75,4,0000000000000000002d,crop_loss,39.02989091346119,0.4637456323156831,0.07179400577255418
75,4,0000000000000000009d,crop_loss,7.733011093875755,0.3734639793717799,0.08596305096463319
75,4,00000000000000000192,crop_loss,36.03364041134778,0.5750976169170118,0.03813338861103521
75,4,000000000000000003c8,crop_loss,32.99291497081288,0.184312209891509,0.0755182322836633
75,4,0000000000000000046c,crop_loss,32.931200492800855,0.5184146919755013,0.12023562254283654
75,4,00000000000000000483,crop_loss,11.596869649939395,0.6721828891362478,0.11333401444974411
75,4,000000000000000004ee,crop_loss,19.709448200937373,0.2971275056839214,0.16560443153477394
75,4,00000000000000000611,crop_loss,36.73405654949692,0.6789946646499039,0.06811549314189758
75,4,0000000000000000062f,crop_loss,34.06951796933282,0.5125678657998269,0.16773589513925635
75,5,00000000000000000085,built_loss,13.15469739232822,0.334596107676737,0.12459984531362811
75,5,00000000000000000114,built_loss,24.442302393498988,0.6864252889544328,0.08436039851882227
75,5,0000000000000000024c,built_loss,24.65507163642811,0.7126210128816559,0.06447514932381448
75,5,00000000000000000375,built_loss,30.865262587982194,0.6555448902472977,0.08567425028399023
75,5,000000000000000004d2,built_loss,28.370669206647005,0.5624493203769431,0.25725197408520367
75,5,000000000000000005bd,built_loss,5.117112991145308,0.545309937471768,0.10558092557120796
75,5,00000000000000000281,crop_loss,36.885079278843804,0.5357513929674533,0.061954960744679766
75,5,000000000000000003a2,crop_loss,28.60525920537034,0.2910353463299214,0.09799987144787697
75,5,00000000000000000001,built_loss,24.660219145079726,0.4868369009612425,0.0755686433380926
75,5,00000000000000000049,built_loss,4.601809380629941,0.44414249297773384,0.06815503349133112
75,5,0000000000000000004a,built_loss,10.656197205234578,0.4440003453330945,0.03649659313550069
75,5,0000000000000000004f,built_loss,32.67401502645715,0.48460852496848944,0.12210722908200344
75,5,0000000000000000005a,built_loss,28.23585649251668,0.45144450828011706,0.050429881907656515
75,5,00000000000000000079,built_loss,44.87122344106454,0.6310530582610562,0.07468730873865526
75,5,00000000000000000087,built_loss,40.59849075782876,0.5929414567175546,0.13470656555494076
75,5,000000000000000000a1,built_loss,8.115346248313402,0.46493666053002625,0.0538782775701277
75,5,000000000000000000b8,built_loss,9.849426853166449,0.5472474314026606,0.16484716507973363
75,5,000000000000000000c0,built_loss,28.997574429666642,0.6489349428061233,0.07455635818262996
75,5,000000000000000000e2,built_loss,16.84759787711432,0.4359745869271429,0.15509070935479446
75,5,000000000000000000f0,built_loss,24.138366561341552,0.662066945347899,0.09520047288410083
75,5,000000000000000000f8,built_loss,36.117052049892166,0.5585034537679173,0.10074763015061206
75,5,0000000000000000011c,built_loss,6.865420332645835,0.7283249876668965,0.06469638395410082
75,5,00000000000000000161,built_loss,34.37073984256466,0.6721012829647011,0.0804077642796629
75,5,0000000000000000016a,built_loss,9.048007270374292,0.2660200008671094,0.07208193823329773
75,5,000000000000000001a8,built_loss,39.12273989976688,0.5060787631073078,0.08485598860680948
75,5,000000000000000001be,built_loss,5.408471004502325,0.4955212526517684,0.09520074515079763
75,5,000000000000000001cd,built_loss,33.00236033517733,0.7596750488456876,0.09603949689702795
75,5,000000000000000001e5,built_loss,16.654282101906166,0.5936466389158516,0.0926384837274602
75,5,00000000000000000206,built_loss,38.950050845384816,0.6998772586189125,0.10346169149121498
75,5,00000000000000000209,built_loss,44.688166943747056,0.5798666369758261,0.10628190098988788
75,5,00000000000000000231,built_loss,38.548786162007694,0.5154053918721891,0.08067864727146096
75,5,0000000000000000026d,built_loss,28.47920861586056,0.5923434576998908,0.10755927534873588
75,5,00000000000000000278,built_loss,35.1747333671028,0.8018237611319313,0.08197741848917217
75,5,00000000000000000293,built_loss,23.981655307748067,0.5244703193153231,0.08531840116702016
75,5,000000000000000002a4,built_loss,9.966745452046442,0.40379199710336827,0.07397372871229774
75,5,00000000000000000316,built_loss,2.0837378746878064,0.12462429963207936,0.021411433909264546
75,5,00000000000000000356,built_loss,31.700695196268445,0.48249316784901497,0.1805577933471494
75,5,00000000000000000362,built_loss,38.57248426005141,0.5905200100582464,0.08873650186770499
75,5,00000000000000000363,built_loss,22.796883000195603,0.25061112152846565,0.0708835764150682
75,5,00000000000000000364,built_loss,39.61790299836145,0.6008084839077247,0.09769856939484245
75,5,00000000000000000380,built_loss,28.488474390286648,0.5029597389993155,0.08764557801441697
75,5,00000000000000000384,built_loss,16.836052459121156,0.5807644919049317,0.06804342179688327
75,5,0000000000000000039e,built_loss,7.348926537936881,0.4875221604902952,0.06717637202012267
75,5,000000000000000003a1,built_loss,16.852314685283915,0.6500375707383779,0.09496962803045539
75,5,000000000000000003a5,built_loss,21.24400027882207,0.44889410297433263,0.13521484322022792
75,5,000000000000000003b7,built_loss,15.063403207368875,0.4866336000694096,0.08171605616972494
75,5,000000000000000003bf,built_loss,36.961619119268036,0.535679173230732,0.06043129189314955
75,5,000000000000000003f8,built_loss,7.011064200338325,0.21718852318571855,0.04770712309917713
75,5,000000000000000003fa,built_loss,34.81896582434222,0.45667768984361046,0.07571963284549976
75,5,00000000000000000407,built_loss,38.855278676856784,0.5318769743572265,0.09230879904201772
75,5,0000000000000000040f,built_loss,26.1110838004907,0.5079536212451871,0.03954226463776994
75,5,00000000000000000426,built_loss,26.617877196330028,0.5475865747137163,0.06639083447209071
75,5,0000000000000000042b,built_loss,31.55024852331862,0.5731206007932933,0.09125296133225558
75,5,00000000000000000442,built_loss,4.297771532899723,0.31187232805444803,0.2736400583608651
75,5,00000000000000000465,built_loss,38.98557005258159,0.6397296967890277,0.06472228199342156
75,5,0000000000000000047e,built_loss,20.134716368862186,0.5261922362803497,0.0946731427623605
75,5,000000000000000004c0,built_loss,35.397852330341294,0.664047652361544,0.06224605258753446
75,5,000000000000000004c5,built_loss,13.203836119071758,0.5611067698822009,0.08424767500454056
75,5,000000000000000004d9,built_loss,32.4903001782946,0.54318191012304,0.05667930408942068
75,5,000000000000000004eb,built_loss,34.638694985016436,0.44085312884149686,0.05516614783791701
75,5,000000000000000004f5,built_loss,7.761046367626897,0.51880877205932,0.08827147919413936
75,5,000000000000000004f7,built_loss,7.354581646984141,0.46822468463022093,0.04248256122821398
75,5,000000000000000004fe,built_loss,15.91833053409036,0.4920766855714648,0.05875097090816128
75,5,0000000000000000051d,built_loss,24.13218699797669,0.4764099319099774,0.18280934077842587
75,5,00000000000000000559,built_loss,28.849380340826063,0.6882877860237621,0.07847559429212647
75,5,00000000000000000576,built_loss,8.566759070889692,0.27372112295471424,0.06978213884159457
75,5,00000000000000000577,built_loss,10.214911433026092,0.4837156700433441,0.12521709009357423
75,5,0000000000000000057f,built_loss,2.156219167787838,0.4335827287391948,0.07428465786450539
75,5,00000000000000000594,built_loss,15.761260915358905,0.5389543960513032,0.1806784830115416
75,5,000000000000000005bf,built_loss,27.03039038758104,0.3952186244402607,0.08703815036023221
75,5,000000000000000005cc,built_loss,11.121864165959296,0.3472351551342115,0.05581336652678731
75,5,000000000000000005de,built_loss,32.48127807512034,0.4278747986936832,0.037975598662656984
75,5,000000000000000005e7,built_loss,36.70238238300392,0.6696418096875979,0.11152152585303066
75,5,000000000000000005f9,built_loss,16.479075885227033,0.607422475674327,0.12257147324374296
75,5,0000000000000000061c,built_loss,19.346074219638002,0.4182782146066235,0.09012182246265271
75,5,00000000000000000626,built_loss,25.873915980878373,0.48931994154638636,0.05166640561909425
75,5,0000000000000000062a,built_loss,29.930594981395927,0.5630495126810204,0.08840120106984095
75,5,00000000000000000636,built_loss,21.871711183346974,0.4508720442915104,0.1749147456143786
75,5,0000000000000000064a,built_loss,3.333038366564939,0.2901357733061442,0.047233477996694695
75,5,0000000000000000064d,built_loss,12.649010181839248,0.44482949512315817,0.11275123218577826
75,5,00000000000000000694,built_loss,24.41628286804495,0.388787257537723,0.04329739336238381
75,5,0000000000000000069d,built_loss,35.77945903084967,0.6510440499856187,0.08125693855976357
75,5,000000000000000006b7,built_loss,24.765782825515902,0.4541805281444051,0.040034298539732616
75,5,000000000000000006df,built_loss,15.897540997001535,0.26219801471913856,0.1405578838262174
75,5,000000000000000006e3,built_loss,23.363544726037272,0.43018516080577085,0.10410225006137691
75,5,00000000000000000011,crop_loss,31.79804303285069,0.7518998145964264,0.3670410820683009
75,5,0000000000000000002b,crop_loss,37.66780177160739,0.19267574383138422,0.15902605456973587
75,5,0000000000000000003a,crop_loss,36.547853166048164,0.2821121719448752,0.09893921262854738
75,5,0000000000000000009b,crop_loss,15.443474616133583,0.491664708817627,0.022236214620097783
75,5,000000000000000000a8,crop_loss,26.12862479736738,0.2151658455509065,0.03788576694066717
75,5,000000000000000000da,crop_loss,22.39755834446653,0.7303550999891313,0.08125915532732753
75,5,000000000000000000e3,crop_loss,36.297535242642766,0.533495471852421,0.09621539965380699
75,5,000000000000000000e9,crop_loss,4.841461399942034,0.42639368325466875,0.1335890585070149
75,5,0000000000000000011b,crop_loss,26.612250402355052,0.47095073486102346,0.04367944110827332
75,5,00000000000000000128,crop_loss,27.257126881630345,0.5441694653267023,0.032382114425420716
75,5,0000000000000000016c,crop_loss,37.84877961008654,0.5052769858547771,0.10694973196864893
75,5,00000000000000000196,crop_loss,17.370646149919573,0.23086336824092524,0.0486183838870084
75,5,000000000000000001a6,crop_loss,34.14215831153005,0.2706000084536473,0.10781724076800867
75,5,000000000000000001e4,crop_loss,34.4677009132529,0.4925323656076499,0.05240066871506788
75,5,000000000000000001f9,crop_loss,39.67192055677686,0.5177043225536897,0.28247273528512346
75,5,00000000000000000228,crop_loss,21.478602182412118,0.5211182322597548,0.12280826224870589
75,5,0000000000000000028c,crop_loss,4.233101879989037,0.3148511145099406,0.07095299260266918
75,5,0000000000000000028d,crop_loss,27.151294032052277,0.6784353125096384,0.09904256442380133
75,5,00000000000000000291,crop_loss,16.984247393439524,0.8830258894923517,0.03126989572240413
75,5,000000000000000002c5,crop_loss,23.462074008567843,0.36409352342399665,0.10162654544693722
75,5,000000000000000002cc,crop_loss,16.872709912722,0.36580780876236013,0.22281865568199039
75,5,000000000000000002dc,crop_loss,42.656652550056755,0.630574307100265,0.09716722974551495
75,5,000000000000000002e4,crop_loss,36.37539714519944,0.32124989676847243,0.15271322703928725
75,5,000000000000000002ec,crop_loss,40.043743636553266,0.49727869154525484,0.12477203876082388
75,5,00000000000000000314,crop_loss,24.5638929974403,0.0582318909606805,0.07193885070009391
75,5,00000000000000000335,crop_loss,39.86884950389945,0.4502620369329294,0.09425677110152442
75,5,0000000000000000033a,crop_loss,22.10192999107441,0.47792174850123614,0.08597399830790037
75,5,000000000000000003b0,crop_loss,37.46599686808542,0.21032373036136082,0.06788664173186995
75,5,000000000000000003f1,crop_loss,39.85591452857141,0.4715084501356349,0.12002907965746562
75,5,000000000000000003f2,crop_loss,33.44006260775604,0.42561336783102166,0.06806151274177175
75,5,0000000000000000044b,crop_loss,12.425418365924854,0.5749132048463013,0.0622051523431042
75,5,00000000000000000480,crop_loss,10.675535802927682,0.8464645265001672,0.09274679663691043
75,5,00000000000000000485,crop_loss,34.20561295876467,0.6997353233454092,0.047629722601843505
75,5,00000000000000000497,crop_loss,37.60156719551399,0.21208124775292964,0.0760782702293652
75,5,0000000000000000049b,crop_loss,29.12687090526201,0.35056284928008585,0.055769700950231704
75,5,000000000000000004a1,crop_loss,33.04987489609748,0.3529746153240122,0.08943883236729494
75,5,000000000000000004e7,crop_loss,23.182072694396965,0.49257392332483424,0.0389177032259973
75,5,000000000000000004e9,crop_loss,16.152616836273452,0.3862818237418956,0.17245015098562155
75,5,000000000000000004f9,crop_loss,31.818247440996572,0.41168520266908054,0.19120131728372042
75,5,00000000000000000517,crop_loss,26.63389252713868,0.29468211844298053,0.16684136785351164
75,5,00000000000000000538,crop_loss,1.070279538351539,0.3042937543952949,0.04545566358993208
75,5,0000000000000000057e,crop_loss,4.054460564519612,0.5412224962392677,0.04880019924995016
75,5,000000000000000005d1,crop_loss,16.608003122785608,0.1594235972910029,0.07770069683043326
75,5,00000000000000000632,crop_loss,12.293325448881907,0.07017634422382682,0.03058410150316998
75,5,0000000000000000063e,crop_loss,36.44649700858245,0.3122049722615813,0.09722459317219545
75,5,00000000000000000655,crop_loss,27.882242800220904,0.44052133210303746,0.260215807017676
75,5,00000000000000000697,crop_loss,43.1038253803951,0.5715778931178221,0.08863435353559623
75,5,00000000000000000698,crop_loss,16.446515229864147,0.41413440421552555,0.07335029734486426
75,5,000000000000000006a8,crop_loss,40.34563244759107,0.34582933600951826,0.12891655571629562
75,5,000000000000000006b4,crop_loss,40.497602071148364,0.5481069538749928,0.13175624567104516
75,5,000000000000000006be,crop_loss,14.715228701338582,0.41057141344488646,0.13233660920192358
75,5,000000000000000006c0,crop_loss,3.1923362288733097,0.19595996313525402,0.08520819547599218
75,5,000000000000000006cc,crop_loss,22.830069879263366,0.35518225916788015,0.07316437010640398
75,5,000000000000000006ce,crop_loss,23.237582205147802,0.5187109262417947,0.12903333623893537
75,5,000000000000000006d9,crop_loss,27.705615307756187,0.2164667833609087,0.07549563868578524
75,5,000000000000000006e5,crop_loss,38.095880808006115,0.5209675759457052,0.12177572470130538
75,5,00000000000000000151,built_loss,6.503996076581801,0.25632524193790057,0.0632582307333742
75,5,0000000000000000034d,built_loss,6.625385349046266,0.4048632441650619,0.048421460109419445
75,5,000000000000000003c7,crop_loss,26.141070582058813,0.7246571990400303,0.0742401178931743
75,5,00000000000000000176,built_loss,24.257811645861022,0.6637534184942435,0.054645825238567425
75,5,000000000000000003d2,built_loss,39.474996800559566,0.6130060309083086,0.11941650895649536
75,5,00000000000000000490,built_loss,41.24836046354414,0.6478718126256563,0.07537959437846153
75,5,000000000000000005ad,built_loss,31.434304605099992,0.6720245087930105,0.08931091163241378
75,5,00000000000000000624,built_loss,4.607131436272634,0.45924229768942304,0.10240541618025512
75,5,0000000000000000002d,crop_loss,44.931378883524516,0.4850135179370698,0.06359244258507879
75,5,0000000000000000009d,crop_loss,5.463423188132316,0.39066348950697566,0.09457426778091044
75,5,00000000000000000192,crop_loss,37.67199799525599,0.565815892879352,0.04690261311794108
75,5,000000000000000003c8,crop_loss,34.09695460325761,0.1872026037024734,0.06480885210600204
75,5,0000000000000000046c,crop_loss,39.25599723875736,0.5121453400791383,0.2848742552094631
75,5,00000000000000000483,crop_loss,12.267652750321751,0.6654571028851765,0.1081294092650793
75,5,000000000000000004ee,crop_loss,18.23524268724577,0.36049984970158017,0.18610495948053024
75,5,00000000000000000611,crop_loss,36.92704637015332,0.6173066122381763,0.0784137349914954
75,5,0000000000000000062f,crop_loss,39.30049296760194,0.5136149674235926,0.19128153496153416
75,6,00000000000000000085,built_loss,15.770829701108505,0.36240843669242084,0.07358260285670365
75,6,00000000000000000114,built_loss,27.114212213670893,0.6933422532988895,0.08041686941395854
75,6,0000000000000000024c,built_loss,21.23848433775086,0.7121640391091052,0.07137044479012988
75,6,00000000000000000375,built_loss,29.534736923782663,0.665358070659299,0.09905773741703117
75,6,000000000000000004d2,built_loss,26.247352722062065,0.7128911160107481,0.3601465319674275
75,6,000000000000000005bd,built_loss,4.319929424445935,0.5787595047985366,0.10085914900058768
75,6,00000000000000000281,crop_loss,35.81345134419146,0.5016548790718802,0.06423950062188027
75,6,000000000000000003a2,crop_loss,26.794988272895164,0.32632838343257403,0.12437038675034856
75,6,00000000000000000001,built_loss,22.21951851033757,0.4500584895672667,0.07445489001700517
75,6,00000000000000000049,built_loss,4.067054294954647,0.49520683877778354,0.05528040117367389
75,6,0000000000000000004a,built_loss,11.547788915895396,0.449145956004671,0.036918556840630834
75,6,0000000000000000004f,built_loss,31.78979574848701,0.43157219058374324,0.11316554545801177
75,6,0000000000000000005a,built_loss,30.17897681874907,0.45630152599889384,0.051225707350934235
75,6,00000000000000000079,built_loss,45.67759066151874,0.6244518493205534,0.07870061196982825
75,6,00000000000000000087,built_loss,38.8313237399367,0.6003345062577886,0.13462822515322304
75,6,000000000000000000a1,built_loss,9.252206860325531,0.4459212583444564,0.0680110013031488
75,6,000000000000000000b8,built_loss,10.222021585964734,0.5006802370088603,0.17581581790639683
75,6,000000000000000000c0,built_loss,32.717418119592,0.6331229276920065,0.07387091704998439
75,6,000000000000000000e2,built_loss,17.11380012881482,0.3766612063842171,0.10301428599091128
75,6,000000000000000000f0,built_loss,30.704753594483375,0.6530145905271386,0.139145864957669
75,6,000000000000000000f8,built_loss,40.670603075595864,0.49041163959981926,0.0964708298193725
75,6,0000000000000000011c,built_loss,6.673822245612376,0.730292628473115,0.07526707701065871
75,6,00000000000000000161,built_loss,34.452929440797284,0.651386462066854,0.08038253039202148
75,6,0000000000000000016a,built_loss,9.413802395358246,0.22374016066681437,0.07710039208834657
75,6,000000000000000001a8,built_loss,38.540647828990075,0.5369655333513064,0.09443048850577518
75,6,000000000000000001be,built_loss,6.692297930256134,0.4910698220913122,0.09657032802848536
75,6,000000000000000001cd,built_loss,35.10711950159588,0.7553179244524708,0.10202138711726971
75,6,000000000000000001e5,built_loss,18.02756458162779,0.5512995195236449,0.08962272369074453
75,6,00000000000000000206,built_loss,30.28041424427506,0.7474172418935238,0.05972224422468608
75,6,00000000000000000209,built_loss,42.48711639908071,0.6392443277822125,0.10937338409427422
75,6,00000000000000000231,built_loss,39.40774723943675,0.5589852931357909,0.08563944769449072
75,6,0000000000000000026d,built_loss,23.803073404186364,0.61066651759206,0.10120281192865188
75,6,00000000000000000278,built_loss,35.63777418331335,0.788584818024663,0.07672449743409149
75,6,00000000000000000293,built_loss,22.252212278727864,0.5092930127741384,0.07312143208488547
75,6,000000000000000002a4,built_loss,11.714197977098983,0.3859307724189122,0.07326798872069579
75,6,00000000000000000316,built_loss,2.047271951879659,0.11978739971701437,0.027303826412336904
75,6,00000000000000000356,built_loss,30.158632764085333,0.5407595213298818,0.19380205902660796
75,6,00000000000000000362,built_loss,39.228420931352204,0.5443869290116171,0.0968258261925925
75,6,00000000000000000363,built_loss,22.759325912997465,0.2611119228099323,0.07249697680983491
75,6,00000000000000000364,built_loss,44.43343347421371,0.613750079022301,0.08221484315196703
75,6,00000000000000000380,built_loss,30.65072788486791,0.4826046674653286,0.07551549635291688
75,6,00000000000000000384,built_loss,15.839633206292106,0.5954443074978685,0.06164403579619804
75,6,0000000000000000039e,built_loss,9.470992624254682,0.5187190784697842,0.05955168948328293
75,6,000000000000000003a1,built_loss,17.769975272407773,0.6229598131693859,0.07458958071262523
75,6,000000000000000003a5,built_loss,22.092208652714834,0.4374647186636141,0.14794436942628614
75,6,000000000000000003b7,built_loss,18.43727519412748,0.48889614180874963,0.07418869550919666
75,6,000000000000000003bf,built_loss,36.621882392605514,0.5561393679977462,0.07559025737259406
75,6,000000000000000003f8,built_loss,7.152918355147674,0.22045507197812306,0.042301755778864414
75,6,000000000000000003fa,built_loss,39.58230006299799,0.41073446774283573,0.07562049739959259
75,6,00000000000000000407,built_loss,39.508601903273004,0.5506748186402107,0.09584865585304625
75,6,0000000000000000040f,built_loss,27.30061503852446,0.5155641773461596,0.03766930433721438
75,6,00000000000000000426,built_loss,29.595127186048774,0.5702807886605414,0.061522264525116555
75,6,0000000000000000042b,built_loss,32.10701275897906,0.5735497962978952,0.0868156673660121
75,6,00000000000000000442,built_loss,3.958864054674079,0.35295409738841205,0.13782547896173997
75,6,00000000000000000465,built_loss,37.211252521721015,0.6135842904725813,0.08347848566080163
75,6,0000000000000000047e,built_loss,17.063137845714103,0.5406810729780592,0.08071650096213268
75,6,000000000000000004c0,built_loss,34.07262455060122,0.6363088452742016,0.07551560234388721
75,6,000000000000000004c5,built_loss,13.672222057755093,0.5815111680765322,0.10728662579311732
75,6,000000000000000004d9,built_loss,29.949865060606655,0.5680883731341557,0.05870833509377804
75,6,000000000000000004eb,built_loss,38.34639265765327,0.43873236485102846,0.051337513483841635
75,6,000000000000000004f5,built_loss,8.439647163123704,0.4751095608419989,0.08067430882992921
75,6,000000000000000004f7,built_loss,7.25143063550581,0.48468809359608744,0.041091891786939616
75,6,000000000000000004fe,built_loss,14.17934770733942,0.512381295177476,0.04429759394254318
75,6,0000000000000000051d,built_loss,22.568739719943547,0.482022292768698,0.19660833162606728
75,6,00000000000000000559,built_loss,32.61931413591452,0.7183931341673656,0.07309803319079144
75,6,00000000000000000576,built_loss,7.2147899808273115,0.276342874558264,0.09267303998498905
75,6,00000000000000000577,built_loss,9.74615783432839,0.5086997855338186,0.11233646984371054
75,6,0000000000000000057f,built_loss,2.190183885494961,0.396042956766295,0.11327772262193336
75,6,00000000000000000594,built_loss,20.43737278245685,0.47996809304026433,0.229044500792987
75,6,000000000000000005bf,built_loss,27.197241844898,0.40123364247429594,0.07607870160722319
75,6,000000000000000005cc,built_loss,9.73075780797746,0.3510132907320531,0.045451289469686906
75,6,000000000000000005de,built_loss,32.63820888070558,0.42300063721941894,0.05359326777663348
75,6,000000000000000005e7,built_loss,31.91720663494903,0.6320670999910888,0.10916237295939135
75,6,000000000000000005f9,built_loss,15.929238769421286,0.6636813195211534,0.09797195040149265
75,6,0000000000000000061c,built_loss,21.95894235782836,0.40772667316300054,0.08814145266761714
75,6,00000000000000000626,built_loss,28.662525122220554,0.49568633399061207,0.04916340023337756
75,6,0000000000000000062a,built_loss,32.2428998166879,0.5868968141350722,0.09024529518600988
75,6,00000000000000000636,built_loss,24.314210049265494,0.4447100666539392,0.20635287164566873
75,6,0000000000000000064a,built_loss,3.6792903960512375,0.3103047547801768,0.037998921402367325
75,6,0000000000000000064d,built_loss,13.793162238907573,0.43252326781549744,0.07856081843913881
75,6,00000000000000000694,built_loss,25.89778941580277,0.3877965464470594,0.037812843613764135
75,6,0000000000000000069d,built_loss,33.055480664256244,0.6618030450384865,0.0694415692324557
75,6,000000000000000006b7,built_loss,26.7132680706569,0.4610217520457057,0.055780260609709365
75,6,000000000000000006df,built_loss,16.502874007448643,0.2560341929806086,0.11892546729585196
75,6,000000000000000006e3,built_loss,25.06438612869347,0.4058499327439672,0.11811238661844298
75,6,00000000000000000011,crop_loss,38.23217200475637,0.8013830207414014,0.28361008865906756
75,6,0000000000000000002b,crop_loss,32.530599388382726,0.20971553784122526,0.17523329994907452
75,6,0000000000000000003a,crop_loss,35.201380004851195,0.2938175287757225,0.10866545865851479
75,6,0000000000000000009b,crop_loss,14.550578136069824,0.49917712165577927,0.021815756385765273
75,6,000000000000000000a8,crop_loss,25.134274442039864,0.20536139583828034,0.040223138762263605
75,6,000000000000000000da,crop_loss,26.758669435356268,0.766670824258335,0.06690169684477876
75,6,000000000000000000e3,crop_loss,42.013263455534485,0.4843958826598129,0.09325997992232238
75,6,000000000000000000e9,crop_loss,4.784825857412678,0.4298359509798872,0.16220631992166507
75,6,0000000000000000011b,crop_loss,25.663126999839697,0.49283597905597104,0.046261870341422706
75,6,00000000000000000128,crop_loss,30.43581966945678,0.5339083521913188,0.03745675227439671
75,6,0000000000000000016c,crop_loss,34.90349614660323,0.45115030083459806,0.0816372838714497
75,6,00000000000000000196,crop_loss,17.446673767350504,0.2646262893494497,0.06130489500103148
75,6,000000000000000001a6,crop_loss,33.32866633632287,0.3164257707605867,0.12582851992336697
75,6,000000000000000001e4,crop_loss,30.69238201635274,0.45992986691834276,0.06901477145229806
75,6,000000000000000001f9,crop_loss,39.23848739088363,0.525708722920722,0.3756497612847139
75,6,00000000000000000228,crop_loss,23.157134632273163,0.5384723301800239,0.1636805873716191
75,6,0000000000000000028c,crop_loss,3.932831017252688,0.3006480600723571,0.0667038370977936
75,6,0000000000000000028d,crop_loss,30.921898303816164,0.6378870660067066,0.08789436229934633
75,6,00000000000000000291,crop_loss,13.624715938559893,0.8849514137687057,0.037538422071832
75,6,000000000000000002c5,crop_loss,24.555506418828234,0.37252993854158706,0.10421210102226652
75,6,000000000000000002cc,crop_loss,16.26440262207274,0.41705815751938036,0.2467738457195146
75,6,000000000000000002dc,crop_loss,37.85108279611727,0.6529778312441399,0.0927156245877101
75,6,000000000000000002e4,crop_loss,39.02879776354115,0.30226898494279125,0.11001950465592858
75,6,000000000000000002ec,crop_loss,38.20386552147448,0.4699983081494966,0.09809080579854346
75,6,00000000000000000314,crop_loss,24.51665125228961,0.08131817335905762,0.1057686579523841
75,6,00000000000000000335,crop_loss,38.22262578356,0.44137376301991976,0.08685730489299814
75,6,0000000000000000033a,crop_loss,27.749312119025234,0.5145791600106583,0.11413746723346796
75,6,000000000000000003b0,crop_loss,36.05920916068745,0.1993794035375143,0.10231872671565259
75,6,000000000000000003f1,crop_loss,39.987224649263936,0.4754820048527426,0.08621136509816113
75,6,000000000000000003f2,crop_loss,28.049242700623985,0.48697200591411904,0.07759914529026873
75,6,0000000000000000044b,crop_loss,13.742825380920033,0.5572067313600696,0.050483790898904424
75,6,00000000000000000480,crop_loss,9.718856078981402,0.8705221032159824,0.24753361124326378
75,6,00000000000000000485,crop_loss,34.89623834665988,0.6958481625937067,0.05153431522339946
75,6,00000000000000000497,crop_loss,32.21973880194998,0.22325947450375613,0.1260738568393797
75,6,0000000000000000049b,crop_loss,32.751919935520476,0.35472703557819135,0.05563087135962941
75,6,000000000000000004a1,crop_loss,34.94278947824116,0.33298148692253066,0.08162777726926679
75,6,000000000000000004e7,crop_loss,21.62560035398484,0.4844363170830252,0.048697087592754984
75,6,000000000000000004e9,crop_loss,14.707269444073015,0.4019911418529521,0.19208570231831235
75,6,000000000000000004f9,crop_loss,32.85823082900137,0.33398113986221706,0.12965971761015566
75,6,00000000000000000517,crop_loss,26.310003351455485,0.26488323646559253,0.13492321656219258
75,6,00000000000000000538,crop_loss,1.0735743100781723,0.3159024824077067,0.05394448279339198
75,6,0000000000000000057e,crop_loss,3.9902244679219208,0.5520516799811528,0.04042113115733903
75,6,000000000000000005d1,crop_loss,15.776913674967473,0.16006644751764562,0.06660731073154555
75,6,00000000000000000632,crop_loss,12.714437962046944,0.07373858003913372,0.026301298906368224
75,6,0000000000000000063e,crop_loss,34.12145090479664,0.299749616274832,0.06430915933111775
75,6,00000000000000000655,crop_loss,24.407862617604412,0.5731958958300143,0.23100752371300437
75,6,00000000000000000697,crop_loss,42.35935920355702,0.5850560135349188,0.08965500454032449
75,6,00000000000000000698,crop_loss,19.211984340811746,0.38411777094877964,0.07667690278470801
75,6,000000000000000006a8,crop_loss,37.777927797194856,0.3647270989323447,0.13074755050540893
75,6,000000000000000006b4,crop_loss,39.37915569237121,0.5278931452743713,0.14205639678722787
75,6,000000000000000006be,crop_loss,13.431509012150341,0.42094972707024153,0.09113570293175555
75,6,000000000000000006c0,crop_loss,2.92781023843118,0.21099971755863234,0.08466155156650604
75,6,000000000000000006cc,crop_loss,24.472333092401318,0.3347533604119351,0.07397339223885158
75,6,000000000000000006ce,crop_loss,23.47682021478333,0.5732450023658764,0.10769595241740948
75,6,000000000000000006d9,crop_loss,37.87477118537866,0.18960052953761564,0.054645267602503794
75,6,000000000000000006e5,crop_loss,37.28728244306487,0.5865667674007302,0.11121248139190787
75,6,00000000000000000151,built_loss,6.78950197960461,0.25340321212941586,0.06844994532243565
75,6,0000000000000000034d,built_loss,6.449120415511953,0.42010683750934313,0.0460474669888602
75,6,000000000000000003c7,crop_loss,24.256545682091748,0.7076778518149749,0.08646552963786613
75,6,00000000000000000176,built_loss,28.35592942472983,0.6501752099107413,0.09170389153592062
75,6,000000000000000003d2,built_loss,36.65133846155925,0.5842037773576966,0.09962029249500559
75,6,00000000000000000490,built_loss,42.69760604893205,0.6598788802755247,0.09947945671757752
75,6,000000000000000005ad,built_loss,33.9666402421807,0.6630929101560905,0.08174988093776436
75,6,00000000000000000624,built_loss,5.460649745911512,0.48128099565883115,0.09902923322711293
75,6,0000000000000000002d,crop_loss,39.75859723758986,0.44217891163560713,0.0685834665111637
75,6,0000000000000000009d,crop_loss,6.920554605515606,0.3831988193809929,0.12451003934894667
75,6,00000000000000000192,crop_loss,35.948428184944234,0.5755059388761594,0.04001875269718436
75,6,000000000000000003c8,crop_loss,33.66344916208046,0.19119478529981015,0.09435463677833242
75,6,0000000000000000046c,crop_loss,38.08846106047271,0.5212797330411458,0.11861660287565146
75,6,00000000000000000483,crop_loss,12.28117339310286,0.6503348381396433,0.12707629198464487
75,6,000000000000000004ee,crop_loss,19.677388304132723,0.4074989630993608,0.1953184134296801
75,6,00000000000000000611,crop_loss,38.880543610697686,0.6743345560411488,0.07187337441895314
75,6,0000000000000000062f,crop_loss,37.25414556735739,0.5617243121131653,0.15181050246204253
75,7,00000000000000000085,built_loss,16.01422978110485,0.3683817460468077,0.1083054405578201
75,7,00000000000000000114,built_loss,25.229621283682974,0.7006502181320561,0.09260137945524649
75,7,0000000000000000024c,built_loss,25.73568674011018,0.71083211405868,0.09618921921525492
75,7,00000000000000000375,built_loss,29.792156127692767,0.6392375462442413,0.06967485921228056
75,7,000000000000000004d2,built_loss,24.26361058702113,0.36635346451903816,0.3583822542133226
75,7,000000000000000005bd,built_loss,4.791904588608311,0.5429819383891962,0.0935103602051649
75,7,00000000000000000281,crop_loss,33.59012913836497,0.5213805757420426,0.0666100897996117
75,7,000000000000000003a2,crop_loss,29.1141177261596,0.335017012117773,0.14321800983988564
75,7,00000000000000000001,built_loss,25.912609391704642,0.4344954907851066,0.0983521256566332
75,7,00000000000000000049,built_loss,5.0076827602084535,0.482458446332783,0.0899895384090415
75,7,0000000000000000004a,built_loss,10.97358631522829,0.44230004224000324,0.03904219428611816
75,7,0000000000000000004f,built_loss,31.428709339316455,0.42255780404650795,0.15676849675694876
75,7,0000000000000000005a,built_loss,27.3533059898103,0.40980046193990527,0.0531674655508072
75,7,00000000000000000079,built_loss,44.23080523211453,0.6417452310304669,0.07880852710930197
75,7,00000000000000000087,built_loss,41.102782308626246,0.6038448174091557,0.16566641352459044
75,7,000000000000000000a1,built_loss,8.141776092638917,0.4318951706138445,0.06604415506488648
75,7,000000000000000000b8,built_loss,9.966019019990714,0.5341247571622503,0.1710551796851411
75,7,000000000000000000c0,built_loss,29.80715519011319,0.6361666046184535,0.06684678141021883
75,7,000000000000000000e2,built_loss,17.784600719340084,0.3954750912101689,0.12962655196827788
75,7,000000000000000000f0,built_loss,29.238669797229825,0.6630175933923652,0.14679058053291005
75,7,000000000000000000f8,built_loss,33.03703975573206,0.5224035780918067,0.1137627319794069
75,7,0000000000000000011c,built_loss,6.22100061335387,0.7305784037220013,0.05530515040049622
75,7,00000000000000000161,built_loss,33.8009227447254,0.7077984621676157,0.07566786356229682
75,7,0000000000000000016a,built_loss,8.214521416937952,0.26637444355762807,0.076438432617189
75,7,000000000000000001a8,built_loss,37.432025935113835,0.5617540836784413,0.08267021259844154
75,7,000000000000000001be,built_loss,5.477624549326516,0.5314376892614971,0.08825846324680597
75,7,000000000000000001cd,built_loss,39.6981874264161,0.7391024015815417,0.12700500985005858
75,7,000000000000000001e5,built_loss,16.625555340436772,0.571351816306945,0.0976801642863494
75,7,00000000000000000206,built_loss,35.167347195574976,0.7486092335291734,0.07219409839168722
75,7,00000000000000000209,built_loss,35.46422004368355,0.6332943810636762,0.1507024700770201
75,7,00000000000000000231,built_loss,42.33591618295098,0.5336417666331379,0.10369962030224317
75,7,0000000000000000026d,built_loss,26.30504679544178,0.5872484345616651,0.0945092916555258
75,7,00000000000000000278,built_loss,36.560218503288624,0.7492688789500631,0.09534799476066314
75,7,00000000000000000293,built_loss,25.155854908947394,0.4684755827485549,0.10100825646103972
75,7,000000000000000002a4,built_loss,9.444571879603314,0.39104000461041954,0.09108238606554936
75,7,00000000000000000316,built_loss,2.0236665610653595,0.124702684063435,0.024403483973367432
75,7,00000000000000000356,built_loss,32.21142410659073,0.5505436986913452,0.1774253042542525
75,7,00000000000000000362,built_loss,33.84338784944915,0.5710659856841567,0.08889092860517389
75,7,00000000000000000363,built_loss,25.549011176581473,0.2838285503168076,0.07721260550513773
75,7,00000000000000000364,built_loss,37.540949405823106,0.6075241253440569,0.10167590079799693
75,7,00000000000000000380,built_loss,28.92905047809086,0.48008878185347703,0.08647007453884159
75,7,00000000000000000384,built_loss,15.995842191495306,0.5855360986208942,0.07385990245903196
75,7,0000000000000000039e,built_loss,8.78138911504408,0.47909788769085393,0.07276022811242844
75,7,000000000000000003a1,built_loss,17.934823154859842,0.624624673693967,0.08528441451053614
75,7,000000000000000003a5,built_loss,21.642496619408604,0.3771845994800514,0.12462782606396994
75,7,000000000000000003b7,built_loss,16.710386134999204,0.5008490541936165,0.04862203742883836
75,7,000000000000000003bf,built_loss,38.95318413503946,0.5333206569696181,0.07132058395278207
75,7,000000000000000003f8,built_loss,6.615935982422169,0.2194622728777265,0.057559037424711496
75,7,000000000000000003fa,built_loss,39.14039854381338,0.4072638927245961,0.059139172311244936
75,7,00000000000000000407,built_loss,36.42232198025174,0.5424191227972113,0.07576719416652677
75,7,0000000000000000040f,built_loss,26.317771580422615,0.5174389737963063,0.034566658721221666
75,7,00000000000000000426,built_loss,30.702871771531772,0.5682579781887164,0.07500822783475547
75,7,0000000000000000042b,built_loss,30.611271390393906,0.5555867889457539,0.07402286205209951
75,7,00000000000000000442,built_loss,3.777492980833442,0.34997600296672404,0.1570928435150183
75,7,00000000000000000465,built_loss,36.261704990692806,0.6362462937203596,0.061178839962960696
75,7,0000000000000000047e,built_loss,22.180367161591505,0.5346746779730045,0.0623655525670479
75,7,000000000000000004c0,built_loss,31.505928282562753,0.6558183491542072,0.09108197327873746
75,7,000000000000000004c5,built_loss,12.048686438162319,0.5947043635347945,0.10377189067451709
75,7,000000000000000004d9,built_loss,38.81853186930104,0.551918342815095,0.06352445560199227
75,7,000000000000000004eb,built_loss,39.52408394634392,0.445691760544832,0.05793952414272313
75,7,000000000000000004f5,built_loss,8.329424779229603,0.4996123599540622,0.098821588282139
75,7,000000000000000004f7,built_loss,7.406495419843502,0.4815079469639309,0.05695562887898031
75,7,000000000000000004fe,built_loss,15.167695712579697,0.5021043416534541,0.05029648758120753
75,7,0000000000000000051d,built_loss,23.057552433383496,0.5469649665461827,0.21349006993100628
75,7,00000000000000000559,built_loss,30.78925066677061,0.7025944017710501,0.08139048065875565
75,7,00000000000000000576,built_loss,8.436632556486359,0.2653346292122848,0.08466910590406315
75,7,00000000000000000577,built_loss,9.742669530424951,0.483050723643013,0.11426778445303792
75,7,0000000000000000057f,built_loss,2.3659202467476916,0.42177513954107637,0.08411455651500616
75,7,00000000000000000594,built_loss,21.821801755763676,0.4909296850362292,0.18943346951251155
75,7,000000000000000005bf,built_loss,28.26350276423268,0.41784138677283894,0.07921331740727816
75,7,000000000000000005cc,built_loss,9.064143130895657,0.365924882829553,0.06525316798773112
75,7,000000000000000005de,built_loss,32.806241144609764,0.42889639424873105,0.053144251672398224
75,7,000000000000000005e7,built_loss,35.701484333782744,0.6415568591009544,0.14165130035099338
75,7,000000000000000005f9,built_loss,15.253596648888763,0.6583727749995563,0.11590979392498779
75,7,0000000000000000061c,built_loss,16.755664215868148,0.3993300567709426,0.06498235149767312
75,7,00000000000000000626,built_loss,26.86488978575561,0.49349792428047673,0.054688003534559215
75,7,0000000000000000062a,built_loss,34.452555291896076,0.5773855058248029,0.07509144030795745
75,7,00000000000000000636,built_loss,19.35835946807243,0.5215594939711241,0.18948349259738095
75,7,0000000000000000064a,built_loss,3.1028671306950644,0.2897869742082102,0.05953573241642074
75,7,0000000000000000064d,built_loss,15.20776166043941,0.4421769146962559,0.09484634599961483
75,7,00000000000000000694,built_loss,24.909309758524817,0.3732405470510707,0.052486563393877694
75,7,0000000000000000069d,built_loss,32.24033915753791,0.6270689215348086,0.08745303514351388
75,7,000000000000000006b7,built_loss,27.30569098390413,0.4740051652906164,0.06047877993883172
75,7,000000000000000006df,built_loss,13.624262260273635,0.23677307204885178,0.14701002362363666
75,7,000000000000000006e3,built_loss,25.798215247059527,0.4246485215388679,0.11086871708134016
75,7,00000000000000000011,crop_loss,37.92304389738734,0.8282959212414085,0.2928838113015796
75,7,0000000000000000002b,crop_loss,32.05983293312033,0.14778531176353377,0.11039015218688925
75,7,0000000000000000003a,crop_loss,35.35831779945796,0.27353050066139406,0.0779077583669063
75,7,0000000000000000009b,crop_loss,16.846275665796476,0.4923878049117415,0.031132647703282834
75,7,000000000000000000a8,crop_loss,27.47916001719851,0.20680909684917476,0.055111120750598847
75,7,000000000000000000da,crop_loss,24.806060213332522,0.7497866162224059,0.07608156972792501
75,7,000000000000000000e3,crop_loss,41.480214571401554,0.4959273137854268,0.09904179783791706
75,7,000000000000000000e9,crop_loss,4.729968660867217,0.3836605115743847,0.15227174860081494
75,7,0000000000000000011b,crop_loss,25.36560432924569,0.4921576697078701,0.0512260179927137
75,7,00000000000000000128,crop_loss,30.69170514470337,0.5513409583430842,0.045273968925758856
75,7,0000000000000000016c,crop_loss,37.29950316760137,0.45580425812912423,0.10668114020735997
75,7,00000000000000000196,crop_loss,20.047873555009307,0.2505480565565014,0.0538011543518884
75,7,000000000000000001a6,crop_loss,33.79113719340567,0.30329742902807727,0.12195908457324509
75,7,000000000000000001e4,crop_loss,28.45430752115665,0.4759184306204297,0.05316084724074882
75,7,000000000000000001f9,crop_loss,37.67405534310792,0.725080219879743,0.342579269403843
75,7,00000000000000000228,crop_loss,22.915120472476694,0.5091159579730924,0.19299758091264685
75,7,0000000000000000028c,crop_loss,4.229587744155116,0.2845705945076797,0.06831331504547788
75,7,0000000000000000028d,crop_loss,27.478567071424752,0.6832022207781157,0.09301739239845608
75,7,00000000000000000291,crop_loss,14.867934610430934,0.8830759920232869,0.030148879404030438
75,7,000000000000000002c5,crop_loss,23.8213632122681,0.33990070512521386,0.09740090924128969
75,7,000000000000000002cc,crop_loss,16.73735465831464,0.33037407242327815,0.300814261729511
75,7,000000000000000002dc,crop_loss,41.047239702412774,0.6837801380760534,0.07111977504551048
75,7,000000000000000002e4,crop_loss,36.11164883537505,0.31357469718849557,0.11606120106354445
75,7,000000000000000002ec,crop_loss,41.43362951316724,0.5460152160661351,0.09912346109203607
75,7,00000000000000000314,crop_loss,25.130201833444307,0.07124229137337772,0.07562758048763245
75,7,00000000000000000335,crop_loss,36.1409932946718,0.4413897868339883,0.09261701551582918
75,7,0000000000000000033a,crop_loss,21.677257032852687,0.46351035721809913,0.09330461551052016
75,7,000000000000000003b0,crop_loss,35.73038983860625,0.21620261823379858,0.09286910689553873
75,7,000000000000000003f1,crop_loss,40.711578328842705,0.4691243583499747,0.0999269272153962
75,7,000000000000000003f2,crop_loss,32.3807308411172,0.4889076144761213,0.05676192908141342
75,7,0000000000000000044b,crop_loss,12.42227922755057,0.5508568152362848,0.06236174270386674
75,7,00000000000000000480,crop_loss,9.245107479803321,0.845405223459592,0.16248967394503278
75,7,00000000000000000485,crop_loss,33.855008837784524,0.6925607279065784,0.06116727079674045
75,7,00000000000000000497,crop_loss,30.02640492178884,0.261453713123389,0.10348771265535989
75,7,0000000000000000049b,crop_loss,30.79755906870428,0.3399677497013551,0.05409279087523544
75,7,000000000000000004a1,crop_loss,34.49220645308276,0.3720205125972934,0.11798008023255618
75,7,000000000000000004e7,crop_loss,23.878724346149248,0.47164230358736936,0.05278146959626295
75,7,000000000000000004e9,crop_loss,15.887836990839844,0.4519953522304142,0.20667062174924056
75,7,000000000000000004f9,crop_loss,37.93646923250742,0.44771816318356383,0.21497500570905614
75,7,00000000000000000517,crop_loss,25.607976120253944,0.24419976100110047,0.19017727763460315
75,7,00000000000000000538,crop_loss,1.065376716478659,0.30913611841078315,0.0618289123182304
75,7,0000000000000000057e,crop_loss,4.434299605208466,0.5377508475014434,0.04108151247098746
75,7,000000000000000005d1,crop_loss,15.33483873383425,0.1587471493164244,0.09354056870170072
75,7,00000000000000000632,crop_loss,13.462558695723473,0.08438128396778134,0.031008306498126956
75,7,0000000000000000063e,crop_loss,33.90438667064551,0.31207046079152256,0.08470207079715814
75,7,00000000000000000655,crop_loss,28.425210877391088,0.5341888189521194,0.31674194393516447
75,7,00000000000000000697,crop_loss,41.08148221850211,0.6102942509008509,0.08041867917037337
75,7,00000000000000000698,crop_loss,17.38946143441215,0.41000641538620325,0.06279016749442945
75,7,000000000000000006a8,crop_loss,45.4026186440639,0.28781743607638666,0.08542027309676922
75,7,000000000000000006b4,crop_loss,39.380460570537956,0.5515311014401523,0.1640296430057685
75,7,000000000000000006be,crop_loss,13.281563044917563,0.4028127928623615,0.09088566820163685
75,7,000000000000000006c0,crop_loss,2.929289988127949,0.19161777246279826,0.06455791895533858
75,7,000000000000000006cc,crop_loss,25.440627244722748,0.3590083491107657,0.06778992941729417
75,7,000000000000000006ce,crop_loss,19.36196985093412,0.6268182747119734,0.12413233637354049
75,7,000000000000000006d9,crop_loss,29.109559837953704,0.21179209983780095,0.05880113104722881
75,7,000000000000000006e5,crop_loss,34.35352692112701,0.571923971952205,0.1434285794483165
75,7,00000000000000000151,built_loss,6.253378083761057,0.2594642560373062,0.06069727858829771
75,7,0000000000000000034d,built_loss,6.115311597249964,0.4127248224694837,0.052419090372818
75,7,000000000000000003c7,crop_loss,23.42618231073825,0.7439399952734047,0.09368222376794155
75,7,00000000000000000176,built_loss,21.537893831881135,0.6800874175176125,0.051913496496050704
75,7,000000000000000003d2,built_loss,36.953894036925945,0.6025987153280723,0.11045553189344914
75,7,00000000000000000490,built_loss,41.13196904482575,0.6351398107146106,0.10495119070089942
75,7,000000000000000005ad,built_loss,31.576654935563184,0.6691022007855582,0.06717416330582027
75,7,00000000000000000624,built_loss,4.963193910672431,0.4770006063823639,0.10096679817469678
75,7,0000000000000000002d,crop_loss,36.69358367074743,0.46806475999884894,0.07569763804235236
75,7,0000000000000000009d,crop_loss,6.753156220425244,0.35079732290255944,0.09638958284888655
75,7,00000000000000000192,crop_loss,36.64028267104344,0.5501947016195027,0.04523151606860698
75,7,000000000000000003c8,crop_loss,33.12895099840853,0.1955066445826683,0.06820909932328104
75,7,0000000000000000046c,crop_loss,38.94211925716436,0.5555942852258213,0.13524320339200202
75,7,00000000000000000483,crop_loss,9.200818868854292,0.6695985911425266,0.15929778154362084
75,7,000000000000000004ee,crop_loss,18.218395133463225,0.40402988566405684,0.19796901803588435
75,7,00000000000000000611,crop_loss,35.05515459000415,0.6253867820443857,0.07850546212061804
75,7,0000000000000000062f,crop_loss,38.78972184061113,0.4858770932661076,0.15993425278138268
100,0,00000000000000000085,built_loss,14.753829904427041,0.37484983759632134,0.08570763291568517
100,0,00000000000000000114,built_loss,29.567900474307635,0.6751664212464382,0.07243420388326094
100,0,0000000000000000024c,built_loss,23.07767610877999,0.6971784169914205,0.06971078048864865
100,0,00000000000000000375,built_loss,34.23392209727721,0.6662983813606197,0.060340930115538205
100,0,000000000000000004d2,built_loss,29.832738452921863,0.5272253933492534,0.16879379730536803
100,0,000000000000000005bd,built_loss,5.004004120574347,0.5451538657748735,0.06392971881364828
100,0,00000000000000000281,crop_loss,41.14330330647741,0.5414051099639154,0.058791569817884914
100,0,000000000000000003a2,crop_loss,29.060718101423905,0.35257991556757634,0.11601080904789368
100,0,00000000000000000001,built_loss,27.756352249946893,0.4592711350457305,0.061430100937798826
100,0,00000000000000000049,built_loss,4.685769189200239,0.47121733793262843,0.0623993218210363
100,0,0000000000000000004a,built_loss,11.338426728915952,0.4519532204967846,0.03541769250952009
100,0,0000000000000000004f,built_loss,35.40899535006541,0.44043463834487484,0.14036043701392387
100,0,0000000000000000005a,built_loss,29.67073954098662,0.4399395495884935,0.03943957582842217
100,0,00000000000000000079,built_loss,53.22964018227733,0.6489417886886126,0.0712736903074297
100,0,00000000000000000087,built_loss,43.450132084463,0.642141647397211,0.1284968953989486
100,0,000000000000000000a1,built_loss,9.366320255845519,0.4474967587298511,0.08195466058613754
100,0,000000000000000000b8,built_loss,10.130159409197748,0.5663529181564809,0.14948666092765672
100,0,000000000000000000c0,built_loss,34.41540594069545,0.6396373435056766,0.06167232716518034
100,0,000000000000000000e2,built_loss,17.20183567899292,0.36122498514786316,0.06646269228968305
100,0,000000000000000000f0,built_loss,31.425294413837847,0.6834319395575655,0.08308617667105944
100,0,000000000000000000f8,built_loss,43.19512432861037,0.5527058489435688,0.09406388135495203
100,0,0000000000000000011c,built_loss,6.586722593214363,0.7332711695548911,0.04309010312462491
100,0,00000000000000000161,built_loss,38.18211425150529,0.6421115376329694,0.06724845933811363
100,0,0000000000000000016a,built_loss,8.584861489955749,0.22537741343909432,0.06387824578759169
100,0,000000000000000001a8,built_loss,41.83838355841874,0.555156223243186,0.06308141748417007
100,0,000000000000000001be,built_loss,6.244944244100077,0.5160402567494989,0.09036004832438804
100,0,000000000000000001cd,built_loss,41.322816498446834,0.7783121468609443,0.09917718940021325
100,0,000000000000000001e5,built_loss,17.388602165431568,0.5725201713708487,0.0952506616099783
100,0,00000000000000000206,built_loss,38.686552689625664,0.7434114602396387,0.06434443729284545
100,0,00000000000000000209,built_loss,45.431559940076774,0.5899230541263812,0.09083889129130063
100,0,00000000000000000231,built_loss,41.97905475044101,0.5203748278876875,0.07998709747967692
100,0,0000000000000000026d,built_loss,29.047260644466373,0.581126738655793,0.09756340264291463
100,0,00000000000000000278,built_loss,34.893681409052135,0.7439554494201063,0.08772127066881608
100,0,00000000000000000293,built_loss,26.126327892500896,0.4947707079862025,0.07978255806853263
100,0,000000000000000002a4,built_loss,10.563037317128725,0.3994413398848526,0.05452260133643583
100,0,00000000000000000316,built_loss,2.029691476340181,0.12128066634798383,0.01651348936286251
100,0,00000000000000000356,built_loss,34.390994447011366,0.5320690631998991,0.14483754228800377
100,0,00000000000000000362,built_loss,41.623192303589754,0.566452490492623,0.06133311117892859
100,0,00000000000000000363,built_loss,26.22281439592087,0.2635609153788194,0.05467205845479517
100,0,00000000000000000364,built_loss,45.08991537832804,0.6311983177833755,0.08189640905510587
100,0,00000000000000000380,built_loss,32.06882365514635,0.49289118842589413,0.062488455731350256
100,0,00000000000000000384,built_loss,18.491397883978816,0.5687139241247225,0.05104167723068265
100,0,0000000000000000039e,built_loss,7.2486528707564934,0.4880839909797201,0.06211442012006324
100,0,000000000000000003a1,built_loss,17.88356766563966,0.6110551399111384,0.07728340277474866
100,0,000000000000000003a5,built_loss,23.196795471772703,0.413060641753366,0.10405620365616514
100,0,000000000000000003b7,built_loss,16.96457270134705,0.4979837981430549,0.037769518691180004
100,0,000000000000000003bf,built_loss,43.834305373938555,0.5459758206460789,0.05931771055144208
100,0,000000000000000003f8,built_loss,6.756554236790155,0.22649104018910854,0.03298467330520208
100,0,000000000000000003fa,built_loss,42.48650153543076,0.4095616646946271,0.07646336891372435
100,0,00000000000000000407,built_loss,40.418208277939556,0.5539978479043105,0.07747385409320295
100,0,0000000000000000040f,built_loss,27.798834615022923,0.521094549102333,0.03183318733377427
100,0,00000000000000000426,built_loss,29.053306467208383,0.582202769744931,0.05641304943400771
100,0,0000000000000000042b,built_loss,36.154616308649416,0.5557039566507984,0.07811272823136917
100,0,00000000000000000442,built_loss,3.9215088647000518,0.3145514303127683,0.20730550462609093
100,0,00000000000000000465,built_loss,41.621022027604134,0.6393763632140854,0.06839712291304723
100,0,0000000000000000047e,built_loss,18.884398220906526,0.5077658140764506,0.06112302895634425
100,0,000000000000000004c0,built_loss,34.894319935493314,0.6527449438873337,0.06381748302547996
100,0,000000000000000004c5,built_loss,13.44376936078851,0.5811296794526251,0.08864953560445954
100,0,000000000000000004d9,built_loss,40.14847753108077,0.5519742977068222,0.04517051541476591
100,0,000000000000000004eb,built_loss,39.700273241736504,0.44314376705645964,0.03193767094324479
100,0,000000000000000004f5,built_loss,8.99270174351734,0.46155006139679144,0.06766765723571433
100,0,000000000000000004f7,built_loss,7.542851363535659,0.4818927457126069,0.03795690017059872
100,0,000000000000000004fe,built_loss,16.756906096842798,0.500090863601728,0.042833938758744194
100,0,0000000000000000051d,built_loss,22.28218961534204,0.42874731888838025,0.17941084215179132
100,0,00000000000000000559,built_loss,41.034740022513134,0.6892303379195529,0.07636944188626893
100,0,00000000000000000576,built_loss,9.217358733691512,0.2606301906627449,0.056302687690165054
100,0,00000000000000000577,built_loss,9.586152236568402,0.5067383094527891,0.10881050069024045
100,0,0000000000000000057f,built_loss,2.2806326183840895,0.4148391405889692,0.06824850491699097
100,0,00000000000000000594,built_loss,20.12606156183084,0.5249296722555575,0.20167149731149847
100,0,000000000000000005bf,built_loss,28.219043480006484,0.41165197467988673,0.05040591885148138
100,0,000000000000000005cc,built_loss,9.993837880762806,0.3640228234543383,0.04668955830424981
100,0,000000000000000005de,built_loss,32.87573034530575,0.43304630779360614,0.04231801431999305
100,0,000000000000000005e7,built_loss,37.00663888845571,0.6297540824368374,0.13586137225123018
100,0,000000000000000005f9,built_loss,18.2294871610991,0.6385014969585189,0.11419011667813561
100,0,0000000000000000061c,built_loss,18.90291772785218,0.4054335159192474,0.060673431300276304
100,0,00000000000000000626,built_loss,31.811573449769032,0.4852126731600803,0.041030303374466504
100,0,0000000000000000062a,built_loss,36.232624793952375,0.5777814185858431,0.05736262026902239
100,0,00000000000000000636,built_loss,21.696589298520664,0.5082795189334952,0.15915988082440524
100,0,0000000000000000064a,built_loss,3.5728800123700033,0.29556375615416897,0.04072553805360751
100,0,0000000000000000064d,built_loss,13.994045007632991,0.4241484926565631,0.06653996192829709
100,0,00000000000000000694,built_loss,28.587782233790822,0.3636193732138071,0.031824382349943725
100,0,0000000000000000069d,built_loss,37.15136835044903,0.663270249779435,0.07842312775887683
100,0,000000000000000006b7,built_loss,28.347512197027463,0.4638123510348021,0.056202769922910956
100,0,000000000000000006df,built_loss,19.167308041157806,0.2348965303632831,0.07463856577580336
100,0,000000000000000006e3,built_loss,33.379092831301506,0.41764676597041284,0.08191446478216263
100,0,00000000000000000011,crop_loss,41.761672843016484,0.5472855070173849,0.30078665934651205
100,0,0000000000000000002b,crop_loss,42.132122648366256,0.18401120663803017,0.12959853516812514
100,0,0000000000000000003a,crop_loss,40.21642499148764,0.2825502521962914,0.10185215998831684
100,0,0000000000000000009b,crop_loss,17.051181591195675,0.4944937846191839,0.018910341929941177
100,0,000000000000000000a8,crop_loss,26.741901397023195,0.20364224208637072,0.041017023020857774
100,0,000000000000000000da,crop_loss,26.091634778601396,0.7543301154726789,0.06811696500009601
100,0,000000000000000000e3,crop_loss,49.91841081539867,0.4967871197305572,0.0810795430287039
100,0,000000000000000000e9,crop_loss,5.2074697801857015,0.43274964044105085,0.11472987041836769
100,0,0000000000000000011b,crop_loss,32.30824925859644,0.47958689478348,0.0339291344024209
100,0,00000000000000000128,crop_loss,30.467669295833996,0.5410861525350257,0.031181597411676254
100,0,0000000000000000016c,crop_loss,40.571568906650235,0.4664634486597715,0.10231133722601993
100,0,00000000000000000196,crop_loss,22.482377748856237,0.24374545887382465,0.04449699623685743
100,0,000000000000000001a6,crop_loss,35.22845195804749,0.29549088621867414,0.11425249513217028
100,0,000000000000000001e4,crop_loss,39.99304526183544,0.5028639325121056,0.05389647813845361
100,0,000000000000000001f9,crop_loss,41.31327754007528,0.4609981055508315,0.28311926681385535
100,0,00000000000000000228,crop_loss,25.54470063057312,0.4366245986474342,0.20490454185753076
100,0,0000000000000000028c,crop_loss,3.983602870537775,0.30987080710457254,0.06313720994893623
100,0,0000000000000000028d,crop_loss,26.313780928790617,0.6530489761146727,0.09614391357695007
100,0,00000000000000000291,crop_loss,16.30394046488512,0.8815713054661096,0.026923975368814634
100,0,000000000000000002c5,crop_loss,28.16846847235183,0.3045020895135625,0.11085740638850305
100,0,000000000000000002cc,crop_loss,16.29342539860035,0.471152194007805,0.19095211926028133
100,0,000000000000000002dc,crop_loss,44.661613225230546,0.6449529590079145,0.07776365699999799
100,0,000000000000000002e4,crop_loss,38.826099031507084,0.30167746585569744,0.07061979112669414
100,0,000000000000000002ec,crop_loss,44.138008284647,0.4921598813647594,0.09898644777978327
100,0,00000000000000000314,crop_loss,30.662289769114732,0.09165335287817164,0.06800290847056785
100,0,00000000000000000335,crop_loss,42.86426734803024,0.4408296326157838,0.0758092795087959
100,0,0000000000000000033a,crop_loss,29.27725043656254,0.505444426805889,0.0653580413100846
100,0,000000000000000003b0,crop_loss,43.75492739800018,0.19596161178525612,0.0638322596498831
100,0,000000000000000003f1,crop_loss,46.82099598556257,0.4701778448447349,0.0688588430078807
100,0,000000000000000003f2,crop_loss,34.99562505494141,0.4718270915037271,0.05732465434032846
100,0,0000000000000000044b,crop_loss,13.733541401669873,0.5660788376237279,0.04122426879578933
100,0,00000000000000000480,crop_loss,10.459765498286894,0.8644233390666389,0.053028093849280866
100,0,00000000000000000485,crop_loss,38.9760080721336,0.6907463279683302,0.04977449861376004
100,0,00000000000000000497,crop_loss,34.8167059822846,0.25593947126698696,0.09776648522252826
100,0,0000000000000000049b,crop_loss,36.18616577860944,0.3534383292556614,0.042328319149013416
100,0,000000000000000004a1,crop_loss,35.65857911173115,0.36696195467638454,0.06541893783394881
100,0,000000000000000004e7,crop_loss,28.470941665135467,0.48521114493611517,0.035155849192536504
100,0,000000000000000004e9,crop_loss,15.707306517978207,0.3785023961205983,0.15500745013279615
100,0,000000000000000004f9,crop_loss,38.11790131628982,0.3292901042735617,0.09505775610550482
100,0,00000000000000000517,crop_loss,27.465791280847238,0.26461515146161924,0.19391753326756603
100,0,00000000000000000538,crop_loss,1.064089352076931,0.3082361798527561,0.04088550015938336
100,0,0000000000000000057e,crop_loss,5.186066034307933,0.5298440428611505,0.03192951346358941
100,0,000000000000000005d1,crop_loss,17.622335826658873,0.16050577499238275,0.1234237110305797
100,0,00000000000000000632,crop_loss,13.551969133051367,0.08413406377051216,0.021024402730810215
100,0,0000000000000000063e,crop_loss,43.106749259913826,0.33957700427963716,0.10467528686632577
100,0,00000000000000000655,crop_loss,30.770380563901334,0.5200448882864309,0.17369499544468503
100,0,00000000000000000697,crop_loss,49.910501227762346,0.5979028404286512,0.08138025371484425
100,0,00000000000000000698,crop_loss,19.146784863096165,0.3980367623862765,0.0688278730411594
100,0,000000000000000006a8,crop_loss,43.28263056243182,0.2691956113564125,0.1021266345912647
100,0,000000000000000006b4,crop_loss,47.165793439462966,0.5129169977879684,0.11685991228512976
100,0,000000000000000006be,crop_loss,14.598034176758878,0.3769034314401516,0.07950737959873072
100,0,000000000000000006c0,crop_loss,2.70091977914717,0.17705600788133913,0.05117036500369812
100,0,000000000000000006cc,crop_loss,22.87822594930987,0.36666916914415754,0.060750800144358574
100,0,000000000000000006ce,crop_loss,24.19625787586057,0.5623577394996416,0.15643070772115658
100,0,000000000000000006d9,crop_loss,34.803745323564826,0.20850727860339532,0.06053151734140058
100,0,000000000000000006e5,crop_loss,43.313520433145406,0.5716305010652574,0.08124880622243758
100,0,00000000000000000151,built_loss,9.683185174724414,0.2546558214880361,0.05574972999607386
100,0,0000000000000000034d,built_loss,5.5915811225094,0.4046031649065283,0.04536224865532529
100,0,000000000000000003c7,crop_loss,26.916114589082227,0.7290984848581088,0.06924419443319907
100,0,00000000000000000176,built_loss,24.12695377985597,0.650395102395856,0.06398230801950056
100,0,000000000000000003d2,built_loss,41.32660214487928,0.5919494025173977,0.08590521325864697
100,0,00000000000000000490,built_loss,46.3603602262006,0.6491851923378891,0.06016351444197676
100,0,000000000000000005ad,built_loss,35.754051850523645,0.6487002978004973,0.06885125166809547
100,0,00000000000000000624,built_loss,4.961699425206439,0.4888517301058835,0.08255897954031483
100,0,0000000000000000002d,crop_loss,44.43267190842752,0.4617902873463969,0.0642120894822884
100,0,0000000000000000009d,crop_loss,7.7660902788082735,0.3950375819721395,0.08834878635947746
100,0,00000000000000000192,crop_loss,40.80910353747025,0.5666208655345685,0.04937556615252792
100,0,000000000000000003c8,crop_loss,38.41560165487195,0.18567834957728332,0.055396771578341775
100,0,0000000000000000046c,crop_loss,40.37323286607228,0.5169415698744294,0.1178044391321651
100,0,00000000000000000483,crop_loss,11.903492066926914,0.6684138122830909,0.09837400926457351
100,0,000000000000000004ee,crop_loss,21.835668831535877,0.3706056036825562,0.1844880728473336
100,0,00000000000000000611,crop_loss,49.01998716024176,0.6377286639661559,0.07604658634523487
100,0,0000000000000000062f,crop_loss,41.8171403671995,0.5164971278321372,0.1347025637947039
100,1,00000000000000000085,built_loss,13.890567894172596,0.3577833361853034,0.0956718678086278
100,1,00000000000000000114,built_loss,27.131416289964072,0.6976157344274223,0.0674042218307368
100,1,0000000000000000024c,built_loss,22.369224802239135,0.7246686534246647,0.04591836947390027
100,1,00000000000000000375,built_loss,32.088184272027064,0.6310657677337169,0.0968742134717322
100,1,000000000000000004d2,built_loss,26.14522095576481,0.6637551017701242,0.2614755408593719
100,1,000000000000000005bd,built_loss,4.840410808996184,0.55596465600134,0.06942234366341726
100,1,00000000000000000281,crop_loss,40.75524501948348,0.5189626617956388,0.045857312033048714
100,1,000000000000000003a2,crop_loss,26.503317487630824,0.35713198110339106,0.11788488762870797
100,1,00000000000000000001,built_loss,25.3664174173016,0.47750044513604334,0.06369610659130986
100,1,00000000000000000049,built_loss,4.681279350873154,0.4856475504178519,0.06708967288077067
100,1,0000000000000000004a,built_loss,11.629718573248638,0.4425693028043215,0.03276080148411781
100,1,0000000000000000004f,built_loss,35.92892486682733,0.4142073575170388,0.0915934216218966
100,1,0000000000000000005a,built_loss,30.857367971541493,0.45882126598621753,0.059537578459015694
100,1,00000000000000000079,built_loss,53.650656168669684,0.6152765847583616,0.07467984641829273
100,1,00000000000000000087,built_loss,45.71820864101192,0.5672649092676582,0.12081729592246004
100,1,000000000000000000a1,built_loss,8.53400303914262,0.45448445017546973,0.04058356039897981
100,1,000000000000000000b8,built_loss,10.435240809692118,0.5425239604126737,0.12962094817487163
100,1,000000000000000000c0,built_loss,34.72508818192485,0.6452200741388042,0.06281377080238892
100,1,000000000000000000e2,built_loss,18.393266682485997,0.3693797113534532,0.08514736374842252
100,1,000000000000000000f0,built_loss,33.802471941229115,0.6696293596553365,0.10616266380426431
100,1,000000000000000000f8,built_loss,40.60450075466936,0.5402335779769923,0.08229767002185273
100,1,0000000000000000011c,built_loss,6.529103185684946,0.7495110653317749,0.03778274146715577
100,1,00000000000000000161,built_loss,36.53625706528585,0.6644676307127758,0.06853782631423722
100,1,0000000000000000016a,built_loss,9.94898239743352,0.2560912284939826,0.06363538234017055
100,1,000000000000000001a8,built_loss,42.38044704832043,0.5396346540970457,0.0797416411085402
100,1,000000000000000001be,built_loss,5.795002171065445,0.5379986319299253,0.06506072241054484
100,1,000000000000000001cd,built_loss,44.4081064117409,0.7777945482877663,0.09249175024311851
100,1,000000000000000001e5,built_loss,19.178964175709158,0.5586871621434768,0.07797710046091355
100,1,00000000000000000206,built_loss,42.948451950399004,0.7138135338102986,0.10665927876126025
100,1,00000000000000000209,built_loss,46.865422745145366,0.6265048836229117,0.10123777373422149
100,1,00000000000000000231,built_loss,44.98726965595397,0.5661944045587386,0.06097114177942253
100,1,0000000000000000026d,built_loss,29.192428369180494,0.6004460661724917,0.08339439814411331
100,1,00000000000000000278,built_loss,35.6451278984318,0.7925036492088522,0.0813580161446229
100,1,00000000000000000293,built_loss,22.82936197490139,0.4919152447778477,0.07199118142642164
100,1,000000000000000002a4,built_loss,10.234357822679058,0.4102574306585522,0.07248916603641936
100,1,00000000000000000316,built_loss,2.0352969427183503,0.12178584229846537,0.020676685642034412
100,1,00000000000000000356,built_loss,38.46172892170123,0.555005888816951,0.13546106899704913
100,1,00000000000000000362,built_loss,47.62493768299358,0.5782127656784187,0.08979256840600658
100,1,00000000000000000363,built_loss,24.78772220946095,0.23044431081322084,0.053840106331418947
100,1,00000000000000000364,built_loss,48.42297521693585,0.6198010707768831,0.08245294349725729
100,1,00000000000000000380,built_loss,30.424883527599597,0.5121181940795242,0.07503108851642776
100,1,00000000000000000384,built_loss,16.86514258314221,0.5865824991641101,0.054145481809922624
100,1,0000000000000000039e,built_loss,8.693456278429554,0.4864914445866922,0.07066787764071886
100,1,000000000000000003a1,built_loss,18.755673350071387,0.6254410003534675,0.07337501960763326
100,1,000000000000000003a5,built_loss,21.124802340954957,0.45436050806165873,0.10851152714049067
100,1,000000000000000003b7,built_loss,16.235158841099175,0.4858471696101704,0.0367955211099002
100,1,000000000000000003bf,built_loss,44.53347518087514,0.5383864267964547,0.05610212383843893
100,1,000000000000000003f8,built_loss,6.140087942887616,0.22470608286096244,0.03281750922887383
100,1,000000000000000003fa,built_loss,40.90799767941835,0.4059403197111693,0.04975544998095599
100,1,00000000000000000407,built_loss,46.64911237231707,0.5481244577538598,0.0812569368952204
100,1,0000000000000000040f,built_loss,28.884709071514692,0.5268789391097524,0.025300224694747242
100,1,00000000000000000426,built_loss,33.89967946757539,0.5803937781499684,0.08897198283392416
100,1,0000000000000000042b,built_loss,33.742706791299405,0.5532586922257746,0.0630630052095914
100,1,00000000000000000442,built_loss,3.8855278656957295,0.36360028097006164,0.20315017329108204
100,1,00000000000000000465,built_loss,41.323434124602365,0.6214395096348719,0.07726854396366922
100,1,0000000000000000047e,built_loss,18.62538258603679,0.5300780465214914,0.06088714799016881
100,1,000000000000000004c0,built_loss,39.62134430782821,0.6512377040015449,0.0632698750271431
100,1,000000000000000004c5,built_loss,13.702237501960802,0.5538732185926761,0.07495225779723647
100,1,000000000000000004d9,built_loss,35.37638958011485,0.5457948611230233,0.04159442312081174
100,1,000000000000000004eb,built_loss,46.272845864502415,0.4402400992323749,0.05127176943979844
100,1,000000000000000004f5,built_loss,8.386801426057877,0.47524171674392024,0.07133022554556157
100,1,000000000000000004f7,built_loss,8.345146880870255,0.4613610390963724,0.03810073822469978
100,1,000000000000000004fe,built_loss,16.443313520043855,0.4928796519738193,0.052948958684782055
100,1,0000000000000000051d,built_loss,24.769995972997748,0.4738409378188224,0.1940972855926814
100,1,00000000000000000559,built_loss,37.62733268022979,0.6754747661519372,0.08222169387824296
100,1,00000000000000000576,built_loss,8.202399202638412,0.2784974577820928,0.06779660524255901
100,1,00000000000000000577,built_loss,9.757088938827302,0.5005951336588006,0.14644692374731638
100,1,0000000000000000057f,built_loss,2.3265395690298605,0.3954427404176395,0.060397630502941335
100,1,00000000000000000594,built_loss,23.131204391455256,0.5472638594755532,0.23253654535059742
100,1,000000000000000005bf,built_loss,27.778107434293293,0.3837324635027625,0.06545069183523883
100,1,000000000000000005cc,built_loss,10.663959514391875,0.363417247199876,0.0483960935906082
100,1,000000000000000005de,built_loss,36.49918200271245,0.4270115493478117,0.04409892642374752
100,1,000000000000000005e7,built_loss,38.343355752925035,0.6697526970263948,0.0763610053366538
100,1,000000000000000005f9,built_loss,15.099098763237516,0.6671867852046568,0.08595898718147255
100,1,0000000000000000061c,built_loss,18.351829207386515,0.40079163817294433,0.06580406257517352
100,1,00000000000000000626,built_loss,30.36433187116815,0.4936355762653274,0.05152154999226555
100,1,0000000000000000062a,built_loss,34.90610265632423,0.6006896878346396,0.08719385315890471
100,1,00000000000000000636,built_loss,21.321294616341028,0.5236876983265766,0.14594279571713736
100,1,0000000000000000064a,built_loss,3.217601003805545,0.2983076075231493,0.04998428762186685
100,1,0000000000000000064d,built_loss,14.61873764084976,0.4515811481879874,0.07106957574844719
100,1,00000000000000000694,built_loss,25.711889378906402,0.3810138448446643,0.040341725528862615
100,1,0000000000000000069d,built_loss,39.431810809035454,0.6307402204732839,0.05966590317698883
100,1,000000000000000006b7,built_loss,25.83007609254148,0.4659084001098678,0.05331886836333255
100,1,000000000000000006df,built_loss,19.14428483449054,0.22640307663783282,0.1005307775152739
100,1,000000000000000006e3,built_loss,27.963314766099412,0.3876775308536825,0.07257087869732787
100,1,00000000000000000011,crop_loss,38.07444840311134,0.7947095307988249,0.3396887025764189
100,1,0000000000000000002b,crop_loss,40.72561280804511,0.18490670366163123,0.12254114094247416
100,1,0000000000000000003a,crop_loss,37.53558335230854,0.2861115678117736,0.09408642879157611
100,1,0000000000000000009b,crop_loss,17.949485791732513,0.4946911472725769,0.01837136892922242
100,1,000000000000000000a8,crop_loss,27.01135661175262,0.19887948423610918,0.0372676858990518
100,1,000000000000000000da,crop_loss,24.093205805912728,0.7336900878659687,0.05666631598616323
100,1,000000000000000000e3,crop_loss,47.94455740282727,0.49677236419771237,0.09305455174930449
100,1,000000000000000000e9,crop_loss,5.212277400891699,0.4065566173062642,0.1109787272786133
100,1,0000000000000000011b,crop_loss,28.42939886990644,0.48020654689436554,0.03719942353177802
100,1,00000000000000000128,crop_loss,30.720567095972104,0.5505841250934208,0.039209054967051404
100,1,0000000000000000016c,crop_loss,39.83870635220639,0.4667877364647801,0.07758211223392625
100,1,00000000000000000196,crop_loss,25.37633607079197,0.24510712081846714,0.047577892995399274
100,1,000000000000000001a6,crop_loss,36.301501308838795,0.2712240814999826,0.10742736040779155
100,1,000000000000000001e4,crop_loss,36.157792767799975,0.4909876693947888,0.06053209231313772
100,1,000000000000000001f9,crop_loss,40.53236997770699,0.45006487032287107,0.32808595399396046
100,1,00000000000000000228,crop_loss,26.948056624755647,0.525070681385392,0.16817779795009752
100,1,0000000000000000028c,crop_loss,4.174101894503228,0.28751609903483544,0.07296708503431537
100,1,0000000000000000028d,crop_loss,26.699249096739656,0.6806760117948962,0.10875879167997893
100,1,00000000000000000291,crop_loss,16.516832682880406,0.8807090559961194,0.025620981052333902
100,1,000000000000000002c5,crop_loss,28.477264361211954,0.3657862350025021,0.08394233680881508
100,1,000000000000000002cc,crop_loss,18.148861205559697,0.38826951149794153,0.18125221758118848
100,1,000000000000000002dc,crop_loss,47.60184736016736,0.6455104849382329,0.08036848386953754
100,1,000000000000000002e4,crop_loss,41.234627320184075,0.32303108663321334,0.10716217132227529
100,1,000000000000000002ec,crop_loss,44.21251037541345,0.47324010273691497,0.07561761676022022
100,1,00000000000000000314,crop_loss,28.62923671511214,0.07988383019085885,0.07748411143537318
100,1,00000000000000000335,crop_loss,42.2172188469004,0.4856457009918389,0.06183064081654327
100,1,0000000000000000033a,crop_loss,28.70769796119172,0.5101542544076172,0.09676562131620181
100,1,000000000000000003b0,crop_loss,41.157450712268954,0.20703621435525285,0.09181833309231907
100,1,000000000000000003f1,crop_loss,47.32313125847718,0.47015811706342375,0.07684078823820695
100,1,000000000000000003f2,crop_loss,35.86950766395691,0.46382242625568865,0.06559237334121931
100,1,0000000000000000044b,crop_loss,12.411808332679781,0.5700355790857446,0.050727189397679284
100,1,00000000000000000480,crop_loss,8.577078395770622,0.8677408095724418,0.20877565956611532
100,1,00000000000000000485,crop_loss,38.74086168042455,0.7035619878041756,0.03956204372199956
100,1,00000000000000000497,crop_loss,34.94965062356081,0.21121083283806638,0.08759674761709965
100,1,0000000000000000049b,crop_loss,38.236369943204494,0.36723956114971956,0.041963548824563546
100,1,000000000000000004a1,crop_loss,37.51503526095566,0.34801296177156593,0.07303084986702629
100,1,000000000000000004e7,crop_loss,26.61379347817388,0.49221231385852054,0.038495023282110186
100,1,000000000000000004e9,crop_loss,15.574304555173914,0.4228750140984841,0.17200750653706914
100,1,000000000000000004f9,crop_loss,41.34209541154385,0.345497337530065,0.16660935195852639
100,1,00000000000000000517,crop_loss,27.953704141558454,0.31766781528411725,0.1712409717883947
100,1,00000000000000000538,crop_loss,1.066944065921153,0.2983464625012038,0.05816251278065915
100,1,0000000000000000057e,crop_loss,4.651345641288648,0.5316567961453282,0.03265455836629638
100,1,000000000000000005d1,crop_loss,17.288445379610792,0.1538502408843607,0.060329706401948485
100,1,00000000000000000632,crop_loss,14.281543088298779,0.07966401839734764,0.02563353574149832
100,1,0000000000000000063e,crop_loss,40.92286873726191,0.33213669095452975,0.1031282418767337
100,1,00000000000000000655,crop_loss,30.984309383100292,0.5310301508705635,0.16404453535557317
100,1,00000000000000000697,crop_loss,51.19626036319576,0.5926482788143429,0.08468589506192126
100,1,00000000000000000698,crop_loss,17.878699996650948,0.43471140661718294,0.07178067076801165
100,1,000000000000000006a8,crop_loss,47.67544657395675,0.3169796756414686,0.06681086154353078
100,1,000000000000000006b4,crop_loss,43.29499997517625,0.5608142732272384,0.07937589802595146
100,1,000000000000000006be,crop_loss,14.948952304717436,0.4226749187588846,0.09486419411175517
100,1,000000000000000006c0,crop_loss,3.110625902620719,0.1980680421431854,0.06353680029368036
100,1,000000000000000006cc,crop_loss,23.124813726010487,0.3538275423116936,0.060077030444533164
100,1,000000000000000006ce,crop_loss,23.42341949081549,0.5887751875836958,0.13607406681618028
100,1,000000000000000006d9,crop_loss,34.14860180097273,0.1834255893291787,0.060975948397063495
100,1,000000000000000006e5,crop_loss,40.66022784540972,0.514464403135733,0.07805969449696015
100,1,00000000000000000151,built_loss,7.446823240903392,0.24840481488240224,0.04018894581716351
100,1,0000000000000000034d,built_loss,6.214583952614982,0.3961188040457177,0.04740775997791624
100,1,000000000000000003c7,crop_loss,24.893834714444292,0.7182761810870008,0.08039922714159986
100,1,00000000000000000176,built_loss,28.033148939343093,0.6541210587598145,0.05735849931089754
100,1,000000000000000003d2,built_loss,41.131434896144675,0.6346464663303939,0.07926457135578702
100,1,00000000000000000490,built_loss,49.7456482982791,0.6323200738586766,0.07937701010288634
100,1,000000000000000005ad,built_loss,34.63234823284528,0.6600449715586468,0.06887226600085761
100,1,00000000000000000624,built_loss,4.555769513529068,0.4981444666496702,0.0775472397377675
100,1,0000000000000000002d,crop_loss,48.053048809269725,0.46609810833691645,0.06673937749442999
100,1,0000000000000000009d,crop_loss,7.7567571917542635,0.376643366459454,0.07600447671076965
100,1,00000000000000000192,crop_loss,42.32546357990107,0.5581355286068279,0.03770104342660452
100,1,000000000000000003c8,crop_loss,36.81852772023772,0.18944883328384504,0.050753462036327246
100,1,0000000000000000046c,crop_loss,41.45860525408114,0.4738664776607757,0.1367369624343735
100,1,00000000000000000483,crop_loss,11.806332394131752,0.7195095533187569,0.11636996443689096
100,1,000000000000000004ee,crop_loss,22.11553764547684,0.3916398380959621,0.15879378924376664
100,1,00000000000000000611,crop_loss,43.216524881272804,0.653163658489403,0.09531762803416288
100,1,0000000000000000062f,crop_loss,40.765226189037556,0.5566520832992465,0.13591804532989105
100,2,00000000000000000085,built_loss,14.743261899477108,0.3843408214061506,0.07685359213929532
100,2,00000000000000000114,built_loss,28.10935511496465,0.6840188067966071,0.06305247362238964
100,2,0000000000000000024c,built_loss,24.015308210752302,0.7246629878298698,0.06144517075445499
100,2,00000000000000000375,built_loss,36.08572986856901,0.6486046682627383,0.07356460142106558
100,2,000000000000000004d2,built_loss,28.41947308627904,0.5821096415823032,0.29165517642406885
100,2,000000000000000005bd,built_loss,4.933281297491085,0.5602103849134028,0.06371532411665959
100,2,00000000000000000281,crop_loss,42.80866569279081,0.5095744220069315,0.07185848850348053
100,2,000000000000000003a2,crop_loss,28.9765346077144,0.35630626342724336,0.12486760587476642
100,2,00000000000000000001,built_loss,29.1205381179815,0.4677207096706571,0.0678246238838972
100,2,00000000000000000049,built_loss,4.856038027771135,0.47024967866841105,0.07859391756081369
100,2,0000000000000000004a,built_loss,11.621799826147463,0.44636053071255755,0.02751869723776551
100,2,0000000000000000004f,built_loss,39.37243760822447,0.44806591798343676,0.10251340011402726
100,2,0000000000000000005a,built_loss,27.514169214269575,0.45131550010452587,0.03810721006300938
100,2,00000000000000000079,built_loss,57.84269248673776,0.6182943987903833,0.06588456674267318
100,2,00000000000000000087,built_loss,45.83973006766407,0.5942262039799205,0.13168977303041907
100,2,000000000000000000a1,built_loss,8.851459496748877,0.4430754705436369,0.06017187497116744
100,2,000000000000000000b8,built_loss,10.673477290157518,0.5054478654874398,0.20330651735125838
100,2,000000000000000000c0,built_loss,33.6583828276508,0.6343529446879155,0.06748001579652896
100,2,000000000000000000e2,built_loss,17.105961640607468,0.3702864479275081,0.08094837541868904
100,2,000000000000000000f0,built_loss,32.05788985861076,0.6725499212251359,0.109133388539991
100,2,000000000000000000f8,built_loss,44.87051816483521,0.514120883054552,0.08884765178177739
100,2,0000000000000000011c,built_loss,7.185032437463556,0.7305265612348835,0.05498437124743949
100,2,00000000000000000161,built_loss,35.128464676002196,0.6659702479666265,0.06852947477683768
100,2,0000000000000000016a,built_loss,8.550006690890623,0.2465731731328791,0.06395146918288272
100,2,000000000000000001a8,built_loss,42.001672240405576,0.5589517730753643,0.07439670157647282
100,2,000000000000000001be,built_loss,5.955709972847847,0.5126986968274629,0.0910952401136606
100,2,000000000000000001cd,built_loss,44.867158513677396,0.7682581400215054,0.0822977805612628
100,2,000000000000000001e5,built_loss,18.956616431147513,0.5774495647059803,0.07171074123568888
100,2,00000000000000000206,built_loss,32.7317737856031,0.7462209000712011,0.04901686880559197
100,2,00000000000000000209,built_loss,47.46277171777541,0.6358912517857662,0.08390363424811198
100,2,00000000000000000231,built_loss,41.42576877991173,0.5379185438130565,0.08848818033895162
100,2,0000000000000000026d,built_loss,26.288307485289117,0.6049505963160091,0.07939840829173905
100,2,00000000000000000278,built_loss,35.55583776516092,0.7554200221472295,0.07564625426948524
100,2,00000000000000000293,built_loss,29.496334053915728,0.4395659476306842,0.09107761165565709
100,2,000000000000000002a4,built_loss,9.675361194604836,0.4168940161051162,0.04866025924969669
100,2,00000000000000000316,built_loss,2.1055142676061736,0.1207912785420476,0.023193937129176542
100,2,00000000000000000356,built_loss,33.572765730612886,0.5299159900629059,0.12716444045691372
100,2,00000000000000000362,built_loss,43.736952819579734,0.5742251655930958,0.089256054914166
100,2,00000000000000000363,built_loss,25.563864524673832,0.2551428717900326,0.0674148717644093
100,2,00000000000000000364,built_loss,48.35271990973378,0.6314928476342854,0.07715276914565872
100,2,00000000000000000380,built_loss,31.927928205446896,0.5181004367566157,0.07128482431470601
100,2,00000000000000000384,built_loss,15.810353682056865,0.5753644807133249,0.052855761645936084
100,2,0000000000000000039e,built_loss,7.908531087861301,0.47248958255818213,0.0662553137163846
100,2,000000000000000003a1,built_loss,18.660964354020646,0.6325906236112421,0.07520178816982515
100,2,000000000000000003a5,built_loss,21.905805388147446,0.4355796453494708,0.11344807013426589
100,2,000000000000000003b7,built_loss,17.12831183039053,0.48773212820726325,0.03784224650258167
100,2,000000000000000003bf,built_loss,42.19771186228831,0.5345909483059004,0.05483465734802573
100,2,000000000000000003f8,built_loss,6.549702427455389,0.23129118146460165,0.03707695778473588
100,2,000000000000000003fa,built_loss,42.96378800728456,0.4152653802768991,0.05463769106776345
100,2,00000000000000000407,built_loss,40.40612110448235,0.5677657572020234,0.11693057531905926
100,2,0000000000000000040f,built_loss,29.620501180473074,0.5274288975111504,0.034292650894531485
100,2,00000000000000000426,built_loss,31.286570456937582,0.5653543040724991,0.06534680057781439
100,2,0000000000000000042b,built_loss,36.46773551732737,0.5658504390259617,0.08905264999855744
100,2,00000000000000000442,built_loss,3.8530703652422553,0.36012073053702565,0.22262111626640246
100,2,00000000000000000465,built_loss,41.32232433728182,0.6243854761480817,0.0810718648177905
100,2,0000000000000000047e,built_loss,18.02391860449363,0.533230584918178,0.08180766013397278
100,2,000000000000000004c0,built_loss,36.688251047942266,0.6506019548377959,0.060361489384921585
100,2,000000000000000004c5,built_loss,12.131217767515762,0.5573777745801937,0.0759130659483861
100,2,000000000000000004d9,built_loss,32.8916839572795,0.5468154639875571,0.05322245922760349
100,2,000000000000000004eb,built_loss,41.86761005884411,0.44888906402384043,0.0484691809615212
100,2,000000000000000004f5,built_loss,8.157862460169989,0.48908612197563817,0.09994074069326386
100,2,000000000000000004f7,built_loss,8.431899078425946,0.4810135950226376,0.03666859001475736
100,2,000000000000000004fe,built_loss,16.420702339779073,0.5063755157288115,0.05132335563948237
100,2,0000000000000000051d,built_loss,20.088725593456036,0.5805595522708561,0.1714102239151017
100,2,00000000000000000559,built_loss,37.793029140227844,0.6744105736339966,0.09447740874931565
100,2,00000000000000000576,built_loss,8.597121874311247,0.29016986853239823,0.05483608398966494
100,2,00000000000000000577,built_loss,10.135040119687442,0.4642068304680534,0.11806516177026416
100,2,0000000000000000057f,built_loss,2.364984551563189,0.4083875892805659,0.0803746227811491
100,2,00000000000000000594,built_loss,19.71497044736543,0.5403902856980909,0.2115206713131943
100,2,000000000000000005bf,built_loss,29.253972448741052,0.3944110031147587,0.05220375807220734
100,2,000000000000000005cc,built_loss,11.21410601479986,0.3523828374633517,0.05112341786956981
100,2,000000000000000005de,built_loss,32.4617856874979,0.43668711930210574,0.034493592514523885
100,2,000000000000000005e7,built_loss,37.767027904995665,0.6561288296544853,0.10467898287123112
100,2,000000000000000005f9,built_loss,16.23894001989707,0.6839156283464063,0.07442921392158752
100,2,0000000000000000061c,built_loss,20.660374868865393,0.42631929358888854,0.09692866874119471
100,2,00000000000000000626,built_loss,30.44263098237707,0.4770436366335123,0.041739383840480704
100,2,0000000000000000062a,built_loss,34.96217074289927,0.5740676103399531,0.07145836079275336
100,2,00000000000000000636,built_loss,24.32287397543271,0.49575963877283014,0.1512450571682915
100,2,0000000000000000064a,built_loss,3.1779060488428734,0.28353941651582487,0.04253521828539192
100,2,0000000000000000064d,built_loss,14.51497542677934,0.4363061161969254,0.0758167852000628
100,2,00000000000000000694,built_loss,27.86129915197712,0.36640212635636155,0.0423751301426728
100,2,0000000000000000069d,built_loss,41.06837887881799,0.6443698680692033,0.08252260923218502
100,2,000000000000000006b7,built_loss,27.97480102696635,0.4682205008192227,0.05346639180775403
100,2,000000000000000006df,built_loss,18.758748737851754,0.22965735388305072,0.10375641420556014
100,2,000000000000000006e3,built_loss,29.762494851771805,0.4009652360571996,0.09108457066077896
100,2,00000000000000000011,crop_loss,43.01785876275272,0.7928785135352805,0.3398509733262063
100,2,0000000000000000002b,crop_loss,45.088333017979515,0.17776969953963356,0.1162903634768328
100,2,0000000000000000003a,crop_loss,38.94012172676905,0.28064557975239846,0.09885760498451357
100,2,0000000000000000009b,crop_loss,15.822022906893771,0.49003022476696845,0.01741576064358863
100,2,000000000000000000a8,crop_loss,25.8187127569483,0.20079106665147547,0.0325241411487619
100,2,000000000000000000da,crop_loss,24.716009032416835,0.7462864543408674,0.06345229516526185
100,2,000000000000000000e3,crop_loss,46.963985449283584,0.49845073834185505,0.09389042565006017
100,2,000000000000000000e9,crop_loss,5.309130429465644,0.42516405055891476,0.1079584039479699
100,2,0000000000000000011b,crop_loss,31.513020332056083,0.4888872486467598,0.04170951966336084
100,2,00000000000000000128,crop_loss,34.17325298254409,0.5516541024912213,0.04285428890732945
100,2,0000000000000000016c,crop_loss,40.37845191362755,0.4545074221031498,0.11408744266870702
100,2,00000000000000000196,crop_loss,22.4033652480135,0.2389951428906679,0.056484322042541946
100,2,000000000000000001a6,crop_loss,37.9206364407875,0.308206044793418,0.09371533894684442
100,2,000000000000000001e4,crop_loss,39.46020886550977,0.4999799492346196,0.06090213552783985
100,2,000000000000000001f9,crop_loss,38.62580905399744,0.4677512636402673,0.2245453725320804
100,2,00000000000000000228,crop_loss,25.991461458380382,0.5206448656200502,0.11778588709429827
100,2,0000000000000000028c,crop_loss,4.216474881226373,0.2849898556949891,0.057424636073377444
100,2,0000000000000000028d,crop_loss,26.417092546108957,0.6718955541507683,0.08608292268316076
100,2,00000000000000000291,crop_loss,13.812916607147004,0.8850034158411926,0.023580357791507023
100,2,000000000000000002c5,crop_loss,27.91518040055479,0.3446039390692054,0.11218961538872096
100,2,000000000000000002cc,crop_loss,17.934379335340193,0.35708216663698555,0.20414212789735964
100,2,000000000000000002dc,crop_loss,44.74941843781801,0.6461428807542072,0.06759160657165764
100,2,000000000000000002e4,crop_loss,45.338038773710856,0.29683861290946845,0.13190196131924387
100,2,000000000000000002ec,crop_loss,40.984632368202604,0.5221248007007823,0.09296374296184018
100,2,00000000000000000314,crop_loss,33.02182061940722,0.10053267208198567,0.057841056557126805
100,2,00000000000000000335,crop_loss,44.12497714259201,0.44558258370381426,0.07917397113312558
100,2,0000000000000000033a,crop_loss,30.09171160183068,0.5152205651882078,0.08455462732555319
100,2,000000000000000003b0,crop_loss,42.65738671282581,0.19894222293490138,0.0764671969939344
100,2,000000000000000003f1,crop_loss,47.55149297788712,0.46876371399299716,0.07385680868547434
100,2,000000000000000003f2,crop_loss,35.19484876019431,0.46123214881443236,0.060902688268899274
100,2,0000000000000000044b,crop_loss,12.177512228957195,0.5557773596007146,0.0457258725655848
100,2,00000000000000000480,crop_loss,10.055379028156553,0.8751059581308458,0.04071387854965469
100,2,00000000000000000485,crop_loss,37.61572431413307,0.7114342825279383,0.05500184824764942
100,2,00000000000000000497,crop_loss,38.51945368289946,0.20424872054492768,0.08653973291323144
100,2,0000000000000000049b,crop_loss,41.104777380712626,0.3530463627052372,0.03947914243994122
100,2,000000000000000004a1,crop_loss,34.36343235116039,0.3676769095463443,0.06668323150825267
100,2,000000000000000004e7,crop_loss,26.19617880465305,0.4894185710361283,0.029287946537381926
100,2,000000000000000004e9,crop_loss,15.775726509370259,0.3304035834343796,0.13669183126080126
100,2,000000000000000004f9,crop_loss,43.52447414838716,0.3495924495338014,0.14374756524760557
100,2,00000000000000000517,crop_loss,29.836477696999687,0.4109186602606457,0.19755087665001225
100,2,00000000000000000538,crop_loss,1.067811888749579,0.29196851269329954,0.053970501642444046
100,2,0000000000000000057e,crop_loss,4.290408287004128,0.5396752698589843,0.02801878478880737
100,2,000000000000000005d1,crop_loss,17.669266025449254,0.15548186324861307,0.07562589172786896
100,2,00000000000000000632,crop_loss,14.956224694304272,0.08436382170935323,0.03176349309531443
100,2,0000000000000000063e,crop_loss,44.5521888631932,0.3049526663461077,0.07728410921865236
100,2,00000000000000000655,crop_loss,35.28000244577193,0.4774453250626362,0.23208012366982733
100,2,00000000000000000697,crop_loss,50.36558394784074,0.6004165149375497,0.08150032541714103
100,2,00000000000000000698,crop_loss,18.600406401622298,0.43916323039522426,0.0972573518694752
100,2,000000000000000006a8,crop_loss,46.36037495618886,0.29826423430790766,0.08170162303529155
100,2,000000000000000006b4,crop_loss,43.456272342513756,0.49819486002113234,0.11549222618262306
100,2,000000000000000006be,crop_loss,16.20719983674862,0.3728065043337077,0.09002261835111436
100,2,000000000000000006c0,crop_loss,2.679609678341941,0.17873489368408835,0.05718582131620778
100,2,000000000000000006cc,crop_loss,23.752699257121233,0.33203453344545525,0.05262857127878012
100,2,000000000000000006ce,crop_loss,24.99728290276405,0.6007038122382177,0.13655412982283044
100,2,000000000000000006d9,crop_loss,37.538445858426165,0.21421980367640628,0.06463806474464609
100,2,000000000000000006e5,crop_loss,42.28101188173864,0.5448011752938976,0.08641696624625916
100,2,00000000000000000151,built_loss,7.490242802021105,0.261836577910643,0.044215942252965296
100,2,0000000000000000034d,built_loss,5.948678799498343,0.3920546547590749,0.038429297133576956
100,2,000000000000000003c7,crop_loss,27.659073733051137,0.728445039762704,0.06471680689433956
100,2,00000000000000000176,built_loss,26.13288461149471,0.6619828379676567,0.05797782412609076
100,2,000000000000000003d2,built_loss,42.46014240133136,0.6005913370953975,0.10019808102314942
100,2,00000000000000000490,built_loss,47.24042946449834,0.657232070644889,0.07413175984137954
100,2,000000000000000005ad,built_loss,34.618433994884,0.6325235354929011,0.09749516198553076
100,2,00000000000000000624,built_loss,4.9310800302017865,0.5170823179833326,0.07951055979119959
100,2,0000000000000000002d,crop_loss,46.59354154777708,0.47975014140669964,0.07462169164380583
100,2,0000000000000000009d,crop_loss,7.229365575670788,0.3927053246156292,0.07883217109824031
100,2,00000000000000000192,crop_loss,39.52075175084031,0.5571170972478029,0.03781662018984766
100,2,000000000000000003c8,crop_loss,39.90070723902562,0.20907390896980044,0.06762833695541423
100,2,0000000000000000046c,crop_loss,42.63609432929328,0.5126038087762089,0.13233704620592313
100,2,00000000000000000483,crop_loss,12.12976877053906,0.656777269835972,0.11082648589031119
100,2,000000000000000004ee,crop_loss,21.99502263804238,0.3458194987196976,0.17860096530881314
100,2,00000000000000000611,crop_loss,44.293426630468915,0.6586290833550825,0.06424275564794302
100,2,0000000000000000062f,crop_loss,42.86821558780263,0.5288935627022984,0.1456643108662034
100,3,00000000000000000085,built_loss,13.616717471449904,0.35673223210774774,0.09842106611489793
100,3,00000000000000000114,built_loss,26.150758272049316,0.6825698390896634,0.07018890004328693
100,3,0000000000000000024c,built_loss,24.579940151420775,0.7288743880709816,0.051205500148584715
100,3,00000000000000000375,built_loss,35.259210243778654,0.6510793133148914,0.08596886808856008
100,3,000000000000000004d2,built_loss,26.037871798281966,0.5676274788894534,0.2816592484976862
100,3,000000000000000005bd,built_loss,5.058225613025408,0.5489576682047366,0.06988545614448882
100,3,00000000000000000281,crop_loss,39.958301621817974,0.5204177960922013,0.06553818346787732
100,3,000000000000000003a2,crop_loss,28.673593770512817,0.3572378856027529,0.08412122283084195
100,3,00000000000000000001,built_loss,21.427511552272556,0.46887438995394554,0.0701645157215684
100,3,00000000000000000049,built_loss,4.355504757382058,0.47639698799511077,0.06565451122493826
100,3,0000000000000000004a,built_loss,11.47540117017097,0.44234988472633163,0.037425953130258816
100,3,0000000000000000004f,built_loss,34.497874946725325,0.44472225944217575,0.10415052018166976
100,3,0000000000000000005a,built_loss,28.498974437541698,0.444121881629978,0.049070556428278844
100,3,00000000000000000079,built_loss,51.26529791427119,0.623190017962275,0.06931489957217885
100,3,00000000000000000087,built_loss,41.45926556212231,0.6188593182934402,0.1357982666731007
100,3,000000000000000000a1,built_loss,9.188871088360138,0.4364018292605819,0.059691897352949
100,3,000000000000000000b8,built_loss,10.179689841511424,0.4882861020663205,0.14281799272679174
100,3,000000000000000000c0,built_loss,36.31266450909645,0.6360435517580464,0.05335211166450171
100,3,000000000000000000e2,built_loss,15.435906200684947,0.3885901696839077,0.07215976928892615
100,3,000000000000000000f0,built_loss,32.76472364533948,0.6930048383541048,0.09523079679738966
100,3,000000000000000000f8,built_loss,44.67958559531789,0.5147285762268285,0.08191671774876819
100,3,0000000000000000011c,built_loss,6.634747308776807,0.7266621166094784,0.05601978405153818
100,3,00000000000000000161,built_loss,36.14561995787156,0.6486364893519724,0.08233162040353892
100,3,0000000000000000016a,built_loss,8.386080015471187,0.2319926196434447,0.07274681656666698
100,3,000000000000000001a8,built_loss,45.153613592257166,0.5541353886364383,0.07889373551399947
100,3,000000000000000001be,built_loss,5.300625057984593,0.5220159040210457,0.07469749616343846
100,3,000000000000000001cd,built_loss,46.993994568679575,0.7617674377761289,0.08935737521254983
100,3,000000000000000001e5,built_loss,18.258069769715117,0.5571646847972681,0.08269331764887189
100,3,00000000000000000206,built_loss,37.65285775098824,0.734732931328081,0.0888437468002844
100,3,00000000000000000209,built_loss,46.26610399575119,0.6501736576105867,0.0863492767505768
100,3,00000000000000000231,built_loss,45.94416859006277,0.5248863741305069,0.0861439288450419
100,3,0000000000000000026d,built_loss,29.82785239868044,0.5926909439222755,0.08923212362722888
100,3,00000000000000000278,built_loss,37.51680893414062,0.7539426890680864,0.08528232546859316
100,3,00000000000000000293,built_loss,24.988046324043452,0.4962862164572284,0.07995992785112888
100,3,000000000000000002a4,built_loss,11.420034520852653,0.4163090796151117,0.05012732025377131
100,3,00000000000000000316,built_loss,1.9758122141095902,0.12226960216997111,0.027502189166164995
100,3,00000000000000000356,built_loss,33.51992017085582,0.5654773998342502,0.13125629412561557
100,3,00000000000000000362,built_loss,43.68381587929582,0.5821561518241928,0.06664462165650487
100,3,00000000000000000363,built_loss,25.38734497980447,0.2500386175245479,0.041397561812117734
100,3,00000000000000000364,built_loss,47.4492628427306,0.6440353256197985,0.08823811928083414
100,3,00000000000000000380,built_loss,31.701191931934,0.4885011808152217,0.06723101637067053
100,3,00000000000000000384,built_loss,18.297426831728966,0.5928273035690041,0.055310652764173796
100,3,0000000000000000039e,built_loss,8.876043786025422,0.4894833700318446,0.05467672587073763
100,3,000000000000000003a1,built_loss,19.174754263433776,0.6553623189902591,0.08213632495490497
100,3,000000000000000003a5,built_loss,22.71490935601073,0.39695737776855494,0.09914308818344186
100,3,000000000000000003b7,built_loss,15.151050124016399,0.49203587085301903,0.03326948020862047
100,3,000000000000000003bf,built_loss,42.216373624107895,0.5212743423688819,0.05521225218362097
100,3,000000000000000003f8,built_loss,6.926020290072126,0.22775223362039013,0.034932469744972994
100,3,000000000000000003fa,built_loss,42.289425075420716,0.40776255622727015,0.053516403081766306
100,3,00000000000000000407,built_loss,41.6272262828733,0.5636752322441191,0.07771967384767797
100,3,0000000000000000040f,built_loss,31.052170123785835,0.521742720856296,0.026117559653167866
100,3,00000000000000000426,built_loss,29.8693099587773,0.5601369237714021,0.0625690679304367
100,3,0000000000000000042b,built_loss,35.42150495560265,0.5709519351958969,0.08612984514207866
100,3,00000000000000000442,built_loss,4.106524731470529,0.3114865493755341,0.2564358628630434
100,3,00000000000000000465,built_loss,45.172232871571495,0.6175409664423018,0.07345074466262702
100,3,0000000000000000047e,built_loss,19.991742151366378,0.5458846239060688,0.06286729572132554
100,3,000000000000000004c0,built_loss,39.47758349996577,0.6605282368234939,0.05495532553068694
100,3,000000000000000004c5,built_loss,12.698793191786553,0.6181040358770504,0.08281344773762667
100,3,000000000000000004d9,built_loss,40.3124735504454,0.5507801157746224,0.06050550441103242
100,3,000000000000000004eb,built_loss,41.7908539611663,0.4502110994945118,0.04157174713828482
100,3,000000000000000004f5,built_loss,8.854985453753411,0.47478688861774637,0.08834295355388405
100,3,000000000000000004f7,built_loss,7.73820769018242,0.4803183524126888,0.03405744691327789
100,3,000000000000000004fe,built_loss,18.21760631059595,0.4905250881867046,0.043220066232208976
100,3,0000000000000000051d,built_loss,21.103241120246718,0.5506090192719681,0.22313317070931926
100,3,00000000000000000559,built_loss,34.768349448953806,0.6926431131711367,0.07190307089304959
100,3,00000000000000000576,built_loss,8.224534471077872,0.2786555944794905,0.06163466728156669
100,3,00000000000000000577,built_loss,10.401652619280279,0.4709128358998283,0.09494428513148884
100,3,0000000000000000057f,built_loss,2.387688074813406,0.40494415095529684,0.07386396982226684
100,3,00000000000000000594,built_loss,17.420275058739723,0.553121356112169,0.2737411191506199
100,3,000000000000000005bf,built_loss,26.103667297120552,0.4025999171900392,0.05362746872956242
100,3,000000000000000005cc,built_loss,12.19932803626686,0.35388483447789904,0.046082304317286604
100,3,000000000000000005de,built_loss,30.553798292058474,0.4360331113062755,0.03960752592319572
100,3,000000000000000005e7,built_loss,40.0524085609053,0.6626687808337173,0.09916836280520225
100,3,000000000000000005f9,built_loss,15.733585621083352,0.6618995506929519,0.09476999639298311
100,3,0000000000000000061c,built_loss,20.09993099681397,0.41819012398027394,0.0626656548103669
100,3,00000000000000000626,built_loss,32.04641732029813,0.49209498871820884,0.055864987575803104
100,3,0000000000000000062a,built_loss,37.952946456766284,0.5477188079925466,0.07209871783823285
100,3,00000000000000000636,built_loss,20.89004661986192,0.5248121959470349,0.15125215987507762
100,3,0000000000000000064a,built_loss,3.615972822223837,0.2988797000974587,0.03820720152412255
100,3,0000000000000000064d,built_loss,14.979772623078317,0.4198606480875035,0.10156912141340041
100,3,00000000000000000694,built_loss,26.51146569679273,0.3796094687973921,0.039823390542298054
100,3,0000000000000000069d,built_loss,39.62973664343711,0.6495792949480539,0.08364515428473751
100,3,000000000000000006b7,built_loss,28.22260230012137,0.4526733113913486,0.04941242226510978
100,3,000000000000000006df,built_loss,17.894372055287697,0.2485074830190319,0.12792066924129877
100,3,000000000000000006e3,built_loss,28.857029742757025,0.4000469968609701,0.07915822036177284
100,3,00000000000000000011,crop_loss,43.72761305785205,0.6556073398065562,0.34669389356826874
100,3,0000000000000000002b,crop_loss,42.47529520155144,0.1972006860179663,0.13131648053105097
100,3,0000000000000000003a,crop_loss,41.043226771999436,0.28146081706471654,0.08028813588077122
100,3,0000000000000000009b,crop_loss,16.141779819412662,0.4965141923842535,0.01454007281128794
100,3,000000000000000000a8,crop_loss,26.306990799606425,0.2022965704700053,0.03984495143734723
100,3,000000000000000000da,crop_loss,27.314319781507606,0.7660801857553423,0.05596955874719356
100,3,000000000000000000e3,crop_loss,45.77632595616502,0.4776838737347001,0.06193202162483974
100,3,000000000000000000e9,crop_loss,4.522929724298061,0.4380828576376489,0.08559907901169633
100,3,0000000000000000011b,crop_loss,29.471281986845877,0.48945698137970123,0.03927151852487892
100,3,00000000000000000128,crop_loss,30.062101636650862,0.549231825605509,0.0425768078864861
100,3,0000000000000000016c,crop_loss,43.95388466099979,0.4779955874380679,0.08439677784044614
100,3,00000000000000000196,crop_loss,24.182280987913565,0.24811825594747908,0.051047077473456465
100,3,000000000000000001a6,crop_loss,36.43416420916692,0.28649546817346866,0.11611138529520193
100,3,000000000000000001e4,crop_loss,42.976368500830866,0.4956130767914435,0.054478115041318664
100,3,000000000000000001f9,crop_loss,42.84081401579757,0.4221289157552535,0.2590936282378561
100,3,00000000000000000228,crop_loss,26.605118746023983,0.48834276251131753,0.140714429382907
100,3,0000000000000000028c,crop_loss,3.843861320681523,0.2926020752874524,0.06560365949606312
100,3,0000000000000000028d,crop_loss,25.788852652052483,0.6427448868557321,0.08918641875674893
100,3,00000000000000000291,crop_loss,15.760394170175294,0.8839142929800609,0.0243630492121375
100,3,000000000000000002c5,crop_loss,26.329777922375797,0.33268554325232236,0.11341108060887811
100,3,000000000000000002cc,crop_loss,18.963962650836905,0.41925776018836564,0.2341612547152621
100,3,000000000000000002dc,crop_loss,43.31882528637378,0.6603393439688094,0.06998673028317526
100,3,000000000000000002e4,crop_loss,41.243152699628254,0.31566207008343605,0.09320839837697797
100,3,000000000000000002ec,crop_loss,47.791498269321316,0.4827309986404157,0.08267681037790375
100,3,00000000000000000314,crop_loss,30.638311673660706,0.09891858748949633,0.07453668125833983
100,3,00000000000000000335,crop_loss,47.03710899603247,0.44442184099656123,0.07063903511311048
100,3,0000000000000000033a,crop_loss,29.850283585251386,0.5330702225123489,0.08709012896498713
100,3,000000000000000003b0,crop_loss,44.70479033150088,0.19857743806359665,0.07456607726317604
100,3,000000000000000003f1,crop_loss,47.06854808522733,0.4602856736001617,0.08392691838726407
100,3,000000000000000003f2,crop_loss,36.26055811581969,0.46134718026863436,0.046793707869390966
100,3,0000000000000000044b,crop_loss,14.197666863961615,0.5547510447366839,0.03760622480376197
100,3,00000000000000000480,crop_loss,10.16732593235719,0.8669866170507271,0.0674158942446681
100,3,00000000000000000485,crop_loss,43.27575946090812,0.7035754848375427,0.04559151789105509
100,3,00000000000000000497,crop_loss,35.034682269973956,0.235209312212717,0.09705131043306053
100,3,0000000000000000049b,crop_loss,38.28311245052789,0.347543842907657,0.04804162996493083
100,3,000000000000000004a1,crop_loss,33.001451914724626,0.3345903249205852,0.06533871911661998
100,3,000000000000000004e7,crop_loss,27.790982330130873,0.4855970618147062,0.03984717985728081
100,3,000000000000000004e9,crop_loss,14.848428228859673,0.40664471558918436,0.17078865364037688
100,3,000000000000000004f9,crop_loss,37.68910754195067,0.39298890281015136,0.1885723040629131
100,3,00000000000000000517,crop_loss,29.02481409719543,0.3222980430569058,0.15281730634201002
100,3,00000000000000000538,crop_loss,1.0683182872991281,0.29993128707505456,0.040462966315727766
100,3,0000000000000000057e,crop_loss,4.504491065808855,0.5447926843458597,0.04725676771410592
100,3,000000000000000005d1,crop_loss,15.513950298554732,0.12991206873170846,0.04123756187899498
100,3,00000000000000000632,crop_loss,13.270707647972662,0.08099793402234559,0.022005396571793026
100,3,0000000000000000063e,crop_loss,46.54591425448895,0.3145020719176632,0.06808141676886803
100,3,00000000000000000655,crop_loss,32.05985415154816,0.48660604764693455,0.24774306145881103
100,3,00000000000000000697,crop_loss,53.34000251607881,0.6127498060261024,0.071407510679112
100,3,00000000000000000698,crop_loss,18.62501216159825,0.4217540752905358,0.07174840373720043
100,3,000000000000000006a8,crop_loss,49.567309391460576,0.29411525749383105,0.08759140170293334
100,3,000000000000000006b4,crop_loss,43.78526877787494,0.5632196747321282,0.10852013689125106
100,3,000000000000000006be,crop_loss,13.906069335306903,0.39690070133012156,0.07915736789584249
100,3,000000000000000006c0,crop_loss,3.0912741737002913,0.20668527544476675,0.055444465170732926
100,3,000000000000000006cc,crop_loss,20.68221581928041,0.3424733307151293,0.05532470548241597
100,3,000000000000000006ce,crop_loss,26.68776953446024,0.5899305735620075,0.12806529956566393
100,3,000000000000000006d9,crop_loss,34.447902798475,0.2118594214444727,0.06090536722208295
100,3,000000000000000006e5,crop_loss,42.297899407073224,0.5426347820218,0.10113767349142577
100,3,00000000000000000151,built_loss,7.5059676268848445,0.25980601686921,0.040720307337695494
100,3,0000000000000000034d,built_loss,6.506834358864039,0.4122842043567047,0.04498704908143869
100,3,000000000000000003c7,crop_loss,30.651998701896822,0.7389507483695418,0.07593428596136254
100,3,00000000000000000176,built_loss,23.29428089672078,0.6490013787800886,0.06105958479913853
100,3,000000000000000003d2,built_loss,46.44440678122532,0.5919754951020331,0.11790659183864816
100,3,00000000000000000490,built_loss,46.30550834021774,0.6353124153131852,0.07298149173654889
100,3,000000000000000005ad,built_loss,34.34984186019068,0.6546834172894788,0.08534811961933553
100,3,00000000000000000624,built_loss,5.174831989695115,0.46458709458302516,0.0995473152007103
100,3,0000000000000000002d,crop_loss,47.14948999902196,0.46951764335813323,0.06433620991968692
100,3,0000000000000000009d,crop_loss,6.397894580333604,0.3959679805334157,0.05936922625413876
100,3,00000000000000000192,crop_loss,39.745012440814605,0.5596411789287524,0.045436385679314295
100,3,000000000000000003c8,crop_loss,35.120334722651,0.17698121037463418,0.04342217820119523
100,3,0000000000000000046c,crop_loss,43.05909432620892,0.5146331148293211,0.16523943725073337
100,3,00000000000000000483,crop_loss,12.606939799043067,0.6991980318844107,0.10793094647134749
100,3,000000000000000004ee,crop_loss,21.824869325617378,0.383654042088498,0.16497234932409938
100,3,00000000000000000611,crop_loss,44.1602566941892,0.6309572369215902,0.06519453856643875
100,3,0000000000000000062f,crop_loss,44.28636625814588,0.5146574433915788,0.16037524918312623
100,4,00000000000000000085,built_loss,15.55723991875983,0.371647820638309,0.09911151442690769
100,4,00000000000000000114,built_loss,27.946082201990347,0.6823517666877668,0.06908926330644827
100,4,0000000000000000024c,built_loss,23.486667052168862,0.7104002318612552,0.05885895804885366
100,4,00000000000000000375,built_loss,34.34772659039035,0.6529965374126286,0.0688365445558794
100,4,000000000000000004d2,built_loss,30.420908386134144,0.5519489127695175,0.26051157934739094
100,4,000000000000000005bd,built_loss,5.157692405378014,0.5522420592161807,0.07292642587093157
100,4,00000000000000000281,crop_loss,41.74085905969076,0.504707197751673,0.06030006062243681
100,4,000000000000000003a2,crop_loss,27.077483959518275,0.3671387684541593,0.11052794723681375
100,4,00000000000000000001,built_loss,22.738446980109202,0.43830282922106123,0.08633755514072117
100,4,00000000000000000049,built_loss,4.12845536216969,0.4953621793520298,0.05444773488433158
100,4,0000000000000000004a,built_loss,11.262456355591759,0.43801755784187907,0.03522828780040499
100,4,0000000000000000004f,built_loss,36.95799741454385,0.4317252615019761,0.11574255534638828
100,4,0000000000000000005a,built_loss,29.560192075307256,0.4416882203034699,0.04849580460502623
100,4,00000000000000000079,built_loss,56.94556942478967,0.6173523957742858,0.06895337824106296
100,4,00000000000000000087,built_loss,46.47078512663881,0.6115325978188213,0.12665845417136812
100,4,000000000000000000a1,built_loss,8.43464732386518,0.46299485434867743,0.04512259873884533
100,4,000000000000000000b8,built_loss,10.853029367830732,0.5167877794242333,0.16754495907990946
100,4,000000000000000000c0,built_loss,34.157248678605974,0.6395202008036035,0.04924201549548435
100,4,000000000000000000e2,built_loss,19.22977801129654,0.3737430367303386,0.09495552051736061
100,4,000000000000000000f0,built_loss,28.42236098609545,0.6761840880108979,0.09109979972578641
100,4,000000000000000000f8,built_loss,43.653257863451124,0.5325685920699091,0.10579303522832928
100,4,0000000000000000011c,built_loss,6.833714577568255,0.7275009294272897,0.04352340573216884
100,4,00000000000000000161,built_loss,36.693968779163164,0.6283720498016816,0.07465746797701733
100,4,0000000000000000016a,built_loss,9.31519129142342,0.24724621794128132,0.07068638347950307
100,4,000000000000000001a8,built_loss,41.98665121600584,0.5383891765578875,0.08183829501803119
100,4,000000000000000001be,built_loss,5.703629090335122,0.5281382828723623,0.0754307340140743
100,4,000000000000000001cd,built_loss,43.45157534607456,0.7605216990934442,0.08760249278156873
100,4,000000000000000001e5,built_loss,21.399285751325642,0.5649660956051891,0.10738894913487218
100,4,00000000000000000206,built_loss,39.934749217970094,0.7053759624999346,0.08736392342212873
100,4,00000000000000000209,built_loss,50.506581729860144,0.6076057019544382,0.10279360118381264
100,4,00000000000000000231,built_loss,43.59664144381282,0.5605299093654904,0.07781044395671122
100,4,0000000000000000026d,built_loss,29.65424214343697,0.5958665090371339,0.07619440492266172
100,4,00000000000000000278,built_loss,34.63099788766164,0.756765853556504,0.08305256403526795
100,4,00000000000000000293,built_loss,29.9883952557414,0.49103312755883555,0.07997989810165496
100,4,000000000000000002a4,built_loss,9.799506597289414,0.39763852057637694,0.05989535784454669
100,4,00000000000000000316,built_loss,1.9710879000524457,0.12591424203280882,0.02327231092902121
100,4,00000000000000000356,built_loss,34.176856358067816,0.5483302796890227,0.10695104902603403
100,4,00000000000000000362,built_loss,42.252229966573275,0.5812797878886403,0.0799988744438146
100,4,00000000000000000363,built_loss,25.349479050253674,0.24886185938891547,0.05792864555895175
100,4,00000000000000000364,built_loss,47.84200947967634,0.6400816819915321,0.06945491058358844
100,4,00000000000000000380,built_loss,32.58255346899513,0.4730325209895659,0.051809576867080376
100,4,00000000000000000384,built_loss,19.856570085629198,0.5732256245848345,0.05310061706339042
100,4,0000000000000000039e,built_loss,8.258481024669507,0.5069479189260375,0.0609078257303014
100,4,000000000000000003a1,built_loss,19.153452902306793,0.6376129757364842,0.07990291366474589
100,4,000000000000000003a5,built_loss,22.498769655183736,0.43488800540059047,0.11915169647755708
100,4,000000000000000003b7,built_loss,15.341930360919909,0.4868001610726172,0.04056250373252146
100,4,000000000000000003bf,built_loss,42.51491148674693,0.5675516975414447,0.061507759359348935
100,4,000000000000000003f8,built_loss,6.755022194205075,0.21960291939033064,0.03415527130218951
100,4,000000000000000003fa,built_loss,45.14934597196132,0.4216517208931734,0.0662508976172701
100,4,00000000000000000407,built_loss,41.69218490830981,0.5583002693937308,0.06909937069220484
100,4,0000000000000000040f,built_loss,30.659592697889373,0.5239191389009302,0.03332133543266913
100,4,00000000000000000426,built_loss,28.704787809660015,0.5547998435024465,0.06289622140856133
100,4,0000000000000000042b,built_loss,35.015187713472365,0.5709849818341598,0.06756668938844546
100,4,00000000000000000442,built_loss,4.090469335079164,0.34626171227465485,0.24322233779639635
100,4,00000000000000000465,built_loss,44.27195240634049,0.6191561034875284,0.06217237497098782
100,4,0000000000000000047e,built_loss,21.47042784222586,0.5293498218001875,0.05252912235078777
100,4,000000000000000004c0,built_loss,33.44115221286868,0.6665296146254748,0.062385205997739446
100,4,000000000000000004c5,built_loss,12.978553441780557,0.5780939642664052,0.0826809984132324
100,4,000000000000000004d9,built_loss,37.67048332366209,0.544084639454437,0.05155028091991776
100,4,000000000000000004eb,built_loss,42.66728960730206,0.4450729520799587,0.04693562957414327
100,4,000000000000000004f5,built_loss,8.795642100464097,0.4613394000278955,0.09440143402640139
100,4,000000000000000004f7,built_loss,8.370925154317547,0.4772919026753976,0.039728208916094354
100,4,000000000000000004fe,built_loss,16.35417646582875,0.4955254540132552,0.03156237022465436
100,4,0000000000000000051d,built_loss,22.94676542645892,0.49365758770904955,0.17874450096701983
100,4,00000000000000000559,built_loss,34.31170489688642,0.6843572092206849,0.09383004087987179
100,4,00000000000000000576,built_loss,9.247261842271927,0.27215788154401543,0.060184868322188806
100,4,00000000000000000577,built_loss,10.020636942717536,0.4888018799560475,0.08855304916560813
100,4,0000000000000000057f,built_loss,2.3622000012454802,0.40454817047414154,0.06655674389128458
100,4,00000000000000000594,built_loss,20.041815552949075,0.5269062031012586,0.21501574647067917
100,4,000000000000000005bf,built_loss,28.436376387325772,0.41437907590077105,0.06515264947817428
100,4,000000000000000005cc,built_loss,10.6180425449836,0.3523962771037325,0.03244714590657927
100,4,000000000000000005de,built_loss,31.794297871131246,0.4285127385288831,0.04527790668330889
100,4,000000000000000005e7,built_loss,39.045294880144695,0.6658028299453508,0.08426424177204017
100,4,000000000000000005f9,built_loss,16.116629369469365,0.6532819111460929,0.08430740999893105
100,4,0000000000000000061c,built_loss,20.472936428140105,0.4198227651560951,0.07720051648476439
100,4,00000000000000000626,built_loss,31.90838281806416,0.48206456472336623,0.05779532044150831
100,4,0000000000000000062a,built_loss,35.190885620910635,0.5660399983611336,0.05460616194335466
100,4,00000000000000000636,built_loss,19.122459706343975,0.46701398399514193,0.15749752896758834
100,4,0000000000000000064a,built_loss,3.39328121987079,0.2999610056866688,0.04671000845927864
100,4,0000000000000000064d,built_loss,12.55207696388831,0.4449372060437246,0.07369990443900387
100,4,00000000000000000694,built_loss,24.970825832311796,0.37130382633895237,0.04108324833492116
100,4,0000000000000000069d,built_loss,35.759220469503454,0.6485259753878544,0.0734662545307857
100,4,000000000000000006b7,built_loss,28.95199622808871,0.44500980115546757,0.05539923073033054
100,4,000000000000000006df,built_loss,17.915656868645137,0.23172036704928725,0.09654640515466728
100,4,000000000000000006e3,built_loss,26.560936386346658,0.4265316860112495,0.10433747395880816
100,4,00000000000000000011,crop_loss,41.05964173446488,0.6887164991888896,0.3653336314846028
100,4,0000000000000000002b,crop_loss,42.96820980282071,0.16934771725221592,0.09054398685768422
100,4,0000000000000000003a,crop_loss,37.47420070160777,0.31087812105668516,0.08531185726754309
100,4,0000000000000000009b,crop_loss,16.9856665728973,0.4925765098452024,0.016804852443368934
100,4,000000000000000000a8,crop_loss,29.640744911383173,0.20354950837708102,0.0339294214806376
100,4,000000000000000000da,crop_loss,24.344609816090703,0.7609610951872192,0.048932416084798036
100,4,000000000000000000e3,crop_loss,48.949535086661704,0.4980159934381531,0.08854239468122899
100,4,000000000000000000e9,crop_loss,4.698230928849907,0.4276454533794539,0.11678994876492343
100,4,0000000000000000011b,crop_loss,29.059380082042587,0.4902569104367182,0.04049716332484987
100,4,00000000000000000128,crop_loss,30.536211757051184,0.540394949829464,0.03790092173420112
100,4,0000000000000000016c,crop_loss,43.09068551590355,0.4716053270630128,0.08898475473908712
100,4,00000000000000000196,crop_loss,23.095658621671248,0.2331475661646515,0.04313799830159909
100,4,000000000000000001a6,crop_loss,36.18695195724666,0.32197640111293085,0.10949601533321285
100,4,000000000000000001e4,crop_loss,40.08739687979439,0.5136448379550981,0.05013143459990704
100,4,000000000000000001f9,crop_loss,45.68033288860702,0.4856715165538033,0.3245100869345094
100,4,00000000000000000228,crop_loss,27.7584932019492,0.4833428124039332,0.1578870020041268
100,4,0000000000000000028c,crop_loss,3.7845054561529117,0.3079704319042027,0.06549532517934481
100,4,0000000000000000028d,crop_loss,27.322229237359537,0.6833947169253162,0.062365542541574115
100,4,00000000000000000291,crop_loss,15.18666610042495,0.8920839775891353,0.021154334120812912
100,4,000000000000000002c5,crop_loss,27.92769051823126,0.29998706941790787,0.09246631004787509
100,4,000000000000000002cc,crop_loss,17.14087226698364,0.375131275120422,0.1741701411890879
100,4,000000000000000002dc,crop_loss,48.36117914560156,0.6439330771542667,0.08072892141322252
100,4,000000000000000002e4,crop_loss,40.39419129656764,0.283257902981455,0.07017767772907968
100,4,000000000000000002ec,crop_loss,46.44157822392998,0.5028507719232898,0.090730480657567
100,4,00000000000000000314,crop_loss,31.203175141127,0.09480177660962817,0.06841166106713785
100,4,00000000000000000335,crop_loss,42.32904625513004,0.4609342033310576,0.07809247093913757
100,4,0000000000000000033a,crop_loss,26.79321707577893,0.47599873311877877,0.08060639294829441
100,4,000000000000000003b0,crop_loss,44.64107530673993,0.20020082248999205,0.07515203653070321
100,4,000000000000000003f1,crop_loss,46.80978892672899,0.47302991319511867,0.07464463049001963
100,4,000000000000000003f2,crop_loss,36.726999336347056,0.4694862884292432,0.0614351861970196
100,4,0000000000000000044b,crop_loss,12.989011061396955,0.5570322126840183,0.03909435604917466
100,4,00000000000000000480,crop_loss,11.380186546842877,0.8627806276733013,0.0787268941708017
100,4,00000000000000000485,crop_loss,38.42555280832305,0.7029158132851631,0.050350288321937886
100,4,00000000000000000497,crop_loss,34.705782855183536,0.24501277066559712,0.10767722363324306
100,4,0000000000000000049b,crop_loss,36.761489940071236,0.357551051598222,0.04830337247407496
100,4,000000000000000004a1,crop_loss,38.44170282423173,0.36024118687624784,0.06011925794104034
100,4,000000000000000004e7,crop_loss,27.222835215525414,0.4893599016987246,0.04522471672102968
100,4,000000000000000004e9,crop_loss,14.59061190509772,0.33333420136461345,0.13540857174604876
100,4,000000000000000004f9,crop_loss,38.5784604938581,0.3137034039775112,0.171624421209206
100,4,00000000000000000517,crop_loss,28.471622057250517,0.2734610482435858,0.10997436033251079
100,4,00000000000000000538,crop_loss,1.0665126240840308,0.29450455638543077,0.038529021769267424
100,4,0000000000000000057e,crop_loss,4.401627520328221,0.5280412399739993,0.03644748168811307
100,4,000000000000000005d1,crop_loss,18.126936023157736,0.15677547024953253,0.058050727147095416
100,4,00000000000000000632,crop_loss,14.729957930661095,0.08164411638085359,0.029512468825604002
100,4,0000000000000000063e,crop_loss,46.12602622737834,0.29475426171475216,0.08400198572677359
100,4,00000000000000000655,crop_loss,30.091826246091568,0.48101579131057043,0.1919675101020612
100,4,00000000000000000697,crop_loss,52.641307267215396,0.6035618230084706,0.08166830287986182
100,4,00000000000000000698,crop_loss,18.827005903586844,0.40566780500174826,0.06215642986751807
100,4,000000000000000006a8,crop_loss,40.87838976424257,0.298020191721337,0.08641494843654374
100,4,000000000000000006b4,crop_loss,43.19508795489291,0.5428624482721998,0.12090175631858041
100,4,000000000000000006be,crop_loss,13.047302808069292,0.4074388343655259,0.09594264615543041
100,4,000000000000000006c0,crop_loss,2.937635062669125,0.18679391559833114,0.05239684343648118
100,4,000000000000000006cc,crop_loss,20.613710949080996,0.3558002458661971,0.05277549630125439
100,4,000000000000000006ce,crop_loss,23.73141932480694,0.5909093179950989,0.11211600168050684
100,4,000000000000000006d9,crop_loss,35.828003091682845,0.2052640135968141,0.06437528351444022
100,4,000000000000000006e5,crop_loss,45.71775741744468,0.5381361056655181,0.11106221695177981
100,4,00000000000000000151,built_loss,8.129545291099397,0.252799448159574,0.0396804535137798
100,4,0000000000000000034d,built_loss,5.643901831207847,0.4137905312893137,0.04092686709320453
100,4,000000000000000003c7,crop_loss,25.401920308638644,0.7181534431798121,0.07354599519153626
100,4,00000000000000000176,built_loss,24.948367571536323,0.657033980649603,0.054232748119785956
100,4,000000000000000003d2,built_loss,45.57208952859459,0.5694313482891554,0.10049976612455869
100,4,00000000000000000490,built_loss,48.98383371329919,0.6574263728280515,0.0752646726366567
100,4,000000000000000005ad,built_loss,39.7013467785221,0.6580117848459435,0.0691897839355563
100,4,00000000000000000624,built_loss,4.66031483859868,0.5127229357123692,0.07808262449924741
100,4,0000000000000000002d,crop_loss,45.19612081087744,0.48443855232597743,0.06254713566914072
100,4,0000000000000000009d,crop_loss,7.37240916602789,0.36500157691020707,0.07474957312949698
100,4,00000000000000000192,crop_loss,42.926296484390036,0.5691678804745811,0.037426639108450344
100,4,000000000000000003c8,crop_loss,36.268534177980065,0.19249109492260968,0.050259311447764105
100,4,0000000000000000046c,crop_loss,43.08440055669956,0.5414187041528132,0.1250722339605474
100,4,00000000000000000483,crop_loss,12.704723519629445,0.694152252505592,0.10264834151637292
100,4,000000000000000004ee,crop_loss,20.360992254700175,0.3082833975149026,0.160248188353174
100,4,00000000000000000611,crop_loss,46.12156271707335,0.6340436765188264,0.0829363165753102
100,4,0000000000000000062f,crop_loss,40.84239352141135,0.44976904598842515,0.15304157526065587
100,5,00000000000000000085,built_loss,15.36027208889197,0.3958764044462929,0.09191295433467411
100,5,00000000000000000114,built_loss,26.665559026154334,0.6897271975921231,0.07396480913175663
100,5,0000000000000000024c,built_loss,24.555020365883596,0.730227481394453,0.0642869417011036
100,5,00000000000000000375,built_loss,38.28122418128628,0.6511908307590984,0.07458044218707405
100,5,000000000000000004d2,built_loss,30.045821222109364,0.609639597656925,0.323292868954988
100,5,000000000000000005bd,built_loss,4.509709173952354,0.5657663943334458,0.08770701305442374
100,5,00000000000000000281,crop_loss,42.54191769188656,0.5323377974098662,0.061556597074204966
100,5,000000000000000003a2,crop_loss,26.02943079535704,0.3516505689073724,0.11063143765088373
100,5,00000000000000000001,built_loss,25.883421937788643,0.4550006469664953,0.06293860185424505
100,5,00000000000000000049,built_loss,5.268883361756424,0.4763284356021034,0.0600439808572788
100,5,0000000000000000004a,built_loss,12.276474377751603,0.4227435648999167,0.04134737681206324
100,5,0000000000000000004f,built_loss,32.9734017777701,0.401666548911219,0.10235795601284625
100,5,0000000000000000005a,built_loss,30.863342249112993,0.4556513471115363,0.04303996429126439
100,5,00000000000000000079,built_loss,53.224759402160515,0.6284781647921625,0.07817917771506167
100,5,00000000000000000087,built_loss,43.76025088241002,0.6384184649851534,0.14262479015898488
100,5,000000000000000000a1,built_loss,8.97098779581177,0.4336933637570996,0.0670918595290762
100,5,000000000000000000b8,built_loss,10.427950008954992,0.4936684178038027,0.1383940721119063
100,5,000000000000000000c0,built_loss,34.434891156481946,0.6418224122051235,0.06081844018499183
100,5,000000000000000000e2,built_loss,19.453470908957886,0.41219622856636423,0.10230908117205956
100,5,000000000000000000f0,built_loss,30.493844963249156,0.7006260590415346,0.1242494011565346
100,5,000000000000000000f8,built_loss,42.12624476806901,0.5266264585426647,0.07415197580116029
100,5,0000000000000000011c,built_loss,7.393263327999807,0.72066519678612,0.05100326803999844
100,5,00000000000000000161,built_loss,35.9720878319785,0.6424491144208352,0.05499231409438954
100,5,0000000000000000016a,built_loss,8.33575580521081,0.2540729148794073,0.06962850614514318
100,5,000000000000000001a8,built_loss,45.08500461108137,0.5711763864153295,0.10310366799482629
100,5,000000000000000001be,built_loss,5.5376585628412585,0.5037396713393961,0.06748937173786912
100,5,000000000000000001cd,built_loss,44.39029396883756,0.7836211565795275,0.09885326530146266
100,5,000000000000000001e5,built_loss,18.11952305404215,0.5694753376727171,0.09376165604514342
100,5,00000000000000000206,built_loss,40.06021094635033,0.7367490220983668,0.07735837096185849
100,5,00000000000000000209,built_loss,48.75130153789039,0.6582663825923741,0.08241728546084004
100,5,00000000000000000231,built_loss,44.2196024339049,0.5309147478876515,0.0807749421314361
100,5,0000000000000000026d,built_loss,28.646884905629374,0.5955900454380539,0.09573855533925268
100,5,00000000000000000278,built_loss,35.48013321400445,0.755227253104,0.07714774520360634
100,5,00000000000000000293,built_loss,25.43973515892125,0.4823954073325939,0.09771014039581905
100,5,000000000000000002a4,built_loss,11.312227438811886,0.40828655791162144,0.05632709094263133
100,5,00000000000000000316,built_loss,2.0745571907216025,0.12563022693516088,0.020339150347133544
100,5,00000000000000000356,built_loss,37.60469987763305,0.5489809981111776,0.1276437689082292
100,5,00000000000000000362,built_loss,44.45732605974394,0.5679958829746701,0.08530284933509213
100,5,00000000000000000363,built_loss,24.67482709202518,0.2339407171729849,0.05390886170477835
100,5,00000000000000000364,built_loss,53.204965338959134,0.6114190856603527,0.07056530481521228
100,5,00000000000000000380,built_loss,35.3061302289921,0.4976861070796391,0.06394329503091356
100,5,00000000000000000384,built_loss,16.191829351765563,0.586392871818037,0.061825585621149926
100,5,0000000000000000039e,built_loss,8.391696813189533,0.5038096326175889,0.04943864693243882
100,5,000000000000000003a1,built_loss,17.93724950000894,0.6168896755003423,0.08051663341286364
100,5,000000000000000003a5,built_loss,23.241150791949668,0.4202843945068155,0.1321834219558955
100,5,000000000000000003b7,built_loss,17.390733585653333,0.4979068606436015,0.034167841714705716
100,5,000000000000000003bf,built_loss,44.954030621603586,0.5330241304471824,0.05104505898214684
100,5,000000000000000003f8,built_loss,6.612380247001872,0.2288783938367085,0.04110104925540273
100,5,000000000000000003fa,built_loss,45.1036268408381,0.42377382417517906,0.059902824402794874
100,5,00000000000000000407,built_loss,41.51592637041219,0.5577852924092829,0.0767127878027094
100,5,0000000000000000040f,built_loss,29.222541680418036,0.520049573377713,0.029302718106737347
100,5,00000000000000000426,built_loss,31.405301112453024,0.5912855422267017,0.06831482610423711
100,5,0000000000000000042b,built_loss,36.67593565831291,0.5559295441213914,0.06486609526508624
100,5,00000000000000000442,built_loss,4.204108770722446,0.34005771694980264,0.23874193106757097
100,5,00000000000000000465,built_loss,44.661602554424285,0.621612911425017,0.06843005339577835
100,5,0000000000000000047e,built_loss,20.99245404735584,0.5182427938380477,0.05901582708717862
100,5,000000000000000004c0,built_loss,36.69107291916562,0.648935681140822,0.05714716168431433
100,5,000000000000000004c5,built_loss,12.969898535593355,0.6008170635705019,0.09575515019955416
100,5,000000000000000004d9,built_loss,38.08737154582526,0.5772520251220298,0.05622566633134307
100,5,000000000000000004eb,built_loss,46.068092516815106,0.4587199999055063,0.04641505556963077
100,5,000000000000000004f5,built_loss,8.157242274524418,0.483358039070304,0.0819749470998914
100,5,000000000000000004f7,built_loss,8.150711499773482,0.4733334722221944,0.03964585888469491
100,5,000000000000000004fe,built_loss,16.14256794273279,0.4855553753811844,0.04258868126717413
100,5,0000000000000000051d,built_loss,23.16076683888314,0.5639347690473225,0.17819847251345228
100,5,00000000000000000559,built_loss,38.008636253760685,0.6895139349175625,0.08481494940695866
100,5,00000000000000000576,built_loss,7.842228766878399,0.2739616984982672,0.0757835454011413
100,5,00000000000000000577,built_loss,10.082576212190391,0.4865986381002158,0.10586507776700271
100,5,0000000000000000057f,built_loss,2.379800386833865,0.42593584878796853,0.08686869885045134
100,5,00000000000000000594,built_loss,20.300721702012194,0.5254197128172099,0.22174294797887112
100,5,000000000000000005bf,built_loss,27.22305855720467,0.4046736639047743,0.06474156168505146
100,5,000000000000000005cc,built_loss,10.993493304042648,0.35153834326451283,0.04361364915324972
100,5,000000000000000005de,built_loss,32.9783973886474,0.4390236710813413,0.032054236523393065
100,5,000000000000000005e7,built_loss,38.49058850924661,0.644953454236117,0.10202051365413822
100,5,000000000000000005f9,built_loss,16.53275480408521,0.685483194519789,0.08104357732536283
100,5,0000000000000000061c,built_loss,19.085631700869264,0.42674322965734807,0.07525609001540257
100,5,00000000000000000626,built_loss,28.779789734543233,0.495501881117959,0.05378867260833625
100,5,0000000000000000062a,built_loss,37.569931779752125,0.5323031102773016,0.10285631286716623
100,5,00000000000000000636,built_loss,23.642245606907114,0.47809060809641446,0.1360416177273151
100,5,0000000000000000064a,built_loss,3.4052032846828095,0.2938522789799403,0.0511235833894671
100,5,0000000000000000064d,built_loss,14.926736289549574,0.4547584553018823,0.07969792705638207
100,5,00000000000000000694,built_loss,27.03726094258925,0.3562539937328783,0.04789793885271576
100,5,0000000000000000069d,built_loss,33.35327124703036,0.6506584155387717,0.07612053134164676
100,5,000000000000000006b7,built_loss,27.166044676009527,0.45945564734317723,0.04781372203261092
100,5,000000000000000006df,built_loss,17.9773870465487,0.2424394812766399,0.08041311469778717
100,5,000000000000000006e3,built_loss,27.21946624050756,0.4194703119387866,0.10180950243007664
100,5,00000000000000000011,crop_loss,41.36107301732331,0.6655514558675664,0.36373940266919563
100,5,0000000000000000002b,crop_loss,40.681621492194736,0.17330846055934004,0.1014018871644718
100,5,0000000000000000003a,crop_loss,43.95809554416028,0.29256659370516386,0.08644221218092141
100,5,0000000000000000009b,crop_loss,15.864982023033303,0.4970366330511623,0.020337335391660716
100,5,000000000000000000a8,crop_loss,28.511332300442998,0.20815149260966728,0.04008772405795863
100,5,000000000000000000da,crop_loss,25.35063716676937,0.7533020423520481,0.05611315517993276
100,5,000000000000000000e3,crop_loss,49.091226097168594,0.4834514300591431,0.09192020259282746
100,5,000000000000000000e9,crop_loss,4.8566387236259745,0.44911316576038485,0.09310274001603047
100,5,0000000000000000011b,crop_loss,31.580787807655646,0.4799883707741347,0.0401028262103868
100,5,00000000000000000128,crop_loss,31.193983646537408,0.5356394972008994,0.029914352856993065
100,5,0000000000000000016c,crop_loss,40.909613203785725,0.4498716490111306,0.0908430865162888
100,5,00000000000000000196,crop_loss,24.5948281345994,0.24888518103027446,0.07255973490348064
100,5,000000000000000001a6,crop_loss,37.14512213190976,0.28197728785039206,0.09139836887230307
100,5,000000000000000001e4,crop_loss,42.593594077079466,0.5049909903233701,0.07064676986520252
100,5,000000000000000001f9,crop_loss,43.53009178073438,0.6058452043391925,0.3351932193881776
100,5,00000000000000000228,crop_loss,24.654527758163262,0.5003869923534642,0.12797160035822108
100,5,0000000000000000028c,crop_loss,4.49820416259497,0.298849376425122,0.05327721732771279
100,5,0000000000000000028d,crop_loss,30.785293257368,0.665468343051396,0.0723098338555036
100,5,00000000000000000291,crop_loss,15.007911200279302,0.8871239413980405,0.02485743324210632
100,5,000000000000000002c5,crop_loss,24.41522327542576,0.30301658538028403,0.09681759013465935
100,5,000000000000000002cc,crop_loss,17.355690717241593,0.4527396491393339,0.19366328240484826
100,5,000000000000000002dc,crop_loss,50.474185475360905,0.6225148538357126,0.08476002951233741
100,5,000000000000000002e4,crop_loss,45.080418023804754,0.3207382765388492,0.09241101300979615
100,5,000000000000000002ec,crop_loss,44.9171510728536,0.4911504721527868,0.08915803164088176
100,5,00000000000000000314,crop_loss,30.924878474040774,0.0931033932827171,0.06386240287959812
100,5,00000000000000000335,crop_loss,44.86771008466181,0.47129015660927154,0.07411554062111159
100,5,0000000000000000033a,crop_loss,26.57986003884159,0.5048834561537272,0.08623197378632741
100,5,000000000000000003b0,crop_loss,44.6722743793443,0.21680476172136762,0.07762248659761972
100,5,000000000000000003f1,crop_loss,48.23079036233254,0.4716422731146107,0.06961546727400136
100,5,000000000000000003f2,crop_loss,33.96918268064731,0.46458146796692124,0.06370162530242335
100,5,0000000000000000044b,crop_loss,14.201498139001373,0.5677719846263297,0.039049758935663204
100,5,00000000000000000480,crop_loss,9.415602914825282,0.8738709687737791,0.059762575667329565
100,5,00000000000000000485,crop_loss,37.76077308128398,0.7120791172355726,0.0488656215448563
100,5,00000000000000000497,crop_loss,33.14359011601343,0.24431347626970074,0.10436284514847513
100,5,0000000000000000049b,crop_loss,38.964942873314655,0.34155943415508677,0.039725753316157686
100,5,000000000000000004a1,crop_loss,35.53438204863495,0.35048082502752587,0.06622666010394879
100,5,000000000000000004e7,crop_loss,24.082957932988627,0.48620050534877185,0.0429744775240794
100,5,000000000000000004e9,crop_loss,16.429133730566154,0.33523541296093873,0.12276215734595519
100,5,000000000000000004f9,crop_loss,42.87142177504388,0.3695422269627574,0.1995364361412847
100,5,00000000000000000517,crop_loss,28.20136288890162,0.2981751287523147,0.12645003146441905
100,5,00000000000000000538,crop_loss,1.0692671974412056,0.3005978940808123,0.03785690927923485
100,5,0000000000000000057e,crop_loss,4.8646063839717595,0.5316603209938824,0.03822432479879989
100,5,000000000000000005d1,crop_loss,17.73119679909697,0.15984529044664159,0.10733974556572434
100,5,00000000000000000632,crop_loss,13.211888955913723,0.07583085545170903,0.024298049526608537
100,5,0000000000000000063e,crop_loss,40.073788268802176,0.30635232359269426,0.08435355734559247
100,5,00000000000000000655,crop_loss,27.096451354365115,0.5389428883538845,0.14245290065376576
100,5,00000000000000000697,crop_loss,52.39446987052509,0.6205201695829173,0.08937947794792289
100,5,00000000000000000698,crop_loss,20.175844559640527,0.40244912970159913,0.06140850963091288
100,5,000000000000000006a8,crop_loss,42.712091836478706,0.2994442673863002,0.0945804378140257
100,5,000000000000000006b4,crop_loss,44.16244630768573,0.4870210626175532,0.12718549900756426
100,5,000000000000000006be,crop_loss,14.583305306073227,0.379964538563406,0.07567273061544033
100,5,000000000000000006c0,crop_loss,2.901467772512855,0.19961586126535522,0.04304273503541922
100,5,000000000000000006cc,crop_loss,22.33070867822781,0.3497362904054066,0.05984478774167795
100,5,000000000000000006ce,crop_loss,20.49268086410678,0.5864083399797193,0.11924120646767467
100,5,000000000000000006d9,crop_loss,35.64287772692178,0.2133062856035464,0.06338066120946406
100,5,000000000000000006e5,crop_loss,42.495429061927545,0.5395726228390083,0.09620063560429976
100,5,00000000000000000151,built_loss,9.218161337146144,0.2592106962816528,0.04171096725642556
100,5,0000000000000000034d,built_loss,6.166035311788275,0.394808658189317,0.05815435763308868
100,5,000000000000000003c7,crop_loss,25.01988272531176,0.7306426139997099,0.06562279490710488
100,5,00000000000000000176,built_loss,26.469214455917523,0.6634372283692193,0.05415891118910532
100,5,000000000000000003d2,built_loss,44.85669782107234,0.5760159817510315,0.11458259284983341
100,5,00000000000000000490,built_loss,46.72439862574618,0.6409815375355284,0.05561925985377081
100,5,000000000000000005ad,built_loss,38.349484017149294,0.6625064820383352,0.05472972125230313
100,5,00000000000000000624,built_loss,5.206637223644445,0.48458246130021926,0.10340735109427929
100,5,0000000000000000002d,crop_loss,47.96151150692861,0.5081095157427036,0.08241531197045265
100,5,0000000000000000009d,crop_loss,7.442795281524296,0.38214069757741587,0.06789248916179302
100,5,00000000000000000192,crop_loss,40.675613779036105,0.5575695256086672,0.028718600459532118
100,5,000000000000000003c8,crop_loss,38.37588168526291,0.1931121140782397,0.052209869125425246
100,5,0000000000000000046c,crop_loss,43.14392199868181,0.506081190579085,0.11339541002419334
100,5,00000000000000000483,crop_loss,10.19727935759854,0.711963651282928,0.13526462868946776
100,5,000000000000000004ee,crop_loss,18.57125374805246,0.32433842880981906,0.1323708010793968
100,5,00000000000000000611,crop_loss,49.14311460931749,0.6499882656861431,0.07756261856635682
100,5,0000000000000000062f,crop_loss,44.09275211168823,0.5103784929763718,0.17297581408009777
100,6,00000000000000000085,built_loss,14.907390651094554,0.35576090132916144,0.0833691726024634
100,6,00000000000000000114,built_loss,28.497823834186395,0.6886453704498037,0.06306412063088906
100,6,0000000000000000024c,built_loss,25.261967729721494,0.7116875802071521,0.07612679844224524
100,6,00000000000000000375,built_loss,37.08318564580325,0.6520880332833737,0.056338682622371294
100,6,000000000000000004d2,built_loss,27.09141304942402,0.4744600474811076,0.30660894439061875
100,6,000000000000000005bd,built_loss,5.122709123170574,0.5547714138434381,0.06874458585980825
100,6,00000000000000000281,crop_loss,42.301223532598016,0.5334757230694653,0.054063126986483856
100,6,000000000000000003a2,crop_loss,29.54685687025846,0.35799543828106584,0.1329790311457314
100,6,00000000000000000001,built_loss,26.292579349334186,0.45148590277855155,0.06952023039230731
100,6,00000000000000000049,built_loss,5.047207773770705,0.4778676575471285,0.06357840039341711
100,6,0000000000000000004a,built_loss,11.001291110643571,0.4481625164415713,0.03231278040290375
100,6,0000000000000000004f,built_loss,34.2400648592859,0.44542476638308803,0.12212461830099475
100,6,0000000000000000005a,built_loss,27.899492785009173,0.4573953863903533,0.04541316709048865
100,6,00000000000000000079,built_loss,52.17326965590474,0.6309242519315005,0.07069803622372739
100,6,00000000000000000087,built_loss,42.2461444123295,0.5882168309545264,0.15487179224436165
100,6,000000000000000000a1,built_loss,9.632706688233672,0.43223605936094206,0.06329327182509281
100,6,000000000000000000b8,built_loss,10.297661912321269,0.5498985216947709,0.16730310581485947
100,6,000000000000000000c0,built_loss,32.83629510824944,0.6333564116168207,0.05361596240372024
100,6,000000000000000000e2,built_loss,17.787169833934147,0.3782136284389374,0.09495997938596556
100,6,000000000000000000f0,built_loss,29.54257098699396,0.6676342824754007,0.08505014929839794
100,6,000000000000000000f8,built_loss,41.65582758730895,0.5209216797838407,0.07455711942085769
100,6,0000000000000000011c,built_loss,6.98561192770549,0.7363301884055934,0.04583932075431296
100,6,00000000000000000161,built_loss,39.10650180251469,0.653903940843498,0.06950660255928542
100,6,0000000000000000016a,built_loss,8.192295203373778,0.2465263688075432,0.0674834948373349
100,6,000000000000000001a8,built_loss,45.45300353785513,0.5200295902778388,0.0887309245311021
100,6,000000000000000001be,built_loss,5.273718783730305,0.5236287569771815,0.08897385173751882
100,6,000000000000000001cd,built_loss,44.151784634778906,0.7205138248093513,0.09444003708520532
100,6,000000000000000001e5,built_loss,18.07936271326225,0.5775310052511149,0.09072770594057078
100,6,00000000000000000206,built_loss,37.45244019677427,0.7395883072900035,0.09778937336824056
100,6,00000000000000000209,built_loss,52.02720762427285,0.6055202614532029,0.10128345474584732
100,6,00000000000000000231,built_loss,44.47273068819511,0.5439115736695086,0.09141882823178321
100,6,0000000000000000026d,built_loss,27.037638461680963,0.6185457331759656,0.09565553644445557
100,6,00000000000000000278,built_loss,36.32335564336268,0.7497586879517167,0.0821356507147527
100,6,00000000000000000293,built_loss,29.863935790185813,0.4852351845808823,0.08140367831398954
100,6,000000000000000002a4,built_loss,10.513842858280963,0.4107030356548034,0.04572079049333844
100,6,00000000000000000316,built_loss,2.0166137335172416,0.12448391230394902,0.02423325182871064
100,6,00000000000000000356,built_loss,32.40607327601115,0.5322702112102359,0.14013980833827877
100,6,00000000000000000362,built_loss,43.38341577209106,0.5739583603149173,0.0689997817605208
100,6,00000000000000000363,built_loss,25.319282939787907,0.261386613198283,0.05260137997584122
100,6,00000000000000000364,built_loss,50.241022206447674,0.625688167976549,0.09459418429841693
100,6,00000000000000000380,built_loss,33.49018579166649,0.5176013549766013,0.0673185685174269
100,6,00000000000000000384,built_loss,17.259269381259895,0.5706324257302191,0.06112718940413342
100,6,0000000000000000039e,built_loss,9.204761163350852,0.47555836309708577,0.07005472365501719
100,6,000000000000000003a1,built_loss,20.1099913368365,0.6165846536213263,0.09376833989638922
100,6,000000000000000003a5,built_loss,21.774032503732666,0.37931785908998017,0.09612001575188561
100,6,000000000000000003b7,built_loss,16.595640515624737,0.4905740778268613,0.037460560373520524
100,6,000000000000000003bf,built_loss,47.07370058021869,0.5293817864908786,0.07884622232233718
100,6,000000000000000003f8,built_loss,7.128769654365205,0.2212759189299067,0.046190799684811296
100,6,000000000000000003fa,built_loss,43.5132054587416,0.41364697247181104,0.06321824876031473
100,6,00000000000000000407,built_loss,44.65462715759305,0.5606173639653014,0.08808804122692282
100,6,0000000000000000040f,built_loss,31.924592412242323,0.5180890257114803,0.03246935577690857
100,6,00000000000000000426,built_loss,31.614416518668044,0.557245899168565,0.0565199314127427
100,6,0000000000000000042b,built_loss,33.902325642152285,0.571834568298892,0.08753943559344135
100,6,00000000000000000442,built_loss,3.7405869065004658,0.35738478381164684,0.17336666840251125
100,6,00000000000000000465,built_loss,43.3637944769749,0.6105615240929024,0.06848850404774087
100,6,0000000000000000047e,built_loss,21.165728113412595,0.5323276984642141,0.0542849196332994
100,6,000000000000000004c0,built_loss,36.342615525290896,0.625042125437624,0.06023633504183801
100,6,000000000000000004c5,built_loss,12.384773693818145,0.5752193898523127,0.07770862619952257
100,6,000000000000000004d9,built_loss,41.27040215572987,0.5441917683523715,0.04655785241646615
100,6,000000000000000004eb,built_loss,43.95037285563579,0.4498207507314549,0.03815288350175555
100,6,000000000000000004f5,built_loss,8.804854342541386,0.4933246957112876,0.09654884083491622
100,6,000000000000000004f7,built_loss,7.798444168251879,0.47277775584660525,0.027799489685510437
100,6,000000000000000004fe,built_loss,16.01752692208713,0.49946705394608365,0.04728924760527875
100,6,0000000000000000051d,built_loss,23.126625288474866,0.43752328771130217,0.18970506241456753
100,6,00000000000000000559,built_loss,37.167629891205955,0.690718309362867,0.0861493695472032
100,6,00000000000000000576,built_loss,9.084359713956442,0.24073058901353464,0.058821075426942565
100,6,00000000000000000577,built_loss,10.184352653825046,0.49514398792459524,0.10645743829639004
100,6,0000000000000000057f,built_loss,2.5165686052628122,0.3910708590993027,0.04785655956773338
100,6,00000000000000000594,built_loss,22.82638818931801,0.48245649635980353,0.24001085653770132
100,6,000000000000000005bf,built_loss,24.45274411986919,0.4113024637266341,0.06297900115583421
100,6,000000000000000005cc,built_loss,11.74910514374774,0.3528923167275097,0.031891510433046055
100,6,000000000000000005de,built_loss,33.00823472522113,0.444999864390437,0.03661747839221818
100,6,000000000000000005e7,built_loss,33.38085110364641,0.6409709134401381,0.1362828539680132
100,6,000000000000000005f9,built_loss,16.495827847041497,0.6970843765986997,0.08799652659845725
100,6,0000000000000000061c,built_loss,22.35303447959697,0.40566619340796184,0.06336254177918471
100,6,00000000000000000626,built_loss,29.903355381826724,0.5116642081732091,0.04594410452794839
100,6,0000000000000000062a,built_loss,37.41026339175516,0.5626996865508003,0.0843836609971782
100,6,00000000000000000636,built_loss,22.472548044978403,0.46271114318702083,0.15478436779256555
100,6,0000000000000000064a,built_loss,3.6076714948824193,0.30704605691186154,0.04248627174876801
100,6,0000000000000000064d,built_loss,12.922043657453457,0.45298646572873535,0.08018728294599459
100,6,00000000000000000694,built_loss,28.04089020042712,0.3811716389586236,0.03791809685395475
100,6,0000000000000000069d,built_loss,40.209113143538914,0.6306082796628116,0.06621185536496643
100,6,000000000000000006b7,built_loss,29.420089499827668,0.4642291861871242,0.06217830713971839
100,6,000000000000000006df,built_loss,17.137287622935002,0.23011165130836908,0.10446417006014047
100,6,000000000000000006e3,built_loss,27.1455976864367,0.4525645415274609,0.07814088539239455
100,6,00000000000000000011,crop_loss,40.675285834501175,0.8367880959137207,0.22971516391218805
100,6,0000000000000000002b,crop_loss,40.88755648868311,0.20242163271775243,0.1352348250033655
100,6,0000000000000000003a,crop_loss,40.48904296042037,0.305296748516618,0.09026259567420625
100,6,0000000000000000009b,crop_loss,15.720809724274579,0.49648940395403773,0.013886236932979246
100,6,000000000000000000a8,crop_loss,29.593141601060726,0.20291351234349325,0.031625506513401486
100,6,000000000000000000da,crop_loss,24.22117651051246,0.7477065081195836,0.0699711867687296
100,6,000000000000000000e3,crop_loss,45.969141000637215,0.4799196415213131,0.08123202666124202
100,6,000000000000000000e9,crop_loss,5.759135612075339,0.4104712378320138,0.0886998801400905
100,6,0000000000000000011b,crop_loss,29.61982580716728,0.48391138550017776,0.030159096584555456
100,6,00000000000000000128,crop_loss,30.882529485063394,0.5460827845646858,0.028868913666894702
100,6,0000000000000000016c,crop_loss,40.04550888778904,0.5010280024864057,0.09266340224992015
100,6,00000000000000000196,crop_loss,23.664051843086078,0.22779976443405475,0.03525054871608277
100,6,000000000000000001a6,crop_loss,37.76844743295653,0.255822438830333,0.0970946960909333
100,6,000000000000000001e4,crop_loss,35.43745823317194,0.48422817689383824,0.058586628795141316
100,6,000000000000000001f9,crop_loss,41.48944596151665,0.5107071349925872,0.34556802599382364
100,6,00000000000000000228,crop_loss,28.45462135565764,0.4606387874076374,0.1830213669102052
100,6,0000000000000000028c,crop_loss,4.055141107118454,0.32522891535438,0.06824212450627126
100,6,0000000000000000028d,crop_loss,26.273207425415727,0.6765451247333694,0.0963297862340724
100,6,00000000000000000291,crop_loss,15.53016996853014,0.8828856766701759,0.022413993923204534
100,6,000000000000000002c5,crop_loss,27.675623604266903,0.3784314840004669,0.06252457314010923
100,6,000000000000000002cc,crop_loss,16.457791690947115,0.407292800488111,0.23072311165293297
100,6,000000000000000002dc,crop_loss,46.26694036486873,0.5972630559808878,0.0772132912209037
100,6,000000000000000002e4,crop_loss,37.291697757397586,0.2848413523480641,0.059318625386882706
100,6,000000000000000002ec,crop_loss,43.31640032008767,0.4796954699147639,0.08287888169251584
100,6,00000000000000000314,crop_loss,26.64397240984527,0.06587071092825074,0.04566263086242864
100,6,00000000000000000335,crop_loss,45.20115631423123,0.4752123622738419,0.07672896132234708
100,6,0000000000000000033a,crop_loss,29.8790968184931,0.5103346269855371,0.07609446936115988
100,6,000000000000000003b0,crop_loss,42.264425446511744,0.21496560647954574,0.07190886426107371
100,6,000000000000000003f1,crop_loss,46.685307719408016,0.4486135295094666,0.0852193099353371
100,6,000000000000000003f2,crop_loss,38.266641618019946,0.48505046393986273,0.08415434338694733
100,6,0000000000000000044b,crop_loss,13.882307907922302,0.5655401615975767,0.03718728290040085
100,6,00000000000000000480,crop_loss,9.369315793460377,0.8201897774053699,0.179761095179504
100,6,00000000000000000485,crop_loss,37.90046706116605,0.6939159089923926,0.038720313875517776
100,6,00000000000000000497,crop_loss,35.792885334613295,0.2119837287235414,0.08510586348403043
100,6,0000000000000000049b,crop_loss,35.570046220532646,0.3429199065177297,0.036677724914696175
100,6,000000000000000004a1,crop_loss,40.68617842864978,0.347528934193134,0.08078220011639259
100,6,000000000000000004e7,crop_loss,26.258847059737327,0.5018519307202696,0.03507170402215315
100,6,000000000000000004e9,crop_loss,16.14234638483873,0.3953697411166561,0.17254375659167143
100,6,000000000000000004f9,crop_loss,40.849161998402344,0.3351645338009183,0.1265640839228005
100,6,00000000000000000517,crop_loss,28.65257377541116,0.2993690958700642,0.16019328277336664
100,6,00000000000000000538,crop_loss,1.0645701300581467,0.2939607006736744,0.04170726864974622
100,6,0000000000000000057e,crop_loss,4.691220711112964,0.5262145757901575,0.037880161347932706
100,6,000000000000000005d1,crop_loss,18.281814406470655,0.13624705204037774,0.057215186362933504
100,6,00000000000000000632,crop_loss,14.61566001999902,0.07477677974657197,0.028224391976196986
100,6,0000000000000000063e,crop_loss,43.117503528688694,0.29787006620146417,0.08502456246304707
100,6,00000000000000000655,crop_loss,32.785980349152915,0.48178357157089385,0.21708070173353877
100,6,00000000000000000697,crop_loss,51.52255866733664,0.6085084063974657,0.0782435195427591
100,6,00000000000000000698,crop_loss,19.508905256013147,0.4148889343903439,0.0498424841238278
100,6,000000000000000006a8,crop_loss,46.27892404346213,0.3224192586984756,0.12075094816748788
100,6,000000000000000006b4,crop_loss,42.9133807955556,0.5274009669927641,0.12304655609342208
100,6,000000000000000006be,crop_loss,12.967709090723964,0.41366333482299356,0.07648413141468641
100,6,000000000000000006c0,crop_loss,2.963463277899123,0.1880884287099885,0.05450285238894115
100,6,000000000000000006cc,crop_loss,22.479827277133083,0.3409083033499482,0.04965831746361116
100,6,000000000000000006ce,crop_loss,24.378296598273078,0.573072128157756,0.11754568846423497
100,6,000000000000000006d9,crop_loss,37.01950151675531,0.2018437682943547,0.058275222632230256
100,6,000000000000000006e5,crop_loss,41.63660262704812,0.5453630611722367,0.08907817399278684
100,6,00000000000000000151,built_loss,8.058135713182546,0.27095895156748034,0.047739543218315306
100,6,0000000000000000034d,built_loss,6.316841619845538,0.4110064617132119,0.0354015518297533
100,6,000000000000000003c7,crop_loss,27.25259644272931,0.7367841505509991,0.06388287597376929
100,6,00000000000000000176,built_loss,23.875840982113434,0.6686616055034539,0.04876934686901202
100,6,000000000000000003d2,built_loss,43.88241285738373,0.5943166389975362,0.0899533269426761
100,6,00000000000000000490,built_loss,45.85707397866843,0.6506607090864618,0.11589608442805854
100,6,000000000000000005ad,built_loss,33.346754018426765,0.6410172688610387,0.06591371450198702
100,6,00000000000000000624,built_loss,4.783032774084963,0.4915835840384461,0.11044410709564878
100,6,0000000000000000002d,crop_loss,44.69658377297567,0.46191008343900125,0.053259815399445576
100,6,0000000000000000009d,crop_loss,8.095970112080991,0.3787639112355358,0.07976538631131957
100,6,00000000000000000192,crop_loss,41.7539737349803,0.5714383309163891,0.03578999446595754
100,6,000000000000000003c8,crop_loss,36.80705978726681,0.17894281857071392,0.050119439019019135
100,6,0000000000000000046c,crop_loss,43.241116520793824,0.4622374816244924,0.12792853319320074
100,6,00000000000000000483,crop_loss,12.330719109550328,0.7310346824499104,0.10868989000636742
100,6,000000000000000004ee,crop_loss,21.511486579570537,0.36862392217294826,0.17257003604176208
100,6,00000000000000000611,crop_loss,40.33297775045428,0.6428094236961305,0.06839900123341813
100,6,0000000000000000062f,crop_loss,43.045971507800594,0.5080296975569106,0.1424634423093999
100,7,00000000000000000085,built_loss,16.05388105278277,0.3593649354010065,0.09560121450012521
100,7,00000000000000000114,built_loss,28.0513213602617,0.6968983401089998,0.06325586508124836
100,7,0000000000000000024c,built_loss,27.259828252965395,0.7318370264237063,0.056516794067011156
100,7,00000000000000000375,built_loss,34.44848261353861,0.6558895687935262,0.08597110526358775
100,7,000000000000000004d2,built_loss,26.449986467438777,0.5951273818710678,0.3075374634725824
100,7,000000000000000005bd,built_loss,4.9705984076443395,0.5440405301826163,0.06722253587699256
100,7,00000000000000000281,crop_loss,45.16649322948929,0.5224489306286482,0.05148121791421567
100,7,000000000000000003a2,crop_loss,27.624188252996213,0.3870508200360147,0.11413107168989128
100,7,00000000000000000001,built_loss,27.499590058503493,0.43696592051322264,0.06718217279898886
100,7,00000000000000000049,built_loss,4.220307866605709,0.4916753512067958,0.06983320255583353
100,7,0000000000000000004a,built_loss,11.689059559825166,0.43301316395211703,0.046122988792672515
100,7,0000000000000000004f,built_loss,31.1751690258683,0.45867558306698075,0.08436438610950342
100,7,0000000000000000005a,built_loss,32.02194379675926,0.43362567206156416,0.04160356346846211
100,7,00000000000000000079,built_loss,54.825067596285734,0.6671064652738391,0.07524380589289381
100,7,00000000000000000087,built_loss,48.111278641544295,0.6411154999037448,0.12207262585636247
100,7,000000000000000000a1,built_loss,9.430804600265567,0.43262938768013237,0.06215774125539997
100,7,000000000000000000b8,built_loss,10.440826601343502,0.49640277773752667,0.1782237877910614
100,7,000000000000000000c0,built_loss,32.639068640272185,0.6217754835977726,0.06260668619589815
100,7,000000000000000000e2,built_loss,18.58424677892263,0.4051117626120473,0.09489676321772295
100,7,000000000000000000f0,built_loss,31.745526630335338,0.6735093708755553,0.08617399872540954
100,7,000000000000000000f8,built_loss,41.10561642726618,0.5398010735167786,0.09533885528326852
100,7,0000000000000000011c,built_loss,7.259028813244993,0.73126066574748,0.05486226142583461
100,7,00000000000000000161,built_loss,39.82653307324615,0.665755531007776,0.07742755824569947
100,7,0000000000000000016a,built_loss,8.064359005172179,0.23575440911090734,0.08031453898414184
100,7,000000000000000001a8,built_loss,44.01051447103614,0.5300482333523567,0.0803971437597551
100,7,000000000000000001be,built_loss,5.637746582687032,0.5167652722008883,0.08935930106295892
100,7,000000000000000001cd,built_loss,42.370579645144325,0.7796208707269217,0.09861571968288707
100,7,000000000000000001e5,built_loss,20.3907309969986,0.5757841080821025,0.0989630380102835
100,7,00000000000000000206,built_loss,35.39082199451813,0.7283674840397115,0.06688235894888883
100,7,00000000000000000209,built_loss,47.711054707886206,0.6237512535093059,0.09853646744803679
100,7,00000000000000000231,built_loss,40.4785663252142,0.5311999647912484,0.07216520411566818
100,7,0000000000000000026d,built_loss,29.086935407145948,0.5950324838583113,0.07251547813689863
100,7,00000000000000000278,built_loss,36.812145270983486,0.7732816624193639,0.08865627201951021
100,7,00000000000000000293,built_loss,29.802001285057326,0.4625264209364185,0.07774019686787292
100,7,000000000000000002a4,built_loss,11.451825625501774,0.39949447298970775,0.06019930917571786
100,7,00000000000000000316,built_loss,2.0206636045868103,0.12287643190559519,0.02519881404678395
100,7,00000000000000000356,built_loss,34.390137020547385,0.5296784739054561,0.14310457512383695
100,7,00000000000000000362,built_loss,39.950057984502024,0.5697191634961789,0.09631041253157835
100,7,00000000000000000363,built_loss,24.128021198459585,0.2469740976571792,0.040375863389455674
100,7,00000000000000000364,built_loss,49.9135498216531,0.6470028632112641,0.07363064176634437
100,7,00000000000000000380,built_loss,23.981143875794768,0.5291805795633527,0.0726844254104293
100,7,00000000000000000384,built_loss,16.380001718907277,0.582731655116055,0.05669570532368673
100,7,0000000000000000039e,built_loss,8.809566368306083,0.501887965378872,0.06306845079845486
100,7,000000000000000003a1,built_loss,19.195899543763492,0.6266837194015492,0.07680211859498165
100,7,000000000000000003a5,built_loss,21.791681001486992,0.43010685475215354,0.10670512853492375
100,7,000000000000000003b7,built_loss,13.305981447173895,0.4884787365984475,0.03678628348274238
100,7,000000000000000003bf,built_loss,44.441590230688384,0.5575494927488315,0.06531398957447587
100,7,000000000000000003f8,built_loss,7.400487632176662,0.2295205633124196,0.036451522498075734
100,7,000000000000000003fa,built_loss,41.32158417199208,0.3975184392055169,0.05717193919227037
100,7,00000000000000000407,built_loss,42.31755375688643,0.5377329131767783,0.0757313244222737
100,7,0000000000000000040f,built_loss,28.69004171457608,0.5175390120208999,0.030970305062796077
100,7,00000000000000000426,built_loss,30.57641051711419,0.5552269664506273,0.0715247048386708
100,7,0000000000000000042b,built_loss,36.2449746994169,0.5828052212654774,0.08108699992593815
100,7,00000000000000000442,built_loss,3.823802720383937,0.34389996650204163,0.22622686675078058
100,7,00000000000000000465,built_loss,37.934635803632474,0.6463052804788689,0.07448977389306488
100,7,0000000000000000047e,built_loss,18.440015908622637,0.5292692052418598,0.05729256053261733
100,7,000000000000000004c0,built_loss,37.90587200667264,0.649196697561169,0.060797253527892
100,7,000000000000000004c5,built_loss,14.16972194487651,0.584371649965407,0.10214990969306736
100,7,000000000000000004d9,built_loss,35.054029039387316,0.5486648262688082,0.0457819333496694
100,7,000000000000000004eb,built_loss,44.8889510288943,0.44766035606255705,0.05660151196681046
100,7,000000000000000004f5,built_loss,8.01724520948993,0.4815131882215809,0.07355584305506013
100,7,000000000000000004f7,built_loss,8.922158117510152,0.4674823222657772,0.031305316552020734
100,7,000000000000000004fe,built_loss,17.23516195915155,0.5006004786631151,0.03822151893425518
100,7,0000000000000000051d,built_loss,19.74013535946647,0.5045468293549252,0.2245290822639101
100,7,00000000000000000559,built_loss,34.49079432817637,0.6906998292991829,0.07178495923414985
100,7,00000000000000000576,built_loss,8.679240089061903,0.26786757426527696,0.06683689233616172
100,7,00000000000000000577,built_loss,9.607825254283858,0.47529059966762355,0.09731936280490788
100,7,0000000000000000057f,built_loss,2.217452736671962,0.3892994081065857,0.07187383454004931
100,7,00000000000000000594,built_loss,22.626828838275944,0.47080948954955487,0.18699769999695265
100,7,000000000000000005bf,built_loss,25.024825524007127,0.39677688291179425,0.06360308406483473
100,7,000000000000000005cc,built_loss,11.466601298772977,0.3613896823312358,0.047756868888846615
100,7,000000000000000005de,built_loss,32.48917509205263,0.4329934350682805,0.03616342680324097
100,7,000000000000000005e7,built_loss,41.37032577659521,0.5972959505495726,0.13406006896990075
100,7,000000000000000005f9,built_loss,16.234299386900407,0.6647935497345974,0.08814224342730748
100,7,0000000000000000061c,built_loss,19.188973018834492,0.40654010886050396,0.08521402214281332
100,7,00000000000000000626,built_loss,29.029013431314347,0.47861897284982396,0.03746005168981831
100,7,0000000000000000062a,built_loss,34.768963364660664,0.5742366850927919,0.06963370568635907
100,7,00000000000000000636,built_loss,22.059277062551164,0.40405947360519856,0.16022760812602654
100,7,0000000000000000064a,built_loss,3.708365023105689,0.3068234481896665,0.040722632538869596
100,7,0000000000000000064d,built_loss,13.95162055271906,0.42283898814573057,0.07473009882823994
100,7,00000000000000000694,built_loss,25.246239516998045,0.3710810088531631,0.03982407360493201
100,7,0000000000000000069d,built_loss,37.31617154316566,0.6655514514073221,0.07025073109594826
100,7,000000000000000006b7,built_loss,25.91227285635437,0.44504424334517806,0.050427564492222854
100,7,000000000000000006df,built_loss,17.057991057118763,0.268959902011524,0.15009063091167707
100,7,000000000000000006e3,built_loss,29.215044054858645,0.4420158237575359,0.09072324948583904
100,7,00000000000000000011,crop_loss,41.253855730345535,0.8087812299307066,0.3615449132026814
100,7,0000000000000000002b,crop_loss,40.5127820927441,0.1642936522704662,0.13354150393335354
100,7,0000000000000000003a,crop_loss,40.02881684073698,0.3187173435114587,0.10435012241968755
100,7,0000000000000000009b,crop_loss,16.78441133185587,0.4912113474088929,0.014002225192445705
100,7,000000000000000000a8,crop_loss,27.45095496170786,0.204442803169638,0.03962475883832614
100,7,000000000000000000da,crop_loss,27.184925972126525,0.7656650261278239,0.04197813278687168
100,7,000000000000000000e3,crop_loss,48.600005202122,0.49989612924674665,0.07387711133167002
100,7,000000000000000000e9,crop_loss,4.96752394125018,0.4146249174605206,0.1026702837227198
100,7,0000000000000000011b,crop_loss,30.838763030181493,0.4722479055582032,0.029195376413938545
100,7,00000000000000000128,crop_loss,32.539027981500844,0.546976623075344,0.025743767676946416
100,7,0000000000000000016c,crop_loss,43.67229561645989,0.4820653019517275,0.07730430785700931
100,7,00000000000000000196,crop_loss,25.614830512985368,0.23766591643473053,0.05055168592786363
100,7,000000000000000001a6,crop_loss,34.780449998528645,0.30866004317174733,0.11927179248845823
100,7,000000000000000001e4,crop_loss,38.03701387037723,0.508937476812815,0.06742333031517245
100,7,000000000000000001f9,crop_loss,43.89434772323132,0.46255918769129645,0.2576913209504745
100,7,00000000000000000228,crop_loss,27.314275135848163,0.49262618681301346,0.135734019939953
100,7,0000000000000000028c,crop_loss,3.8359645608375086,0.2971620342564915,0.06036479888642876
100,7,0000000000000000028d,crop_loss,28.212330953405413,0.6338104203436141,0.07981150902910994
100,7,00000000000000000291,crop_loss,16.161924051807294,0.8814603910690973,0.02382410349346986
100,7,000000000000000002c5,crop_loss,26.311049777912782,0.3519143170281508,0.08589677597668532
100,7,000000000000000002cc,crop_loss,17.77407226247285,0.3783470584852965,0.21688791309316324
100,7,000000000000000002dc,crop_loss,47.47875034614763,0.662344195056229,0.0673168199091988
100,7,000000000000000002e4,crop_loss,39.75000270020277,0.31153890974562615,0.09453172848844338
100,7,000000000000000002ec,crop_loss,44.76381067053159,0.4946024815120477,0.10121638887589579
100,7,00000000000000000314,crop_loss,30.7770617629835,0.0813000858058375,0.06984957304694216
100,7,00000000000000000335,crop_loss,45.47999792405405,0.44965372663488046,0.07969342048384509
100,7,0000000000000000033a,crop_loss,28.174116732525533,0.517975398276356,0.09103048075985049
100,7,000000000000000003b0,crop_loss,43.711566345218046,0.23979014361114412,0.10677729302471378
100,7,000000000000000003f1,crop_loss,48.850303197787355,0.4582494802246246,0.1065047626738031
100,7,000000000000000003f2,crop_loss,38.658020353083785,0.47778169622514155,0.07053999009833112
100,7,0000000000000000044b,crop_loss,13.416768902268906,0.5624859160889819,0.044346709223825
100,7,00000000000000000480,crop_loss,11.909437086479551,0.8546890459070935,0.07858118999838037
100,7,00000000000000000485,crop_loss,41.651707607435796,0.6892130215309415,0.04867908952582678
100,7,00000000000000000497,crop_loss,37.564019237519524,0.20557363405249876,0.08612280447719853
100,7,0000000000000000049b,crop_loss,37.21437768144988,0.3504462450880453,0.04023836429813815
100,7,000000000000000004a1,crop_loss,36.231786393795446,0.3412415260582723,0.07405512506225448
100,7,000000000000000004e7,crop_loss,24.36752407934896,0.48155041469362303,0.03999420892087968
100,7,000000000000000004e9,crop_loss,16.25028118495192,0.3620301680071886,0.13879286223907
100,7,000000000000000004f9,crop_loss,38.6881697663219,0.36366472110131837,0.18365249347798596
100,7,00000000000000000517,crop_loss,26.97910196148728,0.2839130418186071,0.19203061123133422
100,7,00000000000000000538,crop_loss,1.0624039281149154,0.29974351168699837,0.03759682318366314
100,7,0000000000000000057e,crop_loss,4.5035564975018305,0.5428149057145177,0.038539646328076604
100,7,000000000000000005d1,crop_loss,17.67689795991428,0.15286579121627736,0.07669755503661355
100,7,00000000000000000632,crop_loss,13.108643445696368,0.08199348239748247,0.02226993991711987
100,7,0000000000000000063e,crop_loss,43.87924412572499,0.292854386768138,0.08399908957017399
100,7,00000000000000000655,crop_loss,29.61212493469533,0.5008221285340603,0.2036015246088288
100,7,00000000000000000697,crop_loss,50.56858516475326,0.5926482788143429,0.09756435730407631
100,7,00000000000000000698,crop_loss,19.849133956031466,0.42568135425143877,0.05996539461150807
100,7,000000000000000006a8,crop_loss,47.40830570577612,0.31104449586863286,0.09885949453462478
100,7,000000000000000006b4,crop_loss,45.05195919554704,0.5161920190994291,0.1155699504370366
100,7,000000000000000006be,crop_loss,16.20346119811372,0.40588090161730533,0.08278645523840328
100,7,000000000000000006c0,crop_loss,2.8060505604651835,0.18127530253988475,0.04790482626587772
100,7,000000000000000006cc,crop_loss,23.11963764968342,0.33348142924457297,0.05642453972213962
100,7,000000000000000006ce,crop_loss,22.557228922153154,0.5909956827600866,0.15097151999469988
100,7,000000000000000006d9,crop_loss,38.71612192860157,0.196393530910219,0.07576218950971256
100,7,000000000000000006e5,crop_loss,44.956271896409355,0.516947561139043,0.10268594377934448
100,7,00000000000000000151,built_loss,9.19512526183338,0.2664303092764926,0.05279164286798982
100,7,0000000000000000034d,built_loss,6.662291901956438,0.43017280856532875,0.06260262613922368
100,7,000000000000000003c7,crop_loss,27.987371232529906,0.7128504904994849,0.08278547306460138
100,7,00000000000000000176,built_loss,28.26583459648684,0.6633087367442904,0.05008291429969591
100,7,000000000000000003d2,built_loss,46.17438550609153,0.5934594065945552,0.10400323282958479
100,7,00000000000000000490,built_loss,47.26639604334504,0.6371347867343776,0.07102855582310086
100,7,000000000000000005ad,built_loss,33.12325435774782,0.6592641894424726,0.094956603556975
100,7,00000000000000000624,built_loss,4.638876352793476,0.5181190800329335,0.08923501747710566
100,7,0000000000000000002d,crop_loss,49.74837559366978,0.48175753599740767,0.0749092792905241
100,7,0000000000000000009d,crop_loss,7.30101554295056,0.3878473456086798,0.06979304846504697
100,7,00000000000000000192,crop_loss,37.34728948034454,0.5659450418834426,0.03714718433078923
100,7,000000000000000003c8,crop_loss,36.2923163149244,0.17487670858748042,0.042917951101072604
100,7,0000000000000000046c,crop_loss,43.690281482715484,0.5037558007804598,0.11478309253043784
100,7,00000000000000000483,crop_loss,12.942665338805966,0.6948250898553326,0.11353511767416247
100,7,000000000000000004ee,crop_loss,21.465099054491755,0.3505739571722557,0.1830451450498649
100,7,00000000000000000611,crop_loss,43.229743966696304,0.6703309069941487,0.07101301664877746
100,7,0000000000000000062f,crop_loss,41.69084892674447,0.5158369185650142,0.1620459655720518
150,0,00000000000000000085,built_loss,16.02560762344467,0.3637176339919926,0.08174566558313368
150,0,00000000000000000114,built_loss,28.738627222261073,0.6981080252409189,0.05253195482714401
150,0,0000000000000000024c,built_loss,27.72542137198269,0.7245498363460652,0.04597801690944414
150,0,00000000000000000375,built_loss,38.38209799750311,0.6409073983020113,0.05605227565778448
150,0,000000000000000004d2,built_loss,33.51979988617096,0.548527171997353,0.26398657756322946
150,0,000000000000000005bd,built_loss,4.885346452131241,0.5556296994758964,0.05383588162232533
150,0,00000000000000000281,crop_loss,47.9667538514112,0.5244812637140801,0.05182763912197347
150,0,000000000000000003a2,crop_loss,31.09897794860424,0.33274258938402956,0.09576645826962982
150,0,00000000000000000001,built_loss,27.361275831589932,0.46873358865945336,0.053585060252885675
150,0,00000000000000000049,built_loss,4.4352493893293,0.4832171123503644,0.04847100044526681
150,0,0000000000000000004a,built_loss,12.046461907981431,0.43601785663990905,0.025574110492771418
150,0,0000000000000000004f,built_loss,43.84898877975279,0.4274454916396399,0.08232746036884436
150,0,0000000000000000005a,built_loss,34.31731043321113,0.43860804280921944,0.03497550655319748
150,0,00000000000000000079,built_loss,63.21611731927787,0.6239767928899851,0.06538606460363128
150,0,00000000000000000087,built_loss,52.90188839889739,0.6276286313929832,0.10187465832926845
150,0,000000000000000000a1,built_loss,8.839801455636053,0.44285720434570963,0.058412897885751436
150,0,000000000000000000b8,built_loss,10.608163618139148,0.49761481409206537,0.10473978720295257
150,0,000000000000000000c0,built_loss,39.286835699265154,0.6419849622101951,0.05259575927736537
150,0,000000000000000000e2,built_loss,19.769570759879812,0.3872533479433595,0.06066303141954471
150,0,000000000000000000f0,built_loss,33.742362644857984,0.6674727661694531,0.08837519973276331
150,0,000000000000000000f8,built_loss,46.59687339885845,0.5335974222144678,0.07506920165716391
150,0,0000000000000000011c,built_loss,6.6118726958161185,0.7279566151242493,0.03972187477072542
150,0,00000000000000000161,built_loss,41.049507213283206,0.6351018677696364,0.04752683092268106
150,0,0000000000000000016a,built_loss,9.330097427067553,0.252936871419297,0.059195812713067064
150,0,000000000000000001a8,built_loss,46.90719203140988,0.55855815288402,0.08146754381180266
150,0,000000000000000001be,built_loss,6.0290166209927545,0.5135697416348091,0.07858940072376047
150,0,000000000000000001cd,built_loss,51.8234473686304,0.7503691810493701,0.07109313136461204
150,0,000000000000000001e5,built_loss,20.391762606208275,0.5751804573221946,0.06583309575414564
150,0,00000000000000000206,built_loss,45.20004722144445,0.7265840424599148,0.06851736711284062
150,0,00000000000000000209,built_loss,55.7069488291064,0.6396344869880712,0.08421908886291007
150,0,00000000000000000231,built_loss,51.24342111736005,0.5311999647912484,0.06756206707494794
150,0,0000000000000000026d,built_loss,30.60610308834421,0.6038162015858125,0.07056081619561405
150,0,00000000000000000278,built_loss,40.54084159608828,0.7613236851036778,0.07070176899100356
150,0,00000000000000000293,built_loss,30.25990195744274,0.4986018281599,0.06815912121926804
150,0,000000000000000002a4,built_loss,10.247698809190322,0.41751296570077806,0.047603173421525424
150,0,00000000000000000316,built_loss,2.0502747874870444,0.12607277931317187,0.011994729143457963
150,0,00000000000000000356,built_loss,40.381033644654785,0.5515271955067417,0.10865480722082932
150,0,00000000000000000362,built_loss,49.90386811249768,0.57550614629413,0.0648720442283498
150,0,00000000000000000363,built_loss,26.395367572928855,0.25045821175919236,0.04110283916004534
150,0,00000000000000000364,built_loss,56.785556229246225,0.6267246268232063,0.05726043858870111
150,0,00000000000000000380,built_loss,34.35832047710647,0.5255744054407674,0.06058616866707889
150,0,00000000000000000384,built_loss,17.23620990552988,0.5751266588972018,0.043225094481995296
150,0,0000000000000000039e,built_loss,8.649641755496647,0.49056312156946336,0.049543435219772836
150,0,000000000000000003a1,built_loss,19.17350900761539,0.6062319523798936,0.06576185587131278
150,0,000000000000000003a5,built_loss,24.62465322591028,0.4223839552862658,0.08355181366129244
150,0,000000000000000003b7,built_loss,17.370687319597803,0.4899725656904701,0.02727273636985017
150,0,000000000000000003bf,built_loss,51.046716531525355,0.5379012891041224,0.04407405134638587
150,0,000000000000000003f8,built_loss,7.003095367881958,0.22614316204271018,0.03867695940772603
150,0,000000000000000003fa,built_loss,53.39196234223399,0.4141440814943247,0.053615952641064335
150,0,00000000000000000407,built_loss,48.22109655689812,0.549696664430079,0.06826923880349667
150,0,0000000000000000040f,built_loss,31.3918817150591,0.5186477635346552,0.023868434269361583
150,0,00000000000000000426,built_loss,33.034191323182675,0.5701347430214176,0.05630708304225096
150,0,0000000000000000042b,built_loss,39.73838584748111,0.5793463317549171,0.05839084551465601
150,0,00000000000000000442,built_loss,4.056120920614499,0.35528750049555036,0.18288309515369483
150,0,00000000000000000465,built_loss,49.019690487395955,0.6414611378755897,0.054625788478658066
150,0,0000000000000000047e,built_loss,20.476360683388837,0.5283225669054689,0.04390046192352792
150,0,000000000000000004c0,built_loss,41.44511056350026,0.6537140843153564,0.044949161421362294
150,0,000000000000000004c5,built_loss,13.057467033666413,0.5830519865221498,0.06241390929420754
150,0,000000000000000004d9,built_loss,41.925824191687774,0.5539752945875376,0.03846301594509505
150,0,000000000000000004eb,built_loss,48.47890898613785,0.44781580099008766,0.03231586070136555
150,0,000000000000000004f5,built_loss,8.587225629939422,0.4731642993878246,0.06911099009238925
150,0,000000000000000004f7,built_loss,8.291813537436626,0.4736677908686666,0.030492460693071544
150,0,000000000000000004fe,built_loss,16.268742188625737,0.4993309076169931,0.030557455441630965
150,0,0000000000000000051d,built_loss,22.158450865625802,0.49856610608561786,0.19525285084863436
150,0,00000000000000000559,built_loss,42.20300529932374,0.6777721879776116,0.0663298774219937
150,0,00000000000000000576,built_loss,9.117677579475693,0.27446454110682433,0.058042000270738026
150,0,00000000000000000577,built_loss,10.19019354350114,0.4697291317625576,0.08920074644646125
150,0,0000000000000000057f,built_loss,2.2852514013004943,0.40123719333556596,0.062998312534154
150,0,00000000000000000594,built_loss,22.22399939584316,0.5360066433454119,0.1670994345959888
150,0,000000000000000005bf,built_loss,30.15202343739263,0.3970446726818381,0.04674777945154718
150,0,000000000000000005cc,built_loss,11.161196518948204,0.3600401566049188,0.038713289965773334
150,0,000000000000000005de,built_loss,33.594735986842856,0.4354977294940763,0.02964943904174211
150,0,000000000000000005e7,built_loss,43.94729000413623,0.6619944079785393,0.07691410222151163
150,0,000000000000000005f9,built_loss,16.699578717445185,0.6583048817930461,0.07773594301345943
150,0,0000000000000000061c,built_loss,19.886998947252376,0.39507143282812107,0.04686535328996849
150,0,00000000000000000626,built_loss,35.020903591275115,0.4936467463789725,0.042421993558674154
150,0,0000000000000000062a,built_loss,41.97870101171382,0.5709875003489857,0.06378695132696255
150,0,00000000000000000636,built_loss,22.897167921513205,0.4767356795141479,0.13665400670181194
150,0,0000000000000000064a,built_loss,3.5515870613850264,0.2935168074879948,0.03600112108319842
150,0,0000000000000000064d,built_loss,12.61299311420335,0.4454897827178672,0.060658947728093826
150,0,00000000000000000694,built_loss,28.98319795982903,0.369937453907978,0.031221780486009487
150,0,0000000000000000069d,built_loss,41.68181035215279,0.6591146201527425,0.05556314308558141
150,0,000000000000000006b7,built_loss,30.335040981161292,0.4646711022439312,0.039406487396028145
150,0,000000000000000006df,built_loss,18.88926394762832,0.22972988985119494,0.05815023217182386
150,0,000000000000000006e3,built_loss,30.750079494057154,0.4053466854711922,0.07135836197034112
150,0,00000000000000000011,crop_loss,46.34419444887921,0.8127925269045296,0.32059307142629256
150,0,0000000000000000002b,crop_loss,50.341115476461596,0.16284286499052736,0.07065318389933756
150,0,0000000000000000003a,crop_loss,47.72214301128821,0.30137365232449126,0.062472693860694206
150,0,0000000000000000009b,crop_loss,17.18553124163097,0.4953886142350369,0.013683231167924359
150,0,000000000000000000a8,crop_loss,31.057709076511202,0.20597324834614741,0.029517399125059157
150,0,000000000000000000da,crop_loss,29.422774578810003,0.7511673074283421,0.0486335760582709
150,0,000000000000000000e3,crop_loss,54.5462831484518,0.48580646987348025,0.0728845387145885
150,0,000000000000000000e9,crop_loss,5.263956588796638,0.4192518844834416,0.09160478497860747
150,0,0000000000000000011b,crop_loss,34.45876812807054,0.4869146087655256,0.03251329948808823
150,0,00000000000000000128,crop_loss,35.35421657546379,0.5394042124106169,0.02568947792821641
150,0,0000000000000000016c,crop_loss,48.236505461125525,0.464754984289302,0.06976655535322035
150,0,00000000000000000196,crop_loss,24.22978757227382,0.24498368731852163,0.050922320824414724
150,0,000000000000000001a6,crop_loss,40.93706068507207,0.2976500868644229,0.08915821162006188
150,0,000000000000000001e4,crop_loss,43.994758366800696,0.5050014071370761,0.048332868590141465
150,0,000000000000000001f9,crop_loss,46.7717368525279,0.4886557509233031,0.23324461699165366
150,0,00000000000000000228,crop_loss,29.28183677215863,0.5080885396496594,0.11898200620154536
150,0,0000000000000000028c,crop_loss,3.8141591953180924,0.3034817641016875,0.061661206269753854
150,0,0000000000000000028d,crop_loss,30.54235711345102,0.6759028658595324,0.06694845139445527
150,0,00000000000000000291,crop_loss,16.319901502399652,0.8839142929800609,0.018836418305428593
150,0,000000000000000002c5,crop_loss,28.39232873239055,0.3512020695107656,0.08242160497195439
150,0,000000000000000002cc,crop_loss,17.006513579292964,0.39207975039180004,0.1399200114545886
150,0,000000000000000002dc,crop_loss,52.712967970130066,0.6501196759640955,0.059431151308685815
150,0,000000000000000002e4,crop_loss,47.912768576874676,0.30190485167755765,0.05810974522372697
150,0,000000000000000002ec,crop_loss,52.033118713012854,0.500477314885892,0.08549022167998438
150,0,00000000000000000314,crop_loss,34.128000253642675,0.10071994736179947,0.06772886008774653
150,0,00000000000000000335,crop_loss,52.45638887206341,0.466920318448325,0.0709404019356435
150,0,0000000000000000033a,crop_loss,33.27886807797078,0.5088761926812438,0.06117072120373912
150,0,000000000000000003b0,crop_loss,55.423267665790576,0.2124852433784985,0.06666349298085886
150,0,000000000000000003f1,crop_loss,58.10343621083537,0.47187511140127386,0.056451611867245954
150,0,000000000000000003f2,crop_loss,42.629191126713245,0.47051642403918587,0.06205390211796763
150,0,0000000000000000044b,crop_loss,13.94158056293863,0.5668439541277843,0.03416606884497586
150,0,00000000000000000480,crop_loss,10.339446328371846,0.8663243217871748,0.05127226956601083
150,0,00000000000000000485,crop_loss,44.49047585975077,0.6913340878347194,0.04012592122013858
150,0,00000000000000000497,crop_loss,39.806575389308364,0.21689179361316716,0.0640515428018669
150,0,0000000000000000049b,crop_loss,43.45470190015677,0.3609284886417147,0.03755613921860529
150,0,000000000000000004a1,crop_loss,42.77915291884883,0.36069436102706387,0.06373541221237095
150,0,000000000000000004e7,crop_loss,26.686041972287654,0.48918745883019926,0.03147142342781817
150,0,000000000000000004e9,crop_loss,16.718045266315503,0.3304527482283056,0.12549774458428758
150,0,000000000000000004f9,crop_loss,50.133220119809,0.3741628460777564,0.16163897489752505
150,0,00000000000000000517,crop_loss,32.04536330931939,0.3039978180130977,0.14872129226336595
150,0,00000000000000000538,crop_loss,1.0711032238613318,0.3014648359858843,0.0365792511789208
150,0,0000000000000000057e,crop_loss,4.17350318476179,0.5387443643695252,0.029433776935413047
150,0,000000000000000005d1,crop_loss,17.225945248228935,0.1499680712462781,0.04747608493737454
150,0,00000000000000000632,crop_loss,14.335448236050988,0.0815438042422327,0.02124648441320247
150,0,0000000000000000063e,crop_loss,53.77967257540869,0.2977496415938153,0.0662422841294451
150,0,00000000000000000655,crop_loss,34.64846254033625,0.5382386722653035,0.14448588285600616
150,0,00000000000000000697,crop_loss,61.61604934442182,0.6064124105141007,0.06700487535387856
150,0,00000000000000000698,crop_loss,21.13573971626177,0.4263053210789721,0.05320846426836945
150,0,000000000000000006a8,crop_loss,55.82944822055531,0.30478063498167646,0.06266198870641937
150,0,000000000000000006b4,crop_loss,50.99616640902302,0.5455557331937252,0.10244110629383685
150,0,000000000000000006be,crop_loss,15.146119333082494,0.3928858422576804,0.06643429522620342
150,0,000000000000000006c0,crop_loss,2.885005677368091,0.18851414257273916,0.044005267129848175
150,0,000000000000000006cc,crop_loss,25.083629068500976,0.34168714053824073,0.040917129471959746
150,0,000000000000000006ce,crop_loss,23.854114411159493,0.5994576636569271,0.10382963606530804
150,0,000000000000000006d9,crop_loss,42.27330804248628,0.20310390739147796,0.0541396954094166
150,0,000000000000000006e5,crop_loss,47.18329684056585,0.5201096089158367,0.07656548845436573
150,0,00000000000000000151,built_loss,9.110560789096699,0.2658542120644052,0.03817164007913748
150,0,0000000000000000034d,built_loss,5.7462048985506184,0.41228977180965,0.03220840315020468
150,0,000000000000000003c7,crop_loss,27.94969844340647,0.7403601673306413,0.059774608322858414
150,0,00000000000000000176,built_loss,27.611510109118974,0.6570969451958139,0.044520191067270454
150,0,000000000000000003d2,built_loss,50.783199492236186,0.6011296568769641,0.09113906821421824
150,0,00000000000000000490,built_loss,52.060345733472545,0.6501084967106434,0.06656347719321831
150,0,000000000000000005ad,built_loss,39.08418607207109,0.65814176888488,0.06292326356589228
150,0,00000000000000000624,built_loss,4.868273856202348,0.5144826089974364,0.07033280696822947
150,0,0000000000000000002d,crop_loss,54.3148576316243,0.4746029816135798,0.05547854583818873
150,0,0000000000000000009d,crop_loss,7.867389039598013,0.3786847651215108,0.06610105154914331
150,0,00000000000000000192,crop_loss,50.042115708947705,0.5587556644403838,0.029709694948427123
150,0,000000000000000003c8,crop_loss,39.93986510624826,0.19549815441268562,0.03686939879028678
150,0,0000000000000000046c,crop_loss,52.34809475287378,0.5012162042408177,0.10765167763939054
150,0,00000000000000000483,crop_loss,12.409075021895848,0.6996483474323413,0.09586640941739533
150,0,000000000000000004ee,crop_loss,20.97794920231114,0.38080810765087675,0.1202403421566855
150,0,00000000000000000611,crop_loss,50.87045031195993,0.6539056209977165,0.05461550452978259
150,0,0000000000000000062f,crop_loss,48.02971992420139,0.5211782796208272,0.11522307176019331
150,1,00000000000000000085,built_loss,15.061026313451402,0.3577942818282434,0.07753616869032931
150,1,00000000000000000114,built_loss,30.19615024128585,0.6812141004836333,0.053568937478698175
150,1,0000000000000000024c,built_loss,26.52867761828239,0.7222328020903849,0.053463378640265735
150,1,00000000000000000375,built_loss,38.59398257495454,0.6529227464127082,0.06809099697222731
150,1,000000000000000004d2,built_loss,32.26748746320563,0.4926145950099558,0.2732772171672728
150,1,000000000000000005bd,built_loss,5.239799601264973,0.5553298990309466,0.055144404967816474
150,1,00000000000000000281,crop_loss,47.51591889134952,0.5201815542787489,0.05541105961682796
150,1,000000000000000003a2,crop_loss,31.6238802027444,0.3421695785487404,0.11440610819769048
150,1,00000000000000000001,built_loss,27.144076949689808,0.47007329676570264,0.05547006309343422
150,1,00000000000000000049,built_loss,4.376708561570286,0.49140117116717635,0.03637545809676407
150,1,0000000000000000004a,built_loss,11.817516373544503,0.4403710687421314,0.028850889329908036
150,1,0000000000000000004f,built_loss,44.70705030111131,0.4375665930486941,0.08207196139415551
150,1,0000000000000000005a,built_loss,33.18937040173106,0.4447666773548183,0.03413701249142759
150,1,00000000000000000079,built_loss,66.84762576846401,0.6297873461924578,0.06289260292386056
150,1,00000000000000000087,built_loss,55.03017298489195,0.6149440089391647,0.11355129796555163
150,1,000000000000000000a1,built_loss,9.558735293620273,0.4499760004813414,0.04921812475971821
150,1,000000000000000000b8,built_loss,10.892990341724007,0.5274015363855725,0.12792750791323398
150,1,000000000000000000c0,built_loss,38.84833039297988,0.6328717016915534,0.049344036147889514
150,1,000000000000000000e2,built_loss,19.629696998252996,0.3916637222336347,0.06205618815000008
150,1,000000000000000000f0,built_loss,34.025123749527,0.683910846589245,0.08123948306389561
150,1,000000000000000000f8,built_loss,52.90221741761299,0.5349041355438603,0.060051790952976525
150,1,0000000000000000011c,built_loss,7.662940970343069,0.7253820535376226,0.033944165876346744
150,1,00000000000000000161,built_loss,44.63682073222429,0.6362721594751588,0.05335948117060729
150,1,0000000000000000016a,built_loss,8.89181634460775,0.23778226320115597,0.0557150946109751
150,1,000000000000000001a8,built_loss,52.00701459611907,0.5436076882092541,0.07253087399291835
150,1,000000000000000001be,built_loss,6.3543315417412645,0.5290480708214086,0.067959815640242
150,1,000000000000000001cd,built_loss,50.93711642223822,0.7685987028159021,0.09050566500552015
150,1,000000000000000001e5,built_loss,20.665453542961394,0.5645811125319041,0.06741698010099573
150,1,00000000000000000206,built_loss,44.20455297753654,0.7171880838410768,0.0702119770069286
150,1,00000000000000000209,built_loss,58.72718818107618,0.6342431953585669,0.07519407668765676
150,1,00000000000000000231,built_loss,50.41449915428298,0.5319374304965218,0.06446877614019442
150,1,0000000000000000026d,built_loss,28.284684395327325,0.5832993760931906,0.062213771954830466
150,1,00000000000000000278,built_loss,42.56714053226887,0.763411837468315,0.07020967886548923
150,1,00000000000000000293,built_loss,32.965821823485115,0.482413333074664,0.06048132469668149
150,1,000000000000000002a4,built_loss,11.47331854983356,0.41017654695394684,0.04064957370260758
150,1,00000000000000000316,built_loss,2.0998439432404017,0.1238708359718082,0.013904202524058051
150,1,00000000000000000356,built_loss,38.13030461718816,0.5186924988663875,0.10071144498009138
150,1,00000000000000000362,built_loss,49.41900855638372,0.5475986480643457,0.07210631885754026
150,1,00000000000000000363,built_loss,28.55900596645424,0.24312842923443487,0.041684025986298195
150,1,00000000000000000364,built_loss,56.4199648307571,0.6371719767632092,0.0554292962400772
150,1,00000000000000000380,built_loss,35.6682520921105,0.5214589618655977,0.0672172678198742
150,1,00000000000000000384,built_loss,17.66346661717454,0.5773817742223645,0.04429636209349619
150,1,0000000000000000039e,built_loss,8.554352884783603,0.5006472770669054,0.05105666114702023
150,1,000000000000000003a1,built_loss,19.088475902989877,0.6147627525880689,0.06111042873643324
150,1,000000000000000003a5,built_loss,24.279484095497356,0.42879565450165913,0.09426720609049372
150,1,000000000000000003b7,built_loss,16.65720036628222,0.4880839646751475,0.030639875600663058
150,1,000000000000000003bf,built_loss,50.36260669049864,0.5354443955334083,0.04497115607972102
150,1,000000000000000003f8,built_loss,6.683047034156465,0.221509149569562,0.03799932185684787
150,1,000000000000000003fa,built_loss,51.00300572863449,0.4218823481918733,0.05205404140554937
150,1,00000000000000000407,built_loss,46.71499427631134,0.5580409372264284,0.07899918545173512
150,1,0000000000000000040f,built_loss,31.457876625072366,0.5237569754669599,0.023563505643825255
150,1,00000000000000000426,built_loss,33.34179054590141,0.566066903513114,0.050397123296689106
150,1,0000000000000000042b,built_loss,40.41774240529922,0.5676709171253037,0.05417817305782724
150,1,00000000000000000442,built_loss,3.9890429203894593,0.3428206063764446,0.19609323833562098
150,1,00000000000000000465,built_loss,50.7562898073204,0.627825400373867,0.05649685737043475
150,1,0000000000000000047e,built_loss,20.822539180040742,0.5395674442413658,0.06099318675947463
150,1,000000000000000004c0,built_loss,44.03509825824996,0.6464194337622386,0.04678346181615711
150,1,000000000000000004c5,built_loss,13.102600061792053,0.5594812196845316,0.06204414829877081
150,1,000000000000000004d9,built_loss,41.37793435678211,0.5556839541826935,0.03657540533337311
150,1,000000000000000004eb,built_loss,53.37855175731396,0.447253550243507,0.0323622414572145
150,1,000000000000000004f5,built_loss,8.6730639297945,0.47946818572840794,0.06135400326319851
150,1,000000000000000004f7,built_loss,7.988172351840749,0.4719378425150284,0.030363704886695597
150,1,000000000000000004fe,built_loss,18.01508732595471,0.49966038861564244,0.039470302558818005
150,1,0000000000000000051d,built_loss,23.20210694276696,0.5154405030276358,0.16408444318256887
150,1,00000000000000000559,built_loss,42.212004586099674,0.6831568605754035,0.05689660340299452
150,1,00000000000000000576,built_loss,9.40974302475656,0.27510089793488446,0.055025938929888135
150,1,00000000000000000577,built_loss,10.19458597105411,0.4765084439141803,0.08217265959200759
150,1,0000000000000000057f,built_loss,2.297804167261057,0.4027378984941769,0.054722858068161795
150,1,00000000000000000594,built_loss,24.15496891209068,0.4909651187768954,0.17298071492461975
150,1,000000000000000005bf,built_loss,29.313348754045812,0.40259589309922594,0.0488011048692405
150,1,000000000000000005cc,built_loss,10.311038575645004,0.3595014113433672,0.03855067535041268
150,1,000000000000000005de,built_loss,36.57648594666706,0.4355360422714097,0.026116468473180443
150,1,000000000000000005e7,built_loss,42.03888621303769,0.6650224950590539,0.08335261075617573
150,1,000000000000000005f9,built_loss,17.974015106302915,0.6507498135933301,0.07225454806561793
150,1,0000000000000000061c,built_loss,21.131000917332454,0.4164407020139644,0.051693247821206656
150,1,00000000000000000626,built_loss,34.67599497210697,0.49047487545093094,0.04738587138207817
150,1,0000000000000000062a,built_loss,41.1094725719697,0.565369891641842,0.058390068814576646
150,1,00000000000000000636,built_loss,24.208710910592934,0.4801955395559522,0.12742049087208518
150,1,0000000000000000064a,built_loss,3.5297472161808954,0.30344845883989235,0.03124496507385105
150,1,0000000000000000064d,built_loss,14.92662306711018,0.4365941307126149,0.06058525551520921
150,1,00000000000000000694,built_loss,28.482353980884326,0.36751302413280973,0.03123679065653301
150,1,0000000000000000069d,built_loss,44.99907749968284,0.6448494026240278,0.0598257605108673
150,1,000000000000000006b7,built_loss,28.75734244468131,0.4606423384638011,0.04876883880272487
150,1,000000000000000006df,built_loss,18.30117475946547,0.2324654717849778,0.06079230726735749
150,1,000000000000000006e3,built_loss,32.18983573856425,0.4130133330787172,0.07000297864555127
150,1,00000000000000000011,crop_loss,46.65097933609201,0.801996768939309,0.3059788737742647
150,1,0000000000000000002b,crop_loss,50.335589117634356,0.17614735075278842,0.08988949654579931
150,1,0000000000000000003a,crop_loss,46.0317245435291,0.2904850467841355,0.07519497083922894
150,1,0000000000000000009b,crop_loss,18.14376709533215,0.49494100384785256,0.01168828591892529
150,1,000000000000000000a8,crop_loss,30.872668384884758,0.20738373057098045,0.0280169293925058
150,1,000000000000000000da,crop_loss,29.572695253027195,0.7475864046179928,0.038244471509143785
150,1,000000000000000000e3,crop_loss,57.24584500137824,0.4772087277245517,0.06584799670256791
150,1,000000000000000000e9,crop_loss,5.044551358303571,0.4270946486758534,0.07768427545504597
150,1,0000000000000000011b,crop_loss,33.60362555831572,0.48072157262243825,0.028783328179830536
150,1,00000000000000000128,crop_loss,36.15943069123758,0.5409061864946422,0.02294039659931557
150,1,0000000000000000016c,crop_loss,46.95822796870712,0.46331125361002334,0.0633502112629884
150,1,00000000000000000196,crop_loss,24.674383085419887,0.2467336957345656,0.0474091716720165
150,1,000000000000000001a6,crop_loss,38.95249365905161,0.265326286749651,0.08724673923409873
150,1,000000000000000001e4,crop_loss,44.7754718731471,0.4843567871706813,0.05828100921117374
150,1,000000000000000001f9,crop_loss,49.418728524975926,0.5201468817586976,0.23061869487303532
150,1,00000000000000000228,crop_loss,26.8282999885937,0.5077807327970276,0.11227112927804439
150,1,0000000000000000028c,crop_loss,4.152469125208823,0.29489705867611715,0.060957996022355465
150,1,0000000000000000028d,crop_loss,29.23603322319455,0.6606276703644702,0.07180365071790107
150,1,00000000000000000291,crop_loss,16.690236218954126,0.8792109182317147,0.02173918419466958
150,1,000000000000000002c5,crop_loss,29.71327581828405,0.36211754215579234,0.06722018266871133
150,1,000000000000000002cc,crop_loss,19.99474842190409,0.3953182183152897,0.17231670720229914
150,1,000000000000000002dc,crop_loss,59.43977233813879,0.6528202129605306,0.06821587738804913
150,1,000000000000000002e4,crop_loss,47.43289496915556,0.29637447449859033,0.06167033053863641
150,1,000000000000000002ec,crop_loss,51.29498757223195,0.49461364049771644,0.08522127580366462
150,1,00000000000000000314,crop_loss,30.634316420467258,0.07805395560838944,0.05951608897574255
150,1,00000000000000000335,crop_loss,53.81636045754962,0.44849882408389047,0.07004987193272783
150,1,0000000000000000033a,crop_loss,34.156380707419174,0.515128124044401,0.07192869074868757
150,1,000000000000000003b0,crop_loss,55.38884494243723,0.20919872661447453,0.05618893875200892
150,1,000000000000000003f1,crop_loss,58.10343621083537,0.4681928583728397,0.060703998023230676
150,1,000000000000000003f2,crop_loss,40.827762895227316,0.4575216031428898,0.0636278957061755
150,1,0000000000000000044b,crop_loss,14.135871205709869,0.5547497314567276,0.036382243441450246
150,1,00000000000000000480,crop_loss,10.554453049674901,0.8636541624356505,0.06320234514602385
150,1,00000000000000000485,crop_loss,46.933482999753394,0.69708625517305,0.04507644140636913
150,1,00000000000000000497,crop_loss,41.834060441800176,0.21812273040511962,0.06351982731162847
150,1,0000000000000000049b,crop_loss,40.21793400024752,0.3520304296414819,0.03956860930738082
150,1,000000000000000004a1,crop_loss,42.022013901257395,0.35148026795330106,0.0666162764634946
150,1,000000000000000004e7,crop_loss,28.164576773982667,0.483807500795616,0.03239979215051103
150,1,000000000000000004e9,crop_loss,16.964785366458397,0.3961876792795803,0.13477485018894525
150,1,000000000000000004f9,crop_loss,49.697444805361606,0.34542448896319566,0.1707284186705701
150,1,00000000000000000517,crop_loss,31.56474705387441,0.3013475159512473,0.12265690264443815
150,1,00000000000000000538,crop_loss,1.0715078996074672,0.3009919283585609,0.03985373801850073
150,1,0000000000000000057e,crop_loss,4.458045327764502,0.5359087841300931,0.027195024456163952
150,1,000000000000000005d1,crop_loss,18.175559352102415,0.1557328895600511,0.05286270319223357
150,1,00000000000000000632,crop_loss,14.32520346173463,0.08167726571748261,0.022372245337688987
150,1,0000000000000000063e,crop_loss,51.83229374583221,0.3069240563246646,0.05598465297737937
150,1,00000000000000000655,crop_loss,32.23583472068308,0.5453889770481755,0.12948960915458896
150,1,00000000000000000697,crop_loss,61.1585912248489,0.6105767216640715,0.06019086397798168
150,1,00000000000000000698,crop_loss,19.771098695628368,0.41167818276787804,0.05232919741101544
150,1,000000000000000006a8,crop_loss,54.8696502012112,0.29537520124752187,0.09595854403080317
150,1,000000000000000006b4,crop_loss,53.55725643202526,0.5104178739953209,0.09654426651467563
150,1,000000000000000006be,crop_loss,15.418674423014375,0.3998470381544621,0.05672480182138517
150,1,000000000000000006c0,crop_loss,2.9369819297510427,0.18926433462537068,0.0490208381923658
150,1,000000000000000006cc,crop_loss,24.664517797343578,0.34380432894178714,0.04713382980328096
150,1,000000000000000006ce,crop_loss,23.80916007579576,0.5926256562372204,0.09942140040566327
150,1,000000000000000006d9,crop_loss,42.395580859538406,0.20412569749279694,0.055175005557674794
150,1,000000000000000006e5,crop_loss,49.42579677700643,0.5122685147403983,0.07981538184738796
150,1,00000000000000000151,built_loss,9.226372162634414,0.26148880766341087,0.04647562291533189
150,1,0000000000000000034d,built_loss,6.1432585678190925,0.4081559637619104,0.033098615117272634
150,1,000000000000000003c7,crop_loss,29.271762535936418,0.7104686475715363,0.07213508054556372
150,1,00000000000000000176,built_loss,29.71688846000573,0.6580329510728851,0.045936036074895936
150,1,000000000000000003d2,built_loss,50.731399740204665,0.5866210071065715,0.09673319889021947
150,1,00000000000000000490,built_loss,55.98604740691418,0.6326556177335825,0.060564627551127015
150,1,000000000000000005ad,built_loss,39.13992791354998,0.6615370712450508,0.07370098788767776
150,1,00000000000000000624,built_loss,4.4181545435576135,0.5183490935971308,0.06358567460749104
150,1,0000000000000000002d,crop_loss,57.45641764247254,0.47026608228980865,0.051037354717477335
150,1,0000000000000000009d,crop_loss,7.673304101175306,0.3833338220849792,0.07663556168637936
150,1,00000000000000000192,crop_loss,47.68338348671252,0.5636747607758207,0.031577794387119495
150,1,000000000000000003c8,crop_loss,38.7640908187022,0.1913143198230982,0.03540752539790781
150,1,0000000000000000046c,crop_loss,51.99685340313104,0.5043467495222586,0.11497487101735476
150,1,00000000000000000483,crop_loss,10.69883253492925,0.7041132764609364,0.09719809150005576
150,1,000000000000000004ee,crop_loss,21.22342011066477,0.3156654623396453,0.14641102274641182
150,1,00000000000000000611,crop_loss,52.04229860683327,0.6401379752857658,0.05180045773982145
150,1,0000000000000000062f,crop_loss,47.18879976439591,0.5296235161903705,0.11566945460601386
150,2,00000000000000000085,built_loss,15.28502531783869,0.3430625474748438,0.08595371039988936
150,2,00000000000000000114,built_loss,30.061031910648136,0.699356413048507,0.043908485635699934
150,2,0000000000000000024c,built_loss,25.383975782277528,0.7127144372065202,0.0435043241212405
150,2,00000000000000000375,built_loss,40.88534823371137,0.6459008826606198,0.048370760327556495
150,2,000000000000000004d2,built_loss,33.84169956304292,0.582385264867448,0.289875724957904
150,2,000000000000000005bd,built_loss,4.730103491080674,0.5653737879033109,0.06292019195215082
150,2,00000000000000000281,crop_loss,45.790185178330596,0.5192372095172147,0.043304452582304975
150,2,000000000000000003a2,crop_loss,32.48589439595643,0.349411399857997,0.0982079398758981
150,2,00000000000000000001,built_loss,27.5961845053503,0.4631516793138816,0.05425890790496324
150,2,00000000000000000049,built_loss,4.852955563107796,0.4810790303223448,0.0508138520519551
150,2,0000000000000000004a,built_loss,11.294036102480876,0.43282687526092406,0.029060182540434187
150,2,0000000000000000004f,built_loss,40.596351910604874,0.4359914627656739,0.07877275342999224
150,2,0000000000000000005a,built_loss,34.26142227093401,0.44907386624140205,0.03954277600415218
150,2,00000000000000000079,built_loss,66.10986823640644,0.6241605626217347,0.06510213608938653
150,2,00000000000000000087,built_loss,51.295224246931454,0.6294195342584086,0.11059142049646609
150,2,000000000000000000a1,built_loss,9.371209446986864,0.45422214671683675,0.05924577884596299
150,2,000000000000000000b8,built_loss,10.908904037390533,0.5344620994184234,0.13625258119178352
150,2,000000000000000000c0,built_loss,40.81941560688927,0.631121866513455,0.05459337646298501
150,2,000000000000000000e2,built_loss,20.381166701151937,0.3783301589247758,0.06865778380579624
150,2,000000000000000000f0,built_loss,34.953250690646726,0.6779385301290874,0.08468087554378234
150,2,000000000000000000f8,built_loss,47.49613869339579,0.5305539935005685,0.07190611459257895
150,2,0000000000000000011c,built_loss,7.340417309669067,0.7283082821180503,0.03900500922497263
150,2,00000000000000000161,built_loss,42.83787251956516,0.6469942851721697,0.049085003783121195
150,2,0000000000000000016a,built_loss,9.010479377322785,0.24409688352545025,0.0492225789574183
150,2,000000000000000001a8,built_loss,49.379988576798816,0.5418213999575531,0.07285768278681326
150,2,000000000000000001be,built_loss,6.143291777489135,0.5089912987124394,0.0783557127253362
150,2,000000000000000001cd,built_loss,53.61398482343868,0.7579264707410523,0.07580682063335786
150,2,000000000000000001e5,built_loss,19.92212406985981,0.573400172980171,0.06917973979418701
150,2,00000000000000000206,built_loss,44.808049363299325,0.7188257037291162,0.06937207243952026
150,2,00000000000000000209,built_loss,55.196425791969254,0.6237512535093059,0.07486792036955658
150,2,00000000000000000231,built_loss,51.10653134985736,0.5378772059575226,0.07191627386336885
150,2,0000000000000000026d,built_loss,31.759242094112256,0.5834459521831691,0.07011720709295144
150,2,00000000000000000278,built_loss,42.57402184728682,0.7646566439826149,0.07156704629358612
150,2,00000000000000000293,built_loss,29.27463129626823,0.48424965455064306,0.07062874464295538
150,2,000000000000000002a4,built_loss,10.258881448124248,0.41272360364864785,0.04119206321008001
150,2,00000000000000000316,built_loss,1.9754922322088757,0.12348923999914094,0.012474332704385957
150,2,00000000000000000356,built_loss,39.59168731454558,0.5243903575212697,0.10723511458928198
150,2,00000000000000000362,built_loss,49.82707458744036,0.5654868618719467,0.06780617047617532
150,2,00000000000000000363,built_loss,26.932849589004597,0.24590447845716693,0.044608345805768085
150,2,00000000000000000364,built_loss,58.07465786614455,0.6306999594095134,0.054374551930535975
150,2,00000000000000000380,built_loss,33.520576725429905,0.526051710729766,0.06677749084893198
150,2,00000000000000000384,built_loss,19.20337828962477,0.5769306525441815,0.03613167280972873
150,2,0000000000000000039e,built_loss,9.86400739179052,0.48930222437752846,0.0528234961619346
150,2,000000000000000003a1,built_loss,19.918476262397537,0.6120854001052608,0.06460820962853331
150,2,000000000000000003a5,built_loss,24.773766108558373,0.39925377578746907,0.0901682641769202
150,2,000000000000000003b7,built_loss,15.827355774106017,0.49657134962524546,0.02692337690132185
150,2,000000000000000003bf,built_loss,53.97290594974273,0.5324338758178786,0.04658944092743078
150,2,000000000000000003f8,built_loss,6.547162555987438,0.22553183098490143,0.027236983497134243
150,2,000000000000000003fa,built_loss,52.62138792342923,0.42271364191946864,0.047385325825750946
150,2,00000000000000000407,built_loss,48.27721518767892,0.5552392327574727,0.06684442342278396
150,2,0000000000000000040f,built_loss,33.32334610293721,0.5219961237778045,0.021877614458848726
150,2,00000000000000000426,built_loss,33.88085647865132,0.578205345056531,0.04654773203680174
150,2,0000000000000000042b,built_loss,39.299196146126846,0.5658193549246974,0.06553368513197222
150,2,00000000000000000442,built_loss,4.014122823279012,0.3491144912302341,0.15212015129351575
150,2,00000000000000000465,built_loss,48.66271910927891,0.6314876481010611,0.0716932697715198
150,2,0000000000000000047e,built_loss,22.176064302647134,0.5232293583460974,0.04834311439926353
150,2,000000000000000004c0,built_loss,44.32237515607897,0.6401245164118665,0.04839869409450537
150,2,000000000000000004c5,built_loss,14.547788922635299,0.5788514962799409,0.07180205948212837
150,2,000000000000000004d9,built_loss,42.554907274767935,0.5550141144139641,0.044326706838148544
150,2,000000000000000004eb,built_loss,52.03433765823139,0.4460475147219094,0.03256743417204905
150,2,000000000000000004f5,built_loss,8.94683735972163,0.4746409833624556,0.07387479352906978
150,2,000000000000000004f7,built_loss,7.84572015089596,0.4762533406495021,0.02944165410758548
150,2,000000000000000004fe,built_loss,16.541597616521642,0.5001508563097169,0.03137456748638512
150,2,0000000000000000051d,built_loss,24.290066374043686,0.48771197639685127,0.18140267595932652
150,2,00000000000000000559,built_loss,40.98166374503259,0.6733770812017467,0.06404758062407001
150,2,00000000000000000576,built_loss,8.957264268700373,0.27637089467033477,0.061541725033434885
150,2,00000000000000000577,built_loss,10.182375895734644,0.488772868760851,0.09460492691447409
150,2,0000000000000000057f,built_loss,2.3310583125078663,0.40012073578299073,0.054568234220586154
150,2,00000000000000000594,built_loss,21.557090987086458,0.4862327225006643,0.1862172436403673
150,2,000000000000000005bf,built_loss,30.58234405158686,0.4063609766809666,0.0484768494907622
150,2,000000000000000005cc,built_loss,10.405008415267892,0.35275088185888803,0.03415504245343126
150,2,000000000000000005de,built_loss,33.678456256879386,0.43804913005652113,0.03084967552219464
150,2,000000000000000005e7,built_loss,43.78253181161597,0.645298251520307,0.08670315744836887
150,2,000000000000000005f9,built_loss,16.870682194401866,0.6509336150441201,0.06865069777681654
150,2,0000000000000000061c,built_loss,21.434573587655564,0.4053213270786688,0.05480878706894099
150,2,00000000000000000626,built_loss,34.58155758329374,0.4891736773055524,0.03797244826198909
150,2,0000000000000000062a,built_loss,42.26797406236706,0.5642467426114336,0.060070105930679296
150,2,00000000000000000636,built_loss,24.46250356373404,0.47708022972471614,0.13679274693755805
150,2,0000000000000000064a,built_loss,3.5766852943030742,0.29903038610985855,0.03865141778584269
150,2,0000000000000000064d,built_loss,14.980096449345396,0.4400757055379787,0.060631788870497305
150,2,00000000000000000694,built_loss,29.154035767346787,0.36697327988827694,0.033874217937586715
150,2,0000000000000000069d,built_loss,41.75922964187954,0.6589482278407147,0.0611089074536193
150,2,000000000000000006b7,built_loss,31.714651317416234,0.4595190376268372,0.04514962593796734
150,2,000000000000000006df,built_loss,19.21306703803199,0.248709670233257,0.09774536741908335
150,2,000000000000000006e3,built_loss,30.773205344858944,0.40415243993447697,0.05913514543323528
150,2,00000000000000000011,crop_loss,45.945715569206584,0.687940756820754,0.33677472939220887
150,2,0000000000000000002b,crop_loss,50.26071630192655,0.1793755852311469,0.08252693543669584
150,2,0000000000000000003a,crop_loss,45.016409434612996,0.29061254073880644,0.07158281098061364
150,2,0000000000000000009b,crop_loss,18.255418503084666,0.4969172755478594,0.01299061495857401
150,2,000000000000000000a8,crop_loss,30.989141825350032,0.20597324834614741,0.030488065176902557
150,2,000000000000000000da,crop_loss,28.308447186972977,0.7547237049465956,0.03805641581042085
150,2,000000000000000000e3,crop_loss,56.354348161883806,0.4903189343277807,0.06394823517469889
150,2,000000000000000000e9,crop_loss,5.394897976640227,0.4295495855416642,0.08074786432622982
150,2,0000000000000000011b,crop_loss,31.52700289422369,0.4854790141826858,0.03182934504969992
150,2,00000000000000000128,crop_loss,36.26957533578767,0.5424961936555412,0.025536248132545736
150,2,0000000000000000016c,crop_loss,46.00039642161961,0.4672336045651402,0.061935605041192554
150,2,00000000000000000196,crop_loss,25.369335565298808,0.25594845236036584,0.050224705615497356
150,2,000000000000000001a6,crop_loss,39.579632825602474,0.26008177431834484,0.08017498075354287
150,2,000000000000000001e4,crop_loss,44.36737206625871,0.5090551192482579,0.05559918224334787
150,2,000000000000000001f9,crop_loss,48.956854916552544,0.5105721989373981,0.2390144700442023
150,2,00000000000000000228,crop_loss,27.816330441343347,0.4949734900814357,0.12951191977415522
150,2,0000000000000000028c,crop_loss,4.242647151586061,0.29566588266312466,0.04969897547680718
150,2,0000000000000000028d,crop_loss,32.73056452668201,0.6612727530220637,0.06703320836758009
150,2,00000000000000000291,crop_loss,16.127549963992802,0.8788420463416229,0.020956363817045354
150,2,000000000000000002c5,crop_loss,29.737979758124272,0.3343810197667436,0.07916550750333678
150,2,000000000000000002cc,crop_loss,19.09175411427907,0.3871164039100155,0.13330777388097004
150,2,000000000000000002dc,crop_loss,54.88054968738547,0.6438264245695442,0.05893881739045903
150,2,000000000000000002e4,crop_loss,51.66049431807784,0.3097023906210522,0.06928328878875228
150,2,000000000000000002ec,crop_loss,52.57368190498957,0.47217297201991354,0.07174931890593361
150,2,00000000000000000314,crop_loss,33.077965569634394,0.07254525065072008,0.057581117381882735
150,2,00000000000000000335,crop_loss,54.00342422306833,0.46951295280594196,0.06772146992945738
150,2,0000000000000000033a,crop_loss,30.60279986543101,0.5055414041921642,0.06893316471336891
150,2,000000000000000003b0,crop_loss,53.41285888979576,0.19750623573406573,0.061214525577860335
150,2,000000000000000003f1,crop_loss,58.10343621083537,0.46819285837283936,0.05961498574601848
150,2,000000000000000003f2,crop_loss,39.39910464079833,0.46931276750113193,0.052089572242212445
150,2,0000000000000000044b,crop_loss,14.042818060251674,0.5632255533554832,0.032940286799546636
150,2,00000000000000000480,crop_loss,10.253455797322754,0.8619464321911162,0.059248830930820895
150,2,00000000000000000485,crop_loss,46.552848600778795,0.6936113705812839,0.04099347759084038
150,2,00000000000000000497,crop_loss,43.04992473666665,0.24206427209319004,0.0756677338102566
150,2,0000000000000000049b,crop_loss,42.19515877758996,0.34855111823466567,0.03634005156537795
150,2,000000000000000004a1,crop_loss,43.481076888005006,0.3614739669652102,0.05185617761119532
150,2,000000000000000004e7,crop_loss,27.00090045164359,0.4912516101328041,0.03060224889218227
150,2,000000000000000004e9,crop_loss,15.945709281394459,0.40834255559504595,0.14996107646095153
150,2,000000000000000004f9,crop_loss,45.419347595352384,0.3753378707921298,0.1530236772243313
150,2,00000000000000000517,crop_loss,31.612716554689836,0.28730487844190145,0.11942089162983674
150,2,00000000000000000538,crop_loss,1.0671577048969503,0.3077040491534433,0.03627337385836399
150,2,0000000000000000057e,crop_loss,4.552105067555854,0.530245010659607,0.025321282352651964
150,2,000000000000000005d1,crop_loss,17.208730822642508,0.1498197012396584,0.05199977289366156
150,2,00000000000000000632,crop_loss,14.586685234890632,0.0765589422170592,0.022195914013232107
150,2,0000000000000000063e,crop_loss,51.50150962152405,0.30949138287340644,0.06261548113553
150,2,00000000000000000655,crop_loss,33.96283932278804,0.5386207004262592,0.14572273017323384
150,2,00000000000000000697,crop_loss,62.00117969863477,0.6086784976069681,0.0657165827973204
150,2,00000000000000000698,crop_loss,21.279968357155543,0.4178112292335402,0.047822015748414326
150,2,000000000000000006a8,crop_loss,54.730768742132064,0.3064936049351868,0.08286996441617728
150,2,000000000000000006b4,crop_loss,51.63583980272211,0.5057879804619242,0.10390178932541805
150,2,000000000000000006be,crop_loss,13.938445530363303,0.4065758630693363,0.058278543156250806
150,2,000000000000000006c0,crop_loss,2.8551210205187423,0.18960312936049106,0.04749187941702335
150,2,000000000000000006cc,crop_loss,24.541914555309663,0.34834987659064776,0.04482122805784439
150,2,000000000000000006ce,crop_loss,23.768380184463698,0.5777988069004759,0.11508915523392194
150,2,000000000000000006d9,crop_loss,44.17762398651191,0.2037836273120239,0.0532489887409843
150,2,000000000000000006e5,crop_loss,48.64600939301086,0.5264632113409585,0.08362338863250085
150,2,00000000000000000151,built_loss,8.903911369247007,0.2630749081860841,0.042443003308845206
150,2,0000000000000000034d,built_loss,5.969627655403296,0.4146225936991318,0.0326785154837147
150,2,000000000000000003c7,crop_loss,30.660751965956553,0.7180511582076334,0.0686942888389932
150,2,00000000000000000176,built_loss,25.05835203192282,0.6621088844976245,0.0428362859238699
150,2,000000000000000003d2,built_loss,49.24169076427878,0.5788945328484657,0.08793670683062582
150,2,00000000000000000490,built_loss,54.026798845937414,0.6518425733325801,0.056550579479840546
150,2,000000000000000005ad,built_loss,38.92729080916594,0.6656892415347451,0.054791938869732104
150,2,00000000000000000624,built_loss,4.671695871813908,0.5207325169811282,0.06301872184494939
150,2,0000000000000000002d,crop_loss,55.76555358361256,0.47470404025851864,0.058541766512656856
150,2,0000000000000000009d,crop_loss,6.764039957685444,0.3764685700543039,0.05752549083795938
150,2,00000000000000000192,crop_loss,49.2658644719238,0.5663680060600073,0.028020318694017998
150,2,000000000000000003c8,crop_loss,41.69528616881092,0.18997537645180396,0.035962737301622166
150,2,0000000000000000046c,crop_loss,53.04170676540776,0.4986774546051969,0.11518545988798484
150,2,00000000000000000483,crop_loss,11.859025283549405,0.7195087284797903,0.09819659094650002
150,2,000000000000000004ee,crop_loss,21.187580413942413,0.37413399391010094,0.13533905176925365
150,2,00000000000000000611,crop_loss,53.54796396609909,0.665480999555513,0.05826375083331081
150,2,0000000000000000062f,crop_loss,50.82965088271258,0.5117957545886087,0.12159545463146726
150,3,00000000000000000085,built_loss,15.783171136511493,0.35815086273162017,0.07027202363137797
150,3,00000000000000000114,built_loss,30.066435062961123,0.7047823092201856,0.055551721579790936
150,3,0000000000000000024c,built_loss,25.699984373251443,0.7206392809574206,0.0497160065376121
150,3,00000000000000000375,built_loss,37.94403679495845,0.6609117189270889,0.05813705665503577
150,3,000000000000000004d2,built_loss,32.494317564295066,0.4177243790448123,0.3430618713527062
150,3,000000000000000005bd,built_loss,4.983599205299441,0.5539203789526831,0.05380993070375284
150,3,00000000000000000281,crop_loss,47.89100872726619,0.5135397718655934,0.03741602031112151
150,3,000000000000000003a2,crop_loss,32.80854135296896,0.35175772872431527,0.09553240576000815
150,3,00000000000000000001,built_loss,28.559076328994866,0.47246945565956405,0.04763729673244016
150,3,00000000000000000049,built_loss,4.369504924338538,0.48618630162765464,0.03617714681334061
150,3,0000000000000000004a,built_loss,11.35304891431678,0.43867802237783043,0.028226815917191728
150,3,0000000000000000004f,built_loss,41.75697554252736,0.443215678885906,0.08907375854652672
150,3,0000000000000000005a,built_loss,33.17006744600863,0.44094650295656407,0.029852954375244545
150,3,00000000000000000079,built_loss,66.78521008622519,0.6329992870882335,0.06356355047812223
150,3,00000000000000000087,built_loss,52.36942097016514,0.6265491511595348,0.10957261759761716
150,3,000000000000000000a1,built_loss,9.283198126388763,0.4458100178423331,0.047279692203483326
150,3,000000000000000000b8,built_loss,11.00879391410297,0.5290518547160571,0.12065121621894781
150,3,000000000000000000c0,built_loss,38.824132979101165,0.6311396277753758,0.055793331291850046
150,3,000000000000000000e2,built_loss,18.426928977188826,0.4030061950112599,0.06858866794382379
150,3,000000000000000000f0,built_loss,32.91892549696249,0.6688676228831775,0.0694359120877901
150,3,000000000000000000f8,built_loss,49.23713675815122,0.5330840977873822,0.07227218165092159
150,3,0000000000000000011c,built_loss,7.112092033467893,0.7256433994986907,0.04011454908332679
150,3,00000000000000000161,built_loss,43.34266022165728,0.6666064284827663,0.07478576780858015
150,3,0000000000000000016a,built_loss,9.270141925553252,0.2561258321494037,0.05722908060694437
150,3,000000000000000001a8,built_loss,53.90924170306987,0.5602504365380828,0.07071729556922635
150,3,000000000000000001be,built_loss,6.132227916705139,0.5353590283754542,0.06674480045183578
150,3,000000000000000001cd,built_loss,51.85522955213835,0.7650952924500827,0.08036086573997336
150,3,000000000000000001e5,built_loss,20.462260998366748,0.5645811125319041,0.06676173037922817
150,3,00000000000000000206,built_loss,44.62850609937154,0.7180300888763357,0.07381452105348629
150,3,00000000000000000209,built_loss,56.543405078674894,0.6352360893031267,0.08750280361060325
150,3,00000000000000000231,built_loss,52.08626851981854,0.5349231521758269,0.06644781250759224
150,3,0000000000000000026d,built_loss,31.472749311310505,0.5915147220168785,0.073022881702277
150,3,00000000000000000278,built_loss,43.254606595293005,0.7591531106996968,0.07055191553072249
150,3,00000000000000000293,built_loss,31.79064959126601,0.469086920764763,0.07285718394420132
150,3,000000000000000002a4,built_loss,11.834178741182265,0.41538652569302514,0.048344747270726296
150,3,00000000000000000316,built_loss,2.072035181041902,0.12328994485732561,0.015877833881607017
150,3,00000000000000000356,built_loss,41.739044762022665,0.5447621222069778,0.10377393683831782
150,3,00000000000000000362,built_loss,52.34676906467929,0.5777055229627353,0.05957875734768925
150,3,00000000000000000363,built_loss,26.720637476009525,0.23176364369796948,0.0404891041623871
150,3,00000000000000000364,built_loss,59.39172432985391,0.6287015008863952,0.06844615887926586
150,3,00000000000000000380,built_loss,34.20675038118941,0.4983923582689859,0.051663475696802796
150,3,00000000000000000384,built_loss,17.4824786915348,0.5811163565875369,0.046377580564882726
150,3,0000000000000000039e,built_loss,8.35861891554919,0.49199947614951983,0.045158772915737055
150,3,000000000000000003a1,built_loss,20.022833749376286,0.6285119367912715,0.061796645801934225
150,3,000000000000000003a5,built_loss,24.630877032575277,0.3964238493111607,0.08132181904107827
150,3,000000000000000003b7,built_loss,17.323550503956685,0.4922222523680251,0.024179065654934162
150,3,000000000000000003bf,built_loss,53.95271350286167,0.5355790590942746,0.04560137680280185
150,3,000000000000000003f8,built_loss,6.930640025639532,0.23445812392859486,0.03379010944652894
150,3,000000000000000003fa,built_loss,51.91691955712196,0.41248177265184155,0.05034409366737158
150,3,00000000000000000407,built_loss,48.21253791373072,0.5490935946362984,0.07088560502247143
150,3,0000000000000000040f,built_loss,32.06262846282591,0.5209106754446621,0.022673607477586843
150,3,00000000000000000426,built_loss,32.34781292578419,0.5690687153608506,0.051649278360542894
150,3,0000000000000000042b,built_loss,38.339606186941886,0.5599785669237693,0.06030299106659953
150,3,00000000000000000442,built_loss,3.869533749646954,0.3502102086889035,0.2086895484645741
150,3,00000000000000000465,built_loss,51.00510878771702,0.6382904138798856,0.06297112564074503
150,3,0000000000000000047e,built_loss,20.871200824413688,0.5262622051119197,0.044539642786197486
150,3,000000000000000004c0,built_loss,44.38303671562789,0.6538407973909672,0.04145857879946402
150,3,000000000000000004c5,built_loss,13.503451139655846,0.584661907907965,0.07746723106432118
150,3,000000000000000004d9,built_loss,43.39800173809286,0.5597975387606243,0.04239687748928933
150,3,000000000000000004eb,built_loss,51.985616641471324,0.4541099729310212,0.0329691376800369
150,3,000000000000000004f5,built_loss,8.410236162756307,0.47040650425257124,0.06658218362155155
150,3,000000000000000004f7,built_loss,8.349413290459255,0.4812683848538533,0.02800804265498713
150,3,000000000000000004fe,built_loss,16.29278195334042,0.5026720628740089,0.03219847210599469
150,3,0000000000000000051d,built_loss,23.55940014167783,0.47102605254440355,0.14978505445881424
150,3,00000000000000000559,built_loss,41.83347343175771,0.6805176478267896,0.06475376417873668
150,3,00000000000000000576,built_loss,9.298385173914713,0.2617718692316541,0.05175548782889558
150,3,00000000000000000577,built_loss,10.603559157097527,0.4624965782259435,0.08224472165553909
150,3,0000000000000000057f,built_loss,2.3224676961665667,0.3995335953977536,0.059022453556229426
150,3,00000000000000000594,built_loss,23.925469720532412,0.5400775414349565,0.14498592759907974
150,3,000000000000000005bf,built_loss,29.300520091431682,0.4113645715874016,0.04961801840048863
150,3,000000000000000005cc,built_loss,11.028904472593297,0.34983046499050807,0.03466409085870126
150,3,000000000000000005de,built_loss,35.175699228695784,0.43451651750387993,0.03017526791727143
150,3,000000000000000005e7,built_loss,43.31453089124327,0.638020201856009,0.1012389154128257
150,3,000000000000000005f9,built_loss,18.403519848779972,0.6369841450448072,0.0737058970451493
150,3,0000000000000000061c,built_loss,22.228602792146834,0.40690020421545686,0.053800381305532885
150,3,00000000000000000626,built_loss,35.553993423945734,0.4891736773055524,0.04146202812476796
150,3,0000000000000000062a,built_loss,42.8585219201429,0.5705944126700458,0.048505257518980605
150,3,00000000000000000636,built_loss,23.407845532215095,0.5104731886930953,0.1377290038350487
150,3,0000000000000000064a,built_loss,3.4298350097008816,0.30005209671554145,0.038041058854342835
150,3,0000000000000000064d,built_loss,14.826056527299796,0.44070463835171514,0.06256305137203377
150,3,00000000000000000694,built_loss,29.75849640521158,0.37150802583889864,0.03623575572637988
150,3,0000000000000000069d,built_loss,44.78003225357891,0.6433366747413598,0.06024949442064165
150,3,000000000000000006b7,built_loss,30.213898582477814,0.46685889269220615,0.04134110524718604
150,3,000000000000000006df,built_loss,19.681802218652535,0.22370951574222397,0.06415521246926129
150,3,000000000000000006e3,built_loss,30.701633005989635,0.4269001574035084,0.07582582871933508
150,3,00000000000000000011,crop_loss,44.430731410190425,0.8092111257716876,0.2778565691813568
150,3,0000000000000000002b,crop_loss,47.9321404164067,0.18017604396152437,0.11836050762912417
150,3,0000000000000000003a,crop_loss,47.349080250032095,0.2906659766638371,0.07573268731639199
150,3,0000000000000000009b,crop_loss,17.021735361248943,0.49728542747218885,0.014997113856839883
150,3,000000000000000000a8,crop_loss,30.503563920270256,0.20591495220274594,0.03140256107413458
150,3,000000000000000000da,crop_loss,26.10444148840533,0.7497753138588632,0.04459585614300687
150,3,000000000000000000e3,crop_loss,56.905674654045754,0.4864857190988193,0.06425777111717668
150,3,000000000000000000e9,crop_loss,5.122030567996142,0.4146999641178391,0.08371078294552758
150,3,0000000000000000011b,crop_loss,32.14180550303041,0.485495709032746,0.03424270169926075
150,3,00000000000000000128,crop_loss,35.569127221265475,0.5407502260737895,0.029360669790904348
150,3,0000000000000000016c,crop_loss,48.1172361157059,0.4895951304887776,0.07064512523266442
150,3,00000000000000000196,crop_loss,24.804256307541618,0.2522234859066559,0.04187695591850313
150,3,000000000000000001a6,crop_loss,39.44611099347872,0.265326286749651,0.09322677866429446
150,3,000000000000000001e4,crop_loss,42.528454326039636,0.5013121547064155,0.04909970154179932
150,3,000000000000000001f9,crop_loss,49.81427741833717,0.49073432986684895,0.26693040946597757
150,3,00000000000000000228,crop_loss,27.51372555404922,0.5174014138234467,0.11246746386727313
150,3,0000000000000000028c,crop_loss,4.122494303118222,0.30148830252724534,0.05452432087933601
150,3,0000000000000000028d,crop_loss,30.74332050234789,0.6763679011392775,0.06525548709868545
150,3,00000000000000000291,crop_loss,16.906430763652775,0.8846185891815094,0.02150491818825373
150,3,000000000000000002c5,crop_loss,29.631141828060457,0.3445894161217455,0.08454617792633323
150,3,000000000000000002cc,crop_loss,18.483033145435005,0.40270873271597046,0.17808241892858223
150,3,000000000000000002dc,crop_loss,56.91759521613826,0.6654821204839353,0.05028696340580696
150,3,000000000000000002e4,crop_loss,49.7996727461428,0.3073554492841638,0.06668742507738623
150,3,000000000000000002ec,crop_loss,50.73652123064445,0.5043028633136502,0.07831442156644403
150,3,00000000000000000314,crop_loss,33.612079410252804,0.08897129041935453,0.05592655526121288
150,3,00000000000000000335,crop_loss,53.183260272616685,0.46049302097797257,0.05781756686684458
150,3,0000000000000000033a,crop_loss,32.5494242387373,0.5126131600019915,0.06756659847082608
150,3,000000000000000003b0,crop_loss,54.49739314564053,0.20442353587650902,0.06471111791963222
150,3,000000000000000003f1,crop_loss,58.103436210835376,0.4681928583728397,0.0622118661172556
150,3,000000000000000003f2,crop_loss,38.49755307483244,0.46918189058910514,0.051657609064499344
150,3,0000000000000000044b,crop_loss,13.98563578937219,0.5732882646860747,0.04137965721548831
150,3,00000000000000000480,crop_loss,11.120033489652625,0.8506904917903699,0.06250121752160864
150,3,00000000000000000485,crop_loss,45.30659071623861,0.6960408766507006,0.03776856442101584
150,3,00000000000000000497,crop_loss,41.51193293598614,0.24640208680493564,0.06778193939370539
150,3,0000000000000000049b,crop_loss,44.95749738173253,0.34426701905727713,0.04350336415192757
150,3,000000000000000004a1,crop_loss,44.01374708099884,0.36253380183506695,0.06446346093697847
150,3,000000000000000004e7,crop_loss,29.440823668732683,0.4905231826784679,0.03519541916152824
150,3,000000000000000004e9,crop_loss,16.15764407198236,0.36408514766169386,0.12253713734136296
150,3,000000000000000004f9,crop_loss,46.19020590421619,0.3681891972457984,0.159796804142863
150,3,00000000000000000517,crop_loss,31.524692510117582,0.30644628997516205,0.12411297490635048
150,3,00000000000000000538,crop_loss,1.067717201605966,0.304238896575574,0.0324726537182809
150,3,0000000000000000057e,crop_loss,4.224232115182204,0.5371281435107423,0.02950046222786662
150,3,000000000000000005d1,crop_loss,18.10847863705747,0.1513714885385158,0.04621416267236275
150,3,00000000000000000632,crop_loss,14.159552735356701,0.08234802573896478,0.022469503209463962
150,3,0000000000000000063e,crop_loss,51.40843877298474,0.309937362392852,0.05615098018433423
150,3,00000000000000000655,crop_loss,32.216406699646924,0.4805758850968339,0.1867742737035481
150,3,00000000000000000697,crop_loss,61.23682183999055,0.6076228523530057,0.0658073211936302
150,3,00000000000000000698,crop_loss,20.267512014815573,0.4211112779252965,0.056388710237118445
150,3,000000000000000006a8,crop_loss,53.57252339908867,0.316586565816598,0.07752368794061543
150,3,000000000000000006b4,crop_loss,49.79675283838705,0.5087539950078922,0.09259873553712594
150,3,000000000000000006be,crop_loss,15.028368496807222,0.3822513640198095,0.05375101668000093
150,3,000000000000000006c0,crop_loss,2.8877414049841383,0.19267282071252895,0.04716187320096424
150,3,000000000000000006cc,crop_loss,24.065105639709547,0.33875582222983824,0.04261217858571997
150,3,000000000000000006ce,crop_loss,24.66912931093278,0.5910559158593132,0.10322241013383582
150,3,000000000000000006d9,crop_loss,42.04692021749057,0.20522931663800553,0.053669853394826716
150,3,000000000000000006e5,crop_loss,49.5224060940584,0.5156174499404524,0.08395081765768225
150,3,00000000000000000151,built_loss,7.9581906635533155,0.26036668588507555,0.03997555177668516
150,3,0000000000000000034d,built_loss,5.768741700767369,0.4053193029451864,0.0341919395028224
150,3,000000000000000003c7,crop_loss,30.583831136832387,0.7189431814732319,0.07341968863984338
150,3,00000000000000000176,built_loss,27.424138141520533,0.6547036097390407,0.046890434374864065
150,3,000000000000000003d2,built_loss,48.592519797258795,0.5807474640428357,0.08900167839764606
150,3,00000000000000000490,built_loss,54.400776531645775,0.6544236032825301,0.053354821649674644
150,3,000000000000000005ad,built_loss,38.70354694496469,0.6694267401057967,0.05905656228783007
150,3,00000000000000000624,built_loss,4.761997703516234,0.527965696752562,0.06833336702659298
150,3,0000000000000000002d,crop_loss,53.08224378416026,0.47257747909735526,0.05872711683276721
150,3,0000000000000000009d,crop_loss,7.249768308019136,0.37692884821934297,0.07042213291689065
150,3,00000000000000000192,crop_loss,47.15842701170476,0.5628923530179197,0.030800515095011916
150,3,000000000000000003c8,crop_loss,44.025627930300466,0.1946610892622498,0.03280115366349154
150,3,0000000000000000046c,crop_loss,49.36272481571245,0.5020545360745401,0.10810249588973708
150,3,00000000000000000483,crop_loss,12.66660624246697,0.691746293362212,0.09262836464413715
150,3,000000000000000004ee,crop_loss,21.059364364453614,0.3858606646081078,0.13553277211020875
150,3,00000000000000000611,crop_loss,50.6025346493116,0.6533369120182035,0.06722191349177786
150,3,0000000000000000062f,crop_loss,49.77370205243417,0.5223421901715603,0.10423701191640178
150,4,00000000000000000085,built_loss,15.51335906967165,0.34388097424498076,0.07104878796427327
150,4,00000000000000000114,built_loss,30.202204076635713,0.6912878560144899,0.05510663067973154
150,4,0000000000000000024c,built_loss,25.450924357250074,0.715103368189645,0.05249667557335591
150,4,00000000000000000375,built_loss,40.025535986360595,0.6506720550118269,0.06438123636407445
150,4,000000000000000004d2,built_loss,32.511115230021154,0.5090653893300023,0.289200526264129
150,4,000000000000000005bd,built_loss,5.026790191060572,0.5509667000539702,0.0771453124122623
150,4,00000000000000000281,crop_loss,47.337305799583994,0.5106456806376687,0.051048876522161835
150,4,000000000000000003a2,crop_loss,30.404171928172275,0.3489992362148305,0.0993888064447021
150,4,00000000000000000001,built_loss,28.94121480511027,0.4588118473837369,0.046694963871119044
150,4,00000000000000000049,built_loss,4.245854476645863,0.4858295016817875,0.04349154619590068
150,4,0000000000000000004a,built_loss,11.408645252907446,0.4383082782504453,0.028718688463525932
150,4,0000000000000000004f,built_loss,37.391302307193534,0.44331974397051715,0.07313424605081581
150,4,0000000000000000005a,built_loss,33.63423708197836,0.4447286289191344,0.03540546786351334
150,4,00000000000000000079,built_loss,67.82415047303589,0.624285335788698,0.06334481997109465
150,4,00000000000000000087,built_loss,53.43172675298791,0.6219564440337163,0.10443158432582955
150,4,000000000000000000a1,built_loss,8.846972326416774,0.4502189765178604,0.047996094061780514
150,4,000000000000000000b8,built_loss,10.567653616240001,0.5526697279840487,0.1326987973531203
150,4,000000000000000000c0,built_loss,38.38696612949217,0.617129968772488,0.059239344593504994
150,4,000000000000000000e2,built_loss,18.99279319907742,0.38967009468532404,0.06054809863125166
150,4,000000000000000000f0,built_loss,34.02353663668523,0.6835844288588501,0.07521970860963956
150,4,000000000000000000f8,built_loss,50.09831556994409,0.5323384928678326,0.07328480391266068
150,4,0000000000000000011c,built_loss,7.253837220434259,0.7316092880557746,0.037582525048511894
150,4,00000000000000000161,built_loss,41.38116041165214,0.6561899600591776,0.05343409832316026
150,4,0000000000000000016a,built_loss,9.22096514993857,0.24157628791435712,0.05428382611057336
150,4,000000000000000001a8,built_loss,50.159631283476216,0.561766921069766,0.07019883040067698
150,4,000000000000000001be,built_loss,6.0385240162890215,0.5158433354443293,0.06628799579061911
150,4,000000000000000001cd,built_loss,51.786532373698385,0.7525957633134248,0.07830435254741874
150,4,000000000000000001e5,built_loss,19.16056135328653,0.5557603860767906,0.05429389216841285
150,4,00000000000000000206,built_loss,42.23534998556576,0.716872584454474,0.07142283021068396
150,4,00000000000000000209,built_loss,53.843275060335614,0.6237099000712432,0.09413030345599227
150,4,00000000000000000231,built_loss,52.16625321343476,0.528796180608902,0.068819869501478
150,4,0000000000000000026d,built_loss,29.78975967177371,0.593796896098794,0.07284952410822199
150,4,00000000000000000278,built_loss,42.92132731850723,0.7737593508989703,0.07106049184629337
150,4,00000000000000000293,built_loss,32.19783987763854,0.4710832260065481,0.07182634639821428
150,4,000000000000000002a4,built_loss,10.083851839291611,0.4231017876788625,0.045306370405712615
150,4,00000000000000000316,built_loss,2.0306745187562028,0.12204573489478603,0.019094580938645175
150,4,00000000000000000356,built_loss,41.096961633674404,0.538840786285395,0.10583548680057903
150,4,00000000000000000362,built_loss,50.116223383227464,0.5773314598350485,0.06836197948694289
150,4,00000000000000000363,built_loss,28.535343763257416,0.25082359215877337,0.034521046708797215
150,4,00000000000000000364,built_loss,57.83139128519232,0.631093596276704,0.07313390717741552
150,4,00000000000000000380,built_loss,34.274657047550896,0.496446928096115,0.06326561273723158
150,4,00000000000000000384,built_loss,18.340794820186147,0.5766737758438097,0.04415906610057174
150,4,0000000000000000039e,built_loss,9.147807063005827,0.4934466311443455,0.055245000977612646
150,4,000000000000000003a1,built_loss,20.189080983938513,0.6346682335895353,0.06555164257957935
150,4,000000000000000003a5,built_loss,24.366085731961977,0.4020061433396581,0.07562735728889775
150,4,000000000000000003b7,built_loss,16.448820225419105,0.4963397510544818,0.033763919337657544
150,4,000000000000000003bf,built_loss,52.607097477265455,0.5429473915162665,0.048446458909571666
150,4,000000000000000003f8,built_loss,6.705560050305879,0.2224609949992276,0.03283741156042014
150,4,000000000000000003fa,built_loss,50.743177841668775,0.42780465543158636,0.059225402383853654
150,4,00000000000000000407,built_loss,48.1570737435682,0.5466042193982814,0.06976823155875289
150,4,0000000000000000040f,built_loss,32.16833928473719,0.5201379206298258,0.025730689395402573
150,4,00000000000000000426,built_loss,33.31738603209988,0.5675840472642556,0.053205325831463535
150,4,0000000000000000042b,built_loss,39.65987901970196,0.5662126654858196,0.07042780809442484
150,4,00000000000000000442,built_loss,4.159789074660527,0.34104414626916774,0.17403490070562933
150,4,00000000000000000465,built_loss,51.17684633195417,0.6363773847289305,0.05779956050391599
150,4,0000000000000000047e,built_loss,19.88704859653254,0.5279896424928715,0.05313621364721077
150,4,000000000000000004c0,built_loss,43.02948785460441,0.6459982450961833,0.0512135766528059
150,4,000000000000000004c5,built_loss,13.670074848152069,0.5856316530391277,0.06864056846013822
150,4,000000000000000004d9,built_loss,42.14157698023784,0.5539798183795005,0.04674278797130382
150,4,000000000000000004eb,built_loss,50.361714798704675,0.45460078103862805,0.03680888969568569
150,4,000000000000000004f5,built_loss,8.480586618511222,0.4807265632026189,0.0653419877792012
150,4,000000000000000004f7,built_loss,7.75103475790268,0.4801532314319532,0.02826245590180232
150,4,000000000000000004fe,built_loss,17.375612206316383,0.49693994675066533,0.032925714302582676
150,4,0000000000000000051d,built_loss,23.105451061712202,0.5128405144468634,0.16322304852488684
150,4,00000000000000000559,built_loss,40.18230783748839,0.6976247364147963,0.06028536603143386
150,4,00000000000000000576,built_loss,8.911544440158043,0.2739547692380378,0.0535899685110727
150,4,00000000000000000577,built_loss,10.47989723202901,0.47062851838944836,0.08175886739996086
150,4,0000000000000000057f,built_loss,2.2800607096261163,0.4057190397807006,0.0635354236036646
150,4,00000000000000000594,built_loss,22.5326495403729,0.5205553326198603,0.18170752080092079
150,4,000000000000000005bf,built_loss,30.447214375399277,0.4030282328355094,0.04927863127524995
150,4,000000000000000005cc,built_loss,10.578473688816805,0.35747753229179324,0.028193913788029323
150,4,000000000000000005de,built_loss,38.18499320496469,0.43577671471553503,0.040365639449795765
150,4,000000000000000005e7,built_loss,43.872747238835096,0.6447289414107235,0.10113101499571331
150,4,000000000000000005f9,built_loss,17.81628828077011,0.6493966137218607,0.07226042801755372
150,4,0000000000000000061c,built_loss,20.294760135705395,0.40776893501733846,0.04871609349033701
150,4,00000000000000000626,built_loss,32.243239060603116,0.4897066573075635,0.04209289968862717
150,4,0000000000000000062a,built_loss,40.58921192644259,0.5808111957672293,0.0535219147971665
150,4,00000000000000000636,built_loss,23.14532869050696,0.46635047681865177,0.15203455899304386
150,4,0000000000000000064a,built_loss,3.5020173085752617,0.3012112993669801,0.025902211393917074
150,4,0000000000000000064d,built_loss,14.044781852449267,0.42992592591791307,0.05596404802672916
150,4,00000000000000000694,built_loss,29.478374231077566,0.3689374694218086,0.035528939062743015
150,4,0000000000000000069d,built_loss,38.46408917875322,0.646260137977791,0.052166109139558436
150,4,000000000000000006b7,built_loss,31.04525681746535,0.4609601510956161,0.04039321814014052
150,4,000000000000000006df,built_loss,18.660236171424284,0.22654586891469972,0.048491759261094586
150,4,000000000000000006e3,built_loss,30.534489487206333,0.4059813123045038,0.08242803801930143
150,4,00000000000000000011,crop_loss,47.052378974507704,0.6523747185810058,0.33266270928042363
150,4,0000000000000000002b,crop_loss,46.56642024856546,0.1781006122054735,0.102062251174462
150,4,0000000000000000003a,crop_loss,45.838090830646664,0.3000748974976549,0.06883138179993686
150,4,0000000000000000009b,crop_loss,19.56501613884931,0.49609305620697985,0.014993618164961808
150,4,000000000000000000a8,crop_loss,30.40563778542849,0.21323383019691547,0.03149608151246397
150,4,000000000000000000da,crop_loss,28.056864012541798,0.7583389138092166,0.04079678363119521
150,4,000000000000000000e3,crop_loss,57.468695077751626,0.48763422778400695,0.07039452990717587
150,4,000000000000000000e9,crop_loss,5.466655527835221,0.4310554215411618,0.09403067640660506
150,4,0000000000000000011b,crop_loss,30.028565701319156,0.4855302484206147,0.03694034898605253
150,4,00000000000000000128,crop_loss,34.59599824382882,0.5423444002705146,0.02475123859188466
150,4,0000000000000000016c,crop_loss,46.277448670314335,0.46890644032872714,0.07079894326214997
150,4,00000000000000000196,crop_loss,27.439471757151953,0.23912858324559702,0.034916808188808574
150,4,000000000000000001a6,crop_loss,38.10243097585116,0.3026501309808207,0.08200739509985777
150,4,000000000000000001e4,crop_loss,44.42530026960417,0.5040377759082052,0.04877206483786689
150,4,000000000000000001f9,crop_loss,51.37664170189014,0.4859783959645876,0.2240259562974387
150,4,00000000000000000228,crop_loss,27.044274654534757,0.5021082977481676,0.09834186543219625
150,4,0000000000000000028c,crop_loss,3.8697218545226235,0.2900738561152538,0.06041017392251169
150,4,0000000000000000028d,crop_loss,30.806157524298932,0.6745276266192224,0.06443329968167999
150,4,00000000000000000291,crop_loss,15.880431171911978,0.8829540632162804,0.022009370017006424
150,4,000000000000000002c5,crop_loss,30.96680652279629,0.3397492877064519,0.07246598164254786
150,4,000000000000000002cc,crop_loss,18.958095779072938,0.3881420173818062,0.14117122817219446
150,4,000000000000000002dc,crop_loss,58.345853520691406,0.6479705468358564,0.061978088835140444
150,4,000000000000000002e4,crop_loss,48.79917143377111,0.31485593550662305,0.0672414910269663
150,4,000000000000000002ec,crop_loss,51.45699525172229,0.4895651128154002,0.08482192177223169
150,4,00000000000000000314,crop_loss,32.43080302383856,0.09114483224876292,0.05930700795939413
150,4,00000000000000000335,crop_loss,52.391086118726456,0.46317512856226123,0.07400945819449989
150,4,0000000000000000033a,crop_loss,31.951054306024766,0.5034788760987432,0.06531976359168407
150,4,000000000000000003b0,crop_loss,52.60351782338607,0.21366051306102504,0.06851539528158082
150,4,000000000000000003f1,crop_loss,58.10343621083537,0.46637383867015314,0.06359902227562048
150,4,000000000000000003f2,crop_loss,39.51730420199408,0.46549623501020454,0.057212729049572864
150,4,0000000000000000044b,crop_loss,14.960494295773486,0.5594112908909931,0.03763224966791101
150,4,00000000000000000480,crop_loss,10.907513739222168,0.8490148459629441,0.06092662503433155
150,4,00000000000000000485,crop_loss,49.20593772393513,0.7043567944099295,0.032967495827598725
150,4,00000000000000000497,crop_loss,40.961014807070804,0.21218621695214043,0.06227574246091849
150,4,0000000000000000049b,crop_loss,41.63372051905986,0.3603115291249585,0.03442287069133243
150,4,000000000000000004a1,crop_loss,44.86484184726379,0.35450837749374625,0.05753084453996582
150,4,000000000000000004e7,crop_loss,27.98831099468898,0.49346444073070217,0.029985558631601128
150,4,000000000000000004e9,crop_loss,16.911147930149372,0.40748436723511045,0.1586238171747974
150,4,000000000000000004f9,crop_loss,47.83337286429689,0.36734834485081047,0.16457395919464152
150,4,00000000000000000517,crop_loss,32.38430200350554,0.2802095303691804,0.09593964750700984
150,4,00000000000000000538,crop_loss,1.0662732330706939,0.3056969881305511,0.03311879915790128
150,4,0000000000000000057e,crop_loss,4.073808365103793,0.5403364360149856,0.03321177054885327
150,4,000000000000000005d1,crop_loss,18.063370352078923,0.14482829464368807,0.04576447202188126
150,4,00000000000000000632,crop_loss,14.39403320033545,0.07682153351226766,0.021659317065193542
150,4,0000000000000000063e,crop_loss,51.50509719384154,0.3086728287943033,0.059173341577712646
150,4,00000000000000000655,crop_loss,32.817670529457345,0.5087920884428524,0.16156688213619314
150,4,00000000000000000697,crop_loss,60.802447025196294,0.6074692085535549,0.060280852900901905
150,4,00000000000000000698,crop_loss,20.958390437529303,0.42336629208562737,0.04823949939558664
150,4,000000000000000006a8,crop_loss,55.971580524382034,0.289532991430946,0.09382573619304896
150,4,000000000000000006b4,crop_loss,53.73461250907256,0.5334806400505522,0.09723035469222752
150,4,000000000000000006be,crop_loss,15.098692859574045,0.3901297173427217,0.05904394843514538
150,4,000000000000000006c0,crop_loss,2.910541833411209,0.20055205239808926,0.05057317188651603
150,4,000000000000000006cc,crop_loss,25.78451584665531,0.34397915742902274,0.039355969450654615
150,4,000000000000000006ce,crop_loss,23.57088765345634,0.5913307263502074,0.11176121140191164
150,4,000000000000000006d9,crop_loss,41.5683997402572,0.18521839716420893,0.04505212445455595
150,4,000000000000000006e5,crop_loss,48.993921030072165,0.5388285555447118,0.08729233822205268
150,4,00000000000000000151,built_loss,8.452094207654302,0.2579195172493244,0.033983649618245265
150,4,0000000000000000034d,built_loss,6.073917636157987,0.4172985529215106,0.03724037856677864
150,4,000000000000000003c7,crop_loss,29.90525306861413,0.7318091296750674,0.05778729871852051
150,4,00000000000000000176,built_loss,28.499210121648957,0.6603044590614412,0.03908269248149543
150,4,000000000000000003d2,built_loss,48.8472102121721,0.5858128569169833,0.08869478430031486
150,4,00000000000000000490,built_loss,55.884461544041855,0.6496886603677565,0.06012367333037172
150,4,000000000000000005ad,built_loss,41.02478404787247,0.6495919275176864,0.06400173637327944
150,4,00000000000000000624,built_loss,4.706701776940909,0.5040758217009036,0.07094019432247811
150,4,0000000000000000002d,crop_loss,53.11762741148584,0.47252439911161725,0.055590473577226074
150,4,0000000000000000009d,crop_loss,7.168986761465625,0.38402350479654346,0.06683038651085621
150,4,00000000000000000192,crop_loss,47.14424567774942,0.5565947921583181,0.03139351863370066
150,4,000000000000000003c8,crop_loss,38.517869984057384,0.1891981159409544,0.03170720833357396
150,4,0000000000000000046c,crop_loss,50.27239457361701,0.5258449004507559,0.11051596549239762
150,4,00000000000000000483,crop_loss,11.452425202223846,0.6906081542219261,0.10920276446196975
150,4,000000000000000004ee,crop_loss,21.700170622436577,0.3714421498979812,0.1302328127689038
150,4,00000000000000000611,crop_loss,53.77224096738373,0.6484926785290087,0.0610338771353971
150,4,0000000000000000062f,crop_loss,46.337228934046536,0.5019408876232592,0.11975662309297413
150,5,00000000000000000085,built_loss,15.774809128066344,0.3770284811828669,0.08449288237969316
150,5,00000000000000000114,built_loss,29.818077680852088,0.6921345908547912,0.05422027170963839
150,5,0000000000000000024c,built_loss,27.131706021828172,0.7015815914764719,0.054588530151983505
150,5,00000000000000000375,built_loss,38.19520793353006,0.6624281060609758,0.06853235275878122
150,5,000000000000000004d2,built_loss,32.653278873362424,0.46400134673576243,0.2579552370743315
150,5,000000000000000005bd,built_loss,4.850681254909592,0.5587008675454042,0.057412812834896854
150,5,00000000000000000281,crop_loss,47.490558592972995,0.5086047850700365,0.04584277017357641
150,5,000000000000000003a2,crop_loss,31.099068378310683,0.34526636630485474,0.0946342192080149
150,5,00000000000000000001,built_loss,26.158210419882206,0.4592095930257793,0.055353431986239654
150,5,00000000000000000049,built_loss,4.537084338022594,0.48250527856061737,0.048389498489200544
150,5,0000000000000000004a,built_loss,12.176666305360806,0.4414672108082568,0.023840028714220973
150,5,0000000000000000004f,built_loss,37.49605028989351,0.443215678885906,0.07943938006327356
150,5,0000000000000000005a,built_loss,33.373660738572234,0.4411511183244248,0.038432553300433214
150,5,00000000000000000079,built_loss,65.13304067466301,0.624285335788698,0.06717528613571477
150,5,00000000000000000087,built_loss,51.97101873911221,0.6259081820609392,0.10406405466211399
150,5,000000000000000000a1,built_loss,9.029886009774222,0.44425511202053636,0.05077470964808656
150,5,000000000000000000b8,built_loss,11.157383819991788,0.5084223944241417,0.14527751360781754
150,5,000000000000000000c0,built_loss,40.239833338688264,0.6382778577271787,0.04774131426546924
150,5,000000000000000000e2,built_loss,18.101424956365328,0.4002630881310424,0.08695652070601484
150,5,000000000000000000f0,built_loss,33.89157083615624,0.6679919992170719,0.08616179602391527
150,5,000000000000000000f8,built_loss,49.43767379290716,0.5267881742690773,0.057851615524770306
150,5,0000000000000000011c,built_loss,7.451474024211723,0.7281207809990952,0.03984788330649547
150,5,00000000000000000161,built_loss,39.946790588062264,0.6445693921383296,0.06562823553060082
150,5,0000000000000000016a,built_loss,9.02622015669302,0.24796534416128826,0.05432358464089576
150,5,000000000000000001a8,built_loss,50.994110664686545,0.5515121991224697,0.07153915509376807
150,5,000000000000000001be,built_loss,6.089245628963224,0.5182791868548022,0.061151847589228925
150,5,000000000000000001cd,built_loss,52.32726777754578,0.7768677862354911,0.08382216853918634
150,5,000000000000000001e5,built_loss,21.319096082901726,0.5530423227055565,0.06592496408347603
150,5,00000000000000000206,built_loss,41.685848050576496,0.7277904887820301,0.06607926399847674
150,5,00000000000000000209,built_loss,54.79672405578242,0.6221282347328865,0.07843544753045428
150,5,00000000000000000231,built_loss,51.34685973357006,0.5257334029815921,0.06236150755037617
150,5,0000000000000000026d,built_loss,30.884936016670444,0.6003160429641198,0.062137826572362
150,5,00000000000000000278,built_loss,40.84370878426506,0.7582866369033586,0.07817927657654578
150,5,00000000000000000293,built_loss,28.41251938097872,0.4928318862268401,0.06751670672976978
150,5,000000000000000002a4,built_loss,11.232131339359702,0.4027843472524202,0.04305686149626259
150,5,00000000000000000316,built_loss,2.007750633412423,0.12254017133882447,0.0126298444675262
150,5,00000000000000000356,built_loss,37.999812859517995,0.5414537714926371,0.10507459663876612
150,5,00000000000000000362,built_loss,50.35688452944506,0.5629412041590545,0.0618717988823112
150,5,00000000000000000363,built_loss,27.656447114236272,0.25336792699046545,0.042078022826531336
150,5,00000000000000000364,built_loss,56.687900004287926,0.6257743963240915,0.05711727381262821
150,5,00000000000000000380,built_loss,35.2376227578882,0.4930032911807767,0.05179523425832111
150,5,00000000000000000384,built_loss,16.880314563847783,0.5871786572720205,0.04945654324421789
150,5,0000000000000000039e,built_loss,7.5578089703416556,0.488509804070194,0.05758282360520228
150,5,000000000000000003a1,built_loss,19.46513999293526,0.613527868288781,0.0696741470025356
150,5,000000000000000003a5,built_loss,23.081215042822546,0.39516700153293194,0.09081682218404474
150,5,000000000000000003b7,built_loss,17.031430064796027,0.4939322953503895,0.0318086809965169
150,5,000000000000000003bf,built_loss,49.301779247477015,0.5352050102652672,0.0536733946486343
150,5,000000000000000003f8,built_loss,6.8472798712853695,0.22203362787388045,0.03980006243630241
150,5,000000000000000003fa,built_loss,50.22326026410869,0.4151087901334898,0.05207374879907689
150,5,00000000000000000407,built_loss,46.087635341587834,0.5693289656349211,0.06911876742267431
150,5,0000000000000000040f,built_loss,31.538778391363667,0.5171531887681496,0.025052425364336828
150,5,00000000000000000426,built_loss,31.68376216487016,0.5636728214421542,0.06168887095218911
150,5,0000000000000000042b,built_loss,39.78179678379967,0.5621324996763299,0.05769453491580645
150,5,00000000000000000442,built_loss,3.954147011439749,0.4112418195731895,0.25462486717825195
150,5,00000000000000000465,built_loss,50.34487172850496,0.622131214059856,0.06085489224538798
150,5,0000000000000000047e,built_loss,19.861410923955383,0.5272444116471781,0.052663495743543454
150,5,000000000000000004c0,built_loss,43.31432771448491,0.6529476269465948,0.055070455431306176
150,5,000000000000000004c5,built_loss,13.676392900878154,0.5859684797772218,0.080947605258202
150,5,000000000000000004d9,built_loss,41.00228137866693,0.5541251460386547,0.04314710669734256
150,5,000000000000000004eb,built_loss,52.48917563754696,0.4475399056770668,0.02762022139729986
150,5,000000000000000004f5,built_loss,8.303203140019395,0.47550051615597616,0.05947938189762253
150,5,000000000000000004f7,built_loss,8.646814517724593,0.4726834695159635,0.03374946052699512
150,5,000000000000000004fe,built_loss,16.740563916031377,0.495017054007957,0.030971734370232984
150,5,0000000000000000051d,built_loss,22.263160436186592,0.4901132845593304,0.19140397375811413
150,5,00000000000000000559,built_loss,40.18489336364084,0.6762491688900286,0.05421970396780418
150,5,00000000000000000576,built_loss,8.942148541747024,0.25761718314744886,0.05471163416594077
150,5,00000000000000000577,built_loss,10.645073182576596,0.487703245564365,0.09747954612757831
150,5,0000000000000000057f,built_loss,2.2870235018446623,0.4134197485609687,0.07384227493689716
150,5,00000000000000000594,built_loss,23.96276927785714,0.5323091951009146,0.14748677766536783
150,5,000000000000000005bf,built_loss,28.56007147729511,0.40520042096379877,0.05248116587726798
150,5,000000000000000005cc,built_loss,11.607201144583799,0.35771150742481417,0.03446424716099811
150,5,000000000000000005de,built_loss,38.73774547736311,0.4321539144779513,0.03065488059057142
150,5,000000000000000005e7,built_loss,41.17185047606369,0.6278184363193329,0.09049323462665293
150,5,000000000000000005f9,built_loss,17.75836438084109,0.6623155380585966,0.0679783108331895
150,5,0000000000000000061c,built_loss,22.27984786924001,0.40079163817294433,0.04069951029765562
150,5,00000000000000000626,built_loss,33.603792394011336,0.4861890407406897,0.041601557300040615
150,5,0000000000000000062a,built_loss,43.7334634790775,0.5604785464830923,0.05515201341689113
150,5,00000000000000000636,built_loss,23.552218616592327,0.43628596327486036,0.1503947681950733
150,5,0000000000000000064a,built_loss,3.4455633550044458,0.30149524697973934,0.032941351733187296
150,5,0000000000000000064d,built_loss,14.918115328727115,0.4308697268230351,0.06128511740372522
150,5,00000000000000000694,built_loss,27.61708061930376,0.36859625867312645,0.029700227729333506
150,5,0000000000000000069d,built_loss,40.99602400392879,0.6598253947693826,0.053722763283013064
150,5,000000000000000006b7,built_loss,30.832640901204783,0.46297279602563307,0.04384751898361955
150,5,000000000000000006df,built_loss,18.589644183576212,0.24057808591368218,0.07645687716718777
150,5,000000000000000006e3,built_loss,33.3149838275397,0.4118655303248398,0.060072588005172234
150,5,00000000000000000011,crop_loss,45.9026843328907,0.8240056579261262,0.2821674079216392
150,5,0000000000000000002b,crop_loss,48.59603696945699,0.1721358993411918,0.07503743991779799
150,5,0000000000000000003a,crop_loss,46.01727494185167,0.29348581162604626,0.07219015992325123
150,5,0000000000000000009b,crop_loss,15.793513620054963,0.4937377763048531,0.011415583535522689
150,5,000000000000000000a8,crop_loss,29.92452311072201,0.20504962039854932,0.02751251963816717
150,5,000000000000000000da,crop_loss,29.883286243226056,0.7599285666722201,0.04895287650697755
150,5,000000000000000000e3,crop_loss,56.43876295977316,0.47215040482647896,0.0711900250795044
150,5,000000000000000000e9,crop_loss,5.294107317651519,0.42697912675648614,0.0921251879176227
150,5,0000000000000000011b,crop_loss,33.445072175197176,0.48997514406628573,0.031561418091857696
150,5,00000000000000000128,crop_loss,34.433386936610354,0.5425405576349962,0.03157439321804745
150,5,0000000000000000016c,crop_loss,44.77447139809425,0.4613303828984858,0.07258037032061204
150,5,00000000000000000196,crop_loss,24.151156657455864,0.24556012314772613,0.04573416442534514
150,5,000000000000000001a6,crop_loss,39.093678432195844,0.3033760676861518,0.08670023583508957
150,5,000000000000000001e4,crop_loss,42.36337784351185,0.4966136759455051,0.04490593801122139
150,5,000000000000000001f9,crop_loss,51.08467016852859,0.5129488774352039,0.2585986499893888
150,5,00000000000000000228,crop_loss,28.48806164766258,0.507762516770233,0.11941927562150989
150,5,0000000000000000028c,crop_loss,4.183104555115734,0.30439947696451386,0.05567765846688105
150,5,0000000000000000028d,crop_loss,29.349449538667226,0.6709731005375967,0.07038082508485577
150,5,00000000000000000291,crop_loss,16.822467572641294,0.8811132176464364,0.023741807223431555
150,5,000000000000000002c5,crop_loss,30.26795289811519,0.30649265193357733,0.08012185457288473
150,5,000000000000000002cc,crop_loss,18.070948832437463,0.3952290574675933,0.15638138625269865
150,5,000000000000000002dc,crop_loss,54.72021763275557,0.6518387685623729,0.0660618164615483
150,5,000000000000000002e4,crop_loss,50.44830586198013,0.3046565652574636,0.05766345192718436
150,5,000000000000000002ec,crop_loss,52.19773280675079,0.48994844981299424,0.08078193042902904
150,5,00000000000000000314,crop_loss,34.24258852106872,0.09944251385311947,0.05404977055631767
150,5,00000000000000000335,crop_loss,52.41742307270556,0.47321210002582953,0.05941470613323496
150,5,0000000000000000033a,crop_loss,34.28599395922413,0.5015880975845121,0.06382815103113892
150,5,000000000000000003b0,crop_loss,56.57282601990365,0.22468674923489537,0.06902793056759979
150,5,000000000000000003f1,crop_loss,58.103436210835376,0.4681928583728398,0.06197553562500496
150,5,000000000000000003f2,crop_loss,39.21859567263441,0.4757084927326914,0.05305748634402779
150,5,0000000000000000044b,crop_loss,14.102871779226787,0.5732882646860747,0.03591173190889663
150,5,00000000000000000480,crop_loss,10.875168514882454,0.8576170244712404,0.050333059183191864
150,5,00000000000000000485,crop_loss,47.97818523517505,0.6989430122010629,0.034628763057915735
150,5,00000000000000000497,crop_loss,39.15111327066082,0.21109773590912762,0.06328118153580004
150,5,0000000000000000049b,crop_loss,41.99662905812681,0.3602676244923045,0.033918476169493006
150,5,000000000000000004a1,crop_loss,41.88517279997917,0.3538235415393297,0.06120018911746622
150,5,000000000000000004e7,crop_loss,27.28917582094134,0.4901377790335955,0.030861021122446597
150,5,000000000000000004e9,crop_loss,17.41264412846159,0.4095160665523543,0.14587759216261786
150,5,000000000000000004f9,crop_loss,46.08508153802539,0.3594449284688299,0.12146878932771099
150,5,00000000000000000517,crop_loss,30.914927561018978,0.2961132031373955,0.1416518926095649
150,5,00000000000000000538,crop_loss,1.0737915174007093,0.3061301036183927,0.039319685743317845
150,5,0000000000000000057e,crop_loss,3.8909631403039864,0.5387655211820539,0.033448979803097245
150,5,000000000000000005d1,crop_loss,17.301410031813276,0.1608940968558954,0.048325257786787756
150,5,00000000000000000632,crop_loss,14.581689182728008,0.07686388229315179,0.02312411265682157
150,5,0000000000000000063e,crop_loss,52.025854757252354,0.3085891424967961,0.07004695418310003
150,5,00000000000000000655,crop_loss,34.0413363936138,0.5390367464183765,0.15963033251674907
150,5,00000000000000000697,crop_loss,61.646563430505445,0.6061338093639291,0.06720547724032588
150,5,00000000000000000698,crop_loss,19.49036774138382,0.4155344984457976,0.04553006109566199
150,5,000000000000000006a8,crop_loss,56.32220828470451,0.29982454388882984,0.074249761263119
150,5,000000000000000006b4,crop_loss,53.55067695669594,0.5071159807512675,0.10503920800862437
150,5,000000000000000006be,crop_loss,14.429109495807,0.39172161923691795,0.05293419526535148
150,5,000000000000000006c0,crop_loss,2.8441813181116453,0.19172327745385473,0.05242496942165986
150,5,000000000000000006cc,crop_loss,25.68800504694259,0.35162160671732984,0.04279954032971589
150,5,000000000000000006ce,crop_loss,26.92961665525067,0.5960618192266781,0.10184919591805208
150,5,000000000000000006d9,crop_loss,40.79374501126761,0.20212201473104624,0.05489678790680663
150,5,000000000000000006e5,crop_loss,48.56409057310374,0.5175032478218594,0.08468275605728443
150,5,00000000000000000151,built_loss,8.85002190865283,0.2698254028095112,0.03625713145235787
150,5,0000000000000000034d,built_loss,6.095762744970643,0.40779138118780184,0.032874156393180864
150,5,000000000000000003c7,crop_loss,29.415288497550602,0.7330619487917135,0.05777007581408822
150,5,00000000000000000176,built_loss,29.51675231618402,0.6602133104995854,0.04105981702453976
150,5,000000000000000003d2,built_loss,51.52441430268441,0.5966361181831183,0.07390233236790533
150,5,00000000000000000490,built_loss,55.17618023265318,0.6355477360554426,0.06644464242053572
150,5,000000000000000005ad,built_loss,39.15107137859416,0.6577355304764017,0.05574871600403242
150,5,00000000000000000624,built_loss,4.652502158450709,0.5251338509025496,0.07641379629814365
150,5,0000000000000000002d,crop_loss,55.999868651678426,0.47530287118735876,0.0564823416705727
150,5,0000000000000000009d,crop_loss,7.867726660925389,0.3598414193877378,0.06446791433052701
150,5,00000000000000000192,crop_loss,48.70113565993788,0.5610693776661968,0.03217912782965293
150,5,000000000000000003c8,crop_loss,42.06278997618725,0.20892520325358682,0.058945371582482614
150,5,0000000000000000046c,crop_loss,54.25778136399421,0.5073784575184204,0.10439528786821145
150,5,00000000000000000483,crop_loss,11.874162412719201,0.6747404934241743,0.10532733804068295
150,5,000000000000000004ee,crop_loss,21.859141836110517,0.3554178457210089,0.14047672227953428
150,5,00000000000000000611,crop_loss,52.34750513556214,0.6593524216761484,0.06175827067733519
150,5,0000000000000000062f,crop_loss,50.800692745493336,0.5053423857106617,0.12376992593072816
150,6,00000000000000000085,built_loss,16.07645905296755,0.38003827506685584,0.06716861475730784
150,6,00000000000000000114,built_loss,30.897535180653176,0.683563572542631,0.05937404246330946
150,6,0000000000000000024c,built_loss,27.674691259288977,0.7083101711259149,0.0494249805196324
150,6,00000000000000000375,built_loss,37.14553792701027,0.6501887364281669,0.06897689593488787
150,6,000000000000000004d2,built_loss,33.708102968850355,0.5740635585068268,0.27383036102950953
150,6,000000000000000005bd,built_loss,5.151763120070405,0.5594651438913911,0.06193015281744041
150,6,00000000000000000281,crop_loss,44.54258781057227,0.5219587070646481,0.04116707258475816
150,6,000000000000000003a2,crop_loss,31.46515665896851,0.3415875920932823,0.10420157299353627
150,6,00000000000000000001,built_loss,28.033021522069554,0.47127590362099125,0.05764095172067185
150,6,00000000000000000049,built_loss,5.13208127534046,0.48550397713650706,0.041968439663745916
150,6,0000000000000000004a,built_loss,11.915606938668686,0.4362670420178781,0.0264662001508007
150,6,0000000000000000004f,built_loss,39.439379801361675,0.44768585723092397,0.08555053931662815
150,6,0000000000000000005a,built_loss,34.45173152257159,0.44343677967481676,0.035706478185370316
150,6,00000000000000000079,built_loss,64.41198906501637,0.6301467462799826,0.06318663232693944
150,6,00000000000000000087,built_loss,50.7197716429837,0.6088705287022758,0.11257992588551602
150,6,000000000000000000a1,built_loss,9.34885587428784,0.44224121129465105,0.05199768714285852
150,6,000000000000000000b8,built_loss,10.82187440970259,0.5528514130864218,0.13450389820175523
150,6,000000000000000000c0,built_loss,38.79244919413687,0.6384134630318186,0.04511797246822491
150,6,000000000000000000e2,built_loss,20.438730826497,0.377747363950058,0.07918686357517069
150,6,000000000000000000f0,built_loss,32.85332838926212,0.6965977143655288,0.07496691348286699
150,6,000000000000000000f8,built_loss,50.56957948058199,0.5448269707375661,0.07431371536215492
150,6,0000000000000000011c,built_loss,7.323561116400507,0.7276845724852952,0.048889965927141565
150,6,00000000000000000161,built_loss,42.61785244607846,0.6459142048826503,0.07775265528980768
150,6,0000000000000000016a,built_loss,9.080422724044537,0.2561258321494037,0.05587657442455707
150,6,000000000000000001a8,built_loss,52.81603885140756,0.5436656092138942,0.06562594757320206
150,6,000000000000000001be,built_loss,5.842273343483233,0.5261954617368861,0.062339733026568867
150,6,000000000000000001cd,built_loss,50.77084703270393,0.7488344788892063,0.08076891401154851
150,6,000000000000000001e5,built_loss,21.01898058032651,0.5713465998851925,0.07158534000404304
150,6,00000000000000000206,built_loss,44.09959051874036,0.7221134772812501,0.06721627858494195
150,6,00000000000000000209,built_loss,54.092035143742265,0.6395334172977549,0.08348937328429096
150,6,00000000000000000231,built_loss,51.401573843146686,0.5302782316307811,0.06124653475279157
150,6,0000000000000000026d,built_loss,29.6730578892456,0.5854079953494217,0.05959955113249171
150,6,00000000000000000278,built_loss,41.87918240439266,0.7600230380223166,0.0715580450452582
150,6,00000000000000000293,built_loss,30.85804291210733,0.47467740137113945,0.07843756801786173
150,6,000000000000000002a4,built_loss,10.844844662459433,0.40837662997069807,0.043485162533203836
150,6,00000000000000000316,built_loss,2.0742647370412777,0.12182497402121557,0.018397259894407325
150,6,00000000000000000356,built_loss,37.813874444171795,0.5196060944032503,0.12554252363739282
150,6,00000000000000000362,built_loss,52.07334295391231,0.5666566443773022,0.06812256531444738
150,6,00000000000000000363,built_loss,25.60641047611455,0.24109618146751902,0.042074366183388306
150,6,00000000000000000364,built_loss,58.15769140934326,0.6272637411498533,0.05677313013997687
150,6,00000000000000000380,built_loss,32.70066983839111,0.5148360209271989,0.06393035542530379
150,6,00000000000000000384,built_loss,19.124375063139055,0.5805604926410444,0.044089720878891736
150,6,0000000000000000039e,built_loss,8.958063550509442,0.4951674371517971,0.05449129552195703
150,6,000000000000000003a1,built_loss,18.52062212357338,0.6320574985340581,0.06437756039108089
150,6,000000000000000003a5,built_loss,24.45899413817893,0.3857938950731937,0.07872415281429179
150,6,000000000000000003b7,built_loss,16.7478991990001,0.4886648301313958,0.03118072683247347
150,6,000000000000000003bf,built_loss,51.147981035181516,0.5257948066410008,0.05161193331180036
150,6,000000000000000003f8,built_loss,6.722831750048857,0.22746548659149166,0.04173147674903449
150,6,000000000000000003fa,built_loss,52.38831567216161,0.41158935818759185,0.045247482851471954
150,6,00000000000000000407,built_loss,45.89363580515102,0.5450377084089261,0.07045132638230056
150,6,0000000000000000040f,built_loss,31.01596412214422,0.5204983468854878,0.024878907785098714
150,6,00000000000000000426,built_loss,32.98238600472294,0.5628353712041,0.05318737533791529
150,6,0000000000000000042b,built_loss,39.097311676609266,0.5719983858563151,0.06035795417177481
150,6,00000000000000000442,built_loss,4.0960682748707455,0.3464142255174289,0.17320405516314952
150,6,00000000000000000465,built_loss,49.161350489192294,0.6303553675607857,0.06808504411369964
150,6,0000000000000000047e,built_loss,20.875208237395256,0.5255502310829808,0.046871203554980756
150,6,000000000000000004c0,built_loss,42.072852911789376,0.6500978198944007,0.05024358840394716
150,6,000000000000000004c5,built_loss,14.063902178070991,0.587390629982468,0.07220186023388941
150,6,000000000000000004d9,built_loss,39.628982519723536,0.5462045851091383,0.04175365842446899
150,6,000000000000000004eb,built_loss,50.361484084000544,0.45592336579725484,0.038059266482049714
150,6,000000000000000004f5,built_loss,8.919844099597931,0.4670008631939253,0.05731885050269836
150,6,000000000000000004f7,built_loss,8.263281112629667,0.4779837800206274,0.02694357850262663
150,6,000000000000000004fe,built_loss,17.752578496140003,0.4973936339340626,0.032529717291781
150,6,0000000000000000051d,built_loss,22.873408610214284,0.49491236347139206,0.17716180777528423
150,6,00000000000000000559,built_loss,39.16333416264193,0.6724283888959327,0.06139927436641823
150,6,00000000000000000576,built_loss,9.065009269489774,0.26342438876509877,0.05279726080551897
150,6,00000000000000000577,built_loss,10.22450091535111,0.4829576165703861,0.09605849086816853
150,6,0000000000000000057f,built_loss,2.313684414054399,0.3831189394717959,0.06084344114766227
150,6,00000000000000000594,built_loss,23.42107592418904,0.521421234966555,0.1336852379727692
150,6,000000000000000005bf,built_loss,28.061867258953352,0.4062262117346728,0.046984736827345164
150,6,000000000000000005cc,built_loss,11.783728828651356,0.35278032364207007,0.03132406027170903
150,6,000000000000000005de,built_loss,38.14806791192572,0.44020083856760794,0.025683768284869346
150,6,000000000000000005e7,built_loss,42.91254858640046,0.6516834330767345,0.08504898012334561
150,6,000000000000000005f9,built_loss,16.917093582223885,0.6606371483381827,0.07736826329040314
150,6,0000000000000000061c,built_loss,22.274019711086762,0.417830591751381,0.05947680202477934
150,6,00000000000000000626,built_loss,33.47052610128345,0.4900313731161738,0.03955254372887218
150,6,0000000000000000062a,built_loss,39.25234480399742,0.5597034373465359,0.046328592974832716
150,6,00000000000000000636,built_loss,24.7711940891275,0.48435747780620164,0.1317182422692446
150,6,0000000000000000064a,built_loss,3.504401902692604,0.29863758079630115,0.032268976070528366
150,6,0000000000000000064d,built_loss,14.821844763349086,0.43390860010056115,0.056698817453403494
150,6,00000000000000000694,built_loss,28.43726476653509,0.3716017880386412,0.02678481176264763
150,6,0000000000000000069d,built_loss,46.58560276784914,0.6593130017446976,0.06677330181783658
150,6,000000000000000006b7,built_loss,30.200827397429006,0.45804517858546717,0.04495827183984241
150,6,000000000000000006df,built_loss,18.850630100430624,0.23496462781549562,0.09371622784307318
150,6,000000000000000006e3,built_loss,31.578785330930636,0.40090061360816975,0.08570086935023263
150,6,00000000000000000011,crop_loss,45.3121748400604,0.6026152994284834,0.3367367518311467
150,6,0000000000000000002b,crop_loss,50.97080930955344,0.18036569285932416,0.10196231743866341
150,6,0000000000000000003a,crop_loss,45.52987513580122,0.2919553224323142,0.0758727150720761
150,6,0000000000000000009b,crop_loss,18.19071855921903,0.49170353001856987,0.01322105275373886
150,6,000000000000000000a8,crop_loss,31.100340767883008,0.20364563679831038,0.030598910081937603
150,6,000000000000000000da,crop_loss,30.712054806210944,0.7523056474797262,0.0506375911404795
150,6,000000000000000000e3,crop_loss,57.076921525689684,0.5004165441948191,0.06474897998651619
150,6,000000000000000000e9,crop_loss,4.936521552527696,0.4205461277880958,0.08576056103707563
150,6,0000000000000000011b,crop_loss,32.1721873035136,0.4782014527001889,0.029498322638731755
150,6,00000000000000000128,crop_loss,34.121837663860525,0.5425074739978486,0.023864277740522022
150,6,0000000000000000016c,crop_loss,46.55632465626623,0.46753752703895085,0.0713757275893882
150,6,00000000000000000196,crop_loss,25.60892457438485,0.2475388406358843,0.04455285136377332
150,6,000000000000000001a6,crop_loss,39.83101951357803,0.2947685978514527,0.08177754074274346
150,6,000000000000000001e4,crop_loss,40.64709879916301,0.4950159450677072,0.04911868654000634
150,6,000000000000000001f9,crop_loss,49.81831245888765,0.48767142610894415,0.2806255730288347
150,6,00000000000000000228,crop_loss,28.61514885245291,0.48532694326065884,0.15640219567110109
150,6,0000000000000000028c,crop_loss,4.0524166968002815,0.3080908599764708,0.050120512426883645
150,6,0000000000000000028d,crop_loss,28.304669203096086,0.6770941539749806,0.07698644545246525
150,6,00000000000000000291,crop_loss,15.536975334846154,0.8837527737406826,0.02125552213771431
150,6,000000000000000002c5,crop_loss,29.096833705120016,0.3269852297792247,0.07702673291536793
150,6,000000000000000002cc,crop_loss,19.26814984151546,0.3846952538414441,0.16028066761368331
150,6,000000000000000002dc,crop_loss,54.775439517560834,0.6529963243957867,0.05110002211230125
150,6,000000000000000002e4,crop_loss,47.04750866299008,0.29453852083005144,0.07841378736693633
150,6,000000000000000002ec,crop_loss,56.66591532047732,0.48806483506415244,0.0768885585084556
150,6,00000000000000000314,crop_loss,33.63758975980844,0.08987851474742506,0.06215688500685172
150,6,00000000000000000335,crop_loss,52.091265067649495,0.4735440764132109,0.06664740813798892
150,6,0000000000000000033a,crop_loss,32.83818757641539,0.5186654648050674,0.06461590827388858
150,6,000000000000000003b0,crop_loss,53.1125635554292,0.2140706272487801,0.07042454385961655
150,6,000000000000000003f1,crop_loss,58.10343621083537,0.47187511140127386,0.0648167994442117
150,6,000000000000000003f2,crop_loss,37.97926155064823,0.46230389948050826,0.05993041072116939
150,6,0000000000000000044b,crop_loss,14.686766288067536,0.5646774782308533,0.032434616330091925
150,6,00000000000000000480,crop_loss,10.562831083275494,0.870300769101058,0.05298447525982053
150,6,00000000000000000485,crop_loss,45.35443558101032,0.7071064003589229,0.03148441656971879
150,6,00000000000000000497,crop_loss,41.101678299941895,0.21410560182005214,0.06711340863094648
150,6,0000000000000000049b,crop_loss,42.22458917698636,0.34981313214269194,0.035196106717107045
150,6,000000000000000004a1,crop_loss,41.801838830862636,0.3495258647107281,0.0546894425027557
150,6,000000000000000004e7,crop_loss,29.26801307322725,0.489589866194767,0.02861656261858192
150,6,000000000000000004e9,crop_loss,17.217385863978812,0.41599307212343,0.0991630548356765
150,6,000000000000000004f9,crop_loss,47.54510271486114,0.36691931886813084,0.15880999115024197
150,6,00000000000000000517,crop_loss,30.269179613581105,0.2927288612186483,0.1308673076062634
150,6,00000000000000000538,crop_loss,1.0667788959548845,0.30289042463519666,0.03226971803703216
150,6,0000000000000000057e,crop_loss,4.19844394352914,0.5407888104676878,0.03118682730779898
150,6,000000000000000005d1,crop_loss,17.495535055724524,0.14782054683586454,0.06210299382837063
150,6,00000000000000000632,crop_loss,14.747053660085214,0.0833778716922408,0.026049803439346986
150,6,0000000000000000063e,crop_loss,49.91312965597803,0.3090457812052238,0.0661562868398109
150,6,00000000000000000655,crop_loss,32.45654273400531,0.5072922529366212,0.14278051734938407
150,6,00000000000000000697,crop_loss,60.481470341286226,0.609452343812531,0.07224008890625777
150,6,00000000000000000698,crop_loss,19.53237452574231,0.4238647310895776,0.0544563590001817
150,6,000000000000000006a8,crop_loss,52.14930126540736,0.28641713453109596,0.0632501842073257
150,6,000000000000000006b4,crop_loss,51.33515868521804,0.5196957372254869,0.0983040131725123
150,6,000000000000000006be,crop_loss,14.531138096200497,0.39336293193804633,0.059164496629219465
150,6,000000000000000006c0,crop_loss,2.8646779115146384,0.1837202848490395,0.045646653335229104
150,6,000000000000000006cc,crop_loss,26.44737475180088,0.3435453766788103,0.03587292382917928
150,6,000000000000000006ce,crop_loss,23.827185858536172,0.5941287344774612,0.10636715098396765
150,6,000000000000000006d9,crop_loss,40.92125103381792,0.19961527000465148,0.0490031238353566
150,6,000000000000000006e5,crop_loss,50.69917359108823,0.5485799722917661,0.07788324219211151
150,6,00000000000000000151,built_loss,8.743460016871838,0.2637479922004917,0.03877224553704825
150,6,0000000000000000034d,built_loss,6.165835508442727,0.40378379966810146,0.03115584719933817
150,6,000000000000000003c7,crop_loss,29.821941757592064,0.7236019156187273,0.06078505764895048
150,6,00000000000000000176,built_loss,26.79232366320268,0.6674681828889655,0.04176143529108001
150,6,000000000000000003d2,built_loss,52.19845448580384,0.5932918711944268,0.0883294285278371
150,6,00000000000000000490,built_loss,52.69560593420194,0.6494882298131089,0.05987153693746683
150,6,000000000000000005ad,built_loss,38.73581559327365,0.6588993270124153,0.05954840740773393
150,6,00000000000000000624,built_loss,4.708657863575452,0.5045923713405255,0.059905524241708474
150,6,0000000000000000002d,crop_loss,57.386785282923476,0.47252439911161725,0.05558222206849367
150,6,0000000000000000009d,crop_loss,7.500317185097625,0.395773897898574,0.06454790653972836
150,6,00000000000000000192,crop_loss,45.50092220900572,0.5622213079925672,0.02774611024813134
150,6,000000000000000003c8,crop_loss,40.73183823648519,0.1942118785273455,0.04082300476926454
150,6,0000000000000000046c,crop_loss,49.39328316218172,0.5099342592132844,0.10688343870016842
150,6,00000000000000000483,crop_loss,12.635274696172146,0.6697642225430093,0.0857908243830866
150,6,000000000000000004ee,crop_loss,21.481712079055487,0.38221787661540463,0.14660584510147506
150,6,00000000000000000611,crop_loss,49.49236257182829,0.6615992998411815,0.053820433577037696
150,6,0000000000000000062f,crop_loss,48.29863879312359,0.47222543459446836,0.14505069436570484
150,7,00000000000000000085,built_loss,15.802136422096766,0.3503628158501526,0.06979480252643977
150,7,00000000000000000114,built_loss,28.503659063232924,0.7008354107906799,0.052094248380123886
150,7,0000000000000000024c,built_loss,26.215860279961223,0.7073790396174727,0.0399382713016716
150,7,00000000000000000375,built_loss,38.44607008410427,0.6524366695972648,0.06349159924344627
150,7,000000000000000004d2,built_loss,32.15241765196137,0.5464847891859498,0.2603068400321256
150,7,000000000000000005bd,built_loss,4.826184690732792,0.5648970911555551,0.06459502711514142
150,7,00000000000000000281,crop_loss,49.28839567960508,0.5087642556941268,0.04744075653097418
150,7,000000000000000003a2,crop_loss,30.688048572053553,0.36256924319553824,0.09306326349946015
150,7,00000000000000000001,built_loss,28.077571486295675,0.45108725100661134,0.056881956255624755
150,7,00000000000000000049,built_loss,4.570360979260073,0.4858134852318208,0.04967651190506722
150,7,0000000000000000004a,built_loss,11.604709279615602,0.43988379868677707,0.031257177313208595
150,7,0000000000000000004f,built_loss,41.89284501792479,0.4270990349210208,0.0912160321874706
150,7,0000000000000000005a,built_loss,34.032050122375075,0.4474668023324221,0.03549597287265438
150,7,00000000000000000079,built_loss,66.27119164084563,0.6208074693941008,0.061752406633096224
150,7,00000000000000000087,built_loss,51.656544361129775,0.6073964225732009,0.10886348446449012
150,7,000000000000000000a1,built_loss,8.781809321972212,0.4532357239119203,0.05102927205184793
150,7,000000000000000000b8,built_loss,10.752122402045496,0.5390706736081693,0.12281069000591932
150,7,000000000000000000c0,built_loss,39.034208261076465,0.6301319853079235,0.057074267361298836
150,7,000000000000000000e2,built_loss,19.24715428193908,0.38105975835121497,0.07128644524204725
150,7,000000000000000000f0,built_loss,33.11017643569291,0.6697033460688019,0.07797169410279525
150,7,000000000000000000f8,built_loss,51.28797774191935,0.5316675272343143,0.0734623267161284
150,7,0000000000000000011c,built_loss,6.747349092020068,0.7403938785670857,0.031947340590488205
150,7,00000000000000000161,built_loss,44.44943399536995,0.6503887753954589,0.04936617332068549
150,7,0000000000000000016a,built_loss,8.906063202715947,0.23719250909840048,0.05222556537222134
150,7,000000000000000001a8,built_loss,52.35017330634848,0.5597446833527765,0.0691980112456585
150,7,000000000000000001be,built_loss,6.459055625622808,0.5000420787242273,0.05762333615756915
150,7,000000000000000001cd,built_loss,51.03375359328324,0.7724373916732572,0.07260831551088087
150,7,000000000000000001e5,built_loss,19.61610435724459,0.5672503772868669,0.06775467754174469
150,7,00000000000000000206,built_loss,45.419555992313015,0.7074773545143137,0.07881275716922409
150,7,00000000000000000209,built_loss,55.83498580853931,0.6386916861400697,0.07515905412782586
150,7,00000000000000000231,built_loss,51.69829161567872,0.5420254028318314,0.07017445166964009
150,7,0000000000000000026d,built_loss,31.157752118067346,0.5952645913629812,0.0679980052081054
150,7,00000000000000000278,built_loss,41.282432251758365,0.7582456966211752,0.07394071583451789
150,7,00000000000000000293,built_loss,30.77894268169488,0.4823954073325939,0.07027185708930322
150,7,000000000000000002a4,built_loss,11.016379709773489,0.41082676240801785,0.0387179430538972
150,7,00000000000000000316,built_loss,1.9380963636918382,0.12284657930274939,0.016453849783480648
150,7,00000000000000000356,built_loss,39.2606133654472,0.5373081469257804,0.11012630110842314
150,7,00000000000000000362,built_loss,50.116921544676025,0.554566536463536,0.057823556157288625
150,7,00000000000000000363,built_loss,28.30580151719518,0.2500040371311084,0.033053995347945064
150,7,00000000000000000364,built_loss,56.49907993237622,0.6312135494527192,0.05857807686017369
150,7,00000000000000000380,built_loss,35.171882826318694,0.5162605641444614,0.05920490315489885
150,7,00000000000000000384,built_loss,18.71185907119415,0.5904093712942026,0.039191024360487714
150,7,0000000000000000039e,built_loss,8.228438365334705,0.48353459340273847,0.047904644284582965
150,7,000000000000000003a1,built_loss,19.11443573436223,0.5992109193435805,0.06554319995241531
150,7,000000000000000003a5,built_loss,24.941889531041404,0.4340018262725054,0.08905850909163987
150,7,000000000000000003b7,built_loss,17.189318106331772,0.48756266111378804,0.03175271385336037
150,7,000000000000000003bf,built_loss,52.88378144290194,0.5372080679176405,0.05550559829569479
150,7,000000000000000003f8,built_loss,6.801961737278457,0.22345640461674002,0.03568052262045504
150,7,000000000000000003fa,built_loss,53.329346011751504,0.43342165420533746,0.05629756370271388
150,7,00000000000000000407,built_loss,47.90335054057139,0.5699104679199536,0.07594422743333928
150,7,0000000000000000040f,built_loss,32.184343750548706,0.5179122782419575,0.024147912724926335
150,7,00000000000000000426,built_loss,33.36439855139128,0.5495124537793133,0.056036913931774235
150,7,0000000000000000042b,built_loss,39.60351495650504,0.5726186899111316,0.06026073762048478
150,7,00000000000000000442,built_loss,4.280239250135279,0.33683778912790563,0.16085785209136927
150,7,00000000000000000465,built_loss,48.83864667078507,0.63707268347575,0.060879426375619716
150,7,0000000000000000047e,built_loss,20.88685341955371,0.5401859001906887,0.057736430619703905
150,7,000000000000000004c0,built_loss,43.27547877899011,0.642674474855602,0.05148274652821205
150,7,000000000000000004c5,built_loss,13.326529574947418,0.5883124201707842,0.06463864986895151
150,7,000000000000000004d9,built_loss,43.61470964291743,0.5570053915478967,0.04404674476947368
150,7,000000000000000004eb,built_loss,52.09100702070034,0.45705549544490864,0.03937404734577954
150,7,000000000000000004f5,built_loss,8.598801526726591,0.4842670334502643,0.05721389020423767
150,7,000000000000000004f7,built_loss,8.511284112453104,0.47275901832450185,0.02779491937122902
150,7,000000000000000004fe,built_loss,16.742881366263124,0.5010603801150256,0.03137668181391773
150,7,0000000000000000051d,built_loss,25.26091011225476,0.5208266984295329,0.14340306520828067
150,7,00000000000000000559,built_loss,41.38915829590119,0.6712800297317036,0.07337367738897971
150,7,00000000000000000576,built_loss,9.092367587545548,0.27440317851206414,0.04625205091917023
150,7,00000000000000000577,built_loss,10.135977245729064,0.4735492555993628,0.08275354389330425
150,7,0000000000000000057f,built_loss,2.380000045995992,0.4056087034375893,0.0692815453854217
150,7,00000000000000000594,built_loss,22.73166902008861,0.489716446458395,0.15983562590058992
150,7,000000000000000005bf,built_loss,31.779298322265245,0.41304636894254226,0.0458633359656363
150,7,000000000000000005cc,built_loss,11.399402679530672,0.3520789601041518,0.03099403806264578
150,7,000000000000000005de,built_loss,36.279882496748755,0.4318501169133929,0.03463147317694726
150,7,000000000000000005e7,built_loss,42.85920636211812,0.643310906110027,0.09363056616262
150,7,000000000000000005f9,built_loss,17.082678737082865,0.6519498584070617,0.07885017324827126
150,7,0000000000000000061c,built_loss,20.671114524589807,0.4019102311088326,0.0420863475191654
150,7,00000000000000000626,built_loss,33.36140456472086,0.4998419913046267,0.037958640923755005
150,7,0000000000000000062a,built_loss,42.107995568783274,0.5663337555668938,0.04516763810804192
150,7,00000000000000000636,built_loss,23.585465824257707,0.47799402826505855,0.1385735433237481
150,7,0000000000000000064a,built_loss,3.6144367066038985,0.29067735842802533,0.03623313184544863
150,7,0000000000000000064d,built_loss,14.393997469900954,0.43749988077145585,0.06385664130790197
150,7,00000000000000000694,built_loss,31.044296393818314,0.37341522875305977,0.02718440879749784
150,7,0000000000000000069d,built_loss,43.35010795965973,0.6417065109567388,0.06532042336968602
150,7,000000000000000006b7,built_loss,31.328260796241178,0.467003834284789,0.044815335682632296
150,7,000000000000000006df,built_loss,17.634569256045122,0.23950199988206974,0.08988572578130319
150,7,000000000000000006e3,built_loss,30.091056479705248,0.4108897243536456,0.06968470480946504
150,7,00000000000000000011,crop_loss,46.30714023188444,0.7359242933643545,0.3077709085718441
150,7,0000000000000000002b,crop_loss,49.342099979566086,0.1686862347473937,0.09034689810944707
150,7,0000000000000000003a,crop_loss,47.642690849005334,0.2907412305271411,0.0698435506085498
150,7,0000000000000000009b,crop_loss,17.41695269694187,0.49576633413891497,0.01013664801972819
150,7,000000000000000000a8,crop_loss,30.714319111492593,0.19883234009821835,0.026672585226640122
150,7,000000000000000000da,crop_loss,29.823980689174057,0.7649852146156347,0.029329489138433695
150,7,000000000000000000e3,crop_loss,54.01620676717541,0.46914075125676463,0.06594311334644004
150,7,000000000000000000e9,crop_loss,5.264363871643328,0.42446600096761056,0.08488453352865438
150,7,0000000000000000011b,crop_loss,30.781077720630265,0.4831654711716595,0.03241077201246423
150,7,00000000000000000128,crop_loss,35.158583966579016,0.5415465890484611,0.02623410520104863
150,7,0000000000000000016c,crop_loss,47.58887276111166,0.471994379984124,0.07826418054118822
150,7,00000000000000000196,crop_loss,22.77734996939009,0.2511981941209753,0.03893994762380548
150,7,000000000000000001a6,crop_loss,40.31727768853709,0.2831591201389052,0.09397220099509482
150,7,000000000000000001e4,crop_loss,42.59320488945933,0.4934901288569027,0.05046282124736229
150,7,000000000000000001f9,crop_loss,48.94906778603204,0.5441891913328167,0.25862644201569324
150,7,00000000000000000228,crop_loss,28.395736085275413,0.5042224918214635,0.11590238415373016
150,7,0000000000000000028c,crop_loss,4.38986480515871,0.30276071036270574,0.05333352038123751
150,7,0000000000000000028d,crop_loss,30.75216485112063,0.6796946250707309,0.06471255461292447
150,7,00000000000000000291,crop_loss,16.30706339802076,0.8849466953312102,0.022110708088283415
150,7,000000000000000002c5,crop_loss,28.610691202815573,0.310796413382594,0.07304762678886073
150,7,000000000000000002cc,crop_loss,18.875685426440217,0.3936574240448175,0.14816155073735243
150,7,000000000000000002dc,crop_loss,57.11244049896024,0.6463729462142166,0.06695504686859699
150,7,000000000000000002e4,crop_loss,46.10271575879437,0.3131970899167606,0.0811564958103777
150,7,000000000000000002ec,crop_loss,51.31252216625062,0.4960577731882451,0.07642925583669263
150,7,00000000000000000314,crop_loss,32.607856814745084,0.0825355590927959,0.05685302454428993
150,7,00000000000000000335,crop_loss,50.82315757196561,0.4720917660412773,0.05177344263090922
150,7,0000000000000000033a,crop_loss,30.588438325287843,0.5153152849018414,0.06930898673227448
150,7,000000000000000003b0,crop_loss,52.2884695548219,0.18584298669164492,0.056500101390513646
150,7,000000000000000003f1,crop_loss,58.10343621083537,0.4681928583728397,0.061193130579359045
150,7,000000000000000003f2,crop_loss,41.2223714805336,0.46987153613974864,0.050731515835065355
150,7,0000000000000000044b,crop_loss,14.193084001608543,0.5606082326279272,0.040090099021931724
150,7,00000000000000000480,crop_loss,11.156204062564997,0.8683721778890474,0.050194779848262705
150,7,00000000000000000485,crop_loss,43.3596745734756,0.6992777647313866,0.03744338383447199
150,7,00000000000000000497,crop_loss,40.778927101131124,0.24270137310801507,0.08157267654161776
150,7,0000000000000000049b,crop_loss,42.537150527435756,0.355205558207509,0.04255076505031585
150,7,000000000000000004a1,crop_loss,42.99774637821059,0.3630080207448651,0.06378859962210898
150,7,000000000000000004e7,crop_loss,27.803273009109862,0.48701986542803466,0.02810194525358789
150,7,000000000000000004e9,crop_loss,16.566400515816778,0.34526278935011173,0.1306436134225673
150,7,000000000000000004f9,crop_loss,45.62981561091602,0.38864281859745603,0.14403077317796398
150,7,00000000000000000517,crop_loss,30.68980434989107,0.2966373557354613,0.13145039607221498
150,7,00000000000000000538,crop_loss,1.064857498560963,0.3081657324641421,0.03233448207080847
150,7,0000000000000000057e,crop_loss,4.367853581121974,0.5277919441797909,0.029175380137699714
150,7,000000000000000005d1,crop_loss,17.051522611872755,0.14811358757440363,0.06016986740029409
150,7,00000000000000000632,crop_loss,14.338673788454253,0.08232300403818711,0.019813753581262875
150,7,0000000000000000063e,crop_loss,50.157619163374044,0.303857241929535,0.05957058622802602
150,7,00000000000000000655,crop_loss,33.433795475308344,0.48008702106549567,0.1986194180838795
150,7,00000000000000000697,crop_loss,61.65701632829019,0.6007206680293342,0.07775101016911246
150,7,00000000000000000698,crop_loss,21.207569949896875,0.42636220490207083,0.04411529894097982
150,7,000000000000000006a8,crop_loss,56.00154299289813,0.31224536359976807,0.05687851975832248
150,7,000000000000000006b4,crop_loss,51.6463902676883,0.50046065566536,0.10620032146516051
150,7,000000000000000006be,crop_loss,14.281076347689563,0.4009580749740732,0.0517170428282922
150,7,000000000000000006c0,crop_loss,2.937265475106075,0.1968988644173616,0.04486281392513189
150,7,000000000000000006cc,crop_loss,25.804718986198132,0.35365359527834955,0.04195458648127176
150,7,000000000000000006ce,crop_loss,23.810329170123754,0.5592108573611596,0.11248981483020848
150,7,000000000000000006d9,crop_loss,44.0223510547506,0.18731724318147125,0.04964808810583271
150,7,000000000000000006e5,crop_loss,48.92670582453011,0.5137300664810458,0.08448069114621215
150,7,00000000000000000151,built_loss,8.159267049842557,0.26676318788422637,0.04599170034118141
150,7,0000000000000000034d,built_loss,6.244094315240128,0.40442228925545104,0.035124560510804814
150,7,000000000000000003c7,crop_loss,29.568751142689027,0.744704072559053,0.047834218862834565
150,7,00000000000000000176,built_loss,26.10020213306746,0.6627225707667238,0.04123832224641866
150,7,000000000000000003d2,built_loss,50.75237362073176,0.597596888844632,0.07884956557311584
150,7,00000000000000000490,built_loss,55.07391126847386,0.647860672537539,0.057915952414386185
150,7,000000000000000005ad,built_loss,40.69430458543153,0.6576454079622137,0.05357501168301926
150,7,00000000000000000624,built_loss,4.606846384852418,0.49124658633009916,0.07431350455549524
150,7,0000000000000000002d,crop_loss,58.926185129594366,0.4617902873463969,0.06110536899522884
150,7,0000000000000000009d,crop_loss,7.3358332510455515,0.38518287237591287,0.06320050112893016
150,7,00000000000000000192,crop_loss,43.78308388900748,0.5647874448016469,0.02789625770765536
150,7,000000000000000003c8,crop_loss,39.6862457192114,0.18712930709890035,0.03689839242487408
150,7,0000000000000000046c,crop_loss,50.874762268435425,0.5153953011258295,0.10454880276730161
150,7,00000000000000000483,crop_loss,12.128476582906748,0.6872728436234591,0.08892335987741196
150,7,000000000000000004ee,crop_loss,22.162736494906248,0.3827976836467456,0.14409975488663113
150,7,00000000000000000611,crop_loss,49.097502857600155,0.6653024186511769,0.048020942895460994
150,7,0000000000000000062f,crop_loss,48.5853963218604,0.5081999312061807,0.10367379391969239
200,0,00000000000000000085,built_loss,16.25286218611686,0.35991470256723596,0.06539000124467192
200,0,00000000000000000114,built_loss,31.70515035809664,0.6924485329739907,0.04236839259080116
200,0,0000000000000000024c,built_loss,27.105533471815303,0.716761491495228,0.04347744882062898
200,0,00000000000000000375,built_loss,41.425215372160736,0.652664514092622,0.0458139785545405
200,0,000000000000000004d2,built_loss,33.38945874456917,0.5343465662098378,0.22627771877323927
200,0,000000000000000005bd,built_loss,4.989810296310314,0.557790824233098,0.0530283818927032
200,0,00000000000000000281,crop_loss,51.03617987715577,0.5210575056903117,0.036097478367475566
200,0,000000000000000003a2,crop_loss,33.48299628291497,0.33892274484211304,0.08878584469981127
200,0,00000000000000000001,built_loss,28.685038262335233,0.45934551357932574,0.04655852272686384
200,0,00000000000000000049,built_loss,4.635795245925816,0.48462975586773654,0.037254728719125996
200,0,0000000000000000004a,built_loss,11.947401070280314,0.4399635974690063,0.022332264503544308
200,0,0000000000000000004f,built_loss,43.60389900987813,0.4424675076364737,0.067924843403882
200,0,0000000000000000005a,built_loss,35.08497876372715,0.44413708886590064,0.03073531836285459
200,0,00000000000000000079,built_loss,68.05375686727037,0.6269446109717035,0.06077915671062939
200,0,00000000000000000087,built_loss,57.66210046278364,0.6189161612199339,0.10074064360170154
200,0,000000000000000000a1,built_loss,9.28478320525362,0.4502189765178603,0.04441668071755095
200,0,000000000000000000b8,built_loss,10.898432788994967,0.5390706736081693,0.11345631196586436
200,0,000000000000000000c0,built_loss,41.60889531417982,0.6323537750954216,0.04196580597810173
200,0,000000000000000000e2,built_loss,20.01866910604358,0.3887760596565668,0.06131752480050762
200,0,000000000000000000f0,built_loss,35.591111881538716,0.6800571723317154,0.06925944608764945
200,0,000000000000000000f8,built_loss,53.49478287739416,0.5340598044969568,0.06422136092219155
200,0,0000000000000000011c,built_loss,7.236914728656569,0.728280888669927,0.03574831391125188
200,0,00000000000000000161,built_loss,45.208269577083385,0.6558809060800027,0.04858970861381784
200,0,0000000000000000016a,built_loss,9.00249698385874,0.24091558459698398,0.04955426230359969
200,0,000000000000000001a8,built_loss,57.801871032238736,0.5502024405018302,0.059622023299486404
200,0,000000000000000001be,built_loss,6.083489526824315,0.5212819741231616,0.06328985989077851
200,0,000000000000000001cd,built_loss,56.55068091429692,0.7655650486114141,0.06691888205990792
200,0,000000000000000001e5,built_loss,20.951010188330258,0.5687660957226895,0.061178910793396546
200,0,00000000000000000206,built_loss,47.41315088699142,0.7216670298387968,0.06045561562476154
200,0,00000000000000000209,built_loss,61.654488421061316,0.6304462100330996,0.07627960124811306
200,0,00000000000000000231,built_loss,56.34135428697878,0.5335142436243089,0.05753028989006148
200,0,0000000000000000026d,built_loss,32.233775669012864,0.593458647088699,0.05396178463715806
200,0,00000000000000000278,built_loss,43.71253136157266,0.7629522964853369,0.07002104791228358
200,0,00000000000000000293,built_loss,31.93566365884666,0.485809108569529,0.06500121882860793
200,0,000000000000000002a4,built_loss,11.040841529121796,0.4096343217633991,0.041916708124285385
200,0,00000000000000000316,built_loss,2.02894773048345,0.12294446523545764,0.013146227472135771
200,0,00000000000000000356,built_loss,42.69806701702842,0.5406531317246686,0.09006284403163362
200,0,00000000000000000362,built_loss,54.19445779555362,0.5648568748492845,0.05641318287042807
200,0,00000000000000000363,built_loss,29.096575392862146,0.24986551374927696,0.033227295276377466
200,0,00000000000000000364,built_loss,60.5492360475049,0.6307737856913465,0.05676306601083092
200,0,00000000000000000380,built_loss,35.69393543595332,0.5018639442758772,0.054673383761837946
200,0,00000000000000000384,built_loss,18.617844611395565,0.5826949178382731,0.0418061252821188
200,0,0000000000000000039e,built_loss,8.918038685135635,0.49414527676796705,0.043967605778973406
200,0,000000000000000003a1,built_loss,20.28158106656473,0.6160283645214796,0.056932350718412184
200,0,000000000000000003a5,built_loss,25.262275543857825,0.40367944965475855,0.08844949357116344
200,0,000000000000000003b7,built_loss,17.629048692066792,0.49060407339562506,0.025539726383439876
200,0,000000000000000003bf,built_loss,56.90557092463486,0.5342655540835044,0.04394037622527169
200,0,000000000000000003f8,built_loss,6.921457787154262,0.22322765067025102,0.028643225314170517
200,0,000000000000000003fa,built_loss,56.94151029831111,0.41636580723592326,0.04996035308112107
200,0,00000000000000000407,built_loss,51.355061627269066,0.5585889054061548,0.0635211935858997
200,0,0000000000000000040f,built_loss,33.546393841417306,0.5215232277956281,0.020962518237041428
200,0,00000000000000000426,built_loss,35.47600480572851,0.566311052776416,0.04174544113584733
200,0,0000000000000000042b,built_loss,42.238474763226755,0.5657546229617553,0.05026684907748824
200,0,00000000000000000442,built_loss,4.03419505433724,0.3537968879039432,0.16827060709870528
200,0,00000000000000000465,built_loss,54.39720342525366,0.6317561665322977,0.051272114600925844
200,0,0000000000000000047e,built_loss,21.210842444014546,0.5315350409246051,0.04706913074457142
200,0,000000000000000004c0,built_loss,45.662400145670155,0.6464726745294347,0.04367522773324839
200,0,000000000000000004c5,built_loss,14.042721457670467,0.584661907907965,0.058171346534043766
200,0,000000000000000004d9,built_loss,44.4141068496258,0.5543945183555384,0.0340125563744923
200,0,000000000000000004eb,built_loss,56.372063523376966,0.44811746526554375,0.030827174144488267
200,0,000000000000000004f5,built_loss,8.745475141862055,0.47614290455920577,0.053730833466095806
200,0,000000000000000004f7,built_loss,8.427528098360845,0.47615944420434136,0.0244156317537913
200,0,000000000000000004fe,built_loss,17.374674152776148,0.50085794271182,0.029015918871584223
200,0,0000000000000000051d,built_loss,24.283889310692594,0.4947551431473503,0.13700429405156306
200,0,00000000000000000559,built_loss,44.38703540344654,0.6880400735118792,0.054509349137751295
200,0,00000000000000000576,built_loss,8.922351858071034,0.2735494574446032,0.043042397307252456
200,0,00000000000000000577,built_loss,10.445254607258159,0.47355598156254,0.07787296288087975
200,0,0000000000000000057f,built_loss,2.330166673670194,0.40102456450434465,0.0456157994824713
200,0,00000000000000000594,built_loss,23.87096977697305,0.5214212349665552,0.14061446656115417
200,0,000000000000000005bf,built_loss,30.936324271791843,0.3998992798552043,0.037759475859721225
200,0,000000000000000005cc,built_loss,11.0588701387788,0.3558345094694623,0.02845237381710297
200,0,000000000000000005de,built_loss,38.15389943289827,0.43630504145346294,0.024606887109562825
200,0,000000000000000005e7,built_loss,46.63681143011094,0.6417234180681689,0.06896405427357655
200,0,000000000000000005f9,built_loss,17.76382038218072,0.6554622415250153,0.06662918900144676
200,0,0000000000000000061c,built_loss,21.488901292312796,0.4038550624813583,0.042775318001884555
200,0,00000000000000000626,built_loss,36.09074297158647,0.49207806909349017,0.037424918703125476
200,0,0000000000000000062a,built_loss,43.71490755963889,0.568098650094264,0.04563077689430273
200,0,00000000000000000636,built_loss,24.684815297480785,0.47971328089039633,0.13411634880576506
200,0,0000000000000000064a,built_loss,3.533009470872137,0.29691333769025263,0.02987169646386595
200,0,0000000000000000064d,built_loss,14.792587402943848,0.43844310969216416,0.05855892741316732
200,0,00000000000000000694,built_loss,30.398994453928722,0.3717281146816144,0.027805024112428633
200,0,0000000000000000069d,built_loss,46.47873951182743,0.6518098782044757,0.05005533592252931
200,0,000000000000000006b7,built_loss,32.29581806163518,0.46390951812002795,0.028588731222222163
200,0,000000000000000006df,built_loss,19.38884435761397,0.23220487254214778,0.07009088632660943
200,0,000000000000000006e3,built_loss,32.197287182149886,0.40342154653531137,0.06781981666316272
200,0,00000000000000000011,crop_loss,49.89263769018851,0.7962915912655607,0.2864457844089442
200,0,0000000000000000002b,crop_loss,52.561201879238226,0.18039942347623822,0.06979254134185744
200,0,0000000000000000003a,crop_loss,49.77188383612084,0.2979624304783811,0.06452989282168109
200,0,0000000000000000009b,crop_loss,17.927832232310227,0.4960188760814392,0.01072247751106542
200,0,000000000000000000a8,crop_loss,30.98341362808916,0.20646658496291706,0.03121902392015255
200,0,000000000000000000da,crop_loss,30.48962587589171,0.7541763210677107,0.032165939557867174
200,0,000000000000000000e3,crop_loss,62.43025407973037,0.48993449655631904,0.0559890232421798
200,0,000000000000000000e9,crop_loss,5.131696909002301,0.42383655063892317,0.08020496457221543
200,0,0000000000000000011b,crop_loss,34.02707891814305,0.48275000469604595,0.025099047265299212
200,0,00000000000000000128,crop_loss,37.07286800187953,0.5449227166502474,0.020945778938741832
200,0,0000000000000000016c,crop_loss,49.692192887407295,0.46630391823555883,0.06531085184202517
200,0,00000000000000000196,crop_loss,26.329369832262607,0.24372997107243588,0.036054405313394156
200,0,000000000000000001a6,crop_loss,43.07907383246976,0.29190758846318904,0.07826997018876442
200,0,000000000000000001e4,crop_loss,47.036913198780326,0.4888354052965582,0.046232616756302136
200,0,000000000000000001f9,crop_loss,52.65171168230846,0.498182938519541,0.23555522706369414
200,0,00000000000000000228,crop_loss,29.59552951919802,0.5033729263863393,0.10752394770142365
200,0,0000000000000000028c,crop_loss,4.142256103598995,0.3004209818841105,0.03932860784680464
200,0,0000000000000000028d,crop_loss,31.42889582351054,0.6718811409128812,0.05680006149551797
200,0,00000000000000000291,crop_loss,16.751567502067385,0.8825576303620036,0.015255197240348739
200,0,000000000000000002c5,crop_loss,31.166261057631488,0.34158940555781814,0.07234552156850604
200,0,000000000000000002cc,crop_loss,19.252360857213443,0.3920532888734069,0.1353503541204587
200,0,000000000000000002dc,crop_loss,62.05427245152139,0.64676595678349,0.05817138978747827
200,0,000000000000000002e4,crop_loss,51.708297163920065,0.3118780459516474,0.05458985055263227
200,0,000000000000000002ec,crop_loss,57.7509161037793,0.4883083578670176,0.07243259647275851
200,0,00000000000000000314,crop_loss,35.00403527744967,0.09132639086077407,0.04844466281893137
200,0,00000000000000000335,crop_loss,58.43285241711917,0.47107522455768547,0.05651702596608843
200,0,0000000000000000033a,crop_loss,34.533726102403875,0.5140373546522389,0.05285575559554395
200,0,000000000000000003b0,crop_loss,57.5676310424288,0.20052943428079242,0.05842703423570206
200,0,000000000000000003f1,crop_loss,58.10343621083537,0.46850245932538875,0.0661195924544365
200,0,000000000000000003f2,crop_loss,42.02357542292793,0.4701966745357988,0.047571571077961616
200,0,0000000000000000044b,crop_loss,14.588870342092443,0.5633126809291097,0.026995673938301268
200,0,00000000000000000480,crop_loss,11.037920086397097,0.8618081497714292,0.04457673115444838
200,0,00000000000000000485,crop_loss,48.98681385740222,0.6982943261127356,0.02515664751793023
200,0,00000000000000000497,crop_loss,43.14364759320102,0.21622250647362018,0.06456898199794592
200,0,0000000000000000049b,crop_loss,45.2968932143899,0.35455583318008926,0.03281676524233529
200,0,000000000000000004a1,crop_loss,45.17715612982272,0.3527773178839155,0.05274750217552199
200,0,000000000000000004e7,crop_loss,29.72053125609413,0.4902547301433119,0.027684309248646843
200,0,000000000000000004e9,crop_loss,16.722769894500473,0.40278671803453503,0.13205228437287353
200,0,000000000000000004f9,crop_loss,50.987385696020496,0.3579097146426206,0.12221439618321311
200,0,00000000000000000517,crop_loss,33.12017389149318,0.2927744989209896,0.09826541923198129
200,0,00000000000000000538,crop_loss,1.0691114461425388,0.30402286397768347,0.02832843334945967
200,0,0000000000000000057e,crop_loss,4.403862285556196,0.5377704547533146,0.02399035844617381
200,0,000000000000000005d1,crop_loss,18.198881017403693,0.15122800186110796,0.051527874420391695
200,0,00000000000000000632,crop_loss,14.452601366871525,0.08154277328083473,0.019983927632708967
200,0,0000000000000000063e,crop_loss,56.72286512363899,0.30709101814858647,0.05428806613343207
200,0,00000000000000000655,crop_loss,35.58608002409777,0.49831877957148946,0.13214969926350334
200,0,00000000000000000697,crop_loss,64.59380445826886,0.6072982893442709,0.05802386832278417
200,0,00000000000000000698,crop_loss,21.205732495489514,0.42319412577851023,0.04570237947827144
200,0,000000000000000006a8,crop_loss,61.12511890408331,0.2977751201888123,0.062306855755510204
200,0,000000000000000006b4,crop_loss,56.971394465711285,0.5205949108190587,0.08939830446829505
200,0,000000000000000006be,crop_loss,15.003681530427585,0.3937102932027311,0.053828310758206765
200,0,000000000000000006c0,crop_loss,2.9425961068992783,0.19185583050534813,0.04240891365951721
200,0,000000000000000006cc,crop_loss,26.87614743303327,0.34380432894178714,0.036113717639014165
200,0,000000000000000006ce,crop_loss,25.412594916721098,0.5841973243144265,0.10884439292561254
200,0,000000000000000006d9,crop_loss,44.631182505974614,0.20403458435348143,0.046584821630690665
200,0,000000000000000006e5,crop_loss,54.078049115467664,0.5242702204156796,0.07218214476411322
200,0,00000000000000000151,built_loss,8.715958946714796,0.26295971863394507,0.03352171342320179
200,0,0000000000000000034d,built_loss,6.0370210624315845,0.40851321277295466,0.027256024489628272
200,0,000000000000000003c7,crop_loss,30.907120130383408,0.7288679748055807,0.05773330190346637
200,0,00000000000000000176,built_loss,28.41433185182483,0.657697684861151,0.03734950988380803
200,0,000000000000000003d2,built_loss,55.00654970622589,0.5959975707071276,0.07420747114755033
200,0,00000000000000000490,built_loss,60.1551275566381,0.6469253458653569,0.059843539855209515
200,0,000000000000000005ad,built_loss,41.869568787349586,0.6635452917828042,0.04495882652999905
200,0,00000000000000000624,built_loss,4.778307206699855,0.5068869168804584,0.06463807055492193
200,0,0000000000000000002d,crop_loss,58.97256793321395,0.47220524019051474,0.050255310468956316
200,0,0000000000000000009d,crop_loss,7.419292048057386,0.38109739426948014,0.057901570105416744
200,0,00000000000000000192,crop_loss,51.57868519918209,0.560785148962532,0.025850661762906846
200,0,000000000000000003c8,crop_loss,44.64358800183488,0.19494956779611586,0.03448793253286875
200,0,0000000000000000046c,crop_loss,55.73812798181475,0.5040883764301555,0.09029749959012612
200,0,00000000000000000483,crop_loss,12.378774432262198,0.6903182713228948,0.09061618479410405
200,0,000000000000000004ee,crop_loss,22.605733594157325,0.37965238974330306,0.12569153470988514
200,0,00000000000000000611,crop_loss,56.294599017545664,0.6547014304305223,0.04820945307679869
200,0,0000000000000000062f,crop_loss,53.99531165692403,0.5119844109299803,0.10042544666233133
200,1,00000000000000000085,built_loss,16.25286218611686,0.35991470256723596,0.06225527742261916
200,1,00000000000000000114,built_loss,31.70515035809664,0.6924485329739907,0.0431735862883702
200,1,0000000000000000024c,built_loss,27.105533471815303,0.716761491495228,0.03865360724771061
200,1,00000000000000000375,built_loss,41.425215372160736,0.652664514092622,0.05403746689146505
200,1,000000000000000004d2,built_loss,33.38945874456917,0.5343465662098378,0.2276649335376642
200,1,000000000000000005bd,built_loss,4.989810296310314,0.557790824233098,0.04964445436967424
200,1,00000000000000000281,crop_loss,51.03617987715576,0.5210575056903117,0.03798586403780391
200,1,000000000000000003a2,crop_loss,33.48299628291497,0.33892274484211304,0.09042427088433419
200,1,00000000000000000001,built_loss,28.685038262335233,0.45934551357932574,0.043406299194711784
200,1,00000000000000000049,built_loss,4.635795245925816,0.48462975586773654,0.03517537802054571
200,1,0000000000000000004a,built_loss,11.947401070280314,0.4399635974690063,0.02127686362483533
200,1,0000000000000000004f,built_loss,43.60389900987813,0.4424675076364737,0.06826797635567328
200,1,0000000000000000005a,built_loss,35.08497876372715,0.44413708886590064,0.030607380860712796
200,1,00000000000000000079,built_loss,68.05375686727037,0.6269446109717035,0.061359554603370725
200,1,00000000000000000087,built_loss,57.662100462783656,0.6189161612199339,0.10020285108901217
200,1,000000000000000000a1,built_loss,9.28478320525362,0.4502189765178603,0.04545372501327666
200,1,000000000000000000b8,built_loss,10.898432788994965,0.5390706736081693,0.11426284614811177
200,1,000000000000000000c0,built_loss,41.608895314179826,0.6323537750954216,0.0397298962308712
200,1,000000000000000000e2,built_loss,20.01866910604358,0.3887760596565668,0.06261590753602164
200,1,000000000000000000f0,built_loss,35.59111188153871,0.6800571723317154,0.07274937938255177
200,1,000000000000000000f8,built_loss,53.49478287739415,0.5340598044969568,0.0641057531900967
200,1,0000000000000000011c,built_loss,7.236914728656569,0.728280888669927,0.03505384772566256
200,1,00000000000000000161,built_loss,45.208269577083385,0.6558809060800027,0.04917958510268583
200,1,0000000000000000016a,built_loss,9.00249698385874,0.24091558459698398,0.04782176660923551
200,1,000000000000000001a8,built_loss,57.80187103223873,0.5502024405018302,0.056265659104469457
200,1,000000000000000001be,built_loss,6.083489526824315,0.5212819741231616,0.06045634047287174
200,1,000000000000000001cd,built_loss,56.55068091429692,0.7655650486114141,0.06757140297852926
200,1,000000000000000001e5,built_loss,20.951010188330258,0.5687660957226895,0.06409127652033009
200,1,00000000000000000206,built_loss,47.41315088699142,0.7216670298387968,0.06207062940077723
200,1,00000000000000000209,built_loss,61.654488421061316,0.6304462100330996,0.07888253597847827
200,1,00000000000000000231,built_loss,56.34135428697878,0.5335142436243089,0.05811994413316335
200,1,0000000000000000026d,built_loss,32.23377566901286,0.593458647088699,0.05364700196678196
200,1,00000000000000000278,built_loss,43.71253136157266,0.7629522964853369,0.06777612173831926
200,1,00000000000000000293,built_loss,31.93566365884666,0.485809108569529,0.06538002561947287
200,1,000000000000000002a4,built_loss,11.040841529121797,0.4096343217633991,0.03798147209439001
200,1,00000000000000000316,built_loss,2.0289477304834502,0.12294446523545764,0.012767947002777197
200,1,00000000000000000356,built_loss,42.69806701702842,0.5406531317246686,0.09230755393015128
200,1,00000000000000000362,built_loss,54.194457795553625,0.5648568748492845,0.053363254917223046
200,1,00000000000000000363,built_loss,29.096575392862146,0.24986551374927696,0.03693828857054704
200,1,00000000000000000364,built_loss,60.5492360475049,0.6307737856913465,0.05620783405892671
200,1,00000000000000000380,built_loss,35.693935435953314,0.5018639442758772,0.05504610152531819
200,1,00000000000000000384,built_loss,18.61784461139556,0.5826949178382731,0.03730576050785117
200,1,0000000000000000039e,built_loss,8.918038685135635,0.49414527676796705,0.044503484503329804
200,1,000000000000000003a1,built_loss,20.281581066564733,0.6160283645214796,0.0623946558923526
200,1,000000000000000003a5,built_loss,25.26227554385782,0.40367944965475855,0.08546380709496093
200,1,000000000000000003b7,built_loss,17.629048692066792,0.49060407339562506,0.0266218492542174
200,1,000000000000000003bf,built_loss,56.90557092463486,0.5342655540835044,0.043010306224902206
200,1,000000000000000003f8,built_loss,6.921457787154263,0.22322765067025102,0.029453349918857785
200,1,000000000000000003fa,built_loss,56.94151029831111,0.41636580723592326,0.04444299969690607
200,1,00000000000000000407,built_loss,51.355061627269066,0.5585889054061548,0.06529714036573453
200,1,0000000000000000040f,built_loss,33.5463938414173,0.5215232277956281,0.021354025489488282
200,1,00000000000000000426,built_loss,35.476004805728515,0.566311052776416,0.04158758837718024
200,1,0000000000000000042b,built_loss,42.238474763226755,0.5657546229617553,0.05032090477349849
200,1,00000000000000000442,built_loss,4.034195054337241,0.3537968879039432,0.1887982405969193
200,1,00000000000000000465,built_loss,54.39720342525366,0.6317561665322977,0.05281690384236293
200,1,0000000000000000047e,built_loss,21.210842444014546,0.5315350409246051,0.042991678503244146
200,1,000000000000000004c0,built_loss,45.662400145670155,0.6464726745294347,0.0428867322043347
200,1,000000000000000004c5,built_loss,14.042721457670469,0.584661907907965,0.05270001263058621
200,1,000000000000000004d9,built_loss,44.4141068496258,0.5543945183555384,0.03555924355437767
200,1,000000000000000004eb,built_loss,56.37206352337695,0.44811746526554375,0.027982769732159296
200,1,000000000000000004f5,built_loss,8.745475141862055,0.47614290455920577,0.05495804672090765
200,1,000000000000000004f7,built_loss,8.427528098360845,0.47615944420434136,0.023933012996809555
200,1,000000000000000004fe,built_loss,17.374674152776148,0.50085794271182,0.0251249425960976
200,1,0000000000000000051d,built_loss,24.283889310692594,0.4947551431473503,0.1490478008899443
200,1,00000000000000000559,built_loss,44.387035403446546,0.6880400735118792,0.05774378233659194
200,1,00000000000000000576,built_loss,8.922351858071034,0.2735494574446032,0.04350251524443938
200,1,00000000000000000577,built_loss,10.445254607258157,0.47355598156254,0.08006626296596775
200,1,0000000000000000057f,built_loss,2.330166673670194,0.40102456450434465,0.048922075467495385
200,1,00000000000000000594,built_loss,23.87096977697305,0.5214212349665552,0.1386605426720841
200,1,000000000000000005bf,built_loss,30.936324271791843,0.3998992798552043,0.03894103893699047
200,1,000000000000000005cc,built_loss,11.058870138778799,0.3558345094694623,0.027657660920812233
200,1,000000000000000005de,built_loss,38.15389943289827,0.43630504145346294,0.022554589715603368
200,1,000000000000000005e7,built_loss,46.63681143011093,0.6417234180681689,0.07814208185853744
200,1,000000000000000005f9,built_loss,17.76382038218072,0.6554622415250153,0.06641755263781346
200,1,0000000000000000061c,built_loss,21.488901292312796,0.4038550624813583,0.043864495488326605
200,1,00000000000000000626,built_loss,36.09074297158649,0.49207806909349017,0.038037542069448815
200,1,0000000000000000062a,built_loss,43.71490755963889,0.568098650094264,0.04519661586841783
200,1,00000000000000000636,built_loss,24.684815297480785,0.47971328089039633,0.12931450901806113
200,1,0000000000000000064a,built_loss,3.533009470872137,0.29691333769025263,0.028841326324652083
200,1,0000000000000000064d,built_loss,14.792587402943848,0.43844310969216416,0.05476232026719119
200,1,00000000000000000694,built_loss,30.398994453928722,0.3717281146816144,0.026525480097852383
200,1,0000000000000000069d,built_loss,46.47873951182743,0.6518098782044757,0.054228276388089136
200,1,000000000000000006b7,built_loss,32.29581806163518,0.46390951812002795,0.03369624281880945
200,1,000000000000000006df,built_loss,19.38884435761397,0.23220487254214778,0.06649593407407381
200,1,000000000000000006e3,built_loss,32.197287182149886,0.40342154653531137,0.06159204611830438
200,1,00000000000000000011,crop_loss,49.892637690188515,0.7962915912655607,0.29434286275483124
200,1,0000000000000000002b,crop_loss,52.561201879238226,0.18039942347623822,0.07487168742708009
200,1,0000000000000000003a,crop_loss,49.77188383612084,0.2979624304783811,0.06407406448258457
200,1,0000000000000000009b,crop_loss,17.927832232310223,0.4960188760814392,0.012485740066701279
200,1,000000000000000000a8,crop_loss,30.98341362808916,0.20646658496291706,0.027824838191526757
200,1,000000000000000000da,crop_loss,30.48962587589171,0.7541763210677107,0.036257350700957036
200,1,000000000000000000e3,crop_loss,62.43025407973037,0.48993449655631904,0.057438807417669935
200,1,000000000000000000e9,crop_loss,5.131696909002301,0.42383655063892317,0.07104663016657453
200,1,0000000000000000011b,crop_loss,34.02707891814305,0.48275000469604595,0.02798961606934086
200,1,00000000000000000128,crop_loss,37.07286800187953,0.5449227166502474,0.020578587490833522
200,1,0000000000000000016c,crop_loss,49.692192887407295,0.46630391823555883,0.06390859631976997
200,1,00000000000000000196,crop_loss,26.329369832262607,0.24372997107243588,0.03863665880157044
200,1,000000000000000001a6,crop_loss,43.07907383246976,0.29190758846318904,0.0743746028758683
200,1,000000000000000001e4,crop_loss,47.03691319878032,0.4888354052965582,0.045844527614289365
200,1,000000000000000001f9,crop_loss,52.65171168230846,0.498182938519541,0.23164665803756096
200,1,00000000000000000228,crop_loss,29.59552951919802,0.5033729263863393,0.10617774261354818
200,1,0000000000000000028c,crop_loss,4.142256103598995,0.3004209818841105,0.04152632169541315
200,1,0000000000000000028d,crop_loss,31.428895823510533,0.6718811409128812,0.06013372755060775
200,1,00000000000000000291,crop_loss,16.75156750206738,0.8825576303620036,0.01634084667921487
200,1,000000000000000002c5,crop_loss,31.166261057631488,0.34158940555781814,0.06778512927003899
200,1,000000000000000002cc,crop_loss,19.252360857213443,0.3920532888734069,0.13826183784740875
200,1,000000000000000002dc,crop_loss,62.05427245152139,0.64676595678349,0.05652565460771697
200,1,000000000000000002e4,crop_loss,51.70829716392007,0.3118780459516474,0.05703823751951154
200,1,000000000000000002ec,crop_loss,57.7509161037793,0.4883083578670176,0.07276034304079643
200,1,00000000000000000314,crop_loss,35.004035277449674,0.09132639086077407,0.050767881024916146
200,1,00000000000000000335,crop_loss,58.43285241711917,0.47107522455768547,0.056627679328219216
200,1,0000000000000000033a,crop_loss,34.53372610240387,0.5140373546522389,0.05518309811775596
200,1,000000000000000003b0,crop_loss,57.5676310424288,0.20052943428079242,0.05643574174598062
200,1,000000000000000003f1,crop_loss,58.10343621083537,0.46850245932538875,0.06123615671800808
200,1,000000000000000003f2,crop_loss,42.02357542292793,0.4701966745357988,0.04695151892839827
200,1,0000000000000000044b,crop_loss,14.588870342092443,0.5633126809291097,0.031054680631816156
200,1,00000000000000000480,crop_loss,11.037920086397097,0.8618081497714292,0.05416974652221829
200,1,00000000000000000485,crop_loss,48.98681385740222,0.6982943261127356,0.027654206452602415
200,1,00000000000000000497,crop_loss,43.14364759320102,0.21622250647362018,0.0680919441459765
200,1,0000000000000000049b,crop_loss,45.29689321438989,0.35455583318008926,0.0351631029432421
200,1,000000000000000004a1,crop_loss,45.17715612982272,0.3527773178839155,0.054357849313888706
200,1,000000000000000004e7,crop_loss,29.72053125609413,0.4902547301433119,0.027727207038558133
200,1,000000000000000004e9,crop_loss,16.722769894500473,0.40278671803453503,0.1335668272537831
200,1,000000000000000004f9,crop_loss,50.987385696020496,0.3579097146426206,0.12418514411631326
200,1,00000000000000000517,crop_loss,33.12017389149318,0.2927744989209896,0.08755830582302293
200,1,00000000000000000538,crop_loss,1.0691114461425386,0.30402286397768347,0.030660066209746706
200,1,0000000000000000057e,crop_loss,4.403862285556197,0.5377704547533146,0.027834690426349784
200,1,000000000000000005d1,crop_loss,18.198881017403693,0.15122800186110796,0.050622471601445646
200,1,00000000000000000632,crop_loss,14.452601366871525,0.08154277328083473,0.020479808940349786
200,1,0000000000000000063e,crop_loss,56.72286512363899,0.30709101814858647,0.05669250932088399
200,1,00000000000000000655,crop_loss,35.586080024097754,0.49831877957148946,0.15334361609431518
200,1,00000000000000000697,crop_loss,64.59380445826886,0.6072982893442709,0.07045478211834666
200,1,00000000000000000698,crop_loss,21.205732495489517,0.42319412577851023,0.04369300249797087
200,1,000000000000000006a8,crop_loss,61.12511890408331,0.2977751201888123,0.05973097389243953
200,1,000000000000000006b4,crop_loss,56.97139446571128,0.5205949108190587,0.09168316527388332
200,1,000000000000000006be,crop_loss,15.003681530427581,0.3937102932027311,0.05010726698528528
200,1,000000000000000006c0,crop_loss,2.942596106899278,0.19185583050534813,0.04123371940064979
200,1,000000000000000006cc,crop_loss,26.87614743303327,0.34380432894178714,0.03730737883891766
200,1,000000000000000006ce,crop_loss,25.412594916721098,0.5841973243144265,0.1010086315912605
200,1,000000000000000006d9,crop_loss,44.631182505974614,0.20403458435348143,0.04862155209262575
200,1,000000000000000006e5,crop_loss,54.07804911546766,0.5242702204156796,0.0697448640618829
200,1,00000000000000000151,built_loss,8.715958946714794,0.26295971863394507,0.03457683808430381
200,1,0000000000000000034d,built_loss,6.0370210624315845,0.40851321277295466,0.02931938400423295
200,1,000000000000000003c7,crop_loss,30.907120130383408,0.7288679748055807,0.05996259676694449
200,1,00000000000000000176,built_loss,28.41433185182483,0.657697684861151,0.03884539067718773
200,1,000000000000000003d2,built_loss,55.00654970622589,0.5959975707071276,0.0750835403025486
200,1,00000000000000000490,built_loss,60.1551275566381,0.6469253458653569,0.05642821443192614
200,1,000000000000000005ad,built_loss,41.86956878734959,0.6635452917828042,0.04717850092296405
200,1,00000000000000000624,built_loss,4.778307206699856,0.5068869168804584,0.06538121968494237
200,1,0000000000000000002d,crop_loss,58.97256793321394,0.47220524019051474,0.05279033853035103
200,1,0000000000000000009d,crop_loss,7.419292048057386,0.38109739426948014,0.05597604989295879
200,1,00000000000000000192,crop_loss,51.57868519918209,0.560785148962532,0.025627013813643518
200,1,000000000000000003c8,crop_loss,44.64358800183488,0.19494956779611586,0.03180486764417645
200,1,0000000000000000046c,crop_loss,55.73812798181474,0.5040883764301555,0.09625273219577479
200,1,00000000000000000483,crop_loss,12.378774432262198,0.6903182713228948,0.09039879398390716
200,1,000000000000000004ee,crop_loss,22.605733594157325,0.37965238974330306,0.12752636038392434
200,1,00000000000000000611,crop_loss,56.29459901754566,0.6547014304305223,0.0480502466241296
200,1,0000000000000000062f,crop_loss,53.995311656924024,0.5119844109299803,0.10280579323418687
200,2,00000000000000000085,built_loss,16.25286218611686,0.35991470256723596,0.06405922791536317
200,2,00000000000000000114,built_loss,31.70515035809664,0.6924485329739907,0.04791475488080399
200,2,0000000000000000024c,built_loss,27.105533471815303,0.716761491495228,0.04450045294002691
200,2,00000000000000000375,built_loss,41.42521537216074,0.652664514092622,0.04974631769133486
200,2,000000000000000004d2,built_loss,33.38945874456917,0.5343465662098378,0.23218321971006212
200,2,000000000000000005bd,built_loss,4.989810296310314,0.557790824233098,0.052928752627013576
200,2,00000000000000000281,crop_loss,51.03617987715577,0.5210575056903117,0.036240718238710556
200,2,000000000000000003a2,crop_loss,33.48299628291497,0.33892274484211304,0.08187339972183927
200,2,00000000000000000001,built_loss,28.685038262335233,0.45934551357932574,0.04334397767760417
200,2,00000000000000000049,built_loss,4.635795245925816,0.48462975586773654,0.03450346810053995
200,2,0000000000000000004a,built_loss,11.947401070280314,0.4399635974690063,0.02530923968549398
200,2,0000000000000000004f,built_loss,43.60389900987812,0.4424675076364737,0.07075612345320098
200,2,0000000000000000005a,built_loss,35.08497876372715,0.44413708886590064,0.030866047622127524
200,2,00000000000000000079,built_loss,68.05375686727038,0.6269446109717035,0.06276541326780971
200,2,00000000000000000087,built_loss,57.66210046278364,0.6189161612199339,0.10467275196704962
200,2,000000000000000000a1,built_loss,9.28478320525362,0.4502189765178603,0.04247005268731219
200,2,000000000000000000b8,built_loss,10.898432788994965,0.5390706736081693,0.11400091459863393
200,2,000000000000000000c0,built_loss,41.608895314179826,0.6323537750954216,0.04514063264573587
200,2,000000000000000000e2,built_loss,20.018669106043575,0.3887760596565668,0.06320584791138578
200,2,000000000000000000f0,built_loss,35.591111881538716,0.6800571723317154,0.06737005699376519
200,2,000000000000000000f8,built_loss,53.49478287739416,0.5340598044969568,0.061656127902135704
200,2,0000000000000000011c,built_loss,7.236914728656569,0.728280888669927,0.035251106268411436
200,2,00000000000000000161,built_loss,45.20826957708339,0.6558809060800027,0.05397250655539865
200,2,0000000000000000016a,built_loss,9.00249698385874,0.24091558459698398,0.05224480921392197
200,2,000000000000000001a8,built_loss,57.80187103223873,0.5502024405018302,0.05641910517755899
200,2,000000000000000001be,built_loss,6.083489526824315,0.5212819741231616,0.0631733783489053
200,2,000000000000000001cd,built_loss,56.55068091429692,0.7655650486114141,0.07275042482174365
200,2,000000000000000001e5,built_loss,20.95101018833026,0.5687660957226895,0.06253962804237578
200,2,00000000000000000206,built_loss,47.41315088699142,0.7216670298387968,0.058796408992360605
200,2,00000000000000000209,built_loss,61.654488421061316,0.6304462100330996,0.07351464737379942
200,2,00000000000000000231,built_loss,56.34135428697879,0.5335142436243089,0.0573614518924328
200,2,0000000000000000026d,built_loss,32.233775669012864,0.593458647088699,0.0561025575504116
200,2,00000000000000000278,built_loss,43.71253136157266,0.7629522964853369,0.06692688078722464
200,2,00000000000000000293,built_loss,31.93566365884666,0.485809108569529,0.06488210639753833
200,2,000000000000000002a4,built_loss,11.040841529121796,0.4096343217633991,0.03828005525858291
200,2,00000000000000000316,built_loss,2.0289477304834502,0.12294446523545764,0.0112405803268473
200,2,00000000000000000356,built_loss,42.69806701702842,0.5406531317246686,0.08975109184511293
200,2,00000000000000000362,built_loss,54.194457795553625,0.5648568748492845,0.05388899048500417
200,2,00000000000000000363,built_loss,29.096575392862146,0.24986551374927696,0.033489639937348104
200,2,00000000000000000364,built_loss,60.5492360475049,0.6307737856913465,0.05772226600022545
200,2,00000000000000000380,built_loss,35.69393543595332,0.5018639442758772,0.052717310332222156
200,2,00000000000000000384,built_loss,18.617844611395565,0.5826949178382731,0.03573292673554984
200,2,0000000000000000039e,built_loss,8.918038685135636,0.49414527676796705,0.0419210785038332
200,2,000000000000000003a1,built_loss,20.281581066564737,0.6160283645214796,0.059093519038554754
200,2,000000000000000003a5,built_loss,25.26227554385782,0.40367944965475855,0.08190106644085904
200,2,000000000000000003b7,built_loss,17.629048692066792,0.49060407339562506,0.028038256795238914
200,2,000000000000000003bf,built_loss,56.90557092463486,0.5342655540835044,0.04537824774411692
200,2,000000000000000003f8,built_loss,6.921457787154262,0.22322765067025102,0.027588278513445863
200,2,000000000000000003fa,built_loss,56.941510298311094,0.41636580723592326,0.04589386049556987
200,2,00000000000000000407,built_loss,51.35506162726907,0.5585889054061548,0.05818577547863857
200,2,0000000000000000040f,built_loss,33.5463938414173,0.5215232277956281,0.02225024237405726
200,2,00000000000000000426,built_loss,35.476004805728515,0.566311052776416,0.04245699564177363
200,2,0000000000000000042b,built_loss,42.238474763226755,0.5657546229617553,0.05243724242508707
200,2,00000000000000000442,built_loss,4.034195054337241,0.3537968879039432,0.19169670133380307
200,2,00000000000000000465,built_loss,54.39720342525366,0.6317561665322977,0.049920739229688094
200,2,0000000000000000047e,built_loss,21.210842444014546,0.5315350409246051,0.044055435862861536
200,2,000000000000000004c0,built_loss,45.662400145670155,0.6464726745294347,0.04169643508757337
200,2,000000000000000004c5,built_loss,14.042721457670467,0.584661907907965,0.06301199254958278
200,2,000000000000000004d9,built_loss,44.41410684962581,0.5543945183555384,0.03565276027623676
200,2,000000000000000004eb,built_loss,56.372063523376966,0.44811746526554375,0.029472413521537344
200,2,000000000000000004f5,built_loss,8.745475141862055,0.47614290455920577,0.05484255903790841
200,2,000000000000000004f7,built_loss,8.427528098360845,0.47615944420434136,0.02537215851636987
200,2,000000000000000004fe,built_loss,17.374674152776148,0.50085794271182,0.026257196241474157
200,2,0000000000000000051d,built_loss,24.283889310692594,0.4947551431473503,0.15969055244958358
200,2,00000000000000000559,built_loss,44.387035403446546,0.6880400735118792,0.053592997564122946
200,2,00000000000000000576,built_loss,8.922351858071034,0.2735494574446032,0.048759809890833006
200,2,00000000000000000577,built_loss,10.445254607258159,0.47355598156254,0.07709473854866128
200,2,0000000000000000057f,built_loss,2.330166673670194,0.40102456450434465,0.047275662606376
200,2,00000000000000000594,built_loss,23.87096977697305,0.5214212349665552,0.15020143282058201
200,2,000000000000000005bf,built_loss,30.936324271791843,0.3998992798552043,0.03952727571907916
200,2,000000000000000005cc,built_loss,11.0588701387788,0.3558345094694623,0.03061410080443472
200,2,000000000000000005de,built_loss,38.15389943289827,0.43630504145346294,0.025112057078012506
200,2,000000000000000005e7,built_loss,46.63681143011093,0.6417234180681689,0.07263455583231804
200,2,000000000000000005f9,built_loss,17.76382038218072,0.6554622415250153,0.06716385496468913
200,2,0000000000000000061c,built_loss,21.4889012923128,0.4038550624813583,0.042761472510101095
200,2,00000000000000000626,built_loss,36.09074297158648,0.49207806909349017,0.03606819950806883
200,2,0000000000000000062a,built_loss,43.71490755963889,0.568098650094264,0.046471283450221446
200,2,00000000000000000636,built_loss,24.68481529748078,0.47971328089039633,0.1257354840966513
200,2,0000000000000000064a,built_loss,3.533009470872137,0.29691333769025263,0.029234502425221964
200,2,0000000000000000064d,built_loss,14.792587402943848,0.43844310969216416,0.05380223205288098
200,2,00000000000000000694,built_loss,30.398994453928726,0.3717281146816144,0.02802611278825662
200,2,0000000000000000069d,built_loss,46.47873951182743,0.6518098782044757,0.055177553463469864
200,2,000000000000000006b7,built_loss,32.29581806163519,0.46390951812002795,0.03670446996118898
200,2,000000000000000006df,built_loss,19.38884435761397,0.23220487254214778,0.06820102923193544
200,2,000000000000000006e3,built_loss,32.197287182149886,0.40342154653531137,0.06833729563886848
200,2,00000000000000000011,crop_loss,49.89263769018851,0.7962915912655607,0.2974647170570457
200,2,0000000000000000002b,crop_loss,52.561201879238226,0.18039942347623822,0.07342958331166008
200,2,0000000000000000003a,crop_loss,49.77188383612084,0.2979624304783811,0.06392312673716188
200,2,0000000000000000009b,crop_loss,17.927832232310223,0.4960188760814392,0.011060725827368445
200,2,000000000000000000a8,crop_loss,30.983413628089163,0.20646658496291706,0.029704390540231745
200,2,000000000000000000da,crop_loss,30.489625875891708,0.7541763210677107,0.034042146264847584
200,2,000000000000000000e3,crop_loss,62.43025407973037,0.48993449655631904,0.05251041512509963
200,2,000000000000000000e9,crop_loss,5.1316969090023,0.42383655063892317,0.07738508340359784
200,2,0000000000000000011b,crop_loss,34.02707891814305,0.48275000469604595,0.027200074060096058
200,2,00000000000000000128,crop_loss,37.07286800187953,0.5449227166502474,0.022699726391850472
200,2,0000000000000000016c,crop_loss,49.6921928874073,0.46630391823555883,0.06369021241209538
200,2,00000000000000000196,crop_loss,26.329369832262607,0.24372997107243588,0.03408043035611416
200,2,000000000000000001a6,crop_loss,43.07907383246976,0.29190758846318904,0.07814858781029
200,2,000000000000000001e4,crop_loss,47.036913198780326,0.4888354052965582,0.04641699882439759
200,2,000000000000000001f9,crop_loss,52.651711682308466,0.498182938519541,0.22496683657872668
200,2,00000000000000000228,crop_loss,29.59552951919802,0.5033729263863393,0.09992795535757487
200,2,0000000000000000028c,crop_loss,4.142256103598995,0.3004209818841105,0.042718896376250426
200,2,0000000000000000028d,crop_loss,31.42889582351054,0.6718811409128812,0.06332373921878875
200,2,00000000000000000291,crop_loss,16.751567502067385,0.8825576303620036,0.016273411119895775
200,2,000000000000000002c5,crop_loss,31.16626105763149,0.34158940555781814,0.07280633033883932
200,2,000000000000000002cc,crop_loss,19.252360857213443,0.3920532888734069,0.13577208356512938
200,2,000000000000000002dc,crop_loss,62.054272451521406,0.64676595678349,0.059789113269230754
200,2,000000000000000002e4,crop_loss,51.708297163920065,0.3118780459516474,0.058629914568006536
200,2,000000000000000002ec,crop_loss,57.75091610377931,0.4883083578670176,0.06987049494468855
200,2,00000000000000000314,crop_loss,35.00403527744967,0.09132639086077407,0.04482013087042172
200,2,00000000000000000335,crop_loss,58.43285241711917,0.47107522455768547,0.06298568789790732
200,2,0000000000000000033a,crop_loss,34.533726102403875,0.5140373546522389,0.06182900034568706
200,2,000000000000000003b0,crop_loss,57.56763104242879,0.20052943428079242,0.06894706593513175
200,2,000000000000000003f1,crop_loss,58.10343621083537,0.46850245932538875,0.06619504760484651
200,2,000000000000000003f2,crop_loss,42.02357542292793,0.4701966745357988,0.04712419526259026
200,2,0000000000000000044b,crop_loss,14.588870342092443,0.5633126809291097,0.031874782462348206
200,2,00000000000000000480,crop_loss,11.037920086397097,0.8618081497714292,0.04642625656244359
200,2,00000000000000000485,crop_loss,48.98681385740222,0.6982943261127356,0.029394370703462958
200,2,00000000000000000497,crop_loss,43.14364759320102,0.21622250647362018,0.06444773443388899
200,2,0000000000000000049b,crop_loss,45.29689321438989,0.35455583318008926,0.03448817116092601
200,2,000000000000000004a1,crop_loss,45.17715612982272,0.3527773178839155,0.05359756136339067
200,2,000000000000000004e7,crop_loss,29.72053125609413,0.4902547301433119,0.026479567321698594
200,2,000000000000000004e9,crop_loss,16.722769894500473,0.40278671803453503,0.13190170057164274
200,2,000000000000000004f9,crop_loss,50.987385696020496,0.3579097146426206,0.1246159894557749
200,2,00000000000000000517,crop_loss,33.12017389149318,0.2927744989209896,0.09186169707641756
200,2,00000000000000000538,crop_loss,1.0691114461425386,0.30402286397768347,0.03013599852808202
200,2,0000000000000000057e,crop_loss,4.403862285556196,0.5377704547533146,0.02606355032106722
200,2,000000000000000005d1,crop_loss,18.198881017403693,0.15122800186110796,0.050388028697286896
200,2,00000000000000000632,crop_loss,14.452601366871525,0.08154277328083473,0.019282928711494396
200,2,0000000000000000063e,crop_loss,56.72286512363899,0.30709101814858647,0.05509720481215147
200,2,00000000000000000655,crop_loss,35.586080024097754,0.49831877957148946,0.12916355829637838
200,2,00000000000000000697,crop_loss,64.59380445826886,0.6072982893442709,0.06247851265119031
200,2,00000000000000000698,crop_loss,21.205732495489517,0.42319412577851023,0.04566981099329359
200,2,000000000000000006a8,crop_loss,61.12511890408331,0.2977751201888123,0.06027099977194894
200,2,000000000000000006b4,crop_loss,56.97139446571128,0.5205949108190587,0.08779042656224784
200,2,000000000000000006be,crop_loss,15.003681530427585,0.3937102932027311,0.05268371048827203
200,2,000000000000000006c0,crop_loss,2.9425961068992783,0.19185583050534813,0.03817787434845729
200,2,000000000000000006cc,crop_loss,26.87614743303327,0.34380432894178714,0.03837160217285912
200,2,000000000000000006ce,crop_loss,25.4125949167211,0.5841973243144265,0.0996075103766656
200,2,000000000000000006d9,crop_loss,44.63118250597461,0.20403458435348143,0.04860291757168034
200,2,000000000000000006e5,crop_loss,54.078049115467664,0.5242702204156796,0.06951946054053554
200,2,00000000000000000151,built_loss,8.715958946714796,0.26295971863394507,0.035524855164552366
200,2,0000000000000000034d,built_loss,6.0370210624315845,0.40851321277295466,0.029985985228358825
200,2,000000000000000003c7,crop_loss,30.907120130383408,0.7288679748055807,0.05550995230422906
200,2,00000000000000000176,built_loss,28.41433185182483,0.657697684861151,0.03515841116663154
200,2,000000000000000003d2,built_loss,55.00654970622589,0.5959975707071276,0.07360962851946773
200,2,00000000000000000490,built_loss,60.1551275566381,0.6469253458653569,0.05836677260628842
200,2,000000000000000005ad,built_loss,41.86956878734959,0.6635452917828042,0.04446135796125006
200,2,00000000000000000624,built_loss,4.778307206699855,0.5068869168804584,0.06926916354909218
200,2,0000000000000000002d,crop_loss,58.97256793321394,0.47220524019051474,0.05252414803603833
200,2,0000000000000000009d,crop_loss,7.419292048057388,0.38109739426948014,0.05443501953683222
200,2,00000000000000000192,crop_loss,51.57868519918209,0.560785148962532,0.025941639664465055
200,2,000000000000000003c8,crop_loss,44.64358800183488,0.19494956779611586,0.03618937366028599
200,2,0000000000000000046c,crop_loss,55.73812798181474,0.5040883764301555,0.08866325145520237
200,2,00000000000000000483,crop_loss,12.378774432262196,0.6903182713228948,0.09540107892102778
200,2,000000000000000004ee,crop_loss,22.605733594157325,0.37965238974330306,0.12481600312039065
200,2,00000000000000000611,crop_loss,56.29459901754566,0.6547014304305223,0.05244452004196576
200,2,0000000000000000062f,crop_loss,53.995311656924024,0.5119844109299803,0.10600261123947402
200,3,00000000000000000085,built_loss,16.25286218611686,0.35991470256723596,0.06434319417271622
200,3,00000000000000000114,built_loss,31.705150358096635,0.6924485329739907,0.040919950107417
200,3,0000000000000000024c,built_loss,27.105533471815303,0.716761491495228,0.039431038294566845
200,3,00000000000000000375,built_loss,41.42521537216074,0.652664514092622,0.04751416628670968
200,3,000000000000000004d2,built_loss,33.38945874456917,0.5343465662098378,0.23643989864185727
200,3,000000000000000005bd,built_loss,4.989810296310314,0.557790824233098,0.05121806913787674
200,3,00000000000000000281,crop_loss,51.03617987715576,0.5210575056903117,0.0333267129159327
200,3,000000000000000003a2,crop_loss,33.48299628291497,0.33892274484211304,0.09266704829609657
200,3,00000000000000000001,built_loss,28.685038262335226,0.45934551357932574,0.04731590605392422
200,3,00000000000000000049,built_loss,4.635795245925816,0.48462975586773654,0.039979728785559776
200,3,0000000000000000004a,built_loss,11.947401070280314,0.4399635974690063,0.021873510351126946
200,3,0000000000000000004f,built_loss,43.60389900987812,0.4424675076364737,0.0723596599069653
200,3,0000000000000000005a,built_loss,35.08497876372715,0.44413708886590064,0.032448950578498226
200,3,00000000000000000079,built_loss,68.05375686727037,0.6269446109717035,0.06342814104042493
200,3,00000000000000000087,built_loss,57.662100462783656,0.6189161612199339,0.09283826224678626
200,3,000000000000000000a1,built_loss,9.28478320525362,0.4502189765178603,0.04164579905018534
200,3,000000000000000000b8,built_loss,10.898432788994965,0.5390706736081693,0.11501428901710259
200,3,000000000000000000c0,built_loss,41.608895314179826,0.6323537750954216,0.04452384899755735
200,3,000000000000000000e2,built_loss,20.01866910604358,0.3887760596565668,0.06571171820670374
200,3,000000000000000000f0,built_loss,35.59111188153871,0.6800571723317154,0.06821996691416621
200,3,000000000000000000f8,built_loss,53.49478287739416,0.5340598044969568,0.059342138338610795
200,3,0000000000000000011c,built_loss,7.236914728656569,0.728280888669927,0.035043810710209566
200,3,00000000000000000161,built_loss,45.208269577083385,0.6558809060800027,0.0507049104202113
200,3,0000000000000000016a,built_loss,9.00249698385874,0.24091558459698398,0.05005494161926552
200,3,000000000000000001a8,built_loss,57.80187103223875,0.5502024405018302,0.05727285293183271
200,3,000000000000000001be,built_loss,6.083489526824315,0.5212819741231616,0.061769340043966614
200,3,000000000000000001cd,built_loss,56.55068091429692,0.7655650486114141,0.063963647471322
200,3,000000000000000001e5,built_loss,20.951010188330258,0.5687660957226895,0.06574195528278914
200,3,00000000000000000206,built_loss,47.41315088699142,0.7216670298387968,0.05380643635212057
200,3,00000000000000000209,built_loss,61.654488421061316,0.6304462100330996,0.0754983789636604
200,3,00000000000000000231,built_loss,56.34135428697878,0.5335142436243089,0.060886708028373926
200,3,0000000000000000026d,built_loss,32.23377566901286,0.593458647088699,0.05585759867744222
200,3,00000000000000000278,built_loss,43.71253136157266,0.7629522964853369,0.0686592914273404
200,3,00000000000000000293,built_loss,31.935663658846654,0.485809108569529,0.06337255127313868
200,3,000000000000000002a4,built_loss,11.040841529121796,0.4096343217633991,0.040540232927138875
200,3,00000000000000000316,built_loss,2.02894773048345,0.12294446523545764,0.011352657122607399
200,3,00000000000000000356,built_loss,42.69806701702842,0.5406531317246686,0.09172287795727024
200,3,00000000000000000362,built_loss,54.19445779555362,0.5648568748492845,0.05441836653635712
200,3,00000000000000000363,built_loss,29.096575392862146,0.24986551374927696,0.03500146495178494
200,3,00000000000000000364,built_loss,60.5492360475049,0.6307737856913465,0.05522874293810609
200,3,00000000000000000380,built_loss,35.69393543595332,0.5018639442758772,0.05160592696387212
200,3,00000000000000000384,built_loss,18.61784461139556,0.5826949178382731,0.039512033876245134
200,3,0000000000000000039e,built_loss,8.918038685135635,0.49414527676796705,0.04287807252989578
200,3,000000000000000003a1,built_loss,20.281581066564733,0.6160283645214796,0.056156284115652766
200,3,000000000000000003a5,built_loss,25.262275543857825,0.40367944965475855,0.08102302131362632
200,3,000000000000000003b7,built_loss,17.629048692066792,0.49060407339562506,0.027199402240939585
200,3,000000000000000003bf,built_loss,56.90557092463486,0.5342655540835044,0.04197566599869995
200,3,000000000000000003f8,built_loss,6.921457787154263,0.22322765067025102,0.02555084060485638
200,3,000000000000000003fa,built_loss,56.941510298311094,0.41636580723592326,0.046302489058684004
200,3,00000000000000000407,built_loss,51.355061627269066,0.5585889054061548,0.05709863622254774
200,3,0000000000000000040f,built_loss,33.546393841417306,0.5215232277956281,0.020461855359008352
200,3,00000000000000000426,built_loss,35.476004805728515,0.566311052776416,0.04357689344649318
200,3,0000000000000000042b,built_loss,42.238474763226755,0.5657546229617553,0.04837186435970109
200,3,00000000000000000442,built_loss,4.034195054337241,0.3537968879039432,0.1612685778007621
200,3,00000000000000000465,built_loss,54.39720342525366,0.6317561665322977,0.05325770655513529
200,3,0000000000000000047e,built_loss,21.210842444014546,0.5315350409246051,0.04408089470238197
200,3,000000000000000004c0,built_loss,45.662400145670155,0.6464726745294347,0.04515972295741322
200,3,000000000000000004c5,built_loss,14.042721457670467,0.584661907907965,0.059713406035140526
200,3,000000000000000004d9,built_loss,44.4141068496258,0.5543945183555384,0.03622609189170256
200,3,000000000000000004eb,built_loss,56.37206352337695,0.44811746526554375,0.027574069585439953
200,3,000000000000000004f5,built_loss,8.745475141862054,0.47614290455920577,0.05559832934410952
200,3,000000000000000004f7,built_loss,8.427528098360845,0.47615944420434136,0.023636713391192277
200,3,000000000000000004fe,built_loss,17.374674152776148,0.50085794271182,0.02556304485258415
200,3,0000000000000000051d,built_loss,24.283889310692594,0.4947551431473503,0.1521885898465571
200,3,00000000000000000559,built_loss,44.38703540344654,0.6880400735118792,0.05401146249410549
200,3,00000000000000000576,built_loss,8.922351858071034,0.2735494574446032,0.04588132949984411
200,3,00000000000000000577,built_loss,10.445254607258159,0.47355598156254,0.07609265452855635
200,3,0000000000000000057f,built_loss,2.330166673670194,0.40102456450434465,0.048969018755457394
200,3,00000000000000000594,built_loss,23.87096977697305,0.5214212349665552,0.1467278806940137
200,3,000000000000000005bf,built_loss,30.936324271791843,0.3998992798552043,0.038738574624600175
200,3,000000000000000005cc,built_loss,11.058870138778799,0.3558345094694623,0.027307698881501974
200,3,000000000000000005de,built_loss,38.15389943289827,0.43630504145346294,0.023856290232355915
200,3,000000000000000005e7,built_loss,46.63681143011094,0.6417234180681689,0.07696100479036083
200,3,000000000000000005f9,built_loss,17.763820382180718,0.6554622415250153,0.06712289974689867
200,3,0000000000000000061c,built_loss,21.488901292312796,0.4038550624813583,0.04533061775649083
200,3,00000000000000000626,built_loss,36.09074297158647,0.49207806909349017,0.037577915186119415
200,3,0000000000000000062a,built_loss,43.71490755963889,0.568098650094264,0.04703531502748193
200,3,00000000000000000636,built_loss,24.684815297480785,0.47971328089039633,0.13167068812808896
200,3,0000000000000000064a,built_loss,3.533009470872137,0.29691333769025263,0.029286572961604973
200,3,0000000000000000064d,built_loss,14.792587402943848,0.43844310969216416,0.05225579381652812
200,3,00000000000000000694,built_loss,30.398994453928722,0.3717281146816144,0.028164080966327498
200,3,0000000000000000069d,built_loss,46.47873951182743,0.6518098782044757,0.04832360176432615
200,3,000000000000000006b7,built_loss,32.29581806163519,0.46390951812002795,0.036949490836881094
200,3,000000000000000006df,built_loss,19.38884435761397,0.23220487254214778,0.06067371044948461
200,3,000000000000000006e3,built_loss,32.197287182149886,0.40342154653531137,0.062018623757287616
200,3,00000000000000000011,crop_loss,49.892637690188515,0.7962915912655607,0.30427176663454236
200,3,0000000000000000002b,crop_loss,52.561201879238226,0.18039942347623822,0.07754378417042312
200,3,0000000000000000003a,crop_loss,49.77188383612084,0.2979624304783811,0.06127080261203477
200,3,0000000000000000009b,crop_loss,17.927832232310223,0.4960188760814392,0.01067961931775635
200,3,000000000000000000a8,crop_loss,30.98341362808916,0.20646658496291706,0.028552980683046097
200,3,000000000000000000da,crop_loss,30.48962587589171,0.7541763210677107,0.038040928179919
200,3,000000000000000000e3,crop_loss,62.43025407973037,0.48993449655631904,0.060969347204561486
200,3,000000000000000000e9,crop_loss,5.131696909002301,0.42383655063892317,0.07816863560106363
200,3,0000000000000000011b,crop_loss,34.02707891814305,0.48275000469604595,0.027545465226199273
200,3,00000000000000000128,crop_loss,37.07286800187953,0.5449227166502474,0.020761856432185644
200,3,0000000000000000016c,crop_loss,49.692192887407295,0.46630391823555883,0.06206472485157255
200,3,00000000000000000196,crop_loss,26.329369832262607,0.24372997107243588,0.036567782672250526
200,3,000000000000000001a6,crop_loss,43.07907383246977,0.29190758846318904,0.08163167372757077
200,3,000000000000000001e4,crop_loss,47.03691319878032,0.4888354052965582,0.04585488581805125
200,3,000000000000000001f9,crop_loss,52.65171168230846,0.498182938519541,0.23791087053547355
200,3,00000000000000000228,crop_loss,29.59552951919802,0.5033729263863393,0.10219108706593899
200,3,0000000000000000028c,crop_loss,4.142256103598995,0.3004209818841105,0.047306732666181905
200,3,0000000000000000028d,crop_loss,31.42889582351054,0.6718811409128812,0.05663736843793965
200,3,00000000000000000291,crop_loss,16.751567502067385,0.8825576303620036,0.01757260240050773
200,3,000000000000000002c5,crop_loss,31.166261057631488,0.34158940555781814,0.07209876928234199
200,3,000000000000000002cc,crop_loss,19.252360857213443,0.3920532888734069,0.1298003977488188
200,3,000000000000000002dc,crop_loss,62.054272451521406,0.64676595678349,0.05271212716014906
200,3,000000000000000002e4,crop_loss,51.708297163920065,0.3118780459516474,0.05595420089111902
200,3,000000000000000002ec,crop_loss,57.7509161037793,0.4883083578670176,0.07263515903294654
200,3,00000000000000000314,crop_loss,35.00403527744967,0.09132639086077407,0.05018042323339793
200,3,00000000000000000335,crop_loss,58.43285241711917,0.47107522455768547,0.05875502241144781
200,3,0000000000000000033a,crop_loss,34.533726102403875,0.5140373546522389,0.055022270869592216
200,3,000000000000000003b0,crop_loss,57.5676310424288,0.20052943428079242,0.061408182339709794
200,3,000000000000000003f1,crop_loss,58.10343621083537,0.46850245932538875,0.061293105544104554
200,3,000000000000000003f2,crop_loss,42.02357542292793,0.4701966745357988,0.05311762361876682
200,3,0000000000000000044b,crop_loss,14.588870342092443,0.5633126809291097,0.029476026978914938
200,3,00000000000000000480,crop_loss,11.037920086397097,0.8618081497714292,0.05333546160639402
200,3,00000000000000000485,crop_loss,48.98681385740222,0.6982943261127356,0.0322288298145037
200,3,00000000000000000497,crop_loss,43.14364759320102,0.21622250647362018,0.05977526324934582
200,3,0000000000000000049b,crop_loss,45.2968932143899,0.35455583318008926,0.03502037152578724
200,3,000000000000000004a1,crop_loss,45.17715612982272,0.3527773178839155,0.05100010941328681
200,3,000000000000000004e7,crop_loss,29.72053125609413,0.4902547301433119,0.027092881885827536
200,3,000000000000000004e9,crop_loss,16.722769894500473,0.40278671803453503,0.1264812998312546
200,3,000000000000000004f9,crop_loss,50.9873856960205,0.3579097146426206,0.12713095422034681
200,3,00000000000000000517,crop_loss,33.12017389149318,0.2927744989209896,0.08839721240764528
200,3,00000000000000000538,crop_loss,1.0691114461425386,0.30402286397768347,0.028068327069726007
200,3,0000000000000000057e,crop_loss,4.403862285556196,0.5377704547533146,0.02670025205664317
200,3,000000000000000005d1,crop_loss,18.198881017403693,0.15122800186110796,0.047931389126985136
200,3,00000000000000000632,crop_loss,14.452601366871521,0.08154277328083473,0.02023328028932858
200,3,0000000000000000063e,crop_loss,56.72286512363899,0.30709101814858647,0.05842435898094245
200,3,00000000000000000655,crop_loss,35.58608002409776,0.49831877957148946,0.1393443083723478
200,3,00000000000000000697,crop_loss,64.59380445826888,0.6072982893442709,0.06191161082960239
200,3,00000000000000000698,crop_loss,21.205732495489517,0.42319412577851023,0.04817309928627467
200,3,000000000000000006a8,crop_loss,61.12511890408331,0.2977751201888123,0.0593197701801258
200,3,000000000000000006b4,crop_loss,56.97139446571128,0.5205949108190587,0.0899673936897315
200,3,000000000000000006be,crop_loss,15.003681530427585,0.3937102932027311,0.049355735639947385
200,3,000000000000000006c0,crop_loss,2.942596106899278,0.19185583050534813,0.04022257571931673
200,3,000000000000000006cc,crop_loss,26.87614743303327,0.34380432894178714,0.037563707731147256
200,3,000000000000000006ce,crop_loss,25.412594916721098,0.5841973243144265,0.10180749167879666
200,3,000000000000000006d9,crop_loss,44.631182505974614,0.20403458435348143,0.04647690263186097
200,3,000000000000000006e5,crop_loss,54.078049115467664,0.5242702204156796,0.07340590036633582
200,3,00000000000000000151,built_loss,8.715958946714796,0.26295971863394507,0.03426152453084144
200,3,0000000000000000034d,built_loss,6.0370210624315845,0.40851321277295466,0.03020206591618463
200,3,000000000000000003c7,crop_loss,30.907120130383408,0.7288679748055807,0.05740686165818398
200,3,00000000000000000176,built_loss,28.41433185182483,0.657697684861151,0.03510165059671444
200,3,000000000000000003d2,built_loss,55.00654970622589,0.5959975707071276,0.07207537227036509
200,3,00000000000000000490,built_loss,60.15512755663809,0.6469253458653569,0.05360490283092012
200,3,000000000000000005ad,built_loss,41.869568787349586,0.6635452917828042,0.05103705635735434
200,3,00000000000000000624,built_loss,4.778307206699855,0.5068869168804584,0.0662390582289451
200,3,0000000000000000002d,crop_loss,58.97256793321394,0.47220524019051474,0.05564257871900247
200,3,0000000000000000009d,crop_loss,7.419292048057386,0.38109739426948014,0.05443591828009292
200,3,00000000000000000192,crop_loss,51.57868519918209,0.560785148962532,0.026662403251374256
200,3,000000000000000003c8,crop_loss,44.64358800183488,0.19494956779611586,0.03287026877879379
200,3,0000000000000000046c,crop_loss,55.73812798181475,0.5040883764301555,0.09110070375252466
200,3,00000000000000000483,crop_loss,12.378774432262198,0.6903182713228948,0.0956088595000818
200,3,000000000000000004ee,crop_loss,22.60573359415733,0.37965238974330306,0.12340072940272662
200,3,00000000000000000611,crop_loss,56.29459901754566,0.6547014304305223,0.04867992227344142
200,3,0000000000000000062f,crop_loss,53.995311656924024,0.5119844109299803,0.10037688632884062
200,4,00000000000000000085,built_loss,16.25286218611686,0.35991470256723596,0.06947462842829388
200,4,00000000000000000114,built_loss,31.70515035809664,0.6924485329739907,0.04789790253123816
200,4,0000000000000000024c,built_loss,27.105533471815303,0.716761491495228,0.04615086908366739
200,4,00000000000000000375,built_loss,41.42521537216074,0.652664514092622,0.053686041818817976
200,4,000000000000000004d2,built_loss,33.38945874456917,0.5343465662098378,0.22592925837490407
200,4,000000000000000005bd,built_loss,4.989810296310314,0.557790824233098,0.05505035358804755
200,4,00000000000000000281,crop_loss,51.03617987715576,0.5210575056903117,0.0337254160871171
200,4,000000000000000003a2,crop_loss,33.48299628291497,0.33892274484211304,0.09088987232896989
200,4,00000000000000000001,built_loss,28.685038262335233,0.45934551357932574,0.04463866820510087
200,4,00000000000000000049,built_loss,4.635795245925816,0.48462975586773654,0.03812229425426583
200,4,0000000000000000004a,built_loss,11.947401070280314,0.4399635974690063,0.021712798571697833
200,4,0000000000000000004f,built_loss,43.60389900987813,0.4424675076364737,0.07525385992454187
200,4,0000000000000000005a,built_loss,35.08497876372715,0.44413708886590064,0.03177402012189462
200,4,00000000000000000079,built_loss,68.05375686727035,0.6269446109717035,0.06204696792498321
200,4,00000000000000000087,built_loss,57.66210046278364,0.6189161612199339,0.10048687981063753
200,4,000000000000000000a1,built_loss,9.28478320525362,0.4502189765178603,0.04311266584229989
200,4,000000000000000000b8,built_loss,10.898432788994965,0.5390706736081693,0.10917077313148232
200,4,000000000000000000c0,built_loss,41.608895314179826,0.6323537750954216,0.04367377114883031
200,4,000000000000000000e2,built_loss,20.01866910604358,0.3887760596565668,0.06122915785001204
200,4,000000000000000000f0,built_loss,35.59111188153871,0.6800571723317154,0.07496692894012524
200,4,000000000000000000f8,built_loss,53.49478287739416,0.5340598044969568,0.06953587429928343
200,4,0000000000000000011c,built_loss,7.2369147286565685,0.728280888669927,0.03256194364423837
200,4,00000000000000000161,built_loss,45.208269577083385,0.6558809060800027,0.052874815917156814
200,4,0000000000000000016a,built_loss,9.00249698385874,0.24091558459698398,0.05160620710877384
200,4,000000000000000001a8,built_loss,57.801871032238736,0.5502024405018302,0.05773190531613048
200,4,000000000000000001be,built_loss,6.083489526824316,0.5212819741231616,0.061425576487967926
200,4,000000000000000001cd,built_loss,56.55068091429692,0.7655650486114141,0.06643203012029242
200,4,000000000000000001e5,built_loss,20.951010188330255,0.5687660957226895,0.059743111358740664
200,4,00000000000000000206,built_loss,47.413150886991424,0.7216670298387968,0.062350660673810454
200,4,00000000000000000209,built_loss,61.65448842106131,0.6304462100330996,0.07666082181092948
200,4,00000000000000000231,built_loss,56.34135428697878,0.5335142436243089,0.0587729251307082
200,4,0000000000000000026d,built_loss,32.233775669012864,0.593458647088699,0.05410178064519777
200,4,00000000000000000278,built_loss,43.71253136157266,0.7629522964853369,0.06747720512017863
200,4,00000000000000000293,built_loss,31.93566365884666,0.485809108569529,0.0630083618487789
200,4,000000000000000002a4,built_loss,11.040841529121796,0.4096343217633991,0.037374482299872946
200,4,00000000000000000316,built_loss,2.0289477304834502,0.12294446523545764,0.014696991287061742
200,4,00000000000000000356,built_loss,42.69806701702842,0.5406531317246686,0.08416495287802894
200,4,00000000000000000362,built_loss,54.19445779555362,0.5648568748492845,0.05201246996755804
200,4,00000000000000000363,built_loss,29.096575392862146,0.24986551374927696,0.0360047680620246
200,4,00000000000000000364,built_loss,60.5492360475049,0.6307737856913465,0.06322165249316192
200,4,00000000000000000380,built_loss,35.69393543595332,0.5018639442758772,0.05020883711160884
200,4,00000000000000000384,built_loss,18.617844611395565,0.5826949178382731,0.03970563128685611
200,4,0000000000000000039e,built_loss,8.918038685135636,0.49414527676796705,0.04257238896093074
200,4,000000000000000003a1,built_loss,20.281581066564737,0.6160283645214796,0.05237448148079482
200,4,000000000000000003a5,built_loss,25.26227554385782,0.40367944965475855,0.07677389647185268
200,4,000000000000000003b7,built_loss,17.629048692066792,0.49060407339562506,0.027879289651989048
200,4,000000000000000003bf,built_loss,56.90557092463486,0.5342655540835044,0.044739660123488956
200,4,000000000000000003f8,built_loss,6.921457787154262,0.22322765067025102,0.028152585051441387
200,4,000000000000000003fa,built_loss,56.94151029831111,0.41636580723592326,0.04525645324017158
200,4,00000000000000000407,built_loss,51.355061627269066,0.5585889054061548,0.06303332409725981
200,4,0000000000000000040f,built_loss,33.5463938414173,0.5215232277956281,0.022631002623765495
200,4,00000000000000000426,built_loss,35.476004805728515,0.566311052776416,0.044291007907424684
200,4,0000000000000000042b,built_loss,42.238474763226755,0.5657546229617553,0.051913645972110345
200,4,00000000000000000442,built_loss,4.034195054337241,0.3537968879039432,0.16650315873793148
200,4,00000000000000000465,built_loss,54.397203425253664,0.6317561665322977,0.05294679164658189
200,4,0000000000000000047e,built_loss,21.210842444014546,0.5315350409246051,0.04310049796839299
200,4,000000000000000004c0,built_loss,45.66240014567015,0.6464726745294347,0.042514930010462915
200,4,000000000000000004c5,built_loss,14.042721457670467,0.584661907907965,0.05783524099951143
200,4,000000000000000004d9,built_loss,44.4141068496258,0.5543945183555384,0.039894305165577126
200,4,000000000000000004eb,built_loss,56.37206352337695,0.44811746526554375,0.0297653929868551
200,4,000000000000000004f5,built_loss,8.745475141862055,0.47614290455920577,0.052885154359732234
200,4,000000000000000004f7,built_loss,8.427528098360844,0.47615944420434136,0.024718981689063224
200,4,000000000000000004fe,built_loss,17.374674152776148,0.50085794271182,0.02537246253560088
200,4,0000000000000000051d,built_loss,24.283889310692594,0.4947551431473503,0.13567513736470704
200,4,00000000000000000559,built_loss,44.387035403446546,0.6880400735118792,0.054529315424421854
200,4,00000000000000000576,built_loss,8.922351858071034,0.2735494574446032,0.049447810862519315
200,4,00000000000000000577,built_loss,10.445254607258159,0.47355598156254,0.08509554665020053
200,4,0000000000000000057f,built_loss,2.3301666736701945,0.40102456450434465,0.044615848319594476
200,4,00000000000000000594,built_loss,23.87096977697305,0.5214212349665552,0.15096629496998337
200,4,000000000000000005bf,built_loss,30.936324271791843,0.3998992798552043,0.03754338361717696
200,4,000000000000000005cc,built_loss,11.058870138778799,0.3558345094694623,0.030493493384137482
200,4,000000000000000005de,built_loss,38.15389943289827,0.43630504145346294,0.025908314736997617
200,4,000000000000000005e7,built_loss,46.636811430110946,0.6417234180681689,0.07268457941780726
200,4,000000000000000005f9,built_loss,17.76382038218072,0.6554622415250153,0.06148934799913974
200,4,0000000000000000061c,built_loss,21.488901292312796,0.4038550624813583,0.043507632718963685
200,4,00000000000000000626,built_loss,36.09074297158648,0.49207806909349017,0.03561877930386009
200,4,0000000000000000062a,built_loss,43.71490755963889,0.568098650094264,0.0392475659524637
200,4,00000000000000000636,built_loss,24.68481529748078,0.47971328089039633,0.12458882145809697
200,4,0000000000000000064a,built_loss,3.533009470872137,0.29691333769025263,0.029392683717720747
200,4,0000000000000000064d,built_loss,14.792587402943848,0.43844310969216416,0.051208298704078614
200,4,00000000000000000694,built_loss,30.398994453928726,0.3717281146816144,0.025751114607095227
200,4,0000000000000000069d,built_loss,46.47873951182743,0.6518098782044757,0.049668759707303445
200,4,000000000000000006b7,built_loss,32.29581806163518,0.46390951812002795,0.030998212809628667
200,4,000000000000000006df,built_loss,19.38884435761397,0.23220487254214778,0.05971563931682922
200,4,000000000000000006e3,built_loss,32.197287182149886,0.40342154653531137,0.06683064507905828
200,4,00000000000000000011,crop_loss,49.892637690188515,0.7962915912655607,0.2880398865008269
200,4,0000000000000000002b,crop_loss,52.561201879238226,0.18039942347623822,0.07304347324487617
200,4,0000000000000000003a,crop_loss,49.77188383612084,0.2979624304783811,0.06449188398782663
200,4,0000000000000000009b,crop_loss,17.927832232310227,0.4960188760814392,0.011270107946760366
200,4,000000000000000000a8,crop_loss,30.98341362808916,0.20646658496291706,0.028745535163950175
200,4,000000000000000000da,crop_loss,30.48962587589171,0.7541763210677107,0.03866436715588384
200,4,000000000000000000e3,crop_loss,62.43025407973037,0.48993449655631904,0.05423859884429527
200,4,000000000000000000e9,crop_loss,5.131696909002301,0.42383655063892317,0.07787461268617513
200,4,0000000000000000011b,crop_loss,34.02707891814305,0.48275000469604595,0.026302227158668146
200,4,00000000000000000128,crop_loss,37.07286800187953,0.5449227166502474,0.020550494067754332
200,4,0000000000000000016c,crop_loss,49.692192887407295,0.46630391823555883,0.06778426143531258
200,4,00000000000000000196,crop_loss,26.329369832262604,0.24372997107243588,0.037527854225666984
200,4,000000000000000001a6,crop_loss,43.07907383246976,0.29190758846318904,0.07373939351047637
200,4,000000000000000001e4,crop_loss,47.036913198780326,0.4888354052965582,0.04553894362061295
200,4,000000000000000001f9,crop_loss,52.651711682308466,0.498182938519541,0.23361096756055205
200,4,00000000000000000228,crop_loss,29.59552951919802,0.5033729263863393,0.10755190636762757
200,4,0000000000000000028c,crop_loss,4.142256103598996,0.3004209818841105,0.04362142679025938
200,4,0000000000000000028d,crop_loss,31.428895823510526,0.6718811409128812,0.055194781098670265
200,4,00000000000000000291,crop_loss,16.75156750206738,0.8825576303620036,0.01587289867109576
200,4,000000000000000002c5,crop_loss,31.166261057631488,0.34158940555781814,0.07302084221019667
200,4,000000000000000002cc,crop_loss,19.252360857213443,0.3920532888734069,0.13540523475854654
200,4,000000000000000002dc,crop_loss,62.05427245152139,0.64676595678349,0.060507613253362846
200,4,000000000000000002e4,crop_loss,51.708297163920065,0.3118780459516474,0.051878282627381034
200,4,000000000000000002ec,crop_loss,57.7509161037793,0.4883083578670176,0.06746804064414624
200,4,00000000000000000314,crop_loss,35.004035277449674,0.09132639086077407,0.049940446659250175
200,4,00000000000000000335,crop_loss,58.43285241711917,0.47107522455768547,0.057080012011301584
200,4,0000000000000000033a,crop_loss,34.533726102403875,0.5140373546522389,0.0562780278543098
200,4,000000000000000003b0,crop_loss,57.5676310424288,0.20052943428079242,0.06182606982276895
200,4,000000000000000003f1,crop_loss,58.10343621083537,0.46850245932538875,0.06208749154513438
200,4,000000000000000003f2,crop_loss,42.023575422927934,0.4701966745357988,0.047853691403932586
200,4,0000000000000000044b,crop_loss,14.588870342092443,0.5633126809291097,0.030570078931465572
200,4,00000000000000000480,crop_loss,11.037920086397095,0.8618081497714292,0.05097143864040543
200,4,00000000000000000485,crop_loss,48.98681385740221,0.6982943261127356,0.029024619704848376
200,4,00000000000000000497,crop_loss,43.14364759320102,0.21622250647362018,0.06019558700957239
200,4,0000000000000000049b,crop_loss,45.296893214389904,0.35455583318008926,0.03522409541894178
200,4,000000000000000004a1,crop_loss,45.17715612982273,0.3527773178839155,0.052785863503989006
200,4,000000000000000004e7,crop_loss,29.72053125609413,0.4902547301433119,0.028588340885899566
200,4,000000000000000004e9,crop_loss,16.722769894500473,0.40278671803453503,0.12680604775070026
200,4,000000000000000004f9,crop_loss,50.9873856960205,0.3579097146426206,0.12772550151774037
200,4,00000000000000000517,crop_loss,33.12017389149318,0.2927744989209896,0.09220097038028488
200,4,00000000000000000538,crop_loss,1.0691114461425386,0.30402286397768347,0.029967840843493687
200,4,0000000000000000057e,crop_loss,4.403862285556196,0.5377704547533146,0.024159017607712996
200,4,000000000000000005d1,crop_loss,18.198881017403696,0.15122800186110796,0.05340392146351214
200,4,00000000000000000632,crop_loss,14.452601366871523,0.08154277328083473,0.02072577119124068
200,4,0000000000000000063e,crop_loss,56.72286512363899,0.30709101814858647,0.05576318341355169
200,4,00000000000000000655,crop_loss,35.58608002409776,0.49831877957148946,0.13433979237941124
200,4,00000000000000000697,crop_loss,64.59380445826888,0.6072982893442709,0.06093417063620832
200,4,00000000000000000698,crop_loss,21.205732495489517,0.42319412577851023,0.04144764512788901
200,4,000000000000000006a8,crop_loss,61.12511890408331,0.2977751201888123,0.06507397208335969
200,4,000000000000000006b4,crop_loss,56.97139446571128,0.5205949108190587,0.08497476166802342
200,4,000000000000000006be,crop_loss,15.003681530427585,0.3937102932027311,0.04849059196182537
200,4,000000000000000006c0,crop_loss,2.9425961068992783,0.19185583050534813,0.03871636976199366
200,4,000000000000000006cc,crop_loss,26.87614743303327,0.34380432894178714,0.03789130852555711
200,4,000000000000000006ce,crop_loss,25.412594916721098,0.5841973243144265,0.10146604761380063
200,4,000000000000000006d9,crop_loss,44.63118250597461,0.20403458435348143,0.047686475078675156
200,4,000000000000000006e5,crop_loss,54.078049115467664,0.5242702204156796,0.0670362197425231
200,4,00000000000000000151,built_loss,8.715958946714798,0.26295971863394507,0.03368855559842057
200,4,0000000000000000034d,built_loss,6.037021062431584,0.40851321277295466,0.028745019665973648
200,4,000000000000000003c7,crop_loss,30.907120130383408,0.7288679748055807,0.05803226178628951
200,4,00000000000000000176,built_loss,28.41433185182483,0.657697684861151,0.03726140556740121
200,4,000000000000000003d2,built_loss,55.00654970622589,0.5959975707071276,0.07274858320080424
200,4,00000000000000000490,built_loss,60.1551275566381,0.6469253458653569,0.05786679195233224
200,4,000000000000000005ad,built_loss,41.86956878734959,0.6635452917828042,0.04861167498849894
200,4,00000000000000000624,built_loss,4.778307206699855,0.5068869168804584,0.0655742461748886
200,4,0000000000000000002d,crop_loss,58.97256793321395,0.47220524019051474,0.05068817987569241
200,4,0000000000000000009d,crop_loss,7.419292048057388,0.38109739426948014,0.05315685445435697
200,4,00000000000000000192,crop_loss,51.57868519918209,0.560785148962532,0.025858819540016342
200,4,000000000000000003c8,crop_loss,44.64358800183488,0.19494956779611586,0.03268021322216172
200,4,0000000000000000046c,crop_loss,55.73812798181475,0.5040883764301555,0.09162603627946758
200,4,00000000000000000483,crop_loss,12.378774432262198,0.6903182713228948,0.09196391183605379
200,4,000000000000000004ee,crop_loss,22.605733594157325,0.37965238974330306,0.13264229028883662
200,4,00000000000000000611,crop_loss,56.29459901754566,0.6547014304305223,0.049955419607324414
200,4,0000000000000000062f,crop_loss,53.995311656924024,0.5119844109299803,0.10031650551549842
200,5,00000000000000000085,built_loss,16.25286218611686,0.35991470256723596,0.06873332887845246
200,5,00000000000000000114,built_loss,31.705150358096635,0.6924485329739907,0.0435682964276598
200,5,0000000000000000024c,built_loss,27.105533471815303,0.716761491495228,0.03941979405086782
200,5,00000000000000000375,built_loss,41.42521537216074,0.652664514092622,0.05470061949808658
200,5,000000000000000004d2,built_loss,33.38945874456917,0.5343465662098378,0.24627872678733798
200,5,000000000000000005bd,built_loss,4.989810296310314,0.557790824233098,0.04961795907671274
200,5,00000000000000000281,crop_loss,51.03617987715576,0.5210575056903117,0.032721748939760986
200,5,000000000000000003a2,crop_loss,33.48299628291497,0.33892274484211304,0.0823587661243036
200,5,00000000000000000001,built_loss,28.685038262335233,0.45934551357932574,0.04097816362220735
200,5,00000000000000000049,built_loss,4.635795245925817,0.48462975586773654,0.033901654077225785
200,5,0000000000000000004a,built_loss,11.947401070280316,0.4399635974690063,0.02213674646599234
200,5,0000000000000000004f,built_loss,43.60389900987813,0.4424675076364737,0.0741864041336609
200,5,0000000000000000005a,built_loss,35.08497876372715,0.44413708886590064,0.0318866578327765
200,5,00000000000000000079,built_loss,68.05375686727038,0.6269446109717035,0.06351611766907461
200,5,00000000000000000087,built_loss,57.662100462783656,0.6189161612199339,0.1015578091880266
200,5,000000000000000000a1,built_loss,9.28478320525362,0.4502189765178603,0.04400600599554333
200,5,000000000000000000b8,built_loss,10.898432788994965,0.5390706736081693,0.10888027751833729
200,5,000000000000000000c0,built_loss,41.608895314179826,0.6323537750954216,0.04709004396611127
200,5,000000000000000000e2,built_loss,20.01866910604358,0.3887760596565668,0.0666751591002196
200,5,000000000000000000f0,built_loss,35.59111188153871,0.6800571723317154,0.07318425535837558
200,5,000000000000000000f8,built_loss,53.49478287739416,0.5340598044969568,0.058911954777421616
200,5,0000000000000000011c,built_loss,7.2369147286565685,0.728280888669927,0.03382597326442116
200,5,00000000000000000161,built_loss,45.208269577083385,0.6558809060800027,0.04642449504073243
200,5,0000000000000000016a,built_loss,9.00249698385874,0.24091558459698398,0.04834316617778564
200,5,000000000000000001a8,built_loss,57.801871032238736,0.5502024405018302,0.061731410026921285
200,5,000000000000000001be,built_loss,6.083489526824315,0.5212819741231616,0.06518708879879054
200,5,000000000000000001cd,built_loss,56.55068091429692,0.7655650486114141,0.06844774820462673
200,5,000000000000000001e5,built_loss,20.951010188330258,0.5687660957226895,0.06562262356426429
200,5,00000000000000000206,built_loss,47.413150886991424,0.7216670298387968,0.059047367680359564
200,5,00000000000000000209,built_loss,61.654488421061316,0.6304462100330996,0.07188417183134155
200,5,00000000000000000231,built_loss,56.34135428697879,0.5335142436243089,0.057689495216407094
200,5,0000000000000000026d,built_loss,32.23377566901286,0.593458647088699,0.05535676186882654
200,5,00000000000000000278,built_loss,43.71253136157266,0.7629522964853369,0.06990561780258742
200,5,00000000000000000293,built_loss,31.93566365884666,0.485809108569529,0.06691497863696194
200,5,000000000000000002a4,built_loss,11.040841529121796,0.4096343217633991,0.03681659968857881
200,5,00000000000000000316,built_loss,2.0289477304834502,0.12294446523545764,0.012493061153518767
200,5,00000000000000000356,built_loss,42.69806701702842,0.5406531317246686,0.09324504840982045
200,5,00000000000000000362,built_loss,54.194457795553625,0.5648568748492845,0.052741674414643724
200,5,00000000000000000363,built_loss,29.096575392862146,0.24986551374927696,0.03534278702849242
200,5,00000000000000000364,built_loss,60.5492360475049,0.6307737856913465,0.05526673018963735
200,5,00000000000000000380,built_loss,35.693935435953314,0.5018639442758772,0.05287066350172914
200,5,00000000000000000384,built_loss,18.61784461139556,0.5826949178382731,0.03643834636724719
200,5,0000000000000000039e,built_loss,8.918038685135636,0.49414527676796705,0.03870489266034982
200,5,000000000000000003a1,built_loss,20.281581066564737,0.6160283645214796,0.06332208451461951
200,5,000000000000000003a5,built_loss,25.26227554385782,0.40367944965475855,0.08709538370632708
200,5,000000000000000003b7,built_loss,17.629048692066796,0.49060407339562506,0.02617756640762381
200,5,000000000000000003bf,built_loss,56.90557092463486,0.5342655540835044,0.04680970689478203
200,5,000000000000000003f8,built_loss,6.921457787154262,0.22322765067025102,0.027609981973320097
200,5,000000000000000003fa,built_loss,56.94151029831111,0.41636580723592326,0.044249515148163776
200,5,00000000000000000407,built_loss,51.355061627269066,0.5585889054061548,0.06351515680334008
200,5,0000000000000000040f,built_loss,33.546393841417306,0.5215232277956281,0.021706483488744266
200,5,00000000000000000426,built_loss,35.476004805728515,0.566311052776416,0.04382449121435117
200,5,0000000000000000042b,built_loss,42.238474763226755,0.5657546229617553,0.05168836137825772
200,5,00000000000000000442,built_loss,4.034195054337241,0.3537968879039432,0.18385773929439836
200,5,00000000000000000465,built_loss,54.39720342525366,0.6317561665322977,0.05252749442933513
200,5,0000000000000000047e,built_loss,21.210842444014546,0.5315350409246051,0.0418908883115624
200,5,000000000000000004c0,built_loss,45.662400145670155,0.6464726745294347,0.04514694572293365
200,5,000000000000000004c5,built_loss,14.042721457670467,0.584661907907965,0.05422319860125557
200,5,000000000000000004d9,built_loss,44.41410684962581,0.5543945183555384,0.03631508840006248
200,5,000000000000000004eb,built_loss,56.37206352337695,0.44811746526554375,0.03063920844150808
200,5,000000000000000004f5,built_loss,8.745475141862055,0.47614290455920577,0.05393903729811067
200,5,000000000000000004f7,built_loss,8.427528098360845,0.47615944420434136,0.02525801962484686
200,5,000000000000000004fe,built_loss,17.374674152776148,0.50085794271182,0.026798671170135124
200,5,0000000000000000051d,built_loss,24.283889310692594,0.4947551431473503,0.15693707918686556
200,5,00000000000000000559,built_loss,44.387035403446546,0.6880400735118792,0.051081697472190046
200,5,00000000000000000576,built_loss,8.922351858071034,0.2735494574446032,0.04645041589693033
200,5,00000000000000000577,built_loss,10.445254607258157,0.47355598156254,0.07668895583361895
200,5,0000000000000000057f,built_loss,2.330166673670194,0.40102456450434465,0.04714268042705333
200,5,00000000000000000594,built_loss,23.87096977697305,0.5214212349665552,0.1707519904712887
200,5,000000000000000005bf,built_loss,30.936324271791843,0.3998992798552043,0.038322701872499865
200,5,000000000000000005cc,built_loss,11.058870138778799,0.3558345094694623,0.026933754560655665
200,5,000000000000000005de,built_loss,38.15389943289827,0.43630504145346294,0.02202943094849391
200,5,000000000000000005e7,built_loss,46.63681143011093,0.6417234180681689,0.07264181912335654
200,5,000000000000000005f9,built_loss,17.76382038218072,0.6554622415250153,0.06503862457798482
200,5,0000000000000000061c,built_loss,21.4889012923128,0.4038550624813583,0.041398602296259523
200,5,00000000000000000626,built_loss,36.09074297158649,0.49207806909349017,0.03733026916966686
200,5,0000000000000000062a,built_loss,43.71490755963889,0.568098650094264,0.03756064307857687
200,5,00000000000000000636,built_loss,24.684815297480785,0.47971328089039633,0.12964175910985687
200,5,0000000000000000064a,built_loss,3.533009470872137,0.29691333769025263,0.03129676886070859
200,5,0000000000000000064d,built_loss,14.792587402943848,0.43844310969216416,0.05274191070997425
200,5,00000000000000000694,built_loss,30.398994453928722,0.3717281146816144,0.027455530483822155
200,5,0000000000000000069d,built_loss,46.47873951182743,0.6518098782044757,0.05712860830356825
200,5,000000000000000006b7,built_loss,32.29581806163518,0.46390951812002795,0.03305943724690347
200,5,000000000000000006df,built_loss,19.38884435761397,0.23220487254214778,0.0706380456985003
200,5,000000000000000006e3,built_loss,32.197287182149886,0.40342154653531137,0.06155590462965149
200,5,00000000000000000011,crop_loss,49.892637690188515,0.7962915912655607,0.29033876029471006
200,5,0000000000000000002b,crop_loss,52.561201879238226,0.18039942347623822,0.07172333901442016
200,5,0000000000000000003a,crop_loss,49.771883836120836,0.2979624304783811,0.06266370738572069
200,5,0000000000000000009b,crop_loss,17.927832232310223,0.4960188760814392,0.011187023727423251
200,5,000000000000000000a8,crop_loss,30.98341362808916,0.20646658496291706,0.030446608953080795
200,5,000000000000000000da,crop_loss,30.48962587589171,0.7541763210677107,0.03579966992939376
200,5,000000000000000000e3,crop_loss,62.43025407973037,0.48993449655631904,0.055385934489242894
200,5,000000000000000000e9,crop_loss,5.131696909002301,0.42383655063892317,0.07267679932663912
200,5,0000000000000000011b,crop_loss,34.02707891814305,0.48275000469604595,0.028388931424767505
200,5,00000000000000000128,crop_loss,37.07286800187953,0.5449227166502474,0.020158590295084378
200,5,0000000000000000016c,crop_loss,49.6921928874073,0.46630391823555883,0.06482906681837092
200,5,00000000000000000196,crop_loss,26.329369832262607,0.24372997107243588,0.036691236956580386
200,5,000000000000000001a6,crop_loss,43.07907383246977,0.29190758846318904,0.07568336074688625
200,5,000000000000000001e4,crop_loss,47.036913198780326,0.4888354052965582,0.043869776481957945
200,5,000000000000000001f9,crop_loss,52.65171168230846,0.498182938519541,0.2149604902446713
200,5,00000000000000000228,crop_loss,29.59552951919802,0.5033729263863393,0.10557128487909861
200,5,0000000000000000028c,crop_loss,4.142256103598994,0.3004209818841105,0.04588156061923704
200,5,0000000000000000028d,crop_loss,31.428895823510533,0.6718811409128812,0.05924959818025766
200,5,00000000000000000291,crop_loss,16.75156750206738,0.8825576303620036,0.016470542885062
200,5,000000000000000002c5,crop_loss,31.166261057631488,0.34158940555781814,0.0736190374642432
200,5,000000000000000002cc,crop_loss,19.252360857213443,0.3920532888734069,0.13535579697425854
200,5,000000000000000002dc,crop_loss,62.05427245152139,0.64676595678349,0.05892496856773921
200,5,000000000000000002e4,crop_loss,51.708297163920065,0.3118780459516474,0.059410420151885746
200,5,000000000000000002ec,crop_loss,57.75091610377931,0.4883083578670176,0.07458928278645516
200,5,00000000000000000314,crop_loss,35.00403527744967,0.09132639086077407,0.05127691582344384
200,5,00000000000000000335,crop_loss,58.43285241711917,0.47107522455768547,0.059024396571361215
200,5,0000000000000000033a,crop_loss,34.533726102403875,0.5140373546522389,0.052862271786821124
200,5,000000000000000003b0,crop_loss,57.5676310424288,0.20052943428079242,0.059783493702148166
200,5,000000000000000003f1,crop_loss,58.10343621083537,0.46850245932538875,0.061158052482328196
200,5,000000000000000003f2,crop_loss,42.02357542292793,0.4701966745357988,0.04779582284713413
200,5,0000000000000000044b,crop_loss,14.588870342092443,0.5633126809291097,0.03100069030209851
200,5,00000000000000000480,crop_loss,11.037920086397097,0.8618081497714292,0.049506966117312645
200,5,00000000000000000485,crop_loss,48.98681385740222,0.6982943261127356,0.0301644259332865
200,5,00000000000000000497,crop_loss,43.14364759320102,0.21622250647362018,0.0619640862838258
200,5,0000000000000000049b,crop_loss,45.29689321438989,0.35455583318008926,0.035503134062402464
200,5,000000000000000004a1,crop_loss,45.17715612982272,0.3527773178839155,0.049340592662244
200,5,000000000000000004e7,crop_loss,29.72053125609413,0.4902547301433119,0.028462952582006207
200,5,000000000000000004e9,crop_loss,16.72276989450047,0.40278671803453503,0.1376842086089618
200,5,000000000000000004f9,crop_loss,50.987385696020496,0.3579097146426206,0.126599529114106
200,5,00000000000000000517,crop_loss,33.12017389149318,0.2927744989209896,0.08722162459933228
200,5,00000000000000000538,crop_loss,1.0691114461425386,0.30402286397768347,0.02934073508512902
200,5,0000000000000000057e,crop_loss,4.403862285556197,0.5377704547533146,0.025728647014086836
200,5,000000000000000005d1,crop_loss,18.198881017403693,0.15122800186110796,0.04690024743552207
200,5,00000000000000000632,crop_loss,14.452601366871523,0.08154277328083473,0.019771197977275473
200,5,0000000000000000063e,crop_loss,56.72286512363899,0.30709101814858647,0.057308239533172434
200,5,00000000000000000655,crop_loss,35.58608002409777,0.49831877957148946,0.15110154301439982
200,5,00000000000000000697,crop_loss,64.59380445826886,0.607298289344271,0.06521255853121266
200,5,00000000000000000698,crop_loss,21.205732495489517,0.42319412577851023,0.04101284256536841
200,5,000000000000000006a8,crop_loss,61.12511890408331,0.2977751201888123,0.05982867140155729
200,5,000000000000000006b4,crop_loss,56.97139446571128,0.5205949108190587,0.08412384832164027
200,5,000000000000000006be,crop_loss,15.003681530427585,0.3937102932027311,0.046316865389509965
200,5,000000000000000006c0,crop_loss,2.9425961068992783,0.19185583050534813,0.0420558346226142
200,5,000000000000000006cc,crop_loss,26.876147433033275,0.34380432894178714,0.03720815687394119
200,5,000000000000000006ce,crop_loss,25.4125949167211,0.5841973243144265,0.09342469947741505
200,5,000000000000000006d9,crop_loss,44.63118250597461,0.20403458435348143,0.048134814622813105
200,5,000000000000000006e5,crop_loss,54.078049115467664,0.5242702204156796,0.0739662099033449
200,5,00000000000000000151,built_loss,8.715958946714796,0.26295971863394507,0.03332940652903971
200,5,0000000000000000034d,built_loss,6.0370210624315845,0.40851321277295466,0.029427785295886855
200,5,000000000000000003c7,crop_loss,30.907120130383408,0.7288679748055807,0.054398178713706
200,5,00000000000000000176,built_loss,28.41433185182483,0.657697684861151,0.03556648878585977
200,5,000000000000000003d2,built_loss,55.00654970622589,0.5959975707071276,0.07112495737467273
200,5,00000000000000000490,built_loss,60.1551275566381,0.6469253458653569,0.05224026305301033
200,5,000000000000000005ad,built_loss,41.86956878734959,0.6635452917828042,0.049284721072825
200,5,00000000000000000624,built_loss,4.778307206699855,0.5068869168804584,0.06689883842293426
200,5,0000000000000000002d,crop_loss,58.97256793321394,0.47220524019051474,0.05010768875500521
200,5,0000000000000000009d,crop_loss,7.419292048057385,0.38109739426948014,0.05705813152638323
200,5,00000000000000000192,crop_loss,51.57868519918209,0.560785148962532,0.02375665409057548
200,5,000000000000000003c8,crop_loss,44.64358800183488,0.19494956779611586,0.03250309787437369
200,5,0000000000000000046c,crop_loss,55.73812798181474,0.5040883764301555,0.09310177002341413
200,5,00000000000000000483,crop_loss,12.378774432262198,0.6903182713228948,0.08841071913992737
200,5,000000000000000004ee,crop_loss,22.60573359415733,0.37965238974330306,0.13199545552230835
200,5,00000000000000000611,crop_loss,56.294599017545664,0.6547014304305223,0.04967126911148434
200,5,0000000000000000062f,crop_loss,53.995311656924024,0.5119844109299803,0.10476217966800266
200,6,00000000000000000085,built_loss,16.25286218611686,0.35991470256723596,0.06602216417763906
200,6,00000000000000000114,built_loss,31.70515035809664,0.6924485329739907,0.04462997576590766
200,6,0000000000000000024c,built_loss,27.105533471815303,0.716761491495228,0.04054897787070744
200,6,00000000000000000375,built_loss,41.42521537216074,0.652664514092622,0.04952321496295742
200,6,000000000000000004d2,built_loss,33.38945874456917,0.5343465662098378,0.22105765287466628
200,6,000000000000000005bd,built_loss,4.989810296310314,0.557790824233098,0.04945631102778958
200,6,00000000000000000281,crop_loss,51.03617987715577,0.5210575056903117,0.03623608166579939
200,6,000000000000000003a2,crop_loss,33.48299628291497,0.33892274484211304,0.09266675314504225
200,6,00000000000000000001,built_loss,28.685038262335233,0.45934551357932574,0.0440392528168721
200,6,00000000000000000049,built_loss,4.635795245925816,0.48462975586773654,0.0384463025094825
200,6,0000000000000000004a,built_loss,11.947401070280314,0.4399635974690063,0.023972938266071053
200,6,0000000000000000004f,built_loss,43.60389900987813,0.4424675076364737,0.0652336485191437
200,6,0000000000000000005a,built_loss,35.08497876372715,0.44413708886590064,0.0303351742547866
200,6,00000000000000000079,built_loss,68.05375686727037,0.6269446109717035,0.05891209068582304
200,6,00000000000000000087,built_loss,57.662100462783656,0.6189161612199339,0.09879619791423222
200,6,000000000000000000a1,built_loss,9.28478320525362,0.4502189765178603,0.044851912670800353
200,6,000000000000000000b8,built_loss,10.898432788994967,0.5390706736081693,0.11065993994367285
200,6,000000000000000000c0,built_loss,41.608895314179826,0.6323537750954216,0.04283371488787857
200,6,000000000000000000e2,built_loss,20.01866910604358,0.3887760596565668,0.06826262625201346
200,6,000000000000000000f0,built_loss,35.59111188153871,0.6800571723317154,0.0686762478578451
200,6,000000000000000000f8,built_loss,53.49478287739416,0.5340598044969568,0.06440781374943971
200,6,0000000000000000011c,built_loss,7.2369147286565685,0.728280888669927,0.0337514412037756
200,6,00000000000000000161,built_loss,45.208269577083385,0.6558809060800027,0.048420890677182915
200,6,0000000000000000016a,built_loss,9.00249698385874,0.24091558459698398,0.05281270859129014
200,6,000000000000000001a8,built_loss,57.80187103223873,0.5502024405018302,0.061120041176405016
200,6,000000000000000001be,built_loss,6.083489526824315,0.5212819741231616,0.05872312441744321
200,6,000000000000000001cd,built_loss,56.55068091429692,0.7655650486114141,0.07352795923199196
200,6,000000000000000001e5,built_loss,20.951010188330255,0.5687660957226895,0.059110237372908214
200,6,00000000000000000206,built_loss,47.413150886991424,0.7216670298387968,0.05716037720515521
200,6,00000000000000000209,built_loss,61.65448842106131,0.6304462100330996,0.0770753474358693
200,6,00000000000000000231,built_loss,56.34135428697878,0.5335142436243089,0.058493580065390294
200,6,0000000000000000026d,built_loss,32.233775669012864,0.593458647088699,0.05463492476431864
200,6,00000000000000000278,built_loss,43.71253136157266,0.7629522964853369,0.07167167258391649
200,6,00000000000000000293,built_loss,31.935663658846654,0.485809108569529,0.06384485906007747
200,6,000000000000000002a4,built_loss,11.040841529121796,0.4096343217633991,0.03721238994413112
200,6,00000000000000000316,built_loss,2.02894773048345,0.12294446523545764,0.012272479499782621
200,6,00000000000000000356,built_loss,42.69806701702842,0.5406531317246686,0.08654880116815239
200,6,00000000000000000362,built_loss,54.19445779555362,0.5648568748492845,0.05291478919608761
200,6,00000000000000000363,built_loss,29.096575392862146,0.24986551374927696,0.036591059931687736
200,6,00000000000000000364,built_loss,60.5492360475049,0.6307737856913465,0.05641215499850627
200,6,00000000000000000380,built_loss,35.69393543595332,0.5018639442758772,0.05191824823301899
200,6,00000000000000000384,built_loss,18.61784461139556,0.5826949178382731,0.036266549501195566
200,6,0000000000000000039e,built_loss,8.918038685135636,0.49414527676796705,0.041380749313398635
200,6,000000000000000003a1,built_loss,20.281581066564737,0.6160283645214796,0.06229089565563861
200,6,000000000000000003a5,built_loss,25.26227554385782,0.40367944965475855,0.08570722433833344
200,6,000000000000000003b7,built_loss,17.629048692066792,0.49060407339562506,0.025816988156930176
200,6,000000000000000003bf,built_loss,56.90557092463486,0.5342655540835044,0.04554832700393785
200,6,000000000000000003f8,built_loss,6.921457787154262,0.22322765067025102,0.027949517492715847
200,6,000000000000000003fa,built_loss,56.94151029831111,0.41636580723592326,0.04839321948191738
200,6,00000000000000000407,built_loss,51.355061627269066,0.5585889054061548,0.059835935985113387
200,6,0000000000000000040f,built_loss,33.5463938414173,0.5215232277956281,0.022281180123851385
200,6,00000000000000000426,built_loss,35.476004805728515,0.566311052776416,0.05027924087915281
200,6,0000000000000000042b,built_loss,42.238474763226755,0.5657546229617553,0.048331799947866405
200,6,00000000000000000442,built_loss,4.03419505433724,0.3537968879039432,0.16339454004669496
200,6,00000000000000000465,built_loss,54.39720342525366,0.6317561665322977,0.05089370147812822
200,6,0000000000000000047e,built_loss,21.210842444014546,0.5315350409246051,0.04406403825130045
200,6,000000000000000004c0,built_loss,45.662400145670155,0.6464726745294347,0.04570349372896798
200,6,000000000000000004c5,built_loss,14.042721457670467,0.584661907907965,0.06888121057175434
200,6,000000000000000004d9,built_loss,44.4141068496258,0.5543945183555384,0.034460210364164134
200,6,000000000000000004eb,built_loss,56.372063523376966,0.44811746526554375,0.02900480426686558
200,6,000000000000000004f5,built_loss,8.745475141862057,0.47614290455920577,0.05809944573561371
200,6,000000000000000004f7,built_loss,8.427528098360845,0.47615944420434136,0.025780075128141955
200,6,000000000000000004fe,built_loss,17.374674152776148,0.50085794271182,0.027095548745170728
200,6,0000000000000000051d,built_loss,24.283889310692594,0.4947551431473503,0.14363437393256429
200,6,00000000000000000559,built_loss,44.38703540344654,0.6880400735118792,0.05303490027209323
200,6,00000000000000000576,built_loss,8.922351858071034,0.2735494574446032,0.04516872382058143
200,6,00000000000000000577,built_loss,10.445254607258159,0.47355598156254,0.07915918501525632
200,6,0000000000000000057f,built_loss,2.3301666736701945,0.40102456450434465,0.051608102002703715
200,6,00000000000000000594,built_loss,23.87096977697305,0.5214212349665552,0.1398316158179192
200,6,000000000000000005bf,built_loss,30.936324271791843,0.3998992798552043,0.03664545009763304
200,6,000000000000000005cc,built_loss,11.058870138778799,0.3558345094694623,0.02610235607543976
200,6,000000000000000005de,built_loss,38.15389943289827,0.43630504145346294,0.025222495114591514
200,6,000000000000000005e7,built_loss,46.63681143011094,0.6417234180681689,0.07415287058268005
200,6,000000000000000005f9,built_loss,17.76382038218072,0.6554622415250153,0.06534603242501857
200,6,0000000000000000061c,built_loss,21.4889012923128,0.4038550624813583,0.0410625307540633
200,6,00000000000000000626,built_loss,36.09074297158648,0.49207806909349017,0.03892778242156558
200,6,0000000000000000062a,built_loss,43.71490755963889,0.568098650094264,0.0436042629584249
200,6,00000000000000000636,built_loss,24.68481529748078,0.47971328089039633,0.12976079464606577
200,6,0000000000000000064a,built_loss,3.533009470872137,0.29691333769025263,0.030802467311797144
200,6,0000000000000000064d,built_loss,14.792587402943848,0.43844310969216416,0.05228144050022954
200,6,00000000000000000694,built_loss,30.398994453928722,0.3717281146816144,0.027407212340163634
200,6,0000000000000000069d,built_loss,46.478739511827435,0.6518098782044757,0.05014444597282708
200,6,000000000000000006b7,built_loss,32.29581806163518,0.46390951812002795,0.033672873255404634
200,6,000000000000000006df,built_loss,19.38884435761397,0.23220487254214778,0.05835566303374379
200,6,000000000000000006e3,built_loss,32.197287182149886,0.40342154653531137,0.06518417401067045
200,6,00000000000000000011,crop_loss,49.89263769018851,0.7962915912655607,0.30071531417644026
200,6,0000000000000000002b,crop_loss,52.561201879238226,0.18039942347623822,0.0761276234433852
200,6,0000000000000000003a,crop_loss,49.77188383612084,0.2979624304783811,0.06229300035259561
200,6,0000000000000000009b,crop_loss,17.927832232310227,0.4960188760814392,0.012122470644061634
200,6,000000000000000000a8,crop_loss,30.98341362808916,0.20646658496291706,0.02842693879784519
200,6,000000000000000000da,crop_loss,30.48962587589171,0.7541763210677107,0.035889918926721553
200,6,000000000000000000e3,crop_loss,62.43025407973037,0.48993449655631904,0.06156036440625795
200,6,000000000000000000e9,crop_loss,5.131696909002301,0.42383655063892317,0.0758264528860575
200,6,0000000000000000011b,crop_loss,34.02707891814305,0.48275000469604595,0.02493418620182497
200,6,00000000000000000128,crop_loss,37.07286800187953,0.5449227166502474,0.02406399811082205
200,6,0000000000000000016c,crop_loss,49.692192887407295,0.46630391823555883,0.06325294833565143
200,6,00000000000000000196,crop_loss,26.329369832262607,0.24372997107243588,0.03340001185535879
200,6,000000000000000001a6,crop_loss,43.07907383246976,0.29190758846318904,0.08254970502302636
200,6,000000000000000001e4,crop_loss,47.036913198780326,0.4888354052965582,0.04579945096797472
200,6,000000000000000001f9,crop_loss,52.65171168230846,0.498182938519541,0.23871820269264094
200,6,00000000000000000228,crop_loss,29.59552951919802,0.5033729263863393,0.1032664825213776
200,6,0000000000000000028c,crop_loss,4.142256103598995,0.3004209818841105,0.04355584410285418
200,6,0000000000000000028d,crop_loss,31.42889582351054,0.6718811409128812,0.062355405291246946
200,6,00000000000000000291,crop_loss,16.75156750206738,0.8825576303620036,0.016749148093251565
200,6,000000000000000002c5,crop_loss,31.166261057631488,0.34158940555781814,0.07522533498009248
200,6,000000000000000002cc,crop_loss,19.252360857213443,0.3920532888734069,0.13199465320996911
200,6,000000000000000002dc,crop_loss,62.05427245152139,0.64676595678349,0.056712096663592004
200,6,000000000000000002e4,crop_loss,51.708297163920065,0.3118780459516474,0.05694314783412069
200,6,000000000000000002ec,crop_loss,57.7509161037793,0.4883083578670176,0.07147447570945237
200,6,00000000000000000314,crop_loss,35.00403527744967,0.09132639086077407,0.046440183990783354
200,6,00000000000000000335,crop_loss,58.43285241711917,0.47107522455768547,0.058401898223374216
200,6,0000000000000000033a,crop_loss,34.53372610240387,0.5140373546522389,0.05922933991343371
200,6,000000000000000003b0,crop_loss,57.5676310424288,0.20052943428079242,0.060923175521833794
200,6,000000000000000003f1,crop_loss,58.10343621083537,0.46850245932538875,0.06283964989310503
200,6,000000000000000003f2,crop_loss,42.02357542292793,0.4701966745357988,0.048033348300901946
200,6,0000000000000000044b,crop_loss,14.588870342092443,0.5633126809291097,0.030569238891277828
200,6,00000000000000000480,crop_loss,11.037920086397097,0.8618081497714292,0.05959686222678562
200,6,00000000000000000485,crop_loss,48.98681385740222,0.6982943261127356,0.029861459035982252
200,6,00000000000000000497,crop_loss,43.14364759320102,0.21622250647362018,0.06248520088561488
200,6,0000000000000000049b,crop_loss,45.2968932143899,0.35455583318008926,0.03460753933990851
200,6,000000000000000004a1,crop_loss,45.17715612982272,0.3527773178839155,0.051436155903444136
200,6,000000000000000004e7,crop_loss,29.72053125609413,0.4902547301433119,0.027005115544007363
200,6,000000000000000004e9,crop_loss,16.722769894500473,0.40278671803453503,0.1254395515420677
200,6,000000000000000004f9,crop_loss,50.9873856960205,0.3579097146426206,0.12915035280473292
200,6,00000000000000000517,crop_loss,33.12017389149318,0.2927744989209896,0.09383892769525526
200,6,00000000000000000538,crop_loss,1.0691114461425386,0.30402286397768347,0.028522669738653694
200,6,0000000000000000057e,crop_loss,4.403862285556196,0.5377704547533146,0.024131113725878284
200,6,000000000000000005d1,crop_loss,18.198881017403693,0.15122800186110796,0.04372620975908756
200,6,00000000000000000632,crop_loss,14.452601366871525,0.08154277328083473,0.02027845055410009
200,6,0000000000000000063e,crop_loss,56.72286512363899,0.30709101814858647,0.05575957710446894
200,6,00000000000000000655,crop_loss,35.58608002409776,0.49831877957148946,0.14035749856112734
200,6,00000000000000000697,crop_loss,64.59380445826886,0.6072982893442709,0.0655135517232388
200,6,00000000000000000698,crop_loss,21.205732495489517,0.42319412577851023,0.044515759857424786
200,6,000000000000000006a8,crop_loss,61.12511890408331,0.2977751201888123,0.05452147545640962
200,6,000000000000000006b4,crop_loss,56.97139446571128,0.5205949108190587,0.08882867243508297
200,6,000000000000000006be,crop_loss,15.003681530427581,0.3937102932027311,0.04819329368115699
200,6,000000000000000006c0,crop_loss,2.942596106899278,0.19185583050534813,0.04091048495310928
200,6,000000000000000006cc,crop_loss,26.87614743303327,0.34380432894178714,0.03461494023835282
200,6,000000000000000006ce,crop_loss,25.4125949167211,0.5841973243144265,0.09727601759937476
200,6,000000000000000006d9,crop_loss,44.63118250597461,0.20403458435348143,0.04673437883386486
200,6,000000000000000006e5,crop_loss,54.078049115467664,0.5242702204156796,0.06738195165527827
200,6,00000000000000000151,built_loss,8.715958946714796,0.26295971863394507,0.03408120805016296
200,6,0000000000000000034d,built_loss,6.037021062431584,0.40851321277295466,0.028468155082677693
200,6,000000000000000003c7,crop_loss,30.907120130383408,0.7288679748055807,0.060267699044218914
200,6,00000000000000000176,built_loss,28.41433185182483,0.657697684861151,0.036065126278718385
200,6,000000000000000003d2,built_loss,55.00654970622589,0.5959975707071276,0.06928906788479017
200,6,00000000000000000490,built_loss,60.15512755663809,0.6469253458653569,0.05665436194115403
200,6,000000000000000005ad,built_loss,41.869568787349586,0.6635452917828042,0.05240054562483554
200,6,00000000000000000624,built_loss,4.778307206699855,0.5068869168804584,0.06570407947272172
200,6,0000000000000000002d,crop_loss,58.97256793321395,0.47220524019051474,0.052109314025515774
200,6,0000000000000000009d,crop_loss,7.419292048057388,0.38109739426948014,0.051997954334032315
200,6,00000000000000000192,crop_loss,51.57868519918209,0.560785148962532,0.02547755110683525
200,6,000000000000000003c8,crop_loss,44.64358800183488,0.19494956779611586,0.03252144148124553
200,6,0000000000000000046c,crop_loss,55.73812798181474,0.5040883764301555,0.09510530667902134
200,6,00000000000000000483,crop_loss,12.3787744322622,0.6903182713228948,0.08741786175542221
200,6,000000000000000004ee,crop_loss,22.605733594157325,0.37965238974330306,0.12137580785353241
200,6,00000000000000000611,crop_loss,56.29459901754566,0.6547014304305223,0.051535257497436926
200,6,0000000000000000062f,crop_loss,53.99531165692403,0.5119844109299803,0.10501895598703298
200,7,00000000000000000085,built_loss,16.25286218611686,0.35991470256723596,0.06503547246471064
200,7,00000000000000000114,built_loss,31.705150358096635,0.6924485329739907,0.046028802630300625
200,7,0000000000000000024c,built_loss,27.105533471815303,0.716761491495228,0.041340184836106464
200,7,00000000000000000375,built_loss,41.42521537216074,0.652664514092622,0.04814400998233248
200,7,000000000000000004d2,built_loss,33.38945874456916,0.5343465662098378,0.24977516913735576
200,7,000000000000000005bd,built_loss,4.989810296310314,0.557790824233098,0.05049295585933378
200,7,00000000000000000281,crop_loss,51.03617987715577,0.5210575056903117,0.03398078937115867
200,7,000000000000000003a2,crop_loss,33.48299628291497,0.33892274484211304,0.09106380571231398
200,7,00000000000000000001,built_loss,28.685038262335233,0.45934551357932574,0.045307761966729365
200,7,00000000000000000049,built_loss,4.635795245925816,0.48462975586773654,0.03326912763546741
200,7,0000000000000000004a,built_loss,11.947401070280314,0.4399635974690063,0.024103057178601006
200,7,0000000000000000004f,built_loss,43.60389900987812,0.4424675076364737,0.07787736971476367
200,7,0000000000000000005a,built_loss,35.08497876372716,0.44413708886590064,0.031649654804149274
200,7,00000000000000000079,built_loss,68.05375686727037,0.6269446109717035,0.06108089736183209
200,7,00000000000000000087,built_loss,57.662100462783656,0.6189161612199339,0.09441067705659223
200,7,000000000000000000a1,built_loss,9.284783205253621,0.4502189765178603,0.04180919510122966
200,7,000000000000000000b8,built_loss,10.898432788994965,0.5390706736081693,0.11729630339162578
200,7,000000000000000000c0,built_loss,41.608895314179826,0.6323537750954216,0.04548526741729686
200,7,000000000000000000e2,built_loss,20.01866910604358,0.3887760596565668,0.06375228750810047
200,7,000000000000000000f0,built_loss,35.59111188153871,0.6800571723317154,0.06710059429848592
200,7,000000000000000000f8,built_loss,53.49478287739416,0.5340598044969568,0.06220689320145378
200,7,0000000000000000011c,built_loss,7.2369147286565685,0.728280888669927,0.03261834800854191
200,7,00000000000000000161,built_loss,45.20826957708339,0.6558809060800027,0.052510551541582684
200,7,0000000000000000016a,built_loss,9.00249698385874,0.24091558459698398,0.05263912636541615
200,7,000000000000000001a8,built_loss,57.80187103223873,0.5502024405018302,0.06090068026343831
200,7,000000000000000001be,built_loss,6.083489526824315,0.5212819741231616,0.06298752151130743
200,7,000000000000000001cd,built_loss,56.55068091429692,0.7655650486114141,0.06800279436746803
200,7,000000000000000001e5,built_loss,20.951010188330255,0.5687660957226895,0.06053919606985969
200,7,00000000000000000206,built_loss,47.41315088699142,0.7216670298387968,0.0594296405938568
200,7,00000000000000000209,built_loss,61.654488421061316,0.6304462100330996,0.07555284866747713
200,7,00000000000000000231,built_loss,56.34135428697878,0.5335142436243089,0.05895673282173908
200,7,0000000000000000026d,built_loss,32.23377566901286,0.593458647088699,0.05873511473535853
200,7,00000000000000000278,built_loss,43.71253136157266,0.7629522964853369,0.06906142115807778
200,7,00000000000000000293,built_loss,31.93566365884666,0.485809108569529,0.06757989979391438
200,7,000000000000000002a4,built_loss,11.040841529121796,0.4096343217633991,0.04163603986052894
200,7,00000000000000000316,built_loss,2.02894773048345,0.12294446523545764,0.013039587022506627
200,7,00000000000000000356,built_loss,42.69806701702842,0.5406531317246686,0.09845942692262583
200,7,00000000000000000362,built_loss,54.194457795553625,0.5648568748492845,0.05354345147772532
200,7,00000000000000000363,built_loss,29.096575392862153,0.24986551374927696,0.03336718728428753
200,7,00000000000000000364,built_loss,60.5492360475049,0.6307737856913465,0.05535372530418303
200,7,00000000000000000380,built_loss,35.69393543595332,0.5018639442758772,0.05923138425852109
200,7,00000000000000000384,built_loss,18.617844611395565,0.5826949178382731,0.03940173731127361
200,7,0000000000000000039e,built_loss,8.918038685135635,0.49414527676796705,0.0422302413466491
200,7,000000000000000003a1,built_loss,20.28158106656473,0.6160283645214796,0.06130570557428772
200,7,000000000000000003a5,built_loss,25.262275543857825,0.40367944965475855,0.0861576127740522
200,7,000000000000000003b7,built_loss,17.629048692066792,0.49060407339562506,0.02413859421594272
200,7,000000000000000003bf,built_loss,56.90557092463486,0.5342655540835044,0.044921033146816725
200,7,000000000000000003f8,built_loss,6.921457787154263,0.22322765067025102,0.026382683904433463
200,7,000000000000000003fa,built_loss,56.94151029831111,0.41636580723592326,0.04443041608887166
200,7,00000000000000000407,built_loss,51.35506162726907,0.5585889054061548,0.05756937586077748
200,7,0000000000000000040f,built_loss,33.5463938414173,0.5215232277956281,0.020767795195129946
200,7,00000000000000000426,built_loss,35.47600480572851,0.566311052776416,0.04687103420649552
200,7,0000000000000000042b,built_loss,42.238474763226755,0.5657546229617553,0.0520101556515572
200,7,00000000000000000442,built_loss,4.03419505433724,0.3537968879039432,0.17774926457925816
200,7,00000000000000000465,built_loss,54.397203425253664,0.6317561665322977,0.05059200879046721
200,7,0000000000000000047e,built_loss,21.210842444014546,0.5315350409246051,0.04788867790139939
200,7,000000000000000004c0,built_loss,45.662400145670155,0.6464726745294347,0.04274352667707115
200,7,000000000000000004c5,built_loss,14.042721457670467,0.584661907907965,0.06016459483484937
200,7,000000000000000004d9,built_loss,44.41410684962581,0.5543945183555384,0.03697478464394399
200,7,000000000000000004eb,built_loss,56.37206352337695,0.44811746526554375,0.031286872772249064
200,7,000000000000000004f5,built_loss,8.745475141862057,0.47614290455920577,0.05481546821168509
200,7,000000000000000004f7,built_loss,8.427528098360845,0.47615944420434136,0.022713344176390815
200,7,000000000000000004fe,built_loss,17.374674152776148,0.50085794271182,0.02792136230801001
200,7,0000000000000000051d,built_loss,24.283889310692594,0.4947551431473503,0.13661502327395458
200,7,00000000000000000559,built_loss,44.38703540344654,0.6880400735118792,0.05445367944115709
200,7,00000000000000000576,built_loss,8.922351858071034,0.2735494574446032,0.04481689004270817
200,7,00000000000000000577,built_loss,10.445254607258159,0.47355598156254,0.07376609085750196
200,7,0000000000000000057f,built_loss,2.330166673670194,0.40102456450434465,0.04744398120239213
200,7,00000000000000000594,built_loss,23.87096977697305,0.5214212349665552,0.13948217040209504
200,7,000000000000000005bf,built_loss,30.936324271791843,0.3998992798552043,0.04003347921158901
200,7,000000000000000005cc,built_loss,11.058870138778799,0.3558345094694623,0.029200299870071555
200,7,000000000000000005de,built_loss,38.15389943289827,0.43630504145346294,0.023077937343902677
200,7,000000000000000005e7,built_loss,46.63681143011094,0.6417234180681689,0.07271757187999672
200,7,000000000000000005f9,built_loss,17.76382038218072,0.6554622415250153,0.0668774749715294
200,7,0000000000000000061c,built_loss,21.488901292312796,0.4038550624813583,0.04151273306812664
200,7,00000000000000000626,built_loss,36.09074297158648,0.49207806909349017,0.0373306597493695
200,7,0000000000000000062a,built_loss,43.71490755963889,0.568098650094264,0.042655802995330006
200,7,00000000000000000636,built_loss,24.68481529748078,0.47971328089039633,0.12664365895784774
200,7,0000000000000000064a,built_loss,3.533009470872137,0.29691333769025263,0.0314324972082366
200,7,0000000000000000064d,built_loss,14.792587402943848,0.43844310969216416,0.053148775350368826
200,7,00000000000000000694,built_loss,30.398994453928722,0.3717281146816144,0.025432229595901135
200,7,0000000000000000069d,built_loss,46.47873951182743,0.6518098782044757,0.04355342717693733
200,7,000000000000000006b7,built_loss,32.29581806163518,0.46390951812002795,0.031882927515258674
200,7,000000000000000006df,built_loss,19.38884435761397,0.23220487254214778,0.06627638380377127
200,7,000000000000000006e3,built_loss,32.197287182149886,0.40342154653531137,0.059281526708349075
200,7,00000000000000000011,crop_loss,49.89263769018851,0.7962915912655607,0.27893021868375867
200,7,0000000000000000002b,crop_loss,52.561201879238226,0.18039942347623822,0.07094499790909065
200,7,0000000000000000003a,crop_loss,49.77188383612084,0.2979624304783811,0.06608443574564732
200,7,0000000000000000009b,crop_loss,17.927832232310227,0.4960188760814392,0.010836438938333859
200,7,000000000000000000a8,crop_loss,30.983413628089163,0.20646658496291706,0.02962199230439011
200,7,000000000000000000da,crop_loss,30.48962587589171,0.7541763210677107,0.036787592379581624
200,7,000000000000000000e3,crop_loss,62.43025407973037,0.48993449655631904,0.06010342566676852
200,7,000000000000000000e9,crop_loss,5.131696909002301,0.42383655063892317,0.08075446589836116
200,7,0000000000000000011b,crop_loss,34.02707891814305,0.48275000469604595,0.02761075842500832
200,7,00000000000000000128,crop_loss,37.07286800187953,0.5449227166502474,0.02180636255216517
200,7,0000000000000000016c,crop_loss,49.692192887407295,0.46630391823555883,0.06226149111516127
200,7,00000000000000000196,crop_loss,26.329369832262607,0.24372997107243588,0.03689180807526499
200,7,000000000000000001a6,crop_loss,43.07907383246977,0.29190758846318904,0.07561725862483626
200,7,000000000000000001e4,crop_loss,47.03691319878032,0.4888354052965582,0.04258507571358472
200,7,000000000000000001f9,crop_loss,52.651711682308466,0.498182938519541,0.2077857069528644
200,7,00000000000000000228,crop_loss,29.59552951919802,0.5033729263863393,0.10866097631088717
200,7,0000000000000000028c,crop_loss,4.142256103598995,0.3004209818841105,0.04809619796407377
200,7,0000000000000000028d,crop_loss,31.42889582351054,0.6718811409128812,0.06519921714508992
200,7,00000000000000000291,crop_loss,16.75156750206738,0.8825576303620036,0.01582971585588855
200,7,000000000000000002c5,crop_loss,31.166261057631488,0.34158940555781814,0.07141272156220008
200,7,000000000000000002cc,crop_loss,19.252360857213443,0.3920532888734069,0.13811699734695632
200,7,000000000000000002dc,crop_loss,62.05427245152139,0.64676595678349,0.055692653672175796
200,7,000000000000000002e4,crop_loss,51.70829716392007,0.3118780459516474,0.060357405241316664
200,7,000000000000000002ec,crop_loss,57.75091610377931,0.4883083578670176,0.07365734214135444
200,7,00000000000000000314,crop_loss,35.00403527744967,0.09132639086077407,0.04678092968422927
200,7,00000000000000000335,crop_loss,58.43285241711917,0.47107522455768547,0.05817872911285671
200,7,0000000000000000033a,crop_loss,34.533726102403875,0.5140373546522389,0.0556660962647374
200,7,000000000000000003b0,crop_loss,57.5676310424288,0.20052943428079242,0.054377038489770546
200,7,000000000000000003f1,crop_loss,58.10343621083537,0.46850245932538875,0.06035070458727976
200,7,000000000000000003f2,crop_loss,42.02357542292793,0.4701966745357988,0.052596374782220734
200,7,0000000000000000044b,crop_loss,14.588870342092443,0.5633126809291097,0.03069290362719379
200,7,00000000000000000480,crop_loss,11.037920086397097,0.8618081497714292,0.04644623726130892
200,7,00000000000000000485,crop_loss,48.98681385740222,0.6982943261127356,0.031336725759681494
200,7,00000000000000000497,crop_loss,43.14364759320102,0.21622250647362018,0.06492046750124505
200,7,0000000000000000049b,crop_loss,45.29689321438989,0.35455583318008926,0.03501861864811745
200,7,000000000000000004a1,crop_loss,45.17715612982272,0.3527773178839155,0.05075592638759363
200,7,000000000000000004e7,crop_loss,29.72053125609413,0.4902547301433119,0.02697089373128475
200,7,000000000000000004e9,crop_loss,16.722769894500473,0.40278671803453503,0.1303966178452891
200,7,000000000000000004f9,crop_loss,50.987385696020496,0.3579097146426206,0.11755917546140648
200,7,00000000000000000517,crop_loss,33.12017389149318,0.2927744989209896,0.08175187094019151
200,7,00000000000000000538,crop_loss,1.0691114461425386,0.30402286397768347,0.03056849344223439
200,7,0000000000000000057e,crop_loss,4.403862285556196,0.5377704547533146,0.023394547485803385
200,7,000000000000000005d1,crop_loss,18.198881017403693,0.15122800186110796,0.049295125933235345
200,7,00000000000000000632,crop_loss,14.452601366871523,0.08154277328083473,0.020992342655791738
200,7,0000000000000000063e,crop_loss,56.72286512363899,0.30709101814858647,0.05738977828850744
200,7,00000000000000000655,crop_loss,35.58608002409776,0.49831877957148946,0.14078923353494766
200,7,00000000000000000697,crop_loss,64.59380445826886,0.6072982893442709,0.06365155684609836
200,7,00000000000000000698,crop_loss,21.205732495489517,0.42319412577851023,0.04128250087424229
200,7,000000000000000006a8,crop_loss,61.12511890408331,0.2977751201888123,0.06354365993019961
200,7,000000000000000006b4,crop_loss,56.97139446571128,0.5205949108190587,0.08830073607018246
200,7,000000000000000006be,crop_loss,15.003681530427585,0.3937102932027311,0.048638532588704375
200,7,000000000000000006c0,crop_loss,2.9425961068992783,0.19185583050534813,0.043892043947011516
200,7,000000000000000006cc,crop_loss,26.87614743303327,0.34380432894178714,0.035293959851831036
200,7,000000000000000006ce,crop_loss,25.412594916721098,0.5841973243144265,0.09742183029673923
200,7,000000000000000006d9,crop_loss,44.631182505974614,0.20403458435348143,0.04957905486092809
200,7,000000000000000006e5,crop_loss,54.078049115467664,0.5242702204156796,0.06983586219663329
200,7,00000000000000000151,built_loss,8.715958946714796,0.26295971863394507,0.033359791400155936
200,7,0000000000000000034d,built_loss,6.0370210624315845,0.40851321277295466,0.02895172344780278
200,7,000000000000000003c7,crop_loss,30.907120130383408,0.7288679748055807,0.0586971809710739
200,7,00000000000000000176,built_loss,28.41433185182483,0.657697684861151,0.03604434262538181
200,7,000000000000000003d2,built_loss,55.00654970622589,0.5959975707071276,0.07571309660761583
200,7,00000000000000000490,built_loss,60.15512755663809,0.6469253458653569,0.05599921207385816
200,7,000000000000000005ad,built_loss,41.86956878734959,0.6635452917828042,0.050675576394681454
200,7,00000000000000000624,built_loss,4.778307206699855,0.5068869168804584,0.061438662194678806
200,7,0000000000000000002d,crop_loss,58.97256793321395,0.47220524019051474,0.053138919274353436
200,7,0000000000000000009d,crop_loss,7.419292048057388,0.38109739426948014,0.05177664740332005
200,7,00000000000000000192,crop_loss,51.57868519918209,0.560785148962532,0.025825522081592167
200,7,000000000000000003c8,crop_loss,44.64358800183488,0.19494956779611586,0.03178091474066164
200,7,0000000000000000046c,crop_loss,55.73812798181474,0.5040883764301555,0.09351231697833606
200,7,00000000000000000483,crop_loss,12.378774432262198,0.6903182713228948,0.09421703472801124
200,7,000000000000000004ee,crop_loss,22.605733594157325,0.37965238974330306,0.1266594606848141
200,7,00000000000000000611,crop_loss,56.29459901754566,0.6547014304305223,0.048398081276644356
200,7,0000000000000000062f,crop_loss,53.995311656924024,0.5119844109299803,0.10380883883825887
