strategy,parent_id,parent_label,x_obs_source,n_good,n_bad,n_eff_good,n_eff_bad,n_eff_min,dor,ci_low,ci_high,ci_width
random_40,00000000000000000085,built_loss,test_site,40,40,37.31523635690072,23.42990467852548,23.42990467852548,0.40362933872671597,0.3298625071674731,0.4844290202962881,0.15456651312881498
random_40,00000000000000000114,built_loss,test_site,40,40,30.144238597476754,33.20991581314099,30.144238597476754,0.6629261196519202,0.6192477491164884,0.7019246881982883,0.08267693908179996
random_40,0000000000000000024c,built_loss,test_site,40,40,35.259196668134905,29.090578464747008,29.090578464747008,0.7044445897377086,0.653709659433176,0.7576616658674984,0.10395200643432234
random_40,00000000000000000375,built_loss,test_site,40,40,30.670058470798132,34.78055280961487,30.670058470798132,0.6451546024039891,0.5459065024461858,0.7293806638367486,0.18347416139056283
random_40,000000000000000004d2,built_loss,test_site,40,40,34.3395392803961,26.225142607921256,26.225142607921256,0.6693575685734966,0.6290418198955261,0.7110344735652363,0.0819926536697102
random_40,000000000000000005bd,built_loss,test_site,40,40,32.32616590024532,8.097088440495328,8.097088440495328,0.5455872653811361,0.47799381492280446,0.6189940870119426,0.14100027208913812
random_40,00000000000000000281,crop_loss,test_site,40,40,34.9108803380599,37.51767505895396,34.9108803380599,0.5150192887281106,0.47134178737527377,0.5877566667126555,0.1164148793373817
random_40,000000000000000003a2,crop_loss,test_site,40,40,31.183878367999977,36.373540487632,31.183878367999977,0.34417788887554296,0.2907783560711098,0.44170452991676923,0.15092617384565943
random_40,00000000000000000001,built_loss,test_site,40,40,36.26619266256071,29.04965868394588,29.04965868394588,0.44980536371790353,0.40640415155782367,0.4875921860855319,0.08118803452770823
random_40,00000000000000000049,built_loss,test_site,40,40,32.63561118392695,6.232494202147847,6.232494202147847,0.47567096451905383,0.42216564219580754,0.5204007570075652,0.09823511481175762
random_40,0000000000000000004f,built_loss,test_site,40,40,34.53725746238187,29.39205661049711,29.39205661049711,0.4329046888216412,0.3371754560319296,0.5204824201968814,0.1833069641649518
random_40,0000000000000000005a,built_loss,test_site,40,40,34.28951697184433,29.16555151274812,29.16555151274812,0.45438815388576603,0.41873069534961554,0.4768218091979235,0.05809111384830795
random_40,00000000000000000079,built_loss,test_site,40,40,35.36108194968598,38.133872719288284,35.36108194968598,0.6671656104124227,0.5999209853081104,0.6925004052069286,0.09257941989881813
random_40,00000000000000000087,built_loss,test_site,40,40,35.126626493202615,35.48786902027973,35.126626493202615,0.5555662599941956,0.47439420489444,0.6719960302028946,0.19760182530845455
random_40,000000000000000000a1,built_loss,test_site,40,40,35.31005645385512,14.121509631225186,14.121509631225186,0.4258233986624393,0.34361202506029753,0.47111467267889023,0.1275026476185927
random_40,000000000000000000b8,built_loss,test_site,40,40,37.08539940327568,17.308738527677807,17.308738527677807,0.46247974041986195,0.36645454658079535,0.5594877325983498,0.19303318601755448
random_40,000000000000000000c0,built_loss,test_site,40,40,36.38184982807362,32.864939922888404,32.864939922888404,0.6344911211525427,0.5619093374109476,0.6697615435719998,0.10785220616105218
random_40,000000000000000000e2,built_loss,test_site,40,40,37.59774278897693,24.031026820549044,24.031026820549044,0.39691727664856025,0.34327658154980484,0.5347738607373297,0.19149727918752485
random_40,000000000000000000f0,built_loss,test_site,40,40,38.02708069343138,31.395002449871935,31.395002449871935,0.6572082789205532,0.5459552745062355,0.7450790513669784,0.1991237768607429
random_40,000000000000000000f8,built_loss,test_site,40,40,36.669389220417955,33.93679001706205,33.93679001706205,0.5214155149764086,0.44541020636743295,0.5858183384139479,0.14040813204651498
random_40,0000000000000000011c,built_loss,test_site,40,40,39.199165926576406,10.68363234204455,10.68363234204455,0.7221639833627261,0.6810664663099567,0.7830092783513737,0.10194281204141697
random_40,00000000000000000161,built_loss,test_site,40,40,36.86897414079232,35.57683072849715,35.57683072849715,0.6933358444669174,0.6398745724439462,0.7266437295417035,0.08676915709775734
random_40,0000000000000000016a,built_loss,test_site,40,40,34.75448383157341,11.5147613083101,11.5147613083101,0.255992860138462,0.18607677532658534,0.3030212445753853,0.11694446924879998
random_40,00000000000000000176,built_loss,test_site,40,40,37.972164105126765,25.14180039078529,25.14180039078529,0.6498624895857713,0.6068875269855667,0.7021331343318322,0.09524560734626553
random_40,000000000000000001a8,built_loss,test_site,40,40,34.02823765464313,34.90476662278742,34.02823765464313,0.6121341417742675,0.5433134303034681,0.6718781527960842,0.12856472249261608
random_40,000000000000000001cd,built_loss,test_site,40,40,35.5776448039833,35.14956996794603,35.14956996794603,0.7249187714550909,0.6691309778783087,0.8249061037083185,0.15577512583000985
random_40,000000000000000001e5,built_loss,test_site,40,40,31.843493545735324,24.93197062739346,24.93197062739346,0.55444985332835,0.5053820808209738,0.6328564153508255,0.12747433452985169
random_40,00000000000000000209,built_loss,test_site,40,40,35.5207216035516,37.49409258474149,35.5207216035516,0.6165990951180275,0.5289639720373075,0.6910891281357031,0.16212515609839562
random_40,00000000000000000231,built_loss,test_site,40,40,35.52589734780205,34.27064880577847,34.27064880577847,0.5224158437526906,0.4212847136860434,0.610141935297506,0.18885722161146262
random_40,0000000000000000026d,built_loss,test_site,40,40,35.01502692207999,30.110481574130613,30.110481574130613,0.5792696694879099,0.5201898033464953,0.6679950185604645,0.14780521521396917
random_40,00000000000000000278,built_loss,test_site,40,40,30.131241012440604,32.79627535886287,30.131241012440604,0.791931535431945,0.7206222391889078,0.8349402831699033,0.11431804398099554
random_40,00000000000000000293,built_loss,test_site,40,40,33.21329797668209,29.069889653181775,29.069889653181775,0.5068156624001858,0.4367930572802878,0.5693518313264733,0.1325587740461855
random_40,00000000000000000316,built_loss,test_site,40,40,36.4860364712677,3.909987131658049,3.909987131658049,0.12407022078385299,0.10209446360115089,0.13678764226150972,0.03469317866035883
random_40,00000000000000000356,built_loss,test_site,40,40,35.78878042252008,32.50837588601732,32.50837588601732,0.5303240557994885,0.4363213121790424,0.6480273775228268,0.2117060653437844
random_40,00000000000000000362,built_loss,test_site,40,40,38.24304273990343,37.3049399076274,37.3049399076274,0.5912967354788605,0.5051533689029407,0.6369462157230683,0.1317928468201276
random_40,00000000000000000363,built_loss,test_site,40,40,38.207365559389736,31.775733821887886,31.775733821887886,0.22260288722373744,0.19405421080874963,0.28179892844401694,0.08774471763526731
random_40,00000000000000000364,built_loss,test_site,40,40,36.21353138536481,38.57729905978105,36.21353138536481,0.5978009033571581,0.530178214434432,0.67039830927043,0.14022009483599795
random_40,00000000000000000380,built_loss,test_site,40,40,35.257632908434694,25.120781817422902,25.120781817422902,0.5286101757745276,0.47566336791704955,0.5920725080290054,0.1164091401119558
random_40,00000000000000000384,built_loss,test_site,40,40,34.49329309653163,27.291384491682898,27.291384491682898,0.5940258206828981,0.5543269688645259,0.6173426739685565,0.06301570510403054
random_40,0000000000000000039e,built_loss,test_site,40,40,37.32411941457029,14.516776338158474,14.516776338158474,0.5078308716229448,0.4548976461658829,0.5386343293449852,0.08373668317910232
random_40,000000000000000003a1,built_loss,test_site,40,40,36.44521186513871,21.673442307614064,21.673442307614064,0.6257384722391985,0.5824547249266322,0.7079057768659602,0.12545105193932804
random_40,000000000000000003a5,built_loss,test_site,40,40,37.91060422506844,31.422331148364357,31.422331148364357,0.38259306533487253,0.3217345526879942,0.45943850690368554,0.13770395421569132
random_40,000000000000000003b7,built_loss,test_site,40,40,37.37488203943852,19.429681831792617,19.429681831792617,0.47120914603539765,0.4345638611140367,0.5054225702132976,0.0708587090992609
random_40,000000000000000003bf,built_loss,test_site,40,40,34.00816354107426,33.40413688147778,33.40413688147778,0.550609309255487,0.5152369885046042,0.6168951616724361,0.10165817316783188
random_40,000000000000000003d2,built_loss,test_site,40,40,33.36879616888724,37.727162163356454,33.36879616888724,0.5903806581269189,0.504650082964983,0.6626107084872402,0.1579606255222572
random_40,000000000000000003f8,built_loss,test_site,40,40,36.937571633247785,14.28054499827528,14.28054499827528,0.22551854109252165,0.19904107678689298,0.24704759877509447,0.04800652198820149
random_40,000000000000000003fa,built_loss,test_site,40,40,37.171969626769105,33.71512243059695,33.71512243059695,0.3665000684891632,0.3424395004844208,0.4271695335389975,0.08473003305457671
random_40,00000000000000000407,built_loss,test_site,40,40,38.56932250479644,35.5862877461139,35.5862877461139,0.5588469445966849,0.4939065497239266,0.6495424326001431,0.1556358828762165
random_40,0000000000000000040f,built_loss,test_site,40,40,32.39212173718782,34.12773981796658,32.39212173718782,0.5359290526006734,0.5077591575524298,0.5517758718687973,0.044016714316367445
random_40,00000000000000000426,built_loss,test_site,40,40,32.27757226995018,36.301059813506235,32.27757226995018,0.5498888639050371,0.46953801268936696,0.5837914419596112,0.11425342927024423
random_40,0000000000000000042b,built_loss,test_site,40,40,36.61632687340984,32.28376267970458,32.28376267970458,0.6077971144902499,0.5291432032828263,0.641398527770391,0.1122553244875647
random_40,00000000000000000442,built_loss,test_site,40,40,38.601525343325044,8.91659859307033,8.91659859307033,0.46256953030408215,0.2705955023850855,0.6393965076751803,0.3688010052900948
random_40,00000000000000000465,built_loss,test_site,40,40,34.61876756830283,32.33947162842524,32.33947162842524,0.6568158822715547,0.6085948656595682,0.714100676828213,0.10550581116864477
random_40,0000000000000000047e,built_loss,test_site,40,40,37.96667760917114,27.373379033197633,27.373379033197633,0.5098799037130894,0.41585963896020955,0.5647871665376603,0.1489275275774507
random_40,00000000000000000490,built_loss,test_site,40,40,34.461078448233984,35.87633649639434,34.461078448233984,0.6352218413108569,0.5928242614708372,0.6799830343882123,0.08715877291737506
random_40,000000000000000004c0,built_loss,test_site,40,40,32.79890424198268,32.99716095507384,32.79890424198268,0.6711841187521447,0.6279388209108193,0.6946290322709224,0.06669021136010311
random_40,000000000000000004c5,built_loss,test_site,40,40,33.134539256117314,20.046990572454973,20.046990572454973,0.5907189659341646,0.5246621238737373,0.6651018978733546,0.14043977399961727
random_40,000000000000000004d9,built_loss,test_site,40,40,35.45714673412194,35.066954251258615,35.066954251258615,0.5381593121651906,0.5106397623734338,0.5692898799485048,0.05865011757507099
random_40,000000000000000004eb,built_loss,test_site,40,40,34.93480018993511,32.54090409410074,32.54090409410074,0.4863663579683128,0.44113633331526936,0.4997730955264693,0.058636762211199955
random_40,000000000000000004f7,built_loss,test_site,40,40,35.97056020271969,16.670668063451632,16.670668063451632,0.47651120883267833,0.4463718471365404,0.4970527506608411,0.05068090352430071
random_40,000000000000000004fe,built_loss,test_site,40,40,30.914399884187418,26.054892290678627,26.054892290678627,0.5019625957490439,0.4609021409246021,0.5350367210657274,0.07413458014112534
random_40,0000000000000000051d,built_loss,test_site,40,40,37.178213427430016,28.894902255199803,28.894902255199803,0.596718542695772,0.4093052925792941,0.6631513480453833,0.25384605546608924
random_40,00000000000000000559,built_loss,test_site,40,40,37.00275939621828,30.54949833314102,30.54949833314102,0.6989151526959734,0.6398577411062574,0.7180484417177447,0.07819070061148736
random_40,00000000000000000576,built_loss,test_site,40,40,34.37691973852813,16.665850286668764,16.665850286668764,0.2910488351768636,0.2141838725631701,0.3338823358948463,0.11969846333167619
random_40,00000000000000000577,built_loss,test_site,40,40,38.573893405484945,19.908666075629878,19.908666075629878,0.5351273454926941,0.4333261134338554,0.6199867692254417,0.1866606557915863
random_40,0000000000000000057f,built_loss,test_site,40,40,33.52620139047032,6.820198165373642,6.820198165373642,0.3863814559657688,0.31173547274257096,0.44151337398595325,0.1297779012433823
random_40,00000000000000000594,built_loss,test_site,40,40,38.185506135932805,17.284404945995238,17.284404945995238,0.5524899958616081,0.39276428923163575,0.7143029185837466,0.32153862935211086
random_40,000000000000000005ad,built_loss,test_site,40,40,38.82376354924086,33.08354388936125,33.08354388936125,0.6973870479965077,0.6163898739533346,0.7437298033911938,0.1273399294378592
random_40,000000000000000005bf,built_loss,test_site,40,40,36.09310926429592,26.096837760721016,26.096837760721016,0.40379235776403866,0.36075093478134335,0.4353350719132452,0.07458413713190187
random_40,000000000000000005cc,built_loss,test_site,40,40,34.92341422615522,20.231921848863713,20.231921848863713,0.39123504010531873,0.33531821474136336,0.4245831922558116,0.08926497751444823
random_40,000000000000000005de,built_loss,test_site,40,40,35.68643203325948,31.506742008165062,31.506742008165062,0.4099271506868417,0.3695516582178565,0.44341794077457825,0.07386628255672173
random_40,000000000000000005e7,built_loss,test_site,40,40,35.21777466369017,37.431549851185004,35.21777466369017,0.6202813884368692,0.50407928538931,0.7216533986529216,0.21757411326361153
random_40,000000000000000005f9,built_loss,test_site,40,40,39.2138239752376,24.716712888060506,24.716712888060506,0.6463305834848581,0.5791421681933876,0.701297292788879,0.12215512459549138
random_40,0000000000000000061c,built_loss,test_site,40,40,37.39201639159548,24.081988979150314,24.081988979150314,0.4454895983304795,0.3746858733864518,0.5035530493836703,0.12886717599721847
random_40,00000000000000000624,built_loss,test_site,40,40,34.33194606075543,9.654950176703828,9.654950176703828,0.5279040378184099,0.47013107877281746,0.5800615650198724,0.10993048624705493
random_40,00000000000000000626,built_loss,test_site,40,40,38.314047956390574,34.91892019182413,34.91892019182413,0.5009014876958442,0.4656690490875727,0.5410836027961905,0.07541455370861783
random_40,0000000000000000062a,built_loss,test_site,40,40,37.81257067068988,36.12524593575185,36.12524593575185,0.5682068556260255,0.5157309369354515,0.6470847354782743,0.1313537985428228
random_40,00000000000000000636,built_loss,test_site,40,40,30.34554866764848,21.29072290280279,21.29072290280279,0.38389068178466007,0.32187808165113785,0.4782544877513782,0.15637640610024034
random_40,0000000000000000064a,built_loss,test_site,40,40,36.061241011816065,9.318294259099655,9.318294259099655,0.3011493260295922,0.2689456042439257,0.31461782216575707,0.04567221792183135
random_40,0000000000000000064d,built_loss,test_site,40,40,35.50182431451041,20.987689750558946,20.987689750558946,0.4426573877300636,0.3909169544199516,0.513361009559846,0.12244405513989437
random_40,00000000000000000694,built_loss,test_site,40,40,38.98870882325007,30.692137522809094,30.692137522809094,0.37377453089529955,0.3513033677222624,0.4010082260315035,0.049704858309241096
random_40,0000000000000000069d,built_loss,test_site,40,40,35.38182910235644,31.95772431491503,31.95772431491503,0.6279953571084013,0.5691728964552599,0.7012005314828307,0.13202763502757076
random_40,000000000000000006b7,built_loss,test_site,40,40,32.52164002477145,34.77166062953548,32.52164002477145,0.4893298059304351,0.4352933091088324,0.5335129654911582,0.09821965638232583
random_40,000000000000000006df,built_loss,test_site,40,40,36.59668671590101,22.42923641514184,22.42923641514184,0.23936520660364108,0.18316148389302636,0.3896235450883948,0.20646206119536845
random_40,000000000000000006e3,built_loss,test_site,40,40,36.33622488410087,28.42544945697401,28.42544945697401,0.4337971605609039,0.36015926445725904,0.5220726782311901,0.16191341377393104
random_40,00000000000000000011,crop_loss,test_site,40,40,37.15303540496072,34.44078702110376,34.44078702110376,0.7765449748129203,0.5199244348223587,0.870621416342623,0.3506969815202643
random_40,0000000000000000002b,crop_loss,test_site,40,40,38.69183347158278,34.704884818117236,34.704884818117236,0.11770788122254572,0.07002055957206706,0.1972375485623163,0.12721698899024925
random_40,0000000000000000002d,crop_loss,test_site,40,40,36.27992469505842,36.588061915909115,36.27992469505842,0.4773729837514573,0.43370383492489556,0.5396477077544876,0.105943872829592
random_40,0000000000000000003a,crop_loss,test_site,40,40,32.3359727305589,37.560769641544674,32.3359727305589,0.2605594300640414,0.2277994072863835,0.3407067964480753,0.11290738916169177
random_40,0000000000000000009b,crop_loss,test_site,40,40,38.524678723022284,21.85511528966624,21.85511528966624,0.5042037034638228,0.49146709627929863,0.5237763927646613,0.032309296485362626
random_40,0000000000000000009d,crop_loss,test_site,40,40,34.336342576830425,9.361634248087594,9.361634248087594,0.3475169224806423,0.30601863810595425,0.40140958234500235,0.09539094423904809
random_40,000000000000000000a8,crop_loss,test_site,40,40,38.20915100323915,30.43108337257513,30.43108337257513,0.20038492812298545,0.17874394945588112,0.22660972745339764,0.04786577799751651
random_40,000000000000000000da,crop_loss,test_site,40,40,29.004048149706758,39.60247473434231,29.004048149706758,0.71447037270001,0.6607698057715723,0.7732723888955363,0.112502583123964
random_40,000000000000000000e3,crop_loss,test_site,40,40,35.981572853164565,36.99690648651327,35.981572853164565,0.5045463542154562,0.3994942441358595,0.5503721202666345,0.15087787613077502
random_40,000000000000000000e9,crop_loss,test_site,40,40,37.197750561046874,10.579213721662526,10.579213721662526,0.5115982855506211,0.36314644963099796,0.5992805415951544,0.23613409196415647
random_40,0000000000000000011b,crop_loss,test_site,40,40,38.43595129914134,33.32784967872176,33.32784967872176,0.4907101588532473,0.4435874822102573,0.5267786821288069,0.08319119991854956
random_40,00000000000000000128,crop_loss,test_site,40,40,33.18283470813876,32.78476086851898,32.78476086851898,0.5429973611610406,0.5020151377727957,0.5659121377811207,0.06389700000832499
random_40,00000000000000000192,crop_loss,test_site,40,40,31.948927998329417,35.435292207812715,31.948927998329417,0.5501862695120493,0.5132019357734251,0.5718852604013192,0.05868332462789405
random_40,00000000000000000196,crop_loss,test_site,40,40,36.710777236452316,25.058407622432814,25.058407622432814,0.24228609660252728,0.2085503233134317,0.2718423769164408,0.0632920536030091
random_40,000000000000000001a6,crop_loss,test_site,40,40,37.42385489623865,32.5015797219189,32.5015797219189,0.3013783104890558,0.20150169487764938,0.36698923659039406,0.16548754171274468
random_40,000000000000000001e4,crop_loss,test_site,40,40,34.060193475050546,37.4380707128273,34.060193475050546,0.4950159450677072,0.4442858626901115,0.5186766496065137,0.07439078691640222
random_40,000000000000000001f9,crop_loss,test_site,40,40,35.63453785722026,35.351650589706175,35.351650589706175,0.4762980890759263,0.2916511020412819,0.7368927783114352,0.44524167627015326
random_40,00000000000000000228,crop_loss,test_site,40,40,38.05495535674,24.974459373095275,24.974459373095275,0.5081078506432021,0.3421502708176849,0.5949461412752097,0.25279587045752483
random_40,0000000000000000028c,crop_loss,test_site,40,40,34.09221442301264,5.169740676774454,5.169740676774454,0.2776157233431527,0.22982782729789925,0.327421971978622,0.09759414468072275
random_40,0000000000000000028d,crop_loss,test_site,40,40,37.92425074367121,29.8353569041683,29.8353569041683,0.6302573681411381,0.5616369808770554,0.6998022210319449,0.1381652401548895
random_40,00000000000000000291,crop_loss,test_site,40,40,36.41642863506661,25.79631599234678,25.79631599234678,0.8814618712800556,0.8521807058224146,0.8996222126849074,0.04744150686249282
random_40,000000000000000002c5,crop_loss,test_site,40,40,33.87293209767285,29.194860620851454,29.194860620851454,0.3662656310403334,0.2978959300762729,0.39991454021554496,0.10201861013927205
random_40,000000000000000002dc,crop_loss,test_site,40,40,35.60355830568296,37.73805626270881,35.60355830568296,0.6130383788973779,0.5627305501465834,0.6762916587683022,0.11356110862171886
random_40,000000000000000002e4,crop_loss,test_site,40,40,31.125686718141047,37.66174343990717,31.125686718141047,0.31699600584777116,0.25689288829254564,0.3783230546584803,0.12143016636593468
random_40,000000000000000002ec,crop_loss,test_site,40,40,37.69879189462918,35.20685015928258,35.20685015928258,0.45618071784528264,0.39198529399739934,0.526298363047214,0.13431306904981466
random_40,00000000000000000314,crop_loss,test_site,40,40,38.000821979487014,28.5312163457662,28.5312163457662,0.0943677658208305,0.0378791054267926,0.17631153225799406,0.13843242683120147
random_40,00000000000000000335,crop_loss,test_site,40,40,34.67209909276603,34.780873090943516,34.67209909276603,0.46819637309901574,0.41154025664876154,0.5190864860762935,0.10754622942753195
random_40,0000000000000000033a,crop_loss,test_site,40,40,31.73560666729402,38.26671314057584,31.73560666729402,0.532160763402716,0.4575921027828266,0.5759757200038452,0.11838361722101864
random_40,000000000000000003b0,crop_loss,test_site,40,40,33.00544214226503,37.7923386908364,33.00544214226503,0.20679029109353403,0.16625381182714719,0.26706259353546236,0.10080878170831517
random_40,000000000000000003c8,crop_loss,test_site,40,40,31.52791302002759,35.07712054007046,31.52791302002759,0.1960085687396086,0.16865763517963397,0.24254874427523335,0.07389110909559937
random_40,000000000000000003f1,crop_loss,test_site,40,40,37.08076431842805,36.50377506030963,36.50377506030963,0.46789403955953585,0.38043522864649026,0.5280048048119431,0.14756957616545285
random_40,000000000000000003f2,crop_loss,test_site,40,40,32.295812321829175,30.173849266025456,30.173849266025456,0.46902475020020723,0.42889809297062476,0.5083030951595974,0.07940500218897262
random_40,0000000000000000044b,crop_loss,test_site,40,40,34.55536801817313,20.389957023619782,20.389957023619782,0.5499524949505816,0.5171097182301774,0.5845251356819555,0.06741541745177815
random_40,0000000000000000046c,crop_loss,test_site,40,40,31.636209030700016,38.553521955162665,31.636209030700016,0.4624800739963524,0.22970842216552834,0.5686222216048901,0.33891379943936173
random_40,00000000000000000480,crop_loss,test_site,40,40,39.81939980765775,20.400814270653704,20.400814270653704,0.8668979890740856,0.81492189302975,0.8947959738042869,0.07987408077453684
random_40,00000000000000000483,crop_loss,test_site,40,40,38.08663678456438,15.433446871989434,15.433446871989434,0.7489795148951078,0.6506103781207094,0.7892478184403269,0.13863744031961744
random_40,00000000000000000485,crop_loss,test_site,40,40,38.66505469007925,38.246835361179095,38.246835361179095,0.6835601417992121,0.6535835625654771,0.7222436122983205,0.06866004973284334
random_40,00000000000000000497,crop_loss,test_site,40,40,38.506309192016076,32.43490439574262,32.43490439574262,0.2420569042705251,0.1900300279277166,0.32104689949622645,0.13101687156850986
random_40,0000000000000000049b,crop_loss,test_site,40,40,37.99059558673602,32.651690689542335,32.651690689542335,0.3300049660907235,0.30511289396013663,0.35616759035827,0.05105469639813337
random_40,000000000000000004a1,crop_loss,test_site,40,40,28.61532968785841,36.711741972923036,28.61532968785841,0.34179729735561243,0.3153751158064072,0.4035082388318786,0.08813312302547138
random_40,000000000000000004e7,crop_loss,test_site,40,40,34.41780215028744,27.989003190103883,27.989003190103883,0.4900849837725075,0.4554038485697432,0.5289322053742027,0.07352835680445952
random_40,000000000000000004e9,crop_loss,test_site,40,40,37.25212849260644,24.301084835058266,24.301084835058266,0.34503655396163246,0.25980141391661454,0.479121726768853,0.21932031285223846
random_40,000000000000000004ee,crop_loss,test_site,40,40,38.86003468097629,27.01753917581231,27.01753917581231,0.4700504449794882,0.3844686063751511,0.5821026823815137,0.19763407600636262
random_40,000000000000000004f9,crop_loss,test_site,40,40,37.8270499887363,36.64276711954567,36.64276711954567,0.2776915883189347,0.20891668054971252,0.3885174537031038,0.1796007731533913
random_40,00000000000000000517,crop_loss,test_site,40,40,35.923957702105255,31.57973409665079,31.57973409665079,0.2762771162315783,0.2059183634152427,0.4311451154465449,0.22522675203130219
random_40,00000000000000000538,crop_loss,test_site,40,40,36.10300552767312,1.2745238454805765,1.2745238454805765,0.2989346952801416,0.26335836770473164,0.3187413475706795,0.05538297986594787
random_40,0000000000000000057e,crop_loss,test_site,40,40,38.6210215587696,7.364633223222141,7.364633223222141,0.5224637131444588,0.49954232059824005,0.5668831723766682,0.06734085177842813
random_40,000000000000000005d1,crop_loss,test_site,40,40,35.58380443743285,25.925723587709914,25.925723587709914,0.19164450103931316,0.1311084033132982,0.2855726534002317,0.15446425008693349
random_40,00000000000000000611,crop_loss,test_site,40,40,37.05581222758625,33.27400678110434,33.27400678110434,0.6270775798396657,0.5934718149391376,0.6837129018219748,0.09024108688283716
random_40,0000000000000000062f,crop_loss,test_site,40,40,32.43836965624887,33.468794205610386,32.43836965624887,0.4034959574418983,0.3402797188996335,0.5370054483025752,0.19672572940294175
random_40,00000000000000000632,crop_loss,test_site,40,40,37.20654955736315,23.024883171695805,23.024883171695805,0.08303515727694823,0.05385821537352291,0.10192236123766733,0.048064145864144425
random_40,0000000000000000063e,crop_loss,test_site,40,40,37.77563620192854,37.26490384317643,37.26490384317643,0.3281879078906314,0.27486612848706093,0.42428108124481745,0.14941495275775651
random_40,00000000000000000655,crop_loss,test_site,40,40,36.755178551789776,27.14100050525787,27.14100050525787,0.5660449164402228,0.38458828372429205,0.6214160148753018,0.2368277311510098
random_40,00000000000000000697,crop_loss,test_site,40,40,32.88408710896087,36.81038368696328,32.88408710896087,0.6077310924219979,0.5578547657047326,0.6700571332078367,0.11220236750310408
random_40,00000000000000000698,crop_loss,test_site,40,40,24.02968870634585,36.0665747294442,24.02968870634585,0.4006338096077959,0.33574965630901143,0.47353673599109275,0.13778707968208131
random_40,000000000000000006a8,crop_loss,test_site,40,40,37.87243898340356,38.08865929633184,37.87243898340356,0.2339899648262256,0.14995126454106514,0.35472114533328086,0.20476988079221572
random_40,000000000000000006b4,crop_loss,test_site,40,40,36.41287921027591,36.47758898009035,36.41287921027591,0.5399678747944429,0.4439494726889103,0.6085796555917515,0.16463018290284126
random_40,000000000000000006be,crop_loss,test_site,40,40,34.75796673401734,21.09262714334668,21.09262714334668,0.40219656986363606,0.3542986742366921,0.47412545057961775,0.11982677634292566
random_40,000000000000000006c0,crop_loss,test_site,40,40,37.01791727154926,5.281531887478841,5.281531887478841,0.16843866179707367,0.14011709904308994,0.22026417281948074,0.0801470737763908
random_40,000000000000000006ce,crop_loss,test_site,40,40,36.56205475299939,28.101002186697542,28.101002186697542,0.5494570506522213,0.433140408919685,0.642559089554387,0.20941868063470198
random_40,000000000000000006d9,crop_loss,test_site,40,40,35.02005948401841,36.000363520104735,35.02005948401841,0.2060328490468308,0.16941155578200218,0.24763650073111573,0.07822494494911356
random_40,000000000000000006e5,crop_loss,test_site,40,40,34.061156695653445,37.85596622988874,34.061156695653445,0.5365129930671139,0.47458074480384993,0.6212623987392467,0.14668165393539678
random_40,00000000000000000151,built_loss,test_site,40,40,36.6595064296498,11.797920946319927,11.797920946319927,0.2647557204124141,0.2334655992998435,0.3132894664965,0.07982386719665652
random_40,000000000000000001be,built_loss,test_site,40,40,31.89834112853811,6.876582101431812,6.876582101431812,0.4999688597523518,0.4594380774028545,0.5509133934546083,0.09147531605175385
random_40,0000000000000000034d,built_loss,test_site,40,40,32.59706947039495,9.803045096570086,9.803045096570086,0.38938996664013587,0.36237326566995387,0.4376525467196834,0.07527928104972953
random_40,000000000000000003c7,crop_loss,test_site,40,40,38.79656317844004,27.158150680894177,27.158150680894177,0.713037737031668,0.6509450253298462,0.7690545396403196,0.11810951431047334
random_40,0000000000000000004a,built_loss,test_site,40,40,34.36546558489557,21.402614337007456,21.402614337007456,0.4452495178161665,0.4075424942976611,0.4729810070788349,0.0654385127811738
random_40,00000000000000000206,built_loss,test_site,40,40,31.863103071523593,35.19225552422417,31.863103071523593,0.7779347205032676,0.7194145868616751,0.8182028331842619,0.09878824632258676
random_40,000000000000000002a4,built_loss,test_site,40,40,37.58713917583274,17.145809832807494,17.145809832807494,0.43155045913900525,0.36985272889397275,0.4899352718692866,0.12008254297531384
random_40,000000000000000004f5,built_loss,test_site,40,40,36.990133385883205,16.20901835065905,16.20901835065905,0.45446393825921827,0.39317269530684285,0.5410764834578992,0.14790378815105631
random_40,000000000000000002cc,crop_loss,test_site,40,40,34.690288775981095,23.111237817626353,23.111237817626353,0.35700612684654065,0.23679872613163466,0.5097650343771636,0.2729663082455289
random_40,000000000000000006cc,crop_loss,test_site,40,40,30.735212776864127,36.581233526130816,30.735212776864127,0.36220346745876586,0.31974395741071493,0.417683472968116,0.09793951555740105
random_40,0000000000000000016c,crop_loss,test_site,40,40,37.91725119499429,34.14428082760937,34.14428082760937,0.4354737414828056,0.39403353264993085,0.5088173054333267,0.11478377278339585
random_60,00000000000000000085,built_loss,test_site,60,60,52.56969312267657,29.56568248230378,29.56568248230378,0.37180548872697017,0.31062284813568874,0.42115821303366024,0.1105353648979715
random_60,00000000000000000114,built_loss,test_site,60,60,40.304219266891565,39.519802319469434,39.519802319469434,0.6795946288436158,0.6410172213685168,0.7381092257420843,0.09709200437356746
random_60,0000000000000000024c,built_loss,test_site,60,60,50.25540361738575,36.60441998848863,36.60441998848863,0.7261329337323155,0.6868595542503277,0.7580636532444807,0.07120409899415292
random_60,00000000000000000375,built_loss,test_site,60,60,43.276124724546,50.996233221708465,43.276124724546,0.6485878097508485,0.5908190738369927,0.7015090370589434,0.11068996322195068
random_60,000000000000000004d2,built_loss,test_site,60,60,53.44834304076025,37.66347008267869,37.66347008267869,0.6269631857123242,0.5806223705781602,0.7051206501112063,0.12449827953304604
random_60,000000000000000005bd,built_loss,test_site,60,60,44.462481953128794,7.5565819690279055,7.5565819690279055,0.5465671149146663,0.4775993355002212,0.623974725277463,0.1463753897772418
random_60,00000000000000000281,crop_loss,test_site,60,60,51.501238030529386,51.91113219697731,51.501238030529386,0.5327622153734998,0.48909758216799226,0.5792622875156758,0.0901647053476835
random_60,000000000000000003a2,crop_loss,test_site,60,60,40.019184413310875,49.50406899002247,40.019184413310875,0.37216063050531095,0.3295526842504837,0.4460988699022038,0.11654618565172015
random_60,00000000000000000001,built_loss,test_site,60,60,49.154355222456104,32.87854871258176,32.87854871258176,0.452684274581935,0.3884711539317605,0.501848770425292,0.11337761649353145
random_60,00000000000000000049,built_loss,test_site,60,60,50.17049011044449,7.884563354377442,7.884563354377442,0.46376972061555527,0.3990554554158907,0.49936879740103973,0.10031334198514902
random_60,0000000000000000004f,built_loss,test_site,60,60,53.851647415633956,40.77087738803918,40.77087738803918,0.419212389273269,0.36387680243243964,0.48115376958798284,0.1172769671555432
random_60,0000000000000000005a,built_loss,test_site,60,60,49.34416057072926,39.30729588827266,39.30729588827266,0.45291141046465605,0.4132677631428735,0.4801304934049422,0.06686273026206868
random_60,00000000000000000079,built_loss,test_site,60,60,52.880613567701126,53.558569451208996,52.880613567701126,0.608351299867271,0.5692925426135219,0.6722927257719853,0.10300018315846338
random_60,00000000000000000087,built_loss,test_site,60,60,55.95683844744905,50.9725157677197,50.9725157677197,0.6154742122870229,0.5125983112412802,0.6622489579817595,0.14965064674047934
random_60,000000000000000000a1,built_loss,test_site,60,60,54.14054006422986,17.28371029795201,17.28371029795201,0.4548083347357212,0.39763086976676704,0.4764108660720572,0.07877999630529015
random_60,000000000000000000b8,built_loss,test_site,60,60,53.11831238907762,23.338897337708513,23.338897337708513,0.47879482165225584,0.41553652486252485,0.5824883823920574,0.1669518575295325
random_60,000000000000000000c0,built_loss,test_site,60,60,43.91750003838595,47.514168933640484,43.91750003838595,0.6451366013553445,0.5613956238666137,0.6769498342762277,0.115554210409614
random_60,000000000000000000e2,built_loss,test_site,60,60,52.81155813364588,26.275700656338344,26.275700656338344,0.39031544920035194,0.34048369687804364,0.47277960936893004,0.1322959124908864
random_60,000000000000000000f0,built_loss,test_site,60,60,51.8183178682987,40.01963235451704,40.01963235451704,0.6765773401943421,0.5962194720055087,0.7216811406574696,0.12546166865196084
random_60,000000000000000000f8,built_loss,test_site,60,60,48.62659307378341,50.0520815372433,48.62659307378341,0.49616923859474726,0.45840918903231204,0.5663659899637348,0.10795680093142274
random_60,0000000000000000011c,built_loss,test_site,60,60,55.226986572574354,14.318399770881346,14.318399770881346,0.7246178190370731,0.6916682676422622,0.7613577355115198,0.06968946786925756
random_60,00000000000000000161,built_loss,test_site,60,60,56.05586561132235,42.100392989601026,42.100392989601026,0.6360835758710885,0.5921945295423717,0.6770113128366169,0.08481678329424513
random_60,0000000000000000016a,built_loss,test_site,60,60,50.54547872624738,13.215171901305524,13.215171901305524,0.2485201251525062,0.211107542486575,0.29156652320649407,0.08045898071991905
random_60,00000000000000000176,built_loss,test_site,60,60,53.807977631343114,42.18418596440375,42.18418596440375,0.6419044554243812,0.5838660823542743,0.6720151464925698,0.08814906413829549
random_60,000000000000000001a8,built_loss,test_site,60,60,49.135864120655405,47.95606597606793,47.95606597606793,0.5411555894155888,0.4971237351637005,0.5899242197404929,0.09280048457679241
random_60,000000000000000001cd,built_loss,test_site,60,60,49.81271806945724,54.65449073616379,49.81271806945724,0.7890805561804345,0.7420978685343543,0.8330809091792172,0.09098304064486284
random_60,000000000000000001e5,built_loss,test_site,60,60,46.24500611275273,29.848737927452856,29.848737927452856,0.5858321544474335,0.5333374525256511,0.6595382133844678,0.1262007608588167
random_60,00000000000000000209,built_loss,test_site,60,60,54.42625565962509,47.30499187803578,47.30499187803578,0.6162983134919564,0.5699199122918467,0.6728761830010523,0.10295627070920566
random_60,00000000000000000231,built_loss,test_site,60,60,51.145953908124724,51.57694290170019,51.145953908124724,0.5291575087954808,0.48011683226681784,0.5847371082870859,0.10462027602026808
random_60,0000000000000000026d,built_loss,test_site,60,60,47.44817074539498,44.2562256519814,44.2562256519814,0.5877866908907452,0.5476476294972211,0.6613375331580426,0.11368990366082143
random_60,00000000000000000278,built_loss,test_site,60,60,47.290515243255776,48.884419519212976,47.290515243255776,0.7886012500417067,0.736027219450282,0.824320349174348,0.088293129724066
random_60,00000000000000000293,built_loss,test_site,60,60,49.17132417635993,35.4994278322367,35.4994278322367,0.48544113050852683,0.4475425967096151,0.5246682785148089,0.0771256818051938
random_60,00000000000000000316,built_loss,test_site,60,60,51.13324712161543,4.1333076828594155,4.1333076828594155,0.12251100209463514,0.102267862649887,0.14403769530738453,0.04176983265749752
random_60,00000000000000000356,built_loss,test_site,60,60,49.20308467417242,47.57744438240995,47.57744438240995,0.5574955038021365,0.4988426112257839,0.6551326839872046,0.1562900727614207
random_60,00000000000000000362,built_loss,test_site,60,60,54.98178553916069,53.11883977562621,53.11883977562621,0.5495300073075485,0.5081893456418609,0.6023153668678153,0.09412602122595437
random_60,00000000000000000363,built_loss,test_site,60,60,52.89637970941193,37.27470674252391,37.27470674252391,0.25840250504705664,0.23534449925783985,0.3058757401947671,0.07053124093692725
random_60,00000000000000000364,built_loss,test_site,60,60,49.514566092751906,51.746507481475355,49.514566092751906,0.5951595270422794,0.5394855084417942,0.6686302302292428,0.12914472178744862
random_60,00000000000000000380,built_loss,test_site,60,60,51.11262404254828,41.01080776321533,41.01080776321533,0.5322442406030253,0.47874178427780384,0.5650214513754424,0.08627966709763851
random_60,00000000000000000384,built_loss,test_site,60,60,49.44568445837892,35.0933759255615,35.0933759255615,0.5714131661987562,0.542001789903648,0.62178120730221,0.07977941739856198
random_60,0000000000000000039e,built_loss,test_site,60,60,56.61619832030967,17.12549820020439,17.12549820020439,0.5113831671673208,0.4744462513993018,0.5503017062761908,0.075855454876889
random_60,000000000000000003a1,built_loss,test_site,60,60,52.19628226267016,32.00657319697589,32.00657319697589,0.6139022616396725,0.5636759168874402,0.6616653191736221,0.09798940228618191
random_60,000000000000000003a5,built_loss,test_site,60,60,52.362774958970526,42.748167202716346,42.748167202716346,0.37481158626540484,0.3398976515488441,0.46295004202498513,0.12305239047614103
random_60,000000000000000003b7,built_loss,test_site,60,60,54.22987815097952,21.748812075104002,21.748812075104002,0.5134545697106578,0.4838858775913405,0.5419531942149014,0.058067316623560905
random_60,000000000000000003bf,built_loss,test_site,60,60,48.11457929110703,49.388983764160145,48.11457929110703,0.5185807727281287,0.48678708262617904,0.5680278397243009,0.0812407570981219
random_60,000000000000000003d2,built_loss,test_site,60,60,48.85268736295522,50.855603311306666,48.85268736295522,0.5826904800681832,0.5420169019781965,0.6598908974903243,0.11787399551212774
random_60,000000000000000003f8,built_loss,test_site,60,60,51.59862638833838,16.25800146311256,16.25800146311256,0.22317579855078487,0.19690304164042327,0.24738650746441998,0.05048346582399671
random_60,000000000000000003fa,built_loss,test_site,60,60,48.454539488406375,53.72930303383591,48.454539488406375,0.4059891134528564,0.3804221830961859,0.44705860778958706,0.06663642469340114
random_60,00000000000000000407,built_loss,test_site,60,60,48.44880789361558,48.18307421855099,48.18307421855099,0.5808867680357753,0.5090211324856557,0.6294825486844742,0.12046141619881845
random_60,0000000000000000040f,built_loss,test_site,60,60,51.08396968086917,40.58833937381152,40.58833937381152,0.5256331312488028,0.5110968221667654,0.5430182250661639,0.03192140289939849
random_60,00000000000000000426,built_loss,test_site,60,60,44.83133753599591,46.12695020762643,44.83133753599591,0.5670809836222482,0.5373189692696626,0.626674679070436,0.08935570980077334
random_60,0000000000000000042b,built_loss,test_site,60,60,52.671056339661334,44.557964278339846,44.557964278339846,0.5751588443242495,0.524449489111892,0.6427807175966749,0.11833122848478284
random_60,00000000000000000442,built_loss,test_site,60,60,51.92117098162108,10.286133559402625,10.286133559402625,0.6022291268333408,0.3199804357988989,0.7182178172279997,0.3982373814291008
random_60,00000000000000000465,built_loss,test_site,60,60,56.2779777864517,46.676372213415995,46.676372213415995,0.6193080776973241,0.580248511128338,0.6679641856760875,0.08771567454774953
random_60,0000000000000000047e,built_loss,test_site,60,60,56.76163481265165,31.860586265211445,31.860586265211445,0.5256685913249147,0.48391651410158537,0.5619673693260538,0.07805085522446847
random_60,00000000000000000490,built_loss,test_site,60,60,52.7252943171546,51.018000150287634,51.018000150287634,0.6417924242725829,0.6107023544999429,0.6999484180444614,0.08924606354451847
random_60,000000000000000004c0,built_loss,test_site,60,60,46.58126313254312,45.47741641191978,45.47741641191978,0.6256289423399084,0.589942105191633,0.6698477730428538,0.07990566785122077
random_60,000000000000000004c5,built_loss,test_site,60,60,50.45077976360901,27.084824841480277,27.084824841480277,0.5524673489670482,0.5151246135194849,0.634432246922145,0.11930763340266004
random_60,000000000000000004d9,built_loss,test_site,60,60,49.859376552914604,41.39309169711772,41.39309169711772,0.5534948347368608,0.5196037444276593,0.5917113250375531,0.07210758060989375
random_60,000000000000000004eb,built_loss,test_site,60,60,49.170660404556806,49.155039749930026,49.155039749930026,0.4570219863000157,0.4229510770647163,0.49453190288001225,0.07158082581529596
random_60,000000000000000004f7,built_loss,test_site,60,60,52.6341304270081,19.986208763889024,19.986208763889024,0.48580786315216584,0.46190952867614493,0.507582912837376,0.04567338416123107
random_60,000000000000000004fe,built_loss,test_site,60,60,52.82965485046728,26.870097868053314,26.870097868053314,0.5064336559784784,0.47635656732280374,0.5270449299032032,0.05068836258039944
random_60,0000000000000000051d,built_loss,test_site,60,60,56.13045553989363,31.60727355041328,31.60727355041328,0.4316795929854504,0.3308574624733068,0.6012107833004432,0.2703533208271364
random_60,00000000000000000559,built_loss,test_site,60,60,50.59049283401515,49.21084673452018,49.21084673452018,0.6656023277375924,0.6213359650245608,0.7235058290231395,0.10216986399857875
random_60,00000000000000000576,built_loss,test_site,60,60,56.030406853851304,21.381725670534834,21.381725670534834,0.252519144218135,0.21263845877666082,0.28282120420024964,0.07018274542358882
random_60,00000000000000000577,built_loss,test_site,60,60,53.831288055845285,23.840292764935512,23.840292764935512,0.4630188228846949,0.40800177547644284,0.5525352300265941,0.14453345455015126
random_60,0000000000000000057f,built_loss,test_site,60,60,46.17388039793429,5.685278770612301,5.685278770612301,0.40670610290335624,0.35790044121447484,0.4437270641753461,0.08582662296087123
random_60,00000000000000000594,built_loss,test_site,60,60,55.71990862316127,26.69201295226475,26.69201295226475,0.37436128024368914,0.3011773840526574,0.49405520749861975,0.19287782344596233
random_60,000000000000000005ad,built_loss,test_site,60,60,53.88203226135953,44.89169471605209,44.89169471605209,0.6398146897423052,0.580884362256521,0.6815954974423634,0.1007111351858424
random_60,000000000000000005bf,built_loss,test_site,60,60,54.007827234664575,36.58539683190927,36.58539683190927,0.40562120027039267,0.36555040201414946,0.43174207674655063,0.06619167473240117
random_60,000000000000000005cc,built_loss,test_site,60,60,46.68534779503545,21.963523362700233,21.963523362700233,0.3563280161392645,0.32937087806889753,0.3875247277645868,0.058153849695689264
random_60,000000000000000005de,built_loss,test_site,60,60,47.951244479308656,42.5439895674035,42.5439895674035,0.43858740503687527,0.4163382940506654,0.4569719356593933,0.0406336416087279
random_60,000000000000000005e7,built_loss,test_site,60,60,48.08530527549362,52.20482398022607,48.08530527549362,0.6030716749321525,0.5073544695756607,0.6689048988424741,0.1615504292668134
random_60,000000000000000005f9,built_loss,test_site,60,60,55.31727924700226,34.3464070554222,34.3464070554222,0.6694982408278768,0.6216329468564065,0.729815084409511,0.10818213755310457
random_60,0000000000000000061c,built_loss,test_site,60,60,54.23435052334306,35.69868480122849,35.69868480122849,0.4034676036628138,0.3480746254961388,0.4403963958462835,0.09232177035014466
random_60,00000000000000000624,built_loss,test_site,60,60,40.06987005277895,10.046918515418634,10.046918515418634,0.516280234271748,0.44891522755836977,0.5670990741257447,0.1181838465673749
random_60,00000000000000000626,built_loss,test_site,60,60,48.34905192760745,43.64600794688129,43.64600794688129,0.5142391422896918,0.48987670663152205,0.5566709846800273,0.06679427804850524
random_60,0000000000000000062a,built_loss,test_site,60,60,48.010357348628034,45.68782641327552,45.68782641327552,0.5731526523233986,0.5238483528619565,0.6439179231574498,0.12006957029549326
random_60,00000000000000000636,built_loss,test_site,60,60,48.36920881575465,30.255961751910274,30.255961751910274,0.534392231984015,0.4730269205478782,0.6319580361451008,0.15893111559722262
random_60,0000000000000000064a,built_loss,test_site,60,60,53.208475545064985,7.57336349042251,7.57336349042251,0.2820344475077098,0.22968836448683735,0.30892584558284736,0.07923748109601
random_60,0000000000000000064d,built_loss,test_site,60,60,51.95745426960774,15.389393255036321,15.389393255036321,0.46511354051510495,0.4180539046674976,0.4991305443619627,0.0810766396944651
random_60,00000000000000000694,built_loss,test_site,60,60,55.22195575386406,46.05370641349957,46.05370641349957,0.39320649437872474,0.3530593129782086,0.4123492511075289,0.05928993812932032
random_60,0000000000000000069d,built_loss,test_site,60,60,51.64175559357563,45.074586202331965,45.074586202331965,0.6613802381288362,0.6281747038198696,0.705629760453549,0.07745505663367935
random_60,000000000000000006b7,built_loss,test_site,60,60,48.043936083751696,44.38422348522048,44.38422348522048,0.4696834553306896,0.44426762048620533,0.5056048789748697,0.06133725848866439
random_60,000000000000000006df,built_loss,test_site,60,60,51.33201989269874,30.08447985810253,30.08447985810253,0.24786788783621153,0.20418658531881556,0.3591344480068151,0.15494786268799954
random_60,000000000000000006e3,built_loss,test_site,60,60,52.48457105153157,38.71246474470871,38.71246474470871,0.37997538215611115,0.34372040040868906,0.43983335172114696,0.0961129513124579
random_60,00000000000000000011,crop_loss,test_site,60,60,46.252770954687264,43.52616712029507,43.52616712029507,0.833256147215811,0.6253909774031841,0.8655218007115161,0.24013082330833202
random_60,0000000000000000002b,crop_loss,test_site,60,60,54.67769320634503,48.105912207166284,48.105912207166284,0.15778315196378803,0.10156499149950039,0.23659539762051784,0.13503040612101747
random_60,0000000000000000002d,crop_loss,test_site,60,60,54.545991281315395,55.32462017511984,54.545991281315395,0.506079606095605,0.4332579866486285,0.5579784385744029,0.12472045192577436
random_60,0000000000000000003a,crop_loss,test_site,60,60,48.449070222720394,54.43715804207713,48.449070222720394,0.3135994727468657,0.26493757067335255,0.35909308802607764,0.0941555173527251
random_60,0000000000000000009b,crop_loss,test_site,60,60,48.04250513401825,30.842778745921642,30.842778745921642,0.49712088171348906,0.48626759323357643,0.5113323431427912,0.025064749909214756
random_60,0000000000000000009d,crop_loss,test_site,60,60,53.775553751702596,11.997544439760057,11.997544439760057,0.3896944772221516,0.3338783886084674,0.42789282586124,0.09401443725277259
random_60,000000000000000000a8,crop_loss,test_site,60,60,54.631537199936616,44.711857381177126,44.711857381177126,0.22077548562491375,0.1904069494264804,0.23551858296913006,0.04511163354264966
random_60,000000000000000000da,crop_loss,test_site,60,60,35.26175247923547,54.85258710128067,35.26175247923547,0.7684030098499912,0.7076867434463862,0.7851487659998035,0.07746202255341739
random_60,000000000000000000e3,crop_loss,test_site,60,60,52.25488095345976,50.85429649420489,50.85429649420489,0.4712102516106237,0.4037757736427305,0.5423765874115137,0.13860081376878325
random_60,000000000000000000e9,crop_loss,test_site,60,60,50.33891503942722,12.39193711415132,12.39193711415132,0.413870625752883,0.32365125082658264,0.46568166769228697,0.14203041686570433
random_60,0000000000000000011b,crop_loss,test_site,60,60,55.44246917738211,42.63412027524365,42.63412027524365,0.48777105794872,0.46773316859172703,0.5128346777541551,0.04510150916242811
random_60,00000000000000000128,crop_loss,test_site,60,60,44.45119244531464,45.53160749727212,44.45119244531464,0.5358936864094206,0.5213579943374551,0.561657727916216,0.04029973357876093
random_60,00000000000000000192,crop_loss,test_site,60,60,54.160802012389155,51.766403519045895,51.766403519045895,0.547488030291261,0.5133442554685759,0.5778394473159263,0.06449519184735042
random_60,00000000000000000196,crop_loss,test_site,60,60,50.87407622415797,35.130796370573314,35.130796370573314,0.23887314866783713,0.20816075935686168,0.2921107131726014,0.08394995381573972
random_60,000000000000000001a6,crop_loss,test_site,60,60,54.822530938345075,47.359962962899516,47.359962962899516,0.32884298111324944,0.24473215250754987,0.37959633943456267,0.1348641869270128
random_60,000000000000000001e4,crop_loss,test_site,60,60,49.39821470592111,47.40351253216679,47.40351253216679,0.5135638843698549,0.48198235002236234,0.5355576052406446,0.053575255218282214
random_60,000000000000000001f9,crop_loss,test_site,60,60,49.477967084871686,46.44516732051015,46.44516732051015,0.5258278246176191,0.39964780026048247,0.7074780166960506,0.3078302164355681
random_60,00000000000000000228,crop_loss,test_site,60,60,52.84968253788115,39.8084624207725,39.8084624207725,0.38556491872593385,0.2918209115468264,0.5257192309022618,0.23389831935543542
random_60,0000000000000000028c,crop_loss,test_site,60,60,52.47127893333192,7.210276967224889,7.210276967224889,0.3037030404402287,0.25982743820248466,0.359834529707194,0.10000709150470932
random_60,0000000000000000028d,crop_loss,test_site,60,60,53.32794120722709,31.355129571632887,31.355129571632887,0.6812068303949366,0.6041914050221857,0.7454960390931665,0.14130463407098082
random_60,00000000000000000291,crop_loss,test_site,60,60,52.390495342189645,30.736118064088213,30.736118064088213,0.8796078982179869,0.8602314106377262,0.8995732540918479,0.03934184345412162
random_60,000000000000000002c5,crop_loss,test_site,60,60,51.07784982352805,44.91246918566333,44.91246918566333,0.31571818768786636,0.27270026197998115,0.38045871444966733,0.10775845246968618
random_60,000000000000000002dc,crop_loss,test_site,60,60,48.25679885984025,53.99863663878725,48.25679885984025,0.6567844955142426,0.6098982083913257,0.6937362551178281,0.08383804672650241
random_60,000000000000000002e4,crop_loss,test_site,60,60,47.95187595016073,52.266327647682616,47.95187595016073,0.3136389095708506,0.25826389721723914,0.36961107913411506,0.11134718191687593
random_60,000000000000000002ec,crop_loss,test_site,60,60,53.26023221882934,53.71384260085848,53.26023221882934,0.5258147904952005,0.46641676741207155,0.5771476948348733,0.11073092742280172
random_60,00000000000000000314,crop_loss,test_site,60,60,50.684949691316916,40.12035805601936,40.12035805601936,0.08324058786142051,0.05205113401212309,0.14920880842750642,0.09715767441538332
random_60,00000000000000000335,crop_loss,test_site,60,60,51.343620910164034,48.59517876366774,48.59517876366774,0.4592201032398379,0.38691954537269196,0.4995214477272779,0.11260190235458595
random_60,0000000000000000033a,crop_loss,test_site,60,60,36.98827715372118,49.67958758129591,36.98827715372118,0.5156324831516558,0.45885933033592635,0.5811498553059655,0.12229052497003917
random_60,000000000000000003b0,crop_loss,test_site,60,60,50.709961659880214,53.446961572869,50.709961659880214,0.22081216135148207,0.17692217371651342,0.2638054672151879,0.08688329349867446
random_60,000000000000000003c8,crop_loss,test_site,60,60,54.01213718581458,48.50452644045291,48.50452644045291,0.21075530427327105,0.17210016150451418,0.249403467708796,0.07730330620428183
random_60,000000000000000003f1,crop_loss,test_site,60,60,53.80439832132618,51.15641095756505,51.15641095756505,0.4538438165213213,0.41177991390949803,0.5147608120679632,0.10298089815846517
random_60,000000000000000003f2,crop_loss,test_site,60,60,50.48039484397646,42.77992438059019,42.77992438059019,0.4622862444049985,0.4149919670371201,0.5140042682722535,0.09901230123513344
random_60,0000000000000000044b,crop_loss,test_site,60,60,52.212841024597,25.845049290686436,25.845049290686436,0.5643208919799283,0.543779573343033,0.5980841957736625,0.0543046224306295
random_60,0000000000000000046c,crop_loss,test_site,60,60,48.37344973106095,52.96818797623974,48.37344973106095,0.4642747424254155,0.2979822329007471,0.5452417730094173,0.24725954010867024
random_60,00000000000000000480,crop_loss,test_site,60,60,54.411802623674994,21.08607982399521,21.08607982399521,0.8770558677788968,0.8228965291966065,0.9003634390447939,0.07746690984818738
random_60,00000000000000000483,crop_loss,test_site,60,60,53.59827659964639,20.054979878426607,20.054979878426607,0.7373603136271026,0.6390643851599705,0.7753104934642198,0.1362461083042492
random_60,00000000000000000485,crop_loss,test_site,60,60,46.177273810304605,55.8512459226554,46.177273810304605,0.7091473617270881,0.6577066433574448,0.7397615965561917,0.0820549531987469
random_60,00000000000000000497,crop_loss,test_site,60,60,52.47747437265092,46.244452199342895,46.244452199342895,0.2236558324047024,0.1955827268437377,0.28064110123452585,0.08505837439078814
random_60,0000000000000000049b,crop_loss,test_site,60,60,50.00812260936444,47.051413795168536,47.051413795168536,0.35726438905471786,0.3093312615342619,0.3838958587288398,0.07456459719457792
random_60,000000000000000004a1,crop_loss,test_site,60,60,48.30682595002121,51.67685384664945,48.30682595002121,0.3260199366243234,0.29436664960909137,0.39301400928890445,0.09864735967981308
random_60,000000000000000004e7,crop_loss,test_site,60,60,51.47061589957342,38.38452900131852,38.38452900131852,0.5178370611530422,0.49407948106188715,0.5388439141901602,0.04476443312827305
random_60,000000000000000004e9,crop_loss,test_site,60,60,50.46785627497119,33.74953440849448,33.74953440849448,0.3279982056878651,0.28054328616081015,0.4219401375317082,0.14139685137089808
random_60,000000000000000004ee,crop_loss,test_site,60,60,51.76295921040071,33.59876389877787,33.59876389877787,0.473060180215187,0.3568413429722859,0.5466248350348789,0.18978349206259298
random_60,000000000000000004f9,crop_loss,test_site,60,60,48.94513238016071,49.243417256362626,48.94513238016071,0.42446929967820823,0.3070836679574839,0.512336301266097,0.2052526333086131
random_60,00000000000000000517,crop_loss,test_site,60,60,56.21917557023692,37.992180102773574,37.992180102773574,0.29813264743502854,0.2134765521436198,0.42250904244016174,0.20903249029654195
random_60,00000000000000000538,crop_loss,test_site,60,60,53.4532785376319,1.2681216174560932,1.2681216174560932,0.29703491756912476,0.27985957094247543,0.32192191699855655,0.04206234605608111
random_60,0000000000000000057e,crop_loss,test_site,60,60,51.27730827872952,10.121009275240903,10.121009275240903,0.5419435127093005,0.5166822003138075,0.5647841174725009,0.048101917158693386
random_60,000000000000000005d1,crop_loss,test_site,60,60,53.52138981097807,29.230183235330653,29.230183235330653,0.1359125032639729,0.11448529488791172,0.18679657686437087,0.07231128197645915
random_60,00000000000000000611,crop_loss,test_site,60,60,53.36186637192283,50.31225642268805,50.31225642268805,0.6211112619963163,0.5894980531639763,0.666377778032365,0.07687972486838868
random_60,0000000000000000062f,crop_loss,test_site,60,60,47.98482214814648,47.5220821599802,47.5220821599802,0.468433207867979,0.3523619867753764,0.5775936204792892,0.2252316337039128
random_60,00000000000000000632,crop_loss,test_site,60,60,55.11505449003891,24.70797619764223,24.70797619764223,0.08393717849411132,0.07257977462029291,0.09440705432058287,0.021827279700289956
random_60,0000000000000000063e,crop_loss,test_site,60,60,49.79305345252525,50.572088336802096,49.79305345252525,0.28682680865036986,0.2617404710704764,0.36512839579292744,0.10338792472245106
random_60,00000000000000000655,crop_loss,test_site,60,60,53.131102171828495,37.30625631234268,37.30625631234268,0.4133178542663935,0.29820053443318156,0.5584746456886835,0.260274111255502
random_60,00000000000000000697,crop_loss,test_site,60,60,51.20123078835724,53.43491980644301,51.20123078835724,0.5820573018335596,0.5376470908125848,0.6328321673598842,0.09518507654729946
random_60,00000000000000000698,crop_loss,test_site,60,60,32.42857719846458,54.10702682017811,32.42857719846458,0.42377612150014055,0.3824529499853329,0.4540181643922835,0.07156521440695057
random_60,000000000000000006a8,crop_loss,test_site,60,60,49.55654929571824,50.92029494534216,49.55654929571824,0.29861939076581895,0.23160848238352424,0.362498310039106,0.13088982765558174
random_60,000000000000000006b4,crop_loss,test_site,60,60,48.19945942596587,56.33452968598386,48.19945942596587,0.5578522738010477,0.4295091612878255,0.6112105017943222,0.18170134050649672
random_60,000000000000000006be,crop_loss,test_site,60,60,40.803295119419595,25.860407769563746,25.860407769563746,0.38454085470519367,0.34175554657288926,0.42793083136301463,0.08617528479012537
random_60,000000000000000006c0,crop_loss,test_site,60,60,54.23403618401364,6.036181388075094,6.036181388075094,0.19193954815339848,0.16104352679618403,0.23424248072511797,0.07319895392893394
random_60,000000000000000006ce,crop_loss,test_site,60,60,51.47036192139316,41.90177582465238,41.90177582465238,0.5641886659900996,0.48211466409672876,0.6185851900026399,0.13647052590591113
random_60,000000000000000006d9,crop_loss,test_site,60,60,41.07427107509939,50.65178012617402,41.07427107509939,0.21128738571671454,0.17083523512613966,0.2502285296697725,0.07939329454363284
random_60,000000000000000006e5,crop_loss,test_site,60,60,50.861236087141314,50.11357400542364,50.11357400542364,0.5438227256204771,0.5010662715561713,0.6040700978593907,0.10300382630321936
random_60,00000000000000000151,built_loss,test_site,60,60,51.47710259128283,13.221450508934586,13.221450508934586,0.2689745815529405,0.24385749598441028,0.30287436414355806,0.05901686815914778
random_60,000000000000000001be,built_loss,test_site,60,60,48.77237185833349,6.110230914791602,6.110230914791602,0.531023736301462,0.4559418265272074,0.5920525961643525,0.13611076963714508
random_60,0000000000000000034d,built_loss,test_site,60,60,50.55611904565785,10.762407533164074,10.762407533164074,0.428018159804114,0.3990974268415998,0.4796172494464295,0.0805198226048297
random_60,000000000000000003c7,crop_loss,test_site,60,60,55.209838231713164,32.53030553668201,32.53030553668201,0.686411979917794,0.6283023821454669,0.7288933557219178,0.10059097357645097
random_60,0000000000000000004a,built_loss,test_site,60,60,54.396944610773694,24.785109483276553,24.785109483276553,0.4419262435095468,0.42262039672054086,0.457925097252709,0.035304700532168165
random_60,00000000000000000206,built_loss,test_site,60,60,46.23874454448446,49.56984830409114,46.23874454448446,0.7350295381242767,0.6600278811426498,0.7790257066253027,0.11899782548265292
random_60,000000000000000002a4,built_loss,test_site,60,60,53.5724371645654,19.220636923726214,19.220636923726214,0.39627262232102684,0.347852395595808,0.44514744820119545,0.09729505260538746
random_60,000000000000000004f5,built_loss,test_site,60,60,55.885736573756034,21.02365316547708,21.02365316547708,0.4635112228536555,0.4004874089657806,0.5202442528970223,0.11975684393124164
random_60,000000000000000002cc,crop_loss,test_site,60,60,52.1907533668196,26.036005910069377,26.036005910069377,0.4152465997733518,0.28330213954925015,0.5682889312850414,0.2849867917357913
random_60,000000000000000006cc,crop_loss,test_site,60,60,38.39911836618495,55.78729002736639,38.39911836618495,0.3450578936524447,0.31499007658196676,0.3903163639552167,0.07532628737324992
random_60,0000000000000000016c,crop_loss,test_site,60,60,51.12609452119285,50.32702631658288,50.32702631658288,0.4928559559136966,0.42741983642092496,0.5440505130593599,0.11663067663843496
random_100,00000000000000000085,built_loss,test_site,100,100,71.29810336185173,33.748376253476536,33.748376253476536,0.39354638385843327,0.3274212671552013,0.43246013903937314,0.10503887188417182
random_100,00000000000000000114,built_loss,test_site,100,100,55.418987713147445,60.10948817825964,55.418987713147445,0.6814796386966279,0.6401164516462049,0.7100031865326859,0.069886734886481
random_100,0000000000000000024c,built_loss,test_site,100,100,72.3318271064398,47.49303434182926,47.49303434182926,0.7157987079804445,0.6933844665146551,0.7382847168626128,0.04490025034795764
random_100,00000000000000000375,built_loss,test_site,100,100,67.07892221512003,66.46228848209603,66.46228848209603,0.6636427916295601,0.6425190739232907,0.6979893375628209,0.055470263639530226
random_100,000000000000000004d2,built_loss,test_site,100,100,78.91676595945162,55.24592518962331,55.24592518962331,0.6099783470288064,0.581384318458704,0.648628762997145,0.06724444453844103
random_100,000000000000000005bd,built_loss,test_site,100,100,70.1701635648834,7.6674671186089505,7.6674671186089505,0.5724746907054712,0.5335496486351018,0.6162280331064958,0.08267838447139397
random_100,00000000000000000281,crop_loss,test_site,100,100,64.59303778982982,83.97831764647749,64.59303778982982,0.5176650907595726,0.48001092010258034,0.5435991269276247,0.06358820682504435
random_100,000000000000000003a2,crop_loss,test_site,100,100,55.01293234410202,76.57500942862268,55.01293234410202,0.3318222738535446,0.2878018135500145,0.38544975582426927,0.09764794227425477
random_100,00000000000000000001,built_loss,test_site,100,100,82.31021489909912,33.616730673262055,33.616730673262055,0.44576607785688627,0.4208943651113442,0.4846489470562913,0.0637545819449471
random_100,00000000000000000049,built_loss,test_site,100,100,65.33220441036177,5.979664220717655,5.979664220717655,0.4931784321263063,0.47366461305282087,0.5073267133995693,0.03366210034674838
random_100,0000000000000000004f,built_loss,test_site,100,100,81.34395319936925,56.199509550434,56.199509550434,0.43387156391440995,0.3769653461805473,0.486162790591276,0.1091974444107287
random_100,0000000000000000005a,built_loss,test_site,100,100,74.92158472311134,55.46294734248542,55.46294734248542,0.4341876403329874,0.41105040944733734,0.4582117997210249,0.04716139027368754
random_100,00000000000000000079,built_loss,test_site,100,100,80.01733648334555,80.8260313621305,80.01733648334555,0.610284403541861,0.5732656580033703,0.66012192680048,0.08685626879710973
random_100,00000000000000000087,built_loss,test_site,100,100,79.21655261637723,73.2121196411277,73.2121196411277,0.5266498190547633,0.4881502143923769,0.6003632321892931,0.11221301779691623
random_100,000000000000000000a1,built_loss,test_site,100,100,88.20462311786918,17.6882472124585,17.6882472124585,0.4493490161217572,0.41113174339459774,0.46508030599297495,0.053948562598377214
random_100,000000000000000000b8,built_loss,test_site,100,100,81.15034238948641,28.357448503430046,28.357448503430046,0.5311818475002759,0.42705630582082243,0.5966492229868208,0.16959291716599834
random_100,000000000000000000c0,built_loss,test_site,100,100,65.79328111858965,67.02425450685003,65.79328111858965,0.6135637693591418,0.5555453137095075,0.6492364283432014,0.09369111463369384
random_100,000000000000000000e2,built_loss,test_site,100,100,85.73093589373883,38.115518343397355,38.115518343397355,0.3793295411885945,0.34019342563519483,0.41846838016362775,0.07827495452843292
random_100,000000000000000000f0,built_loss,test_site,100,100,81.25769409953278,64.34052150319599,64.34052150319599,0.6679900963561605,0.6201977145431214,0.7087812815096624,0.0885835669665409
random_100,000000000000000000f8,built_loss,test_site,100,100,83.23790604220471,77.1970324027676,77.1970324027676,0.5584459640469653,0.5088960076912663,0.6054667853775089,0.09657077768624256
random_100,0000000000000000011c,built_loss,test_site,100,100,87.8602385203243,14.768463750288069,14.768463750288069,0.7250914899770797,0.6998725255299618,0.7459559780881375,0.0460834525581757
random_100,00000000000000000161,built_loss,test_site,100,100,73.64758720857209,66.84274516880477,66.84274516880477,0.6669426699012915,0.6396056052474328,0.7047976748982296,0.06519206965079682
random_100,0000000000000000016a,built_loss,test_site,100,100,78.48139398836226,13.955793046145505,13.955793046145505,0.24753650500039123,0.20176421250490462,0.2886532585903621,0.0868890460854575
random_100,00000000000000000176,built_loss,test_site,100,100,84.43817963883279,47.89110831548712,47.89110831548712,0.6577268895390618,0.6280964691392003,0.6861281748930191,0.058031705753818885
random_100,000000000000000001a8,built_loss,test_site,100,100,75.52263240040338,70.55412838726487,70.55412838726487,0.5869390663134306,0.538113403681321,0.6372069075541277,0.09909350387280669
random_100,000000000000000001cd,built_loss,test_site,100,100,81.85374883358142,80.10583520923674,80.10583520923674,0.7599614133742899,0.7073816378699657,0.7954337362774865,0.08805209840752082
random_100,000000000000000001e5,built_loss,test_site,100,100,58.54622961895326,39.934231564253444,39.934231564253444,0.5440990904736995,0.49321219250163245,0.6011245431610346,0.10791235065940213
random_100,00000000000000000209,built_loss,test_site,100,100,77.9194328706306,74.93491142700213,74.93491142700213,0.600126269845666,0.5683078508140316,0.659781597120677,0.0914737463066454
random_100,00000000000000000231,built_loss,test_site,100,100,78.89530785765454,72.48912283082812,72.48912283082812,0.5079632442802016,0.4749284177100752,0.5499798080368976,0.0750513903268224
random_100,0000000000000000026d,built_loss,test_site,100,100,76.12642061588119,53.82104312880953,53.82104312880953,0.5813015845916578,0.5406126632493959,0.6254340656235327,0.08482140237413671
random_100,00000000000000000278,built_loss,test_site,100,100,70.13247312666135,68.4280297874869,68.4280297874869,0.7927442142022334,0.7453153727992543,0.8240398286374359,0.07872445583818155
random_100,00000000000000000293,built_loss,test_site,100,100,57.9634265587696,49.073116239729,49.073116239729,0.49949752201092107,0.4576097563873346,0.5311256316430736,0.073515875255739
random_100,00000000000000000316,built_loss,test_site,100,100,81.70607512718182,3.9111803795294064,3.9111803795294064,0.11894973110107057,0.10325596517624304,0.13495019817280346,0.03169423299656042
random_100,00000000000000000356,built_loss,test_site,100,100,65.04672795362707,61.395676461733935,61.395676461733935,0.47572085796760727,0.39187580062197075,0.5674404758788762,0.1755646752569055
random_100,00000000000000000362,built_loss,test_site,100,100,81.88933572396769,71.52104360471029,71.52104360471029,0.578149959672384,0.5455607533344454,0.6345247797473329,0.08896402641288748
random_100,00000000000000000363,built_loss,test_site,100,100,79.28072842038672,51.76818570615345,51.76818570615345,0.2523768279986098,0.22186633583522747,0.277817831954826,0.05595149611959854
random_100,00000000000000000364,built_loss,test_site,100,100,72.75854791685646,78.73335188177232,72.75854791685646,0.6192298588967509,0.577885241814758,0.6762146081310126,0.09832936631625466
random_100,00000000000000000380,built_loss,test_site,100,100,79.89562540093574,51.96790238782394,51.96790238782394,0.4943172447382904,0.46821499434880876,0.5313675431227166,0.06315254877390786
random_100,00000000000000000384,built_loss,test_site,100,100,79.50078085733013,43.20567506559299,43.20567506559299,0.5942720153739336,0.5688981925826575,0.6268506753999238,0.05795248281726628
random_100,0000000000000000039e,built_loss,test_site,100,100,82.8853992679766,14.836781301202231,14.836781301202231,0.5119224468680891,0.47844474716364943,0.5392216258772969,0.06077687871364751
random_100,000000000000000003a1,built_loss,test_site,100,100,69.76397117607522,42.1690808309698,42.1690808309698,0.597156473421793,0.5666033883688681,0.6499963628667369,0.08339297449786875
random_100,000000000000000003a5,built_loss,test_site,100,100,81.04797238329276,53.18924145018097,53.18924145018097,0.37872335332412227,0.339068933845377,0.43343404263433805,0.09436510878896104
random_100,000000000000000003b7,built_loss,test_site,100,100,86.37011414189172,24.950473843451338,24.950473843451338,0.481176483284915,0.4681470566617989,0.4996303900768611,0.03148333341506221
random_100,000000000000000003bf,built_loss,test_site,100,100,77.02610613577798,73.87432558702034,73.87432558702034,0.5275568349855334,0.4942973100160266,0.564355765047051,0.07005845503102437
random_100,000000000000000003d2,built_loss,test_site,100,100,71.51305060456401,74.09437661265655,71.51305060456401,0.5902530908897715,0.5176791825521261,0.6446895129212807,0.12701033036915466
random_100,000000000000000003f8,built_loss,test_site,100,100,86.9899185356013,16.228999833352862,16.228999833352862,0.22000287817108286,0.20074167045598537,0.23738218015782717,0.036640509701841795
random_100,000000000000000003fa,built_loss,test_site,100,100,75.08986004667528,74.14309113100951,74.14309113100951,0.44064291543721634,0.4070831962829615,0.4670498723124261,0.059966676029464594
random_100,00000000000000000407,built_loss,test_site,100,100,74.57743964835487,77.6849321472843,74.57743964835487,0.5710881404030977,0.5318694713679507,0.6055663251374015,0.07369685376945079
random_100,0000000000000000040f,built_loss,test_site,100,100,68.47429255358018,57.98243338856625,57.98243338856625,0.5175390120208999,0.505405941799176,0.5343991583589812,0.028993216559805246
random_100,00000000000000000426,built_loss,test_site,100,100,57.46526370424741,67.40409243032735,57.46526370424741,0.5605947020251493,0.5271585071231171,0.591053934447302,0.06389542732418496
random_100,0000000000000000042b,built_loss,test_site,100,100,82.31712136442732,65.70426696498922,65.70426696498922,0.5773600135560975,0.5317868188317658,0.6164367082335097,0.0846498894017439
random_100,00000000000000000442,built_loss,test_site,100,100,78.21021506677866,11.866560232435027,11.866560232435027,0.32520011374050867,0.2835186767365321,0.4012676288472317,0.11774895211069963
random_100,00000000000000000465,built_loss,test_site,100,100,81.2219407646781,68.32551979350244,68.32551979350244,0.6502428139970662,0.609992768579418,0.6766003762369438,0.06660760765752582
random_100,0000000000000000047e,built_loss,test_site,100,100,87.68502671568476,41.49771553794205,41.49771553794205,0.517086674082226,0.5014997682601594,0.5526695006470694,0.05116973238691003
random_100,00000000000000000490,built_loss,test_site,100,100,82.16859719185756,73.79623087186982,73.79623087186982,0.6385259020391865,0.6080473993750476,0.6825272808866882,0.07447988151164064
random_100,000000000000000004c0,built_loss,test_site,100,100,64.48117622171851,69.06491332503316,64.48117622171851,0.6610561807849182,0.6266897640742491,0.6807061399041634,0.054016375829914254
random_100,000000000000000004c5,built_loss,test_site,100,100,77.16963990972434,31.303491468848634,31.303491468848634,0.5569497255512478,0.5234883248777339,0.6110667624705797,0.08757843759284578
random_100,000000000000000004d9,built_loss,test_site,100,100,78.28263532071287,64.30752417231034,64.30752417231034,0.5745541215686778,0.5383602939602585,0.6028721873079346,0.06451189334767604
random_100,000000000000000004eb,built_loss,test_site,100,100,72.37623148068643,74.66989707647349,72.37623148068643,0.45957729657260077,0.4393568141729847,0.4813104631561541,0.04195364898316939
random_100,000000000000000004f7,built_loss,test_site,100,100,75.79756086038716,18.807223558382752,18.807223558382752,0.4866655721096831,0.4700516288603573,0.5015845271170212,0.03153289825666389
random_100,000000000000000004fe,built_loss,test_site,100,100,86.82003905702807,36.163355346738385,36.163355346738385,0.4970509721353862,0.4806846474458932,0.5170274534920711,0.036342806046177956
random_100,0000000000000000051d,built_loss,test_site,100,100,85.80682442006646,33.13254414131507,33.13254414131507,0.5133369948162075,0.3887743315172074,0.6015778966603267,0.21280356514311927
random_100,00000000000000000559,built_loss,test_site,100,100,79.42821666500186,62.59478434238552,62.59478434238552,0.684723151743099,0.6543610023997489,0.720003557338755,0.06564255493900606
random_100,00000000000000000576,built_loss,test_site,100,100,85.35256518558707,24.114206302900413,24.114206302900413,0.2852475530433028,0.2447786536386411,0.3124804865937645,0.06770183295512339
random_100,00000000000000000577,built_loss,test_site,100,100,82.3522700777484,28.122466423244397,28.122466423244397,0.4691748755173136,0.4262746383197831,0.5332223691652265,0.1069477308454434
random_100,0000000000000000057f,built_loss,test_site,100,100,72.15471652313394,6.1016792638003565,6.1016792638003565,0.42102425618735745,0.3859202452754153,0.4646709539161418,0.07875070864072653
random_100,00000000000000000594,built_loss,test_site,100,100,74.8037887540511,37.58022451487996,37.58022451487996,0.505840212529389,0.4089009566861017,0.5907200438270843,0.1818190871409826
random_100,000000000000000005ad,built_loss,test_site,100,100,80.2819963533488,63.67485043395836,63.67485043395836,0.6656856203494744,0.6293994766993604,0.6896038152271416,0.06020433852778129
random_100,000000000000000005bf,built_loss,test_site,100,100,78.1912628572293,53.89693547536937,53.89693547536937,0.39570026902999805,0.3627785026112391,0.4181435416751042,0.055365039063865085
random_100,000000000000000005cc,built_loss,test_site,100,100,69.6294860741414,29.04890628263756,29.04890628263756,0.3529357357612959,0.33086897673981086,0.37827006396713214,0.04740108722732128
random_100,000000000000000005de,built_loss,test_site,100,100,72.51392583598448,56.300379951845734,56.300379951845734,0.44525085906362166,0.4137308924225773,0.46106742200949086,0.047336529586913534
random_100,000000000000000005e7,built_loss,test_site,100,100,61.317069709796606,78.33101981478363,61.317069709796606,0.6525479658247079,0.587695620818832,0.6842741411728498,0.09657852035401782
random_100,000000000000000005f9,built_loss,test_site,100,100,82.77219418026623,42.957548035452234,42.957548035452234,0.6262308378266901,0.5658692074787826,0.6864399337899365,0.12057072631115395
random_100,0000000000000000061c,built_loss,test_site,100,100,87.53718572274481,37.838808925457855,37.838808925457855,0.40738948898302835,0.3835723609784189,0.44212542904227264,0.05855306806385374
random_100,00000000000000000624,built_loss,test_site,100,100,66.28364470586251,12.23533348595553,12.23533348595553,0.49855119202106407,0.44549031758915325,0.5408614902427529,0.09537117265359962
random_100,00000000000000000626,built_loss,test_site,100,100,75.60275769066155,64.65004999295937,64.65004999295937,0.5038014716831825,0.47874054261582644,0.528554620332911,0.04981407771708457
random_100,0000000000000000062a,built_loss,test_site,100,100,70.41279630913317,66.29598727918348,66.29598727918348,0.5667409151185734,0.534425400470035,0.6031479150338812,0.06872251456384626
random_100,00000000000000000636,built_loss,test_site,100,100,74.17940546240791,41.0191330056848,41.0191330056848,0.5021887489485638,0.4056059229183631,0.5806405117758561,0.17503458885749296
random_100,0000000000000000064a,built_loss,test_site,100,100,81.52985080736369,10.3889845899819,10.3889845899819,0.29369685374244575,0.2712699591314833,0.3125113455486739,0.041241386417190606
random_100,0000000000000000064d,built_loss,test_site,100,100,82.92139420410197,26.90769998749957,26.90769998749957,0.45297309509870315,0.4090151528443411,0.49397167285472976,0.08495652001038867
random_100,00000000000000000694,built_loss,test_site,100,100,75.72207560603225,55.82570627577691,55.82570627577691,0.36962407525025576,0.354813477684307,0.3950427110062072,0.040229233321900204
random_100,0000000000000000069d,built_loss,test_site,100,100,71.78320833999085,66.71387348906616,66.71387348906616,0.6567461844194507,0.6229664915095154,0.6882615544986754,0.06529506298915999
random_100,000000000000000006b7,built_loss,test_site,100,100,73.59186166715077,61.02993613880904,61.02993613880904,0.4627099297657802,0.44287570078282246,0.4971888603307508,0.05431315954792837
random_100,000000000000000006df,built_loss,test_site,100,100,80.96873588409565,35.2523977768749,35.2523977768749,0.24863286991022557,0.21177098779398704,0.29245387778661147,0.08068288999262443
random_100,000000000000000006e3,built_loss,test_site,100,100,86.14261346190614,48.85848014573482,48.85848014573482,0.42641190650134236,0.38247668548377767,0.4794290439161343,0.09695235843235661
random_100,00000000000000000011,crop_loss,test_site,100,100,72.27158452573154,68.55800953083124,68.55800953083124,0.730354391026093,0.4946697443820608,0.8503850239422001,0.35571527956013926
random_100,0000000000000000002b,crop_loss,test_site,100,100,80.12501539212676,71.91080007855852,71.91080007855852,0.17517432661647428,0.13379444862681825,0.24712868945521724,0.11333424082839899
random_100,0000000000000000002d,crop_loss,test_site,100,100,74.15241272035895,82.96774269259514,74.15241272035895,0.48246691519483986,0.45077056988168346,0.5214156333046533,0.07064506342296989
random_100,0000000000000000003a,crop_loss,test_site,100,100,72.73339867889686,83.2926530296349,72.73339867889686,0.30532775223676484,0.2578958068027698,0.34573963638624877,0.08784382958347897
random_100,0000000000000000009b,crop_loss,test_site,100,100,68.7535684368096,33.44991344842438,33.44991344842438,0.4928844914718775,0.48637556155544626,0.4992350751733735,0.012859513617927254
random_100,0000000000000000009d,crop_loss,test_site,100,100,82.37554613234445,10.809523525100381,10.809523525100381,0.37409344656523735,0.32507324734156046,0.40490517144462823,0.07983192410306778
random_100,000000000000000000a8,crop_loss,test_site,100,100,80.9997502388096,54.43792486201271,54.43792486201271,0.2038031154052213,0.19064444731047997,0.22159963693374995,0.030955189623269985
random_100,000000000000000000da,crop_loss,test_site,100,100,46.12510876094646,84.79084743070273,46.12510876094646,0.7736581409080185,0.7427067727976704,0.7960423004358909,0.05333552763822047
random_100,000000000000000000e3,crop_loss,test_site,100,100,77.74458907524101,74.29369484011355,74.29369484011355,0.47989041138095245,0.42490543978246637,0.5086636388932757,0.08375819911080934
random_100,000000000000000000e9,crop_loss,test_site,100,100,76.411009260783,13.073521700200102,13.073521700200102,0.4038850602527873,0.3464512383808799,0.47105793514749783,0.12460669676661795
random_100,0000000000000000011b,crop_loss,test_site,100,100,86.08410229333191,51.07152219166567,51.07152219166567,0.45793972458203125,0.4421700460277784,0.48563230618413405,0.04346226015635568
random_100,00000000000000000128,crop_loss,test_site,100,100,63.958790700256536,61.65226630763485,61.65226630763485,0.5288331148962316,0.5158465915926899,0.5472852593341146,0.031438667741424786
random_100,00000000000000000192,crop_loss,test_site,100,100,82.6088150772073,72.57073737299498,72.57073737299498,0.5633278845993202,0.5343295263749592,0.5780314585346781,0.04370193215971885
random_100,00000000000000000196,crop_loss,test_site,100,100,77.02216271088106,39.72933780910155,39.72933780910155,0.2438537879987322,0.22394029108126634,0.2798097246538278,0.05586943357256147
random_100,000000000000000001a6,crop_loss,test_site,100,100,84.53173975626464,62.98497347331938,62.98497347331938,0.2722528888927655,0.21815810005678477,0.3229905062324843,0.10483240617569956
random_100,000000000000000001e4,crop_loss,test_site,100,100,63.11028348555719,78.03080139195528,63.11028348555719,0.49130377047352314,0.46172061617673615,0.5190767059642668,0.05735608978753065
random_100,000000000000000001f9,crop_loss,test_site,100,100,77.18356700410936,73.06960565748152,73.06960565748152,0.6664625013811083,0.4452744970374285,0.7746326792092271,0.3293581821717986
random_100,00000000000000000228,crop_loss,test_site,100,100,82.77329623703145,49.44141179236691,49.44141179236691,0.5198097367504713,0.3950857214171605,0.5620686963551437,0.1669829749379832
random_100,0000000000000000028c,crop_loss,test_site,100,100,79.68509304549876,8.017344778294794,8.017344778294794,0.3104154821610825,0.2784231434123229,0.34179961618783866,0.06337647277551578
random_100,0000000000000000028d,crop_loss,test_site,100,100,80.77228937276965,51.465085646238606,51.465085646238606,0.6692487482339626,0.6216051737221483,0.6971729396439673,0.07556776592181902
random_100,00000000000000000291,crop_loss,test_site,100,100,86.97464736053,38.21577199881462,38.21577199881462,0.8818759387456236,0.8730541733170767,0.8921401518680885,0.019085978551011795
random_100,000000000000000002c5,crop_loss,test_site,100,100,76.27415711172111,57.61076991499961,57.61076991499961,0.34410233834010473,0.29543017342395705,0.37298376881290063,0.07755359538894357
random_100,000000000000000002dc,crop_loss,test_site,100,100,71.72214002354295,76.1556843397607,71.72214002354295,0.651471001951427,0.6032387440298868,0.6853014317998745,0.08206268776998771
random_100,000000000000000002e4,crop_loss,test_site,100,100,73.11609376231068,80.14369904765378,73.11609376231068,0.3215288910092207,0.28792048765459394,0.3964355216398755,0.10851503398528156
random_100,000000000000000002ec,crop_loss,test_site,100,100,73.55441585726787,78.51381113078817,73.55441585726787,0.5167196172342085,0.45665234986475267,0.5634092100742104,0.10675686020945774
random_100,00000000000000000314,crop_loss,test_site,100,100,87.62786212694961,54.063380247846524,54.063380247846524,0.09614083993990703,0.06220706721338154,0.1275074463300416,0.06530037911666006
random_100,00000000000000000335,crop_loss,test_site,100,100,80.66009047940989,73.91676056908761,73.91676056908761,0.4512135685041144,0.4137994976686288,0.48208246704866387,0.06828296938003509
random_100,0000000000000000033a,crop_loss,test_site,100,100,55.866182440009766,77.83656976823933,55.866182440009766,0.530596993006267,0.48062175329360624,0.5640549178664602,0.08343316457285399
random_100,000000000000000003b0,crop_loss,test_site,100,100,76.23111124645301,80.85727900818904,76.23111124645301,0.22720683018406493,0.18636136473782278,0.2624662539922479,0.0761048892544251
random_100,000000000000000003c8,crop_loss,test_site,100,100,76.1065242718069,66.37096301940964,66.37096301940964,0.19712833565036209,0.17884919603484545,0.2274617030681876,0.04861250703334216
random_100,000000000000000003f1,crop_loss,test_site,100,100,76.66535177244637,79.48684399267393,76.66535177244637,0.47845858134005137,0.43334235928819814,0.5168299622164321,0.08348760292823393
random_100,000000000000000003f2,crop_loss,test_site,100,100,73.76638599221062,66.35308220257238,66.35308220257238,0.4900789039231681,0.45379042772243805,0.5086546216868241,0.05486419396438602
random_100,0000000000000000044b,crop_loss,test_site,100,100,75.78190430756833,28.744931908448795,28.744931908448795,0.5772634636816566,0.5588097303450904,0.6012150823232074,0.04240535197811701
random_100,0000000000000000046c,crop_loss,test_site,100,100,72.69948740744516,76.8288231109217,72.69948740744516,0.5108820253407497,0.4505584700586192,0.5574896984810045,0.10693122842238528
random_100,00000000000000000480,crop_loss,test_site,100,100,83.44356138333615,24.763328872576754,24.763328872576754,0.8647773557856236,0.814401763442338,0.8849105063947671,0.07050874295242915
random_100,00000000000000000483,crop_loss,test_site,100,100,78.178042346833,23.72271606362528,23.72271606362528,0.7528212781559955,0.6961872944283475,0.7830448128382737,0.08685751840992617
random_100,00000000000000000485,crop_loss,test_site,100,100,69.43969045768169,84.3697192286185,69.43969045768169,0.7024702721367897,0.6836557707249097,0.7248260007790901,0.04117023005418041
random_100,00000000000000000497,crop_loss,test_site,100,100,87.58684260488582,67.51088327219331,67.51088327219331,0.23444462902007668,0.19550585044407182,0.28395678372747757,0.08845093328340575
random_100,0000000000000000049b,crop_loss,test_site,100,100,81.69986153172803,71.69349879985022,71.69349879985022,0.36208146592538704,0.3349359604025707,0.37596765806034116,0.04103169765777048
random_100,000000000000000004a1,crop_loss,test_site,100,100,65.64703005870588,82.56123395747086,65.64703005870588,0.34781355026729494,0.32115241209338796,0.39553823154857226,0.0743858194551843
random_100,000000000000000004e7,crop_loss,test_site,100,100,76.90913351828655,41.9894240425945,41.9894240425945,0.4975443203869253,0.4740265201690027,0.5125748569624988,0.03854833679349612
random_100,000000000000000004e9,crop_loss,test_site,100,100,80.92340606169236,37.411945900630876,37.411945900630876,0.3313860559037743,0.2787589266082748,0.46627406001523347,0.1875151334069587
random_100,000000000000000004ee,crop_loss,test_site,100,100,77.92672655714988,48.76173643204926,48.76173643204926,0.3888558730030298,0.29222511055229866,0.4698453448154497,0.17762023426315104
random_100,000000000000000004f9,crop_loss,test_site,100,100,79.30157620156393,68.12957190956257,68.12957190956257,0.3606658132286198,0.3024083728800539,0.4713882250876859,0.168979852207632
random_100,00000000000000000517,crop_loss,test_site,100,100,80.79694012531864,58.057002677200366,58.057002677200366,0.3038921327233812,0.2294028210987661,0.36504403583108336,0.13564121473231724
random_100,00000000000000000538,crop_loss,test_site,100,100,82.67254162345841,1.2666497870959026,1.2666497870959026,0.3009064776636643,0.27938565493352996,0.32281202669000364,0.04342637175647368
random_100,0000000000000000057e,crop_loss,test_site,100,100,81.14457434144319,10.08458811199281,10.08458811199281,0.5385314487264147,0.5241885826389249,0.5599116758575426,0.035723093218617774
random_100,000000000000000005d1,crop_loss,test_site,100,100,78.20007277078363,36.37000765997875,36.37000765997875,0.14254819251967218,0.12292481058054047,0.2078711356278457,0.08494632504730523
random_100,00000000000000000611,crop_loss,test_site,100,100,83.01229045607433,72.12011826559201,72.12011826559201,0.6635260058662016,0.6284573668294274,0.6891622373565935,0.06070487052716611
random_100,0000000000000000062f,crop_loss,test_site,100,100,77.10951345637834,71.54527195739404,71.54527195739404,0.4504569542577955,0.3800478680855434,0.5226139125808696,0.14256604449532623
random_100,00000000000000000632,crop_loss,test_site,100,100,86.5532761622864,32.82304805941086,32.82304805941086,0.07701254822090596,0.06412044640481399,0.08919161260654239,0.025071166201728404
random_100,0000000000000000063e,crop_loss,test_site,100,100,68.21345618474498,74.17847649280228,68.21345618474498,0.3011323999569301,0.2746795618547207,0.33579959785658015,0.061120036001859446
random_100,00000000000000000655,crop_loss,test_site,100,100,81.32110223516956,52.86083377602306,52.86083377602306,0.5072721853525394,0.3442803032777889,0.58978099806734,0.24550069478955105
random_100,00000000000000000697,crop_loss,test_site,100,100,77.9964098918725,85.43931835215272,77.9964098918725,0.6232506422547099,0.5792077938234236,0.6593741446570903,0.08016635083366674
random_100,00000000000000000698,crop_loss,test_site,100,100,39.645677243815804,80.71185646988495,39.645677243815804,0.4220623891515007,0.3903363280396417,0.4575168853184747,0.06718055727883299
random_100,000000000000000006a8,crop_loss,test_site,100,100,73.57856358168193,79.99757203037335,73.57856358168193,0.30258547725811863,0.2606133755943181,0.3366080350499619,0.07599465945564382
random_100,000000000000000006b4,crop_loss,test_site,100,100,75.28425778371653,80.37550515478995,75.28425778371653,0.5260506773701435,0.4692146846252701,0.5799474433878667,0.11073275876259664
random_100,000000000000000006be,crop_loss,test_site,100,100,70.00118006491621,34.848458828682,34.848458828682,0.41579279278416664,0.38010391066383725,0.45558292032117653,0.07547900965733928
random_100,000000000000000006c0,crop_loss,test_site,100,100,84.51808386722671,6.625649944201713,6.625649944201713,0.18681851102253091,0.1611076852934435,0.21539664778617393,0.054288962492730436
random_100,000000000000000006ce,crop_loss,test_site,100,100,81.0273804635852,55.42593768772464,55.42593768772464,0.5805988982688876,0.4961730186546235,0.6332151179612908,0.13704209930666733
random_100,000000000000000006d9,crop_loss,test_site,100,100,62.390847215545,82.3049812745435,62.390847215545,0.1903515173556219,0.16505064274143047,0.22860718640387986,0.0635565436624494
random_100,000000000000000006e5,crop_loss,test_site,100,100,78.76698014644,79.6240096338949,78.76698014644,0.5280159488960374,0.47231332186564406,0.580225703199925,0.10791238133428088
random_100,00000000000000000151,built_loss,test_site,100,100,80.21339481791027,16.116417536882075,16.116417536882075,0.25721994094061523,0.2402910486244734,0.27812432669303594,0.03783327806856254
random_100,000000000000000001be,built_loss,test_site,100,100,75.02567519078221,6.808274512476964,6.808274512476964,0.5139802074309038,0.47794982479691306,0.5629248536402344,0.08497502884332131
random_100,0000000000000000034d,built_loss,test_site,100,100,86.5542835544935,11.180088932146347,11.180088932146347,0.41276443191662937,0.39317092792520636,0.43625780686883525,0.04308687894362889
random_100,000000000000000003c7,crop_loss,test_site,100,100,85.26200435743259,44.33470648598331,44.33470648598331,0.712501564649952,0.6726475254207663,0.7615845991933325,0.08893707377256621
random_100,0000000000000000004a,built_loss,test_site,100,100,84.8231305796358,26.670384504034,26.670384504034,0.4399635974690063,0.4227701632983629,0.4549114005312207,0.03214123723285778
random_100,00000000000000000206,built_loss,test_site,100,100,66.2792341902092,77.20719523289729,66.2792341902092,0.7470837853266461,0.7010732882126676,0.7664343868276252,0.06536109861495765
random_100,000000000000000002a4,built_loss,test_site,100,100,82.62296013057998,25.243598541585325,25.243598541585325,0.4113313291342232,0.3898809449835566,0.4428118015333971,0.05293085654984053
random_100,000000000000000004f5,built_loss,test_site,100,100,79.94817236207052,23.903798351781305,23.903798351781305,0.4506053578846734,0.4205320402508028,0.4847594010922103,0.06422736084140745
random_100,000000000000000002cc,crop_loss,test_site,100,100,76.15374894077402,36.407513948924134,36.407513948924134,0.45639057926265925,0.3574273644781173,0.5670807211196636,0.20965335664154627
random_100,000000000000000006cc,crop_loss,test_site,100,100,49.49896829476389,83.86073835350565,49.49896829476389,0.34026528135047746,0.31996191739976626,0.3697800707389917,0.04981815333922546
random_100,0000000000000000016c,crop_loss,test_site,100,100,76.31517400538948,69.99264212547048,69.99264212547048,0.4583489423814819,0.41347468232611934,0.5060710695747878,0.09259638724866842
random_150,00000000000000000085,built_loss,test_site,150,150,101.64694238755263,42.06879287628983,42.06879287628983,0.3492608848499275,0.3217959642111546,0.3897879201420044,0.06799195593084983
random_150,00000000000000000114,built_loss,test_site,150,150,68.81244810954306,70.92879706805448,68.81244810954306,0.6916133503077991,0.6582675380715676,0.7211015289696311,0.06283399089806352
random_150,0000000000000000024c,built_loss,test_site,150,150,97.84329072412075,62.42033514354027,62.42033514354027,0.7113355601813515,0.6836115159592047,0.7347354570311483,0.051123941071943624
random_150,00000000000000000375,built_loss,test_site,150,150,83.20869885005864,88.2168589081478,83.20869885005864,0.6420471700763378,0.6036725636597509,0.6826075894983341,0.07893502583858325
random_150,000000000000000004d2,built_loss,test_site,150,150,104.06846140782393,58.56261770410425,58.56261770410425,0.6161392528439184,0.5898564436538827,0.6578937059710765,0.06803726231719387
random_150,000000000000000005bd,built_loss,test_site,150,150,101.14175544181185,8.12210780632389,8.12210780632389,0.5713113270209731,0.5381972002588709,0.6058870998637077,0.06768989960483685
random_150,00000000000000000281,crop_loss,test_site,150,150,91.59634482045384,103.29659674415656,91.59634482045384,0.5283014815373365,0.5088594120316311,0.5433175416964525,0.034458129664821424
random_150,000000000000000003a2,crop_loss,test_site,150,150,69.86669311534895,106.48203781958419,69.86669311534895,0.3519274562990061,0.32157667895209774,0.4115130854823511,0.08993640653025337
random_150,00000000000000000001,built_loss,test_site,150,150,108.06575650210763,41.090877014685184,41.090877014685184,0.4700219525646264,0.4400194703543949,0.4895929089328372,0.049573438578442264
random_150,00000000000000000049,built_loss,test_site,150,150,96.2991019027251,6.728317856961423,6.728317856961423,0.48778584265357083,0.46471607510113055,0.5021289583055004,0.03741288320436986
random_150,0000000000000000004f,built_loss,test_site,150,150,101.4869987877829,73.53979275037243,73.53979275037243,0.445506060446791,0.40257490600712453,0.47982147784404766,0.07724657183692313
random_150,0000000000000000005a,built_loss,test_site,150,150,100.41565207116787,68.90148364090086,68.90148364090086,0.4399669590472583,0.4172144336472881,0.45676712582881834,0.039552692181530236
random_150,00000000000000000079,built_loss,test_site,150,150,105.71484122289782,108.95680280019803,105.71484122289782,0.6239126116383638,0.5927991202915086,0.6649519408213408,0.07215282052983218
random_150,00000000000000000087,built_loss,test_site,150,150,104.78462284574064,102.6427199891087,102.6427199891087,0.587583918143766,0.534369142201418,0.6478723632532988,0.11350322105188082
random_150,000000000000000000a1,built_loss,test_site,150,150,109.31657841656799,19.762618976373506,19.762618976373506,0.4391261388689804,0.40638037512813296,0.4600261252276817,0.05364575009954875
random_150,000000000000000000b8,built_loss,test_site,150,150,119.41084596125006,29.835599910690078,29.835599910690078,0.5258721755146272,0.4715626065236232,0.5827783975306748,0.11121579100705165
random_150,000000000000000000c0,built_loss,test_site,150,150,80.39655787738893,89.98771776480528,80.39655787738893,0.6340180860224984,0.604527060066692,0.6577446491892794,0.05321758912258745
random_150,000000000000000000e2,built_loss,test_site,150,150,114.8022115197571,38.92773667043395,38.92773667043395,0.380239283091668,0.35133667339635927,0.41498619654433,0.06364952314797073
random_150,000000000000000000f0,built_loss,test_site,150,150,108.79126827704481,77.27392118136487,77.27392118136487,0.6834581890896754,0.6461313039242853,0.7236636468559399,0.07753234293165456
random_150,000000000000000000f8,built_loss,test_site,150,150,108.92924992152665,88.2687034452167,88.2687034452167,0.5371454111310522,0.4983122707400601,0.5713987164793323,0.07308644573927214
random_150,0000000000000000011c,built_loss,test_site,150,150,127.4108947222295,14.998887700473547,14.998887700473547,0.7314060007734299,0.7143689302278488,0.7533210480867628,0.03895211785891406
random_150,00000000000000000161,built_loss,test_site,150,150,107.00180162079432,89.23595837857027,89.23595837857027,0.6484807836217713,0.6261846053695831,0.6747766288487905,0.048592023479207436
random_150,0000000000000000016a,built_loss,test_site,150,150,113.07415950274033,14.637762388415945,14.637762388415945,0.25119969106234286,0.21922860555318394,0.2745308500204897,0.05530224446730578
random_150,00000000000000000176,built_loss,test_site,150,150,119.62477969278562,59.72073346246738,59.72073346246738,0.6516742534629705,0.6320112033089649,0.674103170476103,0.042091967167138145
random_150,000000000000000001a8,built_loss,test_site,150,150,97.81694295627214,96.67811488408714,96.67811488408714,0.5486510692980192,0.511358768172164,0.5951748773687769,0.08381610919661298
random_150,000000000000000001cd,built_loss,test_site,150,150,101.63569074754815,104.24872455151475,101.63569074754815,0.7664236785151244,0.7225574809736924,0.8031022115734548,0.08054473059976242
random_150,000000000000000001e5,built_loss,test_site,150,150,77.23401215349752,44.68100246492624,44.68100246492624,0.5788740521968776,0.545966048344046,0.6254596312159133,0.07949358287186725
random_150,00000000000000000209,built_loss,test_site,150,150,105.92924149856685,101.93667123578686,101.93667123578686,0.6422536120831104,0.5941786216023061,0.6759037574509275,0.0817251358486214
random_150,00000000000000000231,built_loss,test_site,150,150,106.89096020507817,95.57314635702295,95.57314635702295,0.5309147478876515,0.5043428311376545,0.5662068465454824,0.06186401540782782
random_150,0000000000000000026d,built_loss,test_site,150,150,108.6427806175167,74.0707809949762,74.0707809949762,0.5809961298016239,0.5515785780715299,0.6158535608515351,0.06427498278000521
random_150,00000000000000000278,built_loss,test_site,150,150,85.12753889703316,93.51966827742069,85.12753889703316,0.7621434057855119,0.7244440265761164,0.8018069672929681,0.07736294071685168
random_150,00000000000000000293,built_loss,test_site,150,150,74.93038821794084,56.601073565858115,56.601073565858115,0.4833606710932437,0.4511450150801101,0.511442012632769,0.06029699755265888
random_150,00000000000000000316,built_loss,test_site,150,150,106.91005470175035,3.864220262440442,3.864220262440442,0.12485134090110572,0.11661146797487337,0.13140117438616644,0.014789706411293069
random_150,00000000000000000356,built_loss,test_site,150,150,88.620232863452,81.98685997279601,81.98685997279601,0.5283592183805822,0.4731527675919332,0.5923839278526711,0.11923116026073793
random_150,00000000000000000362,built_loss,test_site,150,150,113.71855033566544,98.55011368277576,98.55011368277576,0.5693120903623203,0.5234156503269078,0.5942678565633697,0.07085220623646182
random_150,00000000000000000363,built_loss,test_site,150,150,107.40709186394453,64.04408902628074,64.04408902628074,0.23658578913944717,0.21196377366489436,0.26074541522001266,0.0487816415551183
random_150,00000000000000000364,built_loss,test_site,150,150,99.52787688819787,107.09137814358272,99.52787688819787,0.6036061897261796,0.571271788433483,0.6421196801410178,0.0708478917075348
random_150,00000000000000000380,built_loss,test_site,150,150,107.80681687517297,65.83130347993017,65.83130347993017,0.4989781904620656,0.4753042072524275,0.540182190439669,0.06487798318724147
random_150,00000000000000000384,built_loss,test_site,150,150,103.98887918671262,46.089086673859605,46.089086673859605,0.5788741871666757,0.5585020611140644,0.6042848585950932,0.04578279748102876
random_150,0000000000000000039e,built_loss,test_site,150,150,108.72553894879286,18.519096209378095,18.519096209378095,0.5058294713883487,0.4697200474987838,0.5249462465720574,0.05522619907327353
random_150,000000000000000003a1,built_loss,test_site,150,150,90.4761256146966,46.699346696543834,46.699346696543834,0.6314900249160014,0.5945607684639713,0.6640586980792073,0.06949792961523593
random_150,000000000000000003a5,built_loss,test_site,150,150,109.33455959781017,61.43054008045464,61.43054008045464,0.3980068609911329,0.3650295480053625,0.44352393945972385,0.07849439145436132
random_150,000000000000000003b7,built_loss,test_site,150,150,116.8021907559693,27.658646989554857,27.658646989554857,0.4913935626463932,0.4741211346560476,0.5069438818494174,0.032822747193369806
random_150,000000000000000003bf,built_loss,test_site,150,150,95.2395413502313,93.93610845035231,93.93610845035231,0.5384446912312325,0.5213962152297946,0.572357304005687,0.05096108877589234
random_150,000000000000000003d2,built_loss,test_site,150,150,93.14565328747321,102.2435818599438,93.14565328747321,0.6174240695477167,0.5654789322575686,0.65313090224642,0.08765196998885139
random_150,000000000000000003f8,built_loss,test_site,150,150,121.25495537655381,18.25963735365209,18.25963735365209,0.2253602063259395,0.2104550623045638,0.24244696371516228,0.03199190141059849
random_150,000000000000000003fa,built_loss,test_site,150,150,94.45836697724148,95.81873858429142,94.45836697724148,0.42235023740757643,0.39510817003426874,0.44971729481333134,0.0546091247790626
random_150,00000000000000000407,built_loss,test_site,150,150,94.28937250882467,108.78156742305877,94.28937250882467,0.5525005305373214,0.5094914447042423,0.585200246058013,0.07570880135377067
random_150,0000000000000000040f,built_loss,test_site,150,150,80.15340705735231,71.9171387826925,71.9171387826925,0.5262135088230921,0.5122342698760018,0.538075241972972,0.025840972096970116
random_150,00000000000000000426,built_loss,test_site,150,150,76.82301933545352,84.60910871006871,76.82301933545352,0.5628381806983577,0.5407340207463418,0.5925711578844474,0.05183713713810556
random_150,0000000000000000042b,built_loss,test_site,150,150,105.46193126691328,86.67355096156449,86.67355096156449,0.5673852747200654,0.5403524078364109,0.6009326789784888,0.06058027114207787
random_150,00000000000000000442,built_loss,test_site,150,150,112.54987741325981,10.877401798951373,10.877401798951373,0.42674607306146245,0.3221420365475126,0.570424716879754,0.24828268033224143
random_150,00000000000000000465,built_loss,test_site,150,150,104.73771362581313,94.12428613419553,94.12428613419553,0.632083999998605,0.5912138726730546,0.6558767362355483,0.06466286356249373
random_150,0000000000000000047e,built_loss,test_site,150,150,116.55491890477114,41.91603565402425,41.91603565402425,0.5284695737574818,0.5125123062460453,0.564421102662885,0.051908796416839764
random_150,00000000000000000490,built_loss,test_site,150,150,111.58120004217405,103.6772790176656,103.6772790176656,0.6407468645865252,0.6170300677194615,0.6712115544559425,0.054181486736481044
random_150,000000000000000004c0,built_loss,test_site,150,150,87.11230488776934,83.68733554981628,83.68733554981628,0.6378828756876878,0.6152293190760167,0.6640721071994522,0.048842788123435454
random_150,000000000000000004c5,built_loss,test_site,150,150,98.24047121397142,35.42870504135053,35.42870504135053,0.5850621795219244,0.5544218996530385,0.6217759118085073,0.06735401215546888
random_150,000000000000000004d9,built_loss,test_site,150,150,101.99407067762586,78.90324452070485,78.90324452070485,0.556326987303415,0.5354472526413065,0.57674340071679,0.04129614807548343
random_150,000000000000000004eb,built_loss,test_site,150,150,99.8102439680707,98.97285049923029,98.97285049923029,0.45115091328205886,0.436804748527225,0.4704835576847011,0.03367880915747612
random_150,000000000000000004f7,built_loss,test_site,150,150,106.52998829277638,22.41276888635478,22.41276888635478,0.4848486326448866,0.46705832401221586,0.49672564993021495,0.029667325917999088
random_150,000000000000000004fe,built_loss,test_site,150,150,115.58614514438527,42.50874991766546,42.50874991766546,0.5036939264668838,0.48250251584637927,0.5195554310693674,0.03705291522298815
random_150,0000000000000000051d,built_loss,test_site,150,150,116.99116621326075,42.573671530734586,42.573671530734586,0.48669767715411094,0.39652535497954733,0.5593510121386192,0.16282565715907182
random_150,00000000000000000559,built_loss,test_site,150,150,105.7964457017319,84.45068886096995,84.45068886096995,0.6907084832584054,0.6593655049721913,0.7215674577254916,0.062201952753300316
random_150,00000000000000000576,built_loss,test_site,150,150,116.960666564212,28.06183802532219,28.06183802532219,0.26267992105208815,0.24223045456908254,0.2908348313722917,0.04860437680320917
random_150,00000000000000000577,built_loss,test_site,150,150,119.69263457273573,29.827176871585756,29.827176871585756,0.46429259061573686,0.4297871322534286,0.5169234141757313,0.08713628192230266
random_150,0000000000000000057f,built_loss,test_site,150,150,95.10210233194987,5.800480018558346,5.800480018558346,0.4074776484607925,0.3841596316952544,0.44431740059075175,0.06015776889549734
random_150,00000000000000000594,built_loss,test_site,150,150,116.06598232191448,40.53138357572075,40.53138357572075,0.5318080732060044,0.4668735769429136,0.6214975830055128,0.15462400606259924
random_150,000000000000000005ad,built_loss,test_site,150,150,103.73178471127382,88.88182313841439,88.88182313841439,0.6415214189336059,0.6121410435875907,0.677324804335726,0.06518376074813526
random_150,000000000000000005bf,built_loss,test_site,150,150,107.98898668644308,63.573703129750214,63.573703129750214,0.40147421217562734,0.38402692393317717,0.42682004170447496,0.042793117771297795
random_150,000000000000000005cc,built_loss,test_site,150,150,84.23975984125967,29.37775342186544,29.37775342186544,0.3546520465942518,0.3358985179467264,0.3681627859748955,0.03226426802816906
random_150,000000000000000005de,built_loss,test_site,150,150,95.70419765523233,71.05853067928967,71.05853067928967,0.4377986549749991,0.42207681658710616,0.44987667193392805,0.02779985534682189
random_150,000000000000000005e7,built_loss,test_site,150,150,81.89617185215587,105.5521877358255,81.89617185215587,0.6446760257557093,0.5933338707812535,0.6749555960360861,0.08162172525483258
random_150,000000000000000005f9,built_loss,test_site,150,150,115.40481516127,44.00261977968449,44.00261977968449,0.6779563191680914,0.6367857118799739,0.6990272631461149,0.06224155126614095
random_150,0000000000000000061c,built_loss,test_site,150,150,114.09860812710878,48.60662158211717,48.60662158211717,0.4078473342594003,0.38503178085629464,0.4374062898828676,0.05237450902657298
random_150,00000000000000000624,built_loss,test_site,150,150,82.96814479475674,11.602380033061484,11.602380033061484,0.5061969985494694,0.4682318716995918,0.5408694712670263,0.07263759956743454
random_150,00000000000000000626,built_loss,test_site,150,150,100.13344230108783,79.09576955321435,79.09576955321435,0.508235514661079,0.48527557122043485,0.5264904524167906,0.041214881196355746
random_150,0000000000000000062a,built_loss,test_site,150,150,102.03854611247154,84.60773475796346,84.60773475796346,0.5683745954978546,0.5446566238602228,0.5974344040375567,0.05277778017733381
random_150,00000000000000000636,built_loss,test_site,150,150,103.72670230528276,46.77590204224568,46.77590204224568,0.48439339901909567,0.40927285809488906,0.5478436188805692,0.13857076078568015
random_150,0000000000000000064a,built_loss,test_site,150,150,115.37979405197298,9.721646781528,9.721646781528,0.29485084547659063,0.2743824674346304,0.3122135706528184,0.037831103218188
random_150,0000000000000000064d,built_loss,test_site,150,150,111.60839285636413,30.990337617884133,30.990337617884133,0.439215945925237,0.4087529040525876,0.47071880150068374,0.06196589744809616
random_150,00000000000000000694,built_loss,test_site,150,150,112.15284017222427,64.7158022118614,64.7158022118614,0.37466324462075473,0.3584331208753569,0.391052373919413,0.03261925304405611
random_150,0000000000000000069d,built_loss,test_site,150,150,96.66425664734153,84.22836502878732,84.22836502878732,0.6434222238849613,0.6097678429203627,0.6649872091951824,0.055219366274819714
random_150,000000000000000006b7,built_loss,test_site,150,150,100.07212820098015,72.67227949661108,72.67227949661108,0.4670555977157214,0.44835173445463006,0.4859666655080947,0.03761493105346464
random_150,000000000000000006df,built_loss,test_site,150,150,114.03037087696993,40.862525419370456,40.862525419370456,0.2474243021993757,0.21508136646818968,0.29652860065398984,0.08144723418580016
random_150,000000000000000006e3,built_loss,test_site,150,150,112.7236852013644,60.42120604466201,60.42120604466201,0.4118596417163269,0.37423551093604845,0.4418044539015166,0.06756894296546817
random_150,00000000000000000011,crop_loss,test_site,150,150,98.98687058764665,89.67880460161197,89.67880460161197,0.8055062925611622,0.5530713709147451,0.853232351012283,0.3001609800975379
random_150,0000000000000000002b,crop_loss,test_site,150,150,117.78029414316009,93.98194976068235,93.98194976068235,0.16634693862909708,0.13677700554837685,0.23390944971973937,0.09713244417136252
random_150,0000000000000000002d,crop_loss,test_site,150,150,102.56083922219672,105.49637691203318,102.56083922219672,0.47479228063643986,0.44573973804728595,0.5073154861135276,0.061575748066241665
random_150,0000000000000000003a,crop_loss,test_site,150,150,90.92481477101437,110.54405546571367,90.92481477101437,0.294218596246571,0.2646306281185563,0.3353854569355766,0.07075482881702028
random_150,0000000000000000009b,crop_loss,test_site,150,150,98.34278946508027,42.26877257528238,42.26877257528238,0.4964261737055609,0.4897581816264247,0.5057311237043577,0.015972942077932983
random_150,0000000000000000009d,crop_loss,test_site,150,150,112.18994856754605,12.481027002776809,12.481027002776809,0.38003411911648216,0.3454658808246287,0.40986628669548336,0.06440040587085466
random_150,000000000000000000a8,crop_loss,test_site,150,150,111.90090203837617,72.79932401047012,72.79932401047012,0.21096132866607775,0.19767894110614265,0.22452661785322006,0.026847676747077415
random_150,000000000000000000da,crop_loss,test_site,150,150,64.29633965678833,114.88678624070599,64.29633965678833,0.7569332046422125,0.7324671116877705,0.7761038547648209,0.043636743077050455
random_150,000000000000000000e3,crop_loss,test_site,150,150,106.62919844386857,91.61197983310039,91.61197983310039,0.49163830689914706,0.45353697772909374,0.5236420338315672,0.07010505610247342
random_150,000000000000000000e9,crop_loss,test_site,150,150,98.76242582565062,12.474188428686562,12.474188428686562,0.42724988349849324,0.38102529672817853,0.4641682027610192,0.08314290603284069
random_150,0000000000000000011b,crop_loss,test_site,150,150,111.6411412686684,66.3172105346868,66.3172105346868,0.48204836105663773,0.4689522149734803,0.4983573786145288,0.029405163641048504
random_150,00000000000000000128,crop_loss,test_site,150,150,80.68560855243346,81.08442678156611,80.68560855243346,0.546237154672573,0.531186752127742,0.5584544637874482,0.027267711659706206
random_150,00000000000000000192,crop_loss,test_site,150,150,105.51509919775363,94.18780476657349,94.18780476657349,0.5564811903064276,0.5381685594828122,0.569391503258246,0.031222943775433776
random_150,00000000000000000196,crop_loss,test_site,150,150,110.1781588534941,46.16941240039032,46.16941240039032,0.23776580430373367,0.2256728451513422,0.26206984154511415,0.036396996393771947
random_150,000000000000000001a6,crop_loss,test_site,150,150,107.27791778137295,82.27176691102095,82.27176691102095,0.3016464745519666,0.24848502080615956,0.3361714356461689,0.08768641484000936
random_150,000000000000000001e4,crop_loss,test_site,150,150,90.08034217127363,106.1407886920281,90.08034217127363,0.4966818283412485,0.4719224195404881,0.5167847398928462,0.044862320352358154
random_150,000000000000000001f9,crop_loss,test_site,150,150,98.911616349713,97.02169436694408,97.02169436694408,0.5214389616703881,0.44309905587117643,0.7237278781465799,0.2806288222754035
random_150,00000000000000000228,crop_loss,test_site,150,150,107.15051938572167,64.7017626695303,64.7017626695303,0.4995960242716218,0.43099217568704756,0.5401141676426271,0.10912199195557953
random_150,0000000000000000028c,crop_loss,test_site,150,150,94.47417505661478,8.266400700555646,8.266400700555646,0.30753001509363226,0.2841870902480961,0.3344663802865386,0.0502792900384425
random_150,0000000000000000028d,crop_loss,test_site,150,150,116.06573715671465,52.455860701981486,52.455860701981486,0.671458619986757,0.6396075068554261,0.7013632048283391,0.061755697972913026
random_150,00000000000000000291,crop_loss,test_site,150,150,104.07458039538768,43.0560287551871,43.0560287551871,0.878391722777911,0.870303468025433,0.8871898968255351,0.01688642880010205
random_150,000000000000000002c5,crop_loss,test_site,150,150,99.80827146776348,69.44638974604594,69.44638974604594,0.338731770942017,0.2950311694620572,0.3646498599463406,0.06961869048428337
random_150,000000000000000002dc,crop_loss,test_site,150,150,99.5675400277872,99.21914313452194,99.21914313452194,0.6545136747148177,0.6079453607487568,0.6819063956135847,0.07396103486482786
random_150,000000000000000002e4,crop_loss,test_site,150,150,91.05569213127397,106.25117005830926,91.05569213127397,0.33496381992672264,0.3073014965646259,0.37808753501537057,0.07078603845074466
random_150,000000000000000002ec,crop_loss,test_site,150,150,96.23507101941605,107.21671019071889,96.23507101941605,0.48616846901034133,0.4576179621544674,0.5318993184823319,0.07428135632786448
random_150,00000000000000000314,crop_loss,test_site,150,150,119.95888756980943,69.68612197869801,69.68612197869801,0.07673505762382095,0.04855856612628949,0.10576293341063774,0.057204367284348245
random_150,00000000000000000335,crop_loss,test_site,150,150,107.21325983122952,97.9414146883076,97.9414146883076,0.45254715586093464,0.4177730696912176,0.4754645331951987,0.05769146350398113
random_150,0000000000000000033a,crop_loss,test_site,150,150,67.73897262491482,108.39009666520487,67.73897262491482,0.5142538170654916,0.4757316289935444,0.5416707405024171,0.06593911150887277
random_150,000000000000000003b0,crop_loss,test_site,150,150,93.82271700658566,113.04904402321823,93.82271700658566,0.21089929848595002,0.18106533830538274,0.254318868887691,0.07325353058230827
random_150,000000000000000003c8,crop_loss,test_site,150,150,100.64086352043981,85.0058518381368,85.0058518381368,0.1923314087431094,0.17274540438818195,0.21430968538433962,0.041564280996157665
random_150,000000000000000003f1,crop_loss,test_site,150,138,105.80771390341695,97.03495282831486,97.03495282831486,0.46117080974416497,0.4307009729070386,0.4944395670134957,0.06373859410645705
random_150,000000000000000003f2,crop_loss,test_site,150,150,101.85437898072072,85.39151025069928,85.39151025069928,0.4719624562081425,0.4441063670525293,0.49327057019790177,0.049164203145372454
random_150,0000000000000000044b,crop_loss,test_site,150,150,112.03658606120376,30.36852037236624,30.36852037236624,0.5560609725069016,0.5426379279984312,0.5793800043490427,0.03674207635061144
random_150,0000000000000000046c,crop_loss,test_site,150,150,96.98244634000594,108.75225686465991,96.98244634000594,0.5145579110751239,0.46927674657758756,0.5545788081373287,0.08530206155974118
random_150,00000000000000000480,crop_loss,test_site,150,150,109.03714692092223,27.59149644316056,27.59149644316056,0.8472918813292626,0.7948105772446924,0.8737061610869129,0.0788955838422205
random_150,00000000000000000483,crop_loss,test_site,150,150,109.09026162129013,25.6195845076917,25.6195845076917,0.7414676622542823,0.7078914004561269,0.7830001754847912,0.07510877502866431
random_150,00000000000000000485,crop_loss,test_site,150,150,94.2003116864624,115.58309422167578,94.2003116864624,0.7037953972733526,0.6832365845188118,0.7295384059418523,0.04630182142304051
random_150,00000000000000000497,crop_loss,test_site,150,150,110.31478989505523,84.27700315346415,84.27700315346415,0.23334143623594406,0.20682385374786041,0.2873749366664014,0.08055108291854099
random_150,0000000000000000049b,crop_loss,test_site,150,150,106.80616472308506,86.2515179466453,86.2515179466453,0.3551189844235021,0.339160444866061,0.3788470931911301,0.039686648325069074
random_150,000000000000000004a1,crop_loss,test_site,150,150,84.19094884016567,109.09352837011735,84.19094884016567,0.35567242635375107,0.330176639352639,0.3906539588141722,0.060477319461533174
random_150,000000000000000004e7,crop_loss,test_site,150,150,101.92858371056764,56.37729957425123,56.37729957425123,0.4883187163948031,0.474505998123799,0.5047252524046171,0.030219254280818064
random_150,000000000000000004e9,crop_loss,test_site,150,150,117.63973945530627,44.149230185691245,44.149230185691245,0.36409395822177837,0.29870301833801116,0.4402343821968658,0.14153136385885462
random_150,000000000000000004ee,crop_loss,test_site,150,150,105.6424185374143,52.54705827495485,52.54705827495485,0.39625577537254214,0.3193294736055872,0.46836835054046627,0.14903887693487905
random_150,000000000000000004f9,crop_loss,test_site,150,150,97.44049146830076,83.4903938556703,83.4903938556703,0.34410764437275787,0.30708385636754487,0.4390886561658113,0.1320047997982664
random_150,00000000000000000517,crop_loss,test_site,150,150,106.35427453703262,69.85111867434242,69.85111867434242,0.29726029830016887,0.23393167813152702,0.39943518177770354,0.16550350364617653
random_150,00000000000000000538,crop_loss,test_site,150,150,115.72291026557498,1.2729837873516952,1.2729837873516952,0.2999604719249004,0.282210710696429,0.31755579433754316,0.03534508364111416
random_150,0000000000000000057e,crop_loss,test_site,150,150,112.84626750105873,10.76436013453432,10.76436013453432,0.5413019179019998,0.5242193641474968,0.5531327231941204,0.02891335904662362
random_150,000000000000000005d1,crop_loss,test_site,150,150,111.20558595592892,45.095523455477355,45.095523455477355,0.16006401909082577,0.1336772624855565,0.193092333345248,0.0594150708596915
random_150,00000000000000000611,crop_loss,test_site,150,150,103.10540867167956,97.08031024484636,97.08031024484636,0.6389431649202911,0.6150415434603368,0.6705503769483581,0.05550883348802127
random_150,0000000000000000062f,crop_loss,test_site,150,150,102.66988372562513,97.66894709739329,97.66894709739329,0.5255647014137808,0.4598398735582327,0.589115127369627,0.12927525381139432
random_150,00000000000000000632,crop_loss,test_site,150,150,112.34422862551627,36.278530361618145,36.278530361618145,0.0833778716922408,0.07065981003828677,0.09144357276558279,0.020783762727296026
random_150,0000000000000000063e,crop_loss,test_site,150,150,98.7567964213348,96.693799157113,96.693799157113,0.29682302648694053,0.27352627276398644,0.32743079696917865,0.053904524205192206
random_150,00000000000000000655,crop_loss,test_site,150,150,99.05409430893123,71.38059684963663,71.38059684963663,0.4817935343860199,0.3664747379573436,0.5723829752692192,0.20590823731187563
random_150,00000000000000000697,crop_loss,test_site,150,150,105.26941308225562,122.80649571746771,105.26941308225562,0.6083841190670262,0.5772152565691097,0.6388578448718266,0.06164258830271696
random_150,00000000000000000698,crop_loss,test_site,150,150,44.38284584442692,113.692628792842,44.38284584442692,0.4295223758014351,0.4041249510435002,0.45577674160066955,0.05165179055716934
random_150,000000000000000006a8,crop_loss,test_site,150,150,105.7090947316098,99.37750782527804,99.37750782527804,0.29111022879551124,0.25151255222803687,0.3221666361498838,0.07065408392184691
random_150,000000000000000006b4,crop_loss,test_site,150,150,97.68203060300127,104.19781854807164,97.68203060300127,0.532666796156409,0.4716431271176732,0.5836278326424242,0.11198470552475104
random_150,000000000000000006be,crop_loss,test_site,150,150,93.3291077998974,35.65698059365287,35.65698059365287,0.3960974500928529,0.3724517402100521,0.42596803171830466,0.053516291508252545
random_150,000000000000000006c0,crop_loss,test_site,150,150,113.06310499099371,6.313280898704103,6.313280898704103,0.18495809645002734,0.16354835063367623,0.21142679581574741,0.04787844518207118
random_150,000000000000000006ce,crop_loss,test_site,150,150,111.02029501618432,60.64786730267099,60.64786730267099,0.5746705793536516,0.5125381850604076,0.6304062561775411,0.11786807111713349
random_150,000000000000000006d9,crop_loss,test_site,150,150,83.26697816960056,108.6615770513376,83.26697816960056,0.20403458435348143,0.18036277435376014,0.23248622857988702,0.05212345422612688
random_150,000000000000000006e5,crop_loss,test_site,150,150,95.00334242407155,106.29843365298468,95.00334242407155,0.5222885065053645,0.4708558925312405,0.5630857032143424,0.09222981068310188
random_150,00000000000000000151,built_loss,test_site,150,150,109.20816060658557,18.337943160425713,18.337943160425713,0.26833431426810506,0.2510763136945812,0.2940238102818362,0.042947496587254996
random_150,000000000000000001be,built_loss,test_site,150,150,92.64780667072013,6.879951043934688,6.879951043934688,0.5284502940173422,0.49259931078322217,0.5591654374486208,0.06656612666539863
random_150,0000000000000000034d,built_loss,test_site,150,150,117.73458635795728,10.93533997718715,10.93533997718715,0.406961778080558,0.3870105482146194,0.42357284504847537,0.03656229683385598
random_150,000000000000000003c7,crop_loss,test_site,150,150,115.31123342168164,47.96451830123271,47.96451830123271,0.7164363159731051,0.6930833227914257,0.7516899804784847,0.05860665768705897
random_150,0000000000000000004a,built_loss,test_site,150,150,112.85590799222572,30.80063817107817,30.80063817107817,0.44040290565755935,0.42488418001824885,0.4550749894411922,0.030190809422943332
random_150,00000000000000000206,built_loss,test_site,150,150,86.34907100316438,104.97188739568313,86.34907100316438,0.7340219024872565,0.6914206289221888,0.7544990251326052,0.06307839621041644
random_150,000000000000000002a4,built_loss,test_site,150,150,113.82367018971787,26.268874146490234,26.268874146490234,0.40725277772564283,0.3850263588024277,0.4299213298918999,0.04489497108947221
random_150,000000000000000004f5,built_loss,test_site,150,150,109.6083403517713,25.463089992490033,25.463089992490033,0.4832916705329472,0.45609569090785856,0.5220301132642473,0.06593442235638874
random_150,000000000000000002cc,crop_loss,test_site,150,150,112.28366854959633,49.14117582568641,49.14117582568641,0.40902339653609743,0.3342842705635872,0.5089071141462055,0.17462284358261826
random_150,000000000000000006cc,crop_loss,test_site,150,150,54.34452341509374,115.39028877124733,54.34452341509374,0.33600692651197744,0.31784475689045494,0.35902377405117597,0.04117901716072103
random_150,0000000000000000016c,crop_loss,test_site,150,150,98.96620686368797,86.28873477842899,86.28873477842899,0.47758265729243965,0.4468079357907108,0.5019254383323108,0.05511750254160003
random_200,00000000000000000085,built_loss,test_site,200,200,121.77854841494378,45.08565065495455,45.08565065495455,0.35991470256723596,0.3311093602174841,0.39878509965222886,0.06767573943474475
random_200,00000000000000000114,built_loss,test_site,200,200,81.63516978458541,83.85988131759675,81.63516978458541,0.6924485329739907,0.6682798689299445,0.7120289785434422,0.04374910961349765
random_200,0000000000000000024c,built_loss,test_site,200,200,114.83157378881694,68.47604760732986,68.47604760732986,0.7180272821464494,0.6970287881543092,0.7377274527051764,0.040698664550867125
random_200,00000000000000000375,built_loss,test_site,200,200,96.04179531115194,104.47973279712564,96.04179531115194,0.652664514092622,0.6318464270799515,0.685254987402907,0.05340856032295549
random_200,000000000000000004d2,built_loss,test_site,200,200,127.38740115033592,65.5221886267803,65.5221886267803,0.6145007105605818,0.5896560845827193,0.6492176409769824,0.05956155639426308
random_200,000000000000000005bd,built_loss,test_site,200,200,117.87883657540766,8.446962329077593,8.446962329077593,0.557790824233098,0.5317517283155001,0.5824916336681896,0.05073990535268946
random_200,00000000000000000281,crop_loss,test_site,200,200,106.46300618536229,124.87566353695233,106.46300618536229,0.5214739964443655,0.5003965241491158,0.5373259810244706,0.03692945687535476
random_200,000000000000000003a2,crop_loss,test_site,200,200,75.27534919986131,127.50090609076817,75.27534919986131,0.33892274484211304,0.3009663017725225,0.3893743988205814,0.08840809704805891
random_200,00000000000000000001,built_loss,test_site,200,200,136.64882348588552,44.52865589960651,44.52865589960651,0.4597185945150216,0.43476859859727907,0.4787917926117837,0.04402319401450461
random_200,00000000000000000049,built_loss,test_site,200,200,112.0446273140844,6.868404964334398,6.868404964334398,0.48898259692340235,0.4730212820049076,0.5015949754275296,0.028573693422622004
random_200,0000000000000000004f,built_loss,test_site,200,200,131.81088612661998,81.85425259476303,81.85425259476303,0.4424675076364737,0.3987526114136592,0.4686501319802835,0.0698975205666243
random_200,0000000000000000005a,built_loss,test_site,200,200,121.65111704014278,77.24529356560534,77.24529356560534,0.44413708886590064,0.4268035454472016,0.45818104139484,0.03137749594763839
random_200,00000000000000000079,built_loss,test_site,164,158,113.62576345825198,114.90679677076005,113.62576345825198,0.6285656778827687,0.596412382927481,0.6681422326214534,0.07172984969397245
random_200,00000000000000000087,built_loss,test_site,200,200,132.1728977099534,122.29093441336236,122.29093441336236,0.6189161612199339,0.5529794194116544,0.6537661546363273,0.10078673522467285
random_200,000000000000000000a1,built_loss,test_site,200,200,135.61226767797294,20.47983364970375,20.47983364970375,0.44838368138284757,0.41550809896602103,0.461664697699465,0.046156598733443965
random_200,000000000000000000b8,built_loss,test_site,200,200,145.66642396290385,32.580421086838626,32.580421086838626,0.5390706736081693,0.46776484274819174,0.5788771417148294,0.11111229896663766
random_200,000000000000000000c0,built_loss,test_site,200,200,95.46261074272736,104.86523067122911,95.46261074272736,0.6323537750954216,0.6078761093889835,0.6527293733522334,0.044853263963249845
random_200,000000000000000000e2,built_loss,test_site,200,200,144.68427577187936,41.581558949308395,41.581558949308395,0.3887760596565668,0.3620045786315302,0.42523911670161096,0.06323453807008078
random_200,000000000000000000f0,built_loss,test_site,200,200,128.24351884118045,90.17033248013303,90.17033248013303,0.6800571723317154,0.6430672720241701,0.7131554818098444,0.07008820978567432
random_200,000000000000000000f8,built_loss,test_site,200,200,142.7343593716347,106.49302475375293,106.49302475375293,0.5340598044969568,0.5054970859344072,0.5691919560751805,0.06369487014077324
random_200,0000000000000000011c,built_loss,test_site,200,200,154.00331831037505,16.65574853598957,16.65574853598957,0.728280888669927,0.7119186122332681,0.7459416632994119,0.034023051066143783
random_200,00000000000000000161,built_loss,test_site,200,200,130.9809726981574,103.60214087260256,103.60214087260256,0.6558809060800027,0.6274658461165734,0.6777778810949983,0.05031203497842485
random_200,0000000000000000016a,built_loss,test_site,200,200,138.57925897276385,14.883159784531417,14.883159784531417,0.24091558459698398,0.2164193148512091,0.26772300731042614,0.05130369245921704
random_200,00000000000000000176,built_loss,test_site,200,200,140.3958738851472,72.38162202345555,72.38162202345555,0.657697684861151,0.6378862490154186,0.6754705870378058,0.037584338022387254
random_200,000000000000000001a8,built_loss,test_site,200,200,116.551984048839,115.58539031050061,115.58539031050061,0.5502024405018302,0.5176348757184965,0.577573612224838,0.05993873650634152
random_200,000000000000000001cd,built_loss,test_site,200,200,117.65413175001818,128.18649082004583,117.65413175001818,0.7645390151438535,0.7290263640427124,0.799784782775758,0.07075841873304567
random_200,000000000000000001e5,built_loss,test_site,200,200,88.76369853383405,47.15744138671881,47.15744138671881,0.5687660957226895,0.5463580085716386,0.6054347697045707,0.05907676113293203
random_200,00000000000000000209,built_loss,test_site,200,200,128.7972248652517,119.75587990401934,119.75587990401934,0.6304462100330996,0.5800378499216071,0.6550600642421697,0.07502221432056255
random_200,00000000000000000231,built_loss,test_site,200,200,129.41253879340854,116.51324431332154,116.51324431332154,0.5335142436243089,0.5115991040246355,0.5719875854362662,0.06038848141163067
random_200,0000000000000000026d,built_loss,test_site,200,200,127.44633198912872,81.77795924499564,81.77795924499564,0.593458647088699,0.5681829160992747,0.6262039458751285,0.05802102977585377
random_200,00000000000000000278,built_loss,test_site,172,172,96.1092830676934,99.35346216175536,96.1092830676934,0.7796458866588776,0.7410314403518659,0.8025022784705161,0.061470838118650284
random_200,00000000000000000293,built_loss,test_site,200,200,83.68194160279263,64.8216027175764,64.8216027175764,0.47942197388933994,0.44751395865649124,0.5098218604100418,0.06230790175355061
random_200,00000000000000000316,built_loss,test_site,200,200,133.92975394335343,3.9503111471238768,3.9503111471238768,0.12294446523545764,0.11735735957616637,0.12885690395215052,0.011499544375984147
random_200,00000000000000000356,built_loss,test_site,200,200,100.16181997557722,93.77587370968267,93.77587370968267,0.5406531317246686,0.4962971825864805,0.5864523905154998,0.09015520792901932
random_200,00000000000000000362,built_loss,test_site,200,200,134.72465317095495,117.21298263883548,117.21298263883548,0.5648568748492845,0.5297745362131526,0.5890900246696467,0.05931548845649404
random_200,00000000000000000363,built_loss,test_site,198,195,134.14608850646255,70.725063981721,70.725063981721,0.24775782458450318,0.22617650116773333,0.26334534783800106,0.037168846670267736
random_200,00000000000000000364,built_loss,test_site,161,187,103.96214649542658,122.0714203083802,103.96214649542658,0.6157520075880053,0.5881450254310301,0.6487783713742491,0.06063334594321901
random_200,00000000000000000380,built_loss,test_site,200,200,131.7380625063684,74.36144693225557,74.36144693225557,0.5018639442758772,0.48262527478000555,0.5347158329305415,0.052090558150535926
random_200,00000000000000000384,built_loss,test_site,200,200,128.79933687126498,53.42931510556679,53.42931510556679,0.584179487276464,0.5649787631856448,0.6047389877794992,0.03976022459385442
random_200,0000000000000000039e,built_loss,test_site,200,200,138.25117478268047,17.23516820130209,17.23516820130209,0.4949980595341841,0.47367122414965,0.5153818878072166,0.04171066365756659
random_200,000000000000000003a1,built_loss,test_site,200,200,105.6856408226365,52.11210957359638,52.11210957359638,0.6160283645214796,0.5924212027720481,0.6482252995556886,0.05580409678364051
random_200,000000000000000003a5,built_loss,test_site,195,191,127.40465245309696,70.60898840478293,70.60898840478293,0.3933392852579359,0.3645926942257573,0.43614097035161814,0.07154827612586084
random_200,000000000000000003b7,built_loss,test_site,200,200,138.90879658800492,31.30654147136203,31.30654147136203,0.49232896087299666,0.4807846172069736,0.5058558414390416,0.025071224232068035
random_200,000000000000000003bf,built_loss,test_site,200,200,113.05668211678368,111.69729795412015,111.69729795412015,0.5342655540835044,0.5189609552895376,0.5617132429368142,0.04275228764727668
random_200,000000000000000003d2,built_loss,test_site,200,200,108.22926198836592,121.90647083126893,108.22926198836592,0.5959975707071276,0.5613450801011232,0.634134583623868,0.07278950352274483
random_200,000000000000000003f8,built_loss,test_site,200,200,153.01782458789484,17.817894477143117,17.817894477143117,0.22322765067025102,0.20815158073608428,0.23413071010931516,0.02597912937323088
random_200,000000000000000003fa,built_loss,test_site,200,200,112.20840415846789,119.06286117967161,112.20840415846789,0.4172185576203561,0.3986311979408025,0.4428238834282933,0.044192685487490835
random_200,00000000000000000407,built_loss,test_site,200,200,112.57955454517827,131.03411033534766,112.57955454517827,0.5585889054061548,0.5240902298880153,0.5864560567081177,0.06236582682010239
random_200,0000000000000000040f,built_loss,test_site,200,200,96.1821546892853,81.83052281366103,81.83052281366103,0.5215232277956281,0.512070846136806,0.5327674180399001,0.020696571903094152
random_200,00000000000000000426,built_loss,test_site,200,200,87.8615476256777,95.28193069268586,87.8615476256777,0.566311052776416,0.54395363658399,0.5876493114003813,0.04369567481639136
random_200,0000000000000000042b,built_loss,test_site,200,200,133.91909455132566,98.39214374615854,98.39214374615854,0.5657546229617553,0.5441995054219371,0.5910401744240886,0.04684066900215156
random_200,00000000000000000442,built_loss,test_site,200,200,136.4339694161846,11.500599252334636,11.500599252334636,0.3537968879039432,0.31491283549806176,0.49300221751076895,0.1780893820127072
random_200,00000000000000000465,built_loss,test_site,200,200,130.3699520415499,109.15082478121074,109.15082478121074,0.6317561665322977,0.5992443870114401,0.6541226992452913,0.0548783122338512
random_200,0000000000000000047e,built_loss,test_site,200,200,142.95354048965945,49.65683328334357,49.65683328334357,0.5305926790655608,0.5115067761591497,0.5554956684306156,0.04398889227146585
random_200,00000000000000000490,built_loss,test_site,200,200,135.36508122298233,122.0745885386286,122.0745885386286,0.6469253458653569,0.6203748688479102,0.6772149538981657,0.05684008505025551
random_200,000000000000000004c0,built_loss,test_site,200,200,106.41431635585556,100.52639025738239,100.52639025738239,0.6464726745294347,0.6231696322610051,0.6665407705294125,0.04337113826840744
random_200,000000000000000004c5,built_loss,test_site,200,200,120.18247092675355,37.34083970047449,37.34083970047449,0.584661907907965,0.5499894707366623,0.6158817181012004,0.06589224736453814
random_200,000000000000000004d9,built_loss,test_site,200,200,126.57389300614025,94.29146749893995,94.29146749893995,0.5543945183555384,0.5369354976249545,0.573806547513502,0.0368710498885475
random_200,000000000000000004eb,built_loss,test_site,200,200,114.56720014133877,117.08384568017354,114.56720014133877,0.44811746526554375,0.4368995239425972,0.4656093398133211,0.02870981587072391
random_200,000000000000000004f7,built_loss,test_site,200,200,128.85793601556887,23.65190473516841,23.65190473516841,0.4773619895402901,0.466218255669687,0.49121952863561175,0.025001272965924748
random_200,000000000000000004fe,built_loss,test_site,200,200,139.84969874890916,45.45372303681324,45.45372303681324,0.50085794271182,0.48753060534273246,0.5134264070767286,0.025895801733996138
random_200,0000000000000000051d,built_loss,test_site,200,200,143.2068407570863,41.79295860901526,41.79295860901526,0.4947551431473503,0.4178271158184912,0.5711296265978261,0.15330251077933488
random_200,00000000000000000559,built_loss,test_site,200,200,127.40952026155018,100.16216976455922,100.16216976455922,0.6880400735118792,0.6574680913234532,0.7126330730690559,0.05516498174560269
random_200,00000000000000000576,built_loss,test_site,200,200,138.82050473140202,28.164842749184306,28.164842749184306,0.2735494574446032,0.2481496421830642,0.2907740959903084,0.042624453807244195
random_200,00000000000000000577,built_loss,test_site,200,200,143.9411384340955,31.315615732100547,31.315615732100547,0.47355598156254,0.4438692633478886,0.5236032611033308,0.07973399775544215
random_200,0000000000000000057f,built_loss,test_site,200,200,111.35952969895084,5.70372098184361,5.70372098184361,0.40102456450434465,0.3750395962895693,0.4242749079206407,0.04923531163107142
random_200,00000000000000000594,built_loss,test_site,200,200,142.6988838388067,41.13072019054391,41.13072019054391,0.5214212349665552,0.46287344843947653,0.6048206471636863,0.1419471987242098
random_200,000000000000000005ad,built_loss,test_site,200,200,131.2779063380061,99.8390467886993,99.8390467886993,0.6635452917828042,0.6350726794118651,0.6867030607753929,0.05163038136352782
random_200,000000000000000005bf,built_loss,test_site,200,200,132.2371519831576,67.99455083613218,67.99455083613218,0.3998992798552043,0.3815698861308992,0.423064898295052,0.0414950121641528
random_200,000000000000000005cc,built_loss,test_site,200,200,96.37505621092704,29.731006359893474,29.731006359893474,0.3558345094694623,0.33983141793098953,0.36678263986691306,0.02695122193592353
random_200,000000000000000005de,built_loss,test_site,200,200,114.91684534946681,81.00324093236611,81.00324093236611,0.43630504145346294,0.42092241001933073,0.4466348398645057,0.025712429845174967
random_200,000000000000000005e7,built_loss,test_site,200,200,99.21835690255048,126.55000567986077,99.21835690255048,0.6417234180681689,0.603695734320677,0.6733316002545584,0.06963586593388138
random_200,000000000000000005f9,built_loss,test_site,200,200,139.08013939674223,49.393527564316024,49.393527564316024,0.6554622415250153,0.6253919267193165,0.6873636834418,0.06197175672248345
random_200,0000000000000000061c,built_loss,test_site,200,200,144.34214080400037,51.61522169480066,51.61522169480066,0.4038550624813583,0.3857202243171203,0.4297905667206144,0.04407034240349411
random_200,00000000000000000624,built_loss,test_site,200,200,101.06622492318243,12.200086022704495,12.200086022704495,0.5131376761508757,0.47925173951985894,0.5416373862217355,0.062385646701876574
random_200,00000000000000000626,built_loss,test_site,200,200,117.95402076235699,91.13469286328348,91.13469286328348,0.5024132932755273,0.4812655613879942,0.5167477257178322,0.03548216432983803
random_200,0000000000000000062a,built_loss,test_site,200,200,121.58383361116958,101.49390916915074,101.49390916915074,0.568098650094264,0.5483556626895539,0.5950408081784662,0.04668514548891223
random_200,00000000000000000636,built_loss,test_site,200,200,128.23288368908877,54.668185518385144,54.668185518385144,0.47971328089039633,0.40761188639812346,0.530435919085996,0.12282403268787251
random_200,0000000000000000064a,built_loss,test_site,200,200,147.77496836403807,9.926858876200445,9.926858876200445,0.29691333769025263,0.2806644784924242,0.3104408681573855,0.029776389664961267
random_200,0000000000000000064d,built_loss,test_site,200,200,139.16997361933895,32.0265427688593,32.0265427688593,0.43844310969216416,0.4107637980254394,0.46370893332104113,0.05294513529560174
random_200,00000000000000000694,built_loss,test_site,200,200,135.7313174168428,72.33547109271016,72.33547109271016,0.3717281146816144,0.3582707612196853,0.3859712497311399,0.02770048851145457
random_200,0000000000000000069d,built_loss,test_site,200,200,110.38791164117876,101.16835698537567,101.16835698537567,0.6518098782044757,0.6266379804197622,0.6773858823176812,0.050747901897919
random_200,000000000000000006b7,built_loss,test_site,200,200,122.68496232249309,85.75408221264242,85.75408221264242,0.46704169497805,0.44697128436994243,0.4793089332631992,0.03233764889325674
random_200,000000000000000006df,built_loss,test_site,200,200,134.80217922083003,41.6309836382348,41.6309836382348,0.23220487254214778,0.21154758627830283,0.27757338804942927,0.06602580177112644
random_200,000000000000000006e3,built_loss,test_site,190,190,133.54763769220006,66.95493905093042,66.95493905093042,0.4203690446560001,0.38246386397445736,0.4451238560482884,0.06265999207383105
random_200,00000000000000000011,crop_loss,test_site,200,200,121.24677558951234,106.26979906882978,106.26979906882978,0.7962915912655607,0.5606488471425715,0.8457464305169055,0.285097583374334
random_200,0000000000000000002b,crop_loss,test_site,198,200,137.53013883465178,110.1619253755573,110.1619253755573,0.18039942347623822,0.14178435396912345,0.21391272778737933,0.07212837381825588
random_200,0000000000000000002d,crop_loss,test_site,175,173,112.35785896587088,116.0680713884481,112.35785896587088,0.4742459613639172,0.446385912086938,0.5059545236021858,0.05956861151524784
random_200,0000000000000000003a,crop_loss,test_site,200,200,101.59759680537145,132.93592217788273,101.59759680537145,0.2979624304783811,0.26877717444928073,0.3346828751451381,0.06590570069585738
random_200,0000000000000000009b,crop_loss,test_site,200,200,110.80926994874811,43.03647682065638,43.03647682065638,0.4960188760814392,0.4900879275601331,0.5013115929388557,0.011223665378722658
random_200,0000000000000000009d,crop_loss,test_site,200,200,146.86945617893537,12.677007984696292,12.677007984696292,0.38109739426948014,0.35277396056119725,0.41043213041566745,0.0576581698544702
random_200,000000000000000000a8,crop_loss,test_site,174,167,123.4537187089483,75.26247426557654,75.26247426557654,0.20817482120638459,0.19379814400874765,0.22055133885778747,0.02675319484903982
random_200,000000000000000000da,crop_loss,test_site,200,200,68.66141693761425,134.11168381428894,68.66141693761425,0.7541763210677107,0.737700355860592,0.7731965051219054,0.03549614926131339
random_200,000000000000000000e3,crop_loss,test_site,200,200,129.1469059007047,115.02095318780094,115.02095318780094,0.48993449655631904,0.46109625472112614,0.5184345062289965,0.05733825150787031
random_200,000000000000000000e9,crop_loss,test_site,200,200,123.06335288620576,13.799387964691066,13.799387964691066,0.42383655063892317,0.3815617079148905,0.45615846225044765,0.07459675433555712
random_200,0000000000000000011b,crop_loss,test_site,200,200,147.19316864920762,72.31690658076012,72.31690658076012,0.48275000469604595,0.4714184717792049,0.4971139567980383,0.025695485018833453
random_200,00000000000000000128,crop_loss,test_site,200,200,89.54199832320185,95.0439385853735,89.54199832320185,0.5439916622111378,0.5322023489602494,0.5543077452258426,0.022105396265593158
random_200,00000000000000000192,crop_loss,test_site,200,200,126.63893593546375,109.30133215611119,109.30133215611119,0.5576970035530296,0.5444231233794662,0.5729170788344643,0.02849395545499811
random_200,00000000000000000196,crop_loss,test_site,200,200,138.57318869906598,46.62039965040075,46.62039965040075,0.24383533233150406,0.2291986061051745,0.2626894419527548,0.03349083584758028
random_200,000000000000000001a6,crop_loss,test_site,200,200,130.4476830176548,100.73652867716228,100.73652867716228,0.29190758846318904,0.25091398206033333,0.32704369445440284,0.07612971239406952
random_200,000000000000000001e4,crop_loss,test_site,200,200,105.44544674035521,128.4260691433631,105.44544674035521,0.4837868901135964,0.4660938200005259,0.5111900768695189,0.04509625686899299
random_200,000000000000000001f9,crop_loss,test_site,200,200,121.98530936567788,115.60950169852894,115.60950169852894,0.498182938519541,0.44252437041200365,0.679535556652104,0.2370111862401003
random_200,00000000000000000228,crop_loss,test_site,200,200,126.94955971418462,70.42599619153908,70.42599619153908,0.5033729263863393,0.4327033072929394,0.5387258300571954,0.10602252276425606
random_200,0000000000000000028c,crop_loss,test_site,200,200,120.33268869705908,7.874281648770367,7.874281648770367,0.3004209818841105,0.2836012711854527,0.3266518362731707,0.043050565087717985
random_200,0000000000000000028d,crop_loss,test_site,200,200,139.9908666699948,58.15500807065478,58.15500807065478,0.6700841075507462,0.6385764982989223,0.6943086492992004,0.055732151000278174
random_200,00000000000000000291,crop_loss,test_site,200,200,127.2681776545255,46.19765867139872,46.19765867139872,0.8825576303620036,0.8736631609689627,0.8900055418407052,0.016342380871742557
random_200,000000000000000002c5,crop_loss,test_site,200,200,127.26273155771983,80.81418090339471,80.81418090339471,0.3397260983834447,0.2947036461996995,0.3659752833072634,0.0712716371075639
random_200,000000000000000002dc,crop_loss,test_site,200,200,112.42939289155026,122.23292087336003,112.42939289155026,0.64676595678349,0.6160811742986765,0.6717761441462361,0.05569496984755962
random_200,000000000000000002e4,crop_loss,test_site,200,200,110.88225496227548,125.65016670200775,110.88225496227548,0.32445453386871687,0.30199283207788186,0.362639265286721,0.06064643320883917
random_200,000000000000000002ec,crop_loss,test_site,200,200,113.49411696622278,127.78128137867729,113.49411696622278,0.4883083578670176,0.46223900596186407,0.5321218759198021,0.06988286995793802
random_200,00000000000000000314,crop_loss,test_site,200,200,145.49781755625665,77.31076973996656,77.31076973996656,0.09132639086077407,0.06125742997329542,0.10908384556995918,0.04782641559666376
random_200,00000000000000000335,crop_loss,test_site,200,200,128.87097874736085,118.34832160203445,118.34832160203445,0.4499387865811609,0.4245753670026992,0.4769884952126286,0.05241312820992938
random_200,0000000000000000033a,crop_loss,test_site,200,200,77.72970324595194,129.3519764522724,77.72970324595194,0.5140373546522389,0.4822664546533258,0.5432768289647842,0.06101037431145845
random_200,000000000000000003b0,crop_loss,test_site,200,200,109.23647770526337,138.65128430835753,109.23647770526337,0.2024598354181838,0.18285302065508902,0.2433932337078424,0.060540213052753394
random_200,000000000000000003c8,crop_loss,test_site,200,200,126.60565629538388,104.41155678485514,104.41155678485514,0.19494956779611586,0.1756193763638418,0.21096877955326832,0.035349403189426504
random_200,000000000000000003f1,crop_loss,test_site,152,138,107.11171977633391,97.03495282831486,97.03495282831486,0.46117080974416497,0.4254741465582266,0.49542925828757534,0.06995511172934876
random_200,000000000000000003f2,crop_loss,test_site,200,200,116.83274025829319,95.84521967570495,95.84521967570495,0.4701966745357988,0.4435708462881159,0.4916169241595416,0.04804607787142573
random_200,0000000000000000044b,crop_loss,test_site,200,200,132.09282944545848,34.003043238122686,34.003043238122686,0.5633126809291097,0.5477202206762463,0.5788837793758412,0.031163558699594973
random_200,0000000000000000046c,crop_loss,test_site,200,200,112.77503588358681,127.73835469262336,112.77503588358681,0.5040883764301555,0.4614489522190967,0.556142903566096,0.09469395134699926
random_200,00000000000000000480,crop_loss,test_site,200,200,140.26139570054553,29.565120888177304,29.565120888177304,0.8618081497714292,0.833338081654907,0.8812199116675679,0.047881830012660886
random_200,00000000000000000483,crop_loss,test_site,200,200,136.87027022850071,27.00681874999472,27.00681874999472,0.7403034947385077,0.7103477809285429,0.7695715401841106,0.059223759255567665
random_200,00000000000000000485,crop_loss,test_site,195,196,106.1919695588576,140.02411886231883,106.1919695588576,0.6995175764619903,0.6834618020016408,0.712450650011184,0.028988848009543267
random_200,00000000000000000497,crop_loss,test_site,190,187,129.8494367159119,95.87743596405751,95.87743596405751,0.2227044461843127,0.20422054046604696,0.2630908948086706,0.05887035434262364
random_200,0000000000000000049b,crop_loss,test_site,200,200,132.44981155716036,101.57726046221823,101.57726046221823,0.356963295875075,0.33851990119208897,0.37322817103793454,0.034708269845845574
random_200,000000000000000004a1,crop_loss,test_site,200,200,100.73206521419935,128.66358884302596,100.73206521419935,0.3527773178839155,0.33102497588078267,0.38289450146688336,0.051869525586100695
random_200,000000000000000004e7,crop_loss,test_site,200,200,124.44221577963043,60.98123586219013,60.98123586219013,0.4902547301433119,0.47630102371005995,0.5030069137454592,0.026705890035399305
random_200,000000000000000004e9,crop_loss,test_site,200,200,145.90672927338116,45.39522991213688,45.39522991213688,0.40278671803453503,0.31391847722218225,0.4435003673945244,0.12958189017234217
random_200,000000000000000004ee,crop_loss,test_site,200,200,132.3695218463346,56.80248159881121,56.80248159881121,0.38206559554208075,0.3193448891716695,0.444694414088751,0.1253495249170815
random_200,000000000000000004f9,crop_loss,test_site,200,200,124.01848494391047,103.79091652318611,103.79091652318611,0.3579097146426206,0.3171183693202047,0.43915403648684675,0.12203566716664205
random_200,00000000000000000517,crop_loss,test_site,200,200,138.0518574171428,81.90725094156252,81.90725094156252,0.2927744989209896,0.24157771718891527,0.32831736743562934,0.08673965024671407
random_200,00000000000000000538,crop_loss,test_site,157,199,117.31461799372744,1.2771408186994289,1.2771408186994289,0.2994533229538328,0.28292183285740696,0.3142358857524238,0.03131405289501682
random_200,0000000000000000057e,crop_loss,test_site,200,200,134.74525056549717,10.286592729682917,10.286592729682917,0.5377704547533146,0.5253683430971706,0.5513604883057865,0.025992145208615924
random_200,000000000000000005d1,crop_loss,test_site,200,200,140.1362993444056,49.73300161617834,49.73300161617834,0.15122800186110796,0.12918421900814356,0.18063033223337027,0.051446113225226714
random_200,00000000000000000611,crop_loss,test_site,200,200,130.39761586331352,111.80835648815057,111.80835648815057,0.6570763389372598,0.6279433525961018,0.6803574578179133,0.05241410522181156
random_200,0000000000000000062f,crop_loss,test_site,200,200,125.04411909869121,113.14718121646547,113.14718121646547,0.5119844109299803,0.457665120275968,0.5694591401385738,0.11179401986260579
random_200,00000000000000000632,crop_loss,test_site,181,168,128.55460960407603,36.291035179121415,36.291035179121415,0.08211724584025878,0.06955254282131859,0.08975978253786403,0.020207239716545436
random_200,0000000000000000063e,crop_loss,test_site,200,200,115.36408527306082,115.3433241739422,115.3433241739422,0.3056183531920004,0.27864652177590044,0.3347277265145331,0.05608120473863265
random_200,00000000000000000655,crop_loss,test_site,200,200,121.26371290660092,83.55894589436258,83.55894589436258,0.49831877957148946,0.44728219574938927,0.5837269091060964,0.1364447133567071
random_200,00000000000000000697,crop_loss,test_site,171,165,114.62097188187998,129.53759983503096,114.62097188187998,0.6170683264631075,0.5826221128944846,0.6477981512417667,0.06517603834728203
random_200,00000000000000000698,crop_loss,test_site,200,200,46.74932507573614,139.5025649885479,46.74932507573614,0.42319412577851023,0.39954237762287076,0.44300987565121547,0.04346749802834471
random_200,000000000000000006a8,crop_loss,test_site,200,200,123.44371793445922,120.7205666764609,120.7205666764609,0.2977751201888123,0.27095733928070154,0.3325964018747633,0.061639062594061766
random_200,000000000000000006b4,crop_loss,test_site,200,200,120.15996240988335,123.52093039349286,120.15996240988335,0.5205949108190587,0.476762337454567,0.5646530667478924,0.08789072929332542
random_200,000000000000000006be,crop_loss,test_site,200,200,108.76263816885441,38.5637919018984,38.5637919018984,0.3928221219727449,0.37091761678483903,0.4217738848213745,0.05085626803653548
random_200,000000000000000006c0,crop_loss,test_site,200,200,139.2177957134304,6.483665134618521,6.483665134618521,0.18960312936049106,0.17295715298753894,0.21430569947311193,0.041348546485572985
random_200,000000000000000006ce,crop_loss,test_site,200,200,137.31679345369204,68.51240164293226,68.51240164293226,0.5841973243144265,0.5260439423162764,0.6268218905403135,0.10077794822403707
random_200,000000000000000006d9,crop_loss,test_site,200,200,95.93328769946586,133.56011550293636,95.93328769946586,0.20403458435348143,0.1822418337896242,0.23204665100782387,0.04980481721819968
random_200,000000000000000006e5,crop_loss,test_site,200,200,113.75714695365345,127.51090788124016,113.75714695365345,0.5242702204156796,0.4911828647870928,0.5631323044082701,0.07194943962117734
random_200,00000000000000000151,built_loss,test_site,200,200,136.32734137410387,17.27927385734058,17.27927385734058,0.26295971863394507,0.24699988133674255,0.2814026528412722,0.03440277150452964
random_200,000000000000000001be,built_loss,test_site,200,200,112.22769344044212,6.976518997902896,6.976518997902896,0.5212819741231616,0.4893797132586138,0.5521975152807891,0.0628178020221753
random_200,0000000000000000034d,built_loss,test_site,200,200,139.21331595381972,11.028585335597786,11.028585335597786,0.4079600112494091,0.3913012579012052,0.4214618512754474,0.030160593374242206
random_200,000000000000000003c7,crop_loss,test_site,200,200,137.2647244683752,52.274250973505936,52.274250973505936,0.724207818532728,0.6942045866205254,0.7530942592306167,0.05888967261009126
random_200,0000000000000000004a,built_loss,test_site,200,200,141.3487937357971,31.4410867558334,31.4410867558334,0.4399635974690063,0.4265474304196655,0.4494340856133759,0.022886655193710415
random_200,00000000000000000206,built_loss,test_site,200,200,102.0709559877513,122.7757135786097,102.0709559877513,0.7216670298387968,0.6885198224083899,0.7483770279528532,0.05985720554446328
random_200,000000000000000002a4,built_loss,test_site,200,200,141.0596492837108,26.493395649677893,26.493395649677893,0.4096343217633991,0.39207014187031375,0.43089127620879325,0.0388211343384795
random_200,000000000000000004f5,built_loss,test_site,185,200,128.36943672965086,27.034179792241396,27.034179792241396,0.4745786953623484,0.4503808335944294,0.509966770087374,0.059585936492944636
random_200,000000000000000002cc,crop_loss,test_site,200,200,138.45969396001053,51.67247681293162,51.67247681293162,0.3920532888734069,0.33137762790875114,0.46676988698043204,0.1353922590716809
random_200,000000000000000006cc,crop_loss,test_site,200,200,60.67987844703802,139.0205716292349,60.67987844703802,0.34380432894178714,0.32613869905576465,0.3614321263493852,0.03529342729362056
random_200,0000000000000000016c,crop_loss,test_site,186,192,117.80997678345355,101.93717412617369,101.93717412617369,0.46561124320297237,0.4369639572334421,0.49660079086564535,0.059636833632203234
fscs_60,00000000000000000085,built_loss,test_site,60,60,54.201441832316306,28.930157414478973,28.930157414478973,0.3715074895299659,0.3156144226623302,0.4249327867018331,0.1093183640395029
fscs_60,00000000000000000114,built_loss,test_site,60,60,47.47906547177557,42.607275031229484,42.607275031229484,0.6942078061992288,0.6399332181264541,0.7400957544489478,0.10016253632249372
fscs_60,0000000000000000024c,built_loss,test_site,60,60,52.028741067765715,37.55934512906082,37.55934512906082,0.7286607881110143,0.6848185095522406,0.7619617619484812,0.07714325239624065
fscs_60,00000000000000000375,built_loss,test_site,60,60,48.04245083770468,51.37832415846742,48.04245083770468,0.6400269351591701,0.5871067466254114,0.7114361554209171,0.12432940879550569
fscs_60,000000000000000004d2,built_loss,test_site,60,60,54.48460505559271,40.738839422303315,40.738839422303315,0.6360896226055142,0.5824779518161236,0.6907106482998802,0.10823269648375655
fscs_60,000000000000000005bd,built_loss,test_site,60,60,49.634660872915184,8.00050539517398,8.00050539517398,0.5637009309547124,0.5025723864380728,0.6229364303740534,0.12036404393598066
fscs_60,00000000000000000281,crop_loss,test_site,60,60,46.863464910548046,52.55315573866783,46.863464910548046,0.5142998899479008,0.4753887380285605,0.5589278940556734,0.08353915602711293
fscs_60,000000000000000003a2,crop_loss,test_site,60,60,45.38570086501868,53.94136177311586,45.38570086501868,0.34673386131269,0.26975305735252264,0.4160301155045717,0.14627705815204906
fscs_60,00000000000000000001,built_loss,test_site,60,60,54.151712947619295,28.90556868301012,28.90556868301012,0.46689483009638855,0.422853568779971,0.49690089573457574,0.07404732695460475
fscs_60,00000000000000000049,built_loss,test_site,60,60,52.25117064151079,7.3578387607534195,7.3578387607534195,0.500597690365377,0.4701739120653675,0.5275671302389776,0.057393218173610094
fscs_60,0000000000000000004f,built_loss,test_site,60,60,55.87018521287412,46.04286020732952,46.04286020732952,0.4476699734076954,0.35426951372125937,0.5271135387423539,0.17284402502109453
fscs_60,0000000000000000005a,built_loss,test_site,60,60,54.50331373273061,41.77116287091394,41.77116287091394,0.4285459751784704,0.4019341422443117,0.46007478942803337,0.058140647183721694
fscs_60,00000000000000000079,built_loss,test_site,60,60,51.34479661775341,52.1346073146763,51.34479661775341,0.6581797960060127,0.6026718304773293,0.6877987290029723,0.08512689852564304
fscs_60,00000000000000000087,built_loss,test_site,60,60,52.59373717220498,51.93133939295269,51.93133939295269,0.602514495306295,0.5078417101863818,0.7074468609230473,0.19960515073666552
fscs_60,000000000000000000a1,built_loss,test_site,60,60,49.385622406068066,17.609778765943215,17.609778765943215,0.44175373612533086,0.4108354798309247,0.46986545760924486,0.05902997777832014
fscs_60,000000000000000000b8,built_loss,test_site,60,60,55.912495712428,25.355739630816494,25.355739630816494,0.5198019094319476,0.42842981913281963,0.6130935858619972,0.18466376672917761
fscs_60,000000000000000000c0,built_loss,test_site,60,60,48.27676974767605,48.67341288244945,48.27676974767605,0.6474865109339103,0.6068091640810405,0.6673541267685628,0.0605449626875223
fscs_60,000000000000000000e2,built_loss,test_site,60,60,54.771500710232175,25.86876823061855,25.86876823061855,0.38687158708925246,0.34285518274284155,0.4574119563733208,0.11455677363047928
fscs_60,000000000000000000f0,built_loss,test_site,60,60,53.39384267915833,51.77465616094788,51.77465616094788,0.6234124335530729,0.5307164788554423,0.7161064930498106,0.1853900141943683
fscs_60,000000000000000000f8,built_loss,test_site,60,60,54.07304338861555,49.733768952211186,49.733768952211186,0.5056304739699194,0.4641573605647328,0.5821017286798542,0.11794436811512143
fscs_60,0000000000000000011c,built_loss,test_site,60,60,55.32347894901207,16.353788800995,16.353788800995,0.754389207510717,0.6996075184284243,0.7772648630324865,0.07765734460406226
fscs_60,00000000000000000161,built_loss,test_site,60,60,52.615863916205235,45.91020798855571,45.91020798855571,0.6294631492382333,0.6010886172298676,0.6943121836949699,0.09322356646510233
fscs_60,0000000000000000016a,built_loss,test_site,60,60,51.373796578431374,17.392001784454024,17.392001784454024,0.2453300563900259,0.18988172761676647,0.2905317403061342,0.10065001268936774
fscs_60,00000000000000000176,built_loss,test_site,60,60,53.976954872247354,42.594623387155195,42.594623387155195,0.6496924856723333,0.6036484030606077,0.6872058545267862,0.08355745146617843
fscs_60,000000000000000001a8,built_loss,test_site,60,60,46.32999571289987,54.55545718434274,46.32999571289987,0.5381250072349016,0.5107746859890134,0.5958799487861625,0.08510526279714903
fscs_60,000000000000000001cd,built_loss,test_site,60,60,54.975217549365,55.06645332517417,54.975217549365,0.7935214513423939,0.723741579114234,0.8273498215227202,0.1036082424084862
fscs_60,000000000000000001e5,built_loss,test_site,60,60,42.0470800240832,39.357357510679236,39.357357510679236,0.5523333711002683,0.49348650478802164,0.6187472456293662,0.1252607408413446
fscs_60,00000000000000000209,built_loss,test_site,60,60,52.02950442395901,54.635926257402865,52.02950442395901,0.572423076043315,0.529272179839729,0.6371423675875573,0.1078701877478283
fscs_60,00000000000000000231,built_loss,test_site,60,60,53.26068912681385,51.08212312658199,51.08212312658199,0.5267989575435235,0.4711452876945859,0.5695315866521363,0.09838629895755041
fscs_60,0000000000000000026d,built_loss,test_site,60,60,51.11221741017321,45.769678989597686,45.769678989597686,0.5955463514680033,0.5439067766464756,0.6660167785674374,0.12211000192096177
fscs_60,00000000000000000278,built_loss,test_site,60,60,48.980360301204804,49.08510913118512,48.980360301204804,0.7830685204412761,0.7236668700704657,0.8212814221109674,0.09761455204050173
fscs_60,00000000000000000293,built_loss,test_site,60,60,47.22919936778794,39.14715306505175,39.14715306505175,0.4911134193682681,0.44496527025631327,0.5243241068380146,0.07935883658170129
fscs_60,00000000000000000316,built_loss,test_site,60,60,54.97131721671842,3.9435944654647312,3.9435944654647312,0.1241095651198451,0.10148743055517673,0.14235103834753027,0.04086360779235354
fscs_60,00000000000000000356,built_loss,test_site,60,60,44.645943461314026,45.83473711555592,44.645943461314026,0.5547104049319785,0.45949601459104383,0.63903906168713,0.17954304709608615
fscs_60,00000000000000000362,built_loss,test_site,60,60,52.97819702884869,51.32978436424052,51.32978436424052,0.5847765141655247,0.5295487848272379,0.6419635962755379,0.11241481144830001
fscs_60,00000000000000000363,built_loss,test_site,60,60,56.02341173432213,40.988792236091236,40.988792236091236,0.2607013132983679,0.23119941022474985,0.3018584673064342,0.07065905708168432
fscs_60,00000000000000000364,built_loss,test_site,60,60,47.98273840425637,53.67147533934193,47.98273840425637,0.595712981742668,0.5369680048737256,0.648571030017488,0.1116030251437623
fscs_60,00000000000000000380,built_loss,test_site,60,60,50.06965793481042,41.05139833777177,41.05139833777177,0.5236024032994453,0.4869619610818075,0.5656435921411976,0.07868163105939013
fscs_60,00000000000000000384,built_loss,test_site,60,60,56.04331393683667,31.365992408960064,31.365992408960064,0.561095147828716,0.5353360094555335,0.5950393611366875,0.05970335168115404
fscs_60,0000000000000000039e,built_loss,test_site,60,60,54.34171771404264,15.848741663392227,15.848741663392227,0.5060992018502626,0.4712593568152111,0.5497404589802354,0.0784811021650243
fscs_60,000000000000000003a1,built_loss,test_site,60,60,51.46341487456136,34.049211877296436,34.049211877296436,0.6069353707216679,0.5808786034882717,0.6659697429023487,0.08509113941407698
fscs_60,000000000000000003a5,built_loss,test_site,60,60,51.7789340494253,40.31302995556828,40.31302995556828,0.3808757694450601,0.3303504767341055,0.431944744273415,0.1015942675393095
fscs_60,000000000000000003b7,built_loss,test_site,60,60,55.76032921231653,26.639390724930678,26.639390724930678,0.49736032377106687,0.46113404066616837,0.5238723213030895,0.0627382806369211
fscs_60,000000000000000003bf,built_loss,test_site,60,60,53.640924788135614,50.73476629114238,50.73476629114238,0.5268857499974458,0.4961026738955597,0.5653985540985224,0.06929588020296268
fscs_60,000000000000000003d2,built_loss,test_site,60,60,54.20716439104838,51.31583234220415,51.31583234220415,0.6413463180173575,0.583567973647636,0.7151999493807714,0.13163197573313534
fscs_60,000000000000000003f8,built_loss,test_site,60,60,56.21498586680657,15.129694380963894,15.129694380963894,0.2236298284061288,0.1893343645968355,0.2468926354389337,0.05755827084209819
fscs_60,000000000000000003fa,built_loss,test_site,60,60,47.6420192725699,48.94749225972821,47.6420192725699,0.43891906079130805,0.38916417842584994,0.4842955759243451,0.09513139749849514
fscs_60,00000000000000000407,built_loss,test_site,60,60,50.80406749618563,50.96425373327633,50.80406749618563,0.5567737674310774,0.509471305497107,0.6021180268097551,0.09264672131264817
fscs_60,0000000000000000040f,built_loss,test_site,60,60,39.51843198532551,45.72949662843426,39.51843198532551,0.5179087531153154,0.49322324107081894,0.5403491745818219,0.047125933511002915
fscs_60,00000000000000000426,built_loss,test_site,60,60,43.57336162871882,46.18648154105255,43.57336162871882,0.5321565470031026,0.4940341188004383,0.5656257310000724,0.07159161219963411
fscs_60,0000000000000000042b,built_loss,test_site,60,60,55.59169415841102,46.04809991211057,46.04809991211057,0.5665487630198224,0.5162814147973303,0.6461529321170884,0.1298715173197581
fscs_60,00000000000000000442,built_loss,test_site,60,60,53.397141752163655,11.431171789377776,11.431171789377776,0.45963993305125106,0.3139001045242077,0.6844081384891877,0.37050803396498
fscs_60,00000000000000000465,built_loss,test_site,60,60,59.112740490861455,49.8177698443923,49.8177698443923,0.6296323832253382,0.5737514852037813,0.6659923251145063,0.09224083991072507
fscs_60,0000000000000000047e,built_loss,test_site,60,60,54.666804129239765,36.16524246122734,36.16524246122734,0.521901893607286,0.49606013629667883,0.5867837376763989,0.09072360137972008
fscs_60,00000000000000000490,built_loss,test_site,60,60,54.152498099235316,46.041733453975276,46.041733453975276,0.6386908878798108,0.5976573933766186,0.7107259916270229,0.11306859825040427
fscs_60,000000000000000004c0,built_loss,test_site,60,60,49.30692298086204,44.04818714523056,44.04818714523056,0.6458751183035812,0.6006155011338783,0.6857631783374891,0.08514767720361083
fscs_60,000000000000000004c5,built_loss,test_site,60,60,52.60418852624914,25.01788453993615,25.01788453993615,0.5833461641134713,0.5217612212741765,0.6476681845321753,0.12590696325799888
fscs_60,000000000000000004d9,built_loss,test_site,60,60,49.504200449092544,45.781309272610045,45.781309272610045,0.5741247151065854,0.5378251720720753,0.6101483265593092,0.07232315448723392
fscs_60,000000000000000004eb,built_loss,test_site,60,60,54.593385191454466,53.567306698137266,53.567306698137266,0.43729970428779025,0.41147939713516546,0.4734737654226462,0.06199436828748073
fscs_60,000000000000000004f7,built_loss,test_site,60,60,54.777277488888885,17.32655801922952,17.32655801922952,0.47650366695680113,0.4461392365162595,0.5026612219207766,0.05652198540451708
fscs_60,000000000000000004fe,built_loss,test_site,60,60,51.550546790705745,35.50117355554587,35.50117355554587,0.49094247709081407,0.47509420307900113,0.5175591905099407,0.04246498743093957
fscs_60,0000000000000000051d,built_loss,test_site,60,60,54.98436228508905,33.362699838806954,33.362699838806954,0.48900774561171395,0.4027464566419217,0.5851545569197136,0.18240810027779192
fscs_60,00000000000000000559,built_loss,test_site,60,60,53.03800049718722,46.55675978436121,46.55675978436121,0.6766569905398782,0.6024464341001318,0.7153074684914198,0.11286103439128803
fscs_60,00000000000000000576,built_loss,test_site,60,60,54.52414231495684,21.286513404716125,21.286513404716125,0.2674893181444253,0.2344177618009455,0.29253630693623855,0.05811854513529305
fscs_60,00000000000000000577,built_loss,test_site,60,60,52.61291325325724,22.458790573015587,22.458790573015587,0.4814737215073706,0.4006554490508033,0.547966585244233,0.14731113619342973
fscs_60,0000000000000000057f,built_loss,test_site,60,60,51.6700891444855,6.449059288451,6.449059288451,0.3794754989288258,0.34519936004298096,0.42406172844601847,0.07886236840303751
fscs_60,00000000000000000594,built_loss,test_site,60,60,55.11369547629102,23.898578326170476,23.898578326170476,0.43521319395717933,0.3517673256842842,0.5216832736287514,0.16991594794446724
fscs_60,000000000000000005ad,built_loss,test_site,60,60,51.62121515129496,47.59978635184601,47.59978635184601,0.650636628683022,0.6007493839452412,0.6948011386503453,0.09405175470510407
fscs_60,000000000000000005bf,built_loss,test_site,60,60,55.456332765729364,39.331948225434104,39.331948225434104,0.40980290159131627,0.37654174568389187,0.44728647745357697,0.0707447317696851
fscs_60,000000000000000005cc,built_loss,test_site,60,60,48.579114143283356,23.875957519171305,23.875957519171305,0.3596163552610548,0.32175412300245326,0.3866840460064282,0.06492992300397493
fscs_60,000000000000000005de,built_loss,test_site,60,60,52.352243785083864,44.72103171235076,44.72103171235076,0.4273899528661233,0.39421222003466844,0.4468582392288277,0.05264601919415929
fscs_60,000000000000000005e7,built_loss,test_site,60,60,45.29449815292692,51.56692531181786,45.29449815292692,0.6417286478531792,0.5337067081402074,0.6813222024170403,0.14761549427683296
fscs_60,000000000000000005f9,built_loss,test_site,60,60,52.886430605894084,31.25991253682641,31.25991253682641,0.6534519756542971,0.5887606968246232,0.7027298163748891,0.1139691195502659
fscs_60,0000000000000000061c,built_loss,test_site,60,60,55.188372120806434,29.37980398426406,29.37980398426406,0.4049349130541952,0.3809687801479615,0.45215606284994186,0.07118728270198038
fscs_60,00000000000000000624,built_loss,test_site,60,60,45.18311093264167,11.608593119473683,11.608593119473683,0.5105347321039161,0.4520287398292838,0.5527114695320315,0.10068272970274772
fscs_60,00000000000000000626,built_loss,test_site,60,60,55.33475231693746,47.76777970897537,47.76777970897537,0.513946034861073,0.473856384937021,0.539826209930576,0.06596982499355497
fscs_60,0000000000000000062a,built_loss,test_site,60,60,51.584083258079595,49.53614883065399,49.53614883065399,0.5658107826447446,0.5175821579366929,0.6148651233450786,0.09728296540838566
fscs_60,00000000000000000636,built_loss,test_site,60,60,56.155261964864835,34.44888498746244,34.44888498746244,0.5184766343929362,0.41092386986996726,0.6121256271572896,0.2012017572873223
fscs_60,0000000000000000064a,built_loss,test_site,60,60,54.807209103487665,9.98772867114729,9.98772867114729,0.3039779819443012,0.266389641274218,0.3164944663986753,0.0501048251244573
fscs_60,0000000000000000064d,built_loss,test_site,60,60,54.77605526464458,21.973395961224337,21.973395961224337,0.41606835070038173,0.37907805863550115,0.4737181909700733,0.09464013233457214
fscs_60,00000000000000000694,built_loss,test_site,60,60,53.514425953836216,43.32894187561139,43.32894187561139,0.3633166312828357,0.3399640712789143,0.391872761000165,0.05190868972125068
fscs_60,0000000000000000069d,built_loss,test_site,60,60,49.77818919462425,47.04426036189855,47.04426036189855,0.627121560468868,0.588901066213375,0.6717233173856111,0.08282225117223607
fscs_60,000000000000000006b7,built_loss,test_site,60,60,49.425589515856394,46.07252386773556,46.07252386773556,0.449017451213291,0.42429930568727914,0.5005410070639464,0.0762417013766673
fscs_60,000000000000000006df,built_loss,test_site,60,60,51.02366625153458,27.385075713104637,27.385075713104637,0.29009195094112,0.20363129340749006,0.38114598427314517,0.1775146908656551
fscs_60,000000000000000006e3,built_loss,test_site,60,60,56.46613193600165,43.86416540916013,43.86416540916013,0.4533057069510093,0.39884223762694004,0.5171518566889457,0.11830961906200566
fscs_60,00000000000000000011,crop_loss,test_site,60,60,54.23545259302574,50.00812541301052,50.00812541301052,0.7883159819821561,0.5138181447658873,0.8616221827510109,0.3478040379851236
fscs_60,0000000000000000002b,crop_loss,test_site,60,60,55.437909873786644,48.109796354202416,48.109796354202416,0.22529129632106423,0.1488812938895801,0.3279267352743864,0.17904544138480633
fscs_60,0000000000000000002d,crop_loss,test_site,60,60,53.226429825057686,55.02663504686594,53.226429825057686,0.4696644742454401,0.4217696109765813,0.5205468516227588,0.09877724064617754
fscs_60,0000000000000000003a,crop_loss,test_site,60,60,52.377299053802915,56.09975437645139,52.377299053802915,0.27341790010068256,0.22767974070667932,0.3225081917559276,0.09482845104924828
fscs_60,0000000000000000009b,crop_loss,test_site,60,60,47.542670226093286,30.32627738510148,30.32627738510148,0.49281374151251783,0.48350970164736423,0.5024991586815035,0.01898945703413929
fscs_60,0000000000000000009d,crop_loss,test_site,60,60,54.14964809400192,13.223419875901733,13.223419875901733,0.4055576228307101,0.3365717906099241,0.4429432198694572,0.10637142925953313
fscs_60,000000000000000000a8,crop_loss,test_site,60,60,53.47095267397751,41.09051443773514,41.09051443773514,0.20670364462773608,0.1872415084052618,0.22093812875156996,0.03369662034630816
fscs_60,000000000000000000da,crop_loss,test_site,60,60,42.4863427401856,53.21329309492286,42.4863427401856,0.7650582527356533,0.7232329061143026,0.792790061246478,0.06955715513217542
fscs_60,000000000000000000e3,crop_loss,test_site,60,60,55.40061288684242,50.33976137346392,50.33976137346392,0.513670755064189,0.4459002319094518,0.5694261742931743,0.1235259423837225
fscs_60,000000000000000000e9,crop_loss,test_site,60,60,54.11595581938987,14.039996408886399,14.039996408886399,0.41975807503715395,0.3580687375966987,0.47272633015208027,0.11465759255538155
fscs_60,0000000000000000011b,crop_loss,test_site,60,60,56.92573719451776,44.68271201805755,44.68271201805755,0.48961861567625387,0.45042670814393465,0.5203832182501723,0.06995651010623766
fscs_60,00000000000000000128,crop_loss,test_site,60,60,44.845807940706635,48.81059460353636,44.845807940706635,0.5323654381262849,0.5152062833684298,0.5516867515556485,0.03648046818721873
fscs_60,00000000000000000192,crop_loss,test_site,60,60,55.684861922208476,52.857892799686354,52.857892799686354,0.5739386954676126,0.5510077658645245,0.5901058094321134,0.03909804356758895
fscs_60,00000000000000000196,crop_loss,test_site,60,60,54.832125951503876,34.33064135145996,34.33064135145996,0.252737427694555,0.22023451040782183,0.29636458971781543,0.0761300793099936
fscs_60,000000000000000001a6,crop_loss,test_site,60,60,56.52639806818187,50.01900625196563,50.01900625196563,0.30030015193873594,0.2205760533459006,0.35036629586728263,0.12979024252138202
fscs_60,000000000000000001e4,crop_loss,test_site,60,60,53.878696202543,53.42297848804416,53.42297848804416,0.5087036096043522,0.4642824835773058,0.526922383140636,0.06263989956333021
fscs_60,000000000000000001f9,crop_loss,test_site,60,60,53.608913995603615,50.099525110443004,50.099525110443004,0.5812618122687594,0.43047410797680624,0.7518786795808887,0.3214045716040825
fscs_60,00000000000000000228,crop_loss,test_site,60,60,50.971468349980476,45.13690072087199,45.13690072087199,0.5374217080699228,0.47847841028163635,0.5928508908270533,0.11437248054541699
fscs_60,0000000000000000028c,crop_loss,test_site,60,60,50.49779131959252,9.079188304142672,9.079188304142672,0.31062448044938934,0.2581403506749239,0.3549236026924566,0.09678325201753268
fscs_60,0000000000000000028d,crop_loss,test_site,60,60,56.817141608317236,38.00687201810803,38.00687201810803,0.6473306759002561,0.6130413918884849,0.6881726884424892,0.0751312965540043
fscs_60,00000000000000000291,crop_loss,test_site,60,60,53.33643985270193,36.064435763561455,36.064435763561455,0.8713000994268175,0.8415356774593601,0.8892388563686316,0.04770317890927156
fscs_60,000000000000000002c5,crop_loss,test_site,60,60,54.94551948104365,44.440143152610375,44.440143152610375,0.34341773507771256,0.2892420610442531,0.36846060357410537,0.07921854252985228
fscs_60,000000000000000002dc,crop_loss,test_site,60,60,46.26243488635623,52.27908272945891,46.26243488635623,0.6336929473190586,0.5866899303865906,0.6778328460384906,0.09114291565190002
fscs_60,000000000000000002e4,crop_loss,test_site,60,60,49.76288264993057,54.37976567108554,49.76288264993057,0.3296094275226833,0.28164431922288446,0.40114682107686217,0.1195025018539777
fscs_60,000000000000000002ec,crop_loss,test_site,60,60,51.88485536295566,50.98631364538296,50.98631364538296,0.5399417302371969,0.4602486361527613,0.5951126343405821,0.13486399818782085
fscs_60,00000000000000000314,crop_loss,test_site,60,60,52.318191702877776,42.06985555965969,42.06985555965969,0.1045982208183184,0.050593152322801906,0.17282370774673914,0.12223055542393724
fscs_60,00000000000000000335,crop_loss,test_site,60,60,56.543287139701185,53.559429546196974,53.559429546196974,0.47231585233458623,0.42694876356888595,0.5160185598991688,0.08906979633028284
fscs_60,0000000000000000033a,crop_loss,test_site,60,60,43.124271910777374,52.79552686467059,43.124271910777374,0.46286344821383574,0.40095062191832176,0.5303566187648204,0.12940599684649867
fscs_60,000000000000000003b0,crop_loss,test_site,60,60,50.60712372660844,56.61018208352281,50.60712372660844,0.21221599906251412,0.16685284857849939,0.26850571326523376,0.10165286468673437
fscs_60,000000000000000003c8,crop_loss,test_site,60,60,54.4375189224817,51.808741238584076,51.808741238584076,0.21159356896652423,0.17521573360571305,0.2504706847635984,0.07525495115788536
fscs_60,000000000000000003f1,crop_loss,test_site,60,60,49.04467311788571,53.03670495328821,49.04467311788571,0.4793110682698519,0.4121921685105944,0.524062103837877,0.11186993532728257
fscs_60,000000000000000003f2,crop_loss,test_site,60,60,49.86458579814593,48.81734316524129,48.81734316524129,0.4580834427618477,0.4164154628085313,0.48309532674462374,0.06667986393609243
fscs_60,0000000000000000044b,crop_loss,test_site,60,60,51.81225704740711,30.734766844242028,30.734766844242028,0.5632255533554832,0.526294707862961,0.5955753008579593,0.06928059299499834
fscs_60,0000000000000000046c,crop_loss,test_site,60,60,50.47094617095936,54.11910805146325,50.47094617095936,0.491154067781365,0.3486973104275924,0.5959356435182427,0.2472383330906503
fscs_60,00000000000000000480,crop_loss,test_site,60,60,55.24615592009828,22.851121604802156,22.851121604802156,0.842550153572926,0.6887395497608179,0.8846944587529685,0.19595490899215062
fscs_60,00000000000000000483,crop_loss,test_site,60,60,57.04311909394718,19.586355652926688,19.586355652926688,0.7349080609894331,0.6998613632351096,0.7963033418581178,0.09644197862300818
fscs_60,00000000000000000485,crop_loss,test_site,60,60,50.67606998210793,57.02749867952261,50.67606998210793,0.6821851998989533,0.6408575917331213,0.7128234519527643,0.07196586021964302
fscs_60,00000000000000000497,crop_loss,test_site,60,60,55.461370468695414,50.443198233149204,50.443198233149204,0.2135315919869644,0.18594771680806937,0.3098041445956691,0.1238564277875997
fscs_60,0000000000000000049b,crop_loss,test_site,60,60,53.24503830242202,52.38942701770673,52.38942701770673,0.3503107485314029,0.3258461075618094,0.3841436351899549,0.05829752762814555
fscs_60,000000000000000004a1,crop_loss,test_site,60,60,47.63013327493079,56.8204223970913,47.63013327493079,0.34972401084083243,0.3177483940914712,0.4083226886475416,0.09057429455607041
fscs_60,000000000000000004e7,crop_loss,test_site,60,60,49.043556266597136,37.84085427649989,37.84085427649989,0.5026114177496724,0.4742323546174128,0.5273635759213167,0.05313122130390385
fscs_60,000000000000000004e9,crop_loss,test_site,60,60,56.86427477641952,31.16411127774923,31.16411127774923,0.3326981759141233,0.28726780158807635,0.47578548615945354,0.1885176845713772
fscs_60,000000000000000004ee,crop_loss,test_site,60,60,55.78436510458643,32.991933109176536,32.991933109176536,0.38206496829391506,0.27676171442647995,0.4498986227001441,0.17313690827366413
fscs_60,000000000000000004f9,crop_loss,test_site,60,60,52.571296632663326,51.01791808534827,51.01791808534827,0.3320352724752545,0.2939147030449726,0.45736318160975237,0.1634484785647798
fscs_60,00000000000000000517,crop_loss,test_site,60,60,52.967342286775285,44.00099090579247,44.00099090579247,0.2801059741274977,0.22681643939993282,0.36299627577733423,0.13617983637740141
fscs_60,00000000000000000538,crop_loss,test_site,60,60,52.9353805560901,1.2546856530319677,1.2546856530319677,0.29469794767392926,0.2768240363654189,0.31981366580429554,0.04298962943887663
fscs_60,0000000000000000057e,crop_loss,test_site,60,60,53.15053600526913,9.389869133231183,9.389869133231183,0.5396964037972198,0.5189612544080121,0.5727799136305427,0.053818659222530596
fscs_60,000000000000000005d1,crop_loss,test_site,60,60,54.847937724343204,32.752525977233816,32.752525977233816,0.15441727605363062,0.1271096197975595,0.2515971516083895,0.12448753181083003
fscs_60,00000000000000000611,crop_loss,test_site,60,60,54.712489214592146,51.03868113576117,51.03868113576117,0.6263524620144117,0.5881857044945319,0.6771213640464465,0.08893565955191463
fscs_60,0000000000000000062f,crop_loss,test_site,60,60,52.55292604172979,50.25440124294165,50.25440124294165,0.5273930304519493,0.3944075021340536,0.6453651203423627,0.2509576182083091
fscs_60,00000000000000000632,crop_loss,test_site,60,60,54.273264884731645,26.748797884898686,26.748797884898686,0.08836745897718035,0.07530453931518315,0.11210433750999946,0.03679979819481631
fscs_60,0000000000000000063e,crop_loss,test_site,60,60,48.50174522482451,51.22101592439881,48.50174522482451,0.30470200440619627,0.26586340579609913,0.3337728718057541,0.06790946600965497
fscs_60,00000000000000000655,crop_loss,test_site,60,60,53.25469979816335,46.219326738218214,46.219326738218214,0.6037204149406349,0.49633173525069263,0.6799095318774726,0.18357779662677998
fscs_60,00000000000000000697,crop_loss,test_site,60,60,49.44632625295295,56.56445901607826,49.44632625295295,0.6115699482516722,0.5595064237724093,0.6649040313621224,0.10539760758971306
fscs_60,00000000000000000698,crop_loss,test_site,60,60,33.40732381815782,53.34252853496066,33.40732381815782,0.4193997041843899,0.3929113324338831,0.48424954960933725,0.09133821717545415
fscs_60,000000000000000006a8,crop_loss,test_site,60,60,54.0966549285959,49.07448286995855,49.07448286995855,0.308754207560835,0.26367203101557996,0.3529637189455183,0.08929168792993836
fscs_60,000000000000000006b4,crop_loss,test_site,60,60,54.42287326501995,52.03390402067758,52.03390402067758,0.5087953264040155,0.4464678971128284,0.591073926739814,0.14460602962698554
fscs_60,000000000000000006be,crop_loss,test_site,60,60,49.2164254931853,31.26637057201433,31.26637057201433,0.4080161277499556,0.3562357043790357,0.4746014846259299,0.1183657802468942
fscs_60,000000000000000006c0,crop_loss,test_site,60,60,53.98174197449981,6.00249933718056,6.00249933718056,0.17243904401323343,0.1519534765213418,0.21152527730006151,0.05957180077871971
fscs_60,000000000000000006ce,crop_loss,test_site,60,60,53.89040221821163,41.217596770753076,41.217596770753076,0.6127906431387137,0.5488419788885418,0.6939863005169422,0.1451443216284004
fscs_60,000000000000000006d9,crop_loss,test_site,60,60,45.69981779185561,56.60899171615745,45.69981779185561,0.19145322533411446,0.16514472247255801,0.23263916770421053,0.06749444523165252
fscs_60,000000000000000006e5,crop_loss,test_site,60,60,52.23504331159317,51.84506524461647,51.84506524461647,0.5044131179538688,0.4529452907176186,0.563149305637392,0.11020401491977339
fscs_60,00000000000000000151,built_loss,test_site,60,60,53.50951827273514,15.274314812858403,15.274314812858403,0.2506397285178154,0.22669496934762445,0.2880490964814908,0.06135412713386634
fscs_60,000000000000000001be,built_loss,test_site,60,60,47.461947848246375,6.382088935739594,6.382088935739594,0.5202314036684365,0.4642997918258984,0.5838741964771085,0.11957440465121005
fscs_60,0000000000000000034d,built_loss,test_site,60,60,57.09921799441281,9.420058762209324,9.420058762209324,0.4006496440812128,0.37684822116379113,0.4329161081039855,0.05606788694019438
fscs_60,000000000000000003c7,crop_loss,test_site,60,60,50.218741385902035,35.02108161562861,35.02108161562861,0.6811672182728604,0.6441305585272289,0.740760246186719,0.0966296876594901
fscs_60,0000000000000000004a,built_loss,test_site,60,60,54.59053888709769,25.189808423849886,25.189808423849886,0.4406220800301388,0.42446128100523123,0.4597244514768906,0.03526317047165939
fscs_60,00000000000000000206,built_loss,test_site,60,60,48.76011750945252,53.42527648321483,48.76011750945252,0.7384538548354386,0.6638892311280595,0.7767654726416585,0.11287624151359898
fscs_60,000000000000000002a4,built_loss,test_site,60,60,54.07837568374914,22.37919961192424,22.37919961192424,0.41138447716643683,0.3793261071076286,0.44888331738322546,0.06955721027559686
fscs_60,000000000000000004f5,built_loss,test_site,60,60,53.888474117216404,23.221748054216985,23.221748054216985,0.47397789332606044,0.40793801202133284,0.5400310250224135,0.13209301300108067
fscs_60,000000000000000002cc,crop_loss,test_site,60,60,54.122743232242286,34.80807294789223,34.80807294789223,0.46449095776134436,0.3472597747573826,0.5257027473671065,0.17844297260972392
fscs_60,000000000000000006cc,crop_loss,test_site,60,60,34.03266713070187,54.76341371230433,34.03266713070187,0.3859476024614238,0.3411636201806628,0.43008263540956476,0.08891901522890194
fscs_60,0000000000000000016c,crop_loss,test_site,60,60,49.39079076779698,53.93572085570026,49.39079076779698,0.4722033512368749,0.42103321896146656,0.515261569814057,0.09422835085259046
fscs_100,00000000000000000085,built_loss,test_site,100,100,73.43790714203391,38.30570972748436,38.30570972748436,0.38950417254100606,0.32602240373556207,0.4371386371811038,0.11111623344554172
fscs_100,00000000000000000114,built_loss,test_site,100,100,59.41994970557374,62.653770609452884,59.41994970557374,0.6740364688291239,0.627219378195929,0.7123092871715184,0.08508990897558943
fscs_100,0000000000000000024c,built_loss,test_site,100,100,73.76769902695474,53.69739101830049,53.69739101830049,0.7089851197306655,0.6770635936137334,0.7323220047025132,0.055258411088779824
fscs_100,00000000000000000375,built_loss,test_site,100,100,69.17000460363329,69.6792461078101,69.17000460363329,0.6604653485716262,0.6369181664124041,0.6943160048618022,0.057397838449398164
fscs_100,000000000000000004d2,built_loss,test_site,100,100,85.01095192855948,55.25459404930661,55.25459404930661,0.6011046382582652,0.582595647627177,0.6425339101515851,0.05993826252440815
fscs_100,000000000000000005bd,built_loss,test_site,100,100,71.44714419630006,7.691639789972024,7.691639789972024,0.5779807189198612,0.5349584642062056,0.6187621486715984,0.08380368446539277
fscs_100,00000000000000000281,crop_loss,test_site,100,100,74.6480349423627,82.47396754456335,74.6480349423627,0.5252402392281527,0.4884586016148999,0.5518730550074905,0.06341445339259061
fscs_100,000000000000000003a2,crop_loss,test_site,100,100,56.744155303304424,81.43913574724338,56.744155303304424,0.326708494649693,0.281881667582595,0.37980525786975994,0.09792359028716496
fscs_100,00000000000000000001,built_loss,test_site,100,100,83.23982249005921,36.138713165278766,36.138713165278766,0.4643573628454779,0.4198832376927843,0.49394402099429285,0.07406078330150856
fscs_100,00000000000000000049,built_loss,test_site,100,100,72.81763346707407,6.529523993538513,6.529523993538513,0.48834185758925924,0.4637626160132988,0.5101797705913098,0.04641715457801099
fscs_100,0000000000000000004f,built_loss,test_site,100,100,80.1141476483774,59.265618682657156,59.265618682657156,0.4449793113430467,0.3877042636133381,0.49319063823115367,0.10548637461781557
fscs_100,0000000000000000005a,built_loss,test_site,100,100,78.87846112346402,57.051445199325585,57.051445199325585,0.4387807352279212,0.41926353847485476,0.4624269730652855,0.04316343459043076
fscs_100,00000000000000000079,built_loss,test_site,100,100,81.52294958220958,83.44548640038029,81.52294958220958,0.61413617894438,0.5818333620622193,0.6653850751609529,0.08355171309873366
fscs_100,00000000000000000087,built_loss,test_site,100,100,79.11230948624434,79.85339415292667,79.11230948624434,0.5843266061232981,0.5282764710670682,0.6412874767406154,0.11301100567354716
fscs_100,000000000000000000a1,built_loss,test_site,100,100,83.5845513718355,18.29452856377375,18.29452856377375,0.4499336226436447,0.40556287396200247,0.468292202313465,0.06272932835146255
fscs_100,000000000000000000b8,built_loss,test_site,100,100,84.43475046363518,29.180524073920417,29.180524073920417,0.5327804305565418,0.4430907935027729,0.5942766235016975,0.1511858299989246
fscs_100,000000000000000000c0,built_loss,test_site,100,100,67.71750539580879,70.56172852757535,67.71750539580879,0.6139994574515005,0.5897980740242013,0.6498708102802837,0.06007273625608245
fscs_100,000000000000000000e2,built_loss,test_site,100,100,88.99855344872665,38.88535886771302,38.88535886771302,0.38742972748376514,0.36099891101387793,0.44831665301418266,0.08731774200030473
fscs_100,000000000000000000f0,built_loss,test_site,100,100,81.2388485655545,65.42858393083783,65.42858393083783,0.6628945433620844,0.6134342684562013,0.7150500355523542,0.10161576709615294
fscs_100,000000000000000000f8,built_loss,test_site,100,100,80.85735359231808,71.52480565003306,71.52480565003306,0.5555228063723044,0.5191370276058536,0.5909704772371186,0.07183344963126503
fscs_100,0000000000000000011c,built_loss,test_site,100,100,88.07664321342253,14.800332463987699,14.800332463987699,0.7263369875937592,0.7070495574780162,0.7499836216402673,0.042934064162251095
fscs_100,00000000000000000161,built_loss,test_site,100,100,80.68283349129216,68.3670415807263,68.3670415807263,0.6566568597040283,0.622836222399996,0.6965577162020562,0.07372149380206017
fscs_100,0000000000000000016a,built_loss,test_site,100,100,76.37474052117184,16.229631978068998,16.229631978068998,0.262230644522141,0.21796993260333175,0.2868499732502263,0.06888004064689457
fscs_100,00000000000000000176,built_loss,test_site,100,100,84.11701526771672,56.39231725200114,56.39231725200114,0.6724498799622823,0.6362408502911845,0.6982080366334281,0.06196718634224363
fscs_100,000000000000000001a8,built_loss,test_site,100,100,76.65162880967479,72.47004985671451,72.47004985671451,0.5254543872802184,0.49257413705360004,0.5840113346695984,0.09143719761599839
fscs_100,000000000000000001cd,built_loss,test_site,100,100,73.33786019405817,78.50885096699487,73.33786019405817,0.7940077524011645,0.7474352003840783,0.828871295914194,0.08143609553011566
fscs_100,000000000000000001e5,built_loss,test_site,100,100,61.95080328517177,38.95783889120473,38.95783889120473,0.5604534443404688,0.5300189841002833,0.6087825358078959,0.07876355170761262
fscs_100,00000000000000000209,built_loss,test_site,100,100,79.2913703819491,75.99072197599915,75.99072197599915,0.6240858521061033,0.5730962585278263,0.6699536466243715,0.0968573880965452
fscs_100,00000000000000000231,built_loss,test_site,100,100,78.29708582088482,76.91471544212041,76.91471544212041,0.5205988950887741,0.49474834088301944,0.5633948969231062,0.06864655604008674
fscs_100,0000000000000000026d,built_loss,test_site,100,100,74.2650343768038,60.17015451722257,60.17015451722257,0.5777540279568149,0.5370017058021512,0.6114737036808038,0.07447199787865255
fscs_100,00000000000000000278,built_loss,test_site,100,100,68.09281006834637,74.02186621279594,68.09281006834637,0.7805970425865059,0.7415969670028527,0.8067524852012893,0.06515551819843657
fscs_100,00000000000000000293,built_loss,test_site,100,100,63.78432846527273,48.678427186746205,48.678427186746205,0.49380209355442656,0.4567802514463553,0.527475249085266,0.07069499763891068
fscs_100,00000000000000000316,built_loss,test_site,100,100,84.19564133435524,3.85666319985297,3.85666319985297,0.11977341676393709,0.10273401718689558,0.12929928547754505,0.026565268290649466
fscs_100,00000000000000000356,built_loss,test_site,100,100,62.061731008507024,66.994956516328,62.061731008507024,0.522763100274237,0.46564109435649637,0.5852413628061696,0.1196002684496732
fscs_100,00000000000000000362,built_loss,test_site,100,100,81.82119606697219,77.6775065144076,77.6775065144076,0.5564048205512673,0.5215008003343172,0.604589166227783,0.0830883658934658
fscs_100,00000000000000000363,built_loss,test_site,100,100,81.09875893596946,51.12254702284734,51.12254702284734,0.24697380986087863,0.21245396088967392,0.2650106655179863,0.052556704628312384
fscs_100,00000000000000000364,built_loss,test_site,100,100,79.38744653514476,82.91304433959736,79.38744653514476,0.5881546595439934,0.5385747016268857,0.6345325967580185,0.09595789513113284
fscs_100,00000000000000000380,built_loss,test_site,100,100,75.52258375696975,61.642950189401816,61.642950189401816,0.4951685480035935,0.46655519035529736,0.5382807501460589,0.07172555979076156
fscs_100,00000000000000000384,built_loss,test_site,100,100,80.97388745686558,43.641695434739056,43.641695434739056,0.5806032672564055,0.5620782419319023,0.6140046943853501,0.05192645245344785
fscs_100,0000000000000000039e,built_loss,test_site,100,100,85.33252131158245,17.458412055673406,17.458412055673406,0.4891853879418293,0.4555451840627719,0.5149724414479454,0.059427257385173515
fscs_100,000000000000000003a1,built_loss,test_site,100,100,68.20038504066058,44.6774967683299,44.6774967683299,0.6142509010931784,0.5806114056707172,0.649597960057854,0.06898655438713674
fscs_100,000000000000000003a5,built_loss,test_site,100,100,79.55347062374528,54.83809418923091,54.83809418923091,0.39516700153293194,0.35057559887474116,0.44169606689738905,0.0911204680226479
fscs_100,000000000000000003b7,built_loss,test_site,100,100,83.66884016905823,25.860231831697348,25.860231831697348,0.5009432738436946,0.48102439759757587,0.5144099214076986,0.03338552381012272
fscs_100,000000000000000003bf,built_loss,test_site,100,100,75.96218318047573,77.72148965734945,75.96218318047573,0.5563287039154879,0.517240468298354,0.57934575206099,0.06210528376263602
fscs_100,000000000000000003d2,built_loss,test_site,100,100,69.08115110452853,78.4592699959416,69.08115110452853,0.5902146414045694,0.5414213373892157,0.6344847170982157,0.09306337970900003
fscs_100,000000000000000003f8,built_loss,test_site,100,100,86.99432554623489,17.02482714287192,17.02482714287192,0.22326008158614094,0.19812512938696347,0.24222749711047117,0.0441023677235077
fscs_100,000000000000000003fa,built_loss,test_site,100,100,75.15734594333074,77.79068042625217,75.15734594333074,0.4228992928487951,0.3967349026290609,0.451825314132412,0.05509041150335109
fscs_100,00000000000000000407,built_loss,test_site,100,100,73.65224158514826,79.28147612895953,73.65224158514826,0.5461055047001436,0.4948261494178344,0.5841200031873002,0.08929385376946575
fscs_100,0000000000000000040f,built_loss,test_site,100,100,65.15091165176389,59.27833070621165,59.27833070621165,0.5231706982437728,0.5083098201637358,0.5375734397015296,0.029263619537793772
fscs_100,00000000000000000426,built_loss,test_site,100,100,69.24178761953777,64.42635268634092,64.42635268634092,0.5643109144235189,0.5276135847316374,0.5863332115932383,0.058719626861600815
fscs_100,0000000000000000042b,built_loss,test_site,100,100,78.34575420275189,70.25935023061568,70.25935023061568,0.5379114632366073,0.5015169294798767,0.5770107752773054,0.07549384579742868
fscs_100,00000000000000000442,built_loss,test_site,100,100,83.91522993167162,11.798307429378156,11.798307429378156,0.46271422118694167,0.31104580732830134,0.6230921443251364,0.31204633699683504
fscs_100,00000000000000000465,built_loss,test_site,100,100,86.68371314204539,68.90924925923683,68.90924925923683,0.6074384591115105,0.581990703143042,0.6473661190867757,0.06537541594373364
fscs_100,0000000000000000047e,built_loss,test_site,100,100,88.43531762411016,43.02850183659773,43.02850183659773,0.5259204705466333,0.5046402649275019,0.5676912881990303,0.06305102327152834
fscs_100,00000000000000000490,built_loss,test_site,100,100,75.87789624242085,81.9374335200367,75.87789624242085,0.6579734160222492,0.6244296199986906,0.7334982834578117,0.10906866345912103
fscs_100,000000000000000004c0,built_loss,test_site,100,100,72.79642117177112,68.26315702192625,68.26315702192625,0.6474617999125742,0.6167606432905149,0.6779948064674796,0.06123416317696462
fscs_100,000000000000000004c5,built_loss,test_site,100,100,79.3968709277968,30.44919830799131,30.44919830799131,0.5892390488910444,0.5490513917211485,0.6233913948030311,0.0743400030818826
fscs_100,000000000000000004d9,built_loss,test_site,100,100,81.66457771357345,67.59037851705851,67.59037851705851,0.56379848873303,0.5306704364908355,0.591355756569052,0.06068532007821659
fscs_100,000000000000000004eb,built_loss,test_site,100,100,77.75268131806489,78.40034151100127,77.75268131806489,0.45356574731310734,0.4374675977616012,0.4826903437184556,0.04522274595685438
fscs_100,000000000000000004f7,built_loss,test_site,100,100,84.93504794183116,22.044600409513013,22.044600409513013,0.48411020891545875,0.46254860212148813,0.5038396434254364,0.041291041303948284
fscs_100,000000000000000004fe,built_loss,test_site,100,100,84.64258219697231,38.13849770315912,38.13849770315912,0.501956704881994,0.46848259622500965,0.5193009154893349,0.05081831926432523
fscs_100,0000000000000000051d,built_loss,test_site,100,100,79.69479123571864,34.341264181966686,34.341264181966686,0.4884045266679715,0.42140416435567474,0.5784668239567622,0.15706265960108745
fscs_100,00000000000000000559,built_loss,test_site,100,100,79.37641934935645,60.77453623441092,60.77453623441092,0.6737107465814451,0.617642631458751,0.7014497040283602,0.08380707256960918
fscs_100,00000000000000000576,built_loss,test_site,100,100,85.43701862566819,27.25392598187225,27.25392598187225,0.26179206221421153,0.2349210654415433,0.2896365652210186,0.05471549977947532
fscs_100,00000000000000000577,built_loss,test_site,100,100,82.23716183823316,28.262658194250115,28.262658194250115,0.4845557992032356,0.4222541004414373,0.5594495976826781,0.1371954972412408
fscs_100,0000000000000000057f,built_loss,test_site,100,100,72.84050751226553,5.748659114373018,5.748659114373018,0.4140886215606075,0.38134027112313557,0.4522191495992207,0.07087887847608515
fscs_100,00000000000000000594,built_loss,test_site,100,100,84.32529989402714,36.58430432118736,36.58430432118736,0.45932904770926847,0.3773816562306631,0.5908895302027123,0.21350787397204918
fscs_100,000000000000000005ad,built_loss,test_site,100,100,77.50153263314664,71.89612697303372,71.89612697303372,0.6666651694626048,0.6122176629580517,0.6972333363588211,0.08501567340076943
fscs_100,000000000000000005bf,built_loss,test_site,100,100,78.7316117876259,51.4251877351839,51.4251877351839,0.3977515987521435,0.36651911881692867,0.4253187828092258,0.058799663992297135
fscs_100,000000000000000005cc,built_loss,test_site,100,100,68.88084914416167,30.653833117149734,30.653833117149734,0.35474609177801764,0.336382359004421,0.3787101309397578,0.04232777193533682
fscs_100,000000000000000005de,built_loss,test_site,100,100,75.61510517782595,63.271527604101536,63.271527604101536,0.43071557358194024,0.41468835386708536,0.44454843983884196,0.0298600859717566
fscs_100,000000000000000005e7,built_loss,test_site,100,100,69.66876471201199,81.1235672208979,69.66876471201199,0.6414170762722545,0.5763679907874091,0.6882742711409844,0.1119062803535753
fscs_100,000000000000000005f9,built_loss,test_site,100,100,82.41293131993292,42.62228708525057,42.62228708525057,0.6375781217619662,0.5961645885507805,0.6894425276663808,0.09327793911560034
fscs_100,0000000000000000061c,built_loss,test_site,100,100,83.33788356960055,38.94979679327679,38.94979679327679,0.40936669534256453,0.38473857424076946,0.4471902616443704,0.062451687403600964
fscs_100,00000000000000000624,built_loss,test_site,100,100,71.31055875173827,12.40542704788091,12.40542704788091,0.5036386987471507,0.4654682887752395,0.5494886560208833,0.08402036724564377
fscs_100,00000000000000000626,built_loss,test_site,100,100,81.46342690609097,60.73148596217898,60.73148596217898,0.49131807604643757,0.46517849326436495,0.5173197053540333,0.05214121208966832
fscs_100,0000000000000000062a,built_loss,test_site,100,100,81.89210892866389,71.15824114983867,71.15824114983867,0.581221143642617,0.5511181458923274,0.6292868856490349,0.07816873975670746
fscs_100,00000000000000000636,built_loss,test_site,100,100,80.45820565755497,44.56688276245871,44.56688276245871,0.47869317917795373,0.3848395568675636,0.5446379429678759,0.15979838610031233
fscs_100,0000000000000000064a,built_loss,test_site,100,100,89.97516391535319,9.506482074045216,9.506482074045216,0.30270892316301673,0.27713616801687235,0.31527171150149264,0.03813554348462028
fscs_100,0000000000000000064d,built_loss,test_site,100,100,82.82660718927707,30.341078536211928,30.341078536211928,0.42426471160101,0.38968707954437387,0.46594174869768884,0.07625466915331497
fscs_100,00000000000000000694,built_loss,test_site,100,100,78.64489489806063,54.5138272916207,54.5138272916207,0.36861313523728884,0.35467601240351454,0.3902331109350966,0.035557098531582065
fscs_100,0000000000000000069d,built_loss,test_site,100,100,73.91937682760245,67.32070286619037,67.32070286619037,0.6542827768083687,0.6003045875161912,0.6853122973329716,0.08500770981678041
fscs_100,000000000000000006b7,built_loss,test_site,100,100,79.20811141927501,64.5209681717376,64.5209681717376,0.4451675740601814,0.4267710555431633,0.47593744287625694,0.04916638733309364
fscs_100,000000000000000006df,built_loss,test_site,100,100,84.69107614927607,34.75357809135435,34.75357809135435,0.2836699314661193,0.22562164028992668,0.3513382648772622,0.12571662458733554
fscs_100,000000000000000006e3,built_loss,test_site,100,100,86.29927073694085,55.45348183342793,55.45348183342793,0.42960996617239333,0.3843306263608596,0.46475645687544104,0.08042583051458146
fscs_100,00000000000000000011,crop_loss,test_site,100,100,77.49650527308879,71.26655060438515,71.26655060438515,0.7782526421169078,0.5141876641653368,0.8470309918485498,0.332843327683213
fscs_100,0000000000000000002b,crop_loss,test_site,100,100,79.39774180670435,71.41951897190033,71.41951897190033,0.1837653165048307,0.13482805413954638,0.24728739658887636,0.11245934244932998
fscs_100,0000000000000000002d,crop_loss,test_site,100,100,72.27702312134984,79.66229593782404,72.27702312134984,0.45719720161758837,0.423345823941738,0.503285709577637,0.07993988563589899
fscs_100,0000000000000000003a,crop_loss,test_site,100,100,65.72571143257463,86.9454768643938,65.72571143257463,0.30298344114740106,0.2455019832972791,0.3416683912637479,0.09616640796646878
fscs_100,0000000000000000009b,crop_loss,test_site,100,100,74.43704358821311,40.50614991766128,40.50614991766128,0.4936418107623497,0.48647777403940895,0.5024422832680928,0.015964509228683865
fscs_100,0000000000000000009d,crop_loss,test_site,100,100,89.12060114790995,12.729076449424873,12.729076449424873,0.3852031087255446,0.34458439821590825,0.41816628144409856,0.07358188322819031
fscs_100,000000000000000000a8,crop_loss,test_site,100,100,85.01111444279837,55.6720617137694,55.6720617137694,0.20292603708885337,0.1914408662413056,0.21860864349352044,0.027167777252214836
fscs_100,000000000000000000da,crop_loss,test_site,100,100,53.36927259916484,77.34154928528181,53.36927259916484,0.7460277421475582,0.7213545016176584,0.7687889563840166,0.047434454766358214
fscs_100,000000000000000000e3,crop_loss,test_site,100,100,78.05469380164665,76.04987370100302,76.04987370100302,0.46701899529011126,0.4224664572861771,0.5041653409035483,0.08169888361737115
fscs_100,000000000000000000e9,crop_loss,test_site,100,100,80.42770912436784,12.634027353684594,12.634027353684594,0.43068858092660767,0.38145052836457516,0.48491433451306104,0.10346380614848588
fscs_100,0000000000000000011b,crop_loss,test_site,100,100,88.30096099840326,54.52020363954163,54.52020363954163,0.4827190323320639,0.4621135522396054,0.5001872796415008,0.03807372740189541
fscs_100,00000000000000000128,crop_loss,test_site,100,100,65.85060748951251,67.05907180783613,65.85060748951251,0.5380276926616985,0.5264997545317099,0.5528905621207936,0.02639080758908363
fscs_100,00000000000000000192,crop_loss,test_site,100,100,80.83337019462311,73.91355998079905,73.91355998079905,0.5697050025083165,0.5456595974504145,0.5838928528884171,0.0382332554380026
fscs_100,00000000000000000196,crop_loss,test_site,100,100,84.81371088004906,40.07445716126174,40.07445716126174,0.23830111769660056,0.2166635837972455,0.2586022571443208,0.04193867334707527
fscs_100,000000000000000001a6,crop_loss,test_site,100,100,79.58138058386214,70.14406987810968,70.14406987810968,0.31135071677583137,0.24778304185811764,0.35088148542873154,0.1030984435706139
fscs_100,000000000000000001e4,crop_loss,test_site,100,100,74.69296166969814,79.11775829336963,74.69296166969814,0.49136922618923967,0.4617445655883127,0.5156510478827279,0.05390648229441514
fscs_100,000000000000000001f9,crop_loss,test_site,100,100,76.72662398730472,79.31316587794902,76.72662398730472,0.6849651661361459,0.4798072876701117,0.7998068949335935,0.31999960726348176
fscs_100,00000000000000000228,crop_loss,test_site,100,100,82.57620274072535,49.39859634287192,49.39859634287192,0.4776870405162754,0.3546326788056706,0.5348779821890194,0.18024530338334877
fscs_100,0000000000000000028c,crop_loss,test_site,100,100,79.98744034010048,8.641685915319119,8.641685915319119,0.2991597967421821,0.2647551662205926,0.3347544571155173,0.06999929089492474
fscs_100,0000000000000000028d,crop_loss,test_site,100,100,84.59602587885175,50.04615991308987,50.04615991308987,0.6694659815112448,0.6248361287509019,0.7208098537024388,0.09597372495153689
fscs_100,00000000000000000291,crop_loss,test_site,100,100,79.38157752732329,37.75643128050473,37.75643128050473,0.8840795256730256,0.8668608466785851,0.8959698272289027,0.02910898055031763
fscs_100,000000000000000002c5,crop_loss,test_site,100,100,78.08709984622696,61.41857065617146,61.41857065617146,0.32372114157654663,0.2770571263972069,0.36513309292283186,0.08807596652562494
fscs_100,000000000000000002dc,crop_loss,test_site,100,100,74.60153992170386,80.9838692853573,74.60153992170386,0.6501312195232379,0.6040451949903961,0.6822927309625877,0.07824753597219158
fscs_100,000000000000000002e4,crop_loss,test_site,100,100,71.38158866507082,84.92092853683391,71.38158866507082,0.31299242976480424,0.25771149924478814,0.36844777260363104,0.1107362733588429
fscs_100,000000000000000002ec,crop_loss,test_site,100,100,75.13953282289319,74.35032585715196,74.35032585715196,0.4923369504795052,0.450645560548276,0.5468882521850976,0.09624269163682164
fscs_100,00000000000000000314,crop_loss,test_site,100,100,84.69855869052274,57.76760893221863,57.76760893221863,0.0767965058535549,0.047712386326944835,0.11965573396782253,0.0719433476408777
fscs_100,00000000000000000335,crop_loss,test_site,100,100,77.5762764184083,80.67811030611273,77.5762764184083,0.43386687484954406,0.39969843148917505,0.4721140267683263,0.07241559527915126
fscs_100,0000000000000000033a,crop_loss,test_site,100,100,59.839976162692295,81.94250159286184,59.839976162692295,0.5361418573572464,0.48957334002532793,0.5616244685994869,0.07205112857415896
fscs_100,000000000000000003b0,crop_loss,test_site,100,100,68.54590006369219,85.63233965465723,68.54590006369219,0.21915425870566482,0.17954824609213135,0.26073221871185465,0.0811839726197233
fscs_100,000000000000000003c8,crop_loss,test_site,100,100,85.92276817046617,69.9108408223067,69.9108408223067,0.2046057917659642,0.1784594941189763,0.2369356914421993,0.05847619732322301
fscs_100,000000000000000003f1,crop_loss,test_site,100,100,78.64115419326245,76.69675144279105,76.69675144279105,0.4365934606082961,0.40774708179546293,0.4858855336847183,0.07813845188925539
fscs_100,000000000000000003f2,crop_loss,test_site,100,100,77.61417302239079,65.1539651625553,65.1539651625553,0.4839696311902312,0.4376386683828259,0.5034793870911238,0.06584071870829794
fscs_100,0000000000000000044b,crop_loss,test_site,100,100,77.43866918643678,29.762649385078316,29.762649385078316,0.574671357045708,0.5532261940325611,0.6016430322553418,0.048416838222780645
fscs_100,0000000000000000046c,crop_loss,test_site,100,100,71.8841194198031,76.49568665447164,71.8841194198031,0.5088007118361035,0.3660802474485662,0.5853005709530144,0.21922032350444814
fscs_100,00000000000000000480,crop_loss,test_site,100,100,86.20961042673764,28.17472586979804,28.17472586979804,0.8425994952269811,0.7905617295068318,0.8766690027386872,0.08610727323185541
fscs_100,00000000000000000483,crop_loss,test_site,100,100,89.2525961452683,23.38148403413706,23.38148403413706,0.7178708768895115,0.6739289053655305,0.770659140368277,0.09673023500274647
fscs_100,00000000000000000485,crop_loss,test_site,100,100,68.55060027785026,84.00236243011717,68.55060027785026,0.7002494718409285,0.6715275579875174,0.7273990486649337,0.05587149067741626
fscs_100,00000000000000000497,crop_loss,test_site,100,100,81.7958012714006,67.0543859021831,67.0543859021831,0.22169826022158567,0.1960553493906668,0.27856541703229065,0.08251006764162386
fscs_100,0000000000000000049b,crop_loss,test_site,100,100,81.768541824857,74.97398967287977,74.97398967287977,0.37024867865604877,0.3447135029219667,0.3845909631254292,0.0398774602034625
fscs_100,000000000000000004a1,crop_loss,test_site,100,100,72.32768969190967,82.70933371435052,72.32768969190967,0.3739359419729711,0.33542835751967753,0.42517264197439386,0.08974428445471633
fscs_100,000000000000000004e7,crop_loss,test_site,100,100,77.95937505676352,52.75619376776902,52.75619376776902,0.49214720829854014,0.47791960644578585,0.510007338111096,0.03208773166531015
fscs_100,000000000000000004e9,crop_loss,test_site,100,100,90.48078178317179,39.87453154331724,39.87453154331724,0.4037722593273078,0.29822809069709655,0.45700890122570004,0.1587808105286035
fscs_100,000000000000000004ee,crop_loss,test_site,100,100,85.25030207396307,49.16890256607967,49.16890256607967,0.356540346309096,0.26883809699356925,0.44329823694972803,0.17446013995615878
fscs_100,000000000000000004f9,crop_loss,test_site,100,100,76.27586694872882,67.62204914931132,67.62204914931132,0.3663141218086874,0.2942719587550836,0.4757745059875219,0.1815025472324383
fscs_100,00000000000000000517,crop_loss,test_site,100,100,82.61548178777902,63.72425722641627,63.72425722641627,0.2500818915094097,0.19748703275599158,0.3341307551282745,0.13664372237228292
fscs_100,00000000000000000538,crop_loss,test_site,100,100,82.47359057625445,1.281250914902709,1.281250914902709,0.2945647089125507,0.28061534718585796,0.3153071756278977,0.03469182844203972
fscs_100,0000000000000000057e,crop_loss,test_site,100,100,79.96899232195379,10.185122568469236,10.185122568469236,0.5336454722719811,0.5099752156196969,0.5508920131292018,0.04091679750950483
fscs_100,000000000000000005d1,crop_loss,test_site,100,100,86.62147879970598,41.29397332368071,41.29397332368071,0.13545573262089367,0.1187126175580672,0.1697880964714027,0.0510754789133355
fscs_100,00000000000000000611,crop_loss,test_site,100,100,78.88416114008884,72.80656053222636,72.80656053222636,0.6475947830697061,0.6148991285397699,0.6882566774919118,0.07335754895214186
fscs_100,0000000000000000062f,crop_loss,test_site,100,100,76.89335625193833,76.40893735626908,76.40893735626908,0.5100701893438131,0.44800081676605413,0.5978764160734177,0.14987559930736355
fscs_100,00000000000000000632,crop_loss,test_site,100,100,85.810951505766,34.15457536383235,34.15457536383235,0.07940307934241966,0.0686344454816285,0.09281139889960092,0.02417695341797242
fscs_100,0000000000000000063e,crop_loss,test_site,100,100,79.59227790403942,76.6521698892677,76.6521698892677,0.3064448898562048,0.27343890151070327,0.3519028565085639,0.07846395499786063
fscs_100,00000000000000000655,crop_loss,test_site,100,100,76.30723019411526,57.571719721440715,57.571719721440715,0.4787478511418026,0.36467665959385154,0.6032579132894952,0.23858125369564365
fscs_100,00000000000000000697,crop_loss,test_site,100,100,77.59264513024438,84.1815804715537,77.59264513024438,0.62788801251206,0.5850407237204417,0.6685893417265122,0.0835486180060705
fscs_100,00000000000000000698,crop_loss,test_site,100,100,40.023073775339135,84.8577900835218,40.023073775339135,0.4327264908549293,0.3977384390712463,0.4946219754458961,0.0968835363746498
fscs_100,000000000000000006a8,crop_loss,test_site,100,100,72.58997590196358,79.84225364186845,72.58997590196358,0.2890981533021176,0.25608197464456944,0.3326163340338995,0.07653435938933006
fscs_100,000000000000000006b4,crop_loss,test_site,100,100,74.1131620222199,71.87128377822775,71.87128377822775,0.5416968654510794,0.4776170433064582,0.6056462412586361,0.12802919795217788
fscs_100,000000000000000006be,crop_loss,test_site,100,100,73.39753178427097,33.200016683014034,33.200016683014034,0.40557232628782636,0.3621534073257285,0.44903518106839396,0.08688177374266548
fscs_100,000000000000000006c0,crop_loss,test_site,100,100,82.14526040947786,6.430554909461029,6.430554909461029,0.20138900655620076,0.1732031251954613,0.22447160822260312,0.05126848302714182
fscs_100,000000000000000006ce,crop_loss,test_site,100,100,84.72318787697034,56.08597421967522,56.08597421967522,0.5862501752356433,0.5168676578956484,0.6536939606811432,0.1368263027854948
fscs_100,000000000000000006d9,crop_loss,test_site,100,100,65.08975063975356,79.79739520071774,65.08975063975356,0.19846550797115142,0.17652318461095573,0.24035880783519623,0.0638356232242405
fscs_100,000000000000000006e5,crop_loss,test_site,100,100,76.5929324836365,82.45064268333633,76.5929324836365,0.4928956789375528,0.4561023912913857,0.5481167517481645,0.09201436045677885
fscs_100,00000000000000000151,built_loss,test_site,100,100,80.99474096871222,17.0877599262064,17.0877599262064,0.26371965138884407,0.24339971619511322,0.2836384114784632,0.04023869528334997
fscs_100,000000000000000001be,built_loss,test_site,100,100,75.11935242288293,6.7242923164503665,6.7242923164503665,0.4978692259102153,0.46366488450821347,0.5429155435574009,0.07925065904918743
fscs_100,0000000000000000034d,built_loss,test_site,100,100,81.20732215729304,11.509687193392722,11.509687193392722,0.3916384907669031,0.36390802738318667,0.4099401007790107,0.04603207339582405
fscs_100,000000000000000003c7,crop_loss,test_site,100,100,84.02378071159328,41.26393105057515,41.26393105057515,0.7162992458269785,0.6701308576692754,0.7436228644089315,0.07349200673965617
fscs_100,0000000000000000004a,built_loss,test_site,100,100,87.59899638604361,27.77808047130127,27.77808047130127,0.43148618265243377,0.4140954792924793,0.44796702872363053,0.03387154943115123
fscs_100,00000000000000000206,built_loss,test_site,100,100,73.92591089209563,79.4409807515675,73.92591089209563,0.7020391684624602,0.6463688854168496,0.742826538198293,0.09645765278144347
fscs_100,000000000000000002a4,built_loss,test_site,100,100,85.94214499168217,24.67365664717973,24.67365664717973,0.40798497319346383,0.3779632481697503,0.44521251982835625,0.06724927165860595
fscs_100,000000000000000004f5,built_loss,test_site,100,100,85.38163446653508,23.95034736850662,23.95034736850662,0.49831824501240574,0.4554576580550644,0.547453050810291,0.09199539275522667
fscs_100,000000000000000002cc,crop_loss,test_site,100,100,82.89803856295195,42.55581636962468,42.55581636962468,0.4210808927114538,0.3318735662329018,0.4980240183727099,0.16615045213980806
fscs_100,000000000000000006cc,crop_loss,test_site,100,100,50.38880266775744,84.26195038462122,50.38880266775744,0.3407646155645363,0.3145932200068641,0.37230589213862436,0.057712672131760234
fscs_100,0000000000000000016c,crop_loss,test_site,100,100,77.66222924303368,73.75537104889611,73.75537104889611,0.466228608331744,0.40184883403389665,0.5073677168494203,0.10551888281552363
fscs_150,00000000000000000085,built_loss,test_site,150,150,98.17617955538428,43.30536897767436,43.30536897767436,0.3513816508051079,0.3274813018483776,0.3940282130190919,0.06654691117071432
fscs_150,00000000000000000114,built_loss,test_site,150,150,72.16853796066539,76.91348210825196,72.16853796066539,0.6930872856121969,0.6604298379785815,0.7194017590259931,0.05897192104741167
fscs_150,0000000000000000024c,built_loss,test_site,150,150,100.72027722780813,64.0429555676218,64.0429555676218,0.7075873492355969,0.6833517010950362,0.7318837500343081,0.04853204893927188
fscs_150,00000000000000000375,built_loss,test_site,150,150,84.3918396885848,88.60684265257014,84.3918396885848,0.6437633818732619,0.6012175631831179,0.6862746441520022,0.08505708096888431
fscs_150,000000000000000004d2,built_loss,test_site,150,150,106.23585135228339,62.33736398536757,62.33736398536757,0.6261045832539797,0.5901445098905063,0.6609728625876035,0.0708283526970972
fscs_150,000000000000000005bd,built_loss,test_site,150,150,102.53513867510358,8.547090440419204,8.547090440419204,0.5668791482851424,0.5401919444105715,0.5938268892254039,0.05363494481483244
fscs_150,00000000000000000281,crop_loss,test_site,150,150,92.87986199933606,103.34944928359292,92.87986199933606,0.52979606595561,0.49714532251829807,0.5450356507764874,0.04789032825818934
fscs_150,000000000000000003a2,crop_loss,test_site,150,150,69.82371895084052,105.84987290069185,69.82371895084052,0.33256126644456685,0.2891669773680695,0.36931436328801126,0.08014738591994175
fscs_150,00000000000000000001,built_loss,test_site,150,150,116.68929221175927,42.198152840149845,42.198152840149845,0.4621942570639769,0.4323373554006988,0.49489207954431264,0.06255472414361385
fscs_150,00000000000000000049,built_loss,test_site,150,150,94.13640267700356,6.5540235443748545,6.5540235443748545,0.4898444351585776,0.47074274484452794,0.5071789625340885,0.03643621768956051
fscs_150,0000000000000000004f,built_loss,test_site,150,150,109.38083373716717,73.68324958642714,73.68324958642714,0.44219888291046844,0.3859221457439149,0.47598928306220495,0.09006713731829002
fscs_150,0000000000000000005a,built_loss,test_site,150,150,103.58184516099473,72.14112151524527,72.14112151524527,0.4475794010103076,0.42559684485777427,0.4622246211679079,0.03662777631013364
fscs_150,00000000000000000079,built_loss,test_site,150,150,106.58634412121033,111.21307755441755,106.58634412121033,0.6493329882974659,0.5964715927747307,0.6722606002035594,0.07578900742882866
fscs_150,00000000000000000087,built_loss,test_site,150,150,109.3849604217481,101.4211256662845,101.4211256662845,0.6057733928811021,0.5422434012334324,0.6503721467702605,0.10812874553682805
fscs_150,000000000000000000a1,built_loss,test_site,150,150,112.96874676553449,19.31535199024529,19.31535199024529,0.44813334646993697,0.41692805311538206,0.4616028618468207,0.04467480873143864
fscs_150,000000000000000000b8,built_loss,test_site,150,150,118.4044223023163,31.36920493775227,31.36920493775227,0.5249638404912464,0.4587533895362601,0.5806093402529062,0.12185595071664612
fscs_150,000000000000000000c0,built_loss,test_site,150,150,79.13399284823431,88.89132160404209,79.13399284823431,0.6257368814090992,0.5965369811687689,0.6483065227399123,0.05176954157114344
fscs_150,000000000000000000e2,built_loss,test_site,150,150,121.2059843046798,40.2635336851461,40.2635336851461,0.3936456331829066,0.36173711853272705,0.43501913520530244,0.07328201667257539
fscs_150,000000000000000000f0,built_loss,test_site,150,150,106.501960959727,76.89267649172375,76.89267649172375,0.6622689988372525,0.6229881988772278,0.7054048272215945,0.0824166283443667
fscs_150,000000000000000000f8,built_loss,test_site,150,150,117.61853572544258,94.06347990992688,94.06347990992688,0.5386447551086808,0.49764302199046173,0.570278960874753,0.07263593888429132
fscs_150,0000000000000000011c,built_loss,test_site,150,150,124.3639372020933,16.603831494838538,16.603831494838538,0.7354220043351919,0.7105087633778994,0.7533976775297062,0.042888914151806845
fscs_150,00000000000000000161,built_loss,test_site,150,150,108.56908010269383,90.88925221033472,90.88925221033472,0.6476537179870251,0.6230086913250965,0.6787775195328072,0.055768828207710675
fscs_150,0000000000000000016a,built_loss,test_site,150,150,113.1430128482624,15.318294349402118,15.318294349402118,0.22999245476196103,0.20363471642057535,0.2631347977001184,0.05950008127954304
fscs_150,00000000000000000176,built_loss,test_site,150,150,114.75076712098488,61.950279950015776,61.950279950015776,0.6560678386231636,0.6343346630676302,0.6750351724567252,0.040700509389094974
fscs_150,000000000000000001a8,built_loss,test_site,150,150,104.08675410577526,97.01093005919044,97.01093005919044,0.546506821259952,0.5109303177833348,0.5769778709776663,0.06604755319433153
fscs_150,000000000000000001cd,built_loss,test_site,150,150,105.6044920661006,108.57592523365531,105.6044920661006,0.7596228325008691,0.7237251676148548,0.7999813708776623,0.07625620326280746
fscs_150,000000000000000001e5,built_loss,test_site,150,150,81.72200606957786,47.9475340722552,47.9475340722552,0.5637301052261856,0.5344647050189,0.6039861532898402,0.0695214482709402
fscs_150,00000000000000000209,built_loss,test_site,150,150,107.99757836841835,99.67232259274536,99.67232259274536,0.6256235213468627,0.5756067763589655,0.6602340359861633,0.08462725962719775
fscs_150,00000000000000000231,built_loss,test_site,150,150,111.97736575869902,99.60701773480852,99.60701773480852,0.5183154567627265,0.4848994469776294,0.5584573822835376,0.0735579353059082
fscs_150,0000000000000000026d,built_loss,test_site,150,150,107.13992796365876,75.58420579194728,75.58420579194728,0.6063194793361083,0.5739773521309227,0.6436205177684234,0.06964316563750073
fscs_150,00000000000000000278,built_loss,test_site,150,150,95.52987469495994,90.88495527208849,90.88495527208849,0.7741951138515892,0.7362973167591695,0.8052740277345263,0.06897671097535674
fscs_150,00000000000000000293,built_loss,test_site,150,150,76.33056776360284,62.20084566613817,62.20084566613817,0.4807560694892989,0.445505217706365,0.513752199042536,0.06824698133617102
fscs_150,00000000000000000316,built_loss,test_site,150,150,111.78111731912213,3.9435509700810694,3.9435509700810694,0.12256717189728146,0.10965333663750637,0.13015492638286394,0.020501589745357568
fscs_150,00000000000000000356,built_loss,test_site,150,150,87.283916827361,85.34073486888911,85.34073486888911,0.5496303576157153,0.5046232238555263,0.5995492280941241,0.09492600423859787
fscs_150,00000000000000000362,built_loss,test_site,150,150,109.21037318738684,97.66775445240215,97.66775445240215,0.5480836297964202,0.5122757250813728,0.582121109685575,0.0698453846042022
fscs_150,00000000000000000363,built_loss,test_site,150,150,109.54587633948323,62.85777316025065,62.85777316025065,0.25151139184152876,0.2323984172324266,0.2718840782915673,0.0394856610591407
fscs_150,00000000000000000364,built_loss,test_site,150,150,102.89664637706946,106.04840340287956,102.89664637706946,0.6179475102704637,0.5876490275168065,0.6563792866012851,0.0687302590844786
fscs_150,00000000000000000380,built_loss,test_site,150,150,105.8242196036042,62.02919362212698,62.02919362212698,0.507246720484365,0.47883161923771617,0.5461627035917493,0.06733108435403318
fscs_150,00000000000000000384,built_loss,test_site,150,150,108.11912831568301,51.29370291707179,51.29370291707179,0.5835057471435453,0.5618541933566389,0.6086914313805878,0.0468372380239489
fscs_150,0000000000000000039e,built_loss,test_site,150,150,113.25734234837408,15.55276247717582,15.55276247717582,0.49414527676796705,0.46905750745868907,0.5169173771052717,0.047859869646582676
fscs_150,000000000000000003a1,built_loss,test_site,150,150,90.53045292562295,48.542396095137185,48.542396095137185,0.6033095593347532,0.5829259090975556,0.6505128263588882,0.06758691726133259
fscs_150,000000000000000003a5,built_loss,test_site,150,150,101.37319781787986,64.45781846563682,64.45781846563682,0.39465808174585537,0.3610183697079501,0.44728823434174486,0.08626986463379477
fscs_150,000000000000000003b7,built_loss,test_site,150,150,116.64716125717706,30.31756805526208,30.31756805526208,0.4995508727612522,0.48102505445109756,0.5085847098960344,0.02755965544493688
fscs_150,000000000000000003bf,built_loss,test_site,150,150,100.35541656043549,95.3712571882836,95.3712571882836,0.5334987559727451,0.5176245697270253,0.5706692158676414,0.0530446461406161
fscs_150,000000000000000003d2,built_loss,test_site,150,150,91.87698070605819,99.66885079844903,91.87698070605819,0.6025931393220842,0.5643905645281754,0.6367470688953109,0.07235650436713548
fscs_150,000000000000000003f8,built_loss,test_site,150,150,121.43160522378157,17.534358917341887,17.534358917341887,0.2248001231370521,0.21113797098772585,0.239033595007835,0.027895624020109144
fscs_150,000000000000000003fa,built_loss,test_site,150,150,94.74259666405864,100.80069943017205,94.74259666405864,0.4092167152719141,0.39145693048823116,0.43927006951885045,0.04781313903061929
fscs_150,00000000000000000407,built_loss,test_site,150,150,99.24450734939572,106.0445502283232,99.24450734939572,0.5377670898855281,0.5116123103215346,0.5801753944915602,0.06856308417002555
fscs_150,0000000000000000040f,built_loss,test_site,150,150,86.04063051004438,73.02661130702853,73.02661130702853,0.5259950509735407,0.5129366862252807,0.5373627773711116,0.02442609114583094
fscs_150,00000000000000000426,built_loss,test_site,150,150,78.55571387845228,82.85350161431438,78.55571387845228,0.5488268205060921,0.5324553675190333,0.5783387560702482,0.045883388551214876
fscs_150,0000000000000000042b,built_loss,test_site,150,150,112.0014271153978,88.85888323045974,88.85888323045974,0.5784995639351903,0.5438585868193595,0.6060182872869802,0.06215970046762065
fscs_150,00000000000000000442,built_loss,test_site,150,150,108.22616654728459,11.786666176783712,11.786666176783712,0.3472482582870541,0.30375978917633867,0.4840019014963305,0.18024211231999182
fscs_150,00000000000000000465,built_loss,test_site,150,150,109.75470309730241,93.58024943679163,93.58024943679163,0.626556658045823,0.593003139685988,0.653487450954359,0.06048431126837106
fscs_150,0000000000000000047e,built_loss,test_site,150,150,115.40695903990388,48.969895471997226,48.969895471997226,0.5274775405243002,0.5065217003129362,0.5542124250979557,0.047690724785019456
fscs_150,00000000000000000490,built_loss,test_site,150,150,111.69993055349886,101.7388439930015,101.7388439930015,0.632297136029426,0.6013434061656948,0.6726486243017329,0.07130521813603807
fscs_150,000000000000000004c0,built_loss,test_site,150,150,94.77084546197686,93.0416688712473,93.0416688712473,0.6468264225103114,0.6204866043381215,0.666014539694607,0.04552793535648547
fscs_150,000000000000000004c5,built_loss,test_site,150,150,103.62297158431602,34.72669836074238,34.72669836074238,0.5861493263092233,0.5578413297819523,0.620962637131488,0.0631213073495357
fscs_150,000000000000000004d9,built_loss,test_site,150,150,105.42807739753339,80.8344475546198,80.8344475546198,0.5528315716232437,0.5281731888635439,0.5803392669941508,0.05216607813060692
fscs_150,000000000000000004eb,built_loss,test_site,150,150,99.27670883199066,99.93162040786376,99.27670883199066,0.45290900780229937,0.4390700195108015,0.47441885909918446,0.035348839588382974
fscs_150,000000000000000004f7,built_loss,test_site,150,150,106.32433311401044,23.735995357622496,23.735995357622496,0.47825808065989944,0.4625730735949985,0.49179516034931225,0.02922208675431376
fscs_150,000000000000000004fe,built_loss,test_site,150,150,118.56818021488296,44.5977926422283,44.5977926422283,0.5022490471826082,0.482206943578582,0.5188286393900227,0.03662169581144065
fscs_150,0000000000000000051d,built_loss,test_site,150,150,116.57979029473559,40.354056317618216,40.354056317618216,0.47110263257876644,0.3834086784774875,0.5415837163421569,0.15817503786466935
fscs_150,00000000000000000559,built_loss,test_site,150,150,106.99093447215627,88.05191890471156,88.05191890471156,0.6819034381422793,0.6533826810934017,0.702871992675187,0.04948931158178527
fscs_150,00000000000000000576,built_loss,test_site,150,150,114.913888479713,27.070004614020934,27.070004614020934,0.2660889237169899,0.23656549295472926,0.2879596029134583,0.051394109958729034
fscs_150,00000000000000000577,built_loss,test_site,150,150,112.91744192063713,30.071130873001092,30.071130873001092,0.4795763394006959,0.42895073475178563,0.5303036899669017,0.10135295521511606
fscs_150,0000000000000000057f,built_loss,test_site,150,150,93.81826884307499,5.763025047392449,5.763025047392449,0.39033880967411744,0.3627588908609309,0.4173496109894475,0.05459072012851662
fscs_150,00000000000000000594,built_loss,test_site,150,150,113.64208847340481,42.14170457839653,42.14170457839653,0.5004767144328791,0.4126091115986136,0.6050363967762036,0.19242728517759
fscs_150,000000000000000005ad,built_loss,test_site,150,150,106.5564464211859,85.37625877769572,85.37625877769572,0.6540794052368473,0.622664353864623,0.6750834939390989,0.0524191400744759
fscs_150,000000000000000005bf,built_loss,test_site,150,150,106.28461489021329,60.7626227692637,60.7626227692637,0.40191643187708215,0.382664214849613,0.43007798068583636,0.047413765836223365
fscs_150,000000000000000005cc,built_loss,test_site,150,150,85.07132275346994,30.466416696716404,30.466416696716404,0.3580800555302561,0.33873723866525657,0.3659036059229569,0.02716636725770033
fscs_150,000000000000000005de,built_loss,test_site,150,150,99.25032463580848,68.53075923112655,68.53075923112655,0.43298100581514787,0.41167109765989174,0.4456351561791617,0.03396405851926998
fscs_150,000000000000000005e7,built_loss,test_site,150,150,89.34412650111133,106.02023164393061,89.34412650111133,0.6403483063866716,0.5890339045690384,0.6745776252356903,0.08554372066665195
fscs_150,000000000000000005f9,built_loss,test_site,150,150,122.8040563810277,46.07511958201487,46.07511958201487,0.6709915483470255,0.6222054554002348,0.6984991655316021,0.07629371013136732
fscs_150,0000000000000000061c,built_loss,test_site,150,150,118.6909489936081,47.935471240416966,47.935471240416966,0.4016035249892957,0.37699704304520615,0.4324486626378431,0.05545161959263695
fscs_150,00000000000000000624,built_loss,test_site,150,150,88.54173984607566,11.595703132241212,11.595703132241212,0.5021048297905716,0.47185983859446673,0.5381299201630814,0.06627008156861464
fscs_150,00000000000000000626,built_loss,test_site,150,150,98.16733757028715,82.68702575948262,82.68702575948262,0.4884792841964153,0.4692548187203551,0.5129040322738726,0.043649213553517474
fscs_150,0000000000000000062a,built_loss,test_site,150,150,100.63608834264618,86.37183053995905,86.37183053995905,0.5601730029550066,0.5362496850864729,0.5850056469627172,0.048755961876244314
fscs_150,00000000000000000636,built_loss,test_site,150,150,105.02132760000157,52.07489775772145,52.07489775772145,0.4201773400910925,0.38708605420305087,0.5067414838711766,0.1196554296681257
fscs_150,0000000000000000064a,built_loss,test_site,150,150,122.69842541003885,9.536789716634916,9.536789716634916,0.2910784102030059,0.27191599231254215,0.3087531429954629,0.03683715068292076
fscs_150,0000000000000000064d,built_loss,test_site,150,150,113.60799597178477,32.37808172284757,32.37808172284757,0.43694818165309646,0.40811902941979283,0.4744455790440283,0.06632654962423545
fscs_150,00000000000000000694,built_loss,test_site,150,150,110.64954782286834,65.14913383407516,65.14913383407516,0.369570214401511,0.35661021029576845,0.38307814527082074,0.026467934975052287
fscs_150,0000000000000000069d,built_loss,test_site,150,150,94.23195928788384,87.04288626054769,87.04288626054769,0.6461166786916964,0.6091873328456893,0.6760037976400097,0.06681646479432046
fscs_150,000000000000000006b7,built_loss,test_site,150,150,106.62669906764305,74.31281323420305,74.31281323420305,0.45897208284269203,0.44101072720629725,0.47348683619560616,0.032476108989308916
fscs_150,000000000000000006df,built_loss,test_site,150,150,108.94018122388374,40.4018434349221,40.4018434349221,0.23352819668721186,0.2089764360276202,0.2696281050421673,0.06065166901454708
fscs_150,000000000000000006e3,built_loss,test_site,150,150,114.82759155369276,63.35032104270271,63.35032104270271,0.43115098175780026,0.38808887830965383,0.46739575426738195,0.07930687595772812
fscs_150,00000000000000000011,crop_loss,test_site,150,150,102.33815365969818,92.31884726287036,92.31884726287036,0.6919608686668779,0.5272355938229789,0.840388000926611,0.3131524071036321
fscs_150,0000000000000000002b,crop_loss,test_site,150,150,109.56994761259233,93.29556233089484,93.29556233089484,0.1733975375781573,0.12335548461836345,0.21343215697133308,0.09007667235296964
fscs_150,0000000000000000002d,crop_loss,test_site,150,150,98.2946229036363,103.59332757222012,98.2946229036363,0.47210072899142,0.4449079837497428,0.5099231892919461,0.06501520554220336
fscs_150,0000000000000000003a,crop_loss,test_site,150,150,88.78512778221659,111.14359655301499,88.78512778221659,0.2930485249337287,0.26248384932298574,0.32845789840168016,0.06597404907869442
fscs_150,0000000000000000009b,crop_loss,test_site,150,150,93.26466786586656,44.28177708444652,44.28177708444652,0.4952807042634223,0.48718803298749386,0.5029254889218059,0.015737455934312028
fscs_150,0000000000000000009d,crop_loss,test_site,150,150,117.21307223303779,12.253393996772745,12.253393996772745,0.39129126736355424,0.3583424225981135,0.418457882199282,0.060115459601168486
fscs_150,000000000000000000a8,crop_loss,test_site,150,150,112.72491945370815,73.81744337220836,73.81744337220836,0.20943885091125425,0.19739957544259992,0.22347270386214754,0.02607312841954762
fscs_150,000000000000000000da,crop_loss,test_site,150,150,66.422692861869,111.31734712021877,66.422692861869,0.7536839281587686,0.7330583021236747,0.7736856871726212,0.040627385048946474
fscs_150,000000000000000000e3,crop_loss,test_site,150,150,107.13446333869547,99.24911664653654,99.24911664653654,0.4849654885805945,0.4480008461127725,0.5158894412166325,0.06788859510385997
fscs_150,000000000000000000e9,crop_loss,test_site,150,150,102.62275847747321,14.505468362894518,14.505468362894518,0.4199500342103971,0.361942236659198,0.4529138672221892,0.09097163056299118
fscs_150,0000000000000000011b,crop_loss,test_site,150,150,122.30157998722399,66.58096790949206,66.58096790949206,0.4840958935730069,0.4713619087338904,0.500702268617795,0.0293403598839046
fscs_150,00000000000000000128,crop_loss,test_site,150,150,82.18800440507367,81.73247032811267,81.73247032811267,0.5445624867737571,0.5261819359687113,0.5554727504506094,0.029290814481898075
fscs_150,00000000000000000192,crop_loss,test_site,150,150,106.12802778215203,98.03133914124264,98.03133914124264,0.5589248626071235,0.5388575726491105,0.5721427228575074,0.03328515020839695
fscs_150,00000000000000000196,crop_loss,test_site,150,150,113.98900536779789,42.840130916749054,42.840130916749054,0.24303702559060672,0.22541057453772312,0.26422469935747434,0.03881412481975122
fscs_150,000000000000000001a6,crop_loss,test_site,150,150,104.08397292964929,86.65261306938908,86.65261306938908,0.30163684545933955,0.24982550399411202,0.3390267448754762,0.08920124088136416
fscs_150,000000000000000001e4,crop_loss,test_site,150,150,91.33377914740636,109.3559575032145,91.33377914740636,0.48359448482143635,0.4646615137432025,0.5128687759806714,0.04820726223746885
fscs_150,000000000000000001f9,crop_loss,test_site,150,150,104.8265864360999,98.59118777206162,98.59118777206162,0.5582114020492418,0.4375176485010295,0.7142967015524693,0.2767790530514398
fscs_150,00000000000000000228,crop_loss,test_site,150,150,112.24436153943415,65.44129330297278,65.44129330297278,0.5054934357136673,0.4346202379388495,0.5443107851309337,0.10969054719208415
fscs_150,0000000000000000028c,crop_loss,test_site,150,150,101.59239645994528,8.371368566850947,8.371368566850947,0.304346275005111,0.2786729366492331,0.3263749271101961,0.04770199046096302
fscs_150,0000000000000000028d,crop_loss,test_site,150,150,111.73761440838311,55.18063038968127,55.18063038968127,0.6723882583952664,0.6429036163585686,0.7051400285340788,0.062236412175510125
fscs_150,00000000000000000291,crop_loss,test_site,150,150,105.50949184049031,43.75324702480291,43.75324702480291,0.8842402522279331,0.8716364268073017,0.8924676898076092,0.020831263000307465
fscs_150,000000000000000002c5,crop_loss,test_site,150,150,105.29240226331564,72.62554860228136,72.62554860228136,0.3124423038971745,0.27964095707462516,0.36222697879352017,0.08258602171889501
fscs_150,000000000000000002dc,crop_loss,test_site,150,150,97.62302975858078,107.79355376910422,97.62302975858078,0.6528202129605306,0.6189686617296187,0.6774635045094002,0.05849484277978145
fscs_150,000000000000000002e4,crop_loss,test_site,150,150,94.72247931930319,106.23740362236485,94.72247931930319,0.3180164479754475,0.28906232515743513,0.36165705644490387,0.07259473128746874
fscs_150,000000000000000002ec,crop_loss,test_site,150,150,95.84782467013879,105.03795118278134,95.84782467013879,0.4841087933110376,0.45152193655395706,0.5322921874923576,0.08077025093840057
fscs_150,00000000000000000314,crop_loss,test_site,150,150,119.01646647990829,68.9407771944199,68.9407771944199,0.08879159401544294,0.05445900599770332,0.12129547525186461,0.06683646925416128
fscs_150,00000000000000000335,crop_loss,test_site,150,150,111.61834137799583,101.71882349801074,101.71882349801074,0.44546369005900965,0.4106369359115173,0.4780038045005611,0.06736686858904384
fscs_150,0000000000000000033a,crop_loss,test_site,150,150,69.59956714922394,108.87570116494348,69.59956714922394,0.5163000849737205,0.47636058969488404,0.546486852687577,0.07012626299269298
fscs_150,000000000000000003b0,crop_loss,test_site,150,150,94.05640200877347,118.33590234606162,94.05640200877347,0.2202396684495139,0.18525703011593772,0.26006379949124925,0.07480676937531153
fscs_150,000000000000000003c8,crop_loss,test_site,150,150,110.8644941848436,88.38544623886506,88.38544623886506,0.19414305164009105,0.17485697242044235,0.21953843060201858,0.044681458181576234
fscs_150,000000000000000003f1,crop_loss,test_site,150,138,105.80024875480774,97.03495282831486,97.03495282831486,0.46117080974416497,0.42576193949898256,0.4958610455080238,0.07009910600904123
fscs_150,000000000000000003f2,crop_loss,test_site,150,150,100.70568009387246,83.97038429338001,83.97038429338001,0.4739549322267528,0.4440012947185087,0.49914719809685365,0.05514590337834496
fscs_150,0000000000000000044b,crop_loss,test_site,150,150,112.21192649507493,31.76793036737887,31.76793036737887,0.5655137553040405,0.5484334701735754,0.5829917641431395,0.03455829396956411
fscs_150,0000000000000000046c,crop_loss,test_site,150,150,101.49737932440934,106.25818191718115,101.49737932440934,0.5099342592132844,0.4599266709581339,0.5613037007324843,0.10137702977435037
fscs_150,00000000000000000480,crop_loss,test_site,150,150,116.63895964406588,28.761181000342894,28.761181000342894,0.8606394316955509,0.8031950150167998,0.885435211656091,0.08224019663929116
fscs_150,00000000000000000483,crop_loss,test_site,150,150,114.31740604261067,26.03097965593448,26.03097965593448,0.7393780591164762,0.7061206458978387,0.7766620833997253,0.07054143750188657
fscs_150,00000000000000000485,crop_loss,test_site,150,150,92.58065964754908,112.294938855529,92.58065964754908,0.694118137008839,0.6767940725843756,0.7103999445610114,0.03360587197663578
fscs_150,00000000000000000497,crop_loss,test_site,150,150,109.48515790651479,84.24024328062767,84.24024328062767,0.22261034193307075,0.2027314591670529,0.2645642830451641,0.061832823878111204
fscs_150,0000000000000000049b,crop_loss,test_site,150,150,112.10853183361296,90.96806419366166,90.96806419366166,0.3544454299272326,0.33466968516110757,0.3759270346286275,0.04125734946751991
fscs_150,000000000000000004a1,crop_loss,test_site,150,150,91.39294044354999,106.43205628129132,91.39294044354999,0.3579549358033841,0.3211199467551681,0.3861202978315576,0.06500035107638952
fscs_150,000000000000000004e7,crop_loss,test_site,150,150,101.02070152113721,56.369140799063814,56.369140799063814,0.4912749089441831,0.4786545799773448,0.5046942589921414,0.02603967901479659
fscs_150,000000000000000004e9,crop_loss,test_site,150,150,121.82228831948711,42.95566273911998,42.95566273911998,0.3817575610473902,0.29518266044134134,0.4375057519708942,0.14232309152955286
fscs_150,000000000000000004ee,crop_loss,test_site,150,150,109.50096840059454,54.305041577246115,54.305041577246115,0.4245689648127563,0.3371855526033332,0.4770767023654214,0.13989114976208816
fscs_150,000000000000000004f9,crop_loss,test_site,150,150,106.62242258384508,93.48546499401263,93.48546499401263,0.3490883009039442,0.30131111881186057,0.4312436904716032,0.12993257165974265
fscs_150,00000000000000000517,crop_loss,test_site,150,150,111.11445057595037,78.06208487888377,78.06208487888377,0.30627644828793193,0.270823923226646,0.41035775336349106,0.13953383013684506
fscs_150,00000000000000000538,crop_loss,test_site,150,150,117.6342482226984,1.2734902643350514,1.2734902643350514,0.29359442117485074,0.28015872739254066,0.31337089897115206,0.033212171578611394
fscs_150,0000000000000000057e,crop_loss,test_site,150,150,110.92627662416899,10.120613644603557,10.120613644603557,0.5370595121190439,0.5226071007224153,0.5500101559116307,0.027403055189215375
fscs_150,000000000000000005d1,crop_loss,test_site,150,150,113.81596064486537,48.36461582403533,48.36461582403533,0.15638316123732698,0.13602905699507278,0.1884260184847476,0.05239696148967482
fscs_150,00000000000000000611,crop_loss,test_site,150,150,109.68723623420622,100.42198587259506,100.42198587259506,0.6533486023760511,0.6230253349583891,0.6907660473380184,0.06774071237962931
fscs_150,0000000000000000062f,crop_loss,test_site,150,150,104.03027950610499,100.74901537048484,100.74901537048484,0.5123294025948092,0.4464729776127428,0.5755895784535406,0.12911660084079785
fscs_150,00000000000000000632,crop_loss,test_site,150,150,112.68011767240286,36.22356571970524,36.22356571970524,0.07983045281213494,0.06685532629084909,0.08945883651139029,0.022603510220541204
fscs_150,0000000000000000063e,crop_loss,test_site,150,150,99.75543446325923,100.8409419177022,99.75543446325923,0.3100629222649524,0.2794676995124623,0.3499266554678214,0.07045895595535911
fscs_150,00000000000000000655,crop_loss,test_site,150,150,100.5368719751938,75.72097022994855,75.72097022994855,0.4770930987531729,0.3985733376192725,0.5811430590576124,0.18256972143833994
fscs_150,00000000000000000697,crop_loss,test_site,150,150,100.36641246774602,122.24791226568819,100.36641246774602,0.6194622148823534,0.580075593995104,0.6507830088461181,0.07070741485101406
fscs_150,00000000000000000698,crop_loss,test_site,150,150,45.21012834301569,114.3928742867621,45.21012834301569,0.4247908177938291,0.4004785329539875,0.44719777264031507,0.046719239686327574
fscs_150,000000000000000006a8,crop_loss,test_site,150,150,108.39604389307652,100.49180715193113,100.49180715193113,0.30258547725811863,0.266315473163639,0.34166253041425115,0.07534705725061214
fscs_150,000000000000000006b4,crop_loss,test_site,150,150,101.89902915145629,102.37853736692472,101.89902915145629,0.525798764496821,0.4781333403222208,0.5812468919290245,0.10311355160680363
fscs_150,000000000000000006be,crop_loss,test_site,150,150,90.05653171059568,34.89059685100532,34.89059685100532,0.38868446433354487,0.35769186214540344,0.4245644064409363,0.06687254429553285
fscs_150,000000000000000006c0,crop_loss,test_site,150,150,117.88464443557838,6.357249866712577,6.357249866712577,0.19218863336205005,0.17006039560579844,0.21671929366159248,0.04665889805579404
fscs_150,000000000000000006ce,crop_loss,test_site,150,150,110.98704127932513,58.320116609264076,58.320116609264076,0.5625108004927277,0.5022767174931544,0.6223943295021529,0.12011761200899851
fscs_150,000000000000000006d9,crop_loss,test_site,150,150,81.545889369941,110.74385141048265,81.545889369941,0.20054019582470076,0.18199620543911077,0.23803505697120517,0.0560388515320944
fscs_150,000000000000000006e5,crop_loss,test_site,150,150,100.63583818452344,107.31822645896091,100.63583818452344,0.5431829247140068,0.5026817651070059,0.5757138779279312,0.07303211282092525
fscs_150,00000000000000000151,built_loss,test_site,150,150,111.67891099772677,17.650680145773727,17.650680145773727,0.2729595686188662,0.25333132403833464,0.2978182185117386,0.04448689447340398
fscs_150,000000000000000001be,built_loss,test_site,150,150,98.49499139161415,6.899197866549252,6.899197866549252,0.5112393563378448,0.4799437279472646,0.5479122267824319,0.06796849883516731
fscs_150,0000000000000000034d,built_loss,test_site,150,150,106.78871942391774,10.465527439637414,10.465527439637414,0.4108301487303005,0.3903372002638989,0.423581447008837,0.03324424674493809
fscs_150,000000000000000003c7,crop_loss,test_site,150,150,111.45124343324574,44.81896561250855,44.81896561250855,0.7426809616720025,0.6944947002883813,0.76345073367977,0.06895603339138867
fscs_150,0000000000000000004a,built_loss,test_site,150,150,116.98918874987591,31.509803790861913,31.509803790861913,0.4432300614895312,0.4314748747384565,0.45732223286257073,0.025847358124114206
fscs_150,00000000000000000206,built_loss,test_site,150,150,84.43423610795159,104.85818745565037,84.43423610795159,0.7163983401217477,0.6711625640751612,0.7532325985467934,0.08207003447163219
fscs_150,000000000000000002a4,built_loss,test_site,150,150,115.42535720204775,24.36862685247888,24.36862685247888,0.41559311235601026,0.3958273702558135,0.43888061287568847,0.043053242619874976
fscs_150,000000000000000004f5,built_loss,test_site,150,150,111.37620737717212,25.709940346790336,25.709940346790336,0.48949507190498015,0.46255714189987035,0.5332157229283143,0.07065858102844397
fscs_150,000000000000000002cc,crop_loss,test_site,150,150,112.10485236003667,49.21892702350762,49.21892702350762,0.39938813431990805,0.33808325330965483,0.4955084128208447,0.15742515951118985
fscs_150,000000000000000006cc,crop_loss,test_site,150,150,54.54908431222182,115.25992206917941,54.54908431222182,0.35126421461951485,0.32302002889628595,0.37271815326808744,0.04969812437180149
fscs_150,0000000000000000016c,crop_loss,test_site,150,150,100.52573787366715,92.5901464342847,92.5901464342847,0.48498822794828234,0.44498672029463926,0.5162663804455027,0.0712796601508634
fscs_200,00000000000000000085,built_loss,test_site,200,200,121.77854841494378,45.08565065495455,45.08565065495455,0.35991470256723596,0.3311093602174841,0.39878509965222886,0.06767573943474475
fscs_200,00000000000000000114,built_loss,test_site,200,200,81.63516978458541,83.85988131759675,81.63516978458541,0.6924485329739907,0.6682798689299445,0.7120289785434422,0.04374910961349765
fscs_200,0000000000000000024c,built_loss,test_site,200,200,114.83157378881694,68.47604760732986,68.47604760732986,0.7180272821464494,0.6970287881543092,0.7377274527051764,0.040698664550867125
fscs_200,00000000000000000375,built_loss,test_site,200,200,96.04179531115194,104.47973279712564,96.04179531115194,0.652664514092622,0.6318464270799515,0.685254987402907,0.05340856032295549
fscs_200,000000000000000004d2,built_loss,test_site,200,200,127.38740115033592,65.5221886267803,65.5221886267803,0.6145007105605818,0.5896560845827193,0.6492176409769824,0.05956155639426308
fscs_200,000000000000000005bd,built_loss,test_site,200,200,117.87883657540766,8.446962329077593,8.446962329077593,0.557790824233098,0.5317517283155001,0.5824916336681896,0.05073990535268946
fscs_200,00000000000000000281,crop_loss,test_site,200,200,106.46300618536229,124.87566353695233,106.46300618536229,0.5214739964443655,0.5003965241491158,0.5373259810244706,0.03692945687535476
fscs_200,000000000000000003a2,crop_loss,test_site,200,200,75.27534919986131,127.50090609076817,75.27534919986131,0.33892274484211304,0.3009663017725225,0.3893743988205814,0.08840809704805891
fscs_200,00000000000000000001,built_loss,test_site,200,200,136.64882348588552,44.52865589960651,44.52865589960651,0.4597185945150216,0.43476859859727907,0.4787917926117837,0.04402319401450461
fscs_200,00000000000000000049,built_loss,test_site,200,200,112.0446273140844,6.868404964334398,6.868404964334398,0.48898259692340235,0.4730212820049076,0.5015949754275296,0.028573693422622004
fscs_200,0000000000000000004f,built_loss,test_site,200,200,131.81088612661998,81.85425259476303,81.85425259476303,0.4424675076364737,0.3987526114136592,0.4686501319802835,0.0698975205666243
fscs_200,0000000000000000005a,built_loss,test_site,200,200,121.65111704014278,77.24529356560534,77.24529356560534,0.44413708886590064,0.4268035454472016,0.45818104139484,0.03137749594763839
fscs_200,00000000000000000079,built_loss,test_site,164,158,113.62576345825198,114.90679677076005,113.62576345825198,0.6285656778827687,0.596412382927481,0.6681422326214534,0.07172984969397245
fscs_200,00000000000000000087,built_loss,test_site,200,200,132.1728977099534,122.29093441336236,122.29093441336236,0.6189161612199339,0.5529794194116544,0.6537661546363273,0.10078673522467285
fscs_200,000000000000000000a1,built_loss,test_site,200,200,135.61226767797294,20.47983364970375,20.47983364970375,0.44838368138284757,0.41550809896602103,0.461664697699465,0.046156598733443965
fscs_200,000000000000000000b8,built_loss,test_site,200,200,145.66642396290385,32.580421086838626,32.580421086838626,0.5390706736081693,0.46776484274819174,0.5788771417148294,0.11111229896663766
fscs_200,000000000000000000c0,built_loss,test_site,200,200,95.46261074272736,104.86523067122911,95.46261074272736,0.6323537750954216,0.6078761093889835,0.6527293733522334,0.044853263963249845
fscs_200,000000000000000000e2,built_loss,test_site,200,200,144.68427577187936,41.581558949308395,41.581558949308395,0.3887760596565668,0.3620045786315302,0.42523911670161096,0.06323453807008078
fscs_200,000000000000000000f0,built_loss,test_site,200,200,128.24351884118045,90.17033248013303,90.17033248013303,0.6800571723317154,0.6430672720241701,0.7131554818098444,0.07008820978567432
fscs_200,000000000000000000f8,built_loss,test_site,200,200,142.7343593716347,106.49302475375293,106.49302475375293,0.5340598044969568,0.5054970859344072,0.5691919560751805,0.06369487014077324
fscs_200,0000000000000000011c,built_loss,test_site,200,200,154.00331831037505,16.65574853598957,16.65574853598957,0.728280888669927,0.7119186122332681,0.7459416632994119,0.034023051066143783
fscs_200,00000000000000000161,built_loss,test_site,200,200,130.9809726981574,103.60214087260256,103.60214087260256,0.6558809060800027,0.6274658461165734,0.6777778810949983,0.05031203497842485
fscs_200,0000000000000000016a,built_loss,test_site,200,200,138.57925897276385,14.883159784531417,14.883159784531417,0.24091558459698398,0.2164193148512091,0.26772300731042614,0.05130369245921704
fscs_200,00000000000000000176,built_loss,test_site,200,200,140.3958738851472,72.38162202345555,72.38162202345555,0.657697684861151,0.6378862490154186,0.6754705870378058,0.037584338022387254
fscs_200,000000000000000001a8,built_loss,test_site,200,200,116.551984048839,115.58539031050061,115.58539031050061,0.5502024405018302,0.5176348757184965,0.577573612224838,0.05993873650634152
fscs_200,000000000000000001cd,built_loss,test_site,200,200,117.65413175001818,128.18649082004583,117.65413175001818,0.7645390151438535,0.7290263640427124,0.799784782775758,0.07075841873304567
fscs_200,000000000000000001e5,built_loss,test_site,200,200,88.76369853383405,47.15744138671881,47.15744138671881,0.5687660957226895,0.5463580085716386,0.6054347697045707,0.05907676113293203
fscs_200,00000000000000000209,built_loss,test_site,200,200,128.7972248652517,119.75587990401934,119.75587990401934,0.6304462100330996,0.5800378499216071,0.6550600642421697,0.07502221432056255
fscs_200,00000000000000000231,built_loss,test_site,200,200,129.41253879340854,116.51324431332154,116.51324431332154,0.5335142436243089,0.5115991040246355,0.5719875854362662,0.06038848141163067
fscs_200,0000000000000000026d,built_loss,test_site,200,200,127.44633198912872,81.77795924499564,81.77795924499564,0.593458647088699,0.5681829160992747,0.6262039458751285,0.05802102977585377
fscs_200,00000000000000000278,built_loss,test_site,172,172,96.1092830676934,99.35346216175536,96.1092830676934,0.7796458866588776,0.7410314403518659,0.8025022784705161,0.061470838118650284
fscs_200,00000000000000000293,built_loss,test_site,200,200,83.68194160279263,64.8216027175764,64.8216027175764,0.47942197388933994,0.44751395865649124,0.5098218604100418,0.06230790175355061
fscs_200,00000000000000000316,built_loss,test_site,200,200,133.92975394335343,3.9503111471238768,3.9503111471238768,0.12294446523545764,0.11735735957616637,0.12885690395215052,0.011499544375984147
fscs_200,00000000000000000356,built_loss,test_site,200,200,100.16181997557722,93.77587370968267,93.77587370968267,0.5406531317246686,0.4962971825864805,0.5864523905154998,0.09015520792901932
fscs_200,00000000000000000362,built_loss,test_site,200,200,134.72465317095495,117.21298263883548,117.21298263883548,0.5648568748492845,0.5297745362131526,0.5890900246696467,0.05931548845649404
fscs_200,00000000000000000363,built_loss,test_site,198,195,134.14608850646255,70.725063981721,70.725063981721,0.24775782458450318,0.22617650116773333,0.26334534783800106,0.037168846670267736
fscs_200,00000000000000000364,built_loss,test_site,161,187,103.96214649542658,122.0714203083802,103.96214649542658,0.6157520075880053,0.5881450254310301,0.6487783713742491,0.06063334594321901
fscs_200,00000000000000000380,built_loss,test_site,200,200,131.7380625063684,74.36144693225557,74.36144693225557,0.5018639442758772,0.48262527478000555,0.5347158329305415,0.052090558150535926
fscs_200,00000000000000000384,built_loss,test_site,200,200,128.79933687126498,53.42931510556679,53.42931510556679,0.584179487276464,0.5649787631856448,0.6047389877794992,0.03976022459385442
fscs_200,0000000000000000039e,built_loss,test_site,200,200,138.25117478268047,17.23516820130209,17.23516820130209,0.4949980595341841,0.47367122414965,0.5153818878072166,0.04171066365756659
fscs_200,000000000000000003a1,built_loss,test_site,200,200,105.6856408226365,52.11210957359638,52.11210957359638,0.6160283645214796,0.5924212027720481,0.6482252995556886,0.05580409678364051
fscs_200,000000000000000003a5,built_loss,test_site,195,191,127.40465245309696,70.60898840478293,70.60898840478293,0.3933392852579359,0.3645926942257573,0.43614097035161814,0.07154827612586084
fscs_200,000000000000000003b7,built_loss,test_site,200,200,138.90879658800492,31.30654147136203,31.30654147136203,0.49232896087299666,0.4807846172069736,0.5058558414390416,0.025071224232068035
fscs_200,000000000000000003bf,built_loss,test_site,200,200,113.05668211678368,111.69729795412015,111.69729795412015,0.5342655540835044,0.5189609552895376,0.5617132429368142,0.04275228764727668
fscs_200,000000000000000003d2,built_loss,test_site,200,200,108.22926198836592,121.90647083126893,108.22926198836592,0.5959975707071276,0.5613450801011232,0.634134583623868,0.07278950352274483
fscs_200,000000000000000003f8,built_loss,test_site,200,200,153.01782458789484,17.817894477143117,17.817894477143117,0.22322765067025102,0.20815158073608428,0.23413071010931516,0.02597912937323088
fscs_200,000000000000000003fa,built_loss,test_site,200,200,112.20840415846789,119.06286117967161,112.20840415846789,0.4172185576203561,0.3986311979408025,0.4428238834282933,0.044192685487490835
fscs_200,00000000000000000407,built_loss,test_site,200,200,112.57955454517827,131.03411033534766,112.57955454517827,0.5585889054061548,0.5240902298880153,0.5864560567081177,0.06236582682010239
fscs_200,0000000000000000040f,built_loss,test_site,200,200,96.1821546892853,81.83052281366103,81.83052281366103,0.5215232277956281,0.512070846136806,0.5327674180399001,0.020696571903094152
fscs_200,00000000000000000426,built_loss,test_site,200,200,87.8615476256777,95.28193069268586,87.8615476256777,0.566311052776416,0.54395363658399,0.5876493114003813,0.04369567481639136
fscs_200,0000000000000000042b,built_loss,test_site,200,200,133.91909455132566,98.39214374615854,98.39214374615854,0.5657546229617553,0.5441995054219371,0.5910401744240886,0.04684066900215156
fscs_200,00000000000000000442,built_loss,test_site,200,200,136.4339694161846,11.500599252334636,11.500599252334636,0.3537968879039432,0.31491283549806176,0.49300221751076895,0.1780893820127072
fscs_200,00000000000000000465,built_loss,test_site,200,200,130.3699520415499,109.15082478121074,109.15082478121074,0.6317561665322977,0.5992443870114401,0.6541226992452913,0.0548783122338512
fscs_200,0000000000000000047e,built_loss,test_site,200,200,142.95354048965945,49.65683328334357,49.65683328334357,0.5305926790655608,0.5115067761591497,0.5554956684306156,0.04398889227146585
fscs_200,00000000000000000490,built_loss,test_site,200,200,135.36508122298233,122.0745885386286,122.0745885386286,0.6469253458653569,0.6203748688479102,0.6772149538981657,0.05684008505025551
fscs_200,000000000000000004c0,built_loss,test_site,200,200,106.41431635585556,100.52639025738239,100.52639025738239,0.6464726745294347,0.6231696322610051,0.6665407705294125,0.04337113826840744
fscs_200,000000000000000004c5,built_loss,test_site,200,200,120.18247092675355,37.34083970047449,37.34083970047449,0.584661907907965,0.5499894707366623,0.6158817181012004,0.06589224736453814
fscs_200,000000000000000004d9,built_loss,test_site,200,200,126.57389300614025,94.29146749893995,94.29146749893995,0.5543945183555384,0.5369354976249545,0.573806547513502,0.0368710498885475
fscs_200,000000000000000004eb,built_loss,test_site,200,200,114.56720014133877,117.08384568017354,114.56720014133877,0.44811746526554375,0.4368995239425972,0.4656093398133211,0.02870981587072391
fscs_200,000000000000000004f7,built_loss,test_site,200,200,128.85793601556887,23.65190473516841,23.65190473516841,0.4773619895402901,0.466218255669687,0.49121952863561175,0.025001272965924748
fscs_200,000000000000000004fe,built_loss,test_site,200,200,139.84969874890916,45.45372303681324,45.45372303681324,0.50085794271182,0.48753060534273246,0.5134264070767286,0.025895801733996138
fscs_200,0000000000000000051d,built_loss,test_site,200,200,143.2068407570863,41.79295860901526,41.79295860901526,0.4947551431473503,0.4178271158184912,0.5711296265978261,0.15330251077933488
fscs_200,00000000000000000559,built_loss,test_site,200,200,127.40952026155018,100.16216976455922,100.16216976455922,0.6880400735118792,0.6574680913234532,0.7126330730690559,0.05516498174560269
fscs_200,00000000000000000576,built_loss,test_site,200,200,138.82050473140202,28.164842749184306,28.164842749184306,0.2735494574446032,0.2481496421830642,0.2907740959903084,0.042624453807244195
fscs_200,00000000000000000577,built_loss,test_site,200,200,143.9411384340955,31.315615732100547,31.315615732100547,0.47355598156254,0.4438692633478886,0.5236032611033308,0.07973399775544215
fscs_200,0000000000000000057f,built_loss,test_site,200,200,111.35952969895084,5.70372098184361,5.70372098184361,0.40102456450434465,0.3750395962895693,0.4242749079206407,0.04923531163107142
fscs_200,00000000000000000594,built_loss,test_site,200,200,142.6988838388067,41.13072019054391,41.13072019054391,0.5214212349665552,0.46287344843947653,0.6048206471636863,0.1419471987242098
fscs_200,000000000000000005ad,built_loss,test_site,200,200,131.2779063380061,99.8390467886993,99.8390467886993,0.6635452917828042,0.6350726794118651,0.6867030607753929,0.05163038136352782
fscs_200,000000000000000005bf,built_loss,test_site,200,200,132.2371519831576,67.99455083613218,67.99455083613218,0.3998992798552043,0.3815698861308992,0.423064898295052,0.0414950121641528
fscs_200,000000000000000005cc,built_loss,test_site,200,200,96.37505621092704,29.731006359893474,29.731006359893474,0.3558345094694623,0.33983141793098953,0.36678263986691306,0.02695122193592353
fscs_200,000000000000000005de,built_loss,test_site,200,200,114.91684534946681,81.00324093236611,81.00324093236611,0.43630504145346294,0.42092241001933073,0.4466348398645057,0.025712429845174967
fscs_200,000000000000000005e7,built_loss,test_site,200,200,99.21835690255048,126.55000567986077,99.21835690255048,0.6417234180681689,0.603695734320677,0.6733316002545584,0.06963586593388138
fscs_200,000000000000000005f9,built_loss,test_site,200,200,139.08013939674223,49.393527564316024,49.393527564316024,0.6554622415250153,0.6253919267193165,0.6873636834418,0.06197175672248345
fscs_200,0000000000000000061c,built_loss,test_site,200,200,144.34214080400037,51.61522169480066,51.61522169480066,0.4038550624813583,0.3857202243171203,0.4297905667206144,0.04407034240349411
fscs_200,00000000000000000624,built_loss,test_site,200,200,101.06622492318243,12.200086022704495,12.200086022704495,0.5131376761508757,0.47925173951985894,0.5416373862217355,0.062385646701876574
fscs_200,00000000000000000626,built_loss,test_site,200,200,117.95402076235699,91.13469286328348,91.13469286328348,0.5024132932755273,0.4812655613879942,0.5167477257178322,0.03548216432983803
fscs_200,0000000000000000062a,built_loss,test_site,200,200,121.58383361116958,101.49390916915074,101.49390916915074,0.568098650094264,0.5483556626895539,0.5950408081784662,0.04668514548891223
fscs_200,00000000000000000636,built_loss,test_site,200,200,128.23288368908877,54.668185518385144,54.668185518385144,0.47971328089039633,0.40761188639812346,0.530435919085996,0.12282403268787251
fscs_200,0000000000000000064a,built_loss,test_site,200,200,147.77496836403807,9.926858876200445,9.926858876200445,0.29691333769025263,0.2806644784924242,0.3104408681573855,0.029776389664961267
fscs_200,0000000000000000064d,built_loss,test_site,200,200,139.16997361933895,32.0265427688593,32.0265427688593,0.43844310969216416,0.4107637980254394,0.46370893332104113,0.05294513529560174
fscs_200,00000000000000000694,built_loss,test_site,200,200,135.7313174168428,72.33547109271016,72.33547109271016,0.3717281146816144,0.3582707612196853,0.3859712497311399,0.02770048851145457
fscs_200,0000000000000000069d,built_loss,test_site,200,200,110.38791164117876,101.16835698537567,101.16835698537567,0.6518098782044757,0.6266379804197622,0.6773858823176812,0.050747901897919
fscs_200,000000000000000006b7,built_loss,test_site,200,200,122.68496232249309,85.75408221264242,85.75408221264242,0.46704169497805,0.44697128436994243,0.4793089332631992,0.03233764889325674
fscs_200,000000000000000006df,built_loss,test_site,200,200,134.80217922083003,41.6309836382348,41.6309836382348,0.23220487254214778,0.21154758627830283,0.27757338804942927,0.06602580177112644
fscs_200,000000000000000006e3,built_loss,test_site,190,190,133.54763769220006,66.95493905093042,66.95493905093042,0.4203690446560001,0.38246386397445736,0.4451238560482884,0.06265999207383105
fscs_200,00000000000000000011,crop_loss,test_site,200,200,121.24677558951234,106.26979906882978,106.26979906882978,0.7962915912655607,0.5606488471425715,0.8457464305169055,0.285097583374334
fscs_200,0000000000000000002b,crop_loss,test_site,198,200,137.53013883465178,110.1619253755573,110.1619253755573,0.18039942347623822,0.14178435396912345,0.21391272778737933,0.07212837381825588
fscs_200,0000000000000000002d,crop_loss,test_site,175,173,112.35785896587088,116.0680713884481,112.35785896587088,0.4742459613639172,0.446385912086938,0.5059545236021858,0.05956861151524784
fscs_200,0000000000000000003a,crop_loss,test_site,200,200,101.59759680537145,132.93592217788273,101.59759680537145,0.2979624304783811,0.26877717444928073,0.3346828751451381,0.06590570069585738
fscs_200,0000000000000000009b,crop_loss,test_site,200,200,110.80926994874811,43.03647682065638,43.03647682065638,0.4960188760814392,0.4900879275601331,0.5013115929388557,0.011223665378722658
fscs_200,0000000000000000009d,crop_loss,test_site,200,200,146.86945617893537,12.677007984696292,12.677007984696292,0.38109739426948014,0.35277396056119725,0.41043213041566745,0.0576581698544702
fscs_200,000000000000000000a8,crop_loss,test_site,174,167,123.4537187089483,75.26247426557654,75.26247426557654,0.20817482120638459,0.19379814400874765,0.22055133885778747,0.02675319484903982
fscs_200,000000000000000000da,crop_loss,test_site,200,200,68.66141693761425,134.11168381428894,68.66141693761425,0.7541763210677107,0.737700355860592,0.7731965051219054,0.03549614926131339
fscs_200,000000000000000000e3,crop_loss,test_site,200,200,129.1469059007047,115.02095318780094,115.02095318780094,0.48993449655631904,0.46109625472112614,0.5184345062289965,0.05733825150787031
fscs_200,000000000000000000e9,crop_loss,test_site,200,200,123.06335288620576,13.799387964691066,13.799387964691066,0.42383655063892317,0.3815617079148905,0.45615846225044765,0.07459675433555712
fscs_200,0000000000000000011b,crop_loss,test_site,200,200,147.19316864920762,72.31690658076012,72.31690658076012,0.48275000469604595,0.4714184717792049,0.4971139567980383,0.025695485018833453
fscs_200,00000000000000000128,crop_loss,test_site,200,200,89.54199832320185,95.0439385853735,89.54199832320185,0.5439916622111378,0.5322023489602494,0.5543077452258426,0.022105396265593158
fscs_200,00000000000000000192,crop_loss,test_site,200,200,126.63893593546375,109.30133215611119,109.30133215611119,0.5576970035530296,0.5444231233794662,0.5729170788344643,0.02849395545499811
fscs_200,00000000000000000196,crop_loss,test_site,200,200,138.57318869906598,46.62039965040075,46.62039965040075,0.24383533233150406,0.2291986061051745,0.2626894419527548,0.03349083584758028
fscs_200,000000000000000001a6,crop_loss,test_site,200,200,130.4476830176548,100.73652867716228,100.73652867716228,0.29190758846318904,0.25091398206033333,0.32704369445440284,0.07612971239406952
fscs_200,000000000000000001e4,crop_loss,test_site,200,200,105.44544674035521,128.4260691433631,105.44544674035521,0.4837868901135964,0.4660938200005259,0.5111900768695189,0.04509625686899299
fscs_200,000000000000000001f9,crop_loss,test_site,200,200,121.98530936567788,115.60950169852894,115.60950169852894,0.498182938519541,0.44252437041200365,0.679535556652104,0.2370111862401003
fscs_200,00000000000000000228,crop_loss,test_site,200,200,126.94955971418462,70.42599619153908,70.42599619153908,0.5033729263863393,0.4327033072929394,0.5387258300571954,0.10602252276425606
fscs_200,0000000000000000028c,crop_loss,test_site,200,200,120.33268869705908,7.874281648770367,7.874281648770367,0.3004209818841105,0.2836012711854527,0.3266518362731707,0.043050565087717985
fscs_200,0000000000000000028d,crop_loss,test_site,200,200,139.9908666699948,58.15500807065478,58.15500807065478,0.6700841075507462,0.6385764982989223,0.6943086492992004,0.055732151000278174
fscs_200,00000000000000000291,crop_loss,test_site,200,200,127.2681776545255,46.19765867139872,46.19765867139872,0.8825576303620036,0.8736631609689627,0.8900055418407052,0.016342380871742557
fscs_200,000000000000000002c5,crop_loss,test_site,200,200,127.26273155771983,80.81418090339471,80.81418090339471,0.3397260983834447,0.2947036461996995,0.3659752833072634,0.0712716371075639
fscs_200,000000000000000002dc,crop_loss,test_site,200,200,112.42939289155026,122.23292087336003,112.42939289155026,0.64676595678349,0.6160811742986765,0.6717761441462361,0.05569496984755962
fscs_200,000000000000000002e4,crop_loss,test_site,200,200,110.88225496227548,125.65016670200775,110.88225496227548,0.32445453386871687,0.30199283207788186,0.362639265286721,0.06064643320883917
fscs_200,000000000000000002ec,crop_loss,test_site,200,200,113.49411696622278,127.78128137867729,113.49411696622278,0.4883083578670176,0.46223900596186407,0.5321218759198021,0.06988286995793802
fscs_200,00000000000000000314,crop_loss,test_site,200,200,145.49781755625665,77.31076973996656,77.31076973996656,0.09132639086077407,0.06125742997329542,0.10908384556995918,0.04782641559666376
fscs_200,00000000000000000335,crop_loss,test_site,200,200,128.87097874736085,118.34832160203445,118.34832160203445,0.4499387865811609,0.4245753670026992,0.4769884952126286,0.05241312820992938
fscs_200,0000000000000000033a,crop_loss,test_site,200,200,77.72970324595194,129.3519764522724,77.72970324595194,0.5140373546522389,0.4822664546533258,0.5432768289647842,0.06101037431145845
fscs_200,000000000000000003b0,crop_loss,test_site,200,200,109.23647770526337,138.65128430835753,109.23647770526337,0.2024598354181838,0.18285302065508902,0.2433932337078424,0.060540213052753394
fscs_200,000000000000000003c8,crop_loss,test_site,200,200,126.60565629538388,104.41155678485514,104.41155678485514,0.19494956779611586,0.1756193763638418,0.21096877955326832,0.035349403189426504
fscs_200,000000000000000003f1,crop_loss,test_site,152,138,107.11171977633391,97.03495282831486,97.03495282831486,0.46117080974416497,0.4254741465582266,0.49542925828757534,0.06995511172934876
fscs_200,000000000000000003f2,crop_loss,test_site,200,200,116.83274025829319,95.84521967570495,95.84521967570495,0.4701966745357988,0.4435708462881159,0.4916169241595416,0.04804607787142573
fscs_200,0000000000000000044b,crop_loss,test_site,200,200,132.09282944545848,34.003043238122686,34.003043238122686,0.5633126809291097,0.5477202206762463,0.5788837793758412,0.031163558699594973
fscs_200,0000000000000000046c,crop_loss,test_site,200,200,112.77503588358681,127.73835469262336,112.77503588358681,0.5040883764301555,0.4614489522190967,0.556142903566096,0.09469395134699926
fscs_200,00000000000000000480,crop_loss,test_site,200,200,140.26139570054553,29.565120888177304,29.565120888177304,0.8618081497714292,0.833338081654907,0.8812199116675679,0.047881830012660886
fscs_200,00000000000000000483,crop_loss,test_site,200,200,136.87027022850071,27.00681874999472,27.00681874999472,0.7403034947385077,0.7103477809285429,0.7695715401841106,0.059223759255567665
fscs_200,00000000000000000485,crop_loss,test_site,195,196,106.1919695588576,140.02411886231883,106.1919695588576,0.6995175764619903,0.6834618020016408,0.712450650011184,0.028988848009543267
fscs_200,00000000000000000497,crop_loss,test_site,190,187,129.8494367159119,95.87743596405751,95.87743596405751,0.2227044461843127,0.20422054046604696,0.2630908948086706,0.05887035434262364
fscs_200,0000000000000000049b,crop_loss,test_site,200,200,132.44981155716036,101.57726046221823,101.57726046221823,0.356963295875075,0.33851990119208897,0.37322817103793454,0.034708269845845574
fscs_200,000000000000000004a1,crop_loss,test_site,200,200,100.73206521419935,128.66358884302596,100.73206521419935,0.3527773178839155,0.33102497588078267,0.38289450146688336,0.051869525586100695
fscs_200,000000000000000004e7,crop_loss,test_site,200,200,124.44221577963043,60.98123586219013,60.98123586219013,0.4902547301433119,0.47630102371005995,0.5030069137454592,0.026705890035399305
fscs_200,000000000000000004e9,crop_loss,test_site,200,200,145.90672927338116,45.39522991213688,45.39522991213688,0.40278671803453503,0.31391847722218225,0.4435003673945244,0.12958189017234217
fscs_200,000000000000000004ee,crop_loss,test_site,200,200,132.3695218463346,56.80248159881121,56.80248159881121,0.38206559554208075,0.3193448891716695,0.444694414088751,0.1253495249170815
fscs_200,000000000000000004f9,crop_loss,test_site,200,200,124.01848494391047,103.79091652318611,103.79091652318611,0.3579097146426206,0.3171183693202047,0.43915403648684675,0.12203566716664205
fscs_200,00000000000000000517,crop_loss,test_site,200,200,138.0518574171428,81.90725094156252,81.90725094156252,0.2927744989209896,0.24157771718891527,0.32831736743562934,0.08673965024671407
fscs_200,00000000000000000538,crop_loss,test_site,157,199,117.31461799372744,1.2771408186994289,1.2771408186994289,0.2994533229538328,0.28292183285740696,0.3142358857524238,0.03131405289501682
fscs_200,0000000000000000057e,crop_loss,test_site,200,200,134.74525056549717,10.286592729682917,10.286592729682917,0.5377704547533146,0.5253683430971706,0.5513604883057865,0.025992145208615924
fscs_200,000000000000000005d1,crop_loss,test_site,200,200,140.1362993444056,49.73300161617834,49.73300161617834,0.15122800186110796,0.12918421900814356,0.18063033223337027,0.051446113225226714
fscs_200,00000000000000000611,crop_loss,test_site,200,200,130.39761586331352,111.80835648815057,111.80835648815057,0.6570763389372598,0.6279433525961018,0.6803574578179133,0.05241410522181156
fscs_200,0000000000000000062f,crop_loss,test_site,200,200,125.04411909869121,113.14718121646547,113.14718121646547,0.5119844109299803,0.457665120275968,0.5694591401385738,0.11179401986260579
fscs_200,00000000000000000632,crop_loss,test_site,181,168,128.55460960407603,36.291035179121415,36.291035179121415,0.08211724584025878,0.06955254282131859,0.08975978253786403,0.020207239716545436
fscs_200,0000000000000000063e,crop_loss,test_site,200,200,115.36408527306082,115.3433241739422,115.3433241739422,0.3056183531920004,0.27864652177590044,0.3347277265145331,0.05608120473863265
fscs_200,00000000000000000655,crop_loss,test_site,200,200,121.26371290660092,83.55894589436258,83.55894589436258,0.49831877957148946,0.44728219574938927,0.5837269091060964,0.1364447133567071
fscs_200,00000000000000000697,crop_loss,test_site,171,165,114.62097188187998,129.53759983503096,114.62097188187998,0.6170683264631075,0.5826221128944846,0.6477981512417667,0.06517603834728203
fscs_200,00000000000000000698,crop_loss,test_site,200,200,46.74932507573614,139.5025649885479,46.74932507573614,0.42319412577851023,0.39954237762287076,0.44300987565121547,0.04346749802834471
fscs_200,000000000000000006a8,crop_loss,test_site,200,200,123.44371793445922,120.7205666764609,120.7205666764609,0.2977751201888123,0.27095733928070154,0.3325964018747633,0.061639062594061766
fscs_200,000000000000000006b4,crop_loss,test_site,200,200,120.15996240988335,123.52093039349286,120.15996240988335,0.5205949108190587,0.476762337454567,0.5646530667478924,0.08789072929332542
fscs_200,000000000000000006be,crop_loss,test_site,200,200,108.76263816885441,38.5637919018984,38.5637919018984,0.3928221219727449,0.37091761678483903,0.4217738848213745,0.05085626803653548
fscs_200,000000000000000006c0,crop_loss,test_site,200,200,139.2177957134304,6.483665134618521,6.483665134618521,0.18960312936049106,0.17295715298753894,0.21430569947311193,0.041348546485572985
fscs_200,000000000000000006ce,crop_loss,test_site,200,200,137.31679345369204,68.51240164293226,68.51240164293226,0.5841973243144265,0.5260439423162764,0.6268218905403135,0.10077794822403707
fscs_200,000000000000000006d9,crop_loss,test_site,200,200,95.93328769946586,133.56011550293636,95.93328769946586,0.20403458435348143,0.1822418337896242,0.23204665100782387,0.04980481721819968
fscs_200,000000000000000006e5,crop_loss,test_site,200,200,113.75714695365345,127.51090788124016,113.75714695365345,0.5242702204156796,0.4911828647870928,0.5631323044082701,0.07194943962117734
fscs_200,00000000000000000151,built_loss,test_site,200,200,136.32734137410387,17.27927385734058,17.27927385734058,0.26295971863394507,0.24699988133674255,0.2814026528412722,0.03440277150452964
fscs_200,000000000000000001be,built_loss,test_site,200,200,112.22769344044212,6.976518997902896,6.976518997902896,0.5212819741231616,0.4893797132586138,0.5521975152807891,0.0628178020221753
fscs_200,0000000000000000034d,built_loss,test_site,200,200,139.21331595381972,11.028585335597786,11.028585335597786,0.4079600112494091,0.3913012579012052,0.4214618512754474,0.030160593374242206
fscs_200,000000000000000003c7,crop_loss,test_site,200,200,137.2647244683752,52.274250973505936,52.274250973505936,0.724207818532728,0.6942045866205254,0.7530942592306167,0.05888967261009126
fscs_200,0000000000000000004a,built_loss,test_site,200,200,141.3487937357971,31.4410867558334,31.4410867558334,0.4399635974690063,0.4265474304196655,0.4494340856133759,0.022886655193710415
fscs_200,00000000000000000206,built_loss,test_site,200,200,102.0709559877513,122.7757135786097,102.0709559877513,0.7216670298387968,0.6885198224083899,0.7483770279528532,0.05985720554446328
fscs_200,000000000000000002a4,built_loss,test_site,200,200,141.0596492837108,26.493395649677893,26.493395649677893,0.4096343217633991,0.39207014187031375,0.43089127620879325,0.0388211343384795
fscs_200,000000000000000004f5,built_loss,test_site,185,200,128.36943672965086,27.034179792241396,27.034179792241396,0.4745786953623484,0.4503808335944294,0.509966770087374,0.059585936492944636
fscs_200,000000000000000002cc,crop_loss,test_site,200,200,138.45969396001053,51.67247681293162,51.67247681293162,0.3920532888734069,0.33137762790875114,0.46676988698043204,0.1353922590716809
fscs_200,000000000000000006cc,crop_loss,test_site,200,200,60.67987844703802,139.0205716292349,60.67987844703802,0.34380432894178714,0.32613869905576465,0.3614321263493852,0.03529342729362056
fscs_200,0000000000000000016c,crop_loss,test_site,186,192,117.80997678345355,101.93717412617369,101.93717412617369,0.46561124320297237,0.4369639572334421,0.49660079086564535,0.059636833632203234
feature_diverse_60,00000000000000000085,built_loss,test_site,60,60,51.579810906738864,33.181363561533075,33.181363561533075,0.3496265927803058,0.3135714049395208,0.4088297898800431,0.0952583849405223
feature_diverse_60,00000000000000000114,built_loss,test_site,60,60,43.06879613363279,45.741037334287896,43.06879613363279,0.5887369060345633,0.5157574600079505,0.632465935800419,0.11670847579246846
feature_diverse_60,0000000000000000024c,built_loss,test_site,60,60,52.277527475228354,37.16616301874429,37.16616301874429,0.6736869298934385,0.6180457175253531,0.7289056691336862,0.11085995160833306
feature_diverse_60,00000000000000000375,built_loss,test_site,60,60,50.034076005173105,50.72670532098131,50.034076005173105,0.5924099259458012,0.543571258310656,0.6578749716793476,0.1143037133686916
feature_diverse_60,000000000000000004d2,built_loss,test_site,60,60,51.63226183374975,39.136855584634326,39.136855584634326,0.5450795862674502,0.5130005559780739,0.5923556976843221,0.07935514170624813
feature_diverse_60,000000000000000005bd,built_loss,test_site,60,60,52.58485334116016,8.634172249719056,8.634172249719056,0.557376106560043,0.5065678266355058,0.6021673101886579,0.09559948355315206
feature_diverse_60,00000000000000000281,crop_loss,test_site,60,60,46.89579855320095,52.03413002193661,46.89579855320095,0.5021346165650843,0.46780714618740943,0.5691454823283031,0.10133833614089366
feature_diverse_60,000000000000000003a2,crop_loss,test_site,60,60,39.16635296569996,51.008116940166296,39.16635296569996,0.2896296036228922,0.26638112477649833,0.32991123051778315,0.06353010574128481
feature_diverse_60,00000000000000000001,built_loss,test_site,60,60,51.601011219956014,36.058541767484655,36.058541767484655,0.4506406759003494,0.4181808338402617,0.5055308900708412,0.08735005623057945
feature_diverse_60,00000000000000000049,built_loss,test_site,60,60,50.25291763087091,9.225709420611226,9.225709420611226,0.4957183563723147,0.45204246331227116,0.5381335934982117,0.0860911301859405
feature_diverse_60,0000000000000000004f,built_loss,test_site,60,60,52.369987721263385,39.948594837314474,39.948594837314474,0.44823234228811065,0.39774465543073245,0.5196473560198375,0.12190270058910502
feature_diverse_60,0000000000000000005a,built_loss,test_site,60,60,48.74327126279189,40.589206400469685,40.589206400469685,0.4581369163900017,0.43544387173991866,0.48770409526544445,0.052260223525525784
feature_diverse_60,00000000000000000079,built_loss,test_site,60,60,51.56059016659044,55.49191455074496,51.56059016659044,0.5902486711086229,0.5411618498326075,0.6573147204523284,0.1161528706197209
feature_diverse_60,00000000000000000087,built_loss,test_site,60,60,55.49977051744214,54.65748148839303,54.65748148839303,0.5696968772554275,0.484178928087042,0.619219824169649,0.13504089608260705
feature_diverse_60,000000000000000000a1,built_loss,test_site,60,60,55.63337727003494,24.517119310045327,24.517119310045327,0.4103189849505376,0.3604811532520039,0.44468532448040815,0.08420417122840423
feature_diverse_60,000000000000000000b8,built_loss,test_site,60,60,52.53286385073992,23.809543605350598,23.809543605350598,0.58788642416791,0.4898202980871235,0.6686616927083273,0.1788413946212038
feature_diverse_60,000000000000000000c0,built_loss,test_site,60,60,53.19459515590757,50.964513593005805,50.964513593005805,0.6091774734975577,0.5743437471969611,0.6420358472693813,0.06769210007242021
feature_diverse_60,000000000000000000e2,built_loss,test_site,60,60,56.22541064896945,38.772099869860604,38.772099869860604,0.5532650171342064,0.4753626509809941,0.5959050421581974,0.12054239117720328
feature_diverse_60,000000000000000000f0,built_loss,test_site,60,60,56.503397959859704,45.37018903117353,45.37018903117353,0.6102200810769518,0.5491536151829182,0.6554192986927408,0.10626568350982268
feature_diverse_60,000000000000000000f8,built_loss,test_site,60,60,54.90074792998796,50.801527803593295,50.801527803593295,0.5168166609727184,0.4660180239660485,0.5570710470659158,0.09105302309986729
feature_diverse_60,0000000000000000011c,built_loss,test_site,60,60,54.26460132494889,19.466147340762706,19.466147340762706,0.6595372364871331,0.5803777591414603,0.7097815483230153,0.12940378918155504
feature_diverse_60,00000000000000000161,built_loss,test_site,60,60,56.56708531388401,49.90407752151991,49.90407752151991,0.5820802964342625,0.5285530717582511,0.6330045479028116,0.10445147614456052
feature_diverse_60,0000000000000000016a,built_loss,test_site,60,60,49.12663979072652,16.1142135446325,16.1142135446325,0.3446658703364763,0.29662899374846924,0.3995656391375803,0.10293664538911107
feature_diverse_60,00000000000000000176,built_loss,test_site,60,60,55.17142153333368,38.51249996158751,38.51249996158751,0.6391507118175879,0.5880256803994883,0.7117689495799974,0.12374326918050904
feature_diverse_60,000000000000000001a8,built_loss,test_site,60,60,52.41399267807801,55.802842172260135,52.41399267807801,0.4946249101663457,0.4473634755085918,0.5485816750033988,0.10121819949480704
feature_diverse_60,000000000000000001cd,built_loss,test_site,60,60,52.115876758402464,49.97560850678672,49.97560850678672,0.6698805316226929,0.5967749647351058,0.7169192042828685,0.12014423954776265
feature_diverse_60,000000000000000001e5,built_loss,test_site,60,60,48.099948820021076,33.67580335753387,33.67580335753387,0.5859584445338089,0.5434928080496118,0.6541034238998992,0.11061061585028742
feature_diverse_60,00000000000000000209,built_loss,test_site,60,60,57.35871604740594,56.200592746039185,56.200592746039185,0.5350316965147808,0.48732725150498907,0.6225347580418263,0.13520750653683727
feature_diverse_60,00000000000000000231,built_loss,test_site,60,60,53.27536532403957,52.600384458529675,52.600384458529675,0.5413106184788901,0.4897470909076889,0.5944619057312405,0.10471481482355155
feature_diverse_60,0000000000000000026d,built_loss,test_site,60,60,54.61656127525154,44.95956476382163,44.95956476382163,0.580178476070982,0.5157724690642717,0.620693412134238,0.10492094306996635
feature_diverse_60,00000000000000000278,built_loss,test_site,60,60,49.97751879683593,50.16909855112562,49.97751879683593,0.6964482502412094,0.6422776244175257,0.7526045710834852,0.11032694666595955
feature_diverse_60,00000000000000000293,built_loss,test_site,60,60,36.375269018200086,37.33154116378082,36.375269018200086,0.4694797963915292,0.4092337086360586,0.5240301258756573,0.11479641723959871
feature_diverse_60,00000000000000000316,built_loss,test_site,60,60,52.41386671769317,4.1818597116395395,4.1818597116395395,0.15485083685606155,0.12884346025083282,0.1858732128867584,0.05702975263592558
feature_diverse_60,00000000000000000356,built_loss,test_site,60,60,48.68664967632082,46.42577361022179,46.42577361022179,0.5639601383388679,0.4740501675603658,0.612220150969125,0.1381699834087592
feature_diverse_60,00000000000000000362,built_loss,test_site,60,60,54.76305575163103,49.72282371871835,49.72282371871835,0.488691231168147,0.44795296041149796,0.5259812690380683,0.07802830862657034
feature_diverse_60,00000000000000000363,built_loss,test_site,60,60,55.05169340911066,39.683623314673135,39.683623314673135,0.323989435575235,0.28727092947847405,0.38249061531852413,0.09521968584005008
feature_diverse_60,00000000000000000364,built_loss,test_site,60,60,50.96559930692167,51.376384360079726,50.96559930692167,0.6099336904693227,0.535823911908575,0.6648639373188108,0.12904002541023574
feature_diverse_60,00000000000000000380,built_loss,test_site,60,60,52.680596618530174,48.06618640827284,48.06618640827284,0.5117640451462822,0.4668495250274225,0.5510238446786453,0.0841743196512228
feature_diverse_60,00000000000000000384,built_loss,test_site,60,60,51.595915516644716,33.223883707823795,33.223883707823795,0.5576554090047309,0.5214990197381989,0.5911935437143687,0.06969452397616982
feature_diverse_60,0000000000000000039e,built_loss,test_site,60,60,52.456659192151946,29.02611714660701,29.02611714660701,0.4744119888279001,0.4529401019317142,0.5106610793575377,0.057720977425823494
feature_diverse_60,000000000000000003a1,built_loss,test_site,60,60,52.0289941058989,37.25230555521714,37.25230555521714,0.5843320209109562,0.5497986856454172,0.6272246789798062,0.07742599333438893
feature_diverse_60,000000000000000003a5,built_loss,test_site,60,60,56.641857635229194,38.56828199730996,38.56828199730996,0.45801270650996156,0.39269479118173317,0.5054899448986806,0.11279515371694743
feature_diverse_60,000000000000000003b7,built_loss,test_site,60,60,56.04561532443395,34.84116430457264,34.84116430457264,0.4790936249079835,0.4493062308187781,0.5272704192613689,0.07796418844259079
feature_diverse_60,000000000000000003bf,built_loss,test_site,60,60,53.28573239968756,50.06915420811955,50.06915420811955,0.5295316507684988,0.4891895063085459,0.5640754744841714,0.07488596817562548
feature_diverse_60,000000000000000003d2,built_loss,test_site,60,60,49.56487007366924,53.97005917998286,49.56487007366924,0.5397360207707885,0.49617328106699454,0.5844005244259396,0.08822724335894505
feature_diverse_60,000000000000000003f8,built_loss,test_site,60,60,55.59387101611592,19.408617480902254,19.408617480902254,0.24517622078995396,0.21803789666923623,0.30239890822758436,0.08436101155834813
feature_diverse_60,000000000000000003fa,built_loss,test_site,60,60,51.199218886544536,49.555289894660504,49.555289894660504,0.41380469832209865,0.3771612536485213,0.4713061478599338,0.09414489421141248
feature_diverse_60,00000000000000000407,built_loss,test_site,60,60,43.5974939019386,53.38953867415837,43.5974939019386,0.5725643324927359,0.5240264982852826,0.6290817681763529,0.10505526989107028
feature_diverse_60,0000000000000000040f,built_loss,test_site,60,60,49.73757266862656,45.31726916131038,45.31726916131038,0.5139240130971992,0.4975185562729457,0.5347936279372223,0.03727507166427657
feature_diverse_60,00000000000000000426,built_loss,test_site,60,60,47.775229711985965,45.549063156907984,45.549063156907984,0.5475057795652686,0.5172510336521979,0.6315198388783415,0.11426880522614358
feature_diverse_60,0000000000000000042b,built_loss,test_site,60,60,54.529121000376826,52.1118182975865,52.1118182975865,0.498233744490355,0.4423574247389851,0.5501981645369741,0.10784073979798903
feature_diverse_60,00000000000000000442,built_loss,test_site,60,60,51.766401732469284,12.454416425042584,12.454416425042584,0.4878730972612468,0.36982506061733794,0.5663667897462092,0.1965417291288713
feature_diverse_60,00000000000000000465,built_loss,test_site,60,60,52.08611161053235,49.94320371246877,49.94320371246877,0.658194131295719,0.6183001321910541,0.7029211550834984,0.08462102289244433
feature_diverse_60,0000000000000000047e,built_loss,test_site,60,60,56.39256265476377,33.4563767006565,33.4563767006565,0.4885797042458124,0.4399708664169368,0.529006346420941,0.08903548000400424
feature_diverse_60,00000000000000000490,built_loss,test_site,60,60,53.766903031564766,50.62659352621602,50.62659352621602,0.5552049139950602,0.5109810098311117,0.6201536114188962,0.10917260158778452
feature_diverse_60,000000000000000004c0,built_loss,test_site,60,60,53.082464391890234,47.53789212501571,47.53789212501571,0.5922407959210857,0.5416433187162137,0.6341642818116149,0.09252096309540114
feature_diverse_60,000000000000000004c5,built_loss,test_site,60,60,53.98959382592027,28.330477924392568,28.330477924392568,0.5578679462967052,0.511202284690212,0.6180919500941825,0.10688966540397049
feature_diverse_60,000000000000000004d9,built_loss,test_site,60,60,53.70575346004691,46.93437949947051,46.93437949947051,0.5341491138641025,0.4883882924014448,0.5615110424047314,0.07312275000328655
feature_diverse_60,000000000000000004eb,built_loss,test_site,60,60,54.24453912325563,48.449395115021396,48.449395115021396,0.47597017402861364,0.43925132213105444,0.5183127038703779,0.07906138173932342
feature_diverse_60,000000000000000004f7,built_loss,test_site,60,60,53.73329669006141,20.230864209288484,20.230864209288484,0.4773671261307544,0.42984394945305204,0.5063227737143196,0.07647882426126751
feature_diverse_60,000000000000000004fe,built_loss,test_site,60,60,49.88607227049435,28.613069780950745,28.613069780950745,0.4681789447861956,0.42721938636951917,0.5269568341538083,0.09973744778428917
feature_diverse_60,0000000000000000051d,built_loss,test_site,60,60,53.776666446246196,32.5808192166349,32.5808192166349,0.4243225942193625,0.3544042932621556,0.4964085161003106,0.142004222838155
feature_diverse_60,00000000000000000559,built_loss,test_site,60,60,52.30053467650448,43.60863099499994,43.60863099499994,0.6214460899583142,0.5423785541013019,0.6709003760945799,0.128521821993278
feature_diverse_60,00000000000000000576,built_loss,test_site,60,60,56.505834600079496,21.708760475011886,21.708760475011886,0.3202512782552258,0.27101742053800437,0.34946645414153116,0.07844903360352679
feature_diverse_60,00000000000000000577,built_loss,test_site,60,60,58.50499525393032,24.73255234887344,24.73255234887344,0.5325910104015059,0.462644657500472,0.5888727568678491,0.1262280993673771
feature_diverse_60,0000000000000000057f,built_loss,test_site,60,60,49.780852879574724,6.0534192092501575,6.0534192092501575,0.33114812322310233,0.26498026005039305,0.3809571609632187,0.11597690091282564
feature_diverse_60,00000000000000000594,built_loss,test_site,60,60,54.6088214478856,33.36896698851494,33.36896698851494,0.4707338888171498,0.38125130199562857,0.530306269842853,0.14905496784722444
feature_diverse_60,000000000000000005ad,built_loss,test_site,60,60,53.63724796329477,48.95740512031192,48.95740512031192,0.5726603188341437,0.5281465555103536,0.6263740964641316,0.09822754095377795
feature_diverse_60,000000000000000005bf,built_loss,test_site,60,60,57.38806142377478,48.05873291268082,48.05873291268082,0.43151683217170256,0.38653314464307365,0.46525049494043436,0.07871735029736071
feature_diverse_60,000000000000000005cc,built_loss,test_site,60,60,47.98695567322973,31.42548835705824,31.42548835705824,0.3723472962163785,0.3411394608403274,0.409077093700843,0.06793763286051557
feature_diverse_60,000000000000000005de,built_loss,test_site,60,60,49.211423971723946,48.91682696512462,48.91682696512462,0.4591021175618165,0.4315714912960478,0.4784129317596242,0.046841440463576356
feature_diverse_60,000000000000000005e7,built_loss,test_site,60,60,54.66175913137566,52.763835497925,52.763835497925,0.5899127265058682,0.5338639010291252,0.662588438670502,0.1287245376413768
feature_diverse_60,000000000000000005f9,built_loss,test_site,60,60,52.40792125904722,40.876225720188216,40.876225720188216,0.5864997417610778,0.5048012145774724,0.635752623172692,0.1309514085952196
feature_diverse_60,0000000000000000061c,built_loss,test_site,60,60,51.00947033303806,32.118820788108884,32.118820788108884,0.47225497767574914,0.4120410390157656,0.5423615234023121,0.13032048438654653
feature_diverse_60,00000000000000000624,built_loss,test_site,60,60,49.331496493024574,13.474011898178885,13.474011898178885,0.5012056302957036,0.45644990474950603,0.547537107748281,0.09108720299877499
feature_diverse_60,00000000000000000626,built_loss,test_site,60,60,52.33028684373393,44.17680345773509,44.17680345773509,0.4886339293184309,0.45478516300052213,0.5129554466787728,0.05817028367825067
feature_diverse_60,0000000000000000062a,built_loss,test_site,60,60,53.922685216459044,45.065972635003064,45.065972635003064,0.5844102151235039,0.5428357832839956,0.6381730894777731,0.09533730619377745
feature_diverse_60,00000000000000000636,built_loss,test_site,60,60,51.121601614296075,32.40130063684907,32.40130063684907,0.5639849195600356,0.48350579796363413,0.6364203634000721,0.152914565436438
feature_diverse_60,0000000000000000064a,built_loss,test_site,60,60,53.50553330414437,8.854726984964364,8.854726984964364,0.3152120215663344,0.27729426144925,0.33487077756098904,0.05757651611173903
feature_diverse_60,0000000000000000064d,built_loss,test_site,60,60,54.37928160332703,30.125842857373645,30.125842857373645,0.44001784434131386,0.39657556644625724,0.504403650930522,0.10782808448426473
feature_diverse_60,00000000000000000694,built_loss,test_site,60,60,51.81223490748451,37.96454007557487,37.96454007557487,0.3841677822042645,0.3539023908989792,0.42682619589883,0.0729238049998508
feature_diverse_60,0000000000000000069d,built_loss,test_site,60,60,52.383484135486505,47.89053465962242,47.89053465962242,0.596375206102973,0.5322898331063517,0.6536693259325399,0.1213794928261882
feature_diverse_60,000000000000000006b7,built_loss,test_site,60,60,55.25697005318537,47.11818884223106,47.11818884223106,0.4877073018987573,0.43867829982782214,0.5106627367075868,0.07198443687976464
feature_diverse_60,000000000000000006df,built_loss,test_site,60,60,53.248340034678684,33.70795620864169,33.70795620864169,0.4188299039530996,0.3278740359365126,0.47985918991517224,0.15198515397865964
feature_diverse_60,000000000000000006e3,built_loss,test_site,60,60,52.00016663092052,38.83232142113332,38.83232142113332,0.5749803548518834,0.5222180704251305,0.6142364317024993,0.09201836127736884
feature_diverse_60,00000000000000000011,crop_loss,test_site,60,60,50.32025301300272,54.78072151796265,50.32025301300272,0.5925462530946028,0.3824067148606112,0.7475322862199313,0.3651255713593201
feature_diverse_60,0000000000000000002b,crop_loss,test_site,60,60,53.97607496791233,52.24378379545808,52.24378379545808,0.27341119481858916,0.19442877593272112,0.36060205999983785,0.16617328406711673
feature_diverse_60,0000000000000000002d,crop_loss,test_site,60,60,47.58046010838972,55.212221712985055,47.58046010838972,0.4672409944238229,0.42333558239047847,0.5097639983064703,0.08642841591599187
feature_diverse_60,0000000000000000003a,crop_loss,test_site,60,60,52.337730455187945,55.84693215738861,52.337730455187945,0.2832503368555416,0.24946637664344434,0.3320228018044458,0.08255642516100148
feature_diverse_60,0000000000000000009b,crop_loss,test_site,60,60,52.29597728858097,36.68936624416108,36.68936624416108,0.5032767088211905,0.48790434677427397,0.5133918807855666,0.025487534011292667
feature_diverse_60,0000000000000000009d,crop_loss,test_site,60,60,54.25605359430718,17.2883653622107,17.2883653622107,0.3781273581170761,0.33710084590588424,0.4329899679361991,0.09588912203031486
feature_diverse_60,000000000000000000a8,crop_loss,test_site,60,60,50.802940833551176,46.18397477068658,46.18397477068658,0.22318936014199073,0.20780779103761807,0.24981856170458128,0.04201077066696321
feature_diverse_60,000000000000000000da,crop_loss,test_site,60,60,38.09486734213046,49.50586004174319,38.09486734213046,0.6435126631741873,0.5839132316823332,0.6832588166705547,0.09934558498822144
feature_diverse_60,000000000000000000e3,crop_loss,test_site,60,60,54.57519092457791,50.76063619900287,50.76063619900287,0.46040910263990664,0.39214461319158356,0.5221140412897799,0.12996942809819634
feature_diverse_60,000000000000000000e9,crop_loss,test_site,60,60,54.56414844748585,21.7336966536646,21.7336966536646,0.3111906390367408,0.25425882489907903,0.35877892592469,0.10452010102561099
feature_diverse_60,0000000000000000011b,crop_loss,test_site,60,60,55.027833548954135,44.9780308891559,44.9780308891559,0.47060769015128967,0.43783905056536404,0.5072213049961961,0.06938225443083207
feature_diverse_60,00000000000000000128,crop_loss,test_site,60,60,40.49393506552072,44.31299220722824,40.49393506552072,0.5181314126900948,0.5010592660649842,0.5383790817269739,0.03731981566198972
feature_diverse_60,00000000000000000192,crop_loss,test_site,60,60,52.49383364087908,52.30144697827919,52.30144697827919,0.49811463074320855,0.46110894437220734,0.5249395061823641,0.06383056181015673
feature_diverse_60,00000000000000000196,crop_loss,test_site,60,60,57.57134710086994,37.93667692312033,37.93667692312033,0.3177465001786856,0.25439235254417547,0.35976734008405564,0.10537498753988017
feature_diverse_60,000000000000000001a6,crop_loss,test_site,60,60,51.08469780211065,55.49325687110465,51.08469780211065,0.28427719565144205,0.23106534806591017,0.3368617403698148,0.10579639230390464
feature_diverse_60,000000000000000001e4,crop_loss,test_site,60,60,51.22349604578742,51.908183775754544,51.22349604578742,0.4852718077721363,0.44881200536309096,0.5115421047339748,0.06273009937088381
feature_diverse_60,000000000000000001f9,crop_loss,test_site,60,60,45.6315625755911,48.35735719036858,45.6315625755911,0.4609140359427569,0.36640626882807775,0.5857707426995208,0.21936447387144303
feature_diverse_60,00000000000000000228,crop_loss,test_site,60,60,47.897161618771335,46.703163768273505,46.703163768273505,0.3980596482761818,0.31691009047902247,0.4611940763471503,0.14428398586812785
feature_diverse_60,0000000000000000028c,crop_loss,test_site,60,60,49.61221149223486,15.10263262869206,15.10263262869206,0.3124664606759913,0.2523313287762781,0.3794255258978529,0.12709419712157477
feature_diverse_60,0000000000000000028d,crop_loss,test_site,60,60,53.38870777644155,39.00882821556227,39.00882821556227,0.6308858348847871,0.5696184777366886,0.664393116651617,0.09477463891492843
feature_diverse_60,00000000000000000291,crop_loss,test_site,60,60,48.46933476347686,33.65821964131036,33.65821964131036,0.8805982292338832,0.8461294243033879,0.9061795856094369,0.06005016130604901
feature_diverse_60,000000000000000002c5,crop_loss,test_site,60,60,58.019637006997314,45.18118014811232,45.18118014811232,0.3010691752492234,0.24659280050524832,0.36128755254285,0.11469475203760168
feature_diverse_60,000000000000000002dc,crop_loss,test_site,60,60,50.394518802241436,54.048031435310065,50.394518802241436,0.5272657302062009,0.4816007214142282,0.581210976976667,0.0996102555624388
feature_diverse_60,000000000000000002e4,crop_loss,test_site,60,60,50.391554627637476,56.36844043135313,50.391554627637476,0.3216414321653097,0.25795159275105206,0.37276062269980786,0.1148090299487558
feature_diverse_60,000000000000000002ec,crop_loss,test_site,60,60,51.4521928734423,49.68025139438367,49.68025139438367,0.4960434441240466,0.4693206036286341,0.6030448598433743,0.1337242562147402
feature_diverse_60,00000000000000000314,crop_loss,test_site,60,60,55.251478853089715,45.19067191879414,45.19067191879414,0.1980600720172669,0.1428784953831417,0.23982320456218323,0.09694470917904152
feature_diverse_60,00000000000000000335,crop_loss,test_site,60,60,53.70469202200671,56.239908662411544,53.70469202200671,0.3711449989226547,0.25329362178173526,0.4638860033911004,0.21059238160936516
feature_diverse_60,0000000000000000033a,crop_loss,test_site,60,60,46.95147740374526,53.72693347148983,46.95147740374526,0.5161590110293768,0.46119734316440303,0.5601637471997505,0.09896640403534746
feature_diverse_60,000000000000000003b0,crop_loss,test_site,60,60,47.192653378862104,53.70207545657154,47.192653378862104,0.3100828280743534,0.27159334176958055,0.3921532215266253,0.12055987975704474
feature_diverse_60,000000000000000003c8,crop_loss,test_site,60,60,53.66743847115565,50.87944894177014,50.87944894177014,0.2927749662269537,0.25429552316306747,0.33595537789475394,0.08165985473168647
feature_diverse_60,000000000000000003f1,crop_loss,test_site,60,60,53.09593888475007,49.60849414450245,49.60849414450245,0.43698201266324777,0.38115989107236475,0.49620077714751587,0.11504088607515112
feature_diverse_60,000000000000000003f2,crop_loss,test_site,60,60,53.545998408627135,52.30877107526286,52.30877107526286,0.40308412048878745,0.36038527896456796,0.45168825278676944,0.09130297382220148
feature_diverse_60,0000000000000000044b,crop_loss,test_site,60,60,50.575562202238814,28.33890943885179,28.33890943885179,0.5909993263659021,0.5544074148272509,0.6198691478477505,0.06546173302049962
feature_diverse_60,0000000000000000046c,crop_loss,test_site,60,60,49.54261433898122,52.35488297983258,49.54261433898122,0.5262019017401312,0.4548244702390691,0.5946455824677775,0.13982111222870847
feature_diverse_60,00000000000000000480,crop_loss,test_site,60,60,52.0943694588687,29.23765401528026,29.23765401528026,0.415365714931676,0.35462481350227776,0.5652163830001917,0.21059156949791397
feature_diverse_60,00000000000000000483,crop_loss,test_site,60,60,55.40969047044929,31.17927263482961,31.17927263482961,0.6884501937282281,0.6405980746337322,0.7278974231107599,0.0872993484770277
feature_diverse_60,00000000000000000485,crop_loss,test_site,60,60,49.38269299658885,54.396922647563365,49.38269299658885,0.6237115257083048,0.5603870682565433,0.6538182360162512,0.09343116775970794
feature_diverse_60,00000000000000000497,crop_loss,test_site,60,60,54.18937585496345,54.29426996236224,54.18937585496345,0.2484234757801177,0.21758514843010685,0.2915775847516064,0.07399243632149954
feature_diverse_60,0000000000000000049b,crop_loss,test_site,60,60,55.9336726295569,51.78341323720261,51.78341323720261,0.3384810453110376,0.30881477092532866,0.37104011600534503,0.06222534508001637
feature_diverse_60,000000000000000004a1,crop_loss,test_site,60,60,51.313109581979624,55.613686776321,51.313109581979624,0.4411423686167548,0.3788622168808854,0.5072759818091864,0.12841376492830103
feature_diverse_60,000000000000000004e7,crop_loss,test_site,60,60,53.87992670192175,43.23891706591565,43.23891706591565,0.49635523339203985,0.4643473127951986,0.5214985344277757,0.05715122163257713
feature_diverse_60,000000000000000004e9,crop_loss,test_site,60,60,55.47901528799664,40.734144684216794,40.734144684216794,0.311939629127566,0.2592702998382928,0.35481951592909294,0.09554921609080014
feature_diverse_60,000000000000000004ee,crop_loss,test_site,60,60,54.63841470669855,42.221233824359395,42.221233824359395,0.41128535714315534,0.3206391709518854,0.5199612318151886,0.19932206086330323
feature_diverse_60,000000000000000004f9,crop_loss,test_site,60,60,46.777895958002134,50.881187291137984,46.777895958002134,0.2528249306556057,0.205822244658291,0.3049739475064716,0.09915170284818062
feature_diverse_60,00000000000000000517,crop_loss,test_site,60,60,53.71289414373806,48.66768411907404,48.66768411907404,0.22367510919817643,0.1949307532045558,0.29462516984850384,0.09969441664394804
feature_diverse_60,00000000000000000538,crop_loss,test_site,60,60,53.020591917526986,1.3262665864535896,1.3262665864535896,0.3230616856544363,0.27698398561140736,0.3510531170955467,0.07406913148413935
feature_diverse_60,0000000000000000057e,crop_loss,test_site,60,60,52.9550893778113,9.84274411028941,9.84274411028941,0.5155584657381168,0.4799297235376763,0.5465690353392233,0.06663931180154697
feature_diverse_60,000000000000000005d1,crop_loss,test_site,60,60,54.427975192203014,35.561892222882534,35.561892222882534,0.28828187144709483,0.23519257340334554,0.35644788681606315,0.12125531341271761
feature_diverse_60,00000000000000000611,crop_loss,test_site,60,60,51.62148875899052,55.84692102897907,51.62148875899052,0.5881796187109174,0.5551215291711861,0.6422529106841878,0.0871313815130017
feature_diverse_60,0000000000000000062f,crop_loss,test_site,60,60,48.788656646938534,52.97442008579114,48.788656646938534,0.36241951225085606,0.3065686848102421,0.43852789693737804,0.13195921212713596
feature_diverse_60,00000000000000000632,crop_loss,test_site,60,60,54.88062120406902,33.80632663575396,33.80632663575396,0.1700016470379907,0.12289665329868464,0.2020287006632061,0.07913204736452147
feature_diverse_60,0000000000000000063e,crop_loss,test_site,60,60,51.68597525252031,52.19130640858261,51.68597525252031,0.32227310764620315,0.28154291785579905,0.3886973314853132,0.10715441362951417
feature_diverse_60,00000000000000000655,crop_loss,test_site,60,60,50.04361580775388,47.928675069235744,47.928675069235744,0.4122506916549481,0.3235834887417111,0.4787569997592869,0.15517351101757582
feature_diverse_60,00000000000000000697,crop_loss,test_site,60,60,52.07529987809776,57.49862830658495,52.07529987809776,0.5373004318956781,0.48006819199564,0.5605108068027138,0.08044261480707382
feature_diverse_60,00000000000000000698,crop_loss,test_site,60,60,32.61553503379122,52.273038095462105,32.61553503379122,0.39526722124163965,0.3392574010391069,0.45301895311519136,0.11376155207608446
feature_diverse_60,000000000000000006a8,crop_loss,test_site,60,60,52.48050901610131,53.48332732119906,52.48050901610131,0.3629303900521562,0.28788356486892264,0.41380765485851734,0.1259240899895947
feature_diverse_60,000000000000000006b4,crop_loss,test_site,60,60,50.03353308162928,55.80093973553975,50.03353308162928,0.4115568562463964,0.34860369617743525,0.47121685394243074,0.12261315776499548
feature_diverse_60,000000000000000006be,crop_loss,test_site,60,60,53.23433818903589,39.717461926597906,39.717461926597906,0.38624566526576815,0.34372469436561687,0.44848918751999106,0.1047644931543742
feature_diverse_60,000000000000000006c0,crop_loss,test_site,60,60,53.490071676602014,6.591555552722188,6.591555552722188,0.17161393705097652,0.15136065080974354,0.21309588186042883,0.06173523105068529
feature_diverse_60,000000000000000006ce,crop_loss,test_site,60,60,46.7861583885456,45.26492764706396,45.26492764706396,0.4463976547455486,0.3570708221458641,0.5161162376196393,0.1590454154737752
feature_diverse_60,000000000000000006d9,crop_loss,test_site,60,60,45.50902624696021,56.47430035217796,45.50902624696021,0.2548773756542598,0.21708229734398135,0.279557192957697,0.062474895613715636
feature_diverse_60,000000000000000006e5,crop_loss,test_site,60,60,48.370563238553856,56.03065778458133,48.370563238553856,0.4224611258159264,0.37021940117810137,0.49126932381542865,0.12104992263732728
feature_diverse_60,00000000000000000151,built_loss,test_site,60,60,54.191117448405606,24.3338202291559,24.3338202291559,0.3042703495639699,0.2641027618504088,0.33827944360538653,0.07417668175497771
feature_diverse_60,000000000000000001be,built_loss,test_site,60,60,53.460720123804904,6.523833844353187,6.523833844353187,0.5284970673787155,0.45916591918097244,0.5938718716994906,0.1347059525185182
feature_diverse_60,0000000000000000034d,built_loss,test_site,60,60,56.42769363201135,15.499240568365227,15.499240568365227,0.40575899648738006,0.36143532396397615,0.45208527006669214,0.09064994610271598
feature_diverse_60,000000000000000003c7,crop_loss,test_site,60,60,48.51026554574732,36.43534436029059,36.43534436029059,0.6061912470734662,0.5378709578330708,0.6542434331304029,0.11637247529733208
feature_diverse_60,0000000000000000004a,built_loss,test_site,60,60,54.987190199281955,25.182360787643063,25.182360787643063,0.4603626491366916,0.43963476999257306,0.49432695663921994,0.05469218664664688
feature_diverse_60,00000000000000000206,built_loss,test_site,60,60,47.00377255194203,51.98599392146174,47.00377255194203,0.5622507709224365,0.49430323378170576,0.6107160878549004,0.11641285407319463
feature_diverse_60,000000000000000002a4,built_loss,test_site,60,60,58.020802667094586,25.01885217465817,25.01885217465817,0.40820916294410053,0.3796684978158229,0.45014369820360844,0.07047520038778554
feature_diverse_60,000000000000000004f5,built_loss,test_site,60,60,51.85430038255397,22.10375795017298,22.10375795017298,0.5409871813474663,0.4766089535398024,0.6166994954734398,0.1400905419336374
feature_diverse_60,000000000000000002cc,crop_loss,test_site,60,60,54.27597009484003,39.89287906089042,39.89287906089042,0.3307679353345919,0.2642082357677063,0.4138147467641355,0.1496065109964292
feature_diverse_60,000000000000000006cc,crop_loss,test_site,60,60,40.615927047965435,51.56563769235567,40.615927047965435,0.3875178576860102,0.337310114810188,0.44225983307150657,0.10494971826131855
feature_diverse_60,0000000000000000016c,crop_loss,test_site,60,60,52.537512836147,52.89968957957391,52.537512836147,0.3841126370702059,0.32726546488510094,0.4420995463426495,0.11483408145754853
feature_diverse_100,00000000000000000085,built_loss,test_site,100,100,81.66910492020538,39.315328544948066,39.315328544948066,0.3483023337809371,0.3064253928759883,0.39925011347108513,0.09282472059509683
feature_diverse_100,00000000000000000114,built_loss,test_site,100,100,64.70851104405455,64.40252146282491,64.40252146282491,0.6003451717278452,0.5577748532307902,0.6425106078483261,0.08473575461753591
feature_diverse_100,0000000000000000024c,built_loss,test_site,100,100,75.53182370361239,47.53761773766692,47.53761773766692,0.6784525152766362,0.6444554277538568,0.7293035872131506,0.0848481594592938
feature_diverse_100,00000000000000000375,built_loss,test_site,100,100,68.56300595779169,73.99778686149835,68.56300595779169,0.6271490209046022,0.5839228072351602,0.6563675469268544,0.07244473969169418
feature_diverse_100,000000000000000004d2,built_loss,test_site,100,100,80.00151037176863,56.9971024050896,56.9971024050896,0.5740562020081271,0.5400230459972475,0.6018304088187335,0.06180736282148602
feature_diverse_100,000000000000000005bd,built_loss,test_site,100,100,73.93239025685025,8.796062427581553,8.796062427581553,0.5533053521315129,0.5156897215969894,0.587294800249273,0.0716050786522836
feature_diverse_100,00000000000000000281,crop_loss,test_site,100,100,72.46507141209578,79.77512135055056,72.46507141209578,0.5233463149515246,0.4704142906192804,0.5529713882853248,0.08255709766604435
feature_diverse_100,000000000000000003a2,crop_loss,test_site,100,100,54.363576003821244,80.05982736706042,54.363576003821244,0.30037692963427487,0.26345990160744603,0.3318333256684629,0.06837342406101687
feature_diverse_100,00000000000000000001,built_loss,test_site,100,100,80.09210290930386,46.50024606038106,46.50024606038106,0.4505802227085896,0.4228620205874061,0.49274385766274864,0.06988183707534257
feature_diverse_100,00000000000000000049,built_loss,test_site,100,100,74.94258456679859,7.854662707806586,7.854662707806586,0.5039997789752444,0.46306518237347855,0.5344439756927584,0.07137879331927982
feature_diverse_100,0000000000000000004f,built_loss,test_site,100,100,79.38763267037203,56.3373107594011,56.3373107594011,0.44940600779943163,0.3993379450856201,0.498647748618656,0.09930980353303592
feature_diverse_100,0000000000000000005a,built_loss,test_site,100,100,79.11432298260928,57.47841000688114,57.47841000688114,0.45453935289329406,0.4317120386491907,0.47554819261606607,0.043836153966875346
feature_diverse_100,00000000000000000079,built_loss,test_site,100,100,80.49315161298628,85.84455897755161,80.49315161298628,0.6162658060114714,0.5787694865557261,0.6548895739949657,0.07612008743923959
feature_diverse_100,00000000000000000087,built_loss,test_site,100,100,82.90418737529384,79.81037850421161,79.81037850421161,0.5868481501674612,0.5403909242532048,0.6264068660415747,0.08601594178836991
feature_diverse_100,000000000000000000a1,built_loss,test_site,100,100,86.27540483642652,23.196599107739456,23.196599107739456,0.42506128916224684,0.3840057350770698,0.46211858980674103,0.07811285472967122
feature_diverse_100,000000000000000000b8,built_loss,test_site,100,100,83.97119574151088,28.900928414361452,28.900928414361452,0.5901393816450056,0.5288265906684718,0.6683239883450472,0.13949739767657543
feature_diverse_100,000000000000000000c0,built_loss,test_site,100,100,76.6218787107353,73.90942242352638,73.90942242352638,0.6335003825904798,0.6025623549626408,0.6610492966230392,0.05848694166039847
feature_diverse_100,000000000000000000e2,built_loss,test_site,100,100,86.38372139461414,45.43325487433199,45.43325487433199,0.5025674118244927,0.44398868510165534,0.5532487394320709,0.10926005433041552
feature_diverse_100,000000000000000000f0,built_loss,test_site,100,100,82.32369363903088,69.81520595492101,69.81520595492101,0.6112455812556881,0.5544105889848443,0.6568914477272698,0.10248085874242552
feature_diverse_100,000000000000000000f8,built_loss,test_site,100,100,85.28735169640284,68.06924864954595,68.06924864954595,0.5391557698607545,0.5007391152591857,0.5729091672419903,0.07217005198280457
feature_diverse_100,0000000000000000011c,built_loss,test_site,100,100,89.0394083657657,18.777801131206346,18.777801131206346,0.6972482450596209,0.6619258735549347,0.727799171248059,0.06587329769312433
feature_diverse_100,00000000000000000161,built_loss,test_site,100,100,84.09538288620593,68.60811260880526,68.60811260880526,0.6062128512172573,0.5718686148223932,0.6458631598215061,0.07399454499911295
feature_diverse_100,0000000000000000016a,built_loss,test_site,100,100,77.10437058439084,16.19579159804473,16.19579159804473,0.3026573372700037,0.2711732350928161,0.34416403306291776,0.07299079797010166
feature_diverse_100,00000000000000000176,built_loss,test_site,100,100,85.93527037431184,51.5242475356751,51.5242475356751,0.6721247565352214,0.6369117707890841,0.6965760801057744,0.05966430931669031
feature_diverse_100,000000000000000001a8,built_loss,test_site,100,100,80.11188751731875,77.55917800541424,77.55917800541424,0.5309248706281698,0.4862115765339232,0.565044940850472,0.07883336431654875
feature_diverse_100,000000000000000001cd,built_loss,test_site,100,100,80.89623460408531,74.3838547711671,74.3838547711671,0.6952569335995898,0.6409175464415382,0.7371661294686525,0.09624858302711425
feature_diverse_100,000000000000000001e5,built_loss,test_site,100,100,69.73438879289236,43.327409291071994,43.327409291071994,0.6052249412397048,0.5543040915204148,0.6391675096845174,0.08486341816410259
feature_diverse_100,00000000000000000209,built_loss,test_site,100,100,83.964371169271,79.00509709277078,79.00509709277078,0.5797859719740637,0.5377106653133846,0.6450427982861093,0.1073321329727247
feature_diverse_100,00000000000000000231,built_loss,test_site,100,100,82.95426385286608,78.88620168028099,78.88620168028099,0.5596349298283496,0.5111277779671368,0.5961673731954816,0.08503959522834481
feature_diverse_100,0000000000000000026d,built_loss,test_site,100,100,83.51753330300511,61.97468850810034,61.97468850810034,0.6030600182442849,0.548563839263388,0.634888526439055,0.08632468717566699
feature_diverse_100,00000000000000000278,built_loss,test_site,100,100,75.06035282655198,73.34186395402631,73.34186395402631,0.7208136439200045,0.6963946039401935,0.7536267109276668,0.057232106987473275
feature_diverse_100,00000000000000000293,built_loss,test_site,100,100,57.58099370235771,52.204777434603216,52.204777434603216,0.47220392713229964,0.4352308485514307,0.5155235934739095,0.08029274492247884
feature_diverse_100,00000000000000000316,built_loss,test_site,100,100,82.45793356635156,4.004540496982069,4.004540496982069,0.13140729162089834,0.11379438152070767,0.1522197470671591,0.03842536554645143
feature_diverse_100,00000000000000000356,built_loss,test_site,100,100,69.18683923733977,67.33558956398521,67.33558956398521,0.5474561847585036,0.48481429517047414,0.6026347021003903,0.11782040692991613
feature_diverse_100,00000000000000000362,built_loss,test_site,100,100,85.91538260624446,76.30907929442805,76.30907929442805,0.5227063054692968,0.48625564605487454,0.5563513221572655,0.07009567610239092
feature_diverse_100,00000000000000000363,built_loss,test_site,100,100,86.69018111656511,54.843567922404546,54.843567922404546,0.2975244581935779,0.26472475118134337,0.34198116482678664,0.07725641364544328
feature_diverse_100,00000000000000000364,built_loss,test_site,100,100,79.07960507747077,77.47208685482649,77.47208685482649,0.5763538887987477,0.5334357166402307,0.6548882593245646,0.12145254268433392
feature_diverse_100,00000000000000000380,built_loss,test_site,100,100,83.8748976538162,65.9410109354249,65.9410109354249,0.5042576666343037,0.4664176915555903,0.5384405225901736,0.07202283103458329
feature_diverse_100,00000000000000000384,built_loss,test_site,100,100,79.88726622820248,43.104950489076266,43.104950489076266,0.5685123333781261,0.5406963799829584,0.5943194782901281,0.053623098307169714
feature_diverse_100,0000000000000000039e,built_loss,test_site,100,100,83.33373826063045,24.47571844325438,24.47571844325438,0.48904071065851834,0.4609521312923524,0.5160671707426329,0.055115039450280456
feature_diverse_100,000000000000000003a1,built_loss,test_site,100,100,71.1120082857974,44.73083227396067,44.73083227396067,0.5880315168371213,0.5633573023278472,0.6148183142234251,0.051461011895577946
feature_diverse_100,000000000000000003a5,built_loss,test_site,100,100,86.05645751177555,54.43896614434916,54.43896614434916,0.46140976891916924,0.4139929745556826,0.5070343786905398,0.09304140413485718
feature_diverse_100,000000000000000003b7,built_loss,test_site,100,100,89.03662819830679,38.345203957901575,38.345203957901575,0.49029352904606227,0.4632041453754571,0.5120853135423417,0.04888116816688454
feature_diverse_100,000000000000000003bf,built_loss,test_site,100,100,74.10795139055008,76.68890188022742,74.10795139055008,0.5213228890767732,0.5053710495728568,0.5640277886880363,0.058656739115179435
feature_diverse_100,000000000000000003d2,built_loss,test_site,100,100,73.65895050827292,80.89937454353274,73.65895050827292,0.566787307065093,0.5064878132062038,0.6163709241196557,0.10988311091345182
feature_diverse_100,000000000000000003f8,built_loss,test_site,100,100,92.3482809767162,19.12961931368021,19.12961931368021,0.2269770988978154,0.20266316778900795,0.25659612393390385,0.053932956144895905
feature_diverse_100,000000000000000003fa,built_loss,test_site,100,100,72.47537079825244,78.0275010100483,72.47537079825244,0.40318088664971036,0.38089195290892586,0.44092259728745664,0.060030644378530784
feature_diverse_100,00000000000000000407,built_loss,test_site,100,100,71.01835920264966,78.39868776802783,71.01835920264966,0.5751254177130875,0.5208526834956253,0.6028586625013768,0.08200597900575146
feature_diverse_100,0000000000000000040f,built_loss,test_site,100,100,68.42801955365519,64.21260993736439,64.21260993736439,0.5238043842338684,0.5055508865896334,0.5372331373072763,0.03168225071764286
feature_diverse_100,00000000000000000426,built_loss,test_site,100,100,63.73314546922856,69.18961825803767,63.73314546922856,0.5741982098714434,0.5410292648033401,0.6110176259223391,0.06998836111899898
feature_diverse_100,0000000000000000042b,built_loss,test_site,100,100,84.28890492033057,71.87786678968052,71.87786678968052,0.5339701811750219,0.4869690629689066,0.5670805598840041,0.0801114969150975
feature_diverse_100,00000000000000000442,built_loss,test_site,100,100,79.50047576529568,12.831322689897812,12.831322689897812,0.4669694285849835,0.3682773077664542,0.5685610329017639,0.20028372513530968
feature_diverse_100,00000000000000000465,built_loss,test_site,100,100,79.89079976757102,79.19813715928437,79.19813715928437,0.6549975791935035,0.6281454654783959,0.7056894985957812,0.07754403311738534
feature_diverse_100,0000000000000000047e,built_loss,test_site,100,100,86.79459021634766,45.508611345743645,45.508611345743645,0.5039421800003226,0.47401998963668196,0.5295388249688394,0.05551883533215746
feature_diverse_100,00000000000000000490,built_loss,test_site,100,100,81.63097524874438,79.86053036225293,79.86053036225293,0.5912837923506901,0.5403462674374444,0.6359680348817788,0.09562176744433437
feature_diverse_100,000000000000000004c0,built_loss,test_site,100,100,80.00408072682434,73.92839812687642,73.92839812687642,0.6160409289368637,0.583485728473657,0.6600647052082161,0.07657897673455916
feature_diverse_100,000000000000000004c5,built_loss,test_site,100,100,79.99896313398473,32.742252447330806,32.742252447330806,0.590903126635294,0.5570329227311168,0.6245095561772457,0.06747663344612886
feature_diverse_100,000000000000000004d9,built_loss,test_site,100,100,82.10735871888862,67.00964757814322,67.00964757814322,0.5489907275528064,0.523459653269342,0.577764041223466,0.05430438795412407
feature_diverse_100,000000000000000004eb,built_loss,test_site,100,100,81.89072193897663,78.79329181391915,78.79329181391915,0.46434134267062704,0.4428693606910241,0.49465631501212004,0.051786954321095924
feature_diverse_100,000000000000000004f7,built_loss,test_site,100,100,78.73419192374124,26.070754996674953,26.070754996674953,0.46740070956891555,0.4287580626180381,0.4890244824025766,0.060266419784538505
feature_diverse_100,000000000000000004fe,built_loss,test_site,100,100,83.73534177114296,37.87696150588512,37.87696150588512,0.47772954600452544,0.45373600168192707,0.5104207743955178,0.056684772713590736
feature_diverse_100,0000000000000000051d,built_loss,test_site,100,100,84.98700606729213,40.163319840804654,40.163319840804654,0.4351323569424503,0.36298165875026406,0.5041571890883328,0.1411755303380688
feature_diverse_100,00000000000000000559,built_loss,test_site,100,100,75.15523847502162,70.65104838340193,70.65104838340193,0.643393599088181,0.5900348835219138,0.6897236998413767,0.09968881631946291
feature_diverse_100,00000000000000000576,built_loss,test_site,100,100,85.74783777791308,27.320930861185786,27.320930861185786,0.2899275692540235,0.2603262504879122,0.3196435248043881,0.05931727431647593
feature_diverse_100,00000000000000000577,built_loss,test_site,100,100,87.43305417406617,29.918148228698165,29.918148228698165,0.5200774030585577,0.46521568722695156,0.5726995732058295,0.10748388597887798
feature_diverse_100,0000000000000000057f,built_loss,test_site,100,100,72.18300650285607,5.936974978217007,5.936974978217007,0.34802611770826203,0.3114306750527167,0.39641729328697534,0.08498661823425863
feature_diverse_100,00000000000000000594,built_loss,test_site,100,100,83.82464973233144,35.84372861657747,35.84372861657747,0.48136930483111606,0.39553828934794577,0.5472139398520264,0.1516756505040806
feature_diverse_100,000000000000000005ad,built_loss,test_site,100,100,79.55384169338201,70.80781374153577,70.80781374153577,0.6074879436301744,0.5651495766613528,0.6533833551524207,0.08823377849106795
feature_diverse_100,000000000000000005bf,built_loss,test_site,100,100,88.96995197585505,61.72209863025143,61.72209863025143,0.3950977173101193,0.3676948164504479,0.42756819281822706,0.059873376367779174
feature_diverse_100,000000000000000005cc,built_loss,test_site,100,100,63.78810835540108,33.55398945082293,33.55398945082293,0.37084008990505235,0.3597145664107309,0.39998196610531017,0.040267399694579264
feature_diverse_100,000000000000000005de,built_loss,test_site,100,100,74.7514754720205,62.34075358038564,62.34075358038564,0.4396172335803357,0.40622768678330984,0.45927112752354926,0.05304344074023942
feature_diverse_100,000000000000000005e7,built_loss,test_site,100,100,72.78864802390017,81.0206037790782,72.78864802390017,0.6152891811964771,0.538800660397658,0.6699570381297397,0.13115637773208177
feature_diverse_100,000000000000000005f9,built_loss,test_site,100,100,80.18861468127896,48.7244206394135,48.7244206394135,0.6036377834746122,0.5485807648506783,0.6473369400763729,0.09875617522569458
feature_diverse_100,0000000000000000061c,built_loss,test_site,100,100,82.44244571541087,43.86948578267572,43.86948578267572,0.4578375575097649,0.4191210059347406,0.505169485889468,0.08604847995472736
feature_diverse_100,00000000000000000624,built_loss,test_site,100,100,73.9964874739268,12.662514147816967,12.662514147816967,0.5086545871131908,0.46971245806297274,0.5432720439828078,0.07355958591983508
feature_diverse_100,00000000000000000626,built_loss,test_site,100,100,81.79614493444498,63.947260370286045,63.947260370286045,0.4828556983560294,0.45286098804362623,0.506924612611221,0.05406362456759478
feature_diverse_100,0000000000000000062a,built_loss,test_site,100,100,77.87324834322031,72.41700509467958,72.41700509467958,0.5679283363100817,0.5453019466917329,0.5949138452923852,0.04961189860065229
feature_diverse_100,00000000000000000636,built_loss,test_site,100,100,77.9435544455151,46.60231910119699,46.60231910119699,0.5345498430069946,0.4450292291812702,0.6056634660809501,0.16063423689967993
feature_diverse_100,0000000000000000064a,built_loss,test_site,100,100,84.95742435847006,9.618108323633363,9.618108323633363,0.3058305023227368,0.27669038438934007,0.31881663415929784,0.04212624976995777
feature_diverse_100,0000000000000000064d,built_loss,test_site,100,100,81.19067116133851,37.312595288055796,37.312595288055796,0.4449831930411434,0.40912562532468444,0.4924335304294379,0.08330790510475344
feature_diverse_100,00000000000000000694,built_loss,test_site,100,100,81.16961009072527,57.61067580909339,57.61067580909339,0.38997995245596284,0.3691494887462526,0.41258116846686943,0.043431679720616845
feature_diverse_100,0000000000000000069d,built_loss,test_site,100,100,80.56516265227728,70.72112886936974,70.72112886936974,0.6349975705976139,0.5781092524679379,0.6711428963038273,0.09303364383588941
feature_diverse_100,000000000000000006b7,built_loss,test_site,100,100,82.56773318527559,62.40935587014726,62.40935587014726,0.4795890102945836,0.44534653472160035,0.5035434432723189,0.058196908550718573
feature_diverse_100,000000000000000006df,built_loss,test_site,100,100,84.24650085349411,40.1868008209447,40.1868008209447,0.37825837281796665,0.31195366553242443,0.44602081470704497,0.13406714917462054
feature_diverse_100,000000000000000006e3,built_loss,test_site,100,100,78.9358294129638,52.512114830560925,52.512114830560925,0.5015501535608743,0.4582551150706978,0.5439919193875897,0.0857368043168919
feature_diverse_100,00000000000000000011,crop_loss,test_site,100,100,73.61287872455564,77.50186381692617,73.61287872455564,0.5924237870034006,0.41199909794708833,0.7711908648749444,0.35919176692785604
feature_diverse_100,0000000000000000002b,crop_loss,test_site,100,100,84.75546570807073,78.60833585653677,78.60833585653677,0.23616886605941542,0.1889533353723622,0.2975427905681441,0.10858945519578189
feature_diverse_100,0000000000000000002d,crop_loss,test_site,100,100,73.62536897520212,80.63452759512624,73.62536897520212,0.4684301651248468,0.4345458867776682,0.502662453566594,0.0681165667889258
feature_diverse_100,0000000000000000003a,crop_loss,test_site,100,100,75.66242996589256,88.80630190916835,75.66242996589256,0.2664373938426887,0.2301863532240488,0.30402817784779157,0.07384182462374278
feature_diverse_100,0000000000000000009b,crop_loss,test_site,100,100,72.96910390026312,47.07195007925178,47.07195007925178,0.49466602378324737,0.4838002653202038,0.5040598241599065,0.02025955883970265
feature_diverse_100,0000000000000000009d,crop_loss,test_site,100,100,88.26587339334681,16.09448270189776,16.09448270189776,0.3831665045737688,0.33872735363475703,0.41860497168163374,0.07987761804687671
feature_diverse_100,000000000000000000a8,crop_loss,test_site,100,100,79.92084680292938,63.90952325615804,63.90952325615804,0.21468369086538294,0.19166945265389287,0.23106161453878263,0.039392161884889754
feature_diverse_100,000000000000000000da,crop_loss,test_site,100,100,51.78146996912442,77.33469129587682,51.78146996912442,0.6771304539510423,0.6462623586907162,0.7105410795136424,0.06427872082292618
feature_diverse_100,000000000000000000e3,crop_loss,test_site,100,100,81.50648293816914,79.0951382655935,79.0951382655935,0.4611486728170646,0.4139670435988788,0.5007246064425867,0.08675756284370784
feature_diverse_100,000000000000000000e9,crop_loss,test_site,100,100,83.1364925963774,20.437460626401176,20.437460626401176,0.32438240197143664,0.2880285716530483,0.3683832923806175,0.08035472072756922
feature_diverse_100,0000000000000000011b,crop_loss,test_site,100,100,87.91734933318746,64.27049743168513,64.27049743168513,0.4710036095602547,0.4499363460403449,0.4927417664339444,0.042805420393599525
feature_diverse_100,00000000000000000128,crop_loss,test_site,100,100,62.094922319633106,68.97972901744626,62.094922319633106,0.5283822603807777,0.5121676739757862,0.5465105166670914,0.034342842691305164
feature_diverse_100,00000000000000000192,crop_loss,test_site,100,100,84.18047282765917,77.17202718707628,77.17202718707628,0.5247227381508948,0.50090717932474,0.5487059289983445,0.047798749673604424
feature_diverse_100,00000000000000000196,crop_loss,test_site,100,100,87.53446253197069,50.06927856480982,50.06927856480982,0.2768791908902792,0.24625994021301065,0.32472052382350136,0.07846058361049071
feature_diverse_100,000000000000000001a6,crop_loss,test_site,100,100,76.14475800716167,77.5328697421869,76.14475800716167,0.31244156175316196,0.26098267937293423,0.3432603911251618,0.08227771175222759
feature_diverse_100,000000000000000001e4,crop_loss,test_site,100,100,79.36945434853087,80.1519708119685,79.36945434853087,0.46854407191506003,0.44838341450797525,0.49663736774777195,0.0482539532397967
feature_diverse_100,000000000000000001f9,crop_loss,test_site,100,100,74.55284520247902,76.87916878589402,74.55284520247902,0.5666153292970018,0.42592242628694027,0.6758074898372936,0.24988506355035328
feature_diverse_100,00000000000000000228,crop_loss,test_site,100,100,75.61698490895776,62.03894995475097,62.03894995475097,0.4583694576347457,0.3944783490769902,0.5244193406365321,0.12994099155954186
feature_diverse_100,0000000000000000028c,crop_loss,test_site,100,100,78.86245548518241,12.695102545618186,12.695102545618186,0.2920541336429158,0.2607942545796666,0.3302989216423405,0.06950466706267389
feature_diverse_100,0000000000000000028d,crop_loss,test_site,100,100,81.2693097511292,55.86175363427783,55.86175363427783,0.6339825022038845,0.5799658821712024,0.6647222264677213,0.0847563442965189
feature_diverse_100,00000000000000000291,crop_loss,test_site,100,100,76.373511360245,42.65432262826163,42.65432262826163,0.8917384745625246,0.8736341861137706,0.9075725190806583,0.03393833296688764
feature_diverse_100,000000000000000002c5,crop_loss,test_site,100,100,86.75621262516997,68.45078680573357,68.45078680573357,0.27496124076226747,0.2460622572560353,0.31555240242482674,0.06949014516879143
feature_diverse_100,000000000000000002dc,crop_loss,test_site,100,100,78.13044054164138,77.82103708699542,77.82103708699542,0.5632907319335743,0.5230072591837156,0.601750555495773,0.07874329631205745
feature_diverse_100,000000000000000002e4,crop_loss,test_site,100,100,76.91880007004903,83.1736336795912,76.91880007004903,0.30631463495054695,0.26592915051050864,0.3696835545606294,0.10375440405012076
feature_diverse_100,000000000000000002ec,crop_loss,test_site,100,100,79.38550756796654,79.79011429723516,79.38550756796654,0.5142671477383142,0.46876451784830214,0.5495174447794758,0.0807529269311737
feature_diverse_100,00000000000000000314,crop_loss,test_site,100,100,88.08317554062887,63.42011466174099,63.42011466174099,0.14548715065125709,0.11037995491449926,0.1960473839221199,0.08566742900762064
feature_diverse_100,00000000000000000335,crop_loss,test_site,100,100,88.94769066070414,86.08401876645988,86.08401876645988,0.4237797353853949,0.35324184386019536,0.4729844688518798,0.11974262499168442
feature_diverse_100,0000000000000000033a,crop_loss,test_site,100,100,67.2069973068063,85.1483183396412,67.2069973068063,0.5359534976165359,0.5024038120753666,0.573345618211854,0.07094180613648748
feature_diverse_100,000000000000000003b0,crop_loss,test_site,100,100,67.04188071431453,85.57499122825334,67.04188071431453,0.26644735656618906,0.23937911879885815,0.3224828871404818,0.08310376834162364
feature_diverse_100,000000000000000003c8,crop_loss,test_site,100,100,80.96923819399056,76.03752142928886,76.03752142928886,0.27190237129490824,0.2380233865590732,0.30052948777079774,0.06250610121172454
feature_diverse_100,000000000000000003f1,crop_loss,test_site,100,100,81.44877121758626,82.39537882292866,81.44877121758626,0.4333719753556931,0.4040850555101218,0.4622419347137938,0.05815687920367202
feature_diverse_100,000000000000000003f2,crop_loss,test_site,100,100,82.64246215407495,76.28744807363586,76.28744807363586,0.42818855990792093,0.40030302701660647,0.46404907473584095,0.06374604771923448
feature_diverse_100,0000000000000000044b,crop_loss,test_site,100,100,79.88319750874354,34.265188855123,34.265188855123,0.5991465763351992,0.5712303536171757,0.6244846121862223,0.05325425856904664
feature_diverse_100,0000000000000000046c,crop_loss,test_site,100,100,79.09512153005454,76.02991316319756,76.02991316319756,0.5037213750525097,0.449094421642815,0.5734026586781009,0.12430823703528593
feature_diverse_100,00000000000000000480,crop_loss,test_site,100,100,81.83395344120433,33.10732689537929,33.10732689537929,0.5842955779542408,0.44456841268821384,0.6443313383686119,0.19976292568039805
feature_diverse_100,00000000000000000483,crop_loss,test_site,100,100,84.3198499221425,33.90895303936964,33.90895303936964,0.7122061437892668,0.6744775770713254,0.7375323661227892,0.06305478905146378
feature_diverse_100,00000000000000000485,crop_loss,test_site,100,100,70.54543261012248,85.16152081148931,70.54543261012248,0.6466198420129614,0.621684645808548,0.6750143197201719,0.05332967391162391
feature_diverse_100,00000000000000000497,crop_loss,test_site,100,100,86.2370825130008,81.93782566847806,81.93782566847806,0.23851990218936692,0.20977098783173645,0.277129618575618,0.06735863074388157
feature_diverse_100,0000000000000000049b,crop_loss,test_site,100,100,85.7484100598495,80.05544937091683,80.05544937091683,0.34382664325707285,0.32201140951405993,0.37377043054920384,0.051759021035143904
feature_diverse_100,000000000000000004a1,crop_loss,test_site,100,100,75.88360894152599,86.06371376974352,75.88360894152599,0.3907250422282451,0.36118798462755597,0.4437138489651509,0.08252586433759496
feature_diverse_100,000000000000000004e7,crop_loss,test_site,100,100,86.1179152902273,54.305827444348125,54.305827444348125,0.49080940821857716,0.4667347435437621,0.5141447710069776,0.04741002746321554
feature_diverse_100,000000000000000004e9,crop_loss,test_site,100,100,83.340036106795,48.205019269388565,48.205019269388565,0.30413420883743675,0.2715234517459652,0.3442777458213083,0.07275429407534312
feature_diverse_100,000000000000000004ee,crop_loss,test_site,100,100,83.01763410526594,50.7912008014094,50.7912008014094,0.3896224825154606,0.31556315837690474,0.49041750958395214,0.1748543512070474
feature_diverse_100,000000000000000004f9,crop_loss,test_site,100,100,78.0755579646037,74.42169356103122,74.42169356103122,0.2807732239945389,0.24378051271407541,0.3413979941501054,0.09761748143603
feature_diverse_100,00000000000000000517,crop_loss,test_site,100,100,79.96488995080686,66.87629265292526,66.87629265292526,0.25537802176849883,0.20917299612009954,0.3010604898015372,0.09188749368143767
feature_diverse_100,00000000000000000538,crop_loss,test_site,100,100,82.78197881964917,1.3057046372407568,1.3057046372407568,0.307273404963125,0.2881012694081773,0.33499858624554346,0.04689731683736614
feature_diverse_100,0000000000000000057e,crop_loss,test_site,100,100,79.53072014551304,9.12239670321542,9.12239670321542,0.5233225403997486,0.4960776180364756,0.5429918574814382,0.04691423944496259
feature_diverse_100,000000000000000005d1,crop_loss,test_site,100,100,85.74272730200987,41.13176255532509,41.13176255532509,0.258323520120605,0.22379821054638332,0.3221634418477345,0.09836523130135116
feature_diverse_100,00000000000000000611,crop_loss,test_site,100,100,78.50476325148058,84.54395229847695,78.50476325148058,0.6055210807234565,0.5854409530716045,0.648805066418099,0.0633641133464945
feature_diverse_100,0000000000000000062f,crop_loss,test_site,100,100,72.90484849842183,82.08903796828832,72.90484849842183,0.3785479864420316,0.341220830352862,0.43797631436789275,0.09675548401503076
feature_diverse_100,00000000000000000632,crop_loss,test_site,100,100,89.64879741881518,36.9368280720198,36.9368280720198,0.11708328465344653,0.10077364847435194,0.14814049817591127,0.04736684970155933
feature_diverse_100,0000000000000000063e,crop_loss,test_site,100,100,74.20790004061337,83.3258901458886,74.20790004061337,0.33166040075897774,0.2912973226187872,0.37130911142928114,0.08001178881049392
feature_diverse_100,00000000000000000655,crop_loss,test_site,100,100,74.98630755238277,64.10204959464781,64.10204959464781,0.4535170858996112,0.35137800735159713,0.4955330660988073,0.14415505874721019
feature_diverse_100,00000000000000000697,crop_loss,test_site,100,100,81.09438030534622,90.98676291148028,81.09438030534622,0.5455472262078358,0.5058472424634458,0.5788208249764861,0.07297358251304031
feature_diverse_100,00000000000000000698,crop_loss,test_site,100,100,43.21126602831044,80.15380332963333,43.21126602831044,0.4079230275025562,0.3661182920731782,0.4621639852391049,0.0960456931659267
feature_diverse_100,000000000000000006a8,crop_loss,test_site,100,100,81.34161358309689,84.7747213824683,81.34161358309689,0.3139437066100309,0.2810264494321806,0.36170525197943254,0.08067880254725196
feature_diverse_100,000000000000000006b4,crop_loss,test_site,100,100,74.59471396889201,80.99750853414255,74.59471396889201,0.44007066837877684,0.37918913972419854,0.491107050709341,0.11191791098514248
feature_diverse_100,000000000000000006be,crop_loss,test_site,100,100,79.4419479724326,46.530389415300924,46.530389415300924,0.38256418390394603,0.3521612680063422,0.4217423877157673,0.0695811197094251
feature_diverse_100,000000000000000006c0,crop_loss,test_site,100,100,84.31931449494247,6.194726543630202,6.194726543630202,0.1839198083013751,0.16208825126258714,0.21702822627890556,0.05493997501631842
feature_diverse_100,000000000000000006ce,crop_loss,test_site,100,100,80.60965634880692,62.427506907795234,62.427506907795234,0.512921504278615,0.4495442458535902,0.569370463737595,0.11982621788400483
feature_diverse_100,000000000000000006d9,crop_loss,test_site,100,100,69.24561686588649,90.895571389001,69.24561686588649,0.23855890892068285,0.21215288337816562,0.2685045136892808,0.056351630311115175
feature_diverse_100,000000000000000006e5,crop_loss,test_site,100,100,72.003931344089,89.74805196519303,72.003931344089,0.4709446610879267,0.40569823812077316,0.5041668494951096,0.09846861137433643
feature_diverse_100,00000000000000000151,built_loss,test_site,100,100,81.59658823844704,22.770546807033366,22.770546807033366,0.2868247284353367,0.26021529513279984,0.31339451084138076,0.05317921570858092
feature_diverse_100,000000000000000001be,built_loss,test_site,100,100,79.24797852341797,6.632629276807895,6.632629276807895,0.5214394068836116,0.47318046381424594,0.5618375099058701,0.08865704609162417
feature_diverse_100,0000000000000000034d,built_loss,test_site,100,100,86.63098176923677,15.028883999909283,15.028883999909283,0.40610403088550523,0.3828950405837561,0.4293780405013104,0.04648299991755428
feature_diverse_100,000000000000000003c7,crop_loss,test_site,100,100,79.57198148690873,50.66271338837607,50.66271338837607,0.683724092804796,0.6153267151476404,0.727088325664078,0.11176161051643763
feature_diverse_100,0000000000000000004a,built_loss,test_site,100,100,87.75324916786654,29.794698323078023,29.794698323078023,0.448807447107398,0.4373684007364675,0.4737809801855768,0.036412579449109306
feature_diverse_100,00000000000000000206,built_loss,test_site,100,100,68.07536074147507,80.01526608324632,68.07536074147507,0.6131611124716786,0.567751758286865,0.6516791817406534,0.08392742345378845
feature_diverse_100,000000000000000002a4,built_loss,test_site,100,100,86.39533778174524,28.521502465804595,28.521502465804595,0.41669287388302445,0.38190447077623635,0.4464765205639788,0.06457204978774245
feature_diverse_100,000000000000000004f5,built_loss,test_site,100,100,81.28051493224355,25.121605849115365,25.121605849115365,0.5248792840167259,0.4813815230619404,0.573514224011644,0.0921327009497036
feature_diverse_100,000000000000000002cc,crop_loss,test_site,100,100,86.02955435618712,51.77888320312976,51.77888320312976,0.38042937172503166,0.3137077709802382,0.44698526409935446,0.13327749311911624
feature_diverse_100,000000000000000006cc,crop_loss,test_site,100,100,60.5882419706922,81.42699041237294,60.5882419706922,0.3864291659425651,0.3506754604906781,0.4242757484423747,0.0736002879516966
feature_diverse_100,0000000000000000016c,crop_loss,test_site,100,100,74.44359354108393,85.74224459374551,74.44359354108393,0.41966990731245024,0.3733238886062406,0.46552713660040723,0.09220324799416663
feature_diverse_150,00000000000000000085,built_loss,test_site,150,150,103.17051452288868,41.76375067632127,41.76375067632127,0.3437135855168125,0.30769409537194936,0.3939271192067196,0.08623302383477022
feature_diverse_150,00000000000000000114,built_loss,test_site,150,150,79.53568888114152,75.00055707698785,75.00055707698785,0.653873329991822,0.6191322140263658,0.6786221359860939,0.05948992195972813
feature_diverse_150,0000000000000000024c,built_loss,test_site,150,150,100.5328670029322,59.67573202942274,59.67573202942274,0.7206662352485775,0.6987916494760635,0.7444564253042282,0.04566477582816464
feature_diverse_150,00000000000000000375,built_loss,test_site,150,150,90.37654752777229,96.29366660756646,90.37654752777229,0.6454405153560125,0.6164178935604874,0.6690748315051492,0.052656937944661864
feature_diverse_150,000000000000000004d2,built_loss,test_site,150,150,106.02473728611132,64.16193137497406,64.16193137497406,0.5939663161276155,0.5758545757653046,0.6242683766400347,0.04841380087473002
feature_diverse_150,000000000000000005bd,built_loss,test_site,150,150,100.40308686937425,8.629393153226024,8.629393153226024,0.5690169959981164,0.5495496622481838,0.5990819955718585,0.04953233332367468
feature_diverse_150,00000000000000000281,crop_loss,test_site,150,150,94.68970980012571,103.51278384628503,94.68970980012571,0.5232152496473611,0.4988957793949785,0.5482724144749386,0.049376635079960096
feature_diverse_150,000000000000000003a2,crop_loss,test_site,150,150,70.29376632387456,112.70660780176027,70.29376632387456,0.30623324565893856,0.27669711484968923,0.3511065658682805,0.07440945101859125
feature_diverse_150,00000000000000000001,built_loss,test_site,150,150,112.20107942705066,46.53781692338205,46.53781692338205,0.4580107882044164,0.4291837989178818,0.4814313176486665,0.0522475187307847
feature_diverse_150,00000000000000000049,built_loss,test_site,150,150,100.06777230003107,6.9127338466922135,6.9127338466922135,0.5044378056976991,0.4883047128392811,0.5228949489303345,0.034590236091053383
feature_diverse_150,0000000000000000004f,built_loss,test_site,150,150,109.35220116079837,76.01169892112918,76.01169892112918,0.4326890094603081,0.39858604147298,0.4775303765777179,0.07894433510473792
feature_diverse_150,0000000000000000005a,built_loss,test_site,150,150,102.18525454931186,73.41605941854571,73.41605941854571,0.44275544707273157,0.42652685012791514,0.4618855819863994,0.03535873185848426
feature_diverse_150,00000000000000000079,built_loss,test_site,150,150,109.81890709112176,112.48876699141398,109.81890709112176,0.6258394993265054,0.5937837025080082,0.6646885737095324,0.07090487120152422
feature_diverse_150,00000000000000000087,built_loss,test_site,150,150,116.41367261140665,103.44424447952147,103.44424447952147,0.6024612614974622,0.5649606920087494,0.6487027148763023,0.08374202286755283
feature_diverse_150,000000000000000000a1,built_loss,test_site,150,150,119.76743514730273,21.520999610534275,21.520999610534275,0.4306207013745619,0.4034862258481767,0.46391844607450894,0.06043222022633221
feature_diverse_150,000000000000000000b8,built_loss,test_site,150,150,114.13364530259919,31.604008235306758,31.604008235306758,0.5590722156096759,0.5056571699966975,0.6219058561337539,0.11624868613705641
feature_diverse_150,000000000000000000c0,built_loss,test_site,150,150,88.06632393111569,91.24274081945762,88.06632393111569,0.6438074382116357,0.6164514279630905,0.6620738919081602,0.04562246394506975
feature_diverse_150,000000000000000000e2,built_loss,test_site,150,150,118.56265929908072,46.16917974847368,46.16917974847368,0.4472012484139158,0.40438019214423526,0.4831558034357077,0.07877561129147242
feature_diverse_150,000000000000000000f0,built_loss,test_site,150,150,116.82142948208589,84.00569823172957,84.00569823172957,0.6394946918173742,0.5970783584251352,0.6717607898847823,0.07468243145964704
feature_diverse_150,000000000000000000f8,built_loss,test_site,150,150,120.87409416626181,91.58617438631907,91.58617438631907,0.5380524286345525,0.5058054622466709,0.5701606549126506,0.06435519266597967
feature_diverse_150,0000000000000000011c,built_loss,test_site,150,150,121.63169539199956,17.09611409850057,17.09611409850057,0.7218328089897831,0.6926233887399628,0.7385779406285926,0.045954551888629847
feature_diverse_150,00000000000000000161,built_loss,test_site,150,150,116.48146923489278,92.6314384255897,92.6314384255897,0.634595248152633,0.6038572717119698,0.6717164808485865,0.0678592091366167
feature_diverse_150,0000000000000000016a,built_loss,test_site,150,150,111.90525056733556,15.40777688675957,15.40777688675957,0.2735848196507909,0.24450054377024383,0.29632440587230174,0.051823862102057916
feature_diverse_150,00000000000000000176,built_loss,test_site,150,150,119.67135929873602,66.44359861687443,66.44359861687443,0.6616937679917237,0.64113057468533,0.6825845235961638,0.04145394891083387
feature_diverse_150,000000000000000001a8,built_loss,test_site,150,150,108.83043605285465,100.30376637430984,100.30376637430984,0.532517696053451,0.5018057640069892,0.5794251182962555,0.07761935428926636
feature_diverse_150,000000000000000001cd,built_loss,test_site,150,150,104.13562784127042,102.68022195669302,102.68022195669302,0.7191330276907492,0.6730124118265525,0.7532979831913544,0.08028557136480197
feature_diverse_150,000000000000000001e5,built_loss,test_site,150,150,79.54543852279714,48.62823688837295,48.62823688837295,0.5945471012921626,0.5540188013598117,0.622461693671842,0.06844289231203027
feature_diverse_150,00000000000000000209,built_loss,test_site,150,150,113.84861312199551,106.53503156396613,106.53503156396613,0.5959078382085313,0.5643267121456369,0.6449331139058938,0.08060640176025691
feature_diverse_150,00000000000000000231,built_loss,test_site,150,150,111.62037370074131,104.44593423841921,104.44593423841921,0.5598396046081159,0.5183783869835813,0.5849136132645996,0.06653522628101827
feature_diverse_150,0000000000000000026d,built_loss,test_site,150,150,111.87315933119271,79.26258816226631,79.26258816226631,0.6077616449942495,0.5721037797540113,0.6380114802771336,0.06590770052312234
feature_diverse_150,00000000000000000278,built_loss,test_site,150,150,94.82904150067675,94.4017811245694,94.4017811245694,0.7614182047065607,0.7236971339763608,0.7952265943692968,0.07152946039293595
feature_diverse_150,00000000000000000293,built_loss,test_site,150,150,73.07813317160632,68.32535348017952,68.32535348017952,0.4646994886499869,0.4300454076506368,0.4996973325459771,0.06965192489534028
feature_diverse_150,00000000000000000316,built_loss,test_site,150,150,115.06797079190895,3.8903993380237716,3.8903993380237716,0.11201597024672377,0.09504299330941993,0.12593161870248432,0.03088862539306439
feature_diverse_150,00000000000000000356,built_loss,test_site,150,150,92.55700943882984,82.99053465436721,82.99053465436721,0.5354182209098175,0.49616335567144426,0.5962942148262917,0.10013085915484748
feature_diverse_150,00000000000000000362,built_loss,test_site,150,150,114.09133354472593,99.63247909328791,99.63247909328791,0.5315654001347073,0.5053438091223735,0.5714762930789146,0.06613248395654103
feature_diverse_150,00000000000000000363,built_loss,test_site,150,150,118.64525161469422,68.74504863687636,68.74504863687636,0.26861626940272904,0.24920423481684445,0.3035183186955,0.05431408387865555
feature_diverse_150,00000000000000000364,built_loss,test_site,150,150,102.43700773301788,105.7225472138112,102.43700773301788,0.6136708252993144,0.5807056594317271,0.6633208073599852,0.08261514792825808
feature_diverse_150,00000000000000000380,built_loss,test_site,150,150,114.51819240132463,81.78297283338325,81.78297283338325,0.5061946726937074,0.4747652821000402,0.5338479000330986,0.05908261793305836
feature_diverse_150,00000000000000000384,built_loss,test_site,150,150,109.18413065208522,49.99717996611316,49.99717996611316,0.5790404132322623,0.5568123818521417,0.6007688282806054,0.04395644642846375
feature_diverse_150,0000000000000000039e,built_loss,test_site,150,150,114.56966345884562,19.966516584979,19.966516584979,0.48784916557799207,0.4666317808714313,0.5097459502482212,0.04311416937678991
feature_diverse_150,000000000000000003a1,built_loss,test_site,150,150,95.88042407732715,49.7298781857875,49.7298781857875,0.5972009651880951,0.5733509444562307,0.6268632927077671,0.05351234825153639
feature_diverse_150,000000000000000003a5,built_loss,test_site,150,150,114.0713027238461,65.8295441384433,65.8295441384433,0.44447632062704223,0.40055415066051153,0.4916306442209975,0.09107649356048597
feature_diverse_150,000000000000000003b7,built_loss,test_site,150,150,118.20902343287453,38.05798693475282,38.05798693475282,0.4864402882973214,0.46736582786780473,0.4993811313770598,0.03201530350925508
feature_diverse_150,000000000000000003bf,built_loss,test_site,150,150,97.57249595202343,99.62596156420047,97.57249595202343,0.5282938407309441,0.5113526908951825,0.564081216355965,0.05272852546078244
feature_diverse_150,000000000000000003d2,built_loss,test_site,150,150,100.98557920835523,103.49449821615471,100.98557920835523,0.5990349668817263,0.5549507005865016,0.6421356910655198,0.08718499047901818
feature_diverse_150,000000000000000003f8,built_loss,test_site,150,150,126.91377938157493,18.207162407388974,18.207162407388974,0.22888382272468516,0.20945244811618172,0.24825910816075458,0.038806660044572866
feature_diverse_150,000000000000000003fa,built_loss,test_site,150,150,99.61718135260608,104.7765280278965,99.61718135260608,0.4239769946449203,0.39795518717006606,0.4486807693808655,0.050725582210799425
feature_diverse_150,00000000000000000407,built_loss,test_site,150,150,96.53607231931177,111.32317109819265,96.53607231931177,0.5661456431981752,0.5207031770756803,0.5968639177914143,0.07616074071573409
feature_diverse_150,0000000000000000040f,built_loss,test_site,150,150,88.69118585090945,71.68687886814138,71.68687886814138,0.5261150057247944,0.5125214281160332,0.535582475899271,0.02306104778323781
feature_diverse_150,00000000000000000426,built_loss,test_site,150,150,82.92863496278025,83.17216152496486,82.92863496278025,0.5711786024098584,0.5497603342846032,0.600151438158747,0.050391103874143806
feature_diverse_150,0000000000000000042b,built_loss,test_site,150,150,111.64867184739833,87.25254509889963,87.25254509889963,0.5521185652010148,0.5275906069149907,0.5827651232190046,0.05517451630401393
feature_diverse_150,00000000000000000442,built_loss,test_site,150,150,114.75452735148485,12.23065945737299,12.23065945737299,0.45572877089272906,0.3486088457953514,0.5680520607778257,0.21944321498247427
feature_diverse_150,00000000000000000465,built_loss,test_site,150,150,107.3799707467399,103.44632459778981,103.44632459778981,0.6358415383809366,0.6183004000311456,0.6664404493406786,0.04814004930953297
feature_diverse_150,0000000000000000047e,built_loss,test_site,150,150,116.82236755069678,51.54594934624774,51.54594934624774,0.5147907053577759,0.5003210439874998,0.5341125737386333,0.03379152975113353
feature_diverse_150,00000000000000000490,built_loss,test_site,150,150,114.42823912193988,105.13055513840249,105.13055513840249,0.6122002696536113,0.5779005490047072,0.6388892683521767,0.06098871934746952
feature_diverse_150,000000000000000004c0,built_loss,test_site,150,150,102.43883862448133,88.88585156275212,88.88585156275212,0.6337776165589784,0.5990594866954436,0.6616021696188109,0.06254268292336729
feature_diverse_150,000000000000000004c5,built_loss,test_site,150,150,109.29713371188252,36.392883219311216,36.392883219311216,0.5829869340398229,0.5495103840697015,0.6204995072108026,0.07098912314110106
feature_diverse_150,000000000000000004d9,built_loss,test_site,150,150,110.05781940550511,87.17439626130115,87.17439626130115,0.5496201748469897,0.526097543161466,0.5679463156519226,0.0418487724904566
feature_diverse_150,000000000000000004eb,built_loss,test_site,150,150,110.00082402644955,105.00241544736495,105.00241544736495,0.4595808439668036,0.443160837132966,0.4820290045344907,0.03886816740152471
feature_diverse_150,000000000000000004f7,built_loss,test_site,150,150,113.78691522611365,23.741975101438367,23.741975101438367,0.4805736780337202,0.4662402359989063,0.4989555410966032,0.03271530509769688
feature_diverse_150,000000000000000004fe,built_loss,test_site,150,150,114.7416827957248,44.493553026370435,44.493553026370435,0.49620330308104027,0.47249935970158957,0.513215379880622,0.040716020179032475
feature_diverse_150,0000000000000000051d,built_loss,test_site,150,150,116.03246629316676,44.94454476031203,44.94454476031203,0.4555484593059244,0.37833127991634286,0.5200096537307914,0.1416783738144486
feature_diverse_150,00000000000000000559,built_loss,test_site,150,150,106.48841850162877,95.47134624399864,95.47134624399864,0.6674634842649441,0.6341129803611721,0.6948206556195948,0.06070767525842269
feature_diverse_150,00000000000000000576,built_loss,test_site,150,150,118.8660137949658,28.29140759830659,28.29140759830659,0.2848995809420062,0.25445767746959325,0.3085420683181741,0.054084390848580854
feature_diverse_150,00000000000000000577,built_loss,test_site,150,150,121.40115702297061,31.15803907884374,31.15803907884374,0.5040722487269321,0.46280882507287324,0.5507048230795955,0.08789599800672221
feature_diverse_150,0000000000000000057f,built_loss,test_site,150,150,96.63860712258348,5.700457624806925,5.700457624806925,0.3776346830821912,0.33820015213628596,0.4130166872927329,0.07481653515644693
feature_diverse_150,00000000000000000594,built_loss,test_site,150,150,114.58018804478368,44.52599694192724,44.52599694192724,0.48783530354437077,0.4084424028549814,0.5455171445049228,0.13707474164994143
feature_diverse_150,000000000000000005ad,built_loss,test_site,150,150,110.3439154262077,87.41330026183469,87.41330026183469,0.6360529655077138,0.6018305327603436,0.6657717086469824,0.06394117588663883
feature_diverse_150,000000000000000005bf,built_loss,test_site,150,150,112.8645004751891,68.35383564215141,68.35383564215141,0.40167413697032106,0.3719589857396479,0.4324696606588766,0.06051067491922868
feature_diverse_150,000000000000000005cc,built_loss,test_site,150,150,87.3341347039754,32.91098894595959,32.91098894595959,0.3662016586264436,0.35422672570432756,0.3836816981655462,0.029454972461218643
feature_diverse_150,000000000000000005de,built_loss,test_site,150,150,98.44279208057638,72.54046541858806,72.54046541858806,0.43874721505857023,0.41972338701853246,0.45456627856710385,0.0348428915485714
feature_diverse_150,000000000000000005e7,built_loss,test_site,150,150,90.34880396374113,107.03839863424204,90.34880396374113,0.6272770779601023,0.5739588399046003,0.6586252513198063,0.08466641141520603
feature_diverse_150,000000000000000005f9,built_loss,test_site,150,150,111.413839860312,50.23868511894223,50.23868511894223,0.6242885331321024,0.5829186475694645,0.6565886337796725,0.07366998621020793
feature_diverse_150,0000000000000000061c,built_loss,test_site,150,150,116.35962629412035,50.33846803468678,50.33846803468678,0.4328454572148274,0.40630565028678967,0.46801712275189183,0.06171147246510217
feature_diverse_150,00000000000000000624,built_loss,test_site,150,150,95.09547835901016,12.436539833030555,12.436539833030555,0.5122688493987606,0.4747564629005804,0.5407300410056677,0.0659735781050873
feature_diverse_150,00000000000000000626,built_loss,test_site,150,150,100.87718199154625,80.67669825358901,80.67669825358901,0.49004212068492864,0.46963273011902096,0.5103548621183054,0.04072213199928443
feature_diverse_150,0000000000000000062a,built_loss,test_site,150,150,102.30016136716937,91.45706175915797,91.45706175915797,0.5731797448999457,0.552339100449329,0.6028197728162176,0.05048067236688858
feature_diverse_150,00000000000000000636,built_loss,test_site,150,150,111.37386541585359,53.8481997971392,53.8481997971392,0.5282127412316387,0.4741873699762378,0.5989247775505316,0.12473740757429386
feature_diverse_150,0000000000000000064a,built_loss,test_site,150,150,121.05002090859386,10.16715954380858,10.16715954380858,0.3007115999497761,0.2807117340201248,0.3130196651099086,0.0323079310897838
feature_diverse_150,0000000000000000064d,built_loss,test_site,150,150,118.11995368957888,34.518871664800095,34.518871664800095,0.439215945925237,0.4117846188652669,0.47139756228697816,0.05961294342171125
feature_diverse_150,00000000000000000694,built_loss,test_site,150,150,112.75361951202451,69.7296932006843,69.7296932006843,0.3828775178263056,0.36622618379427097,0.3974555263940288,0.031229342599757848
feature_diverse_150,0000000000000000069d,built_loss,test_site,150,150,105.51793596516801,93.2950381891674,93.2950381891674,0.6470709571593504,0.6147741571710819,0.6791479448079494,0.06437378763686752
feature_diverse_150,000000000000000006b7,built_loss,test_site,150,150,108.65129318217082,76.51752252531193,76.51752252531193,0.47044582671273383,0.453893515396724,0.4926975328243414,0.03880401742761741
feature_diverse_150,000000000000000006df,built_loss,test_site,150,150,110.82702516729394,43.39121523068259,43.39121523068259,0.296387496879744,0.24677983708674078,0.36222475289999884,0.11544491581325805
feature_diverse_150,000000000000000006e3,built_loss,test_site,150,150,114.39437076875919,63.98089327382193,63.98089327382193,0.4441100828383329,0.41363658636804773,0.4852512161562338,0.07161462978818606
feature_diverse_150,00000000000000000011,crop_loss,test_site,150,150,101.91788810613082,101.025367163595,101.025367163595,0.6688891809686361,0.49599872797096967,0.8185137073820132,0.32251497941104357
feature_diverse_150,0000000000000000002b,crop_loss,test_site,150,150,111.50501527689546,102.99320484161923,102.99320484161923,0.20672306513919927,0.15484925820762058,0.25368998041770086,0.09884072221008028
feature_diverse_150,0000000000000000002d,crop_loss,test_site,150,150,103.64836195287346,110.84130784546666,103.64836195287346,0.4812645261326222,0.4586848978643515,0.5083765278089659,0.0496916299446144
feature_diverse_150,0000000000000000003a,crop_loss,test_site,150,150,95.60503917871495,118.43781230543978,95.60503917871495,0.2797790186585987,0.2483095058565231,0.3158050648274401,0.067495558970917
feature_diverse_150,0000000000000000009b,crop_loss,test_site,150,150,95.49590292673247,51.970254377381366,51.970254377381366,0.49828956304723,0.48839737175968595,0.5053917503794442,0.01699437861975822
feature_diverse_150,0000000000000000009d,crop_loss,test_site,150,150,122.95677905958202,14.345450636923482,14.345450636923482,0.3967371604144313,0.36279129208159316,0.4278587140195258,0.06506742193793263
feature_diverse_150,000000000000000000a8,crop_loss,test_site,150,150,113.77074551294062,76.59041093077768,76.59041093077768,0.20467212178603297,0.19322510984981164,0.22148461740499395,0.028259507555182306
feature_diverse_150,000000000000000000da,crop_loss,test_site,150,150,63.20222420220432,110.62411989303678,63.20222420220432,0.7271273906639024,0.6964084058183206,0.7564887513158335,0.060080345497512844
feature_diverse_150,000000000000000000e3,crop_loss,test_site,150,150,107.58607778113264,102.02461478381466,102.02461478381466,0.46888800323410296,0.4391427669112585,0.5056093380099732,0.06646657109871473
feature_diverse_150,000000000000000000e9,crop_loss,test_site,150,150,111.20869107742591,17.74434186666194,17.74434186666194,0.3823288370407325,0.3290221250452531,0.41936788336783115,0.09034575832257807
feature_diverse_150,0000000000000000011b,crop_loss,test_site,150,150,126.61850980847568,75.10228130406009,75.10228130406009,0.4823327794783981,0.46498476039821524,0.4971603112658206,0.032175550867605374
feature_diverse_150,00000000000000000128,crop_loss,test_site,150,150,81.47994774547944,90.13624098061437,81.47994774547944,0.5427499937976071,0.5311097115757933,0.5571943394505431,0.026084627874749744
feature_diverse_150,00000000000000000192,crop_loss,test_site,150,150,111.74747402568876,98.04851032319816,98.04851032319816,0.553046336905844,0.5326219175948849,0.5685842217668379,0.03596230417195301
feature_diverse_150,00000000000000000196,crop_loss,test_site,150,150,114.13920814655184,48.28536530281339,48.28536530281339,0.26295419794930736,0.24317522945732867,0.29392987996338366,0.05075465050605499
feature_diverse_150,000000000000000001a6,crop_loss,test_site,150,150,112.02502274704088,95.31890664339441,95.31890664339441,0.30453326557535715,0.2599103952237071,0.33424403757327564,0.07433364234956852
feature_diverse_150,000000000000000001e4,crop_loss,test_site,150,150,99.12482358850819,116.04715513955163,99.12482358850819,0.4768085302400308,0.4569330676356834,0.502730142485524,0.045797074849840524
feature_diverse_150,000000000000000001f9,crop_loss,test_site,150,150,111.54167416847727,104.07547718338401,104.07547718338401,0.588007798546293,0.4477968221970071,0.7065853607781909,0.2587885385811838
feature_diverse_150,00000000000000000228,crop_loss,test_site,150,150,105.56575720296937,72.09664072182142,72.09664072182142,0.492101047221403,0.42349622277890403,0.5355968878127207,0.11210066503381672
feature_diverse_150,0000000000000000028c,crop_loss,test_site,150,150,108.76784116259131,9.28239876247455,9.28239876247455,0.30334806899617095,0.2692928215497669,0.32962835493078624,0.060335533381019324
feature_diverse_150,0000000000000000028d,crop_loss,test_site,150,150,116.00574372272507,61.42188749288508,61.42188749288508,0.6336641936075166,0.6056250188202076,0.6653695689391519,0.059744550118944306
feature_diverse_150,00000000000000000291,crop_loss,test_site,150,150,108.8797016988686,47.49841374797952,47.49841374797952,0.8878655233669732,0.874523096847311,0.8970061262831429,0.022483029435831914
feature_diverse_150,000000000000000002c5,crop_loss,test_site,150,150,114.5778174931139,81.33959088482712,81.33959088482712,0.2991596672860132,0.2645986822437063,0.34672246413710145,0.08212378189339514
feature_diverse_150,000000000000000002dc,crop_loss,test_site,150,150,102.14882238760657,104.55173396982416,102.14882238760657,0.5995669659782684,0.5773371850816543,0.6422785399924276,0.06494135491077324
feature_diverse_150,000000000000000002e4,crop_loss,test_site,150,150,99.31018200115315,118.12942501489587,99.31018200115315,0.3192318056086054,0.27140726851132646,0.3525983784274165,0.08119110991609002
feature_diverse_150,000000000000000002ec,crop_loss,test_site,150,150,108.09195797111111,106.44676905096321,106.44676905096321,0.5169224889673638,0.4747335246151681,0.5551007419737323,0.08036721735856417
feature_diverse_150,00000000000000000314,crop_loss,test_site,150,150,120.25143963377037,78.6875578367288,78.6875578367288,0.11151044630776384,0.08872557538179651,0.1451478304218017,0.0564222550400052
feature_diverse_150,00000000000000000335,crop_loss,test_site,150,150,116.34403040099487,113.97706506098648,113.97706506098648,0.44173016159791334,0.4041623481708463,0.471713597988477,0.06755124981763072
feature_diverse_150,0000000000000000033a,crop_loss,test_site,150,150,82.93757055914732,113.72273988857957,82.93757055914732,0.5319888584295396,0.49552437838848057,0.5574322745731992,0.06190789618471865
feature_diverse_150,000000000000000003b0,crop_loss,test_site,150,150,88.27330151813096,123.77237390563621,88.27330151813096,0.2339336461641818,0.2085373827675207,0.2601987473408981,0.05166136457337739
feature_diverse_150,000000000000000003c8,crop_loss,test_site,150,150,108.6250068651445,100.05683991819072,100.05683991819072,0.23502429146964005,0.21013835240041,0.2626926567938722,0.0525543043934622
feature_diverse_150,000000000000000003f1,crop_loss,test_site,150,138,108.0563949354048,97.03495282831486,97.03495282831486,0.45858638480100644,0.428187424684334,0.49382410999234627,0.06563668530801225
feature_diverse_150,000000000000000003f2,crop_loss,test_site,150,150,105.0648513113375,93.8340427844952,93.8340427844952,0.4664895736238367,0.4346121610091057,0.49447255668181606,0.05986039567271034
feature_diverse_150,0000000000000000044b,crop_loss,test_site,150,150,111.15997151406476,35.751002381513345,35.751002381513345,0.5752397925741464,0.5572900824516528,0.6022775930478951,0.044987510596242286
feature_diverse_150,0000000000000000046c,crop_loss,test_site,150,150,101.11413436272747,110.66327473201126,101.11413436272747,0.5141609006417157,0.46375726723803984,0.5621148290370004,0.09835756179896055
feature_diverse_150,00000000000000000480,crop_loss,test_site,150,150,117.55574031616133,31.14603634656731,31.14603634656731,0.7762363120568182,0.6476750329817761,0.8345699219455825,0.18689488896380646
feature_diverse_150,00000000000000000483,crop_loss,test_site,150,150,118.92252584219283,30.89694501991734,30.89694501991734,0.7304176121967991,0.7030755969732966,0.7527744814633858,0.04969888449008919
feature_diverse_150,00000000000000000485,crop_loss,test_site,150,150,91.13534253055003,117.83112187131202,91.13534253055003,0.6778698630385337,0.6564353792617387,0.7007837256920392,0.0443483464303005
feature_diverse_150,00000000000000000497,crop_loss,test_site,150,150,110.55221134882905,100.09759450975992,100.09759450975992,0.2474261250042079,0.21596890346838374,0.28362273177522335,0.06765382830683961
feature_diverse_150,0000000000000000049b,crop_loss,test_site,150,150,118.88961038145742,98.60535588885425,98.60535588885425,0.34602995423904936,0.3294944683962726,0.3713366024673108,0.041842134071038206
feature_diverse_150,000000000000000004a1,crop_loss,test_site,150,150,92.99061153780761,114.5625637231232,92.99061153780761,0.37252114565879346,0.34156912288164454,0.4100090910131481,0.06843996813150355
feature_diverse_150,000000000000000004e7,crop_loss,test_site,150,150,109.90331095416228,61.86385819044207,61.86385819044207,0.49470715854328384,0.47760067006513374,0.508912425850374,0.03131175578524026
feature_diverse_150,000000000000000004e9,crop_loss,test_site,150,150,122.12542559962179,52.064570679461696,52.064570679461696,0.33183624564148473,0.29343050210124444,0.41401676107125046,0.12058625897000602
feature_diverse_150,000000000000000004ee,crop_loss,test_site,150,150,111.64457668883321,55.35933737114834,55.35933737114834,0.4019276510813704,0.330961677886297,0.477338230477297,0.14637655259100002
feature_diverse_150,000000000000000004f9,crop_loss,test_site,150,150,107.0842330948399,100.29681808763095,100.29681808763095,0.30699989590568005,0.2740760588191737,0.35750624738916625,0.08343018856999257
feature_diverse_150,00000000000000000517,crop_loss,test_site,150,150,111.29247350674174,80.30669101376098,80.30669101376098,0.2609051616439813,0.219171293847628,0.3007344483661973,0.08156315451856927
feature_diverse_150,00000000000000000538,crop_loss,test_site,150,150,116.36551760437409,1.2764691739150418,1.2764691739150418,0.31585570395356,0.29357583504370544,0.33353469847126266,0.03995886342755722
feature_diverse_150,0000000000000000057e,crop_loss,test_site,150,150,110.30184051811766,10.240713292326989,10.240713292326989,0.5305344989759311,0.5143354437002385,0.5451620211013322,0.030826577401093624
feature_diverse_150,000000000000000005d1,crop_loss,test_site,150,150,121.2097961469099,45.74229786044209,45.74229786044209,0.1834262522025571,0.14014830566870723,0.2390693117398774,0.09892100607117016
feature_diverse_150,00000000000000000611,crop_loss,test_site,150,150,112.75677469315498,107.7387283735751,107.7387283735751,0.6358089790712204,0.6019906625882319,0.6729189350385232,0.07092827245029132
feature_diverse_150,0000000000000000062f,crop_loss,test_site,150,150,102.71082477425578,103.6631240797259,102.71082477425578,0.4439330189429133,0.381617281638516,0.500337584716779,0.11872030307826303
feature_diverse_150,00000000000000000632,crop_loss,test_site,150,150,121.40909357892966,37.34326133036934,37.34326133036934,0.08738205300300321,0.07746162210197743,0.09881351965680393,0.0213518975548265
feature_diverse_150,0000000000000000063e,crop_loss,test_site,150,150,102.14578794436295,110.29349369965989,102.14578794436295,0.30843312847064025,0.28142064901294345,0.3427839483131,0.06136329930015655
feature_diverse_150,00000000000000000655,crop_loss,test_site,150,150,101.710140222221,80.40026020247393,80.40026020247393,0.4606056301909803,0.35929928949158385,0.5155865131907481,0.15628722369916426
feature_diverse_150,00000000000000000697,crop_loss,test_site,150,150,109.36305108836578,121.5134263490647,109.36305108836578,0.5995880199948722,0.5673847438654793,0.6333470276685604,0.06596228380308111
feature_diverse_150,00000000000000000698,crop_loss,test_site,150,150,47.497908126402116,116.92943256425123,47.497908126402116,0.4148443448044983,0.3869418636378477,0.4678730629953935,0.08093119935754578
feature_diverse_150,000000000000000006a8,crop_loss,test_site,150,150,108.39196346727802,107.2016792968494,107.2016792968494,0.3263576978656904,0.291828228152569,0.37373971533488554,0.08191148718231656
feature_diverse_150,000000000000000006b4,crop_loss,test_site,150,150,105.72662154773764,109.34839483678692,105.72662154773764,0.487668279969107,0.4410781252423611,0.5397532041348478,0.09867507889248672
feature_diverse_150,000000000000000006be,crop_loss,test_site,150,150,97.23951071317352,47.58691003284889,47.58691003284889,0.3872810233418352,0.35869692828126465,0.41522916196142634,0.05653223368016169
feature_diverse_150,000000000000000006c0,crop_loss,test_site,150,150,117.51849545449105,6.387893817031357,6.387893817031357,0.19421882118174147,0.1700216348272837,0.22058862019622896,0.05056698536894527
feature_diverse_150,000000000000000006ce,crop_loss,test_site,150,150,118.45024041881331,72.06792333815226,72.06792333815226,0.5637902262107519,0.49375747497821304,0.6092855020950376,0.11552802711682458
feature_diverse_150,000000000000000006d9,crop_loss,test_site,150,150,87.89352285236814,120.87194232262846,87.89352285236814,0.2080733454682626,0.1846055458143425,0.23867878907149703,0.05407324325715454
feature_diverse_150,000000000000000006e5,crop_loss,test_site,150,150,97.8216783361866,118.96467339733687,97.8216783361866,0.5009382157361917,0.4737153801623212,0.5437795979288043,0.07006421776648308
feature_diverse_150,00000000000000000151,built_loss,test_site,150,150,111.79581827967856,20.10007973938081,20.10007973938081,0.2776124933374279,0.25775079614207563,0.3003153058655969,0.04256450972352127
feature_diverse_150,000000000000000001be,built_loss,test_site,150,150,104.54804144508442,6.6686359404516224,6.6686359404516224,0.5282165539214075,0.4959204490545182,0.5586590038470811,0.0627385547925629
feature_diverse_150,0000000000000000034d,built_loss,test_site,150,150,121.51460094774833,12.737158786060398,12.737158786060398,0.40554976515421015,0.3888657244734473,0.4270620588363165,0.03819633436286918
feature_diverse_150,000000000000000003c7,crop_loss,test_site,150,150,116.83826119395704,53.31831479494785,53.31831479494785,0.719078870942394,0.6751763692426275,0.753584163215768,0.07840779397314057
feature_diverse_150,0000000000000000004a,built_loss,test_site,150,150,120.96266857755575,30.723923493569487,30.723923493569487,0.4483722254540368,0.43627789755752805,0.45997664670097405,0.023698749143445996
feature_diverse_150,00000000000000000206,built_loss,test_site,150,150,93.51189433052855,104.88722827960298,93.51189433052855,0.6602624663255485,0.6336858666236305,0.7080666076113897,0.07438074098775926
feature_diverse_150,000000000000000002a4,built_loss,test_site,150,150,117.47758421360714,29.59282659421185,29.59282659421185,0.40400994567813775,0.3819680240508026,0.42602933739130966,0.04406131334050706
feature_diverse_150,000000000000000004f5,built_loss,test_site,150,150,116.49717638454825,27.45793689453722,27.45793689453722,0.5022073055863673,0.45890097635861393,0.5312686008179026,0.07236762445928868
feature_diverse_150,000000000000000002cc,crop_loss,test_site,150,150,116.11445241821644,55.15888697089084,55.15888697089084,0.3707346677667814,0.3204042529042745,0.4497035196180589,0.1292992667137844
feature_diverse_150,000000000000000006cc,crop_loss,test_site,150,150,63.27281965964527,123.15325746745721,63.27281965964527,0.3491136774697513,0.3252997328330029,0.3768901023837124,0.0515903695507095
feature_diverse_150,0000000000000000016c,crop_loss,test_site,150,150,99.77206103554508,102.99207148174973,99.77206103554508,0.45938115990782913,0.4228232745237445,0.4899236091480158,0.06710033462427129
spatial_thin_100_cap60,00000000000000000085,built_loss,test_site,60,60,54.99761177978745,37.8657683917682,37.8657683917682,0.3510188964768027,0.2987791981848403,0.40470414944828464,0.10592495126344437
spatial_thin_100_cap60,00000000000000000114,built_loss,test_site,60,60,46.93228301415804,48.267973398002695,46.93228301415804,0.7107853354511119,0.6414096512006989,0.7468772428350239,0.10546759163432495
spatial_thin_100_cap60,0000000000000000024c,built_loss,test_site,60,60,52.153417096973826,48.038118291014946,48.038118291014946,0.7041563041554901,0.6764028445335888,0.7406861992408097,0.06428335470722091
spatial_thin_100_cap60,00000000000000000375,built_loss,test_site,60,60,50.556424510460815,54.10358372331896,50.556424510460815,0.6555386116446484,0.6130302115707295,0.7078811871419667,0.09485097557123723
spatial_thin_100_cap60,000000000000000004d2,built_loss,test_site,60,60,54.138499034230264,43.359053688550546,43.359053688550546,0.5985788721648323,0.5438551016078477,0.6631922395541172,0.11933713794626954
spatial_thin_100_cap60,000000000000000005bd,built_loss,test_site,60,20,53.32952915449785,10.778341941525621,10.778341941525621,0.5068800366422195,0.44207099744120154,0.6125476029576358,0.17047660551643423
spatial_thin_100_cap60,00000000000000000281,crop_loss,test_site,60,60,53.02541313288362,54.17860078267141,53.02541313288362,0.5122497972641884,0.46897961818354533,0.543968471974769,0.07498885379122372
spatial_thin_100_cap60,000000000000000003a2,crop_loss,test_site,60,60,45.12326506520004,51.39707884765938,45.12326506520004,0.35396301714955164,0.2844730519751445,0.43929244095997416,0.15481938898482966
spatial_thin_100_cap60,00000000000000000001,built_loss,test_site,60,60,55.52688455898832,49.79958345411686,49.79958345411686,0.4345094573047649,0.3915301281547261,0.4943258009212843,0.10279567276655821
spatial_thin_100_cap60,00000000000000000049,built_loss,test_site,60,29,53.80923101107265,17.69335118153645,17.69335118153645,0.4899855441624783,0.40419706105900594,0.5177288501761227,0.11353178911711675
spatial_thin_100_cap60,0000000000000000004f,built_loss,test_site,60,60,55.417571455853285,48.39202690356996,48.39202690356996,0.4683289780508669,0.4088668099298056,0.555200299035676,0.1463334891058704
spatial_thin_100_cap60,0000000000000000005a,built_loss,test_site,60,60,52.308855450213706,49.04050992053645,49.04050992053645,0.44396346952782006,0.41934367140423306,0.4756722148603326,0.056328543456099556
spatial_thin_100_cap60,00000000000000000079,built_loss,test_site,60,60,56.36311626957268,57.048648584486294,56.36311626957268,0.6108040783635105,0.5401765597175514,0.6814065360633201,0.14122997634576873
spatial_thin_100_cap60,00000000000000000087,built_loss,test_site,60,60,52.714610612760076,52.71288305455939,52.71288305455939,0.549885482575216,0.4900568991126225,0.6441908562895328,0.15413395717691025
spatial_thin_100_cap60,000000000000000000a1,built_loss,test_site,60,59,55.70535904248696,27.094480706822697,27.094480706822697,0.4018017688615895,0.35786225327278126,0.4596569331789417,0.10179467990616042
spatial_thin_100_cap60,000000000000000000b8,built_loss,test_site,60,60,56.57536907578655,31.571969198180135,31.571969198180135,0.4910957460685436,0.40383815554240077,0.5851941821410337,0.18135602659863292
spatial_thin_100_cap60,000000000000000000c0,built_loss,test_site,60,60,51.45747516197153,51.331895850039714,51.331895850039714,0.6298399783591786,0.5963886167881892,0.6656386631678788,0.06925004637968957
spatial_thin_100_cap60,000000000000000000e2,built_loss,test_site,60,60,56.13424839688311,38.67133209877647,38.67133209877647,0.4030522603564144,0.34485132480585773,0.464272295169619,0.11942097036376126
spatial_thin_100_cap60,000000000000000000f0,built_loss,test_site,60,60,53.8205640544099,48.55010898487606,48.55010898487606,0.6436160199536397,0.5768091336486402,0.7113993290929539,0.13459019544431372
spatial_thin_100_cap60,000000000000000000f8,built_loss,test_site,60,60,57.26556613235428,54.344541349696875,54.344541349696875,0.5262986023174241,0.47858540420206397,0.5875599624497067,0.10897455824764268
spatial_thin_100_cap60,0000000000000000011c,built_loss,test_site,60,59,57.99078602006202,28.746819480098285,28.746819480098285,0.6653436050734356,0.6112740219666303,0.710717734851844,0.0994437128852137
spatial_thin_100_cap60,00000000000000000161,built_loss,test_site,60,60,53.33857841867817,51.453236781049924,51.453236781049924,0.6507054741896341,0.6030940579178349,0.7063200723826545,0.1032260144648196
spatial_thin_100_cap60,0000000000000000016a,built_loss,test_site,60,41,55.09959832851246,24.1588106531653,24.1588106531653,0.2657926081468825,0.20409044936292356,0.3186336229306593,0.11454317356773572
spatial_thin_100_cap60,00000000000000000176,built_loss,test_site,60,60,54.31315759421221,46.839114118383236,46.839114118383236,0.6691639844571061,0.6407631621618581,0.70037192794402,0.0596087657821619
spatial_thin_100_cap60,000000000000000001a8,built_loss,test_site,60,60,53.96262102788342,52.52962905568578,52.52962905568578,0.5578725090066359,0.5009244255374522,0.6353485105124398,0.1344240849749876
spatial_thin_100_cap60,000000000000000001cd,built_loss,test_site,60,60,53.03330611031933,53.44238806941414,53.03330611031933,0.7462743918094262,0.7032337061404935,0.7973275651502015,0.09409385900970801
spatial_thin_100_cap60,000000000000000001e5,built_loss,test_site,60,60,48.40423806294299,41.62129888949839,41.62129888949839,0.6230118240330773,0.576912278262433,0.6757198150511983,0.0988075367887653
spatial_thin_100_cap60,00000000000000000209,built_loss,test_site,60,60,54.690245213816475,54.386138597729456,54.386138597729456,0.6508096520268465,0.5692342789078605,0.7018184593160979,0.13258418040823738
spatial_thin_100_cap60,00000000000000000231,built_loss,test_site,60,60,54.229670696855244,55.400251191247094,54.229670696855244,0.5093988832512217,0.4640985622910819,0.578402724835143,0.11430416254406112
spatial_thin_100_cap60,0000000000000000026d,built_loss,test_site,60,60,56.60239527403479,50.299468320738555,50.299468320738555,0.6011587855988161,0.550498514210048,0.6681701001550103,0.1176715859449623
spatial_thin_100_cap60,00000000000000000278,built_loss,test_site,60,60,49.06411375546023,50.08150496999576,49.06411375546023,0.7956457586017555,0.7329074516374263,0.82904499864042,0.0961375470029937
spatial_thin_100_cap60,00000000000000000293,built_loss,test_site,60,60,50.466718866311126,46.707773880463584,46.707773880463584,0.4895496453460246,0.4358997153998138,0.5212319054808754,0.08533219008106158
spatial_thin_100_cap60,00000000000000000316,built_loss,test_site,60,9,52.88578373321851,4.915920254896228,4.915920254896228,0.1111469351216808,0.025272536296825396,0.24842116023268945,0.22314862393586404
spatial_thin_100_cap60,00000000000000000356,built_loss,test_site,60,60,52.779232884007705,45.97275472010702,45.97275472010702,0.5571170553550818,0.45855872186124147,0.6432270051990799,0.18466828333783847
spatial_thin_100_cap60,00000000000000000362,built_loss,test_site,60,60,56.058369781242064,53.2612172810854,53.2612172810854,0.5250576083673676,0.5024402447281225,0.5775675424719021,0.07512729774377958
spatial_thin_100_cap60,00000000000000000363,built_loss,test_site,60,60,55.60821211895687,45.40688305419301,45.40688305419301,0.24530247549366258,0.21207596069935958,0.31510165605869883,0.10302569535933925
spatial_thin_100_cap60,00000000000000000364,built_loss,test_site,60,60,54.01273350139183,55.46581308181345,54.01273350139183,0.606726704628033,0.5504384636525698,0.668965786760368,0.11852732310779823
spatial_thin_100_cap60,00000000000000000380,built_loss,test_site,60,60,54.17696837870894,50.29321522868749,50.29321522868749,0.5119233640490847,0.4699475285244856,0.5590670628275306,0.08911953430304498
spatial_thin_100_cap60,00000000000000000384,built_loss,test_site,60,60,55.248295641555764,39.296068612042276,39.296068612042276,0.5907331622058137,0.558741538464346,0.6366812043158825,0.07793966585153644
spatial_thin_100_cap60,0000000000000000039e,built_loss,test_site,60,60,55.15696374078379,38.292949392180375,38.292949392180375,0.5043686043267521,0.46512399945499244,0.5477890010343165,0.08266500157932405
spatial_thin_100_cap60,000000000000000003a1,built_loss,test_site,60,60,53.45159337445236,38.790854998145605,38.790854998145605,0.6130153386012346,0.5738925106504065,0.6773768226247813,0.1034843119743748
spatial_thin_100_cap60,000000000000000003a5,built_loss,test_site,60,60,55.84952377207969,42.859992115859974,42.859992115859974,0.39825629671115886,0.3502706060145823,0.459252111543481,0.10898150552889868
spatial_thin_100_cap60,000000000000000003b7,built_loss,test_site,60,60,55.61696076546492,37.58017759741958,37.58017759741958,0.48300184359028553,0.45971088921426195,0.5048576724731255,0.045146783258863565
spatial_thin_100_cap60,000000000000000003bf,built_loss,test_site,60,60,53.764291487737665,57.249815965011656,53.764291487737665,0.5449808217234818,0.5075274437060162,0.588219430377898,0.08069198667188182
spatial_thin_100_cap60,000000000000000003d2,built_loss,test_site,60,60,52.735604775970316,56.11332803344231,52.735604775970316,0.6087387760914941,0.5365428332413045,0.6630420510774753,0.1264992178361708
spatial_thin_100_cap60,000000000000000003f8,built_loss,test_site,60,57,57.54439063492491,23.138720666783907,23.138720666783907,0.23403520633497768,0.20514193519535426,0.2694874556911782,0.06434552049582395
spatial_thin_100_cap60,000000000000000003fa,built_loss,test_site,60,60,54.09857112291562,52.77477670652283,52.77477670652283,0.4276227212962312,0.3931851922626919,0.46668329267218617,0.07349810040949428
spatial_thin_100_cap60,00000000000000000407,built_loss,test_site,60,60,50.60913432815527,53.5723704129966,50.60913432815527,0.5525666963683137,0.5038042260409481,0.6201768965166377,0.11637267047568955
spatial_thin_100_cap60,0000000000000000040f,built_loss,test_site,60,60,52.801781165279024,48.74192194430105,48.74192194430105,0.5241641450931578,0.5047245915030496,0.5368022841112868,0.03207769260823723
spatial_thin_100_cap60,00000000000000000426,built_loss,test_site,60,60,48.6520125782835,49.69629066540049,48.6520125782835,0.5660805575659438,0.5312741217926231,0.6038185612590978,0.07254443946647471
spatial_thin_100_cap60,0000000000000000042b,built_loss,test_site,60,60,54.73540142825436,54.062524649201976,54.062524649201976,0.5822496476492138,0.5190299921531222,0.6327177004384851,0.1136877082853629
spatial_thin_100_cap60,00000000000000000442,built_loss,test_site,60,41,53.211772357339534,15.28177066208171,15.28177066208171,0.2723600808497758,0.23520892883802683,0.5205255624243632,0.2853166335863364
spatial_thin_100_cap60,00000000000000000465,built_loss,test_site,60,60,54.14876827230789,54.127606232846766,54.127606232846766,0.6198496089642808,0.5718858383959297,0.6749664205128005,0.10308058211687088
spatial_thin_100_cap60,0000000000000000047e,built_loss,test_site,60,60,56.03961358987161,37.85720384602957,37.85720384602957,0.546596842792343,0.5140798042285329,0.5960108995217003,0.08193109529316733
spatial_thin_100_cap60,00000000000000000490,built_loss,test_site,60,60,52.99616267455887,55.016394688981364,52.99616267455887,0.6720802716749628,0.6062560382572679,0.7292665093940177,0.12301047113674979
spatial_thin_100_cap60,000000000000000004c0,built_loss,test_site,60,60,51.436338618280566,51.66091205181721,51.436338618280566,0.6495527628367291,0.6007111433542937,0.6973843049170633,0.09667316156276962
spatial_thin_100_cap60,000000000000000004c5,built_loss,test_site,60,60,52.940138523528404,34.99827480280101,34.99827480280101,0.5774147136791121,0.5264035136524904,0.6456477748480324,0.11924426119554199
spatial_thin_100_cap60,000000000000000004d9,built_loss,test_site,60,60,54.68587936171359,51.48683743442953,51.48683743442953,0.5579415968676048,0.5331137270011029,0.6005078694287102,0.06739414242760722
spatial_thin_100_cap60,000000000000000004eb,built_loss,test_site,60,60,55.54070904781011,54.47777108344315,54.47777108344315,0.42937428654910886,0.3927633331301072,0.4724420635751961,0.07967873044508889
spatial_thin_100_cap60,000000000000000004f7,built_loss,test_site,60,60,55.137896506079606,29.569343695647625,29.569343695647625,0.4849973403315656,0.4634309728406594,0.5079185809672163,0.04448760812655689
spatial_thin_100_cap60,000000000000000004fe,built_loss,test_site,60,60,54.78771611432097,36.87579577725674,36.87579577725674,0.5116533813677027,0.4836825804512139,0.5337040317984537,0.05002145134723984
spatial_thin_100_cap60,0000000000000000051d,built_loss,test_site,60,60,57.67541364833693,43.86729098886221,43.86729098886221,0.6024665053076257,0.4995680560532679,0.6892189524190767,0.18965089636580884
spatial_thin_100_cap60,00000000000000000559,built_loss,test_site,60,60,54.58234436617709,51.30788591947641,51.30788591947641,0.680546246131917,0.6289706934065785,0.7368720780075849,0.1079013846010064
spatial_thin_100_cap60,00000000000000000576,built_loss,test_site,60,60,54.96236886288855,28.17695602928127,28.17695602928127,0.23947263137977165,0.2048572123686982,0.3153858861243698,0.1105286737556716
spatial_thin_100_cap60,00000000000000000577,built_loss,test_site,60,60,55.47816802397392,30.84822791660814,30.84822791660814,0.43961156166032495,0.35978826535759917,0.5253132564865557,0.16552499112895652
spatial_thin_100_cap60,0000000000000000057f,built_loss,test_site,60,22,51.40111524353265,10.566044547394384,10.566044547394384,0.37570430624762446,0.3049012236506474,0.42201567278295976,0.11711444913231234
spatial_thin_100_cap60,00000000000000000594,built_loss,test_site,60,60,55.1718462483966,43.39698133156791,43.39698133156791,0.536334541626549,0.39176025213803095,0.6393765843617717,0.24761633222374074
spatial_thin_100_cap60,000000000000000005ad,built_loss,test_site,60,60,55.856549036860294,53.23943704572866,53.23943704572866,0.6567335415741979,0.5980132504652665,0.7161587295560842,0.11814547909081763
spatial_thin_100_cap60,000000000000000005bf,built_loss,test_site,60,60,54.029748809140195,48.013149786332896,48.013149786332896,0.39063976744072687,0.34593777916228496,0.4459658020320595,0.10002802286977452
spatial_thin_100_cap60,000000000000000005cc,built_loss,test_site,60,60,50.90161020615278,34.67137927817544,34.67137927817544,0.3607692875797795,0.33050693884131954,0.3964733317900044,0.06596639294868484
spatial_thin_100_cap60,000000000000000005de,built_loss,test_site,60,60,54.63371922695808,46.11473009139702,46.11473009139702,0.426175217213403,0.407567619113533,0.443495863838494,0.03592824472496098
spatial_thin_100_cap60,000000000000000005e7,built_loss,test_site,60,60,48.96468500210874,53.01045902437893,48.96468500210874,0.6815055631797586,0.6302861806666443,0.7119669152513621,0.0816807345847178
spatial_thin_100_cap60,000000000000000005f9,built_loss,test_site,60,60,54.590485978669165,39.25092215916089,39.25092215916089,0.6527062709793097,0.6194938148435557,0.7193559516453762,0.09986213680182054
spatial_thin_100_cap60,0000000000000000061c,built_loss,test_site,60,60,56.3302727205377,43.60087489735058,43.60087489735058,0.4118499062775252,0.37909813365476763,0.4699236013865386,0.09082546773177097
spatial_thin_100_cap60,00000000000000000624,built_loss,test_site,60,44,51.16139998429069,17.778946227496018,17.778946227496018,0.5177036687278985,0.44850464150002833,0.5620749961639239,0.11357035466389553
spatial_thin_100_cap60,00000000000000000626,built_loss,test_site,60,60,54.22638275185194,46.4384979791477,46.4384979791477,0.4965639347763223,0.4564192207580954,0.5269587203019858,0.07053949954389038
spatial_thin_100_cap60,0000000000000000062a,built_loss,test_site,60,60,49.718992667237124,53.478196797088785,49.718992667237124,0.5559879589196965,0.5081185640140813,0.6355134249133406,0.12739486089925933
spatial_thin_100_cap60,00000000000000000636,built_loss,test_site,60,60,56.050513901079114,44.489652188198356,44.489652188198356,0.4651821002300511,0.34088178135837427,0.5362120853196276,0.19533030396125334
spatial_thin_100_cap60,0000000000000000064a,built_loss,test_site,60,36,55.88897658937988,12.324332948495924,12.324332948495924,0.3123350449747829,0.29223028655273003,0.33750094188795593,0.045270655335225896
spatial_thin_100_cap60,0000000000000000064d,built_loss,test_site,60,60,55.85320097596714,41.175952070675216,41.175952070675216,0.39081647601516545,0.36296224151427775,0.44533761040998526,0.08237536889570751
spatial_thin_100_cap60,00000000000000000694,built_loss,test_site,60,60,52.81830663939232,48.264317776115554,48.264317776115554,0.38488277404605203,0.3496429354635942,0.4087725972474822,0.05912966178388801
spatial_thin_100_cap60,0000000000000000069d,built_loss,test_site,60,60,52.39030683426119,53.18408307042336,52.39030683426119,0.6718011733087872,0.6253858602748609,0.7075450295101003,0.08215916923523947
spatial_thin_100_cap60,000000000000000006b7,built_loss,test_site,60,60,53.74098500841712,47.46427152457964,47.46427152457964,0.4591294968183147,0.4320364132201486,0.4931749708163835,0.06113855759623493
spatial_thin_100_cap60,000000000000000006df,built_loss,test_site,60,60,54.47345983051346,40.38719960693647,40.38719960693647,0.21196644769760759,0.19444388986623712,0.25715096130300386,0.06270707143676674
spatial_thin_100_cap60,000000000000000006e3,built_loss,test_site,60,60,56.37665855004331,48.36321095554698,48.36321095554698,0.41309505662993107,0.379446499312632,0.46290382825365783,0.08345732894102581
spatial_thin_100_cap60,00000000000000000011,crop_loss,test_site,60,60,52.13894994803412,53.44629843248873,52.13894994803412,0.7825259833787302,0.4637133800302969,0.8614864089077716,0.39777302887747473
spatial_thin_100_cap60,0000000000000000002b,crop_loss,test_site,60,60,56.29595692472024,52.94792379421396,52.94792379421396,0.16281642529350016,0.09909366278508533,0.31512680693085504,0.2160331441457697
spatial_thin_100_cap60,0000000000000000002d,crop_loss,test_site,60,60,52.31184105344591,55.27634281276061,52.31184105344591,0.47943232194712354,0.42961919089189926,0.5060117841443187,0.07639259325241943
spatial_thin_100_cap60,0000000000000000003a,crop_loss,test_site,60,60,50.90240848484494,53.704816212176674,50.90240848484494,0.32864702981659927,0.2540439680960749,0.3691435159550191,0.11509954785894422
spatial_thin_100_cap60,0000000000000000009b,crop_loss,test_site,60,60,54.39078483625766,36.593792132398775,36.593792132398775,0.4969153415987587,0.48786547733318936,0.5097045718714606,0.02183909453827121
spatial_thin_100_cap60,0000000000000000009d,crop_loss,test_site,60,35,56.05109329477121,20.986115498373238,20.986115498373238,0.38721038374175487,0.3348035152380695,0.4478731856151903,0.11306967037712079
spatial_thin_100_cap60,000000000000000000a8,crop_loss,test_site,60,60,56.02488579733835,50.3429197687385,50.3429197687385,0.2132542014650907,0.19234668945078062,0.23056253316177985,0.03821584371099923
spatial_thin_100_cap60,000000000000000000da,crop_loss,test_site,60,60,47.301962763278446,54.822225578047,47.301962763278446,0.7749224725762662,0.7423253805514306,0.8068977211831612,0.06457234063173056
spatial_thin_100_cap60,000000000000000000e3,crop_loss,test_site,60,60,54.127014848766905,51.619035050438725,51.619035050438725,0.5102965871396252,0.45800285212204844,0.5736821187111447,0.11567926658909627
spatial_thin_100_cap60,000000000000000000e9,crop_loss,test_site,60,53,56.21855353518969,21.50952197983719,21.50952197983719,0.4175229341600202,0.3043877128188753,0.4712867608607045,0.1668990480418292
spatial_thin_100_cap60,0000000000000000011b,crop_loss,test_site,60,60,55.30411004172268,46.85237663996066,46.85237663996066,0.48681354416925987,0.45578871870451837,0.5106968589800865,0.054908140275568174
spatial_thin_100_cap60,00000000000000000128,crop_loss,test_site,60,60,48.5662069461458,52.81627428177265,48.5662069461458,0.5337769167456085,0.5204207594175652,0.5529069181514048,0.03248615873383964
spatial_thin_100_cap60,00000000000000000192,crop_loss,test_site,60,60,56.105032620498946,56.20438263551436,56.105032620498946,0.5528432635207963,0.5268291541427852,0.5749899507392021,0.04816079659641692
spatial_thin_100_cap60,00000000000000000196,crop_loss,test_site,60,60,54.69087986339375,43.751971281851816,43.751971281851816,0.2539883907045731,0.21145841166723678,0.3032713691981165,0.0918129575308797
spatial_thin_100_cap60,000000000000000001a6,crop_loss,test_site,60,60,56.78402148958889,48.57009042825578,48.57009042825578,0.3153461132433611,0.237122227001273,0.3666495493837562,0.1295273223824832
spatial_thin_100_cap60,000000000000000001e4,crop_loss,test_site,60,60,48.71486500424406,54.60740992041481,48.71486500424406,0.4757663036604901,0.44718850708947794,0.5213893874753542,0.0742008803858763
spatial_thin_100_cap60,000000000000000001f9,crop_loss,test_site,60,60,56.01599909890003,52.33884251478202,52.33884251478202,0.5960498429397983,0.4055167341958145,0.7997247076646689,0.39420797346885433
spatial_thin_100_cap60,00000000000000000228,crop_loss,test_site,60,60,53.52338029210988,47.83704209128508,47.83704209128508,0.5032613141333593,0.35489421314266334,0.5611283356822879,0.2062341225396246
spatial_thin_100_cap60,0000000000000000028c,crop_loss,test_site,60,31,55.47374167986047,20.459049745988317,20.459049745988317,0.3725367971790454,0.30886443705570105,0.5036278386716961,0.1947634016159951
spatial_thin_100_cap60,0000000000000000028d,crop_loss,test_site,60,60,55.18258962884615,47.50233573899267,47.50233573899267,0.661873090076992,0.6251832419792585,0.7298115311989554,0.10462828921969691
spatial_thin_100_cap60,00000000000000000291,crop_loss,test_site,60,60,54.17808337761096,39.280349081725866,39.280349081725866,0.8725573494381501,0.8550855093226092,0.895958485404846,0.040872976082236834
spatial_thin_100_cap60,000000000000000002c5,crop_loss,test_site,60,60,54.816250979469956,48.974799930503636,48.974799930503636,0.3671087866137858,0.30416350374987733,0.40753059325834234,0.10336708950846502
spatial_thin_100_cap60,000000000000000002dc,crop_loss,test_site,60,60,56.750591306016354,54.50687682745358,54.50687682745358,0.6488345141238937,0.599740018486288,0.7053551127641374,0.10561509427784943
spatial_thin_100_cap60,000000000000000002e4,crop_loss,test_site,60,60,50.54268871009465,52.70554189662662,50.54268871009465,0.30635166636054495,0.25585650525318454,0.35989126301703056,0.10403475776384602
spatial_thin_100_cap60,000000000000000002ec,crop_loss,test_site,60,60,49.06118569959392,50.0141985108693,49.06118569959392,0.5062818513011991,0.4559227444787265,0.5678725025551926,0.11194975807646612
spatial_thin_100_cap60,00000000000000000314,crop_loss,test_site,60,60,53.73415097210525,48.42209664014784,48.42209664014784,0.08405287125533482,0.044701721287145106,0.10859022105510052,0.06388849976795541
spatial_thin_100_cap60,00000000000000000335,crop_loss,test_site,60,60,52.94197484098546,54.926575807917715,52.94197484098546,0.42370743819470996,0.33633984622734087,0.4621205169780957,0.12578067075075483
spatial_thin_100_cap60,0000000000000000033a,crop_loss,test_site,60,60,46.77649471788869,55.257147680866815,46.77649471788869,0.5431172176560024,0.4691326077435751,0.5786743807414507,0.1095417729978756
spatial_thin_100_cap60,000000000000000003b0,crop_loss,test_site,60,60,51.43044194944059,55.60311188829584,51.43044194944059,0.2209783368780327,0.1730008215552894,0.2744421669185508,0.10144134536326138
spatial_thin_100_cap60,000000000000000003c8,crop_loss,test_site,60,60,52.74588281900062,50.93795989244315,50.93795989244315,0.1979416466777482,0.1677249513406889,0.2315670112409939,0.063842059900305
spatial_thin_100_cap60,000000000000000003f1,crop_loss,test_site,60,60,54.59794337482607,54.943131780178405,54.59794337482607,0.4314367894318485,0.3707798446224296,0.5065825584513478,0.13580271382891823
spatial_thin_100_cap60,000000000000000003f2,crop_loss,test_site,60,60,52.53333498151098,46.373741255803985,46.373741255803985,0.47857856307201524,0.4236010038518747,0.5192904455726013,0.09568944172072658
spatial_thin_100_cap60,0000000000000000044b,crop_loss,test_site,60,60,55.886998030915976,34.02477176132575,34.02477176132575,0.5658563656956987,0.5418929676512854,0.5970030022166483,0.0551100345653629
spatial_thin_100_cap60,0000000000000000046c,crop_loss,test_site,60,60,55.04343625789728,55.33331113606445,55.04343625789728,0.4797899457769301,0.3484532830995902,0.5647447806680129,0.2162914975684227
spatial_thin_100_cap60,00000000000000000480,crop_loss,test_site,60,60,55.08280429566903,30.748642318834207,30.748642318834207,0.8508983186452848,0.8013315524589064,0.8849143058960409,0.0835827534371345
spatial_thin_100_cap60,00000000000000000483,crop_loss,test_site,60,60,56.1359143910057,33.104258711810914,33.104258711810914,0.7189988728483343,0.6681500436067316,0.7832766779108836,0.11512663430415204
spatial_thin_100_cap60,00000000000000000485,crop_loss,test_site,60,60,50.98263054025176,57.904622040950834,50.98263054025176,0.6999191636796128,0.6683385599387061,0.7316608523387744,0.06332229240006837
spatial_thin_100_cap60,00000000000000000497,crop_loss,test_site,60,60,55.74354398238929,49.12808683586698,49.12808683586698,0.26281663166408,0.21416411669219898,0.31656454130919826,0.10240042461699927
spatial_thin_100_cap60,0000000000000000049b,crop_loss,test_site,60,60,53.226296799666635,51.460879524504286,51.460879524504286,0.3613755495424511,0.330140116341183,0.3861445647539998,0.056004448412816765
spatial_thin_100_cap60,000000000000000004a1,crop_loss,test_site,60,60,51.26881570262878,55.33233829421109,51.26881570262878,0.33436284100893104,0.31445614961093826,0.41393983125820893,0.09948368164727067
spatial_thin_100_cap60,000000000000000004e7,crop_loss,test_site,60,60,52.472804970179546,44.69271915061126,44.69271915061126,0.4967125151306666,0.4729246922409247,0.5162028845833324,0.043278192342407706
spatial_thin_100_cap60,000000000000000004e9,crop_loss,test_site,60,60,55.47213974737617,38.93394782166615,38.93394782166615,0.3361750567181714,0.27618806066394713,0.4550581836304241,0.17887012296647697
spatial_thin_100_cap60,000000000000000004ee,crop_loss,test_site,60,60,56.047821755837255,41.6788090878081,41.6788090878081,0.40524737446218884,0.3133920806961196,0.4825044149747251,0.1691123342786055
spatial_thin_100_cap60,000000000000000004f9,crop_loss,test_site,60,60,55.577382106225336,52.93806811953222,52.93806811953222,0.4436746397280557,0.3303470009239986,0.5118419925748892,0.18149499165089056
spatial_thin_100_cap60,00000000000000000517,crop_loss,test_site,60,60,54.929080897945546,49.74631539479782,49.74631539479782,0.23816059239972792,0.19624640277172728,0.3071898304753995,0.11094342770367221
spatial_thin_100_cap60,00000000000000000538,crop_loss,test_site,60,3,54.20195688937166,1.3994162551179277,1.3994162551179277,0.2855289885939851,0.24994160188614575,0.32572872264158703,0.07578712075544128
spatial_thin_100_cap60,0000000000000000057e,crop_loss,test_site,60,37,54.163463696720115,18.913434627199017,18.913434627199017,0.5410795478999868,0.49563200432257415,0.5594572026886906,0.06382519836611644
spatial_thin_100_cap60,000000000000000005d1,crop_loss,test_site,60,60,55.253615807011364,39.16415169078336,39.16415169078336,0.17205944797542455,0.11948313384414291,0.19832349115341844,0.07884035730927552
spatial_thin_100_cap60,00000000000000000611,crop_loss,test_site,60,60,55.76234465082599,51.94553270322845,51.94553270322845,0.6377453444925929,0.5904287219598768,0.6976140343733178,0.10718531241344098
spatial_thin_100_cap60,0000000000000000062f,crop_loss,test_site,60,60,55.47792551964311,51.19194034497231,51.19194034497231,0.5427265131673785,0.442966360560349,0.63550689608935,0.19254053552900097
spatial_thin_100_cap60,00000000000000000632,crop_loss,test_site,60,60,56.312027503809794,37.66479280329437,37.66479280329437,0.09606078979109892,0.0789746218210346,0.13745231096644184,0.05847768914540724
spatial_thin_100_cap60,0000000000000000063e,crop_loss,test_site,60,60,54.765257239140894,56.50445934701089,54.765257239140894,0.278878937012002,0.2465432441301618,0.3365469926806987,0.09000374855053692
spatial_thin_100_cap60,00000000000000000655,crop_loss,test_site,60,60,53.879168460329296,48.24959814153313,48.24959814153313,0.49733835299836476,0.3452129708692949,0.6036696566256272,0.2584566857563323
spatial_thin_100_cap60,00000000000000000697,crop_loss,test_site,60,60,56.23199930704347,53.637063938917485,53.637063938917485,0.5769199416294206,0.5276810066957981,0.6369116848513142,0.10923067815551613
spatial_thin_100_cap60,00000000000000000698,crop_loss,test_site,60,60,41.06392059719593,53.58354923881582,41.06392059719593,0.42712070836509636,0.37873384634877466,0.48356671131672874,0.10483286496795408
spatial_thin_100_cap60,000000000000000006a8,crop_loss,test_site,60,60,53.85916446806657,55.96617604674406,53.85916446806657,0.31309863325207776,0.2481838665660287,0.3770608399092836,0.12887697334325487
spatial_thin_100_cap60,000000000000000006b4,crop_loss,test_site,60,60,52.919294393416074,53.061184598882946,52.919294393416074,0.5683171472808201,0.4509827606789228,0.6557167163102903,0.20473395563136748
spatial_thin_100_cap60,000000000000000006be,crop_loss,test_site,60,60,50.704479478254655,37.110345629363394,37.110345629363394,0.39913747574523856,0.361745944626262,0.4505426127770183,0.08879666815075632
spatial_thin_100_cap60,000000000000000006c0,crop_loss,test_site,60,22,55.862245246616645,7.9500726123062595,7.9500726123062595,0.22135504593589006,0.15826136134785646,0.4461842307033233,0.28792286935546685
spatial_thin_100_cap60,000000000000000006ce,crop_loss,test_site,60,60,52.99355122236491,47.39251938969954,47.39251938969954,0.5929242428953414,0.47908426766150614,0.6384234602377048,0.15933919257619866
spatial_thin_100_cap60,000000000000000006d9,crop_loss,test_site,60,60,48.68095690138474,53.77511476670093,48.68095690138474,0.23069013890979803,0.17764375121871334,0.28417374273052853,0.10652999151181519
spatial_thin_100_cap60,000000000000000006e5,crop_loss,test_site,60,60,53.82206390840611,55.95575208694196,53.82206390840611,0.5297244331424682,0.4623329874971387,0.5883192461670054,0.12598625866986668
spatial_thin_100_cap60,00000000000000000151,built_loss,test_site,60,60,54.149242681379604,34.13721452449498,34.13721452449498,0.27372950269538987,0.2479968503846477,0.3056263349189308,0.057629484534283126
spatial_thin_100_cap60,000000000000000001be,built_loss,test_site,60,16,53.799749734035885,12.90496532174104,12.90496532174104,0.42206706189685905,0.36668395375023616,0.5080368096495108,0.14135285589927465
spatial_thin_100_cap60,0000000000000000034d,built_loss,test_site,60,37,55.621800882522614,21.849787600252665,21.849787600252665,0.37519628485858597,0.33203519930521996,0.4419430007452703,0.10990780144005036
spatial_thin_100_cap60,000000000000000003c7,crop_loss,test_site,60,60,53.60781935820807,44.55368613442546,44.55368613442546,0.7407538248658466,0.7071296099601366,0.7822410781829577,0.07511146822282111
spatial_thin_100_cap60,0000000000000000004a,built_loss,test_site,60,60,58.48410350554273,29.45303553450243,29.45303553450243,0.4433841759299925,0.4048470523848828,0.4621877956080953,0.05734074322321253
spatial_thin_100_cap60,00000000000000000206,built_loss,test_site,60,60,48.739502710543206,50.38421921935104,48.739502710543206,0.7343267175124437,0.6386984644901278,0.760493812345521,0.12179534785539325
spatial_thin_100_cap60,000000000000000002a4,built_loss,test_site,60,60,56.48036308961908,32.83566453633975,32.83566453633975,0.3747344975897047,0.33926353952925004,0.4108867164425581,0.07162317691330805
spatial_thin_100_cap60,000000000000000004f5,built_loss,test_site,60,60,52.8723606063007,26.234559595046328,26.234559595046328,0.5030790551648889,0.42625649758808914,0.5403085565919737,0.1140520590038846
spatial_thin_100_cap60,000000000000000002cc,crop_loss,test_site,60,60,57.076028627641094,37.89724770697265,37.89724770697265,0.35298914856491903,0.24903286715798822,0.46086572462057557,0.21183285746258734
spatial_thin_100_cap60,000000000000000006cc,crop_loss,test_site,60,60,47.991476837471794,57.08804454946944,47.991476837471794,0.36286354604041204,0.32076729584461927,0.39463017571613995,0.07386287987152068
spatial_thin_100_cap60,0000000000000000016c,crop_loss,test_site,60,60,52.32483793377014,49.015901781321375,49.015901781321375,0.45756281627872053,0.4132015056918486,0.5045739748316315,0.09137246913978286
spatial_thin_150_cap60,00000000000000000085,built_loss,test_site,60,60,55.95907344236977,47.14740268461145,47.14740268461145,0.374480503266198,0.3124223423803809,0.41276701383152514,0.10034467145114423
spatial_thin_150_cap60,00000000000000000114,built_loss,test_site,60,60,53.1977873606836,51.37249741254489,51.37249741254489,0.6725977894126347,0.620015696850991,0.7310234841565347,0.11100778730554373
spatial_thin_150_cap60,0000000000000000024c,built_loss,test_site,60,60,55.54261854631208,53.65920351856744,53.65920351856744,0.6993393115692811,0.6634992405115067,0.7350143418689109,0.07151510135740424
spatial_thin_150_cap60,00000000000000000375,built_loss,test_site,60,60,52.13618353041427,56.73475085201917,52.13618353041427,0.6469363667309826,0.5998451791166942,0.7065462984718104,0.10670111935511617
spatial_thin_150_cap60,000000000000000004d2,built_loss,test_site,60,60,58.68397898286414,53.762821217228534,53.762821217228534,0.5888968606274876,0.5493211304537765,0.6401719746278951,0.0908508441741186
spatial_thin_150_cap60,000000000000000005bd,built_loss,test_site,60,16,54.74054272671617,11.212974754175816,11.212974754175816,0.5068800366422195,0.4227082501645259,0.6281369251422677,0.2054286749777418
spatial_thin_150_cap60,00000000000000000281,crop_loss,test_site,60,60,55.0819082247301,57.00958664532609,55.0819082247301,0.5167858074553816,0.4744953746572173,0.547996801994885,0.07350142733766768
spatial_thin_150_cap60,000000000000000003a2,crop_loss,test_site,60,60,52.48114843546067,56.38947596667252,52.48114843546067,0.3731402196907623,0.3093909631446798,0.45920625005632826,0.14981528691164847
spatial_thin_150_cap60,00000000000000000001,built_loss,test_site,60,60,54.49864798603747,54.71545404704147,54.49864798603747,0.4452580365787561,0.40821827075986966,0.47657019492042535,0.06835192416055569
spatial_thin_150_cap60,00000000000000000049,built_loss,test_site,60,22,54.744966559425656,19.56217305937677,19.56217305937677,0.46360071771956335,0.40567967089186935,0.5141593559973399,0.10847968510547051
spatial_thin_150_cap60,0000000000000000004f,built_loss,test_site,60,60,56.205335373481475,54.6317559072023,54.6317559072023,0.4426429765335003,0.3622559249327969,0.5136514499097511,0.1513955249769542
spatial_thin_150_cap60,0000000000000000005a,built_loss,test_site,60,60,57.50793702976764,52.178618333670876,52.178618333670876,0.4603336718045407,0.4319072209473792,0.4924762776169896,0.06056905666961038
spatial_thin_150_cap60,00000000000000000079,built_loss,test_site,60,60,58.602891904137174,56.26267289944347,56.26267289944347,0.6279131804451404,0.5879694281096,0.678124831635248,0.09015540352564799
spatial_thin_150_cap60,00000000000000000087,built_loss,test_site,60,60,53.83903690944815,56.055232060530166,53.83903690944815,0.6438965639191402,0.5566757096794424,0.6901142653431953,0.13343855566375296
spatial_thin_150_cap60,000000000000000000a1,built_loss,test_site,60,38,57.237922382707204,27.517413919756592,27.517413919756592,0.39688858005123284,0.3406013607534585,0.4543679399209535,0.113766579167495
spatial_thin_150_cap60,000000000000000000b8,built_loss,test_site,60,51,57.656109409851766,32.828908927055345,32.828908927055345,0.4463542575809,0.2861884228157242,0.5545860626023524,0.26839763978662823
spatial_thin_150_cap60,000000000000000000c0,built_loss,test_site,60,60,53.61942903840039,55.993686769965976,53.61942903840039,0.6273421159258301,0.5865850721363186,0.6666800417696903,0.0800949696333717
spatial_thin_150_cap60,000000000000000000e2,built_loss,test_site,60,60,57.02909544241748,50.13621054501997,50.13621054501997,0.3283459934982644,0.2979046833156079,0.40418807389194045,0.10628339057633257
spatial_thin_150_cap60,000000000000000000f0,built_loss,test_site,60,60,56.56584904238068,53.86028211537814,53.86028211537814,0.6203707180638818,0.5436198812639503,0.6954757833561799,0.15185590209222954
spatial_thin_150_cap60,000000000000000000f8,built_loss,test_site,60,60,57.82917131949759,55.93128243588491,55.93128243588491,0.5225964590089284,0.4792961643026945,0.5616773947536371,0.08238123045094259
spatial_thin_150_cap60,0000000000000000011c,built_loss,test_site,60,43,57.58379129991732,33.52843811992279,33.52843811992279,0.6125148646424712,0.5077409719941777,0.6919723117461893,0.18423133975201167
spatial_thin_150_cap60,00000000000000000161,built_loss,test_site,60,60,56.011244208553215,54.605650356631436,54.605650356631436,0.638959862241766,0.5994561807071084,0.6693154645327264,0.06985928382561801
spatial_thin_150_cap60,0000000000000000016a,built_loss,test_site,60,28,57.78360162343462,22.68541429837209,22.68541429837209,0.270856271773522,0.21591422276811587,0.3391651398802657,0.12325091711214983
spatial_thin_150_cap60,00000000000000000176,built_loss,test_site,60,60,56.189514000581134,52.96161267320672,52.96161267320672,0.6401507838824122,0.5952641509743166,0.6695351262975281,0.07427097532321147
spatial_thin_150_cap60,000000000000000001a8,built_loss,test_site,60,60,57.52879729502167,55.014430476165266,55.014430476165266,0.5745063405357399,0.5203759318856956,0.6322092784622559,0.1118333465765603
spatial_thin_150_cap60,000000000000000001cd,built_loss,test_site,60,60,56.7204323574502,57.4193882031481,56.7204323574502,0.7811783808989317,0.7215522349059611,0.8361998952272759,0.11464766032131479
spatial_thin_150_cap60,000000000000000001e5,built_loss,test_site,60,60,53.973033671910216,50.53924030975487,50.53924030975487,0.5941380481232713,0.5223293966066631,0.6516662128370952,0.12933681623043214
spatial_thin_150_cap60,00000000000000000209,built_loss,test_site,60,60,56.807074847473764,57.2104477786037,56.807074847473764,0.6423734300123447,0.5790658067972043,0.7039879168731569,0.12492211007595255
spatial_thin_150_cap60,00000000000000000231,built_loss,test_site,60,60,56.52327332911396,54.72345534998873,54.72345534998873,0.5512750941404492,0.48719848716718794,0.6008090935548125,0.11361060638762455
spatial_thin_150_cap60,0000000000000000026d,built_loss,test_site,60,60,55.09502356172662,51.34528954496963,51.34528954496963,0.6026715890748213,0.5610036213425871,0.6525553624833018,0.09155174114071474
spatial_thin_150_cap60,00000000000000000278,built_loss,test_site,60,60,56.4844453716651,55.29976883225999,55.29976883225999,0.7908492610410404,0.7202226160814004,0.8240025533183858,0.10377993723698542
spatial_thin_150_cap60,00000000000000000293,built_loss,test_site,60,60,54.020701017239084,52.750445652333845,52.750445652333845,0.45495012126446144,0.4051539197571679,0.500454527042814,0.0953006072856461
spatial_thin_150_cap60,00000000000000000316,built_loss,test_site,60,6,58.05188789923536,4.37100083602835,4.37100083602835,0.12861747270359966,0.08226676385169131,0.19420056344530792,0.11193379959361661
spatial_thin_150_cap60,00000000000000000356,built_loss,test_site,60,60,53.110714791834695,54.801305439630745,53.110714791834695,0.5248414157013074,0.43551932319893555,0.5919123548713722,0.15639303167243662
spatial_thin_150_cap60,00000000000000000362,built_loss,test_site,60,60,57.45973267580505,54.60693568149986,54.60693568149986,0.5289700305822747,0.4916607046817293,0.5763893360260348,0.08472863134430553
spatial_thin_150_cap60,00000000000000000363,built_loss,test_site,60,60,58.40187603560187,50.58882625034394,50.58882625034394,0.2539826762268981,0.21616933634447885,0.29222838306366655,0.0760590467191877
spatial_thin_150_cap60,00000000000000000364,built_loss,test_site,60,60,55.83654264196111,57.506811226940144,55.83654264196111,0.5962160489646324,0.5461555541741331,0.6824325428404392,0.1362769886663061
spatial_thin_150_cap60,00000000000000000380,built_loss,test_site,60,60,58.054062755802036,54.90264379597919,54.90264379597919,0.48895403610354643,0.4580166628345408,0.5410098927726797,0.08299322993813896
spatial_thin_150_cap60,00000000000000000384,built_loss,test_site,60,60,55.469089798626165,46.17024396989976,46.17024396989976,0.5737023591231959,0.5270737604343568,0.6034159713704839,0.07634221093612703
spatial_thin_150_cap60,0000000000000000039e,built_loss,test_site,60,49,58.365754441066436,40.28702163724643,40.28702163724643,0.48614133391288816,0.4352243861859784,0.5290269419592195,0.09380255577324109
spatial_thin_150_cap60,000000000000000003a1,built_loss,test_site,60,60,56.3826069088224,48.157007863167635,48.157007863167635,0.6030078904993917,0.5732537328948207,0.6589108710875463,0.08565713819272558
spatial_thin_150_cap60,000000000000000003a5,built_loss,test_site,60,60,56.87049793115712,50.79200986853345,50.79200986853345,0.3846880030575869,0.3209470700664109,0.4512927442177624,0.1303456741513515
spatial_thin_150_cap60,000000000000000003b7,built_loss,test_site,60,60,57.822249439869225,48.942092627243206,48.942092627243206,0.4703619095109308,0.42946966927043756,0.49083141226754917,0.06136174299711161
spatial_thin_150_cap60,000000000000000003bf,built_loss,test_site,60,60,56.724038311617015,56.61366464143201,56.61366464143201,0.5298525002871656,0.5015641149033465,0.5743558733529677,0.07279175844962116
spatial_thin_150_cap60,000000000000000003d2,built_loss,test_site,60,60,55.80445400585222,56.85390017168426,55.80445400585222,0.5547627693231885,0.4861600682256734,0.632622401760645,0.14646233353497157
spatial_thin_150_cap60,000000000000000003f8,built_loss,test_site,60,36,58.089460175867984,25.07332928567175,25.07332928567175,0.22947898349321824,0.19301662428414226,0.2615315724725843,0.06851494818844203
spatial_thin_150_cap60,000000000000000003fa,built_loss,test_site,60,60,56.846976222848134,56.774138459167425,56.774138459167425,0.4056280665514253,0.3771265540650509,0.46168130969577903,0.08455475563072812
spatial_thin_150_cap60,00000000000000000407,built_loss,test_site,60,60,54.72779997362264,57.334103580988646,54.72779997362264,0.5666653001230281,0.5050808473757823,0.6366383682814682,0.13155752090568595
spatial_thin_150_cap60,0000000000000000040f,built_loss,test_site,60,60,53.73026930013076,51.67426132614295,51.67426132614295,0.5373712898849954,0.5156017226085882,0.5495359176021845,0.03393419499359629
spatial_thin_150_cap60,00000000000000000426,built_loss,test_site,60,60,53.196404409364845,54.59215492282996,53.196404409364845,0.5738085339008843,0.5428181131709425,0.6148695584295243,0.07205144525858176
spatial_thin_150_cap60,0000000000000000042b,built_loss,test_site,60,60,58.235252316452026,53.93528681110157,53.93528681110157,0.5712032418646156,0.523860591627173,0.6355767701518324,0.11171617852465943
spatial_thin_150_cap60,00000000000000000442,built_loss,test_site,60,24,57.38759388740332,15.378020102721536,15.378020102721536,0.2783510484129556,0.20923474645778775,0.43311413270708254,0.2238793862492948
spatial_thin_150_cap60,00000000000000000465,built_loss,test_site,60,60,57.38379306586673,54.257484785365314,54.257484785365314,0.6060699214632724,0.5599531854059833,0.6432061390020548,0.08325295359607154
spatial_thin_150_cap60,0000000000000000047e,built_loss,test_site,60,60,58.41028681141222,51.37990243822347,51.37990243822347,0.5136606157152124,0.4721329947203409,0.5560554512796108,0.08392245655926983
spatial_thin_150_cap60,00000000000000000490,built_loss,test_site,60,60,58.042011091526106,56.68101760727843,56.68101760727843,0.6921449456691009,0.6283263578355677,0.7366295880697654,0.10830323023419774
spatial_thin_150_cap60,000000000000000004c0,built_loss,test_site,60,60,56.76049444225505,55.11237143730276,55.11237143730276,0.6341839755676508,0.5851988422284019,0.6694018385408164,0.08420299631241446
spatial_thin_150_cap60,000000000000000004c5,built_loss,test_site,60,60,55.77116935329197,41.669244423521285,41.669244423521285,0.5453887803184829,0.5009083503731636,0.6115499412257891,0.11064159085262548
spatial_thin_150_cap60,000000000000000004d9,built_loss,test_site,60,60,58.03989220408047,54.511458454275065,54.511458454275065,0.5516012110964973,0.5167717758298899,0.5861947492552361,0.0694229734253462
spatial_thin_150_cap60,000000000000000004eb,built_loss,test_site,60,60,54.95973349521014,56.612888778217155,54.95973349521014,0.44181434784549095,0.4111601753127989,0.473120933788012,0.061960758475213096
spatial_thin_150_cap60,000000000000000004f7,built_loss,test_site,60,48,56.379022731956304,33.802217865005744,33.802217865005744,0.47676250146168786,0.4399415141790316,0.5033591477307902,0.06341763355175856
spatial_thin_150_cap60,000000000000000004fe,built_loss,test_site,60,60,56.8894800376941,45.43575379720327,45.43575379720327,0.5020388821076687,0.4615700834231625,0.5277466460859271,0.06617656266276462
spatial_thin_150_cap60,0000000000000000051d,built_loss,test_site,60,60,58.72048662206319,50.42616105738987,50.42616105738987,0.4509916751579114,0.34075276339002614,0.517904021991352,0.17715125860132586
spatial_thin_150_cap60,00000000000000000559,built_loss,test_site,60,60,56.35728195790564,54.19340967439907,54.19340967439907,0.6730825891429089,0.6082344601659037,0.7251780809326538,0.11694362076675013
spatial_thin_150_cap60,00000000000000000576,built_loss,test_site,60,49,56.922850960473575,31.898139630142374,31.898139630142374,0.2299203244393166,0.18493914289551538,0.2704641898654832,0.08552504696996782
spatial_thin_150_cap60,00000000000000000577,built_loss,test_site,60,55,59.44140285559383,37.40609613519738,37.40609613519738,0.453437350297257,0.36948409920463765,0.5329643921701698,0.16348029296553213
spatial_thin_150_cap60,0000000000000000057f,built_loss,test_site,60,15,55.28641195656441,10.268505868812538,10.268505868812538,0.31349378887624646,0.25873774443832587,0.38721800317585847,0.1284802587375326
spatial_thin_150_cap60,00000000000000000594,built_loss,test_site,60,60,57.213387795294594,52.24434262095708,52.24434262095708,0.48574012716978127,0.36007250323116036,0.5556264410185023,0.19555393778734198
spatial_thin_150_cap60,000000000000000005ad,built_loss,test_site,60,60,58.489011350606155,54.86242559400645,54.86242559400645,0.6709817278744489,0.6121561132357352,0.6977215612849611,0.08556544804922595
spatial_thin_150_cap60,000000000000000005bf,built_loss,test_site,60,60,56.25275889650563,50.481575718082105,50.481575718082105,0.42696880872518,0.39423691048453136,0.4658683573478273,0.07163144686329592
spatial_thin_150_cap60,000000000000000005cc,built_loss,test_site,60,60,56.67529070952396,46.25939572312695,46.25939572312695,0.35928817295517884,0.32344126037160664,0.38250544106647844,0.05906418069487179
spatial_thin_150_cap60,000000000000000005de,built_loss,test_site,60,60,55.90694111428819,53.577464276193474,53.577464276193474,0.4309303943494073,0.4013887178667543,0.45321012034464464,0.051821402477890355
spatial_thin_150_cap60,000000000000000005e7,built_loss,test_site,60,60,52.883484429835555,57.05958090966632,52.883484429835555,0.6458001379145692,0.5613780685188693,0.7087391604915573,0.14736109197268799
spatial_thin_150_cap60,000000000000000005f9,built_loss,test_site,60,60,56.92629447810064,45.54768085803022,45.54768085803022,0.6135446103513533,0.5470196844236256,0.6644809670165348,0.11746128259290922
spatial_thin_150_cap60,0000000000000000061c,built_loss,test_site,60,60,56.444008287917804,49.486239773488144,49.486239773488144,0.4014955797115389,0.36507154399773745,0.4311373887817203,0.06606584478398286
spatial_thin_150_cap60,00000000000000000624,built_loss,test_site,60,27,54.3291119254053,17.573190190169274,17.573190190169274,0.4828780803113425,0.38779102784837305,0.5474601008405046,0.1596690729921315
spatial_thin_150_cap60,00000000000000000626,built_loss,test_site,60,60,56.141780001246566,51.789546516467816,51.789546516467816,0.49127563275312824,0.46245813812234376,0.5291050401307468,0.06664690200840301
spatial_thin_150_cap60,0000000000000000062a,built_loss,test_site,60,60,55.52265582367035,53.727321208300275,53.727321208300275,0.5585170619710527,0.5247232232623131,0.6260828352329445,0.10135961197063137
spatial_thin_150_cap60,00000000000000000636,built_loss,test_site,60,60,56.88144768663684,50.933357083759894,50.933357083759894,0.4800874910795139,0.3489103666220031,0.5908557458403272,0.2419453792183241
spatial_thin_150_cap60,0000000000000000064a,built_loss,test_site,60,19,58.12288802435914,12.259765716211867,12.259765716211867,0.34275810460902,0.30769508295331055,0.38303870471456997,0.07534362176125942
spatial_thin_150_cap60,0000000000000000064d,built_loss,test_site,60,60,54.21508516313638,48.982204524276696,48.982204524276696,0.38566572050355796,0.3615799452236776,0.4160863896507239,0.05450644442704633
spatial_thin_150_cap60,00000000000000000694,built_loss,test_site,60,60,54.740961282461484,50.552531736960525,50.552531736960525,0.3827706392321113,0.35408470077986587,0.4036897155610143,0.04960501478114843
spatial_thin_150_cap60,0000000000000000069d,built_loss,test_site,60,60,55.64553503969127,57.133170661361355,55.64553503969127,0.6297363854331742,0.5752465140944127,0.6646252842388986,0.08937877014448581
spatial_thin_150_cap60,000000000000000006b7,built_loss,test_site,60,60,56.56481660618217,53.625717823985646,53.625717823985646,0.4640731312110547,0.4371356516376891,0.4939492522312192,0.056813600593530134
spatial_thin_150_cap60,000000000000000006df,built_loss,test_site,60,60,55.0817210267852,46.45856617778454,46.45856617778454,0.22342271872841002,0.1897999874698925,0.35409359715660477,0.16429360968671228
spatial_thin_150_cap60,000000000000000006e3,built_loss,test_site,60,60,57.58289312090624,53.403352429174824,53.403352429174824,0.4236476218675794,0.3534171575318421,0.4914807383302082,0.13806358079836611
spatial_thin_150_cap60,00000000000000000011,crop_loss,test_site,60,60,55.581495071073604,53.34789024688371,53.34789024688371,0.7705890443191502,0.5191532797112844,0.8721999008740403,0.35304662116275587
spatial_thin_150_cap60,0000000000000000002b,crop_loss,test_site,60,60,57.61379199404765,55.17206116591494,55.17206116591494,0.17727975649819389,0.10782005322355168,0.23316472254403714,0.12534466932048546
spatial_thin_150_cap60,0000000000000000002d,crop_loss,test_site,60,60,56.728370475240084,56.38019900110448,56.38019900110448,0.4817845391483083,0.44453283543150196,0.5235776249080192,0.07904478947651722
spatial_thin_150_cap60,0000000000000000003a,crop_loss,test_site,60,60,56.73626931313878,55.95651114435555,55.95651114435555,0.27658280823943765,0.2319337979488094,0.34396710673022113,0.11203330878141174
spatial_thin_150_cap60,0000000000000000009b,crop_loss,test_site,60,60,54.27119932735465,47.29278421572198,47.29278421572198,0.49115883248943704,0.4832044261899946,0.5065484935961341,0.02334406740613948
spatial_thin_150_cap60,0000000000000000009d,crop_loss,test_site,60,28,57.061875769119496,23.331764397728254,23.331764397728254,0.3890742187697756,0.34068262805244504,0.43536015151459406,0.09467752346214903
spatial_thin_150_cap60,000000000000000000a8,crop_loss,test_site,60,60,57.99653506519851,54.111957328177894,54.111957328177894,0.21888910430307926,0.1989545300946671,0.24053773899270095,0.04158320889803385
spatial_thin_150_cap60,000000000000000000da,crop_loss,test_site,60,60,49.81591005481057,57.77247851037688,49.81591005481057,0.742409762478438,0.6841552659784338,0.7665040116537769,0.08234874567534312
spatial_thin_150_cap60,000000000000000000e3,crop_loss,test_site,60,60,54.696549360765886,57.16326778007183,54.696549360765886,0.48560398038021724,0.43948473146573186,0.536538604832406,0.09705387336667415
spatial_thin_150_cap60,000000000000000000e9,crop_loss,test_site,60,34,57.225510762523925,24.23734139364794,24.23734139364794,0.35913600399587386,0.26457969269358944,0.43709246073713925,0.1725127680435498
spatial_thin_150_cap60,0000000000000000011b,crop_loss,test_site,60,60,58.92478718606889,54.493116741599174,54.493116741599174,0.47007193490992,0.4319887998746574,0.5141751357583653,0.08218633588370788
spatial_thin_150_cap60,00000000000000000128,crop_loss,test_site,60,60,53.2031802181161,54.804702599618004,53.2031802181161,0.5373741671323808,0.5140275273338543,0.5589700363409167,0.044942509007062426
spatial_thin_150_cap60,00000000000000000192,crop_loss,test_site,60,60,55.962142613578564,55.82402099544892,55.82402099544892,0.5600140224766592,0.5365244865007596,0.584716369348188,0.04819188284742848
spatial_thin_150_cap60,00000000000000000196,crop_loss,test_site,60,60,58.776169425494786,51.194289136201654,51.194289136201654,0.275167980188415,0.2364128613651458,0.3274483499227696,0.0910354885576238
spatial_thin_150_cap60,000000000000000001a6,crop_loss,test_site,60,60,57.16403318921114,53.408855700804324,53.408855700804324,0.30978803458382065,0.24783145510887783,0.3591815931390568,0.11135013803017896
spatial_thin_150_cap60,000000000000000001e4,crop_loss,test_site,60,60,54.56364588683316,56.14468359651698,54.56364588683316,0.4710802603498543,0.44465980964397256,0.5113462103127281,0.06668640066875553
spatial_thin_150_cap60,000000000000000001f9,crop_loss,test_site,60,60,56.53612237571906,54.82728230839128,54.82728230839128,0.4190582373696902,0.3601185548752793,0.6691223916633967,0.30900383678811744
spatial_thin_150_cap60,00000000000000000228,crop_loss,test_site,60,60,55.7601620379272,50.57682554783176,50.57682554783176,0.5412542691703204,0.48466174492429287,0.5962461772729707,0.11158443234867782
spatial_thin_150_cap60,0000000000000000028c,crop_loss,test_site,60,28,55.51331620301298,22.188401375022266,22.188401375022266,0.41704770490568915,0.3103873321799675,0.5365142106455418,0.22612687846557433
spatial_thin_150_cap60,0000000000000000028d,crop_loss,test_site,60,60,57.06162846978983,53.314912126363836,53.314912126363836,0.6710724750966807,0.6020744959210412,0.7245626717383358,0.12248817581729454
spatial_thin_150_cap60,00000000000000000291,crop_loss,test_site,60,60,55.23446674953473,42.89493563875272,42.89493563875272,0.8814295919208923,0.8696522810349429,0.8980677509581725,0.02841546992322963
spatial_thin_150_cap60,000000000000000002c5,crop_loss,test_site,60,60,56.657671337647095,51.6740721871946,51.6740721871946,0.3165836524931472,0.2698780310992308,0.38814511923210127,0.11826708813287046
spatial_thin_150_cap60,000000000000000002dc,crop_loss,test_site,60,60,55.81339474577674,56.890530898016856,55.81339474577674,0.6478804897701288,0.5939092039795792,0.6840498669514874,0.09014066297190815
spatial_thin_150_cap60,000000000000000002e4,crop_loss,test_site,60,60,55.71190037199363,55.83657496896039,55.71190037199363,0.3295732541233295,0.2841242201091934,0.3890563960027636,0.10493217589357018
spatial_thin_150_cap60,000000000000000002ec,crop_loss,test_site,60,60,55.99208558426798,56.153825866258494,55.99208558426798,0.48460968248475306,0.4503577383162751,0.5508219730191428,0.1004642347028677
spatial_thin_150_cap60,00000000000000000314,crop_loss,test_site,60,60,57.46527515195106,49.29868621802087,49.29868621802087,0.09779058494643654,0.05874210459875839,0.1500834471204484,0.09134134252169002
spatial_thin_150_cap60,00000000000000000335,crop_loss,test_site,60,60,58.62969584758366,57.24856241665361,57.24856241665361,0.45111267207909483,0.4113246902650798,0.4979048874482766,0.08658019718319682
spatial_thin_150_cap60,0000000000000000033a,crop_loss,test_site,60,60,54.4657533008636,55.52209939012276,54.4657533008636,0.48964462169124395,0.4467067428573421,0.5325116825507903,0.08580493969344821
spatial_thin_150_cap60,000000000000000003b0,crop_loss,test_site,60,60,54.75324879641645,54.96502470977296,54.75324879641645,0.20016060648576328,0.1289422530089419,0.26169331409193153,0.13275106108298962
spatial_thin_150_cap60,000000000000000003c8,crop_loss,test_site,60,60,56.37684316951222,54.08643836388751,54.08643836388751,0.19927531702604814,0.14132084171055298,0.22844595603591886,0.08712511432536588
spatial_thin_150_cap60,000000000000000003f1,crop_loss,test_site,60,60,57.47603313387319,55.26250136391583,55.26250136391583,0.4736573103966356,0.4133919072475446,0.5138905957569988,0.1004986885094542
spatial_thin_150_cap60,000000000000000003f2,crop_loss,test_site,60,60,54.19188429277274,54.09587651620449,54.09587651620449,0.4838828031518143,0.44402998401292604,0.504408355874038,0.060378371861111946
spatial_thin_150_cap60,0000000000000000044b,crop_loss,test_site,60,59,56.320761931090004,41.017770080902295,41.017770080902295,0.5413278139446381,0.5167271908376687,0.5847034925959443,0.06797630175827563
spatial_thin_150_cap60,0000000000000000046c,crop_loss,test_site,60,60,56.114219730578306,57.31075413029243,56.114219730578306,0.49851325817398867,0.4291907959163246,0.5711077735228395,0.1419169776065149
spatial_thin_150_cap60,00000000000000000480,crop_loss,test_site,60,51,57.169158023818675,36.792898569734724,36.792898569734724,0.8393974240424117,0.6151375640390548,0.8812683446038744,0.26613078056481954
spatial_thin_150_cap60,00000000000000000483,crop_loss,test_site,60,55,59.36650116685817,42.730584980346116,42.730584980346116,0.707722126598123,0.6488688986113639,0.7513457482183656,0.10247684960700176
spatial_thin_150_cap60,00000000000000000485,crop_loss,test_site,60,60,55.921059278236925,58.62826260979288,55.921059278236925,0.6812768335067574,0.647179108310539,0.7038813163262385,0.05670220801569947
spatial_thin_150_cap60,00000000000000000497,crop_loss,test_site,60,60,57.37198997607829,54.59654935213121,54.59654935213121,0.25240460150961724,0.1973815657981974,0.3136915014434732,0.11630993564527578
spatial_thin_150_cap60,0000000000000000049b,crop_loss,test_site,60,60,55.660986415402064,55.28408116991267,55.28408116991267,0.3434745462539495,0.3192566675135745,0.384725606764942,0.06546893925136749
spatial_thin_150_cap60,000000000000000004a1,crop_loss,test_site,60,60,53.81382765359638,56.45231906049581,53.81382765359638,0.35329965948081515,0.31556178410010305,0.42336974735927596,0.10780796325917291
spatial_thin_150_cap60,000000000000000004e7,crop_loss,test_site,60,60,56.39518139143275,52.0639497114273,52.0639497114273,0.48572640927376753,0.46814185262312635,0.510684037199909,0.042542184576782605
spatial_thin_150_cap60,000000000000000004e9,crop_loss,test_site,60,60,58.281748751031124,45.668599090669176,45.668599090669176,0.3804723075727894,0.2576429788584282,0.4789848660672655,0.2213418872088373
spatial_thin_150_cap60,000000000000000004ee,crop_loss,test_site,60,60,57.40212845037333,49.222505471729924,49.222505471729924,0.3409642931407533,0.24649099506007774,0.47093684992767637,0.22444585486759863
spatial_thin_150_cap60,000000000000000004f9,crop_loss,test_site,60,60,54.52292798701525,55.16272895844919,54.52292798701525,0.35991699765813334,0.2837043032010944,0.48346007230501137,0.19975576910391696
spatial_thin_150_cap60,00000000000000000517,crop_loss,test_site,60,60,58.23869264990216,52.667039171982054,52.667039171982054,0.30326598978311325,0.23287893945396396,0.4444702737331638,0.21159133427919982
spatial_thin_150_cap60,00000000000000000538,crop_loss,test_site,60,2,56.6591943042157,1.5318130903545102,1.5318130903545102,0.2706077709038093,0.19563022429962348,0.3402341215967844,0.14460389729716092
spatial_thin_150_cap60,0000000000000000057e,crop_loss,test_site,60,25,56.618126385417625,20.560316399261655,20.560316399261655,0.515710253951634,0.4953440529320842,0.5433828697137801,0.048038816781695914
spatial_thin_150_cap60,000000000000000005d1,crop_loss,test_site,60,60,57.230324018927405,46.43247244245226,46.43247244245226,0.14460234342644063,0.12370310120921978,0.24772287494026557,0.1240197737310458
spatial_thin_150_cap60,00000000000000000611,crop_loss,test_site,60,60,56.540699272103346,56.56927744457647,56.540699272103346,0.6554718644886691,0.5943876207099628,0.6997847756746479,0.10539715496468516
spatial_thin_150_cap60,0000000000000000062f,crop_loss,test_site,60,60,55.31804468743023,54.66602500706063,54.66602500706063,0.5830764313372804,0.47377309586553984,0.6733299623315367,0.1995568664659969
spatial_thin_150_cap60,00000000000000000632,crop_loss,test_site,60,59,57.08826264532332,44.96491313592231,44.96491313592231,0.09257590584432947,0.07765074889344357,0.1095684919209439,0.03191774302750032
spatial_thin_150_cap60,0000000000000000063e,crop_loss,test_site,60,60,55.305021837797014,55.860577398494,55.305021837797014,0.32970443811987304,0.2557760100497094,0.3916441243867659,0.13586811433705648
spatial_thin_150_cap60,00000000000000000655,crop_loss,test_site,60,60,55.18867781403715,51.30950803230458,51.30950803230458,0.5082679795868346,0.3605924161418138,0.6061654403486875,0.24557302420687366
spatial_thin_150_cap60,00000000000000000697,crop_loss,test_site,60,60,57.470172471032974,57.866874340020836,57.470172471032974,0.6082241784777005,0.561785760240416,0.6488385602662736,0.08705280002585758
spatial_thin_150_cap60,00000000000000000698,crop_loss,test_site,60,60,49.07883592516568,57.209984454023875,49.07883592516568,0.4272669995819837,0.399849760739094,0.4795462774402096,0.0796965167011156
spatial_thin_150_cap60,000000000000000006a8,crop_loss,test_site,60,60,58.0483166519186,55.691465107004205,55.691465107004205,0.34407078075884145,0.2713891320880317,0.41022104303374607,0.13883191094571434
spatial_thin_150_cap60,000000000000000006b4,crop_loss,test_site,60,60,56.33432990661229,57.29165798039095,56.33432990661229,0.4884733788870077,0.42698622314107326,0.5597640907236165,0.13277786758254329
spatial_thin_150_cap60,000000000000000006be,crop_loss,test_site,60,60,55.51989073987258,45.82296149019172,45.82296149019172,0.3917804924028005,0.3606009031457819,0.4371177256301955,0.0765168224844136
spatial_thin_150_cap60,000000000000000006c0,crop_loss,test_site,60,14,58.7716596636695,9.622692620183294,9.622692620183294,0.2626395356507574,0.2081390411936091,0.5695073606976973,0.36136831950408815
spatial_thin_150_cap60,000000000000000006ce,crop_loss,test_site,60,60,54.5963398036139,50.4666316596703,50.4666316596703,0.6043967547182203,0.5020217393345127,0.6753012624517033,0.17327952311719064
spatial_thin_150_cap60,000000000000000006d9,crop_loss,test_site,60,60,53.822033096570394,57.78574753810734,53.822033096570394,0.23137953968107788,0.17251620768087694,0.2615625758258182,0.08904636814494127
spatial_thin_150_cap60,000000000000000006e5,crop_loss,test_site,60,60,56.197374563489305,56.28123531315702,56.197374563489305,0.5240851374810623,0.45108568051947084,0.5937625029063373,0.1426768223868664
spatial_thin_150_cap60,00000000000000000151,built_loss,test_site,60,56,55.4662802609049,44.901549564133255,44.901549564133255,0.2855079812355805,0.2586147722432508,0.31685838280192125,0.058243610558670444
spatial_thin_150_cap60,000000000000000001be,built_loss,test_site,60,14,56.78024266144737,13.284531656703418,13.284531656703418,0.4465167307173984,0.38585781083528403,0.5928435934613998,0.20698578262611578
spatial_thin_150_cap60,0000000000000000034d,built_loss,test_site,60,28,57.63840236722001,21.769766714450686,21.769766714450686,0.39385431129524295,0.3286218083444487,0.42332048335904376,0.09469867501459506
spatial_thin_150_cap60,000000000000000003c7,crop_loss,test_site,60,60,56.609132908506055,53.76218828076371,53.76218828076371,0.7338182405051169,0.684122319194779,0.7728771877006959,0.08875486850591696
spatial_thin_150_cap60,0000000000000000004a,built_loss,test_site,60,53,56.872205123722956,36.34937316272985,36.34937316272985,0.4442673819552612,0.43500281343724617,0.46309872674111585,0.02809591330386968
spatial_thin_150_cap60,00000000000000000206,built_loss,test_site,60,60,52.829115936293114,56.533264129018605,52.829115936293114,0.725905205286468,0.6739003705176626,0.7760210274590743,0.1021206569414117
spatial_thin_150_cap60,000000000000000002a4,built_loss,test_site,60,53,57.123078719004354,36.83776671867803,36.83776671867803,0.3918738871247227,0.35584554924880857,0.4316126253542844,0.07576707610547584
spatial_thin_150_cap60,000000000000000004f5,built_loss,test_site,60,46,58.035468070790515,28.242612370393445,28.242612370393445,0.5084815121672,0.4552237120575357,0.5615196933491069,0.1062959812915712
spatial_thin_150_cap60,000000000000000002cc,crop_loss,test_site,60,60,57.202927327305595,47.95374577957578,47.95374577957578,0.4927179995993189,0.34992892387092056,0.592843728157951,0.2429148042870305
spatial_thin_150_cap60,000000000000000006cc,crop_loss,test_site,60,60,51.68467149643521,57.50559066657468,51.68467149643521,0.35503906010253866,0.30507756997666813,0.41049209575317763,0.1054145257765095
spatial_thin_150_cap60,0000000000000000016c,crop_loss,test_site,60,60,55.87759539303903,54.12474316853749,54.12474316853749,0.4772634401994929,0.3966615547557686,0.5207153611056842,0.12405380634991559
spatial_thin_250_cap60,00000000000000000085,built_loss,test_site,60,47,59.20924690537862,44.779907254889324,44.779907254889324,0.3673622914614483,0.31382672676818146,0.4183433184635114,0.10451659169532995
spatial_thin_250_cap60,00000000000000000114,built_loss,test_site,60,60,59.02747919430722,58.71673352482483,58.71673352482483,0.6806682798261832,0.6155352714087144,0.714238291280911,0.09870301987219654
spatial_thin_250_cap60,0000000000000000024c,built_loss,test_site,60,60,59.45020863302522,58.13709142311866,58.13709142311866,0.7086695053020434,0.656943603632851,0.742276534520627,0.08533293088777605
spatial_thin_250_cap60,00000000000000000375,built_loss,test_site,60,60,58.75879980358005,59.16086399377829,58.75879980358005,0.6613693592216072,0.6179364801488879,0.7172854400453297,0.09934895989644177
spatial_thin_250_cap60,000000000000000004d2,built_loss,test_site,60,60,59.19210707463477,58.50073444788728,58.50073444788728,0.6154058223544263,0.5591957018317882,0.6497682113257591,0.09057250949397089
spatial_thin_250_cap60,000000000000000005bd,built_loss,test_site,60,8,58.99780773640006,7.719056994376299,7.719056994376299,0.5180871306866691,0.44296161693175196,0.649916057780184,0.20695444084843206
spatial_thin_250_cap60,00000000000000000281,crop_loss,test_site,60,60,59.269726018204,59.11204809583556,59.11204809583556,0.5208294997646326,0.48634339258491954,0.5672945010391414,0.08095110845422182
spatial_thin_250_cap60,000000000000000003a2,crop_loss,test_site,60,60,58.950100650667714,59.39277381077405,58.950100650667714,0.3219654115917103,0.2585135516349281,0.3997221020910429,0.1412085504561148
spatial_thin_250_cap60,00000000000000000001,built_loss,test_site,60,57,59.54024883914181,56.32454058895516,56.32454058895516,0.4366330451492847,0.3928966126568412,0.48935312040551276,0.09645650774867154
spatial_thin_250_cap60,00000000000000000049,built_loss,test_site,60,18,59.5208016506046,17.729073708663112,17.729073708663112,0.48014810393437657,0.41158770117656013,0.5155375022938331,0.10394980111727298
spatial_thin_250_cap60,0000000000000000004f,built_loss,test_site,60,60,59.564091499668166,59.33651760196118,59.33651760196118,0.42084962379484075,0.37085922120928094,0.49653131907592607,0.12567209786664513
spatial_thin_250_cap60,0000000000000000005a,built_loss,test_site,60,60,59.50399315149382,58.50095243434128,58.50095243434128,0.44509889817957743,0.4063888491815844,0.4736078097802582,0.06721896059867377
spatial_thin_250_cap60,00000000000000000079,built_loss,test_site,60,60,59.52261504841759,59.3116423935019,59.3116423935019,0.6575490069004435,0.58077378143365,0.6829273564998354,0.10215357506618539
spatial_thin_250_cap60,00000000000000000087,built_loss,test_site,60,60,59.437623117205064,59.40021332648606,59.40021332648606,0.6090166056170542,0.5459005680195729,0.6868090837458445,0.1409085157262716
spatial_thin_250_cap60,000000000000000000a1,built_loss,test_site,60,24,59.82705985321331,23.21071242180513,23.21071242180513,0.3591549675974373,0.33040656897754395,0.4293272318442092,0.09892066286666523
spatial_thin_250_cap60,000000000000000000b8,built_loss,test_site,60,29,59.67396149156619,27.16020662602247,27.16020662602247,0.48671977165058233,0.39989056492658276,0.6414166149741309,0.24152605004754818
spatial_thin_250_cap60,000000000000000000c0,built_loss,test_site,60,60,59.170314103162646,59.12895002160321,59.12895002160321,0.6092753926275931,0.578212803662867,0.687068482595606,0.10885567893273906
spatial_thin_250_cap60,000000000000000000e2,built_loss,test_site,60,46,59.61653671105982,44.946106684175135,44.946106684175135,0.3824054515075773,0.3233338743007823,0.4602584542665094,0.1369245799657271
spatial_thin_250_cap60,000000000000000000f0,built_loss,test_site,60,60,59.7544457599058,58.56013955634043,58.56013955634043,0.6399003127793416,0.5637333642521096,0.698521057754127,0.13478769350201736
spatial_thin_250_cap60,000000000000000000f8,built_loss,test_site,60,60,59.73960091826058,59.30033488826658,59.30033488826658,0.5679112983387027,0.49820487090398446,0.6133979183283407,0.11519304742435621
spatial_thin_250_cap60,0000000000000000011c,built_loss,test_site,60,31,59.65779308706641,30.302004498156656,30.302004498156656,0.5680689029534259,0.4944570872019455,0.6455413885827398,0.15108430138079432
spatial_thin_250_cap60,00000000000000000161,built_loss,test_site,60,60,59.60132638310953,58.79277803110217,58.79277803110217,0.6637965329687063,0.6172507080655621,0.7107120328729405,0.09346132480737834
spatial_thin_250_cap60,0000000000000000016a,built_loss,test_site,60,22,59.524860936204874,21.490119621934035,21.490119621934035,0.25756298972921016,0.1920911414737528,0.3130534892875386,0.12096234781378581
spatial_thin_250_cap60,00000000000000000176,built_loss,test_site,60,60,59.385167155443405,58.96532209542658,58.96532209542658,0.66225262230701,0.5827958288012522,0.6960580671202818,0.1132622383190296
spatial_thin_250_cap60,000000000000000001a8,built_loss,test_site,60,60,59.57972051407195,59.239847291816076,59.239847291816076,0.5421802681964634,0.4924607911139062,0.5983745067683619,0.10591371565445568
spatial_thin_250_cap60,000000000000000001cd,built_loss,test_site,60,60,59.30058852800467,59.71609058320837,59.30058852800467,0.7331365718447962,0.6912968693976128,0.7862538736108642,0.09495700421325137
spatial_thin_250_cap60,000000000000000001e5,built_loss,test_site,60,50,58.514476245555365,48.35919617407287,48.35919617407287,0.558681312354006,0.5080407426147617,0.6139287580082411,0.10588801539347936
spatial_thin_250_cap60,00000000000000000209,built_loss,test_site,60,60,59.65023285583898,59.21893824191693,59.21893824191693,0.642205662456896,0.5429667186040639,0.6878244946962973,0.14485777609223338
spatial_thin_250_cap60,00000000000000000231,built_loss,test_site,60,60,59.56740670858843,59.3513190232853,59.3513190232853,0.5483844329131313,0.4890085502887751,0.5908354428592782,0.10182689257050315
spatial_thin_250_cap60,0000000000000000026d,built_loss,test_site,60,60,59.63505099335403,57.81664420526244,57.81664420526244,0.5750711671103025,0.5258631670382874,0.608087148222426,0.08222398118413865
spatial_thin_250_cap60,00000000000000000278,built_loss,test_site,60,60,59.28421831450688,59.23467649227706,59.23467649227706,0.7466629082851199,0.708348399393185,0.798523618336983,0.0901752189437981
spatial_thin_250_cap60,00000000000000000293,built_loss,test_site,60,60,59.314834581255695,59.1377472182178,59.1377472182178,0.4494932961442074,0.40578978849256414,0.5087182975895896,0.1029285090970255
spatial_thin_250_cap60,00000000000000000316,built_loss,test_site,60,4,59.172947935158405,3.774944571264395,3.774944571264395,0.11670854879863328,0.026250836376845655,0.33319861066611545,0.3069477742892698
spatial_thin_250_cap60,00000000000000000356,built_loss,test_site,60,60,59.0739015153456,59.22958575516895,59.0739015153456,0.5229186700744027,0.42158402082412594,0.6214242572951457,0.19984023647101978
spatial_thin_250_cap60,00000000000000000362,built_loss,test_site,60,60,59.32585006293475,59.135233051494986,59.135233051494986,0.5873692497282862,0.5521190041794043,0.631106054152309,0.07898704997290473
spatial_thin_250_cap60,00000000000000000363,built_loss,test_site,60,53,59.44332966436459,51.63189225947032,51.63189225947032,0.26192662463189453,0.2307106908253375,0.3030366414256411,0.07232595060030358
spatial_thin_250_cap60,00000000000000000364,built_loss,test_site,60,60,59.58454725904828,59.60421417805084,59.58454725904828,0.6218823726225967,0.5662065374998713,0.6920859807245772,0.1258794432247059
spatial_thin_250_cap60,00000000000000000380,built_loss,test_site,60,60,59.258444443871994,58.932207121988,58.932207121988,0.4886767852005599,0.45323782933312173,0.545694418447346,0.09245658911422427
spatial_thin_250_cap60,00000000000000000384,built_loss,test_site,60,46,59.33417348647139,44.12269451837794,44.12269451837794,0.5853409840116442,0.5221390537845334,0.6310497231710791,0.1089106693865457
spatial_thin_250_cap60,0000000000000000039e,built_loss,test_site,60,36,59.50108514885543,34.96994717887695,34.96994717887695,0.4828206028128998,0.43897834522707646,0.5317788624525426,0.09280051722546612
spatial_thin_250_cap60,000000000000000003a1,built_loss,test_site,60,49,59.46312887346941,47.0108064020425,47.0108064020425,0.6456669197383711,0.5902646097227271,0.6782345386542653,0.08796992893153821
spatial_thin_250_cap60,000000000000000003a5,built_loss,test_site,60,52,59.69366350177002,50.54075988303759,50.54075988303759,0.42070831907277073,0.3609831580293975,0.49206201568234137,0.13107885765294386
spatial_thin_250_cap60,000000000000000003b7,built_loss,test_site,60,44,59.682226269930524,43.34355741013837,43.34355741013837,0.49350489442634904,0.45665289430420336,0.5083426125594285,0.051689718255225114
spatial_thin_250_cap60,000000000000000003bf,built_loss,test_site,60,60,59.599525113507596,59.44418522549865,59.44418522549865,0.5470661133842251,0.49567556224786596,0.5846879424779218,0.08901238023005581
spatial_thin_250_cap60,000000000000000003d2,built_loss,test_site,60,60,59.17609474949079,58.92230391113725,58.92230391113725,0.5865251364314931,0.500797437209348,0.6534878914113975,0.15269045420204952
spatial_thin_250_cap60,000000000000000003f8,built_loss,test_site,60,19,59.517523294577146,18.353998416444355,18.353998416444355,0.2541812444459944,0.19215879244744571,0.28989640918742454,0.09773761673997883
spatial_thin_250_cap60,000000000000000003fa,built_loss,test_site,60,60,59.314059734542965,59.410405990865044,59.314059734542965,0.4080863053660397,0.37705624330446896,0.4603458015228518,0.08328955821838285
spatial_thin_250_cap60,00000000000000000407,built_loss,test_site,60,60,59.14374800659129,59.25669662600787,59.14374800659129,0.5595593054224779,0.5030828035968697,0.6242454373044977,0.12116263370762792
spatial_thin_250_cap60,0000000000000000040f,built_loss,test_site,60,60,59.06357969374727,58.29927027333715,58.29927027333715,0.5108181942255479,0.4973330338155188,0.5335982189175983,0.03626518510207949
spatial_thin_250_cap60,00000000000000000426,built_loss,test_site,60,60,58.54385780129832,58.84440036030472,58.54385780129832,0.5632392740175484,0.5291070025167632,0.6140237178233456,0.0849167153065824
spatial_thin_250_cap60,0000000000000000042b,built_loss,test_site,60,60,59.65567174717137,58.946324630216196,58.946324630216196,0.5588821319149455,0.5091746847726055,0.6118812669083955,0.10270658213578998
spatial_thin_250_cap60,00000000000000000442,built_loss,test_site,60,10,59.50044849498786,9.809329124599511,9.809329124599511,0.3082213727273885,0.22773328240160465,0.5122286594096797,0.28449537700807503
spatial_thin_250_cap60,00000000000000000465,built_loss,test_site,60,60,59.134697486368296,58.95262156188189,58.95262156188189,0.6496948202317719,0.6012416805384841,0.672643952042561,0.07140227150407685
spatial_thin_250_cap60,0000000000000000047e,built_loss,test_site,60,57,59.69716611952677,55.58954207628425,55.58954207628425,0.5072008864000767,0.4696548013313906,0.543874991966242,0.07422019063485141
spatial_thin_250_cap60,00000000000000000490,built_loss,test_site,60,60,59.533446082425186,59.197841865799774,59.197841865799774,0.6699227168226257,0.6238659796631758,0.7243911307945354,0.10052515113135962
spatial_thin_250_cap60,000000000000000004c0,built_loss,test_site,60,60,59.583224351958364,59.15915007440219,59.15915007440219,0.6308018446008326,0.5822383552048539,0.6699508756750477,0.08771252047019384
spatial_thin_250_cap60,000000000000000004c5,built_loss,test_site,60,36,59.03715793469468,34.01355645198656,34.01355645198656,0.563792261116159,0.4937486949214624,0.6062496446541408,0.11250094973267838
spatial_thin_250_cap60,000000000000000004d9,built_loss,test_site,60,60,59.04126132181678,59.40741854248649,59.04126132181678,0.5548063555263191,0.523362154763752,0.5854690954446972,0.06210694068094513
spatial_thin_250_cap60,000000000000000004eb,built_loss,test_site,60,60,59.2707852894991,59.25733059352059,59.25733059352059,0.450373218270321,0.41825090862677405,0.4844314861083421,0.06618057748156803
spatial_thin_250_cap60,000000000000000004f7,built_loss,test_site,60,27,59.251141854992596,26.27709938143245,26.27709938143245,0.4574074563380281,0.4137128540873489,0.4953917385618787,0.08167888447452976
spatial_thin_250_cap60,000000000000000004fe,built_loss,test_site,60,43,59.38944217896932,41.781873272981734,41.781873272981734,0.4873284323848588,0.44861006165073475,0.5141893807044905,0.06557931905375575
spatial_thin_250_cap60,0000000000000000051d,built_loss,test_site,60,55,59.592444962484834,54.112970572636684,54.112970572636684,0.46180293002595635,0.34470887288226876,0.576394463636843,0.23168559075457423
spatial_thin_250_cap60,00000000000000000559,built_loss,test_site,60,60,59.132119116902025,59.16318046638652,59.132119116902025,0.6829492409197365,0.6217301196675022,0.7499075980894917,0.12817747842198945
spatial_thin_250_cap60,00000000000000000576,built_loss,test_site,60,27,59.46891183952548,25.642909268685408,25.642909268685408,0.24310812925942565,0.2032124749666198,0.3100736886778571,0.10686121371123733
spatial_thin_250_cap60,00000000000000000577,built_loss,test_site,60,25,59.61150995400565,24.392434714998696,24.392434714998696,0.4290213938133984,0.2827503015000289,0.5785082838464384,0.2957579823464095
spatial_thin_250_cap60,0000000000000000057f,built_loss,test_site,60,8,59.350807182174144,7.591048541470202,7.591048541470202,0.3722887320832174,0.27261954484016643,0.5397675311605196,0.26714798632035314
spatial_thin_250_cap60,00000000000000000594,built_loss,test_site,60,54,59.63899629780467,53.09623277772563,53.09623277772563,0.5157383252768051,0.38288416538247144,0.6891628003017527,0.30627863491928126
spatial_thin_250_cap60,000000000000000005ad,built_loss,test_site,60,60,59.69448128657443,58.60290250648404,58.60290250648404,0.6560807334602599,0.5938230459974714,0.6955286904980166,0.1017056445005452
spatial_thin_250_cap60,000000000000000005bf,built_loss,test_site,60,60,59.39142539157706,58.9651433826717,58.9651433826717,0.40204061637900756,0.3653016882034996,0.43428231566983777,0.06898062746633815
spatial_thin_250_cap60,000000000000000005cc,built_loss,test_site,60,35,59.11439488696277,34.19224685679257,34.19224685679257,0.353439975355919,0.2736084310351263,0.37946284206686864,0.10585441103174237
spatial_thin_250_cap60,000000000000000005de,built_loss,test_site,60,60,59.06522649133984,59.215089168554634,59.06522649133984,0.4395211864995244,0.4209691455047977,0.4545774085038546,0.03360826299905689
spatial_thin_250_cap60,000000000000000005e7,built_loss,test_site,60,60,59.2696463838619,59.410241005917605,59.2696463838619,0.6450241841861526,0.5229819149571435,0.6921999289954658,0.16921801403832226
spatial_thin_250_cap60,000000000000000005f9,built_loss,test_site,60,43,59.51398078703498,41.61051924709967,41.61051924709967,0.6065519540155054,0.5394882118841956,0.6981657270829477,0.15867751519875206
spatial_thin_250_cap60,0000000000000000061c,built_loss,test_site,60,53,59.4403385209475,51.298153700362796,51.298153700362796,0.41739114616988765,0.3762440905610043,0.4550208228238203,0.07877673226281601
spatial_thin_250_cap60,00000000000000000624,built_loss,test_site,60,15,59.324521646926534,14.308132496316514,14.308132496316514,0.44736337172696056,0.27157348948099674,0.553821379909784,0.28224789042878723
spatial_thin_250_cap60,00000000000000000626,built_loss,test_site,60,60,59.062903950350695,58.43918602428794,58.43918602428794,0.489637083044585,0.4647286815560413,0.5128843263062656,0.04815564475022427
spatial_thin_250_cap60,0000000000000000062a,built_loss,test_site,60,60,59.52080255571881,59.38507066050107,59.38507066050107,0.5987140126678525,0.5566405217073341,0.6587025450857051,0.102062023378371
spatial_thin_250_cap60,00000000000000000636,built_loss,test_site,60,60,59.725579184556636,58.159687279119744,58.159687279119744,0.508641654878456,0.4031963608919062,0.5673351797395764,0.16413881884767018
spatial_thin_250_cap60,0000000000000000064a,built_loss,test_site,60,10,59.600224738590214,9.533040007558606,9.533040007558606,0.3077829427839711,0.2439790450365717,0.35220490014335926,0.10822585510678756
spatial_thin_250_cap60,0000000000000000064d,built_loss,test_site,60,50,59.58093369056514,48.04217527030999,48.04217527030999,0.39687334546845915,0.37245463277494595,0.4311041914407006,0.058649558665754664
spatial_thin_250_cap60,00000000000000000694,built_loss,test_site,60,60,59.63879386361293,57.97642383426633,57.97642383426633,0.37412837368947954,0.3510804548411198,0.4001328015945304,0.04905234675341058
spatial_thin_250_cap60,0000000000000000069d,built_loss,test_site,60,60,59.553860916002186,58.718203285969246,58.718203285969246,0.628997898475073,0.576005610525901,0.6718663120735313,0.09586070154763027
spatial_thin_250_cap60,000000000000000006b7,built_loss,test_site,60,60,59.776654348046144,58.44026874896988,58.44026874896988,0.4608714403181166,0.4266986871190221,0.4790429000274259,0.0523442129084038
spatial_thin_250_cap60,000000000000000006df,built_loss,test_site,60,45,59.3981237144832,43.4418973736951,43.4418973736951,0.26763561463065605,0.2054818117353816,0.32858587269014505,0.12310406095476345
spatial_thin_250_cap60,000000000000000006e3,built_loss,test_site,60,60,59.14010718573857,58.574715359589945,58.574715359589945,0.38953294877641875,0.33887537213097146,0.4455978645421191,0.10672249241114762
spatial_thin_250_cap60,00000000000000000011,crop_loss,test_site,60,60,59.42886114752664,59.24561477071272,59.24561477071272,0.5789895262090797,0.4698648043594561,0.8489552058580173,0.3790904014985612
spatial_thin_250_cap60,0000000000000000002b,crop_loss,test_site,60,60,59.56843088227962,59.18056188163863,59.18056188163863,0.18833633100796557,0.10611337052965268,0.2915901827912908,0.1854768122616381
spatial_thin_250_cap60,0000000000000000002d,crop_loss,test_site,60,60,59.17948870472162,59.492660245753314,59.17948870472162,0.47356242765903017,0.4449037804019298,0.515380072892393,0.07047629249046317
spatial_thin_250_cap60,0000000000000000003a,crop_loss,test_site,60,60,59.573668223489726,59.626586878705226,59.573668223489726,0.2684121243682243,0.2318390666842629,0.32713823155832517,0.09529916487406226
spatial_thin_250_cap60,0000000000000000009b,crop_loss,test_site,60,53,58.599913452466346,51.52383768256254,51.52383768256254,0.48278492816930424,0.47135242231204316,0.4949136345847908,0.023561212272747656
spatial_thin_250_cap60,0000000000000000009d,crop_loss,test_site,60,22,59.44280460204288,21.55342044126342,21.55342044126342,0.3754191851660043,0.29621863427195294,0.45663920203069286,0.16042056775873992
spatial_thin_250_cap60,000000000000000000a8,crop_loss,test_site,60,60,59.02739433190111,58.22924766771561,58.22924766771561,0.21283062410230358,0.18547978997042092,0.22924624754014405,0.04376645756972314
spatial_thin_250_cap60,000000000000000000da,crop_loss,test_site,60,60,58.68283127598737,59.73492083460528,58.68283127598737,0.7551800976326121,0.7200911173078588,0.7768125310843665,0.056721413776507745
spatial_thin_250_cap60,000000000000000000e3,crop_loss,test_site,60,60,59.41377854615819,59.557627286970046,59.41377854615819,0.469493323110615,0.4047904698477571,0.5471954513481154,0.14240498150035835
spatial_thin_250_cap60,000000000000000000e9,crop_loss,test_site,60,20,59.35570113980759,19.429616464046326,19.429616464046326,0.3828414935051193,0.29617117657353975,0.4503396858890599,0.15416850931552017
spatial_thin_250_cap60,0000000000000000011b,crop_loss,test_site,60,60,59.40088397253498,59.26293696020215,59.26293696020215,0.4685836275898671,0.42790799828932474,0.4948169102236266,0.06690891193430187
spatial_thin_250_cap60,00000000000000000128,crop_loss,test_site,60,60,58.65283566596934,59.48103829382759,58.65283566596934,0.5464776207368149,0.524673997659464,0.5655561079611677,0.040882110301703745
spatial_thin_250_cap60,00000000000000000192,crop_loss,test_site,60,60,59.32508766429077,59.31254078853309,59.31254078853309,0.5578359285794281,0.521844561516948,0.5867418968059676,0.06489733528901953
spatial_thin_250_cap60,00000000000000000196,crop_loss,test_site,60,52,59.473888912529404,51.223698495060404,51.223698495060404,0.23654504582494482,0.22057124263203556,0.26426752602409426,0.043696283392058693
spatial_thin_250_cap60,000000000000000001a6,crop_loss,test_site,60,60,59.67560836237296,58.550286701807785,58.550286701807785,0.2918393533684936,0.23141337459814595,0.34803461652240414,0.11662124192425818
spatial_thin_250_cap60,000000000000000001e4,crop_loss,test_site,60,60,58.77589324527414,59.34065733619049,58.77589324527414,0.5113225543733808,0.46151518642610695,0.5439621695226,0.08244698309649307
spatial_thin_250_cap60,000000000000000001f9,crop_loss,test_site,60,60,58.944702006482615,59.23668387893891,58.944702006482615,0.42832865289426886,0.35911342175756833,0.5963246853438428,0.23721126358627442
spatial_thin_250_cap60,00000000000000000228,crop_loss,test_site,60,60,59.5428763251135,58.54438475223241,58.54438475223241,0.46608760276234923,0.2569846912475782,0.5424560229961839,0.2854713317486057
spatial_thin_250_cap60,0000000000000000028c,crop_loss,test_site,60,19,59.43063712592933,18.95690747915014,18.95690747915014,0.4865004389633736,0.35228752224869575,0.5807870568622856,0.22849953461358985
spatial_thin_250_cap60,0000000000000000028d,crop_loss,test_site,60,60,59.477577168563805,59.04749098603991,59.04749098603991,0.6431905897230258,0.6009823381302312,0.7154616291914232,0.11447929106119203
spatial_thin_250_cap60,00000000000000000291,crop_loss,test_site,60,42,59.26013137883605,40.549312516113474,40.549312516113474,0.8572550586993677,0.8022459373531463,0.8834334122933366,0.0811874749401903
spatial_thin_250_cap60,000000000000000002c5,crop_loss,test_site,60,60,59.555207811813254,58.84610261654769,58.84610261654769,0.34342053694071945,0.26139489940328925,0.38686634848406404,0.1254714490807748
spatial_thin_250_cap60,000000000000000002dc,crop_loss,test_site,60,60,59.70906353075797,59.446274989328906,59.446274989328906,0.6584792505695954,0.5975755471281806,0.6910582832351747,0.09348273610699409
spatial_thin_250_cap60,000000000000000002e4,crop_loss,test_site,60,60,59.241038313559805,59.05437197084324,59.05437197084324,0.30832117723777486,0.2720117105336427,0.3998073739033982,0.1277956633697555
spatial_thin_250_cap60,000000000000000002ec,crop_loss,test_site,60,60,59.33920444726508,59.6894994648375,59.33920444726508,0.49342855190342405,0.45254121278909903,0.5604376571585712,0.10789644436947216
spatial_thin_250_cap60,00000000000000000314,crop_loss,test_site,60,60,59.61612804976726,58.71181430374429,58.71181430374429,0.10172130215472609,0.07019244494602105,0.1576718262429912,0.08747938129697015
spatial_thin_250_cap60,00000000000000000335,crop_loss,test_site,60,60,58.89839796898686,59.53848339612305,58.89839796898686,0.43667158713572995,0.3917653768183666,0.5125665957837781,0.12080121896541146
spatial_thin_250_cap60,0000000000000000033a,crop_loss,test_site,60,60,59.14632062378824,59.4672546460734,59.14632062378824,0.5295138700783544,0.4764331923932217,0.5817430660629347,0.105309873669713
spatial_thin_250_cap60,000000000000000003b0,crop_loss,test_site,60,60,58.8367075948607,59.88229921260656,58.8367075948607,0.19721859440971168,0.17135392354293363,0.26530179570975704,0.0939478721668234
spatial_thin_250_cap60,000000000000000003c8,crop_loss,test_site,60,60,59.554952986408836,58.76771454633624,58.76771454633624,0.2012392456005092,0.1706578161739966,0.26133344079378773,0.09067562461979112
spatial_thin_250_cap60,000000000000000003f1,crop_loss,test_site,60,60,59.38557572295311,59.584645030660326,59.38557572295311,0.4445239983890191,0.3942441689131473,0.4996013387857103,0.105357169872563
spatial_thin_250_cap60,000000000000000003f2,crop_loss,test_site,60,60,58.90638126679753,58.87629466931799,58.87629466931799,0.476130227336076,0.41799831228753137,0.5075188012343882,0.08952048894685682
spatial_thin_250_cap60,0000000000000000044b,crop_loss,test_site,60,33,59.414227670272005,31.73129717594225,31.73129717594225,0.5443538850850961,0.5044019009604495,0.5806486010043543,0.07624670004390488
spatial_thin_250_cap60,0000000000000000046c,crop_loss,test_site,60,60,59.105753906852186,59.490072407376964,59.105753906852186,0.5149899978744609,0.38931051879261125,0.6372790161737717,0.24796849738116045
spatial_thin_250_cap60,00000000000000000480,crop_loss,test_site,60,34,59.754803712574244,32.82446422090793,32.82446422090793,0.8551263930548884,0.699043757982712,0.8920998716100915,0.1930561136273795
spatial_thin_250_cap60,00000000000000000483,crop_loss,test_site,60,37,59.42536869501011,36.34431110619035,36.34431110619035,0.7113598030019496,0.6534745715982193,0.7705452264654659,0.11707065486724655
spatial_thin_250_cap60,00000000000000000485,crop_loss,test_site,60,60,59.019547612987964,59.7568364767359,59.019547612987964,0.6942669644757904,0.6570728767148143,0.713290891957679,0.05621801524286474
spatial_thin_250_cap60,00000000000000000497,crop_loss,test_site,60,60,59.56327989438181,59.02931198775433,59.02931198775433,0.25281474234981394,0.18968279328804566,0.3148065751974512,0.12512378190940554
spatial_thin_250_cap60,0000000000000000049b,crop_loss,test_site,60,60,59.506803255820714,58.851499569086435,58.851499569086435,0.3433957416373496,0.3276503099397491,0.3805284748925408,0.05287816495279174
spatial_thin_250_cap60,000000000000000004a1,crop_loss,test_site,60,60,58.95730909074335,59.560505298590364,58.95730909074335,0.35360358143619786,0.3105608770591092,0.4185611799263687,0.10800030286725953
spatial_thin_250_cap60,000000000000000004e7,crop_loss,test_site,60,55,59.390411558092,53.73579606060003,53.73579606060003,0.48134286342340216,0.46424152052751577,0.5160852749957736,0.05184375446825784
spatial_thin_250_cap60,000000000000000004e9,crop_loss,test_site,60,45,59.782652338849154,43.42806497665043,43.42806497665043,0.45957477874237157,0.32791416374465865,0.5448541126526271,0.21693994890796842
spatial_thin_250_cap60,000000000000000004ee,crop_loss,test_site,60,50,59.4576889868116,48.616050510386344,48.616050510386344,0.39769398490542585,0.26683398099839495,0.5014475992809939,0.23461361828259897
spatial_thin_250_cap60,000000000000000004f9,crop_loss,test_site,60,60,59.72473173848328,59.229687485830866,59.229687485830866,0.35332983494458603,0.2781938475485625,0.4932156137532735,0.21502176620471097
spatial_thin_250_cap60,00000000000000000517,crop_loss,test_site,60,60,59.596088856960215,58.37449106306842,58.37449106306842,0.2791131301812005,0.2059143913214392,0.3972356070860523,0.1913212157646131
spatial_thin_250_cap60,00000000000000000538,crop_loss,test_site,60,1,59.530753801079804,1.0,1.0,0.3027645886513651,0.29063906182988586,0.31966121330304026,0.0290221514731544
spatial_thin_250_cap60,0000000000000000057e,crop_loss,test_site,60,21,59.41408733579287,20.49461066259554,20.49461066259554,0.5139985178741595,0.4853852114358606,0.5536830447159018,0.06829783328004119
spatial_thin_250_cap60,000000000000000005d1,crop_loss,test_site,60,43,59.633941450049996,41.350686146752494,41.350686146752494,0.1753317733179694,0.1317768815613554,0.28327275563329496,0.15149587407193957
spatial_thin_250_cap60,00000000000000000611,crop_loss,test_site,60,60,59.406296437268985,59.38707211525778,59.38707211525778,0.6529690952553069,0.6035075196695363,0.6815279231551418,0.07802040348560546
spatial_thin_250_cap60,0000000000000000062f,crop_loss,test_site,60,60,59.097467531463344,59.55742595490372,59.097467531463344,0.5362435221363432,0.46371156519415724,0.6351036478333884,0.1713920826392311
spatial_thin_250_cap60,00000000000000000632,crop_loss,test_site,60,39,59.34863712743465,37.425195896134824,37.425195896134824,0.10414664983917522,0.08503675734286482,0.15338157579130385,0.06834481844843902
spatial_thin_250_cap60,0000000000000000063e,crop_loss,test_site,60,60,59.19492966591123,59.345344791427586,59.19492966591123,0.28074938802973287,0.2631945832441017,0.3642970456103914,0.10110246236628967
spatial_thin_250_cap60,00000000000000000655,crop_loss,test_site,60,60,59.092090762157724,58.22082306606433,58.22082306606433,0.4584407614137709,0.2991388236128037,0.5890715056526314,0.28993268203982775
spatial_thin_250_cap60,00000000000000000697,crop_loss,test_site,60,60,59.287003329995486,59.70724034752648,59.287003329995486,0.5920236257168284,0.5494597848771735,0.6435922211142644,0.09413243623709089
spatial_thin_250_cap60,00000000000000000698,crop_loss,test_site,46,60,44.642396317231515,59.34534193992322,44.642396317231515,0.44315700981994627,0.3902266046925835,0.5100486879005058,0.11982208320792231
spatial_thin_250_cap60,000000000000000006a8,crop_loss,test_site,60,60,59.42080079446555,59.41095429709153,59.41095429709153,0.28235945907777527,0.22573261453830135,0.3281555690762998,0.10242295453799843
spatial_thin_250_cap60,000000000000000006b4,crop_loss,test_site,60,60,59.26837526992365,59.32517595020324,59.26837526992365,0.5177323178175242,0.44344314453986744,0.5825991295888401,0.13915598504897264
spatial_thin_250_cap60,000000000000000006be,crop_loss,test_site,60,44,58.69942282589561,42.55267216654859,42.55267216654859,0.39706064531993257,0.3486817990006891,0.4393722737412177,0.0906904747405286
spatial_thin_250_cap60,000000000000000006c0,crop_loss,test_site,60,7,59.4702158763543,6.810386339118014,6.810386339118014,0.39938183133888144,0.18467230068842946,0.6248789321343802,0.44020663144595074
spatial_thin_250_cap60,000000000000000006ce,crop_loss,test_site,60,60,59.65905789576422,58.520315217030095,58.520315217030095,0.6027926623446379,0.5180833718747404,0.6427829387996,0.12469956692485962
spatial_thin_250_cap60,000000000000000006d9,crop_loss,test_site,60,60,59.04460190553691,59.59768960198718,59.04460190553691,0.23820543068433042,0.1981256670622918,0.3018414937549503,0.1037158266926585
spatial_thin_250_cap60,000000000000000006e5,crop_loss,test_site,60,60,59.30766631036448,59.38744654906618,59.30766631036448,0.550749532855469,0.4864972682614455,0.6153728639157645,0.128875595654319
spatial_thin_250_cap60,00000000000000000151,built_loss,test_site,60,41,59.546779723457824,39.86441624986341,39.86441624986341,0.2665309080316949,0.24476064266523487,0.303747505670432,0.05898686300519715
spatial_thin_250_cap60,000000000000000001be,built_loss,test_site,60,13,59.067735797516775,12.96804129282031,12.96804129282031,0.4040988670550642,0.34812147640482827,0.5590697602246106,0.21094828381978237
spatial_thin_250_cap60,0000000000000000034d,built_loss,test_site,60,20,59.518944772599035,19.55003823021043,19.55003823021043,0.403708980533193,0.35160468043719106,0.47085974533728847,0.11925506490009741
spatial_thin_250_cap60,000000000000000003c7,crop_loss,test_site,60,60,59.616196600518435,59.39505892806421,59.39505892806421,0.7128027503257571,0.6670154540590563,0.7744054463140339,0.10738999225497758
spatial_thin_250_cap60,0000000000000000004a,built_loss,test_site,60,28,59.410524399733326,26.56705780659851,26.56705780659851,0.44487168326061355,0.4181967831007674,0.4701032676624074,0.05190648456163999
spatial_thin_250_cap60,00000000000000000206,built_loss,test_site,60,60,59.41439293524897,59.27028156853969,59.27028156853969,0.685497335911638,0.6076147588273202,0.7453967226683947,0.13778196384107455
spatial_thin_250_cap60,000000000000000002a4,built_loss,test_site,60,29,59.54244394859429,27.913913775273162,27.913913775273162,0.37004899136787567,0.31781373624937664,0.4276761126300301,0.10986237638065344
spatial_thin_250_cap60,000000000000000004f5,built_loss,test_site,60,22,59.48204598807235,20.799334012017038,20.799334012017038,0.45854066296239404,0.40264053720143583,0.5183847123051171,0.11574417510368123
spatial_thin_250_cap60,000000000000000002cc,crop_loss,test_site,60,51,59.468702884143404,49.12739509368884,49.12739509368884,0.3898909378031885,0.2844664544210489,0.5294268887804093,0.24496043435936043
spatial_thin_250_cap60,000000000000000006cc,crop_loss,test_site,60,60,58.38174444558351,59.702229540125586,58.38174444558351,0.38492624171322876,0.33826966933845404,0.4250077388518499,0.08673806951339585
spatial_thin_250_cap60,0000000000000000016c,crop_loss,test_site,60,60,59.47014007286126,59.30711676691739,59.30711676691739,0.4489910554832304,0.41023984808780845,0.5043176056526983,0.0940777575648899
spatial_thin_300_cap60,00000000000000000085,built_loss,test_site,60,36,59.8819429670247,35.73010038552875,35.73010038552875,0.3781070384819647,0.3053693395467327,0.4250760303359529,0.11970669078922025
spatial_thin_300_cap60,00000000000000000114,built_loss,test_site,60,58,59.58848210345201,57.63836637716454,57.63836637716454,0.6683525340994781,0.5792704005778881,0.7220516058751469,0.1427812052972588
spatial_thin_300_cap60,0000000000000000024c,built_loss,test_site,60,54,59.84652314588452,53.50261361940549,53.50261361940549,0.6809254848725093,0.6433775604449771,0.7417686400438225,0.09839107959884541
spatial_thin_300_cap60,00000000000000000375,built_loss,test_site,60,60,59.604097160644564,59.812495874069455,59.604097160644564,0.6454149532125418,0.6000818815276556,0.6775686190693342,0.07748673754167856
spatial_thin_300_cap60,000000000000000004d2,built_loss,test_site,60,55,59.77592441851809,54.66857423057983,54.66857423057983,0.6101538254573983,0.5524440354358225,0.6571630420464433,0.10471900661062072
spatial_thin_300_cap60,000000000000000005bd,built_loss,test_site,60,7,59.82840353563078,6.918785723401075,6.918785723401075,0.5745422957842674,0.4402812509735158,0.6996675901786262,0.25938633920511045
spatial_thin_300_cap60,00000000000000000281,crop_loss,test_site,60,60,59.75268199475016,59.74552402336452,59.74552402336452,0.5312306843333026,0.4986238314664193,0.5533466160831925,0.05472278461677316
spatial_thin_300_cap60,000000000000000003a2,crop_loss,test_site,58,60,57.66233567461451,59.779888802754435,57.66233567461451,0.32689005648544617,0.26318484294253935,0.38597479168575444,0.12278994874321508
spatial_thin_300_cap60,00000000000000000001,built_loss,test_site,60,52,59.838552610119905,51.867064579919756,51.867064579919756,0.48029380503171404,0.43815403053860497,0.5320147810656298,0.09386075052702486
spatial_thin_300_cap60,00000000000000000049,built_loss,test_site,60,15,59.85235577406866,14.990976947246049,14.990976947246049,0.4138117829535335,0.37256688997873677,0.5018070101200162,0.1292401201412794
spatial_thin_300_cap60,0000000000000000004f,built_loss,test_site,60,60,59.82669563366695,59.77657244161912,59.77657244161912,0.42189561763814537,0.3242830221360588,0.5095329491518731,0.18524992701581428
spatial_thin_300_cap60,0000000000000000005a,built_loss,test_site,60,59,59.73883506655166,58.72810380362532,58.72810380362532,0.4365509017073273,0.4101978452512772,0.46232383853848685,0.05212599328720963
spatial_thin_300_cap60,00000000000000000079,built_loss,test_site,60,60,59.83090451571161,59.886152146018546,59.83090451571161,0.641044154287467,0.5788000750166419,0.6894451525534918,0.11064507753684993
spatial_thin_300_cap60,00000000000000000087,built_loss,test_site,60,60,59.77171184836032,59.71379019188924,59.71379019188924,0.56477952434911,0.4924174790077287,0.6564864994048386,0.1640690203971099
spatial_thin_300_cap60,000000000000000000a1,built_loss,test_site,60,20,59.8375194316539,19.882858305692416,19.882858305692416,0.36005990464415266,0.32680138996489744,0.4439471200106505,0.11714573004575307
spatial_thin_300_cap60,000000000000000000b8,built_loss,test_site,60,22,59.93854558851403,21.724026966039943,21.724026966039943,0.4682892431624711,0.3076530892727392,0.623459158610507,0.31580606933776784
spatial_thin_300_cap60,000000000000000000c0,built_loss,test_site,60,60,59.56129846243325,59.722218959695475,59.56129846243325,0.6379472302126579,0.5817550156307372,0.6828584399269516,0.10110342429621444
spatial_thin_300_cap60,000000000000000000e2,built_loss,test_site,60,38,59.891305216037885,37.81635759039918,37.81635759039918,0.3468987923329731,0.3149209081047271,0.41889548137640503,0.10397457327167792
spatial_thin_300_cap60,000000000000000000f0,built_loss,test_site,60,60,59.916399603213634,59.53795852793891,59.53795852793891,0.642350489812553,0.5836757357970223,0.758933935126629,0.17525819932960673
spatial_thin_300_cap60,000000000000000000f8,built_loss,test_site,60,60,59.906619739821366,59.735384242580935,59.735384242580935,0.5759707952530175,0.5047109920499591,0.629110217223205,0.12439922517324598
spatial_thin_300_cap60,0000000000000000011c,built_loss,test_site,60,27,59.82928799941249,26.837040282904454,26.837040282904454,0.5688196634787647,0.4828530537321133,0.6668122445173825,0.18395919078526923
spatial_thin_300_cap60,00000000000000000161,built_loss,test_site,60,60,59.83895226463527,59.78563861576856,59.78563861576856,0.6589044817514746,0.6084581869273613,0.6946770624280764,0.08621887550071505
spatial_thin_300_cap60,0000000000000000016a,built_loss,test_site,60,19,59.834487632794215,18.842108471222073,18.842108471222073,0.28926844969377313,0.21551678726994875,0.3311371805681415,0.11562039329819276
spatial_thin_300_cap60,00000000000000000176,built_loss,test_site,60,58,59.82815221972761,57.72557064526507,57.72557064526507,0.6227535657044178,0.5578397645144643,0.6692180059089584,0.11137824139449415
spatial_thin_300_cap60,000000000000000001a8,built_loss,test_site,60,60,59.774616541572655,59.757152848255664,59.757152848255664,0.5634914504703217,0.47998566697566253,0.6267972480634024,0.1468115810877399
spatial_thin_300_cap60,000000000000000001cd,built_loss,test_site,60,60,59.75481737213247,59.81335019578826,59.75481737213247,0.7492139287918053,0.663743420510882,0.7956620221590751,0.13191860164819313
spatial_thin_300_cap60,000000000000000001e5,built_loss,test_site,60,40,59.68419445830728,39.70456887037888,39.70456887037888,0.5606295833367986,0.509243964275503,0.6046922398562028,0.09544827558069979
spatial_thin_300_cap60,00000000000000000209,built_loss,test_site,60,60,59.83993292041682,59.84930183567975,59.83993292041682,0.5794915073037396,0.5425239529135567,0.6520694068652094,0.10954545395165272
spatial_thin_300_cap60,00000000000000000231,built_loss,test_site,60,60,59.89028437317448,59.85625587725971,59.85625587725971,0.5441467802963029,0.4952559888247866,0.5923520284830659,0.09709603965827929
spatial_thin_300_cap60,0000000000000000026d,built_loss,test_site,60,60,59.808930597124,59.47228060148025,59.47228060148025,0.6143900219427553,0.5489302627010614,0.6627081632702567,0.11377790056919534
spatial_thin_300_cap60,00000000000000000278,built_loss,test_site,60,60,59.77394628159269,59.741890665251084,59.741890665251084,0.7566518950259512,0.703207032297238,0.7919037460125878,0.08869671371534982
spatial_thin_300_cap60,00000000000000000293,built_loss,test_site,60,60,59.66184665867617,59.76748888365789,59.66184665867617,0.45445684481469634,0.4096376700638152,0.5053605792757905,0.0957229092119753
spatial_thin_300_cap60,00000000000000000316,built_loss,test_site,60,3,59.79015673742783,2.951984437546219,2.951984437546219,0.111777336428017,0.02486102343187627,0.42070915923065894,0.39584813579878264
spatial_thin_300_cap60,00000000000000000356,built_loss,test_site,60,60,59.5659943119272,59.773431133071185,59.5659943119272,0.5485768493591267,0.4541952456325293,0.6399795242249737,0.18578427859244445
spatial_thin_300_cap60,00000000000000000362,built_loss,test_site,60,60,59.883603919798915,59.56053491075613,59.56053491075613,0.5685419516347482,0.5194958370427354,0.6286812195389196,0.10918538249618426
spatial_thin_300_cap60,00000000000000000363,built_loss,test_site,60,48,59.86169415307674,47.58763508761603,47.58763508761603,0.2830601967096423,0.22766533619223547,0.321287685543602,0.09362234935136651
spatial_thin_300_cap60,00000000000000000364,built_loss,test_site,60,60,59.74642912142182,59.823236811551396,59.74642912142182,0.5923684483949275,0.5456942978314303,0.6587652229831374,0.11307092515170714
spatial_thin_300_cap60,00000000000000000380,built_loss,test_site,60,60,59.895794545918314,59.85012671585791,59.85012671585791,0.478598623585718,0.43902523555062034,0.5248069340519235,0.08578169850130313
spatial_thin_300_cap60,00000000000000000384,built_loss,test_site,60,38,59.892487657987346,37.44898203953708,37.44898203953708,0.5794268583560993,0.538825995602605,0.6302577699955544,0.09143177439294936
spatial_thin_300_cap60,0000000000000000039e,built_loss,test_site,60,29,59.81083618383894,28.786653807641056,28.786653807641056,0.4726552936698196,0.4232353423665333,0.5336956535878072,0.11046031122127392
spatial_thin_300_cap60,000000000000000003a1,built_loss,test_site,60,39,59.859563140155124,38.65650050573004,38.65650050573004,0.5978150699811505,0.5362355223943637,0.6574366805160006,0.1212011581216369
spatial_thin_300_cap60,000000000000000003a5,built_loss,test_site,60,45,59.958461825837,44.546611751512046,44.546611751512046,0.3791752236958881,0.34237088350782374,0.4499449371969849,0.10757405368916118
spatial_thin_300_cap60,000000000000000003b7,built_loss,test_site,60,41,59.89530558768974,40.79959012237916,40.79959012237916,0.4844264889562048,0.45082382941743465,0.508112673618533,0.05728884420109831
spatial_thin_300_cap60,000000000000000003bf,built_loss,test_site,60,60,59.82032340185211,59.744715651440956,59.744715651440956,0.5447532992813413,0.507228902427417,0.5758411483960386,0.06861224596862159
spatial_thin_300_cap60,000000000000000003d2,built_loss,test_site,60,60,59.79193382191009,59.830098528324214,59.79193382191009,0.5910793061135596,0.5231253714576619,0.6585303593443037,0.1354049878866418
spatial_thin_300_cap60,000000000000000003f8,built_loss,test_site,60,18,59.89225321613784,17.843173075123794,17.843173075123794,0.22849400716270163,0.17145177899175373,0.27466341775964864,0.10321163876789491
spatial_thin_300_cap60,000000000000000003fa,built_loss,test_site,60,60,59.83686484386904,59.87050487328164,59.83686484386904,0.3911549587156922,0.35963597660847524,0.4465831956330944,0.08694721902461916
spatial_thin_300_cap60,00000000000000000407,built_loss,test_site,60,60,59.83204557461981,59.85794147110889,59.83204557461981,0.5893997431871191,0.5283473774277112,0.6489902630553771,0.1206428856276659
spatial_thin_300_cap60,0000000000000000040f,built_loss,test_site,60,54,59.73695290478739,53.38896412124553,53.38896412124553,0.5177653574857692,0.5048246913940548,0.5352968832552094,0.030472191861154574
spatial_thin_300_cap60,00000000000000000426,built_loss,test_site,60,60,59.62715312667832,59.645965574225734,59.62715312667832,0.581955835333086,0.5371737704566675,0.6262455686616376,0.08907179820497013
spatial_thin_300_cap60,0000000000000000042b,built_loss,test_site,60,60,59.864889164880914,59.64248839266037,59.64248839266037,0.583162307722307,0.5423795106989157,0.6412771707145426,0.09889766001562694
spatial_thin_300_cap60,00000000000000000442,built_loss,test_site,60,10,59.819123626640895,9.84120988190725,9.84120988190725,0.2680938774521662,0.18378236379552132,0.4465715648639563,0.262789201068435
spatial_thin_300_cap60,00000000000000000465,built_loss,test_site,60,60,59.74177642199488,59.8344829202152,59.74177642199488,0.6179380398332609,0.5742254277400558,0.64751407916223,0.07328865142217422
spatial_thin_300_cap60,0000000000000000047e,built_loss,test_site,60,50,59.893673697003074,49.70514189174897,49.70514189174897,0.50855387707525,0.4592676655996174,0.543091826841146,0.08382416124152858
spatial_thin_300_cap60,00000000000000000490,built_loss,test_site,60,60,59.67735559152148,59.73719750576326,59.67735559152148,0.6355150268811015,0.5898723718647884,0.6862382271162037,0.09636585525141539
spatial_thin_300_cap60,000000000000000004c0,built_loss,test_site,60,60,59.86096378320468,59.76331859847971,59.76331859847971,0.6384386453318761,0.5968332422728269,0.675598060022031,0.07876481774920419
spatial_thin_300_cap60,000000000000000004c5,built_loss,test_site,60,27,59.74525788013186,26.666869091946552,26.666869091946552,0.5314439860437489,0.4909458352143212,0.5953454513426744,0.10439961612835313
spatial_thin_300_cap60,000000000000000004d9,built_loss,test_site,60,60,59.755856486162145,59.74446746405151,59.74446746405151,0.5306660743448361,0.4988924172420687,0.5541760840724771,0.05528366683040842
spatial_thin_300_cap60,000000000000000004eb,built_loss,test_site,60,60,59.79379263211918,59.828606295035996,59.79379263211918,0.4428828269570934,0.4076602072056754,0.48243788894730577,0.07477768174163035
spatial_thin_300_cap60,000000000000000004f7,built_loss,test_site,60,23,59.8747342598306,22.85507335101898,22.85507335101898,0.4655699618102313,0.4129012046926826,0.5066525824566406,0.09375137776395798
spatial_thin_300_cap60,000000000000000004fe,built_loss,test_site,60,35,59.85120246517926,34.742020799712265,34.742020799712265,0.4924989404778766,0.4651041402963259,0.5229557604997417,0.05785162020341578
spatial_thin_300_cap60,0000000000000000051d,built_loss,test_site,60,51,59.89858659548382,50.614024614298614,50.614024614298614,0.471270264762849,0.37339709003078875,0.6664072758851177,0.293010185854329
spatial_thin_300_cap60,00000000000000000559,built_loss,test_site,60,60,59.74733101144634,59.70012849276508,59.70012849276508,0.6419172465119185,0.5933195924127107,0.6997036234992615,0.10638403108655081
spatial_thin_300_cap60,00000000000000000576,built_loss,test_site,60,20,59.94999661912981,19.784993781821143,19.784993781821143,0.21445112572681466,0.140594982041083,0.318089076910743,0.17749409486966
spatial_thin_300_cap60,00000000000000000577,built_loss,test_site,60,20,59.859057200690835,19.798443604024843,19.798443604024843,0.42387760377690664,0.2923644172310644,0.60441863670137,0.3120542194703056
spatial_thin_300_cap60,0000000000000000057f,built_loss,test_site,60,7,59.6825972687901,6.905784310967516,6.905784310967516,0.3093214482314253,0.22098964004225044,0.3998537615863404,0.17886412154408995
spatial_thin_300_cap60,00000000000000000594,built_loss,test_site,60,49,59.834985499012646,48.75658107841282,48.75658107841282,0.5918065331690776,0.44466221005963824,0.6592100516698787,0.21454784161024043
spatial_thin_300_cap60,000000000000000005ad,built_loss,test_site,60,60,59.82802349370985,59.63180111334955,59.63180111334955,0.6380482206076408,0.5945191243273819,0.6958621795880555,0.10134305526067366
spatial_thin_300_cap60,000000000000000005bf,built_loss,test_site,60,58,59.8511040604843,57.605188986322496,57.605188986322496,0.3769154783740777,0.3496795104948778,0.4189604000339705,0.06928088953909273
spatial_thin_300_cap60,000000000000000005cc,built_loss,test_site,60,31,59.71180885222944,30.784634997553187,30.784634997553187,0.36121499332883433,0.3127817805434547,0.39011524029480016,0.07733345975134548
spatial_thin_300_cap60,000000000000000005de,built_loss,test_site,60,60,59.689663270809746,59.648795631359434,59.648795631359434,0.4157018765206658,0.3835464862503597,0.4455457473461518,0.061999261095792124
spatial_thin_300_cap60,000000000000000005e7,built_loss,test_site,60,60,59.7020952700341,59.684135165439145,59.684135165439145,0.5885937802278306,0.4797379052769805,0.6709614673856644,0.1912235621086839
spatial_thin_300_cap60,000000000000000005f9,built_loss,test_site,60,34,59.83653309392851,33.68937680797913,33.68937680797913,0.5919964996387752,0.5220712081039103,0.67692949766953,0.15485828956561976
spatial_thin_300_cap60,0000000000000000061c,built_loss,test_site,60,40,59.88415708525548,39.80683594861213,39.80683594861213,0.41688191825828375,0.36018646096772994,0.4869974120904704,0.1268109511227405
spatial_thin_300_cap60,00000000000000000624,built_loss,test_site,60,11,59.75894785419473,10.935099769492837,10.935099769492837,0.3834449065383667,0.20101977793629536,0.5530863248219499,0.35206654688565453
spatial_thin_300_cap60,00000000000000000626,built_loss,test_site,60,60,59.84721313436336,59.639985744751414,59.639985744751414,0.5109080428668172,0.47743246234517844,0.5352454339976115,0.05781297165243304
spatial_thin_300_cap60,0000000000000000062a,built_loss,test_site,60,60,59.84027394243715,59.4354858694158,59.4354858694158,0.6053009209504183,0.5279339274578062,0.6540444236992123,0.12611049624140613
spatial_thin_300_cap60,00000000000000000636,built_loss,test_site,60,52,59.76543424602164,51.57875365740125,51.57875365740125,0.5124075696129202,0.3998816629225619,0.6362185797784545,0.23633691685589264
spatial_thin_300_cap60,0000000000000000064a,built_loss,test_site,60,8,59.93575598411499,7.849649325115111,7.849649325115111,0.2559805796518904,0.15847936747056598,0.34282859198019655,0.18434922450963057
spatial_thin_300_cap60,0000000000000000064d,built_loss,test_site,60,42,59.796709706201035,41.5349587900107,41.5349587900107,0.4065953110783565,0.3695248440556494,0.447000509844332,0.07747566578868259
spatial_thin_300_cap60,00000000000000000694,built_loss,test_site,60,55,59.79004801743934,54.50671298493623,54.50671298493623,0.3709113732738339,0.34613003377331797,0.39727990939257524,0.05114987561925727
spatial_thin_300_cap60,0000000000000000069d,built_loss,test_site,60,60,59.79883216210414,59.64078271120264,59.64078271120264,0.6095015083426518,0.5597274879927395,0.6717572351531056,0.11202974716036607
spatial_thin_300_cap60,000000000000000006b7,built_loss,test_site,60,53,59.81863349702518,52.59285872113374,52.59285872113374,0.478098091393902,0.4388805175083421,0.5074319630030492,0.06855144549470704
spatial_thin_300_cap60,000000000000000006df,built_loss,test_site,60,35,59.94021895179949,34.72045572526231,34.72045572526231,0.27425418409825575,0.2065970120778643,0.3669487283380809,0.1603517162602166
spatial_thin_300_cap60,000000000000000006e3,built_loss,test_site,60,55,59.93158587257546,54.75444092379759,54.75444092379759,0.43104203719919587,0.384716714768059,0.49016670105164406,0.10544998628358504
spatial_thin_300_cap60,00000000000000000011,crop_loss,test_site,60,60,59.791467871189916,59.70070686389216,59.70070686389216,0.5515063280606447,0.42725384549220985,0.8269367281752292,0.3996828826830194
spatial_thin_300_cap60,0000000000000000002b,crop_loss,test_site,60,60,59.881901889079934,59.72381507555093,59.72381507555093,0.1683889525663699,0.09254033254191049,0.24963794692726304,0.15709761438535255
spatial_thin_300_cap60,0000000000000000002d,crop_loss,test_site,60,60,59.774675146894225,59.86567581551666,59.774675146894225,0.49740848988842246,0.4317405959494084,0.5386880635261357,0.10694746757672735
spatial_thin_300_cap60,0000000000000000003a,crop_loss,test_site,60,60,59.775762364738924,59.89421121565243,59.775762364738924,0.3229238924035505,0.26026658614752146,0.3615413098791807,0.10127472373165924
spatial_thin_300_cap60,0000000000000000009b,crop_loss,test_site,60,45,59.60950152757842,44.56420854618632,44.56420854618632,0.4892909725318756,0.4760650848453179,0.5029620288855475,0.02689694404022963
spatial_thin_300_cap60,0000000000000000009d,crop_loss,test_site,60,20,59.82542242649429,19.889541527452568,19.889541527452568,0.39405780416016134,0.2871162954089148,0.47478439024338287,0.18766809483446806
spatial_thin_300_cap60,000000000000000000a8,crop_loss,test_site,60,58,59.855405248924264,57.68333505256724,57.68333505256724,0.21901994505463107,0.2025336028904693,0.23916846739160377,0.036634864501134484
spatial_thin_300_cap60,000000000000000000da,crop_loss,test_site,56,60,55.6247487599012,59.820860667415275,55.6247487599012,0.7428950854650131,0.6791344535863014,0.7646126485352642,0.0854781949489628
spatial_thin_300_cap60,000000000000000000e3,crop_loss,test_site,60,60,59.8853767847832,59.87157011576689,59.87157011576689,0.4777206210609069,0.42610862878441735,0.5364525332453335,0.11034390446091613
spatial_thin_300_cap60,000000000000000000e9,crop_loss,test_site,60,16,59.643279346648384,15.88070088568792,15.88070088568792,0.35644755157250185,0.2323132099110084,0.4946808327767027,0.2623676228656943
spatial_thin_300_cap60,0000000000000000011b,crop_loss,test_site,60,60,59.825954499610134,59.691460681141656,59.691460681141656,0.4736940061323534,0.4432812333214767,0.5073968772766426,0.06411564395516595
spatial_thin_300_cap60,00000000000000000128,crop_loss,test_site,60,60,59.45864161739075,59.61000915469427,59.45864161739075,0.5502612527917675,0.5283391139162452,0.5679876476538227,0.039648533737577485
spatial_thin_300_cap60,00000000000000000192,crop_loss,test_site,60,60,59.90253982063184,59.74352694503207,59.74352694503207,0.557556283475274,0.527423198494819,0.5836733345008627,0.05625013600604367
spatial_thin_300_cap60,00000000000000000196,crop_loss,test_site,60,45,59.821542924987426,44.79984912305611,44.79984912305611,0.25543186633788334,0.23315232239158568,0.2895451877011392,0.05639286530955351
spatial_thin_300_cap60,000000000000000001a6,crop_loss,test_site,60,60,59.814030036993145,59.594104551142685,59.594104551142685,0.3253215890066836,0.24909910561759627,0.37962721246108233,0.13052810684348606
spatial_thin_300_cap60,000000000000000001e4,crop_loss,test_site,60,60,59.73385883569457,59.84527656977574,59.73385883569457,0.5059771003548194,0.47282766560283085,0.5646138432447876,0.09178617764195673
spatial_thin_300_cap60,000000000000000001f9,crop_loss,test_site,60,60,59.712612130837755,59.71738373220619,59.712612130837755,0.6057921888813985,0.4289515262931665,0.8053399004663191,0.3763883741731526
spatial_thin_300_cap60,00000000000000000228,crop_loss,test_site,60,52,59.87199143203559,51.54965014958384,51.54965014958384,0.4867744920976917,0.3962302398231365,0.560045575845271,0.16381533602213455
spatial_thin_300_cap60,0000000000000000028c,crop_loss,test_site,60,19,59.66569169027222,18.906535146578403,18.906535146578403,0.46988176518983793,0.35286950742236234,0.5499465047649166,0.19707699734255424
spatial_thin_300_cap60,0000000000000000028d,crop_loss,test_site,60,57,59.77714328069545,56.69413572160625,56.69413572160625,0.6563407471945821,0.6190414740331812,0.7141227945137661,0.09508132048058493
spatial_thin_300_cap60,00000000000000000291,crop_loss,test_site,60,34,59.81763355862085,33.75300775141825,33.75300775141825,0.8662148974358959,0.8360165008019494,0.8893906489858044,0.053374148183855
spatial_thin_300_cap60,000000000000000002c5,crop_loss,test_site,60,55,59.93394149673035,54.70387161601672,54.70387161601672,0.35260498373862487,0.2766650012134851,0.3847781138581463,0.10811311264466122
spatial_thin_300_cap60,000000000000000002dc,crop_loss,test_site,60,60,59.87897286400558,59.82579782641728,59.82579782641728,0.6310713630541724,0.5789501656004963,0.6879225888990365,0.10897242329854018
spatial_thin_300_cap60,000000000000000002e4,crop_loss,test_site,60,60,59.675308335714675,59.77942270118926,59.675308335714675,0.33658478007360254,0.27832226358187434,0.43679148916896454,0.1584692255870902
spatial_thin_300_cap60,000000000000000002ec,crop_loss,test_site,60,60,59.87213869778704,59.82401573564865,59.82401573564865,0.524502750782574,0.45798408201126295,0.5823969391984737,0.12441285718721073
spatial_thin_300_cap60,00000000000000000314,crop_loss,test_site,60,58,59.82472589087049,57.63089014637842,57.63089014637842,0.1058220890734911,0.07203569553749058,0.1533594272788432,0.08132373174135261
spatial_thin_300_cap60,00000000000000000335,crop_loss,test_site,60,60,59.78295137254101,59.805156075345344,59.78295137254101,0.4645103872085711,0.41990168765933644,0.5002340232745773,0.08033233561524089
spatial_thin_300_cap60,0000000000000000033a,crop_loss,test_site,60,60,59.742896922681865,59.89952420798248,59.742896922681865,0.5335807316838834,0.485734171526105,0.5788637111194028,0.09312953959329784
spatial_thin_300_cap60,000000000000000003b0,crop_loss,test_site,60,60,59.82794690116549,59.82824545485696,59.82794690116549,0.2574077795093131,0.20432939265400404,0.30757955080151167,0.10325015814750763
spatial_thin_300_cap60,000000000000000003c8,crop_loss,test_site,60,60,59.89033534219477,59.698332851143725,59.698332851143725,0.2510361463745579,0.1834814301327251,0.2966353551046836,0.11315392497195847
spatial_thin_300_cap60,000000000000000003f1,crop_loss,test_site,60,60,59.84665257184305,59.73503597323402,59.73503597323402,0.4834678723938557,0.4193853930541195,0.5428649354139935,0.12347954235987402
spatial_thin_300_cap60,000000000000000003f2,crop_loss,test_site,60,60,59.83250482227998,59.67152868889896,59.67152868889896,0.4602019543324954,0.4083211942179655,0.5141359865075209,0.10581479228955543
spatial_thin_300_cap60,0000000000000000044b,crop_loss,test_site,60,25,59.73723885427703,24.819442403117716,24.819442403117716,0.5299538537935338,0.5017780262447881,0.5660240265090931,0.06424600026430505
spatial_thin_300_cap60,0000000000000000046c,crop_loss,test_site,60,60,59.72037392437743,59.829687123723495,59.72037392437743,0.5069824898640183,0.3554952608640788,0.6353987971894491,0.27990353632537035
spatial_thin_300_cap60,00000000000000000480,crop_loss,test_site,60,25,59.743974645322055,24.80799656649189,24.80799656649189,0.848018766099786,0.7474454139609088,0.8932698400685134,0.1458244261076046
spatial_thin_300_cap60,00000000000000000483,crop_loss,test_site,60,35,59.802285878475914,34.863227977229975,34.863227977229975,0.7307501394490047,0.6637555831717007,0.7669960745395829,0.10324049136788216
spatial_thin_300_cap60,00000000000000000485,crop_loss,test_site,60,60,59.742803114309964,59.79560612827643,59.742803114309964,0.7227138323529593,0.6740684983374787,0.7380026187810744,0.0639341204435957
spatial_thin_300_cap60,00000000000000000497,crop_loss,test_site,60,60,59.89054673970549,59.60422637722272,59.60422637722272,0.2543895324558551,0.2083052420812922,0.30686788095700857,0.09856263887571637
spatial_thin_300_cap60,0000000000000000049b,crop_loss,test_site,60,60,59.710439451578054,59.67188835022692,59.67188835022692,0.3645806915474855,0.33174292634446007,0.38767827831211754,0.055935351967657476
spatial_thin_300_cap60,000000000000000004a1,crop_loss,test_site,60,60,59.718280060984874,59.87296131937398,59.718280060984874,0.36343936960889184,0.3208554171742082,0.44573142314624475,0.12487600597203657
spatial_thin_300_cap60,000000000000000004e7,crop_loss,test_site,60,46,59.837013896679814,45.70721232708124,45.70721232708124,0.4903648936346159,0.47134628624757485,0.5150606426454535,0.04371435639787863
spatial_thin_300_cap60,000000000000000004e9,crop_loss,test_site,60,35,59.895988679139194,34.75960052779281,34.75960052779281,0.3434267328890639,0.2514055979043335,0.4747033206097735,0.22329772270544002
spatial_thin_300_cap60,000000000000000004ee,crop_loss,test_site,60,46,59.89581742757937,45.66295198235638,45.66295198235638,0.4670511393580608,0.3198857412445034,0.5831162734776025,0.2632305322330991
spatial_thin_300_cap60,000000000000000004f9,crop_loss,test_site,60,60,59.77169973166448,59.77810366930237,59.77169973166448,0.40132419379314554,0.3005642997536675,0.49975103085638706,0.19918673110271956
spatial_thin_300_cap60,00000000000000000517,crop_loss,test_site,60,55,59.86396703568165,54.47160829896747,54.47160829896747,0.24816023241696672,0.19356599499091706,0.387396329050413,0.19383033405949593
spatial_thin_300_cap60,00000000000000000538,crop_loss,test_site,60,1,59.66385615563241,1.0,1.0,0.31328396381467055,0.2987605444827331,0.3511172260186184,0.0523566815358853
spatial_thin_300_cap60,0000000000000000057e,crop_loss,test_site,60,19,59.815448344965766,18.9424050021562,18.9424050021562,0.5286292912991397,0.48577375641989856,0.5503587984885784,0.06458504206867982
spatial_thin_300_cap60,000000000000000005d1,crop_loss,test_site,60,35,59.91096973645991,34.631744448399836,34.631744448399836,0.13026100939122803,0.10938620431261428,0.2480015161776969,0.1386153118650826
spatial_thin_300_cap60,00000000000000000611,crop_loss,test_site,60,60,59.89082970743011,59.848379857938426,59.848379857938426,0.6720502229875439,0.6252464624872694,0.712825076281697,0.08757861379442755
spatial_thin_300_cap60,0000000000000000062f,crop_loss,test_site,60,60,59.6795376280714,59.763432907024566,59.6795376280714,0.5189005061176472,0.43447014935575046,0.595154564285285,0.16068441492953456
spatial_thin_300_cap60,00000000000000000632,crop_loss,test_site,60,32,59.904852882330644,31.764334680714565,31.764334680714565,0.10124583031731321,0.08269313203215782,0.1651533237481618,0.08246019171600398
spatial_thin_300_cap60,0000000000000000063e,crop_loss,test_site,60,60,59.91199921496393,59.78877590700481,59.78877590700481,0.3343965696587359,0.2721365415702704,0.40221933670812854,0.13008279513785814
spatial_thin_300_cap60,00000000000000000655,crop_loss,test_site,60,60,59.83515623555879,59.64398929062133,59.64398929062133,0.39709869774663686,0.30502085911270926,0.5550180259458306,0.24999716683312134
spatial_thin_300_cap60,00000000000000000697,crop_loss,test_site,60,60,59.803138254749015,59.83717595191718,59.803138254749015,0.616906785852834,0.5666938326669084,0.6618594975930511,0.09516566492614265
spatial_thin_300_cap60,00000000000000000698,crop_loss,test_site,35,60,34.88734861852377,59.89848653343837,34.88734861852377,0.44373830148761784,0.402181377612991,0.49101384446549007,0.08883246685249907
spatial_thin_300_cap60,000000000000000006a8,crop_loss,test_site,60,60,59.86919698396291,59.758771064219324,59.758771064219324,0.32573181060068196,0.2970545077026261,0.3945994096975057,0.09754490199487958
spatial_thin_300_cap60,000000000000000006b4,crop_loss,test_site,60,60,59.65453042219481,59.857325941244945,59.65453042219481,0.4941348291713488,0.4368708530569565,0.5510931053845982,0.11422225232764172
spatial_thin_300_cap60,000000000000000006be,crop_loss,test_site,60,35,59.700677256875096,34.78998776825674,34.78998776825674,0.3928626387041464,0.32590177158743694,0.4838257044633097,0.15792393287587275
spatial_thin_300_cap60,000000000000000006c0,crop_loss,test_site,60,7,59.86173700625608,6.957418265653054,6.957418265653054,0.4570586434210239,0.12769000713279305,0.6271726239169018,0.4994826167841087
spatial_thin_300_cap60,000000000000000006ce,crop_loss,test_site,60,51,59.73411863089563,50.57793814803337,50.57793814803337,0.5877629991948806,0.46609461886577536,0.6455469177607541,0.17945229889497877
spatial_thin_300_cap60,000000000000000006d9,crop_loss,test_site,60,60,59.712268099516294,59.85106234583118,59.712268099516294,0.202331331967824,0.17338734360081287,0.2561499345358071,0.08276259093499422
spatial_thin_300_cap60,000000000000000006e5,crop_loss,test_site,60,60,59.80123626211561,59.94096592192617,59.80123626211561,0.5368312630570455,0.4665995123519028,0.5921101901344848,0.12551067778258207
spatial_thin_300_cap60,00000000000000000151,built_loss,test_site,60,35,59.833512211544736,34.85353870389763,34.85353870389763,0.3076154803779286,0.2562341219035551,0.35368140285491534,0.09744728095136024
spatial_thin_300_cap60,000000000000000001be,built_loss,test_site,60,13,59.68464759284301,12.966138681713892,12.966138681713892,0.38779275443605604,0.35507215608469084,0.44149792681439026,0.08642577072969942
spatial_thin_300_cap60,0000000000000000034d,built_loss,test_site,60,17,59.92631047013944,16.86008174237461,16.86008174237461,0.39375466603899156,0.3398012831908131,0.43525958965396827,0.09545830646315517
spatial_thin_300_cap60,000000000000000003c7,crop_loss,test_site,60,54,59.82378506746697,53.82850913699593,53.82850913699593,0.7061565002881276,0.6527339333954673,0.7573559829244785,0.10462204952901122
spatial_thin_300_cap60,0000000000000000004a,built_loss,test_site,60,23,59.873346585496016,22.730025654198098,22.730025654198098,0.4316556234078308,0.40751170762975675,0.45861947352808236,0.05110776589832561
spatial_thin_300_cap60,00000000000000000206,built_loss,test_site,60,60,59.77833204152386,59.728645788378756,59.728645788378756,0.6519672518327869,0.5977378079878968,0.7298354907597391,0.1320976827718423
spatial_thin_300_cap60,000000000000000002a4,built_loss,test_site,60,25,59.78107395823681,24.716541988949235,24.716541988949235,0.4010662720745497,0.3609931799689628,0.4338267018270337,0.0728335218580709
spatial_thin_300_cap60,000000000000000004f5,built_loss,test_site,60,18,59.89053450535177,17.662591379273312,17.662591379273312,0.5088696858033799,0.39532208893233894,0.5887144983527364,0.19339240942039743
spatial_thin_300_cap60,000000000000000002cc,crop_loss,test_site,60,40,59.92581473124485,39.69334649043011,39.69334649043011,0.4069168353920728,0.2417231420369563,0.5665104981605729,0.32478735612361653
spatial_thin_300_cap60,000000000000000006cc,crop_loss,test_site,52,60,51.68712597712873,59.82082982052281,51.68712597712873,0.36640509087097656,0.34065773287429596,0.4139161053924245,0.07325837251812856
spatial_thin_300_cap60,0000000000000000016c,crop_loss,test_site,60,60,59.764823738335,59.67103627453628,59.67103627453628,0.48650399615857487,0.41679267812199194,0.5248888335435732,0.10809615542158124
spatial_thin_100_cap100,00000000000000000085,built_loss,test_site,100,100,87.2303369188043,51.221318707514,51.221318707514,0.36082903590377535,0.32102544510135483,0.4062328563079007,0.08520741120654585
spatial_thin_100_cap100,00000000000000000114,built_loss,test_site,100,100,70.36857254394933,65.9150459421947,65.9150459421947,0.6991307133099649,0.6499011292421828,0.7266295263072831,0.07672839706510026
spatial_thin_100_cap100,0000000000000000024c,built_loss,test_site,100,100,82.8753949495101,68.62208915823147,68.62208915823147,0.6894318412711399,0.6597562382069452,0.7310094238688261,0.07125318566188088
spatial_thin_100_cap100,00000000000000000375,built_loss,test_site,100,100,70.47949083933972,72.36112505494461,70.47949083933972,0.6602223886063211,0.6251741755946582,0.6873718304371154,0.062197654842457206
spatial_thin_100_cap100,000000000000000004d2,built_loss,test_site,100,100,84.72307972608456,65.86960661370838,65.86960661370838,0.595795256957927,0.5687490302854208,0.6472598693425946,0.07851083905717382
spatial_thin_100_cap100,000000000000000005bd,built_loss,test_site,100,19,82.47574303660168,10.992325990113532,10.992325990113532,0.49194753972827326,0.4462974520924615,0.5804466560010109,0.13414920390854934
spatial_thin_100_cap100,00000000000000000281,crop_loss,test_site,100,100,81.33788517155006,83.06493411094449,81.33788517155006,0.5322014323063928,0.501692576905152,0.555456605815895,0.053764028910742945
spatial_thin_100_cap100,000000000000000003a2,crop_loss,test_site,100,100,68.90191760537938,86.80080247131188,68.90191760537938,0.34348519171805963,0.29154926530792186,0.41065880911076913,0.11910954380284727
spatial_thin_100_cap100,00000000000000000001,built_loss,test_site,100,81,88.67356306821691,62.64025987955033,62.64025987955033,0.4363242862270054,0.40985310069393505,0.4726521728750539,0.06279907218111885
spatial_thin_100_cap100,00000000000000000049,built_loss,test_site,100,27,80.00713007190735,17.963756030200905,17.963756030200905,0.45245091481388494,0.3979225730516157,0.4976200989898092,0.09969752593819348
spatial_thin_100_cap100,0000000000000000004f,built_loss,test_site,100,100,90.98137396428787,72.07662806591937,72.07662806591937,0.46877985611731526,0.40699556692286687,0.5334438445884752,0.1264482776656083
spatial_thin_100_cap100,0000000000000000005a,built_loss,test_site,100,100,88.99003048244921,68.61059304923144,68.61059304923144,0.4344113607287428,0.4151509234443979,0.45524297704787453,0.04009205360347662
spatial_thin_100_cap100,00000000000000000079,built_loss,test_site,100,100,88.82757658109595,86.6554522708335,86.6554522708335,0.6162658060114714,0.5873961889260341,0.6615055194958628,0.07410933056982871
spatial_thin_100_cap100,00000000000000000087,built_loss,test_site,100,100,84.54613722578627,82.98849870950295,82.98849870950295,0.6168481465480418,0.5545671506388472,0.6720573628601029,0.11749021222125566
spatial_thin_100_cap100,000000000000000000a1,built_loss,test_site,100,57,90.22852416904092,27.275376743527293,27.275376743527293,0.40232171918286236,0.35585289834416506,0.45994431777140854,0.10409141942724348
spatial_thin_100_cap100,000000000000000000b8,built_loss,test_site,100,86,87.11658163707308,35.337980444436795,35.337980444436795,0.5124258563387861,0.43752047244831166,0.5895690938914554,0.15204862144314374
spatial_thin_100_cap100,000000000000000000c0,built_loss,test_site,100,100,72.23636383399479,75.21673720667798,72.23636383399479,0.6505396470553487,0.6082061118740812,0.6726724982867681,0.06446638641268687
spatial_thin_100_cap100,000000000000000000e2,built_loss,test_site,100,97,91.65709893751004,57.18586472618381,57.18586472618381,0.3730940621868863,0.3443150053957349,0.44790501740463645,0.10359001200890156
spatial_thin_100_cap100,000000000000000000f0,built_loss,test_site,100,100,87.10198657490687,71.99594128199408,71.99594128199408,0.6767848591438008,0.6254858484484432,0.7304950319769471,0.10500918352850386
spatial_thin_100_cap100,000000000000000000f8,built_loss,test_site,100,100,89.36913721893488,80.81002459067207,80.81002459067207,0.5055705061584823,0.4803784349768857,0.552561996578067,0.07218356160118133
spatial_thin_100_cap100,0000000000000000011c,built_loss,test_site,100,55,90.0723080371303,28.98134539336057,28.98134539336057,0.6590971693645963,0.585562254955288,0.7218689166023334,0.1363066616470454
spatial_thin_100_cap100,00000000000000000161,built_loss,test_site,100,100,86.91224918012257,74.62997189904029,74.62997189904029,0.6579732488331178,0.6207419610189969,0.706997613382758,0.08625565236376109
spatial_thin_100_cap100,0000000000000000016a,built_loss,test_site,100,38,86.04146643361968,24.158422485943806,24.158422485943806,0.26285686901839017,0.22120251091257934,0.3303496116707705,0.10914710075819115
spatial_thin_100_cap100,00000000000000000176,built_loss,test_site,100,100,84.61649455197633,69.89485883448648,69.89485883448648,0.641033187445736,0.6103570713433334,0.6711383323846261,0.06078126104129267
spatial_thin_100_cap100,000000000000000001a8,built_loss,test_site,100,100,82.33682071296778,80.95170123827808,80.95170123827808,0.549243639294001,0.5157855721258578,0.5889346020600794,0.07314902993422157
spatial_thin_100_cap100,000000000000000001cd,built_loss,test_site,100,100,80.51926244140877,89.07688923472945,80.51926244140877,0.7590338758966542,0.700089247650096,0.8007707504412005,0.10068150279110455
spatial_thin_100_cap100,000000000000000001e5,built_loss,test_site,100,100,73.19205863956883,56.08484145688715,56.08484145688715,0.5608968912667253,0.5214858025975039,0.6143699235187866,0.09288412092128273
spatial_thin_100_cap100,00000000000000000209,built_loss,test_site,100,100,87.96509554751319,81.51929792516894,81.51929792516894,0.5953296963186013,0.5567641056242375,0.6534900020220644,0.09672589639782692
spatial_thin_100_cap100,00000000000000000231,built_loss,test_site,100,100,84.0657383418452,79.65627064291188,79.65627064291188,0.5745130081111641,0.5264359770921893,0.6066567387600641,0.08022076166787484
spatial_thin_100_cap100,0000000000000000026d,built_loss,test_site,100,100,84.07965293589737,67.39526385105067,67.39526385105067,0.5991576454261216,0.5420572840898197,0.6417718852408483,0.09971460115102859
spatial_thin_100_cap100,00000000000000000278,built_loss,test_site,100,100,76.7963568742347,77.51097349699741,76.7963568742347,0.786611485185981,0.7385742401079954,0.8187509086400071,0.08017666853201166
spatial_thin_100_cap100,00000000000000000293,built_loss,test_site,100,100,77.18668990343541,66.79008565350242,66.79008565350242,0.4855080394658275,0.4408021507670942,0.5176501203013606,0.07684796953426637
spatial_thin_100_cap100,00000000000000000316,built_loss,test_site,100,9,87.12978215090534,5.284894228163866,5.284894228163866,0.11135809814410141,0.02613417911837696,0.1886833847644747,0.16254920564609773
spatial_thin_100_cap100,00000000000000000356,built_loss,test_site,100,100,79.10610632616239,73.12463633249993,73.12463633249993,0.52089701948336,0.4523251942346263,0.6074596471045184,0.15513445286989208
spatial_thin_100_cap100,00000000000000000362,built_loss,test_site,100,100,84.15242728895842,83.83059509512711,83.83059509512711,0.5775918556249062,0.5295200436334776,0.6134541579518221,0.08393411431834452
spatial_thin_100_cap100,00000000000000000363,built_loss,test_site,100,100,88.51129298563049,68.36043540631306,68.36043540631306,0.24242782619756512,0.21216000338627067,0.27179956526276106,0.05963956187649039
spatial_thin_100_cap100,00000000000000000364,built_loss,test_site,100,100,79.90155796490004,86.13774888345316,79.90155796490004,0.6249579696158946,0.5840281032313982,0.6616245112581106,0.07759640802671242
spatial_thin_100_cap100,00000000000000000380,built_loss,test_site,100,100,89.38691473046839,70.59331586247373,70.59331586247373,0.5176809570846391,0.4828648394407514,0.5538712985142525,0.07100645907350112
spatial_thin_100_cap100,00000000000000000384,built_loss,test_site,100,100,83.91912904997913,54.9410632712748,54.9410632712748,0.5743722209022989,0.5550060379182138,0.6036863658283739,0.04868032791016008
spatial_thin_100_cap100,0000000000000000039e,built_loss,test_site,100,63,93.00697229758964,37.89819771684012,37.89819771684012,0.47162295185572795,0.4466256754677612,0.5219010012890781,0.07527532582131691
spatial_thin_100_cap100,000000000000000003a1,built_loss,test_site,100,100,80.1960629443831,56.93440658966569,56.93440658966569,0.6426752589672734,0.5942171409686822,0.6725715940819388,0.07835445311325662
spatial_thin_100_cap100,000000000000000003a5,built_loss,test_site,100,100,85.4656045584442,63.63399533150494,63.63399533150494,0.4135731351808021,0.350901351008433,0.46198165163772087,0.11108030062928786
spatial_thin_100_cap100,000000000000000003b7,built_loss,test_site,100,84,88.72985601236294,50.095361170693806,50.095361170693806,0.48224497696550395,0.4566165732616307,0.4989576912561687,0.04234111799453799
spatial_thin_100_cap100,000000000000000003bf,built_loss,test_site,100,100,82.16715328222159,85.51544192592287,82.16715328222159,0.5289359334584504,0.509067415486239,0.5747982694753333,0.06573085398909428
spatial_thin_100_cap100,000000000000000003d2,built_loss,test_site,100,100,77.28023605302886,86.18506829211722,77.28023605302886,0.5927170274904369,0.5326397960334118,0.6457516818657496,0.11311188583233778
spatial_thin_100_cap100,000000000000000003f8,built_loss,test_site,100,54,87.00369145582629,23.843483293053232,23.843483293053232,0.23547065984835255,0.2011205477874959,0.27093822301265086,0.06981767522515495
spatial_thin_100_cap100,000000000000000003fa,built_loss,test_site,100,100,75.29290232516098,83.50291880074155,75.29290232516098,0.4047382510256739,0.38291946161011536,0.4458414360866481,0.06292197447653275
spatial_thin_100_cap100,00000000000000000407,built_loss,test_site,100,100,80.20727337205841,81.57049519228326,80.20727337205841,0.57451803992222,0.5359597284758344,0.6222440199865221,0.08628429151068773
spatial_thin_100_cap100,0000000000000000040f,built_loss,test_site,100,100,78.77633635271542,68.70792099951771,68.70792099951771,0.526252286612994,0.5098039607697583,0.540969584974131,0.031165624204372633
spatial_thin_100_cap100,00000000000000000426,built_loss,test_site,100,100,73.01397710283568,74.62266029403213,73.01397710283568,0.5694364531437603,0.5335910094155314,0.6072755502057228,0.07368454079019138
spatial_thin_100_cap100,0000000000000000042b,built_loss,test_site,100,100,90.09502517868717,71.09946199604582,71.09946199604582,0.553964713483887,0.5198645147862642,0.5920035734622716,0.07213905867600745
spatial_thin_100_cap100,00000000000000000442,built_loss,test_site,100,44,85.98452207862469,15.397587835245192,15.397587835245192,0.3545335772593206,0.2683519242846337,0.5033922706148116,0.2350403463301779
spatial_thin_100_cap100,00000000000000000465,built_loss,test_site,100,100,86.67747138582303,80.53161829783518,80.53161829783518,0.6354448396699471,0.5980379196483347,0.6588020247809746,0.060764105132639856
spatial_thin_100_cap100,0000000000000000047e,built_loss,test_site,100,100,87.52847596329255,61.14059200760867,61.14059200760867,0.5140718622612402,0.48313844365766095,0.5494352410067735,0.06629679734911259
spatial_thin_100_cap100,00000000000000000490,built_loss,test_site,100,100,89.18542373943703,83.42737400947485,83.42737400947485,0.619378594395856,0.5737227237823225,0.66741864220037,0.09369591841804747
spatial_thin_100_cap100,000000000000000004c0,built_loss,test_site,100,100,84.36056759927544,76.87897129915503,76.87897129915503,0.6408524720293309,0.6138733045197138,0.6831283480446392,0.0692550435249254
spatial_thin_100_cap100,000000000000000004c5,built_loss,test_site,100,91,85.30668209385358,44.41549627240542,44.41549627240542,0.5548782643683926,0.5172737210162277,0.6054924779116346,0.08821875689540692
spatial_thin_100_cap100,000000000000000004d9,built_loss,test_site,100,100,89.7512408663132,76.3420257787515,76.3420257787515,0.5643482365401823,0.5322538174963186,0.5880460790526703,0.05579226155635164
spatial_thin_100_cap100,000000000000000004eb,built_loss,test_site,100,100,86.59463797885034,83.59676309142283,83.59676309142283,0.44943624843830127,0.4356040204129427,0.4843151086310145,0.048711088218071796
spatial_thin_100_cap100,000000000000000004f7,built_loss,test_site,100,70,84.54958329165241,32.618997389147054,32.618997389147054,0.47882964561745806,0.4512794397069082,0.4983061162821372,0.04702667657522902
spatial_thin_100_cap100,000000000000000004fe,built_loss,test_site,100,100,87.68332351091371,53.56766824108754,53.56766824108754,0.4938424456039565,0.4680685198639828,0.52275470787316,0.05468618800917724
spatial_thin_100_cap100,0000000000000000051d,built_loss,test_site,100,90,87.48349900258664,61.34108412854567,61.34108412854567,0.505524777780556,0.42567006794239615,0.6073057347542037,0.18163566681180754
spatial_thin_100_cap100,00000000000000000559,built_loss,test_site,100,100,84.55264519945293,76.58687662220214,76.58687662220214,0.6619176328956029,0.6117051691724699,0.6956154195976821,0.08391025042521227
spatial_thin_100_cap100,00000000000000000576,built_loss,test_site,100,82,87.86030250565139,32.15013968521278,32.15013968521278,0.2623037336178354,0.23332319049090905,0.28873110266280405,0.055407912171895
spatial_thin_100_cap100,00000000000000000577,built_loss,test_site,100,82,86.19978560463163,36.735523653710004,36.735523653710004,0.4471119212894393,0.3873422992554096,0.5089633137430671,0.12162101448765755
spatial_thin_100_cap100,0000000000000000057f,built_loss,test_site,100,22,81.58147140077057,10.077262591218084,10.077262591218084,0.36098307802403046,0.3146759250162271,0.4045231552633001,0.08984723024707303
spatial_thin_100_cap100,00000000000000000594,built_loss,test_site,100,92,86.58008300685162,60.95424219275263,60.95424219275263,0.5059541847165581,0.3862304932079572,0.5851318541204028,0.1989013609124456
spatial_thin_100_cap100,000000000000000005ad,built_loss,test_site,100,100,89.84129874435037,74.49880811244164,74.49880811244164,0.6339577497840911,0.6030735156567121,0.6795352485180609,0.07646173286134883
spatial_thin_100_cap100,000000000000000005bf,built_loss,test_site,100,100,83.48139015389971,67.86161069362952,67.86161069362952,0.3987744645374109,0.3699546993871298,0.43009993937461055,0.060145239987480725
spatial_thin_100_cap100,000000000000000005cc,built_loss,test_site,100,90,73.08059000515091,41.74693534722734,41.74693534722734,0.34810118057508077,0.31673008295622984,0.367449238203411,0.05071915524718118
spatial_thin_100_cap100,000000000000000005de,built_loss,test_site,100,100,82.32319884855845,70.7898085995029,70.7898085995029,0.43760196660126893,0.4133972252490394,0.4522607850240659,0.038863559775026535
spatial_thin_100_cap100,000000000000000005e7,built_loss,test_site,100,100,74.82045283855354,86.24508734038449,74.82045283855354,0.6662414199006119,0.5956299830366537,0.695285452549059,0.09965546951240534
spatial_thin_100_cap100,000000000000000005f9,built_loss,test_site,100,100,87.8014020525921,51.94164645420261,51.94164645420261,0.6519433743060501,0.6168883448815448,0.6995680186318984,0.08267967375035368
spatial_thin_100_cap100,0000000000000000061c,built_loss,test_site,100,100,89.40630248312276,57.93085448260127,57.93085448260127,0.4178716976498681,0.39169410210413974,0.4814067367158538,0.08971263461171408
spatial_thin_100_cap100,00000000000000000624,built_loss,test_site,100,47,75.95659140497678,17.273391781492695,17.273391781492695,0.48679546287003805,0.4150677833889446,0.534154514774955,0.11908673138601039
spatial_thin_100_cap100,00000000000000000626,built_loss,test_site,100,100,83.22351224082186,72.89890948224141,72.89890948224141,0.5072451332938993,0.4834035845853922,0.5355746760991793,0.05217109151378713
spatial_thin_100_cap100,0000000000000000062a,built_loss,test_site,100,100,80.15365393331406,73.1359041003588,73.1359041003588,0.5592909826222314,0.5318193932648808,0.6107585330333543,0.07893913976847344
spatial_thin_100_cap100,00000000000000000636,built_loss,test_site,100,100,84.34281528647472,63.09767086036472,63.09767086036472,0.45361806330372795,0.3759899508333162,0.5341742512210264,0.15818430038771014
spatial_thin_100_cap100,0000000000000000064a,built_loss,test_site,100,39,88.49200377357779,12.62637431772662,12.62637431772662,0.3126455001478499,0.28151207619700985,0.32960827797723813,0.048096201780228276
spatial_thin_100_cap100,0000000000000000064d,built_loss,test_site,100,83,85.67574195028367,51.496782733454516,51.496782733454516,0.41052524359286696,0.3849959230291711,0.4560184633046394,0.07102254027546828
spatial_thin_100_cap100,00000000000000000694,built_loss,test_site,100,100,86.24070531871652,65.75296841290898,65.75296841290898,0.36596691485096405,0.35308965691906263,0.3908871890089215,0.037797532089858865
spatial_thin_100_cap100,0000000000000000069d,built_loss,test_site,100,100,82.80909521257504,80.92981424523363,80.92981424523363,0.6412423439115678,0.5948887057839476,0.6814641853043734,0.08657547952042577
spatial_thin_100_cap100,000000000000000006b7,built_loss,test_site,100,100,85.78631865496722,73.77005403715495,73.77005403715495,0.4614044206408083,0.4381775920429652,0.48877486982244495,0.050597277779479755
spatial_thin_100_cap100,000000000000000006df,built_loss,test_site,100,95,84.47550188118883,48.867138900884655,48.867138900884655,0.24584696526705363,0.20713616972207902,0.3061877927653667,0.09905162304328766
spatial_thin_100_cap100,000000000000000006e3,built_loss,test_site,100,100,88.33669466791699,66.93314163508612,66.93314163508612,0.42842311983422665,0.3874493646857902,0.4690107083333377,0.08156134364754747
spatial_thin_100_cap100,00000000000000000011,crop_loss,test_site,100,100,86.1517642679789,78.46644296141402,78.46644296141402,0.5645583288577739,0.46530428270088847,0.8392324951401033,0.37392821243921487
spatial_thin_100_cap100,0000000000000000002b,crop_loss,test_site,100,100,89.30797614966757,80.77750813939238,80.77750813939238,0.1996655028239527,0.12234323483970161,0.27855788689291233,0.15621465205321072
spatial_thin_100_cap100,0000000000000000002d,crop_loss,test_site,100,100,82.41443069273345,86.20978557805448,82.41443069273345,0.4898870304712482,0.4478218528940538,0.5215737396683551,0.07375188677430128
spatial_thin_100_cap100,0000000000000000003a,crop_loss,test_site,100,100,80.53808594771644,85.49102656665531,80.53808594771644,0.31440552221540047,0.259732324866729,0.34952464150266277,0.08979231663593379
spatial_thin_100_cap100,0000000000000000009b,crop_loss,test_site,100,100,75.33937312056251,57.613420485131044,57.613420485131044,0.4913208115533805,0.4836404201505913,0.5004404021107779,0.016799981960186616
spatial_thin_100_cap100,0000000000000000009d,crop_loss,test_site,100,38,86.80907682872568,22.181145657135936,22.181145657135936,0.3352138984093512,0.304547159772225,0.4244516994655141,0.11990453969328907
spatial_thin_100_cap100,000000000000000000a8,crop_loss,test_site,100,100,88.09276298131289,74.42233451359009,74.42233451359009,0.20732963732069637,0.193939128071488,0.22599489992804958,0.03205577185656158
spatial_thin_100_cap100,000000000000000000da,crop_loss,test_site,100,100,67.49689223569874,85.25523927822728,67.49689223569874,0.7597526348070365,0.7279999879307898,0.783588991453845,0.05558900352305518
spatial_thin_100_cap100,000000000000000000e3,crop_loss,test_site,100,100,86.21013270952284,82.10867608851743,82.10867608851743,0.49798368821857436,0.46124615650369205,0.5348631527502762,0.07361699624658413
spatial_thin_100_cap100,000000000000000000e9,crop_loss,test_site,100,53,85.0683779745086,22.375787064601933,22.375787064601933,0.41066456678850083,0.3174873376311702,0.458426686544212,0.14093934891304177
spatial_thin_100_cap100,0000000000000000011b,crop_loss,test_site,100,100,92.4201045940109,68.50162295974353,68.50162295974353,0.4812109662566459,0.46519333248234,0.5015813755910555,0.03638804310871552
spatial_thin_100_cap100,00000000000000000128,crop_loss,test_site,100,100,70.20059237196531,77.46723604621849,70.20059237196531,0.5422101003435618,0.5267649251297335,0.558385997851738,0.03162107272200454
spatial_thin_100_cap100,00000000000000000192,crop_loss,test_site,100,100,87.35775418224576,77.74804042972059,77.74804042972059,0.561567099908274,0.5402958051029768,0.5769223794211392,0.03662657431816241
spatial_thin_100_cap100,00000000000000000196,crop_loss,test_site,100,99,88.76074936598955,58.758965643031274,58.758965643031274,0.2528352533875039,0.230702187095767,0.2789388099336818,0.0482366228379148
spatial_thin_100_cap100,000000000000000001a6,crop_loss,test_site,100,100,85.7641330669781,73.89308460724158,73.89308460724158,0.3053857124208038,0.22778706741929802,0.3429559553121839,0.1151688878928859
spatial_thin_100_cap100,000000000000000001e4,crop_loss,test_site,100,100,76.9443999105611,85.7006306052524,76.9443999105611,0.4874981134498505,0.45939450356322953,0.5153772256228685,0.055982722059638945
spatial_thin_100_cap100,000000000000000001f9,crop_loss,test_site,100,100,85.60971410877637,80.3003029763225,80.3003029763225,0.6263068049995916,0.46292820588682504,0.7562452365745262,0.2933170306877012
spatial_thin_100_cap100,00000000000000000228,crop_loss,test_site,100,100,83.57290859871671,65.36284429756078,65.36284429756078,0.47654876625045245,0.387593259418906,0.5337502582806163,0.1461569988617103
spatial_thin_100_cap100,0000000000000000028c,crop_loss,test_site,100,32,85.12456437181737,21.620101712766846,21.620101712766846,0.4029506947992346,0.32297345509344777,0.4745095023265668,0.15153604723311903
spatial_thin_100_cap100,0000000000000000028d,crop_loss,test_site,100,100,87.84976012585904,68.83299344462642,68.83299344462642,0.6505275891924163,0.6017912571767096,0.7099309304019618,0.1081396732252522
spatial_thin_100_cap100,00000000000000000291,crop_loss,test_site,100,100,86.91024966206155,49.73633422078319,49.73633422078319,0.8855801640744756,0.8684553091406809,0.8966416298529082,0.028186320712227264
spatial_thin_100_cap100,000000000000000002c5,crop_loss,test_site,100,100,89.8519882568548,71.69480198563939,71.69480198563939,0.32357967341913707,0.2790180682339252,0.37593931232717737,0.09692124409325215
spatial_thin_100_cap100,000000000000000002dc,crop_loss,test_site,100,100,81.00171236471103,82.85980169910158,81.00171236471103,0.649694079447804,0.6101365070241567,0.6801290946771084,0.06999258765295169
spatial_thin_100_cap100,000000000000000002e4,crop_loss,test_site,100,100,83.88557770802926,87.58348550421961,83.88557770802926,0.31954986296531307,0.28142540814211314,0.369209502929642,0.08778409478752885
spatial_thin_100_cap100,000000000000000002ec,crop_loss,test_site,100,100,85.30001436485267,82.03363014199105,82.03363014199105,0.49765094181388714,0.4426244164773558,0.5401538672815465,0.09752945080419068
spatial_thin_100_cap100,00000000000000000314,crop_loss,test_site,100,100,88.85425049903208,68.04432200576659,68.04432200576659,0.07975389338720637,0.0498624956353573,0.1275036164556341,0.0776411208202768
spatial_thin_100_cap100,00000000000000000335,crop_loss,test_site,100,100,84.2453680312097,84.51007898386823,84.2453680312097,0.4318154185343617,0.40416192386469346,0.48280888712414677,0.0786469632594533
spatial_thin_100_cap100,0000000000000000033a,crop_loss,test_site,100,100,69.93229162741885,88.4185391937464,69.93229162741885,0.4968881487746641,0.455988149492008,0.5369709535988353,0.08098280410682729
spatial_thin_100_cap100,000000000000000003b0,crop_loss,test_site,100,100,81.25038337295149,89.06039332650553,81.25038337295149,0.18958973480186614,0.16777326136201712,0.24220094853483057,0.07442768717281345
spatial_thin_100_cap100,000000000000000003c8,crop_loss,test_site,100,100,81.59553669612967,75.32663441895068,75.32663441895068,0.20100352334158383,0.16599858902994868,0.2192632804347036,0.05326469140475493
spatial_thin_100_cap100,000000000000000003f1,crop_loss,test_site,100,100,85.79515152089968,82.0751038313232,82.0751038313232,0.4518543944128648,0.4246562401823512,0.4973001927785388,0.07264395259618761
spatial_thin_100_cap100,000000000000000003f2,crop_loss,test_site,100,100,82.10925554439532,76.58081241936351,76.58081241936351,0.4470675624438792,0.41598707027561965,0.48283900526409057,0.06685193498847092
spatial_thin_100_cap100,0000000000000000044b,crop_loss,test_site,100,85,88.06947897201442,40.54282317255685,40.54282317255685,0.5384403542214902,0.5165616853508482,0.556971123199099,0.040409437848250795
spatial_thin_100_cap100,0000000000000000046c,crop_loss,test_site,100,100,84.46384272719536,88.1319098908406,84.46384272719536,0.4838783273289484,0.4100879956902359,0.5430367427251127,0.1329487470348768
spatial_thin_100_cap100,00000000000000000480,crop_loss,test_site,100,77,86.9551756465612,37.11847730792894,37.11847730792894,0.8411587828318217,0.8067558776933471,0.878443031388905,0.07168715369555789
spatial_thin_100_cap100,00000000000000000483,crop_loss,test_site,100,73,88.70815967238667,39.402106218361666,39.402106218361666,0.7487832069386109,0.7145640649514391,0.784389112368155,0.06982504741671591
spatial_thin_100_cap100,00000000000000000485,crop_loss,test_site,100,100,85.08413172425247,88.91003807736435,85.08413172425247,0.6976094184898447,0.6663850339246742,0.7212741487009126,0.05488911477623837
spatial_thin_100_cap100,00000000000000000497,crop_loss,test_site,100,100,86.68243567587942,73.69946832587351,73.69946832587351,0.21203184740131284,0.191127336746282,0.2496151924027903,0.0584878556565083
spatial_thin_100_cap100,0000000000000000049b,crop_loss,test_site,100,100,86.72202696719869,80.29916674541577,80.29916674541577,0.34371199155508647,0.32653041324123394,0.3753189373584605,0.04878852411722656
spatial_thin_100_cap100,000000000000000004a1,crop_loss,test_site,100,100,75.26238333988701,85.49876451210564,75.26238333988701,0.3533420570876977,0.32639847670982597,0.3981924152208128,0.07179393851098681
spatial_thin_100_cap100,000000000000000004e7,crop_loss,test_site,100,100,88.06328320114616,64.9568260986838,64.9568260986838,0.4837283797584294,0.46677495376722916,0.5050830147736931,0.038308061006463945
spatial_thin_100_cap100,000000000000000004e9,crop_loss,test_site,100,100,90.08115389665444,52.60833889033622,52.60833889033622,0.4061431787541619,0.30446710455604664,0.4870517103905882,0.18258460583454156
spatial_thin_100_cap100,000000000000000004ee,crop_loss,test_site,100,100,84.5890639200744,60.563391230792476,60.563391230792476,0.394960072426494,0.29976437885384327,0.4865944906231132,0.18683011176926995
spatial_thin_100_cap100,000000000000000004f9,crop_loss,test_site,100,100,85.7669359435995,80.88040662852764,80.88040662852764,0.37149243904635326,0.31181803845383765,0.47635286152737594,0.16453482307353828
spatial_thin_100_cap100,00000000000000000517,crop_loss,test_site,100,100,85.66268677097447,68.42615766428099,68.42615766428099,0.2939960207093189,0.25134048818969246,0.42276105184896584,0.17142056365927338
spatial_thin_100_cap100,00000000000000000538,crop_loss,test_site,100,2,86.4178165460241,1.3113687985506728,1.3113687985506728,0.27675263769133884,0.19160786719602285,0.34932415194515964,0.1577162847491368
spatial_thin_100_cap100,0000000000000000057e,crop_loss,test_site,100,36,83.9850288384795,19.51794725872805,19.51794725872805,0.500283766965979,0.4772753081643444,0.5319953120124402,0.05472000384809583
spatial_thin_100_cap100,000000000000000005d1,crop_loss,test_site,100,100,89.70623520632033,53.37662684448373,53.37662684448373,0.15235221001385937,0.12698616135412535,0.22227326623519206,0.0952871048810667
spatial_thin_100_cap100,00000000000000000611,crop_loss,test_site,100,100,84.65342393224128,84.46450424147596,84.46450424147596,0.6716064582893138,0.6336024526823341,0.7012151858379653,0.06761273315563121
spatial_thin_100_cap100,0000000000000000062f,crop_loss,test_site,100,100,82.56084713070948,81.4056748230753,81.4056748230753,0.44459990836459673,0.36778290539924063,0.5230667942390146,0.15528388883977395
spatial_thin_100_cap100,00000000000000000632,crop_loss,test_site,100,92,87.77383627067317,45.23326617729559,45.23326617729559,0.0899894237808257,0.07405157616493706,0.10528287543454581,0.031231299269608756
spatial_thin_100_cap100,0000000000000000063e,crop_loss,test_site,100,100,83.16144151813813,78.82008403889951,78.82008403889951,0.29830917307487614,0.2662620613915067,0.3409566914714184,0.07469463007991167
spatial_thin_100_cap100,00000000000000000655,crop_loss,test_site,100,100,81.35250941781845,71.97182735157875,71.97182735157875,0.47710084510031514,0.36024948031331094,0.5798764790732903,0.21962699875997937
spatial_thin_100_cap100,00000000000000000697,crop_loss,test_site,100,100,86.72242211901958,89.8806089849756,86.72242211901958,0.5921182772441975,0.5427513961842986,0.6288919449626305,0.08614054877833188
spatial_thin_100_cap100,00000000000000000698,crop_loss,test_site,100,100,55.55468288936439,90.5525747426936,55.55468288936439,0.44761436294888873,0.4160145337498041,0.5058484807255533,0.0898339469757492
spatial_thin_100_cap100,000000000000000006a8,crop_loss,test_site,100,100,82.55693574456423,83.26328822179937,82.55693574456423,0.2985580623487025,0.2585527306193628,0.35820211600382823,0.09964938538446544
spatial_thin_100_cap100,000000000000000006b4,crop_loss,test_site,100,100,80.8273053308973,82.4083110153776,80.8273053308973,0.5045088834479527,0.4478297031411797,0.5709134596326307,0.12308375649145104
spatial_thin_100_cap100,000000000000000006be,crop_loss,test_site,100,96,80.38886181100095,51.81461733712523,51.81461733712523,0.37483337173168546,0.33820348709918313,0.4142263242141138,0.07602283711493069
spatial_thin_100_cap100,000000000000000006c0,crop_loss,test_site,100,25,89.86254767395928,8.640469725685662,8.640469725685662,0.20364657720987503,0.16242095407715026,0.4477754490876927,0.28535449501054244
spatial_thin_100_cap100,000000000000000006ce,crop_loss,test_site,100,100,86.27247359806657,63.94140937837395,63.94140937837395,0.5708063549550609,0.4971679885236025,0.6286375283187117,0.13146953979510917
spatial_thin_100_cap100,000000000000000006d9,crop_loss,test_site,100,100,72.84359457471668,86.81254553555247,72.84359457471668,0.21253645572808194,0.1783293888997136,0.23436352127568394,0.05603413237597035
spatial_thin_100_cap100,000000000000000006e5,crop_loss,test_site,100,100,79.50398072384533,90.0695641583562,79.50398072384533,0.5171941828382208,0.4852477071610252,0.5637801730172525,0.07853246585622725
spatial_thin_100_cap100,00000000000000000151,built_loss,test_site,100,71,88.16280934160788,41.408475623901246,41.408475623901246,0.29166059281773105,0.2624911026851675,0.32095532831821044,0.05846422563304293
spatial_thin_100_cap100,000000000000000001be,built_loss,test_site,100,15,80.41417031353923,13.061047636794953,13.061047636794953,0.4824796553073412,0.37499109198687275,0.5410855823863576,0.16609449039948487
spatial_thin_100_cap100,0000000000000000034d,built_loss,test_site,100,35,85.45582223815788,21.33339187807121,21.33339187807121,0.40721479465156746,0.35061137377741436,0.44261030662629913,0.09199893284888477
spatial_thin_100_cap100,000000000000000003c7,crop_loss,test_site,100,95,85.16603493501877,66.3715645821037,66.3715645821037,0.7315128720934808,0.6966764064410259,0.7709469626180195,0.07427055617699363
spatial_thin_100_cap100,0000000000000000004a,built_loss,test_site,100,82,91.51450421746084,36.07864994040614,36.07864994040614,0.4404947773046255,0.41836093588286827,0.452427383149389,0.03406644726652075
spatial_thin_100_cap100,00000000000000000206,built_loss,test_site,100,100,79.65596765269038,85.33501949536027,79.65596765269038,0.7157915661361831,0.6528245650712061,0.7484418664393216,0.09561730136811553
spatial_thin_100_cap100,000000000000000002a4,built_loss,test_site,100,73,85.73408643047938,35.26676874201712,35.26676874201712,0.3991884040974704,0.370044203194778,0.4395147560339356,0.0694705528391576
spatial_thin_100_cap100,000000000000000004f5,built_loss,test_site,100,81,89.3884732515834,29.492412539921194,29.492412539921194,0.4565037898191904,0.41284391598244685,0.5004449722433869,0.08760105626094006
spatial_thin_100_cap100,000000000000000002cc,crop_loss,test_site,100,100,88.4464835662646,59.071211246252375,59.071211246252375,0.3725888145018358,0.3059158682728866,0.4671852193849982,0.1612693511121116
spatial_thin_100_cap100,000000000000000006cc,crop_loss,test_site,100,100,62.70733263161764,87.85315148293665,62.70733263161764,0.35277890389609357,0.3212170431852651,0.3754202920360774,0.05420324885081229
spatial_thin_100_cap100,0000000000000000016c,crop_loss,test_site,100,100,84.20252064388013,79.32499461733123,79.32499461733123,0.4917994335527185,0.44266341253511365,0.5213992080487638,0.07873579551365018
spatial_thin_150_cap100,00000000000000000085,built_loss,test_site,100,75,90.56862162247997,53.99144351801821,53.99144351801821,0.36266243458126163,0.3235529308931816,0.4113809248778284,0.0878279939846468
spatial_thin_150_cap100,00000000000000000114,built_loss,test_site,100,100,81.46025713077923,79.08357583051888,79.08357583051888,0.6731682776147982,0.6318760129370321,0.6982949872225958,0.06641897428556365
spatial_thin_150_cap100,0000000000000000024c,built_loss,test_site,100,100,89.02410971100913,79.56588234646553,79.56588234646553,0.7071064607829337,0.6618573211919122,0.7309142194600459,0.06905689826813366
spatial_thin_150_cap100,00000000000000000375,built_loss,test_site,100,100,84.9798450855308,84.27389657908006,84.27389657908006,0.6636609895852085,0.6318958125322203,0.7045944859790207,0.07269867344680048
spatial_thin_150_cap100,000000000000000004d2,built_loss,test_site,100,98,87.04252485331999,75.84692228997577,75.84692228997577,0.5862516766906496,0.5503386525344591,0.6341810623318851,0.08384240979742597
spatial_thin_150_cap100,000000000000000005bd,built_loss,test_site,100,14,86.6467208329133,10.45282426907576,10.45282426907576,0.5475830053376033,0.47022896723714275,0.6165516167122236,0.14632264947508083
spatial_thin_150_cap100,00000000000000000281,crop_loss,test_site,100,100,87.84619936132485,86.28544268521595,86.28544268521595,0.5181298537636625,0.47934366024122016,0.5421831980078599,0.0628395377666397
spatial_thin_150_cap100,000000000000000003a2,crop_loss,test_site,100,100,81.91597023733063,87.347023324919,81.91597023733063,0.34678669707824855,0.293332533471204,0.40223380244302454,0.10890126897182051
spatial_thin_150_cap100,00000000000000000001,built_loss,test_site,100,69,90.90666274264221,63.072580744314166,63.072580744314166,0.441299422584471,0.4177520092931617,0.4851134739080089,0.06736146461484721
spatial_thin_150_cap100,00000000000000000049,built_loss,test_site,100,25,86.76069333699446,19.873834510845498,19.873834510845498,0.4488426237363413,0.4149499950728635,0.5046379264596559,0.08968793138679237
spatial_thin_150_cap100,0000000000000000004f,built_loss,test_site,100,100,93.14179113431719,85.05622044126919,85.05622044126919,0.452406194637655,0.3969150222270498,0.5148737698455419,0.11795874761849212
spatial_thin_150_cap100,0000000000000000005a,built_loss,test_site,100,100,90.61237917742535,80.0098294279559,80.0098294279559,0.44521680005346764,0.42077066395691215,0.4665108593820551,0.04574019542514296
spatial_thin_150_cap100,00000000000000000079,built_loss,test_site,100,100,91.60460549243224,92.45918337712216,91.60460549243224,0.6539727900799325,0.6055142223597898,0.6784555028621865,0.07294128050239668
spatial_thin_150_cap100,00000000000000000087,built_loss,test_site,100,100,89.88284763362937,89.12216385136918,89.12216385136918,0.6008290726352625,0.5264412175239401,0.6679649392316911,0.14152372170775096
spatial_thin_150_cap100,000000000000000000a1,built_loss,test_site,100,42,93.18614325630497,29.266445507539466,29.266445507539466,0.4196160674664931,0.34917537941246374,0.46001041052373837,0.11083503111127463
spatial_thin_150_cap100,000000000000000000b8,built_loss,test_site,100,52,92.95003114278371,34.044677748652134,34.044677748652134,0.5086532750755576,0.38653910686855536,0.5933063281187029,0.20676722125014751
spatial_thin_150_cap100,000000000000000000c0,built_loss,test_site,100,100,84.43400451469196,86.2414796773285,84.43400451469196,0.6211062375410911,0.5978921022524285,0.6598727860522987,0.061980683799870206
spatial_thin_150_cap100,000000000000000000e2,built_loss,test_site,100,73,93.94415228532606,56.1939645772906,56.1939645772906,0.36847209889962235,0.33108867428918815,0.43777582965827233,0.10668715536908419
spatial_thin_150_cap100,000000000000000000f0,built_loss,test_site,100,100,91.01130545281,81.52050241206378,81.52050241206378,0.6403421657108561,0.5786817160501543,0.6886481023409081,0.10996638629075384
spatial_thin_150_cap100,000000000000000000f8,built_loss,test_site,100,100,95.37013105246272,88.73980546099259,88.73980546099259,0.5291144543374916,0.47828775493044334,0.5926429041068928,0.11435514917644946
spatial_thin_150_cap100,0000000000000000011c,built_loss,test_site,100,42,93.40518065817082,33.716153822795285,33.716153822795285,0.6138497351789256,0.5251220318654638,0.6769310290688137,0.15180899720334995
spatial_thin_150_cap100,00000000000000000161,built_loss,test_site,100,100,89.96713548259508,80.84385579094969,80.84385579094969,0.6611254083281686,0.6338017494840478,0.7028613677657947,0.06905961828174689
spatial_thin_150_cap100,0000000000000000016a,built_loss,test_site,100,32,91.9314924561831,24.184186697311254,24.184186697311254,0.31143149734088044,0.20805013963874397,0.3296235655081812,0.12157342586943726
spatial_thin_150_cap100,00000000000000000176,built_loss,test_site,100,100,93.39050567235016,78.82637157323411,78.82637157323411,0.6540220970569688,0.6276746683206891,0.678744103599649,0.05106943527895991
spatial_thin_150_cap100,000000000000000001a8,built_loss,test_site,100,100,90.81787735027574,86.42543182655795,86.42543182655795,0.5276327568848708,0.49464223123318435,0.5709445949554687,0.07630236372228433
spatial_thin_150_cap100,000000000000000001cd,built_loss,test_site,100,100,88.42360076434933,92.2187246630662,88.42360076434933,0.7575622532145331,0.7109062186669066,0.8040677334200164,0.09316151475310974
spatial_thin_150_cap100,000000000000000001e5,built_loss,test_site,100,77,84.71889437101281,59.88454379346913,59.88454379346913,0.5593066366045503,0.5178452063049046,0.61163606555453,0.09379085924962538
spatial_thin_150_cap100,00000000000000000209,built_loss,test_site,100,100,91.03630082882619,90.57027670239519,90.57027670239519,0.5865031571762421,0.5376378716666868,0.6442573596227774,0.10661948795609066
spatial_thin_150_cap100,00000000000000000231,built_loss,test_site,100,100,92.25516720535293,90.08916940758169,90.08916940758169,0.54461918785293,0.4954694758090325,0.5961533562752135,0.10068388046618099
spatial_thin_150_cap100,0000000000000000026d,built_loss,test_site,100,100,90.67947090151326,79.16133278734594,79.16133278734594,0.600566042248593,0.5697612869526105,0.6527877126340687,0.08302642568145813
spatial_thin_150_cap100,00000000000000000278,built_loss,test_site,100,100,86.05826498290573,86.65319568590186,86.05826498290573,0.7592153687642441,0.7199626387118293,0.8015848104516801,0.08162217173985076
spatial_thin_150_cap100,00000000000000000293,built_loss,test_site,100,100,85.2107692890189,80.24685467842684,80.24685467842684,0.4779336991961244,0.4306305829871829,0.5103466747953886,0.07971609180820577
spatial_thin_150_cap100,00000000000000000316,built_loss,test_site,100,7,93.31842486086839,4.554734244732509,4.554734244732509,0.08747182539082556,0.024380997267989077,0.21556366147822478,0.19118266421023572
spatial_thin_150_cap100,00000000000000000356,built_loss,test_site,100,100,86.43411555143479,85.93691431208134,85.93691431208134,0.5291869739731487,0.4732775213710345,0.598418569867898,0.12514104849686347
spatial_thin_150_cap100,00000000000000000362,built_loss,test_site,100,100,90.2953863735658,90.29355616729481,90.29355616729481,0.5649448123426958,0.5222058944730473,0.5960377482590252,0.0738318537859779
spatial_thin_150_cap100,00000000000000000363,built_loss,test_site,100,97,92.66909694846053,73.3144344250089,73.3144344250089,0.23632374373300255,0.20658753813557254,0.2640640998728551,0.05747656173728258
spatial_thin_150_cap100,00000000000000000364,built_loss,test_site,100,100,91.15699517773037,93.12685143387534,91.15699517773037,0.6029107887177297,0.5572890967659979,0.6514698497362887,0.09418075297029083
spatial_thin_150_cap100,00000000000000000380,built_loss,test_site,100,100,93.20067845610606,84.22889593353338,84.22889593353338,0.47111187777781177,0.4516819489720552,0.5097170644462234,0.05803511547416823
spatial_thin_150_cap100,00000000000000000384,built_loss,test_site,100,85,88.97563394994347,60.04198861720098,60.04198861720098,0.5832311688912766,0.5552917832317974,0.6131532711704737,0.05786148793867629
spatial_thin_150_cap100,0000000000000000039e,built_loss,test_site,100,48,92.60858639855346,38.97852272285167,38.97852272285167,0.48139888434795103,0.4490751362769142,0.5199099578592196,0.07083482158230536
spatial_thin_150_cap100,000000000000000003a1,built_loss,test_site,100,80,89.08134061370804,61.38071007017365,61.38071007017365,0.6146328476981971,0.561834866509009,0.6709874140261387,0.10915254751712966
spatial_thin_150_cap100,000000000000000003a5,built_loss,test_site,100,93,91.19252499961698,69.28168203394146,69.28168203394146,0.4188628607652793,0.3666852026337827,0.4706219336820212,0.10393673104823853
spatial_thin_150_cap100,000000000000000003b7,built_loss,test_site,100,63,92.84223008428395,50.79657529056043,50.79657529056043,0.47515229057937985,0.4539530187003297,0.49585519027235486,0.04190217157202514
spatial_thin_150_cap100,000000000000000003bf,built_loss,test_site,100,100,87.24015656197368,87.98852516867632,87.24015656197368,0.5402884484693057,0.5171528185155093,0.5740820003919048,0.05692918187639551
spatial_thin_150_cap100,000000000000000003d2,built_loss,test_site,100,100,90.83272766923285,89.03695544026662,89.03695544026662,0.5808228265764044,0.5288855266553707,0.6400089322153317,0.11112340555996103
spatial_thin_150_cap100,000000000000000003f8,built_loss,test_site,100,36,93.69897579397494,24.613539633657197,24.613539633657197,0.2223079326652498,0.19521607565698534,0.24271252774801988,0.047496452091034536
spatial_thin_150_cap100,000000000000000003fa,built_loss,test_site,100,100,86.72780792721544,89.60316677080073,86.72780792721544,0.41318642993369836,0.3880359676087596,0.4475864810281987,0.05955051341943912
spatial_thin_150_cap100,00000000000000000407,built_loss,test_site,100,100,86.89262704027091,90.09401991638532,86.89262704027091,0.5833673531600828,0.5388180605996178,0.6387660853219429,0.09994802472232511
spatial_thin_150_cap100,0000000000000000040f,built_loss,test_site,100,100,84.61928838842456,81.363869200745,81.363869200745,0.5241438719502445,0.5083469238296541,0.5385666771775922,0.03021975334793814
spatial_thin_150_cap100,00000000000000000426,built_loss,test_site,100,100,80.77132030766218,85.63965739208307,80.77132030766218,0.5703818615039632,0.5382937172214999,0.5904122475365312,0.05211853031503133
spatial_thin_150_cap100,0000000000000000042b,built_loss,test_site,100,100,92.67521155128361,80.87768649051472,80.87768649051472,0.574025914013125,0.5406604009320953,0.6017678362866846,0.06110743535458929
spatial_thin_150_cap100,00000000000000000442,built_loss,test_site,100,25,91.61643258797841,15.444700204100057,15.444700204100057,0.3271451371124557,0.2290130063628312,0.5522093042629685,0.3231962979001374
spatial_thin_150_cap100,00000000000000000465,built_loss,test_site,100,100,91.3479380860521,88.84407767014935,88.84407767014935,0.6224967375700613,0.5882010112583137,0.6614548914596864,0.07325388020137269
spatial_thin_150_cap100,0000000000000000047e,built_loss,test_site,100,91,94.07151897949755,70.19866223059331,70.19866223059331,0.5170596016064664,0.48127566548971434,0.5422758365089712,0.06100017101925681
spatial_thin_150_cap100,00000000000000000490,built_loss,test_site,100,100,92.82732454946057,90.5289352070773,90.5289352070773,0.6377194926063584,0.6044500226251747,0.6717967717762784,0.06734674915110372
spatial_thin_150_cap100,000000000000000004c0,built_loss,test_site,100,100,92.57887600650487,85.85862807093471,85.85862807093471,0.6401945745976679,0.6054243374072081,0.6739610472392948,0.0685367098320867
spatial_thin_150_cap100,000000000000000004c5,built_loss,test_site,100,61,88.82433417522162,42.976826727035565,42.976826727035565,0.550723393970138,0.5071392158564408,0.5918721940900907,0.08473297823364989
spatial_thin_150_cap100,000000000000000004d9,built_loss,test_site,100,100,90.79211879768444,87.69858009674104,87.69858009674104,0.5561018306310377,0.5202082506810479,0.5893381197106013,0.06912986902955343
spatial_thin_150_cap100,000000000000000004eb,built_loss,test_site,100,100,90.5957884305482,87.87701447183224,87.87701447183224,0.4488012875324801,0.4263991109018972,0.47859003656821847,0.052190925666321275
spatial_thin_150_cap100,000000000000000004f7,built_loss,test_site,100,43,91.96759277248998,32.83842398020569,32.83842398020569,0.48670651165210205,0.44126110828011134,0.5000049734230663,0.05874386514295493
spatial_thin_150_cap100,000000000000000004fe,built_loss,test_site,100,74,92.57443800745483,54.00537882390597,54.00537882390597,0.49609134478837535,0.46211699166684134,0.5138388186744175,0.05172182700757616
spatial_thin_150_cap100,0000000000000000051d,built_loss,test_site,100,72,91.75462641375603,60.361850088399905,60.361850088399905,0.4954642689996401,0.3788119825228265,0.6138865117261271,0.23507452920330058
spatial_thin_150_cap100,00000000000000000559,built_loss,test_site,100,100,91.66137528186934,87.0248736153784,87.0248736153784,0.6741041069774953,0.6322178557203073,0.714765803512637,0.08254794779232966
spatial_thin_150_cap100,00000000000000000576,built_loss,test_site,100,49,93.29384094536071,32.79480359098107,32.79480359098107,0.25450867554439827,0.22070247081332767,0.29363320748173166,0.072930736668404
spatial_thin_150_cap100,00000000000000000577,built_loss,test_site,100,58,92.75133391358865,37.96956363884813,37.96956363884813,0.47347093486579384,0.36845002093824375,0.5568707336873132,0.18842071274906946
spatial_thin_150_cap100,0000000000000000057f,built_loss,test_site,100,17,88.49551682014739,10.66952772004046,10.66952772004046,0.33330027669990175,0.28464576153156446,0.3961428833407717,0.11149712180920723
spatial_thin_150_cap100,00000000000000000594,built_loss,test_site,100,73,92.4709534875862,62.73826860840082,62.73826860840082,0.5740685403738711,0.4752097344780868,0.6693143553534896,0.1941046208754028
spatial_thin_150_cap100,000000000000000005ad,built_loss,test_site,100,100,92.58812977410213,84.21632523776849,84.21632523776849,0.6431726482194564,0.6043686907800705,0.6892314067624596,0.08486271598238915
spatial_thin_150_cap100,000000000000000005bf,built_loss,test_site,100,100,90.32862436982036,80.1477170410482,80.1477170410482,0.3936072591128051,0.36701219989197137,0.42436648680295946,0.057354286910988095
spatial_thin_150_cap100,000000000000000005cc,built_loss,test_site,100,61,87.95999085531403,44.98926682049649,44.98926682049649,0.3601615190517055,0.34338177303380013,0.3874888798469486,0.044107106813148445
spatial_thin_150_cap100,000000000000000005de,built_loss,test_site,100,100,88.119584087102,81.6712018809972,81.6712018809972,0.43122641503002324,0.4090223731551548,0.4435093251895065,0.0344869520343517
spatial_thin_150_cap100,000000000000000005e7,built_loss,test_site,100,100,85.39917759519466,92.62385095164656,85.39917759519466,0.6465307941266649,0.5634366776487467,0.6832843902912027,0.11984771264245597
spatial_thin_150_cap100,000000000000000005f9,built_loss,test_site,100,81,91.0860624938781,59.06092189983006,59.06092189983006,0.6287433187174837,0.5672889274109026,0.6561441202440166,0.08885519283311394
spatial_thin_150_cap100,0000000000000000061c,built_loss,test_site,100,79,91.65518847679115,62.03551717290526,62.03551717290526,0.3947485578706775,0.3608758739843387,0.4395105254932171,0.07863465150887844
spatial_thin_150_cap100,00000000000000000624,built_loss,test_site,100,27,87.09907560483683,17.875525807952357,17.875525807952357,0.45378995220737606,0.40055314160363176,0.5324463798844613,0.13189323828082955
spatial_thin_150_cap100,00000000000000000626,built_loss,test_site,100,100,90.39581050879401,80.95015581465502,80.95015581465502,0.5037534192654171,0.4799194484674674,0.5263929657020768,0.04647351723460941
spatial_thin_150_cap100,0000000000000000062a,built_loss,test_site,100,100,90.25826776993433,85.57566201725717,85.57566201725717,0.5720365090082381,0.5372576977375316,0.614811977601203,0.07755427986367136
spatial_thin_150_cap100,00000000000000000636,built_loss,test_site,100,88,90.76426446096887,69.90201621935717,69.90201621935717,0.49916117485208156,0.40265999952616066,0.5841792677916118,0.18151926826545112
spatial_thin_150_cap100,0000000000000000064a,built_loss,test_site,100,21,95.16290713203158,12.90526948893147,12.90526948893147,0.3069694508840384,0.27354931357825085,0.3298995073119457,0.056350193733694875
spatial_thin_150_cap100,0000000000000000064d,built_loss,test_site,100,64,91.52176284534,51.749410518782675,51.749410518782675,0.40961234866217744,0.38346372062361617,0.4529817607403247,0.06951804011670853
spatial_thin_150_cap100,00000000000000000694,built_loss,test_site,100,100,91.10698424127798,76.86362762633932,76.86362762633932,0.3688340951756597,0.35591073930724093,0.3893119357736561,0.03340119646641515
spatial_thin_150_cap100,0000000000000000069d,built_loss,test_site,100,100,89.925242455878,88.21174885657796,88.21174885657796,0.6326419948088047,0.6028963833887736,0.6711317029850735,0.06823531959629991
spatial_thin_150_cap100,000000000000000006b7,built_loss,test_site,100,100,91.08150363426759,77.75604772082204,77.75604772082204,0.46433053072104324,0.4346693935450368,0.4895426644841084,0.05487327093907157
spatial_thin_150_cap100,000000000000000006df,built_loss,test_site,100,65,89.75790566727791,48.834475458376744,48.834475458376744,0.2382974301118803,0.20411890355060192,0.30667044625683726,0.10255154270623534
spatial_thin_150_cap100,000000000000000006e3,built_loss,test_site,100,96,91.01616905129917,79.67792775473362,79.67792775473362,0.42931444123407586,0.3862205615188683,0.4714160072441456,0.08519544572527732
spatial_thin_150_cap100,00000000000000000011,crop_loss,test_site,100,100,90.43298906707481,87.25769404512424,87.25769404512424,0.7985706364375077,0.4814775661198198,0.8579355048540588,0.376457938734239
spatial_thin_150_cap100,0000000000000000002b,crop_loss,test_site,100,100,93.82104546985882,88.79120442708316,88.79120442708316,0.18189988541777932,0.12283846409494592,0.24490777691652182,0.1220693128215759
spatial_thin_150_cap100,0000000000000000002d,crop_loss,test_site,100,100,90.36629905019912,91.77177304590157,90.36629905019912,0.46768297545684906,0.43404601737579435,0.5025390682007929,0.06849305082499851
spatial_thin_150_cap100,0000000000000000003a,crop_loss,test_site,100,100,86.9199946117607,93.42692409741022,86.9199946117607,0.2832473326282487,0.23685407532538022,0.32245640712814533,0.08560233180276511
spatial_thin_150_cap100,0000000000000000009b,crop_loss,test_site,100,74,84.76995973782154,58.65042962378425,58.65042962378425,0.48646737051869515,0.4790678155344248,0.496255327339291,0.017187511804866218
spatial_thin_150_cap100,0000000000000000009d,crop_loss,test_site,100,28,95.28080077015369,23.034867053594525,23.034867053594525,0.36240098989251457,0.30055632097685403,0.4149716481740078,0.11441532719715375
spatial_thin_150_cap100,000000000000000000a8,crop_loss,test_site,100,99,93.7849003516715,83.12346119547318,83.12346119547318,0.20352369854828817,0.19173854374214197,0.22051384372941746,0.028775299987275488
spatial_thin_150_cap100,000000000000000000da,crop_loss,test_site,100,100,79.13613244867733,91.20231479940443,79.13613244867733,0.7621748996827991,0.7298631586507938,0.7787315758226585,0.04886841717186474
spatial_thin_150_cap100,000000000000000000e3,crop_loss,test_site,100,100,90.53780164496908,89.93382754836445,89.93382754836445,0.5034855120459725,0.4573560225713479,0.5504418032568599,0.09308578068551199
spatial_thin_150_cap100,000000000000000000e9,crop_loss,test_site,100,33,90.4581734390346,23.612635046257985,23.612635046257985,0.4165009208426626,0.32489763483489364,0.4681961275570591,0.14329849272216544
spatial_thin_150_cap100,0000000000000000011b,crop_loss,test_site,100,100,95.61625252297623,80.51748144606402,80.51748144606402,0.4810785846737198,0.45204239726622103,0.5033379316564934,0.0512955343902724
spatial_thin_150_cap100,00000000000000000128,crop_loss,test_site,100,100,82.27486480603405,85.52920541351487,82.27486480603405,0.5458471032755403,0.5292966323282784,0.5602026772696624,0.030906044941384048
spatial_thin_150_cap100,00000000000000000192,crop_loss,test_site,100,100,91.93470809324029,87.62539768336754,87.62539768336754,0.5585791523372093,0.5422148548204981,0.5741269788430625,0.03191212402256438
spatial_thin_150_cap100,00000000000000000196,crop_loss,test_site,100,73,92.05120623632882,59.95324633142005,59.95324633142005,0.23390414230027248,0.2131985426797097,0.26145045508185516,0.048251912402145464
spatial_thin_150_cap100,000000000000000001a6,crop_loss,test_site,100,100,91.49996843895018,85.32906924594143,85.32906924594143,0.3077518659603339,0.2310327972766802,0.35835785845340556,0.12732506117672537
spatial_thin_150_cap100,000000000000000001e4,crop_loss,test_site,100,100,84.1975408475408,92.76033992948462,84.1975408475408,0.48551543452070445,0.46021654293075714,0.5129538343748047,0.05273729144404754
spatial_thin_150_cap100,000000000000000001f9,crop_loss,test_site,100,100,89.73405870654464,88.12193506173045,88.12193506173045,0.4953599692167708,0.416680131769532,0.7187231812979509,0.30204304952841887
spatial_thin_150_cap100,00000000000000000228,crop_loss,test_site,100,100,89.19133922155619,76.95121564859762,76.95121564859762,0.4788046456842063,0.3244183110548196,0.5345531082061062,0.21013479715128663
spatial_thin_150_cap100,0000000000000000028c,crop_loss,test_site,100,27,88.16017969978884,22.536503422274183,22.536503422274183,0.4058571845934564,0.33595040025128226,0.5532601166573823,0.21730971640610003
spatial_thin_150_cap100,0000000000000000028d,crop_loss,test_site,100,85,92.64976262686211,74.5190249314966,74.5190249314966,0.6629602761653572,0.6173533870364253,0.706629280295665,0.08927589325923968
spatial_thin_150_cap100,00000000000000000291,crop_loss,test_site,100,69,91.47552703631186,51.981099841951945,51.981099841951945,0.8776154893018229,0.8451219424704652,0.8914928161154079,0.046370873644942634
spatial_thin_150_cap100,000000000000000002c5,crop_loss,test_site,100,100,89.7613615715867,80.53277013070631,80.53277013070631,0.33854635838839214,0.26814128584796854,0.38137311032407845,0.11323182447610991
spatial_thin_150_cap100,000000000000000002dc,crop_loss,test_site,100,100,92.37716586510217,90.3428150473453,90.3428150473453,0.6687782710252473,0.6204615591985344,0.699665582946067,0.07920402374753255
spatial_thin_150_cap100,000000000000000002e4,crop_loss,test_site,100,100,89.39547880708756,92.6854326401176,89.39547880708756,0.3150459213848748,0.2746646500209841,0.3789295986120926,0.10426494859110846
spatial_thin_150_cap100,000000000000000002ec,crop_loss,test_site,100,100,91.84461666212275,92.21621988553154,91.84461666212275,0.4790764685999482,0.44344254790352144,0.5427040818992174,0.09926153399569593
spatial_thin_150_cap100,00000000000000000314,crop_loss,test_site,100,100,92.5678265857282,81.23970874585262,81.23970874585262,0.09945794609187548,0.07134883488597372,0.1275790772382011,0.056230242352227386
spatial_thin_150_cap100,00000000000000000335,crop_loss,test_site,100,100,90.3650676797172,90.2073595497903,90.2073595497903,0.46557205409247004,0.43319317839576726,0.5046505554531884,0.07145737705742111
spatial_thin_150_cap100,0000000000000000033a,crop_loss,test_site,100,100,88.84939018065037,91.69781460360818,88.84939018065037,0.5523018326772914,0.5088931317560873,0.5883574378523933,0.07946430609630595
spatial_thin_150_cap100,000000000000000003b0,crop_loss,test_site,100,100,89.04975826008467,87.82686388798426,87.82686388798426,0.2024061943822735,0.17433129617353257,0.259380357544596,0.08504906137106341
spatial_thin_150_cap100,000000000000000003c8,crop_loss,test_site,100,100,90.85498462661361,83.5127047048726,83.5127047048726,0.20486800182900403,0.18279171063268365,0.22981834540342747,0.047026634770743814
spatial_thin_150_cap100,000000000000000003f1,crop_loss,test_site,100,100,90.4797564078213,89.47093422113974,89.47093422113974,0.4551102735797338,0.41401671505311094,0.4886983773615498,0.07468166230843887
spatial_thin_150_cap100,000000000000000003f2,crop_loss,test_site,100,100,88.10486053662005,86.95490533402479,86.95490533402479,0.473510460737176,0.4419108183257001,0.49688575950910746,0.054974941183407344
spatial_thin_150_cap100,0000000000000000044b,crop_loss,test_site,100,57,93.53531469122228,39.815882240749815,39.815882240749815,0.5462651101182145,0.5246007595138638,0.5665538941629114,0.041953134649047596
spatial_thin_150_cap100,0000000000000000046c,crop_loss,test_site,100,100,88.44245228998153,89.76668922053614,88.44245228998153,0.5248603920366467,0.4386215506466619,0.5825209776140207,0.14389942696735875
spatial_thin_150_cap100,00000000000000000480,crop_loss,test_site,100,52,94.27243779715978,36.64945062979997,36.64945062979997,0.8565025493260983,0.8159254232675963,0.8851443420422478,0.06921891877465147
spatial_thin_150_cap100,00000000000000000483,crop_loss,test_site,100,51,93.38164683809423,40.00194306171006,40.00194306171006,0.7421213727795111,0.703096749017093,0.7714767174702748,0.06837996845318184
spatial_thin_150_cap100,00000000000000000485,crop_loss,test_site,100,100,88.07716734165254,95.07906359915367,88.07716734165254,0.6982095631646136,0.6682723625567335,0.7176585689572406,0.04938620640050706
spatial_thin_150_cap100,00000000000000000497,crop_loss,test_site,100,100,92.45505723452406,84.57422099154388,84.57422099154388,0.2212441544933062,0.19769401326503577,0.26982871323155233,0.07213469996651656
spatial_thin_150_cap100,0000000000000000049b,crop_loss,test_site,100,100,91.91440616031464,86.99214684652854,86.99214684652854,0.35632773668605555,0.33584359483987664,0.38001407383161095,0.04417047899173432
spatial_thin_150_cap100,000000000000000004a1,crop_loss,test_site,100,100,84.00126492858082,89.14229629090057,84.00126492858082,0.381568387327989,0.3406200105408312,0.42233721828643894,0.08171720774560776
spatial_thin_150_cap100,000000000000000004e7,crop_loss,test_site,100,92,88.6055532093409,71.49277129266895,71.49277129266895,0.4794127655508364,0.46370609620261033,0.5071842997427679,0.04347820354015758
spatial_thin_150_cap100,000000000000000004e9,crop_loss,test_site,100,75,94.57360782890433,54.95430000122147,54.95430000122147,0.402825851375643,0.3171590879518355,0.4956588772752553,0.1784997893234198
spatial_thin_150_cap100,000000000000000004ee,crop_loss,test_site,100,84,93.69450472986519,64.03855082868336,64.03855082868336,0.41672384741480656,0.3247369428983629,0.4737843171873495,0.14904737428898657
spatial_thin_150_cap100,000000000000000004f9,crop_loss,test_site,100,100,90.12311193581023,83.55744778701622,83.55744778701622,0.42393304883799426,0.33108578519266807,0.48023501810087343,0.14914923290820536
spatial_thin_150_cap100,00000000000000000517,crop_loss,test_site,100,100,93.7778331338566,78.47425870417956,78.47425870417956,0.2928177141657527,0.21450985167105843,0.4237221513436862,0.20921229967262775
spatial_thin_150_cap100,00000000000000000538,crop_loss,test_site,100,1,89.05355880823268,1.0,1.0,0.27956742745079466,0.2659514546313459,0.2979827312465225,0.03203127661517663
spatial_thin_150_cap100,0000000000000000057e,crop_loss,test_site,100,26,90.86120748883187,22.13275659129358,22.13275659129358,0.4909516282701734,0.4743856206634323,0.519731590343984,0.04534596968055166
spatial_thin_150_cap100,000000000000000005d1,crop_loss,test_site,100,77,92.64172917180218,54.526625257067415,54.526625257067415,0.14477944487839897,0.11943959495802753,0.17978320515387677,0.060343610195849245
spatial_thin_150_cap100,00000000000000000611,crop_loss,test_site,100,100,92.20632694959085,88.9039551862052,88.9039551862052,0.6542864257924159,0.6202456677745807,0.6931617493343605,0.0729160815597798
spatial_thin_150_cap100,0000000000000000062f,crop_loss,test_site,100,100,89.7673289006343,87.33730792193602,87.33730792193602,0.5394611376848787,0.43871577399936007,0.5986946740619049,0.15997890006254484
spatial_thin_150_cap100,00000000000000000632,crop_loss,test_site,100,60,91.02135211828694,44.32853727168439,44.32853727168439,0.0910405426668296,0.06641868114031155,0.10939179439405297,0.042973113253741424
spatial_thin_150_cap100,0000000000000000063e,crop_loss,test_site,100,100,85.21768536763791,89.88368907489621,85.21768536763791,0.29670663811805936,0.2670309823634538,0.333394808062034,0.06636382569858018
spatial_thin_150_cap100,00000000000000000655,crop_loss,test_site,100,100,89.32288527466498,81.01167145619199,81.01167145619199,0.5170118015194289,0.43911123536335966,0.5923235257346398,0.1532122903712801
spatial_thin_150_cap100,00000000000000000697,crop_loss,test_site,100,100,92.65239833361453,94.25301822783739,92.65239833361453,0.6202713369214822,0.5749053386226094,0.6605995340765496,0.08569419545394019
spatial_thin_150_cap100,00000000000000000698,crop_loss,test_site,74,100,57.22297885982871,92.60184856418965,57.22297885982871,0.42927253123218295,0.3868441136711484,0.4741183607909324,0.08727424711978399
spatial_thin_150_cap100,000000000000000006a8,crop_loss,test_site,100,100,88.38118234986973,90.28215926483357,88.38118234986973,0.3016282118435756,0.25961977006275744,0.3491250540929935,0.08950528403023605
spatial_thin_150_cap100,000000000000000006b4,crop_loss,test_site,100,100,88.7417323986859,93.6009722171488,88.7417323986859,0.5555081179106199,0.48673089875390596,0.6081394277148996,0.12140852896099363
spatial_thin_150_cap100,000000000000000006be,crop_loss,test_site,100,72,87.96057072948062,53.343777658064575,53.343777658064575,0.3924091082629171,0.3618636726079568,0.44164301519595855,0.07977934258800173
spatial_thin_150_cap100,000000000000000006c0,crop_loss,test_site,100,12,93.49533833300023,8.308645383936488,8.308645383936488,0.22071489338050093,0.18174038924810026,0.5550020854934953,0.373261696245395
spatial_thin_150_cap100,000000000000000006ce,crop_loss,test_site,100,100,93.02044605737902,74.54396947104907,74.54396947104907,0.602976478956095,0.5320052106685351,0.6502236681846795,0.11821845751614435
spatial_thin_150_cap100,000000000000000006d9,crop_loss,test_site,100,100,82.27548178540259,90.32636128785387,82.27548178540259,0.21998586997824746,0.18259730045007033,0.2555517040100683,0.072954403559998
spatial_thin_150_cap100,000000000000000006e5,crop_loss,test_site,100,100,88.10086350159251,91.95619172852659,88.10086350159251,0.5126143980687725,0.46493519867045563,0.5538321072434059,0.0888969085729503
spatial_thin_150_cap100,00000000000000000151,built_loss,test_site,100,56,91.7857419204666,44.791136017768366,44.791136017768366,0.27744644224225257,0.24937744763544573,0.3135902523908725,0.06421280475542679
spatial_thin_150_cap100,000000000000000001be,built_loss,test_site,100,14,89.3482418146141,13.57730440121193,13.57730440121193,0.4230584819931755,0.3857733912161105,0.4996778636789556,0.11390447246284513
spatial_thin_150_cap100,0000000000000000034d,built_loss,test_site,100,29,94.07653329650317,21.690296615063165,21.690296615063165,0.391179944447954,0.35317774653234124,0.4369111918270614,0.08373344529472015
spatial_thin_150_cap100,000000000000000003c7,crop_loss,test_site,100,79,91.31875792549563,66.91228551209726,66.91228551209726,0.6872671701262434,0.6415329907332711,0.737320390982776,0.09578740024950494
spatial_thin_150_cap100,0000000000000000004a,built_loss,test_site,100,54,92.46935278105911,36.27731412344593,36.27731412344593,0.4517854231191041,0.4314208840662733,0.4610101518212743,0.02958926775500098
spatial_thin_150_cap100,00000000000000000206,built_loss,test_site,100,100,86.081328456302,88.1761046833273,86.081328456302,0.7138692871406476,0.6394045092382108,0.7568399700451895,0.11743546080697875
spatial_thin_150_cap100,000000000000000002a4,built_loss,test_site,100,53,92.82134450517023,37.90837617170812,37.90837617170812,0.3892130401231128,0.35925378740103414,0.412186663137896,0.05293287573686184
spatial_thin_150_cap100,000000000000000004f5,built_loss,test_site,100,48,90.71066326398147,28.668742925110358,28.668742925110358,0.46096066380859574,0.4207019968236938,0.5142179118775431,0.09351591505384926
spatial_thin_150_cap100,000000000000000002cc,crop_loss,test_site,100,82,91.81151618878876,60.43734525844302,60.43734525844302,0.4104469529492801,0.31874746520796443,0.52707089867519,0.20832343346722554
spatial_thin_150_cap100,000000000000000006cc,crop_loss,test_site,91,100,72.95463778362897,93.84039343925961,72.95463778362897,0.3576682852814081,0.33263542061825535,0.3960457243738157,0.06341030375556034
spatial_thin_150_cap100,0000000000000000016c,crop_loss,test_site,100,100,91.36645618551415,88.3889407437497,88.3889407437497,0.4742085184832732,0.4285388298910559,0.5073340289609232,0.07879519906986726
spatial_thin_250_cap100,00000000000000000085,built_loss,test_site,100,47,98.05569277311112,44.779907254889324,44.779907254889324,0.3673622914614483,0.3255655078216761,0.41474882854000555,0.08918332071832946
spatial_thin_250_cap100,00000000000000000114,built_loss,test_site,70,74,68.68149133617781,71.01813554206721,68.68149133617781,0.6692629822439201,0.6161635807973862,0.6969334813507374,0.0807699005533512
spatial_thin_250_cap100,0000000000000000024c,built_loss,test_site,100,67,97.71062598480296,64.75459219295229,64.75459219295229,0.6902719675926374,0.6387222297766497,0.7355702732839682,0.09684804350731846
spatial_thin_250_cap100,00000000000000000375,built_loss,test_site,83,91,80.8383963752687,88.89466456718631,80.8383963752687,0.6562840079576003,0.6156666680897076,0.687004914496684,0.07133824640697639
spatial_thin_250_cap100,000000000000000004d2,built_loss,test_site,100,67,97.90532108919294,64.9531569067989,64.9531569067989,0.58172062913889,0.53939714337971,0.6404736566911371,0.10107651331142709
spatial_thin_250_cap100,000000000000000005bd,built_loss,test_site,95,9,92.74777642784768,8.711572137571057,8.711572137571057,0.5588141319096228,0.41718244869281823,0.7510923223825626,0.3339098736897444
spatial_thin_250_cap100,00000000000000000281,crop_loss,test_site,96,100,93.94640432151584,97.2156758743631,93.94640432151584,0.5098723479018714,0.4760368414645688,0.5355756006638905,0.05953875919932172
spatial_thin_250_cap100,000000000000000003a2,crop_loss,test_site,70,100,68.18865656351426,97.34344611191344,68.18865656351426,0.3429688977425304,0.25846918448471456,0.41840575167530336,0.1599365671905888
spatial_thin_250_cap100,00000000000000000001,built_loss,test_site,100,61,98.25875822361506,60.026455713577064,60.026455713577064,0.4395915503519451,0.40324044414694105,0.48455662516930076,0.08131618102235971
spatial_thin_250_cap100,00000000000000000049,built_loss,test_site,97,16,95.23896043443511,15.86889227880879,15.86889227880879,0.45930585581921196,0.3980472989210043,0.51196335463597,0.11391605571496566
spatial_thin_250_cap100,0000000000000000004f,built_loss,test_site,100,78,98.34321854616772,77.05413418409015,77.05413418409015,0.4525398988039884,0.36274674435047444,0.5163664345947456,0.1536196902442712
spatial_thin_250_cap100,0000000000000000005a,built_loss,test_site,100,75,98.04086187301075,73.11097118114711,73.11097118114711,0.4372256208913728,0.417421224420776,0.46341246892237575,0.04599124450159975
spatial_thin_250_cap100,00000000000000000079,built_loss,test_site,100,100,98.88912609239588,98.22455412055169,98.22455412055169,0.6190955930500146,0.5823404253394506,0.6655113712364817,0.08317094589703111
spatial_thin_250_cap100,00000000000000000087,built_loss,test_site,100,100,98.29969397700151,97.53044899456513,97.53044899456513,0.5879149621966007,0.5164772660529016,0.6405066312335195,0.12402936518061791
spatial_thin_250_cap100,000000000000000000a1,built_loss,test_site,100,24,98.93139332299242,23.25565202893695,23.25565202893695,0.3939066737765568,0.3383128878367749,0.46471948448337885,0.12640659664660397
spatial_thin_250_cap100,000000000000000000b8,built_loss,test_site,100,28,98.50143293811544,26.342669969550798,26.342669969550798,0.49333362135127107,0.2597264814939411,0.6196278170239347,0.35990133552999354
spatial_thin_250_cap100,000000000000000000c0,built_loss,test_site,89,90,86.6597153519723,87.37267440995916,86.6597153519723,0.6076603188670016,0.5593246439941979,0.6499691637204401,0.09064451972624221
spatial_thin_250_cap100,000000000000000000e2,built_loss,test_site,100,45,98.42739568758154,44.110095857669926,44.110095857669926,0.3626756970689227,0.3242846069573083,0.4276934722947378,0.10340886533742949
spatial_thin_250_cap100,000000000000000000f0,built_loss,test_site,100,76,98.65755977425492,73.79759147131794,73.79759147131794,0.6167101700987218,0.5633059288783245,0.6872727021590065,0.12396677328068195
spatial_thin_250_cap100,000000000000000000f8,built_loss,test_site,100,100,99.00146471711611,97.32631267946806,97.32631267946806,0.5523426456809662,0.5113548815013521,0.5861645462845086,0.07480966478315654
spatial_thin_250_cap100,0000000000000000011c,built_loss,test_site,100,29,98.95095165536263,28.438964827341586,28.438964827341586,0.5697441635514976,0.48648583456479655,0.6579282872620625,0.171442452697266
spatial_thin_250_cap100,00000000000000000161,built_loss,test_site,100,84,98.25404650513609,81.86807883151658,81.86807883151658,0.6461346280426572,0.6081930482485878,0.6845256110021716,0.0763325627535838
spatial_thin_250_cap100,0000000000000000016a,built_loss,test_site,100,20,98.85062022568131,19.73005360681273,19.73005360681273,0.26404646517212504,0.22901636902740494,0.332207071301753,0.10319070227434804
spatial_thin_250_cap100,00000000000000000176,built_loss,test_site,100,75,98.51552427620041,72.97691251075072,72.97691251075072,0.6203692690793702,0.557366640741943,0.6524171099912702,0.09505046924932725
spatial_thin_250_cap100,000000000000000001a8,built_loss,test_site,100,100,98.5836706322492,98.03708803827955,98.03708803827955,0.5212999063351993,0.4914620575066156,0.5654038362034922,0.07394177869687663
spatial_thin_250_cap100,000000000000000001cd,built_loss,test_site,100,100,97.47924314565495,98.35955497750874,97.47924314565495,0.7262252596468871,0.6952834638316319,0.7744725244377662,0.07918906060613429
spatial_thin_250_cap100,000000000000000001e5,built_loss,test_site,78,47,75.69844913272395,46.02716008143305,46.02716008143305,0.5649419798395121,0.5241494316892726,0.6307855069063388,0.1066360752170662
spatial_thin_250_cap100,00000000000000000209,built_loss,test_site,100,100,98.94761820185691,98.41408146197209,98.41408146197209,0.6033609723278962,0.5579979594462285,0.6536081482943183,0.0956101888480898
spatial_thin_250_cap100,00000000000000000231,built_loss,test_site,100,100,98.72544816062013,98.08817903417399,98.08817903417399,0.5415138230006139,0.49967566604448976,0.5857849880361713,0.08610932199168153
spatial_thin_250_cap100,0000000000000000026d,built_loss,test_site,100,72,98.32542171387267,69.54280701465191,69.54280701465191,0.5976246245303866,0.5525753232355877,0.6397573060017961,0.08718198276620848
spatial_thin_250_cap100,00000000000000000278,built_loss,test_site,91,85,88.77277395321441,83.79561166221121,83.79561166221121,0.7253259949565338,0.6889093920701975,0.7534369609830874,0.06452756891288991
spatial_thin_250_cap100,00000000000000000293,built_loss,test_site,83,79,81.3977707684321,77.94095932344241,77.94095932344241,0.4686814792726562,0.43202799079347176,0.503829917654655,0.07180192686118325
spatial_thin_250_cap100,00000000000000000316,built_loss,test_site,100,4,98.30312514988799,3.866034581582721,3.866034581582721,0.07754755512583454,0.018617299513317614,0.19229941882230342,0.1736821193089858
spatial_thin_250_cap100,00000000000000000356,built_loss,test_site,92,91,89.93330511280566,89.19758368172172,89.19758368172172,0.5448589719500118,0.46909096380318854,0.6099446577535944,0.14085369395040587
spatial_thin_250_cap100,00000000000000000362,built_loss,test_site,100,100,98.78698250648341,97.54870589057916,97.54870589057916,0.5387525941851466,0.5033837270587317,0.5711164938220689,0.06773276676333717
spatial_thin_250_cap100,00000000000000000363,built_loss,test_site,100,60,97.9907215250096,57.76979394954908,57.76979394954908,0.26153101744229057,0.23490757092665263,0.30795142867616665,0.07304385774951402
spatial_thin_250_cap100,00000000000000000364,built_loss,test_site,95,100,93.20591925237582,99.00922310201118,93.20591925237582,0.5931840464824085,0.5566712835259767,0.6417454582396324,0.08507417471365564
spatial_thin_250_cap100,00000000000000000380,built_loss,test_site,100,79,98.39147777107063,77.5001553990559,77.5001553990559,0.49240179565290165,0.4641856406816944,0.5251467561658847,0.06096111548419031
spatial_thin_250_cap100,00000000000000000384,built_loss,test_site,100,46,98.09223968872784,43.97703891900646,43.97703891900646,0.5705125530941683,0.5457986090852828,0.6079396185064281,0.06214100942114531
spatial_thin_250_cap100,0000000000000000039e,built_loss,test_site,100,37,98.57628058901497,35.89752373537628,35.89752373537628,0.47304078612703926,0.4312033407900319,0.4952220401459124,0.0640186993558805
spatial_thin_250_cap100,000000000000000003a1,built_loss,test_site,100,50,98.2420871687373,48.02748845338508,48.02748845338508,0.6423303649383977,0.5825559147913604,0.6673670782243705,0.0848111634330101
spatial_thin_250_cap100,000000000000000003a5,built_loss,test_site,100,55,98.88793890792357,53.341325020325904,53.341325020325904,0.3958668870606563,0.3591689565297023,0.47561394329385137,0.11644498676414905
spatial_thin_250_cap100,000000000000000003b7,built_loss,test_site,100,44,98.28267807607301,43.350142409731575,43.350142409731575,0.4774003060632459,0.44900275162180725,0.5009799037536252,0.05197715213181797
spatial_thin_250_cap100,000000000000000003bf,built_loss,test_site,100,100,98.28601816853906,98.17585597909377,98.17585597909377,0.5457991151883366,0.5114965204571433,0.5716501989128039,0.06015367845566055
spatial_thin_250_cap100,000000000000000003d2,built_loss,test_site,100,100,98.3803751064826,98.03265895460996,98.03265895460996,0.61590280376546,0.5545806520716331,0.6606437387873387,0.10606308671570563
spatial_thin_250_cap100,000000000000000003f8,built_loss,test_site,100,19,98.8228852774519,18.41249827953646,18.41249827953646,0.2371753899299357,0.17629054144196946,0.2608136094731229,0.08452306803115342
spatial_thin_250_cap100,000000000000000003fa,built_loss,test_site,96,100,94.24295555344493,98.35824161716151,94.24295555344493,0.43292843119654645,0.39643138315827636,0.45934379022729904,0.06291240706902268
spatial_thin_250_cap100,00000000000000000407,built_loss,test_site,98,100,94.89292793416122,98.20063727109742,94.89292793416122,0.575818528080321,0.526110248788853,0.6210349464237302,0.09492469763487721
spatial_thin_250_cap100,0000000000000000040f,built_loss,test_site,87,62,84.91680926742978,59.84454978708595,59.84454978708595,0.5226205553864742,0.5055374888499752,0.5437807496088941,0.03824326075891893
spatial_thin_250_cap100,00000000000000000426,built_loss,test_site,76,87,74.13128283509575,84.46685310678322,74.13128283509575,0.5666374936647786,0.5326008983116051,0.5965899545630189,0.06398905625141382
spatial_thin_250_cap100,0000000000000000042b,built_loss,test_site,100,75,99.01464500585183,73.49672605924404,73.49672605924404,0.5634296247347355,0.5166803602280995,0.6023497250205193,0.08566936479241982
spatial_thin_250_cap100,00000000000000000442,built_loss,test_site,100,13,98.4548778259815,12.24828147167963,12.24828147167963,0.37474647225297686,0.25025739713080064,0.6152496543795989,0.36499225724879825
spatial_thin_250_cap100,00000000000000000465,built_loss,test_site,100,100,98.3985601068265,97.97299683960556,97.97299683960556,0.6063084414102098,0.5740974656299891,0.6416888669248291,0.06759140129483998
spatial_thin_250_cap100,0000000000000000047e,built_loss,test_site,100,60,98.46096040479745,58.44897075283071,58.44897075283071,0.5160154052287331,0.46550171694356074,0.5582368127636652,0.09273509582010447
spatial_thin_250_cap100,00000000000000000490,built_loss,test_site,100,100,98.59310515290984,98.28895234452044,98.28895234452044,0.6390665213408647,0.6107857002947861,0.6877186568818451,0.07693295658705901
spatial_thin_250_cap100,000000000000000004c0,built_loss,test_site,100,92,98.45236158636752,89.28441997820565,89.28441997820565,0.628129655425814,0.593242154958309,0.6586274632675447,0.06538530830923572
spatial_thin_250_cap100,000000000000000004c5,built_loss,test_site,100,33,97.82919954776183,31.736362029014447,31.736362029014447,0.5454922122968967,0.5037614973317929,0.6018356613336935,0.09807416400190061
spatial_thin_250_cap100,000000000000000004d9,built_loss,test_site,100,90,98.50942663720508,88.31016737672991,88.31016737672991,0.5472138023787564,0.5073264215141413,0.5726955432920339,0.06536912177789256
spatial_thin_250_cap100,000000000000000004eb,built_loss,test_site,100,100,98.39315157983805,97.83415301444623,97.83415301444623,0.44734374031305474,0.4262677447289938,0.4718227834226908,0.04555503869369698
spatial_thin_250_cap100,000000000000000004f7,built_loss,test_site,100,29,97.9395049017126,28.083652179865865,28.083652179865865,0.4704279731594099,0.43508557240332485,0.49663496180654854,0.06154938940322369
spatial_thin_250_cap100,000000000000000004fe,built_loss,test_site,100,43,98.81224432361385,41.49226261087305,41.49226261087305,0.49383450752503616,0.46208751150219174,0.5303477389576955,0.06826022745550375
spatial_thin_250_cap100,0000000000000000051d,built_loss,test_site,100,54,98.75221889187799,53.11283075916439,53.11283075916439,0.47841537470343076,0.3850261756676011,0.5387923657776732,0.1537661901100721
spatial_thin_250_cap100,00000000000000000559,built_loss,test_site,100,92,97.95853598768994,90.09985787312577,90.09985787312577,0.6698742004994149,0.620590032029901,0.7169768597313367,0.0963868277014357
spatial_thin_250_cap100,00000000000000000576,built_loss,test_site,100,28,99.05801248403321,26.459092306333343,26.459092306333343,0.2336120886189103,0.20169632299011933,0.2795975328569023,0.07790120986678298
spatial_thin_250_cap100,00000000000000000577,built_loss,test_site,100,29,98.75537128474548,27.535663995673392,27.535663995673392,0.4739136046243119,0.3271289768287388,0.5770210320112695,0.24989205518253071
spatial_thin_250_cap100,0000000000000000057f,built_loss,test_site,98,8,95.505422705819,7.631172226700446,7.631172226700446,0.3484906829210332,0.2912353894976452,0.42867824158003015,0.13744285208238494
spatial_thin_250_cap100,00000000000000000594,built_loss,test_site,100,57,98.7489648642919,55.56217389517772,55.56217389517772,0.517869078396167,0.4210785097701887,0.6309171938198543,0.20983868404966566
spatial_thin_250_cap100,000000000000000005ad,built_loss,test_site,100,84,98.71642108134394,81.66134362874391,81.66134362874391,0.6613459311193515,0.6231949060246583,0.7013519014350343,0.07815699541037602
spatial_thin_250_cap100,000000000000000005bf,built_loss,test_site,100,66,98.47036772946939,64.48322078416923,64.48322078416923,0.40597160154551604,0.3569672143214935,0.43819898475560215,0.08123177043410867
spatial_thin_250_cap100,000000000000000005cc,built_loss,test_site,82,38,80.24340243937102,37.16655375537535,37.16655375537535,0.35233528231265215,0.3121871771768557,0.3790595820976422,0.0668724049207865
spatial_thin_250_cap100,000000000000000005de,built_loss,test_site,100,72,97.98831101605727,70.35411563512893,70.35411563512893,0.42170567149754923,0.40023383293833814,0.43963811205016945,0.03940427911183131
spatial_thin_250_cap100,000000000000000005e7,built_loss,test_site,97,100,94.732935314685,97.8148445852023,94.732935314685,0.6321510158443994,0.5578720875326985,0.6744566159139199,0.11658452838122146
spatial_thin_250_cap100,000000000000000005f9,built_loss,test_site,100,41,98.06205560588904,39.77960875884877,39.77960875884877,0.6192578060924743,0.5409017453027377,0.6610222746719335,0.12012052936919582
spatial_thin_250_cap100,0000000000000000061c,built_loss,test_site,100,50,98.70668510141955,48.428905334154074,48.428905334154074,0.39385683259721593,0.3580666265320029,0.44364163430342113,0.08557500777141824
spatial_thin_250_cap100,00000000000000000624,built_loss,test_site,100,12,97.51909620647398,11.758896323749816,11.758896323749816,0.4732482703114667,0.386938785881687,0.5853340265596898,0.1983952406780028
spatial_thin_250_cap100,00000000000000000626,built_loss,test_site,100,73,98.58383524152929,70.33729375985604,70.33729375985604,0.5083804473426975,0.47390159314201885,0.5334596763518376,0.0595580832098187
spatial_thin_250_cap100,0000000000000000062a,built_loss,test_site,100,91,97.82677686495865,88.48127954293324,88.48127954293324,0.5746214656972873,0.5364654408053533,0.6164584624571134,0.07999302165176014
spatial_thin_250_cap100,00000000000000000636,built_loss,test_site,100,58,98.88849277337309,56.74140902802284,56.74140902802284,0.446120368073977,0.3682180014430279,0.5327525399149214,0.16453453847189353
spatial_thin_250_cap100,0000000000000000064a,built_loss,test_site,100,8,98.56541270233531,7.709122849710126,7.709122849710126,0.34663577091556314,0.2613338801769561,0.40718935094668457,0.1458554707697285
spatial_thin_250_cap100,0000000000000000064d,built_loss,test_site,100,50,98.33958052154075,48.392868624987614,48.392868624987614,0.41301159668676035,0.3824081103265077,0.4582052547612727,0.07579714443476504
spatial_thin_250_cap100,00000000000000000694,built_loss,test_site,100,68,98.1453670436358,65.84913200913654,65.84913200913654,0.37796109145540924,0.35621887554839493,0.3983775468291274,0.042158671280732474
spatial_thin_250_cap100,0000000000000000069d,built_loss,test_site,100,94,98.34596525311507,92.04258128460329,92.04258128460329,0.639764509389759,0.5897233251224847,0.6752994761672168,0.08557615104473204
spatial_thin_250_cap100,000000000000000006b7,built_loss,test_site,100,69,98.56071950505104,66.27915343387444,66.27915343387444,0.4634163291890221,0.43233803431088014,0.4941651082466441,0.061827073935763976
spatial_thin_250_cap100,000000000000000006df,built_loss,test_site,100,46,98.72627899861745,44.13903719358053,44.13903719358053,0.27837255920415677,0.22111252820118824,0.3790829479633744,0.15797041976218615
spatial_thin_250_cap100,000000000000000006e3,built_loss,test_site,100,68,98.41699712066288,66.3425854031282,66.3425854031282,0.38834511457508875,0.3608093868489898,0.4298317898755503,0.06902240302656054
spatial_thin_250_cap100,00000000000000000011,crop_loss,test_site,100,94,98.49494958913559,91.96403858275798,91.96403858275798,0.5454361914186627,0.455911999458089,0.826145771219756,0.37023377176166694
spatial_thin_250_cap100,0000000000000000002b,crop_loss,test_site,100,94,98.44072324749344,92.111359176993,92.111359176993,0.16756470980900423,0.10214034205155959,0.217284967710633,0.11514462565907341
spatial_thin_250_cap100,0000000000000000002d,crop_loss,test_site,100,100,97.65391076191798,98.45333017657616,97.65391076191798,0.4637418051580974,0.42026821524195274,0.5034139715940457,0.08314575635209293
spatial_thin_250_cap100,0000000000000000003a,crop_loss,test_site,97,100,94.51440759792952,98.67531527520447,94.51440759792952,0.28858700375020807,0.24643109045034647,0.33215258029140826,0.08572148984106179
spatial_thin_250_cap100,0000000000000000009b,crop_loss,test_site,96,53,92.87016771099464,51.535511858392326,51.535511858392326,0.48986883892599686,0.4760299612665716,0.5049505450800812,0.028920583813509593
spatial_thin_250_cap100,0000000000000000009d,crop_loss,test_site,100,20,98.11571351421266,19.760951454732623,19.760951454732623,0.35359810530659525,0.28471712657252396,0.4480282204904865,0.16331109391796256
spatial_thin_250_cap100,000000000000000000a8,crop_loss,test_site,100,71,98.35087113101433,69.29576888827754,69.29576888827754,0.21024769388148426,0.19408874962059744,0.22761640732161897,0.033527657701021535
spatial_thin_250_cap100,000000000000000000da,crop_loss,test_site,72,100,69.43209289053125,98.7036835274722,69.43209289053125,0.7539960023811217,0.7125456519579837,0.7771350552498737,0.06458940329189
spatial_thin_250_cap100,000000000000000000e3,crop_loss,test_site,100,99,98.22154944418293,97.35265031311876,97.35265031311876,0.4957231180957937,0.45878752958910035,0.5339009360620297,0.07511340647292936
spatial_thin_250_cap100,000000000000000000e9,crop_loss,test_site,100,18,98.36900592577312,17.304629871185995,17.304629871185995,0.4073456590816339,0.33217880621577406,0.5238064767118585,0.19162767049608448
spatial_thin_250_cap100,0000000000000000011b,crop_loss,test_site,100,73,98.7693301589738,71.42030250236044,71.42030250236044,0.4553571625552011,0.425530554876363,0.4774060644886532,0.051875509612290205
spatial_thin_250_cap100,00000000000000000128,crop_loss,test_site,77,84,74.39889027474086,82.22091903556431,74.39889027474086,0.550798296370811,0.5283986016601143,0.569024245264695,0.04062564360458065
spatial_thin_250_cap100,00000000000000000192,crop_loss,test_site,100,97,98.14668411852959,95.05305996007685,95.05305996007685,0.5633144507633127,0.5387887414876231,0.5782767624872844,0.03948802099966131
spatial_thin_250_cap100,00000000000000000196,crop_loss,test_site,100,53,99.06281654040242,51.927687523390546,51.927687523390546,0.2353570839844115,0.21059741692197,0.26274563902837117,0.05214822210640116
spatial_thin_250_cap100,000000000000000001a6,crop_loss,test_site,100,87,97.97958242769812,84.64031083092421,84.64031083092421,0.26548654311130504,0.2128475023759351,0.3203787656616753,0.10753126328574017
spatial_thin_250_cap100,000000000000000001e4,crop_loss,test_site,89,100,87.23234642810404,98.31031269501693,87.23234642810404,0.4851668231480737,0.46346029756503854,0.5165445738164558,0.05308427625141726
spatial_thin_250_cap100,000000000000000001f9,crop_loss,test_site,100,98,97.54543393680999,95.33788404266443,95.33788404266443,0.5585551794037906,0.4355162392856467,0.7526207067944016,0.31710446750875493
spatial_thin_250_cap100,00000000000000000228,crop_loss,test_site,100,62,98.16810203067011,60.313008111455304,60.313008111455304,0.4901722015157081,0.37621015683981596,0.549709854519843,0.17349969768002704
spatial_thin_250_cap100,0000000000000000028c,crop_loss,test_site,100,21,97.44921657243474,20.7370675931606,20.7370675931606,0.4331690939919338,0.3125334459519495,0.5626990735530712,0.25016562760112177
spatial_thin_250_cap100,0000000000000000028d,crop_loss,test_site,100,69,98.65289942618185,67.70469338229054,67.70469338229054,0.6560973673770798,0.6109618496502577,0.6996862157208034,0.08872436607054568
spatial_thin_250_cap100,00000000000000000291,crop_loss,test_site,100,43,98.10367849287056,41.42745068742326,41.42745068742326,0.8705375768069775,0.8177324162510027,0.8984181626427764,0.08068574639177373
spatial_thin_250_cap100,000000000000000002c5,crop_loss,test_site,100,67,99.04500499561622,65.32546154674044,65.32546154674044,0.3313766590677882,0.2741930794725746,0.3756165237141306,0.10142344424155603
spatial_thin_250_cap100,000000000000000002dc,crop_loss,test_site,100,100,98.57291845869266,98.03791434568824,98.03791434568824,0.636066013639843,0.6079882704731685,0.6786381968498585,0.07064992637668999
spatial_thin_250_cap100,000000000000000002e4,crop_loss,test_site,100,100,97.69630961945546,97.79412100344202,97.69630961945546,0.33832495938588886,0.30149959998886533,0.4095813711134006,0.10808177112453526
spatial_thin_250_cap100,000000000000000002ec,crop_loss,test_site,100,100,98.41230011413322,98.505327629868,98.41230011413322,0.48667414365794337,0.45797007785087657,0.5494112732057205,0.09144119535484391
spatial_thin_250_cap100,00000000000000000314,crop_loss,test_site,100,71,98.94157858103804,69.37211621603367,69.37211621603367,0.10832291536689087,0.08677869830127079,0.1426040680285084,0.0558253697272376
spatial_thin_250_cap100,00000000000000000335,crop_loss,test_site,100,100,98.76516073018342,98.37975531798513,98.37975531798513,0.4574155871553397,0.4196972100335287,0.4842871686387933,0.06458995860526456
spatial_thin_250_cap100,0000000000000000033a,crop_loss,test_site,83,100,81.65328169933116,98.79254992787138,81.65328169933116,0.5484528260358272,0.49537470492414915,0.5862654157850531,0.09089071086090394
spatial_thin_250_cap100,000000000000000003b0,crop_loss,test_site,100,100,97.67309614814656,98.45523990851164,97.67309614814656,0.21742847696715947,0.18526163852274874,0.2742166194176712,0.08895498089492249
spatial_thin_250_cap100,000000000000000003c8,crop_loss,test_site,100,89,98.62791589334473,86.09515260703763,86.09515260703763,0.19564148594199388,0.16410216208860873,0.23695890062983557,0.07285673854122685
spatial_thin_250_cap100,000000000000000003f1,crop_loss,test_site,94,88,92.86256574909132,86.76049319807466,86.76049319807466,0.47672705919638925,0.43819532297842423,0.5194042049605299,0.08120888198210563
spatial_thin_250_cap100,000000000000000003f2,crop_loss,test_site,100,84,98.27185333111841,81.84521883822111,81.84521883822111,0.4671347045402719,0.42605594353054554,0.5034525857455616,0.07739664221501608
spatial_thin_250_cap100,0000000000000000044b,crop_loss,test_site,100,29,98.44883555270384,28.392768187396182,28.392768187396182,0.5459710698092272,0.5040579888674683,0.590106340619744,0.08604835175227565
spatial_thin_250_cap100,0000000000000000046c,crop_loss,test_site,100,100,98.50494406351102,97.88248160843555,97.88248160843555,0.4972091997854994,0.395257331505828,0.5799748317060297,0.18471750020020172
spatial_thin_250_cap100,00000000000000000480,crop_loss,test_site,100,31,98.71454623020402,30.02070434471964,30.02070434471964,0.8537091585257175,0.8142978946133144,0.882204438966093,0.06790654435277865
spatial_thin_250_cap100,00000000000000000483,crop_loss,test_site,100,37,98.68879712325254,36.56283336292013,36.56283336292013,0.7156115278942708,0.671812471573308,0.7587806452015021,0.08696817362819409
spatial_thin_250_cap100,00000000000000000485,crop_loss,test_site,95,100,92.81069924043994,98.69656456493215,92.81069924043994,0.6787637470156889,0.6522725520188218,0.7096212827745468,0.057348730755725
spatial_thin_250_cap100,00000000000000000497,crop_loss,test_site,100,86,98.22141154053065,83.8517510529929,83.8517510529929,0.2346020540612249,0.20455759786251285,0.28050383533124634,0.0759462374687335
spatial_thin_250_cap100,0000000000000000049b,crop_loss,test_site,100,88,98.73705088867865,85.12966949657394,85.12966949657394,0.36728636251676217,0.33656113037976954,0.3816692639694376,0.04510813358966809
spatial_thin_250_cap100,000000000000000004a1,crop_loss,test_site,89,100,87.03052431638747,97.9984191683832,87.03052431638747,0.3812089089446532,0.3373017772059614,0.4216055829862029,0.08430380578024149
spatial_thin_250_cap100,000000000000000004e7,crop_loss,test_site,100,58,98.16231901240266,56.13329524586777,56.13329524586777,0.48355935552567264,0.4658775069495007,0.5096826476166877,0.04380514066718699
spatial_thin_250_cap100,000000000000000004e9,crop_loss,test_site,100,42,99.00619707085008,40.68726758636489,40.68726758636489,0.40400051790588704,0.29635791448776755,0.47017025546551794,0.1738123409777504
spatial_thin_250_cap100,000000000000000004ee,crop_loss,test_site,100,52,98.414236278547,50.54618612618427,50.54618612618427,0.44898781251092973,0.317281106939357,0.5434796472471569,0.2261985403077999
spatial_thin_250_cap100,000000000000000004f9,crop_loss,test_site,100,93,97.26485980608327,90.85739019369495,90.85739019369495,0.38423589012464343,0.3235825770552222,0.49450558323639576,0.17092300618117356
spatial_thin_250_cap100,00000000000000000517,crop_loss,test_site,100,72,98.56562233649392,69.31274932728965,69.31274932728965,0.26464204762171295,0.19551197323603722,0.3822884156759967,0.18677644243995947
spatial_thin_250_cap100,00000000000000000538,crop_loss,test_site,100,1,98.17724746235668,1.0,1.0,0.32603884276455763,0.311042657510899,0.3533594693226898,0.04231681181179081
spatial_thin_250_cap100,0000000000000000057e,crop_loss,test_site,100,21,98.17897309360089,20.57346981322894,20.57346981322894,0.5032511373076789,0.46780585236536815,0.5170123555943382,0.04920650322897008
spatial_thin_250_cap100,000000000000000005d1,crop_loss,test_site,100,41,98.57926319710732,39.538358901658746,39.538358901658746,0.1569808083421139,0.13005922972372477,0.2479625719540657,0.11790334223034094
spatial_thin_250_cap100,00000000000000000611,crop_loss,test_site,100,100,98.51460012386579,98.48989653455735,98.48989653455735,0.6184597056331925,0.5910125878537217,0.6599370937749296,0.06892450592120791
spatial_thin_250_cap100,0000000000000000062f,crop_loss,test_site,100,100,97.55571402002312,97.71653678948027,97.55571402002312,0.5408107912719875,0.47061878969014725,0.6119699523613256,0.1413511626711783
spatial_thin_250_cap100,00000000000000000632,crop_loss,test_site,100,37,98.23337070002086,35.817181226017055,35.817181226017055,0.09648177412953342,0.08267349140552317,0.14746570783294158,0.0647922164274184
spatial_thin_250_cap100,0000000000000000063e,crop_loss,test_site,97,100,95.19974952249278,97.99606076847883,95.19974952249278,0.28288449378473113,0.2557265997072362,0.32938786446219726,0.07366126475496104
spatial_thin_250_cap100,00000000000000000655,crop_loss,test_site,100,77,98.39885539181378,74.40737209501879,74.40737209501879,0.4679432664243931,0.3437881799962559,0.589293344158073,0.2455051641618171
spatial_thin_250_cap100,00000000000000000697,crop_loss,test_site,100,100,98.26033757827253,98.45683179396421,98.26033757827253,0.6176433555338564,0.5826292766097637,0.6524288586335095,0.06979958202374581
spatial_thin_250_cap100,00000000000000000698,crop_loss,test_site,46,100,44.78019878132557,98.75326069781612,44.78019878132557,0.43966025930141606,0.3956334067577974,0.5368385171841488,0.14120511042635137
spatial_thin_250_cap100,000000000000000006a8,crop_loss,test_site,100,100,97.7151634376583,98.3441687530075,97.7151634376583,0.3178331826456906,0.26676344304548966,0.3720334927863176,0.10527004974082793
spatial_thin_250_cap100,000000000000000006b4,crop_loss,test_site,100,100,97.76059897486564,98.83477241862276,97.76059897486564,0.5102256035090502,0.45900633813532615,0.563889666357923,0.10488332822259688
spatial_thin_250_cap100,000000000000000006be,crop_loss,test_site,94,46,91.66567474569698,44.72327314105648,44.72327314105648,0.391704354744981,0.3492413888612032,0.4630576786645254,0.1138162898033222
spatial_thin_250_cap100,000000000000000006c0,crop_loss,test_site,100,7,98.43041792612705,6.75696595797141,6.75696595797141,0.4583772755494712,0.08947097667550433,0.6320243711448581,0.5425533944693538
spatial_thin_250_cap100,000000000000000006ce,crop_loss,test_site,100,63,97.62655285767978,60.8176371701942,60.8176371701942,0.5907552340458619,0.5023197741055329,0.6392107214521174,0.13689094734658458
spatial_thin_250_cap100,000000000000000006d9,crop_loss,test_site,91,100,88.6110359323782,98.53010314881188,88.6110359323782,0.1989206787816065,0.17171696259516514,0.2439568058187889,0.07223984322362376
spatial_thin_250_cap100,000000000000000006e5,crop_loss,test_site,100,100,97.21678150981698,98.30853603210234,97.21678150981698,0.5510669406498386,0.48993763403317986,0.5933165904902356,0.10337895645705569
spatial_thin_250_cap100,00000000000000000151,built_loss,test_site,100,41,98.41408470447847,39.86001983850382,39.86001983850382,0.27766480877491384,0.2552269400663838,0.3083963947902439,0.05316945472386009
spatial_thin_250_cap100,000000000000000001be,built_loss,test_site,100,13,97.53213568672747,12.967779685677867,12.967779685677867,0.4157413024688413,0.37921589739029665,0.5205086005784839,0.14129270318818726
spatial_thin_250_cap100,0000000000000000034d,built_loss,test_site,100,20,99.0958358568077,19.37764121812135,19.37764121812135,0.4135099389329628,0.3624943255262394,0.460601076129477,0.09810675060323759
spatial_thin_250_cap100,000000000000000003c7,crop_loss,test_site,100,62,98.42070366158165,61.1689248715878,61.1689248715878,0.7204816969378923,0.6724342384865762,0.7758394880560249,0.10340524956944863
spatial_thin_250_cap100,0000000000000000004a,built_loss,test_site,100,29,98.58069568487014,27.67099522192471,27.67099522192471,0.43244183956566873,0.41967900243881817,0.4666073208280109,0.0469283183891927
spatial_thin_250_cap100,00000000000000000206,built_loss,test_site,99,100,96.39393709758515,97.79023679118319,96.39393709758515,0.6871251663450031,0.6387150145083447,0.7299146348591069,0.09119962035076223
spatial_thin_250_cap100,000000000000000002a4,built_loss,test_site,100,30,98.88147156043007,28.969911515435644,28.969911515435644,0.3668909894135987,0.33415793984236486,0.4177266093302873,0.08356866948792246
spatial_thin_250_cap100,000000000000000004f5,built_loss,test_site,100,22,98.60176654626012,20.782013514194336,20.782013514194336,0.473319785916233,0.40511868835249815,0.5588091796635665,0.15369049131106832
spatial_thin_250_cap100,000000000000000002cc,crop_loss,test_site,100,49,98.2812436939791,47.285010503112886,47.285010503112886,0.38531088923081186,0.25663237375958187,0.49504576322295657,0.2384133894633747
spatial_thin_250_cap100,000000000000000006cc,crop_loss,test_site,64,100,62.196324803906,98.61022384546506,62.196324803906,0.35738845061034186,0.323226295229936,0.40687100955664024,0.08364471432670423
spatial_thin_250_cap100,0000000000000000016c,crop_loss,test_site,100,87,98.14024029481939,85.25174015745932,85.25174015745932,0.47975944406538823,0.43523223431627256,0.504625301755324,0.06939306743905149
spatial_thin_300_cap100,00000000000000000085,built_loss,test_site,92,36,91.46328575254284,35.73010038552875,35.73010038552875,0.36032723188828875,0.31149740610299775,0.4107631737256641,0.09926576762266637
spatial_thin_300_cap100,00000000000000000114,built_loss,test_site,63,60,62.62610558284995,59.433875996622525,59.433875996622525,0.6317032706168474,0.5808948374902203,0.6860587920757683,0.10516395458554795
spatial_thin_300_cap100,0000000000000000024c,built_loss,test_site,91,52,90.53570120923688,51.57538921572539,51.57538921572539,0.6701641145960772,0.6377053020471599,0.7172894860559489,0.07958418400878897
spatial_thin_300_cap100,00000000000000000375,built_loss,test_site,68,70,67.55634016615727,69.69189512871407,67.55634016615727,0.6491852540250936,0.6049279741699213,0.6791256354446857,0.07419766127476446
spatial_thin_300_cap100,000000000000000004d2,built_loss,test_site,86,56,85.57161810297787,55.535674757055844,55.535674757055844,0.6031915126514529,0.5467589574704592,0.6427786049804051,0.09601964750994585
spatial_thin_300_cap100,000000000000000005bd,built_loss,test_site,78,7,77.64602922107527,6.904442499188084,6.904442499188084,0.5662078210932119,0.47916159321222007,0.6826855999997753,0.20352400678755522
spatial_thin_300_cap100,00000000000000000281,crop_loss,test_site,79,96,78.55068781750884,95.24874785267983,78.55068781750884,0.5193550465154781,0.47491848174202056,0.5427449359106337,0.0678264541686131
spatial_thin_300_cap100,000000000000000003a2,crop_loss,test_site,59,88,58.63998459545016,87.44697278041335,58.63998459545016,0.33216151397752036,0.27321315703722227,0.36737316543469356,0.0941600083974713
spatial_thin_300_cap100,00000000000000000001,built_loss,test_site,100,55,99.40326385029698,54.774577949504746,54.774577949504746,0.4528452465769408,0.4193046932626931,0.49769022882083885,0.07838553555814576
spatial_thin_300_cap100,00000000000000000049,built_loss,test_site,85,15,84.6694847161811,14.967841983169219,14.967841983169219,0.4103800866178183,0.38450036897858886,0.4847560778264448,0.10025570884785595
spatial_thin_300_cap100,0000000000000000004f,built_loss,test_site,100,71,99.42578181131735,70.6889684207039,70.6889684207039,0.4475497040235598,0.36243355886739376,0.5228458217826988,0.16041226291530503
spatial_thin_300_cap100,0000000000000000005a,built_loss,test_site,95,62,94.5838032010765,61.4539323418159,61.4539323418159,0.4413928160021608,0.41947557475159336,0.4741006075758135,0.054625032824220154
spatial_thin_300_cap100,00000000000000000079,built_loss,test_site,97,88,96.66647862040229,87.71193702035099,87.71193702035099,0.6006603605889487,0.5651545403037752,0.6635512531549184,0.09839671285114315
spatial_thin_300_cap100,00000000000000000087,built_loss,test_site,100,87,99.58700526297142,86.32928967026949,86.32928967026949,0.5880324456344936,0.5140474300007555,0.6590497494293539,0.14500231942859843
spatial_thin_300_cap100,000000000000000000a1,built_loss,test_site,100,21,99.69670745154862,20.843802217717805,20.843802217717805,0.35716696547901755,0.33447261699561426,0.45843991384522176,0.1239672968496075
spatial_thin_300_cap100,000000000000000000b8,built_loss,test_site,100,20,99.6939961862685,19.746141358574516,19.746141358574516,0.4897765354053787,0.2585360945436505,0.581052072503493,0.3225159779598425
spatial_thin_300_cap100,000000000000000000c0,built_loss,test_site,71,73,70.56700375162671,72.43960476187965,70.56700375162671,0.6119333007766581,0.5630943336541051,0.6450107760395096,0.08191644238540452
spatial_thin_300_cap100,000000000000000000e2,built_loss,test_site,100,38,99.51173063919758,37.748981090485614,37.748981090485614,0.38487180310154706,0.3245694435777777,0.4203813455777791,0.09581190200000139
spatial_thin_300_cap100,000000000000000000f0,built_loss,test_site,99,66,98.66756008556534,65.33767536963461,65.33767536963461,0.6492567577128654,0.588229663874775,0.6972066688848125,0.10897700501003749
spatial_thin_300_cap100,000000000000000000f8,built_loss,test_site,100,89,99.63040096258045,88.47161679414826,88.47161679414826,0.5221496186809406,0.4757351017354924,0.571110967250913,0.09537586551542065
spatial_thin_300_cap100,0000000000000000011c,built_loss,test_site,100,27,99.4986849909441,26.86126183895582,26.86126183895582,0.5317890287658144,0.49476848612460866,0.651468425620601,0.15669993949599237
spatial_thin_300_cap100,00000000000000000161,built_loss,test_site,96,74,95.4769388490187,73.67013554873093,73.67013554873093,0.6400467409887493,0.6043887401346161,0.6796278211319383,0.07523908099732224
spatial_thin_300_cap100,0000000000000000016a,built_loss,test_site,100,19,99.49187346470137,18.840305143659087,18.840305143659087,0.28551514680320594,0.24927660187956233,0.32720951625724193,0.0779329143776796
spatial_thin_300_cap100,00000000000000000176,built_loss,test_site,100,61,99.4756337608197,60.650672959848535,60.650672959848535,0.584465248940677,0.5488592691968915,0.6605531515535071,0.11169388235661559
spatial_thin_300_cap100,000000000000000001a8,built_loss,test_site,99,88,98.48378093402069,87.66576842413308,87.66576842413308,0.534707740497067,0.49728804301175933,0.575228330994941,0.07794028798318164
spatial_thin_300_cap100,000000000000000001cd,built_loss,test_site,85,99,84.55403091686918,98.63163645858673,84.55403091686918,0.7538949389649201,0.6857902948336458,0.792846186020367,0.10705589118672121
spatial_thin_300_cap100,000000000000000001e5,built_loss,test_site,58,38,57.678041839285356,37.800686578325084,37.800686578325084,0.5625034234757393,0.4947692195461262,0.5973548282910537,0.1025856087449275
spatial_thin_300_cap100,00000000000000000209,built_loss,test_site,100,93,99.48328302315865,92.5868056697848,92.5868056697848,0.5814880263871726,0.5421584047705836,0.6317721224243932,0.08961371765380954
spatial_thin_300_cap100,00000000000000000231,built_loss,test_site,100,87,99.46836486433769,86.5156743411522,86.5156743411522,0.5689176557849481,0.5115312813466373,0.5999247251211495,0.08839344377451219
spatial_thin_300_cap100,0000000000000000026d,built_loss,test_site,100,57,99.50432230981586,56.534170760476314,56.534170760476314,0.5704587144261279,0.5180068907344967,0.6111993805385031,0.0931924898040064
spatial_thin_300_cap100,00000000000000000278,built_loss,test_site,70,73,69.64377322921848,72.69442749843301,69.64377322921848,0.7333052736243592,0.6983222034234848,0.7879823365923844,0.08966013316889954
spatial_thin_300_cap100,00000000000000000293,built_loss,test_site,71,71,70.547917728956,70.73871241702585,70.547917728956,0.4508961303084167,0.3999611538494021,0.5064382302963639,0.1064770764469618
spatial_thin_300_cap100,00000000000000000316,built_loss,test_site,100,3,99.56040134916242,2.9739496260152176,2.9739496260152176,0.15381833811060475,0.021589691408155948,0.4154696177742328,0.3938799263660768
spatial_thin_300_cap100,00000000000000000356,built_loss,test_site,75,78,74.56820731724162,77.63253387212787,74.56820731724162,0.5830406930318828,0.4965297035974555,0.6394822484906829,0.1429525448932274
spatial_thin_300_cap100,00000000000000000362,built_loss,test_site,100,87,99.53156570163635,86.34107040588,86.34107040588,0.5210637480227112,0.4938938730013296,0.5711498012262259,0.07725592822489635
spatial_thin_300_cap100,00000000000000000363,built_loss,test_site,100,48,99.67047369745367,47.60471386982506,47.60471386982506,0.23608816349401565,0.20921797248051743,0.3014188046648551,0.09220083218433767
spatial_thin_300_cap100,00000000000000000364,built_loss,test_site,83,100,82.62918180122786,99.57041904280504,82.62918180122786,0.5741264816787572,0.5376340350820273,0.6231075748113277,0.08547353972930039
spatial_thin_300_cap100,00000000000000000380,built_loss,test_site,95,66,94.57732013212336,65.75431406661808,65.75431406661808,0.505299889999468,0.4749394105503964,0.5465481943907832,0.07160878384038677
spatial_thin_300_cap100,00000000000000000384,built_loss,test_site,93,35,92.52356174444282,34.69302965819185,34.69302965819185,0.5272948704901318,0.4992832265294622,0.5756552797874467,0.07637205325798446
spatial_thin_300_cap100,0000000000000000039e,built_loss,test_site,100,28,99.551384509473,27.871589872084066,27.871589872084066,0.48987102249603903,0.4489202019125943,0.5286714689349963,0.07975126702240198
spatial_thin_300_cap100,000000000000000003a1,built_loss,test_site,89,43,88.50262702623675,42.531158461191694,42.531158461191694,0.5982441390931664,0.5522895015749268,0.6633016067127082,0.11101210513778137
spatial_thin_300_cap100,000000000000000003a5,built_loss,test_site,100,42,99.7182266504278,41.62634253758768,41.62634253758768,0.41735067013857247,0.37487928256041625,0.4955211694000482,0.12064188683963195
spatial_thin_300_cap100,000000000000000003b7,built_loss,test_site,100,39,99.5904358258906,38.852831148583356,38.852831148583356,0.47735658599318515,0.44360946412193664,0.5015758504106632,0.05796638628872658
spatial_thin_300_cap100,000000000000000003bf,built_loss,test_site,89,87,88.31640053248152,86.39913139464588,86.39913139464588,0.5598304879584466,0.5177470821456237,0.5801322648325504,0.06238518268692672
spatial_thin_300_cap100,000000000000000003d2,built_loss,test_site,91,95,90.4549969676657,94.48064387239229,90.4549969676657,0.6232794451073841,0.5652218288540828,0.6728495176032282,0.10762768874914541
spatial_thin_300_cap100,000000000000000003f8,built_loss,test_site,100,15,99.64556274882891,14.889315668777092,14.889315668777092,0.25615731368888983,0.18563069265080176,0.29437811528075586,0.1087474226299541
spatial_thin_300_cap100,000000000000000003fa,built_loss,test_site,81,85,80.5997250107265,84.68914431185813,80.5997250107265,0.4462227338990946,0.40120209819709135,0.4788487661494044,0.07764666795231306
spatial_thin_300_cap100,00000000000000000407,built_loss,test_site,81,97,80.62253393231417,96.74032903141331,80.62253393231417,0.5594035102161649,0.5163629625514191,0.5932307856817091,0.07686782313028995
spatial_thin_300_cap100,0000000000000000040f,built_loss,test_site,72,52,71.74025539119623,51.475952702065364,51.475952702065364,0.5222102339791193,0.5091412231961215,0.5354719561713822,0.026330732975260673
spatial_thin_300_cap100,00000000000000000426,built_loss,test_site,65,69,64.5182593061956,68.5615265237954,64.5182593061956,0.5472082897170104,0.5147394338930037,0.5828527631984582,0.06811332930545455
spatial_thin_300_cap100,0000000000000000042b,built_loss,test_site,100,70,99.75438229734091,69.4146540189167,69.4146540189167,0.5847129760690211,0.5355662392790409,0.6180657864503232,0.08249954717128227
spatial_thin_300_cap100,00000000000000000442,built_loss,test_site,100,8,99.6851975231497,7.983194976685496,7.983194976685496,0.3716220959890562,0.23930251977039502,0.49955873977595033,0.2602562200055553
spatial_thin_300_cap100,00000000000000000465,built_loss,test_site,95,90,94.46149892054015,89.49535540134231,89.49535540134231,0.6021532699766607,0.5551610410569503,0.6361134890759146,0.08095244801896428
spatial_thin_300_cap100,0000000000000000047e,built_loss,test_site,100,50,99.65390315986049,49.717583101524504,49.717583101524504,0.5002597799391215,0.46207336493407036,0.5390714283140821,0.0769980633800117
spatial_thin_300_cap100,00000000000000000490,built_loss,test_site,100,91,99.59523947585733,90.6908381578209,90.6908381578209,0.6216260130709714,0.5877811236960624,0.6647147458692468,0.07693362217318445
spatial_thin_300_cap100,000000000000000004c0,built_loss,test_site,96,71,95.58338324424402,70.69611327506462,70.69611327506462,0.6124593622589443,0.5774201824710556,0.6619315581587201,0.08451137568766443
spatial_thin_300_cap100,000000000000000004c5,built_loss,test_site,84,28,83.38746766372572,27.70257336358661,27.70257336358661,0.5673531895143449,0.49533656596401193,0.6107737443843844,0.11543717842037243
spatial_thin_300_cap100,000000000000000004d9,built_loss,test_site,100,79,99.39179825222261,78.40620762382659,78.40620762382659,0.5227978325906031,0.4886387634611436,0.5475756403572033,0.0589368768960597
spatial_thin_300_cap100,000000000000000004eb,built_loss,test_site,94,88,93.27786891335872,87.52290774674562,87.52290774674562,0.441714653748957,0.4164671960707311,0.46521377267193514,0.04874657660120402
spatial_thin_300_cap100,000000000000000004f7,built_loss,test_site,100,24,99.35470768005273,23.69043332854492,23.69043332854492,0.4608665350236801,0.3963503418071793,0.5017463171681716,0.10539597536099232
spatial_thin_300_cap100,000000000000000004fe,built_loss,test_site,100,34,99.54306640398619,33.88939913984334,33.88939913984334,0.5209808409466276,0.48065762084744806,0.5496595055254455,0.06900188467799745
spatial_thin_300_cap100,0000000000000000051d,built_loss,test_site,100,48,99.42579619447605,47.72666864356843,47.72666864356843,0.5044049379915234,0.4117239576372417,0.5935037129966281,0.1817797553593864
spatial_thin_300_cap100,00000000000000000559,built_loss,test_site,99,78,98.40844848065598,77.51727837899989,77.51727837899989,0.6582416158784301,0.6141670194233152,0.6928810175365022,0.07871399811318702
spatial_thin_300_cap100,00000000000000000576,built_loss,test_site,100,20,99.7010393134067,19.824545523311915,19.824545523311915,0.2754574907789265,0.19656189637160654,0.3362432209864239,0.13968132461481736
spatial_thin_300_cap100,00000000000000000577,built_loss,test_site,100,22,99.58110746830356,21.685811719267026,21.685811719267026,0.44258137663282654,0.30236514602114795,0.5258589573452671,0.22349381132411916
spatial_thin_300_cap100,0000000000000000057f,built_loss,test_site,80,6,79.4215397997033,5.948239416657545,5.948239416657545,0.3468950348200631,0.23859541988356017,0.5026614930485725,0.2640660731650124
spatial_thin_300_cap100,00000000000000000594,built_loss,test_site,100,48,99.50664497508568,47.74465092042282,47.74465092042282,0.5563368613637147,0.45772134920893326,0.6768012118410923,0.21907986263215906
spatial_thin_300_cap100,000000000000000005ad,built_loss,test_site,100,72,99.55778615460804,71.40937140348532,71.40937140348532,0.6513214617892097,0.6058407523848686,0.700004579679353,0.09416382729448447
spatial_thin_300_cap100,000000000000000005bf,built_loss,test_site,100,57,99.61166759623387,56.59809600896445,56.59809600896445,0.3866624484571157,0.35323850470552637,0.4164725207615055,0.06323401605597911
spatial_thin_300_cap100,000000000000000005cc,built_loss,test_site,72,33,71.45973377124523,32.823810534955804,32.823810534955804,0.3617976348236988,0.2976841472766377,0.3827627191679996,0.08507857189136186
spatial_thin_300_cap100,000000000000000005de,built_loss,test_site,89,60,88.46294960423528,59.60138915934367,59.60138915934367,0.43835970721119816,0.41166932083548424,0.4570783722446515,0.045409051409167234
spatial_thin_300_cap100,000000000000000005e7,built_loss,test_site,83,91,82.58256875313923,90.47549192990682,82.58256875313923,0.6100523435608374,0.5114320306362298,0.6700462741008206,0.15861424346459085
spatial_thin_300_cap100,000000000000000005f9,built_loss,test_site,100,33,99.49499017083264,32.749372893022375,32.749372893022375,0.6089507794042622,0.5336670801907842,0.6951121605351543,0.1614450803443701
spatial_thin_300_cap100,0000000000000000061c,built_loss,test_site,100,42,99.54357386485472,41.72933310521803,41.72933310521803,0.4345122125288377,0.39176693109771954,0.49700058302092154,0.105233651923202
spatial_thin_300_cap100,00000000000000000624,built_loss,test_site,80,11,79.56066700571276,10.879507651115684,10.879507651115684,0.4936165468490251,0.3298886929488326,0.5740733355971005,0.2441846426482679
spatial_thin_300_cap100,00000000000000000626,built_loss,test_site,94,63,93.60048691387067,62.27241012478877,62.27241012478877,0.4859076972323217,0.4656564628305258,0.5167627274649209,0.051106264634395104
spatial_thin_300_cap100,0000000000000000062a,built_loss,test_site,88,76,87.55218220544035,75.43883894194467,75.43883894194467,0.5530655457418602,0.49718331929835874,0.6032789004947935,0.10609558119643475
spatial_thin_300_cap100,00000000000000000636,built_loss,test_site,99,49,98.53631193626825,48.59717243916767,48.59717243916767,0.4190499710930662,0.34357971011011107,0.5255919859773318,0.18201227586722074
spatial_thin_300_cap100,0000000000000000064a,built_loss,test_site,100,7,99.5983853886588,6.912466518165131,6.912466518165131,0.3452209898787613,0.25141325446673923,0.41859788602510195,0.16718463155836272
spatial_thin_300_cap100,0000000000000000064d,built_loss,test_site,100,38,99.52761899621468,37.74024222722867,37.74024222722867,0.39269695748642663,0.3720712335288543,0.4352273469932074,0.06315611346435313
spatial_thin_300_cap100,00000000000000000694,built_loss,test_site,100,54,99.46048509241693,53.513291434791576,53.513291434791576,0.369831443097907,0.34111823366649147,0.3983507530681142,0.05723251940162272
spatial_thin_300_cap100,0000000000000000069d,built_loss,test_site,91,83,90.43038106922793,82.62232205729107,82.62232205729107,0.6220311159200305,0.5689146845471799,0.6722417949369883,0.10332711038980846
spatial_thin_300_cap100,000000000000000006b7,built_loss,test_site,98,55,97.52843372881955,54.56336366271788,54.56336366271788,0.4675941942685239,0.4366395303628653,0.48992036623926616,0.05328083587640087
spatial_thin_300_cap100,000000000000000006df,built_loss,test_site,99,35,98.65075571491691,34.752943663247706,34.752943663247706,0.2543863944346433,0.18259822758103553,0.30692319632726267,0.12432496874622714
spatial_thin_300_cap100,000000000000000006e3,built_loss,test_site,100,57,99.44265959396633,56.66860469799706,56.66860469799706,0.40665006300365847,0.3526735691927075,0.4674516429381765,0.114778073745469
spatial_thin_300_cap100,00000000000000000011,crop_loss,test_site,92,84,91.56529096936869,83.47866800863501,83.47866800863501,0.6131090763114447,0.4986922802089088,0.8349561150402447,0.3362638348313359
spatial_thin_300_cap100,0000000000000000002b,crop_loss,test_site,100,80,99.49388981895501,79.48848943970975,79.48848943970975,0.18417190599062294,0.12803608218557133,0.2596921253265257,0.13165604314095436
spatial_thin_300_cap100,0000000000000000002d,crop_loss,test_site,84,93,83.69193634947334,92.56109248375125,83.69193634947334,0.4661651515421064,0.4290940307508402,0.5073006745412001,0.07820664379035991
spatial_thin_300_cap100,0000000000000000003a,crop_loss,test_site,81,96,80.58386836987643,95.58017402270737,80.58386836987643,0.309734100320081,0.2521982395059038,0.34117548422179617,0.08897724471589236
spatial_thin_300_cap100,0000000000000000009b,crop_loss,test_site,73,41,72.44798512252295,40.74298940218953,40.74298940218953,0.48496588607675845,0.47379779504894065,0.4979461488737698,0.02414835382482916
spatial_thin_300_cap100,0000000000000000009d,crop_loss,test_site,100,19,99.55519219954736,18.889007983055624,18.889007983055624,0.32928662797790076,0.2560281710987991,0.4401073833396903,0.1840792122408912
spatial_thin_300_cap100,000000000000000000a8,crop_loss,test_site,97,61,96.65226476644399,60.63337718226683,60.63337718226683,0.20899468220703424,0.18845221221720307,0.22967919406875065,0.04122698185154758
spatial_thin_300_cap100,000000000000000000da,crop_loss,test_site,55,100,54.591530670842495,99.57113707402195,54.591530670842495,0.7652747704493199,0.7163998686252915,0.7810796045011926,0.06467973587590115
spatial_thin_300_cap100,000000000000000000e3,crop_loss,test_site,97,91,96.55109445277421,90.46510930434144,90.46510930434144,0.4973002625317257,0.4526449686916217,0.5297361392325395,0.0770911705409178
spatial_thin_300_cap100,000000000000000000e9,crop_loss,test_site,100,16,99.50736135748208,15.891737471454855,15.891737471454855,0.37155906925824345,0.26276868858124963,0.45029228066569005,0.18752359208444042
spatial_thin_300_cap100,0000000000000000011b,crop_loss,test_site,100,62,99.51965918438609,61.67107451224873,61.67107451224873,0.46880392044071,0.44365532527479057,0.4908825445999019,0.047227219325111314
spatial_thin_300_cap100,00000000000000000128,crop_loss,test_site,60,74,59.59840618766295,73.54507224946845,59.59840618766295,0.5409101090351536,0.5224769406336064,0.5635001947940166,0.041023254160410194
spatial_thin_300_cap100,00000000000000000192,crop_loss,test_site,99,84,98.43463757070764,83.41784166587686,83.41784166587686,0.5680861503092868,0.5394413918004815,0.5791257608311419,0.039684369030660416
spatial_thin_300_cap100,00000000000000000196,crop_loss,test_site,100,49,99.52799124557875,48.689781779518924,48.689781779518924,0.2447901135317247,0.22587525963826402,0.2736828060972082,0.04780754645894417
spatial_thin_300_cap100,000000000000000001a6,crop_loss,test_site,99,70,98.56381994169803,69.46131374609031,69.46131374609031,0.28966525009347843,0.22849186979011868,0.3622861704278534,0.1337943006377347
spatial_thin_300_cap100,000000000000000001e4,crop_loss,test_site,77,98,76.4529212995931,97.45136623072055,76.4529212995931,0.4815699924205665,0.4545274209008243,0.5171285180388966,0.06260109713807227
spatial_thin_300_cap100,000000000000000001f9,crop_loss,test_site,85,80,84.45260480904672,79.53331477063892,79.53331477063892,0.5582881035175666,0.3999910768215547,0.7867363995167569,0.3867453226952022
spatial_thin_300_cap100,00000000000000000228,crop_loss,test_site,96,52,95.62314939573588,51.56866227796755,51.56866227796755,0.4253962814000911,0.3436879292970461,0.5323213288562295,0.1886333995591834
spatial_thin_300_cap100,0000000000000000028c,crop_loss,test_site,89,18,88.39052786790097,17.92954285977508,17.92954285977508,0.46876994469330047,0.3708391331828159,0.5513600334986698,0.18052090031585388
spatial_thin_300_cap100,0000000000000000028d,crop_loss,test_site,100,57,99.52405543671665,56.82142060045045,56.82142060045045,0.6493585744813634,0.6128588464785899,0.6945714420838589,0.081712595605269
spatial_thin_300_cap100,00000000000000000291,crop_loss,test_site,95,36,94.5486750333883,35.630783766107086,35.630783766107086,0.8713478297978626,0.8215981475206556,0.8910796121763559,0.06948146465570026
spatial_thin_300_cap100,000000000000000002c5,crop_loss,test_site,100,55,99.5971687257346,54.64823020146833,54.64823020146833,0.34107983725165136,0.2663444841259658,0.38530657462741386,0.11896209050144807
spatial_thin_300_cap100,000000000000000002dc,crop_loss,test_site,98,93,97.53905252427494,92.47313539809211,92.47313539809211,0.6517234939144735,0.6066242500070388,0.685236253779288,0.0786120037722492
spatial_thin_300_cap100,000000000000000002e4,crop_loss,test_site,83,95,82.67185762267837,94.57130348443671,82.67185762267837,0.35337397790731356,0.30957641085932885,0.427107198385008,0.11753078752567914
spatial_thin_300_cap100,000000000000000002ec,crop_loss,test_site,91,95,90.64256584486789,94.46428850109437,90.64256584486789,0.4729649523556062,0.4495252067816904,0.5354496567737977,0.08592444999210735
spatial_thin_300_cap100,00000000000000000314,crop_loss,test_site,100,57,99.40534306511435,56.63759059644439,56.63759059644439,0.1259464160205566,0.07185839744770976,0.1528488768097331,0.08099047936202335
spatial_thin_300_cap100,00000000000000000335,crop_loss,test_site,100,98,99.24779853520694,97.3800170653027,97.3800170653027,0.4464488571125127,0.4017529018376867,0.4888018142880915,0.0870489124504048
spatial_thin_300_cap100,0000000000000000033a,crop_loss,test_site,77,100,76.63197107989053,99.49204124429994,76.63197107989053,0.5339043327761163,0.49532287425838584,0.5855522721584636,0.09022939790007778
spatial_thin_300_cap100,000000000000000003b0,crop_loss,test_site,85,100,84.63353254981949,99.40695696570803,84.63353254981949,0.2655522868165214,0.20640067121371092,0.3105386935400286,0.10413802232631769
spatial_thin_300_cap100,000000000000000003c8,crop_loss,test_site,99,70,98.59848267660507,69.41507889178266,69.41507889178266,0.21140596668875314,0.1888922226952626,0.261704087287301,0.0728118645920384
spatial_thin_300_cap100,000000000000000003f1,crop_loss,test_site,86,78,85.6308294799989,77.6185118623774,77.6185118623774,0.4659167436936705,0.42321938573634815,0.5187841936363912,0.09556480790004301
spatial_thin_300_cap100,000000000000000003f2,crop_loss,test_site,92,69,91.5343511962733,68.55252224109945,68.55252224109945,0.4571672855704652,0.4219555349730865,0.5151992085678059,0.09324367359471936
spatial_thin_300_cap100,0000000000000000044b,crop_loss,test_site,100,26,99.30539277596135,25.84052673257295,25.84052673257295,0.5490797739842999,0.5154595741004099,0.5737284268212455,0.058268852720835596
spatial_thin_300_cap100,0000000000000000046c,crop_loss,test_site,89,96,88.571619906551,95.31126813972996,88.571619906551,0.5431825245526034,0.4505520581789354,0.6280340968513036,0.17748203867236823
spatial_thin_300_cap100,00000000000000000480,crop_loss,test_site,100,25,99.55388384989766,24.81052188431345,24.81052188431345,0.8412471735016593,0.7650311614099167,0.8653885567186707,0.10035739530875398
spatial_thin_300_cap100,00000000000000000483,crop_loss,test_site,100,35,99.44326630949398,34.81881570625022,34.81881570625022,0.7124893462200766,0.6498169461465404,0.7467158153656273,0.09689886921908686
spatial_thin_300_cap100,00000000000000000485,crop_loss,test_site,83,100,82.3930748223841,99.70970820692528,82.3930748223841,0.6890787954419306,0.6578397058553171,0.711971352867627,0.05413164701230988
spatial_thin_300_cap100,00000000000000000497,crop_loss,test_site,97,72,96.80799912946571,71.5468907812389,71.5468907812389,0.27299257963281165,0.21899050681784318,0.3224094779067307,0.1034189710888875
spatial_thin_300_cap100,0000000000000000049b,crop_loss,test_site,100,72,99.44455981909216,71.45343115702575,71.45343115702575,0.36196341129468496,0.33830516606053007,0.38796498092453763,0.049659814864007557
spatial_thin_300_cap100,000000000000000004a1,crop_loss,test_site,77,99,76.5048161605508,98.57470798943922,76.5048161605508,0.3799890151507985,0.3456791292947416,0.43577910646631934,0.09009997717157775
spatial_thin_300_cap100,000000000000000004e7,crop_loss,test_site,93,47,92.56237124195255,46.68615013676791,46.68615013676791,0.4906662091314917,0.4728089132271668,0.5160684875593177,0.043259574332150885
spatial_thin_300_cap100,000000000000000004e9,crop_loss,test_site,100,35,99.64738675853017,34.72882083029722,34.72882083029722,0.40028253157198745,0.2645304921640323,0.46700169805255526,0.20247120588852296
spatial_thin_300_cap100,000000000000000004ee,crop_loss,test_site,98,42,97.52772973399775,41.699521364209374,41.699521364209374,0.44704991895399354,0.3122739372675878,0.5365613231640569,0.22428738589646913
spatial_thin_300_cap100,000000000000000004f9,crop_loss,test_site,87,78,86.57214536825515,77.66956468905384,77.66956468905384,0.36259226814922935,0.30541533503184204,0.4681977450983847,0.16278241006654265
spatial_thin_300_cap100,00000000000000000517,crop_loss,test_site,99,59,98.43861475874614,58.550605829316176,58.550605829316176,0.2678584167549913,0.2119292411827469,0.3109558207940817,0.09902657961133479
spatial_thin_300_cap100,00000000000000000538,crop_loss,test_site,93,1,92.37277172940071,1.0,1.0,0.32471561898830814,0.3119582905232168,0.3605448727368818,0.04858658221366502
spatial_thin_300_cap100,0000000000000000057e,crop_loss,test_site,99,18,98.5432674475264,17.915982251188655,17.915982251188655,0.4991407909131067,0.4745906386629679,0.5356513102464038,0.061060671583435866
spatial_thin_300_cap100,000000000000000005d1,crop_loss,test_site,100,35,99.62617798252806,34.566277327915245,34.566277327915245,0.14904765952568413,0.12921136902211217,0.2469710236257112,0.11775965460359902
spatial_thin_300_cap100,00000000000000000611,crop_loss,test_site,100,91,99.67493705990705,90.67547225070948,90.67547225070948,0.629579882345003,0.5896458827326038,0.6641817009183578,0.07453581818575405
spatial_thin_300_cap100,0000000000000000062f,crop_loss,test_site,85,85,84.36966651197937,84.53915243741326,84.36966651197937,0.5397437810006102,0.4708800904163194,0.6314080082879953,0.16052791787167586
spatial_thin_300_cap100,00000000000000000632,crop_loss,test_site,100,31,99.54059928359501,30.675885592527386,30.675885592527386,0.09804994455279932,0.09017903117588018,0.14584315601949607,0.055664124843615895
spatial_thin_300_cap100,0000000000000000063e,crop_loss,test_site,85,87,84.55298065058852,86.5587172512651,84.55298065058852,0.2972176175013169,0.2665242231498076,0.3473700221205561,0.0808457989707485
spatial_thin_300_cap100,00000000000000000655,crop_loss,test_site,96,60,95.50016740192052,59.627439559194386,59.627439559194386,0.45419657614683684,0.3091745740386182,0.5430704064821723,0.2338958324435541
spatial_thin_300_cap100,00000000000000000697,crop_loss,test_site,94,100,93.65865021213757,99.63816471238034,93.65865021213757,0.604303435732872,0.5647241781929665,0.6408676818065409,0.07614350361357436
spatial_thin_300_cap100,00000000000000000698,crop_loss,test_site,40,100,39.77115156565889,99.50396632407467,39.77115156565889,0.4300971895205829,0.3904393410656943,0.4720763726471013,0.081637031581407
spatial_thin_300_cap100,000000000000000006a8,crop_loss,test_site,92,95,91.61832021910644,94.62759534640344,91.61832021910644,0.3323249712044869,0.28634269506839344,0.37830844593453056,0.09196575086613712
spatial_thin_300_cap100,000000000000000006b4,crop_loss,test_site,89,100,88.43889941190447,99.48572691109428,88.43889941190447,0.5547467944320257,0.47275217017043475,0.5977214447065593,0.12496927453612455
spatial_thin_300_cap100,000000000000000006be,crop_loss,test_site,75,40,74.59114523554163,39.6574175022877,39.6574175022877,0.38368116771520044,0.3385494318312154,0.4521513415352686,0.1136019097040532
spatial_thin_300_cap100,000000000000000006c0,crop_loss,test_site,100,6,99.65917893977031,5.950465951185927,5.950465951185927,0.4246526809076872,0.1773151662765226,0.6002642617288815,0.42294909545235887
spatial_thin_300_cap100,000000000000000006ce,crop_loss,test_site,100,50,99.36035266935095,49.61950010317239,49.61950010317239,0.5470694001829305,0.4768477687996064,0.6165427418008474,0.13969497300124106
spatial_thin_300_cap100,000000000000000006d9,crop_loss,test_site,70,100,69.6853139397002,99.54451325835096,69.6853139397002,0.2152385683432129,0.1827708528901815,0.2527161102222067,0.0699452573320252
spatial_thin_300_cap100,000000000000000006e5,crop_loss,test_site,84,100,83.37138532033273,99.6113837568054,83.37138532033273,0.5274370989748476,0.46169978056470895,0.5726156140411769,0.11091583347646794
spatial_thin_300_cap100,00000000000000000151,built_loss,test_site,100,35,99.51826094355306,34.844135963399125,34.844135963399125,0.2976322798016402,0.25956132917664754,0.3508421075821769,0.09128077840552934
spatial_thin_300_cap100,000000000000000001be,built_loss,test_site,85,12,84.41143226926089,11.999210223213927,11.999210223213927,0.3959554604920121,0.3426600489586049,0.5343620003168421,0.1917019513582372
spatial_thin_300_cap100,0000000000000000034d,built_loss,test_site,100,16,99.6703733822479,15.890346624623522,15.890346624623522,0.3909099650789881,0.336130643904518,0.4481249495545992,0.11199430565008117
spatial_thin_300_cap100,000000000000000003c7,crop_loss,test_site,94,53,93.62027225974809,52.891792546456074,52.891792546456074,0.7344100987283021,0.6620922981328273,0.7730947812762751,0.11100248314344774
spatial_thin_300_cap100,0000000000000000004a,built_loss,test_site,100,22,99.59484243409105,21.768288097415773,21.768288097415773,0.4340505702056982,0.4130483310803953,0.4729492941147338,0.059900963034338506
spatial_thin_300_cap100,00000000000000000206,built_loss,test_site,78,88,77.61591146426666,87.48112186643867,77.61591146426666,0.6967213879320708,0.6222038309430107,0.7279247009946703,0.10572087005165964
spatial_thin_300_cap100,000000000000000002a4,built_loss,test_site,100,27,99.50618178353413,26.69624571285891,26.69624571285891,0.37834979894211085,0.31830406227141,0.41354734064979715,0.09524327837838714
spatial_thin_300_cap100,000000000000000004f5,built_loss,test_site,100,15,99.61537694180491,14.878512727922681,14.878512727922681,0.4574442352289772,0.36520205853413384,0.5110466757474622,0.14584461721332836
spatial_thin_300_cap100,000000000000000002cc,crop_loss,test_site,100,37,99.503565880264,36.68427874820244,36.68427874820244,0.37504116620178307,0.25810439934304213,0.5210768747198287,0.26297247537678653
spatial_thin_300_cap100,000000000000000006cc,crop_loss,test_site,52,100,51.62694095131036,99.59737563381863,51.62694095131036,0.3821416736934586,0.3351378085064496,0.4238078497727555,0.0886700412663059
spatial_thin_300_cap100,0000000000000000016c,crop_loss,test_site,93,79,92.42850191377359,78.51216159790714,78.51216159790714,0.47952399476852997,0.4373589434251112,0.5179391899593668,0.0805802465342556
spatial_thin_100_cap150,00000000000000000085,built_loss,test_site,150,111,117.35816375629771,55.275018487214304,55.275018487214304,0.37555871582128897,0.3357445042902647,0.41162545468808504,0.07588095039782033
spatial_thin_100_cap150,00000000000000000114,built_loss,test_site,143,150,90.38818951778622,89.76195404023039,89.76195404023039,0.6847289332060232,0.6610847440202322,0.7069269301638132,0.04584218614358104
spatial_thin_100_cap150,0000000000000000024c,built_loss,test_site,150,130,110.64939356927842,76.13157768042079,76.13157768042079,0.7080469599820742,0.6784360781854096,0.7296395858684714,0.05120350768306181
spatial_thin_100_cap150,00000000000000000375,built_loss,test_site,150,150,99.11364683611302,103.06530507723106,99.11364683611302,0.6569763114963996,0.6253828965675053,0.6935119744606274,0.06812907789312206
spatial_thin_100_cap150,000000000000000004d2,built_loss,test_site,150,127,118.21285144918438,75.56623699617694,75.56623699617694,0.6106660359210044,0.5729462238072969,0.6531562957223963,0.08021007191509943
spatial_thin_100_cap150,000000000000000005bd,built_loss,test_site,150,19,111.1099802475638,10.604883567729503,10.604883567729503,0.5574339701603085,0.438781554321269,0.6096282808661443,0.17084672654487532
spatial_thin_100_cap150,00000000000000000281,crop_loss,test_site,150,150,106.58310098690616,115.0044692760496,106.58310098690616,0.5186992020778146,0.4936491368619194,0.5367071817719679,0.04305804491004844
spatial_thin_100_cap150,000000000000000003a2,crop_loss,test_site,135,150,83.9062735317175,118.00927127737219,83.9062735317175,0.34142421243655396,0.2931760456057745,0.38480343664177935,0.09162739103600487
spatial_thin_100_cap150,00000000000000000001,built_loss,test_site,150,80,125.33267603104375,62.72536549262154,62.72536549262154,0.42256891447609046,0.3896736383167035,0.4541662746232012,0.06449263630649771
spatial_thin_100_cap150,00000000000000000049,built_loss,test_site,150,30,111.77786717323099,18.389450932455276,18.389450932455276,0.44948042703896485,0.40715371731349104,0.5017725826930223,0.09461886537953124
spatial_thin_100_cap150,0000000000000000004f,built_loss,test_site,150,137,127.43761929985064,93.3528399287303,93.3528399287303,0.4535874002218914,0.41181459714350577,0.49570877143578695,0.08389417429228119
spatial_thin_100_cap150,0000000000000000005a,built_loss,test_site,150,140,119.86000352857722,87.04724452399968,87.04724452399968,0.4492037226494872,0.4262781452367506,0.46123690125566413,0.03495875601891352
spatial_thin_100_cap150,00000000000000000079,built_loss,test_site,147,144,121.01227485738234,115.7895491460945,115.7895491460945,0.6277463074892438,0.5964157519507587,0.6689018430230639,0.07248609107230519
spatial_thin_100_cap150,00000000000000000087,built_loss,test_site,150,150,115.48458074825382,114.98334776835932,114.98334776835932,0.6300489977322951,0.5546332303694205,0.6659712204518546,0.11133799008243417
spatial_thin_100_cap150,000000000000000000a1,built_loss,test_site,150,57,126.07613623518323,26.919835828003762,26.919835828003762,0.4187411696819352,0.36396243171011755,0.4627538544244276,0.09879142271431007
spatial_thin_100_cap150,000000000000000000b8,built_loss,test_site,150,85,126.03649459001005,35.41038173676487,35.41038173676487,0.49752679819705686,0.4087403506636363,0.5802482000650137,0.17150784940137737
spatial_thin_100_cap150,000000000000000000c0,built_loss,test_site,150,150,101.13360049519356,106.722385548381,101.13360049519356,0.6320826242850353,0.602333741051715,0.6557969924987753,0.05346325144706032
spatial_thin_100_cap150,000000000000000000e2,built_loss,test_site,150,98,130.48896787692414,56.45421737796596,56.45421737796596,0.3721011067471031,0.33754745021041044,0.41292469356539285,0.07537724335498242
spatial_thin_100_cap150,000000000000000000f0,built_loss,test_site,150,150,119.5659406439584,94.72935005380926,94.72935005380926,0.6759032964375818,0.6302986606957489,0.7183636481093738,0.0880649874136249
spatial_thin_100_cap150,000000000000000000f8,built_loss,test_site,150,150,128.16323447400518,113.09644630109305,113.09644630109305,0.5407698941077088,0.5085815644801962,0.5751903148422478,0.0666087503620516
spatial_thin_100_cap150,0000000000000000011c,built_loss,test_site,150,58,128.46366096434343,28.295513810785256,28.295513810785256,0.6829804828441084,0.6213160499907755,0.7165053955614373,0.09518934557066183
spatial_thin_100_cap150,00000000000000000161,built_loss,test_site,150,150,123.71860255535302,101.65043435676348,101.65043435676348,0.6604300332977442,0.6307323366367439,0.6905317614027385,0.059799424765994647
spatial_thin_100_cap150,0000000000000000016a,built_loss,test_site,150,39,119.2492770469828,22.927126652045377,22.927126652045377,0.2671132304479179,0.2183090883924235,0.32622238455464025,0.10791329616221676
spatial_thin_100_cap150,00000000000000000176,built_loss,test_site,150,145,121.37934871530737,83.11414880689561,83.11414880689561,0.6573423310609857,0.6325375278363276,0.6736407896286072,0.04110326179227963
spatial_thin_100_cap150,000000000000000001a8,built_loss,test_site,150,150,117.68791501041393,113.39370118295894,113.39370118295894,0.5452240119089958,0.5120713516020122,0.5774351697296175,0.06536381812760528
spatial_thin_100_cap150,000000000000000001cd,built_loss,test_site,150,150,111.79438835419148,115.949738283716,111.79438835419148,0.762984521568456,0.7246193289081265,0.8013504164085243,0.07673108750039781
spatial_thin_100_cap150,000000000000000001e5,built_loss,test_site,150,99,96.68132047674783,58.844948663095046,58.844948663095046,0.564246259651638,0.5325460906149401,0.6097127817094667,0.07716669109452667
spatial_thin_100_cap150,00000000000000000209,built_loss,test_site,150,150,120.29137687582109,113.72746280963226,113.72746280963226,0.6405941713481113,0.5900120188266781,0.6632012500297435,0.07318923120306542
spatial_thin_100_cap150,00000000000000000231,built_loss,test_site,150,150,117.46437944477942,108.47486983205351,108.47486983205351,0.5591298689930612,0.5151163066980998,0.5833076085988691,0.06819130190076927
spatial_thin_100_cap150,0000000000000000026d,built_loss,test_site,150,150,117.33591100795724,88.15085519533558,88.15085519533558,0.5939614417760062,0.562401584647545,0.6307948407186756,0.06839325607113067
spatial_thin_100_cap150,00000000000000000278,built_loss,test_site,139,150,104.60791239411509,104.88663561923708,104.60791239411509,0.7673606822446819,0.7303000006226484,0.8049827203035956,0.0746827196809472
spatial_thin_100_cap150,00000000000000000293,built_loss,test_site,140,132,95.3708390357579,85.53496720045173,85.53496720045173,0.4706702303939836,0.4251017362698794,0.5051665246157854,0.08006478834590597
spatial_thin_100_cap150,00000000000000000316,built_loss,test_site,150,8,124.48415313240528,4.7505397942285885,4.7505397942285885,0.1149638369531863,0.03120567846899666,0.188301723217129,0.15709604474813235
spatial_thin_100_cap150,00000000000000000356,built_loss,test_site,150,150,104.28496113517866,98.76757321308116,98.76757321308116,0.5461768973660384,0.4949017174803657,0.6011345399591239,0.1062328224787582
spatial_thin_100_cap150,00000000000000000362,built_loss,test_site,150,150,119.92204446099865,110.75024556348262,110.75024556348262,0.5787657230962202,0.5386243354562276,0.6043363882525162,0.06571205279628867
spatial_thin_100_cap150,00000000000000000363,built_loss,test_site,150,130,125.39003020189547,74.7341880497644,74.7341880497644,0.25058751981758565,0.23172771715807014,0.27336402936952486,0.041636312211454723
spatial_thin_100_cap150,00000000000000000364,built_loss,test_site,140,150,109.98439610748343,127.49668625414301,109.98439610748343,0.6145560005458988,0.5815114572483518,0.6477415303108305,0.06623007306247863
spatial_thin_100_cap150,00000000000000000380,built_loss,test_site,150,137,123.10326540770846,90.59968604084894,90.59968604084894,0.4984683459661343,0.47820344757846345,0.5312026663906313,0.05299921881216785
spatial_thin_100_cap150,00000000000000000384,built_loss,test_site,150,120,114.04707539567467,60.64518393552451,60.64518393552451,0.577257124397978,0.5539580874382919,0.603849568892774,0.04989148145448208
spatial_thin_100_cap150,0000000000000000039e,built_loss,test_site,150,61,125.0374125963203,38.21467018056666,38.21467018056666,0.4822421347313051,0.45120397100486004,0.5223721881072881,0.0711682171024281
spatial_thin_100_cap150,000000000000000003a1,built_loss,test_site,150,115,111.6103158731737,58.78693874844977,58.78693874844977,0.6231756973410701,0.581262858356843,0.660430388254024,0.07916752989718101
spatial_thin_100_cap150,000000000000000003a5,built_loss,test_site,150,134,122.16394056943327,73.4328360403214,73.4328360403214,0.37336462161038364,0.3503407771230028,0.4205650646643789,0.07022428754137605
spatial_thin_100_cap150,000000000000000003b7,built_loss,test_site,150,87,122.15267383034737,49.99348873811953,49.99348873811953,0.4856902586769854,0.4577972155907678,0.5003168138507148,0.042519598259947
spatial_thin_100_cap150,000000000000000003bf,built_loss,test_site,150,150,107.75615509532135,111.01962810164282,107.75615509532135,0.5344195674310966,0.5167997774032301,0.5668354062459474,0.050035628842717284
spatial_thin_100_cap150,000000000000000003d2,built_loss,test_site,150,150,116.14786843379468,118.23193369544096,116.14786843379468,0.6046716017921642,0.5708815782587326,0.6501341405110751,0.07925256225234245
spatial_thin_100_cap150,000000000000000003f8,built_loss,test_site,150,56,130.53003112576474,24.558127364315197,24.558127364315197,0.22566055369948718,0.20470076471958246,0.2631115968933892,0.05841083217380674
spatial_thin_100_cap150,000000000000000003fa,built_loss,test_site,150,150,106.9979173664196,116.11175800966144,106.9979173664196,0.4154280943889721,0.3917161632741061,0.44583224524937404,0.05411608197526796
spatial_thin_100_cap150,00000000000000000407,built_loss,test_site,150,150,104.88132732611368,116.71043667493944,104.88132732611368,0.5550244589437717,0.5158454890022163,0.5782645271038314,0.06241903810161509
spatial_thin_100_cap150,0000000000000000040f,built_loss,test_site,150,150,100.12483174317467,88.09475354103112,88.09475354103112,0.5280750465837334,0.5147217538355953,0.5383313360937363,0.023609582258141026
spatial_thin_100_cap150,00000000000000000426,built_loss,test_site,150,150,94.2636441854742,104.14578694765288,94.2636441854742,0.5646241009682968,0.5352045985830736,0.5837421193523825,0.04853752076930895
spatial_thin_100_cap150,0000000000000000042b,built_loss,test_site,150,150,124.43155580123572,101.11171285635469,101.11171285635469,0.5785525097499378,0.5466940693608413,0.6105050477411561,0.0638109783803148
spatial_thin_100_cap150,00000000000000000442,built_loss,test_site,150,45,123.35700790096506,15.681354538673704,15.681354538673704,0.35150034051403023,0.2722592944136515,0.48647480369564783,0.21421550928199634
spatial_thin_100_cap150,00000000000000000465,built_loss,test_site,150,150,120.86811158889606,111.63812112951625,111.63812112951625,0.6335921684730041,0.5982676126840464,0.6596130996385253,0.061345486954478945
spatial_thin_100_cap150,0000000000000000047e,built_loss,test_site,150,118,123.09197935089236,69.87030876001938,69.87030876001938,0.5128328169261586,0.4988172388360879,0.541219657735508,0.042402418899420036
spatial_thin_100_cap150,00000000000000000490,built_loss,test_site,150,150,117.3176382121976,117.62204523538628,117.3176382121976,0.6523154970744703,0.614594589890638,0.6968358440361115,0.08224125414547356
spatial_thin_100_cap150,000000000000000004c0,built_loss,test_site,150,150,112.60294032647481,103.6492403463968,103.6492403463968,0.6412346670167859,0.616380287325392,0.6672443788750835,0.050864091549691515
spatial_thin_100_cap150,000000000000000004c5,built_loss,test_site,150,95,111.33877145124536,44.7276129677288,44.7276129677288,0.5545987442941842,0.5296126835037237,0.5976432552087975,0.06803057170507376
spatial_thin_100_cap150,000000000000000004d9,built_loss,test_site,150,150,122.93549710957836,104.87510700924305,104.87510700924305,0.5554365468299163,0.5368195032591725,0.5784546316406355,0.041635128381462994
spatial_thin_100_cap150,000000000000000004eb,built_loss,test_site,150,150,118.02806918845366,118.77482927362247,118.02806918845366,0.450593543844087,0.4351156287894989,0.47576926029837613,0.04065363150887724
spatial_thin_100_cap150,000000000000000004f7,built_loss,test_site,150,70,119.67160170667088,31.39948209135199,31.39948209135199,0.48627541415730313,0.4660342557012833,0.503884982836077,0.03785072713479365
spatial_thin_100_cap150,000000000000000004fe,built_loss,test_site,150,106,125.30376179696323,53.61098226738573,53.61098226738573,0.4931982474424644,0.4789074296763825,0.509076361752659,0.030168932076276522
spatial_thin_100_cap150,0000000000000000051d,built_loss,test_site,150,89,124.11686665749313,58.57644441711638,58.57644441711638,0.48794625534317254,0.37429472594212876,0.5948094317788017,0.220514705836673
spatial_thin_100_cap150,00000000000000000559,built_loss,test_site,150,150,120.10631309773882,108.22284475304751,108.22284475304751,0.6832335081107808,0.630920529019843,0.707169389719939,0.07624886070009607
spatial_thin_100_cap150,00000000000000000576,built_loss,test_site,150,79,122.55427762553144,33.963253431785695,33.963253431785695,0.24272213672006293,0.22018067492646684,0.2819096309386613,0.06172895601219444
spatial_thin_100_cap150,00000000000000000577,built_loss,test_site,150,86,124.89068564988453,36.14896776248413,36.14896776248413,0.4630734489048055,0.4034126628177522,0.5161094145273313,0.1126967517095791
spatial_thin_100_cap150,0000000000000000057f,built_loss,test_site,150,22,109.52395323074873,10.302099026334362,10.302099026334362,0.33751848863811673,0.3087620809971886,0.41409780580667754,0.10533572480948894
spatial_thin_100_cap150,00000000000000000594,built_loss,test_site,150,92,125.412755792424,61.478821781583974,61.478821781583974,0.5170882700583139,0.4163154400279704,0.6161105039313092,0.1997950639033388
spatial_thin_100_cap150,000000000000000005ad,built_loss,test_site,150,150,121.6483059272602,101.0373209650689,101.0373209650689,0.6615370712450509,0.6248776227021032,0.6894946903336873,0.06461706763158404
spatial_thin_100_cap150,000000000000000005bf,built_loss,test_site,150,130,119.4487304148083,84.01088606920896,84.01088606920896,0.39617128672935736,0.3722320707343434,0.42488912251232813,0.05265705177798474
spatial_thin_100_cap150,000000000000000005cc,built_loss,test_site,150,88,100.41168817478038,42.14685824482565,42.14685824482565,0.3377281057393862,0.3147245458376686,0.35962253304682706,0.04489798720915844
spatial_thin_100_cap150,000000000000000005de,built_loss,test_site,150,144,113.56008883349972,91.44284111816715,91.44284111816715,0.43556524659360357,0.42191495313106214,0.4519325956755656,0.030017642544503453
spatial_thin_100_cap150,000000000000000005e7,built_loss,test_site,150,150,104.55389580569107,115.9182950986266,104.55389580569107,0.6325291929943678,0.579066721506096,0.6759791925235267,0.09691247101743072
spatial_thin_100_cap150,000000000000000005f9,built_loss,test_site,150,118,124.3933952847916,58.363598722066975,58.363598722066975,0.6439439853701089,0.5901640760640954,0.6725781002940503,0.08241402422995492
spatial_thin_100_cap150,0000000000000000061c,built_loss,test_site,150,111,124.85540561340535,60.69264726737348,60.69264726737348,0.4233464829767092,0.3965318692651085,0.46210049636644035,0.06556862710133182
spatial_thin_100_cap150,00000000000000000624,built_loss,test_site,150,46,105.65289520103516,17.66426438724277,17.66426438724277,0.501943347962896,0.4462002946613031,0.5499052237616618,0.10370492910035872
spatial_thin_100_cap150,00000000000000000626,built_loss,test_site,150,150,113.9732789688123,93.12228650318214,93.12228650318214,0.5049554504090734,0.4780523545270969,0.523064154382031,0.04501179985493414
spatial_thin_100_cap150,0000000000000000062a,built_loss,test_site,150,150,114.541844748557,102.41542700435942,102.41542700435942,0.5722791993719512,0.5494787609284875,0.6100274061737784,0.06054864524529091
spatial_thin_100_cap150,00000000000000000636,built_loss,test_site,150,117,118.33184510670439,68.79107040869863,68.79107040869863,0.4559198687082186,0.3877396654076321,0.5220773709749851,0.13433770556735297
spatial_thin_100_cap150,0000000000000000064a,built_loss,test_site,150,37,129.6475323910252,12.587342460240876,12.587342460240876,0.3281853186944863,0.2821263828717636,0.36035552465317544,0.07822914178141183
spatial_thin_100_cap150,0000000000000000064d,built_loss,test_site,150,86,125.22924576743974,50.83556836950537,50.83556836950537,0.41331242904810045,0.38526517397912385,0.44614836863554663,0.06088319465642278
spatial_thin_100_cap150,00000000000000000694,built_loss,test_site,150,137,120.72731991339877,79.7636649602387,79.7636649602387,0.3638117869655012,0.3516418712327363,0.3832689663789947,0.03162709514625839
spatial_thin_100_cap150,0000000000000000069d,built_loss,test_site,150,150,113.1362306365997,105.69979309985325,105.69979309985325,0.6546555554677701,0.6260400201654216,0.6809754322632485,0.05493541209782693
spatial_thin_100_cap150,000000000000000006b7,built_loss,test_site,150,141,115.90691402360089,90.09958055322005,90.09958055322005,0.4619630184430282,0.440596767242704,0.4770615631111027,0.03646479586839868
spatial_thin_100_cap150,000000000000000006df,built_loss,test_site,150,93,121.24579328922009,49.85884410070606,49.85884410070606,0.23254373292577607,0.20725544056561535,0.27031364802080066,0.06305820745518531
spatial_thin_100_cap150,000000000000000006e3,built_loss,test_site,150,118,120.68234766853189,79.05886429211398,79.05886429211398,0.41286205228835426,0.3739071680699619,0.44227143922819173,0.06836427115822985
spatial_thin_100_cap150,00000000000000000011,crop_loss,test_site,150,150,119.00667125560406,108.24888682072016,108.24888682072016,0.6785427349406233,0.5160020002778554,0.8365222127599037,0.3205202124820483
spatial_thin_100_cap150,0000000000000000002b,crop_loss,test_site,150,150,123.51211178595436,112.17126412522664,112.17126412522664,0.18661375333015276,0.13069521287741273,0.23630053717855118,0.10560532430113845
spatial_thin_100_cap150,0000000000000000002d,crop_loss,test_site,150,150,121.35573083270876,120.8748260545445,120.8748260545445,0.4804619439671932,0.4462014320812493,0.5105991187944561,0.06439768671320678
spatial_thin_100_cap150,0000000000000000003a,crop_loss,test_site,150,150,110.14224005342383,121.03984361702393,110.14224005342383,0.28437216776024965,0.2568572251606191,0.3169092825846009,0.060052057423981786
spatial_thin_100_cap150,0000000000000000009b,crop_loss,test_site,150,103,109.54711587485082,56.76483779635099,56.76483779635099,0.49328698785206126,0.4865878545117942,0.5042978474349998,0.01770999292320563
spatial_thin_100_cap150,0000000000000000009d,crop_loss,test_site,150,37,127.37950706268744,21.371559610243317,21.371559610243317,0.3499942681479567,0.32568476362769794,0.4314078487266407,0.10572308509894274
spatial_thin_100_cap150,000000000000000000a8,crop_loss,test_site,150,128,124.38072902959694,85.5303331491713,85.5303331491713,0.21147466706995247,0.19647662585731457,0.225664184591074,0.029187558733759444
spatial_thin_100_cap150,000000000000000000da,crop_loss,test_site,130,150,80.77592132921158,120.43225269506888,80.77592132921158,0.7615777781039873,0.7321357786441514,0.7806750242719969,0.048539245627845506
spatial_thin_100_cap150,000000000000000000e3,crop_loss,test_site,150,150,115.89215132244006,116.69559946646467,115.89215132244006,0.4803604014519775,0.44728213600484473,0.5206745595782925,0.07339242357344772
spatial_thin_100_cap150,000000000000000000e9,crop_loss,test_site,150,52,121.40757522971789,21.25538280050218,21.25538280050218,0.38022316266846157,0.3370479463811783,0.4333853674075948,0.09633742102641651
spatial_thin_100_cap150,0000000000000000011b,crop_loss,test_site,150,138,130.04241743600457,84.43949555746678,84.43949555746678,0.4764181829344062,0.4635359020741808,0.4939595161453744,0.03042361407119365
spatial_thin_100_cap150,00000000000000000128,crop_loss,test_site,150,150,95.70204879402758,97.11628665452693,95.70204879402758,0.5435454237557564,0.5277422631239589,0.5570801558114059,0.02933789268744702
spatial_thin_100_cap150,00000000000000000192,crop_loss,test_site,150,150,117.39280999542244,108.41953614334241,108.41953614334241,0.5577739223791018,0.5444824946470617,0.5723049405733469,0.027822445926285244
spatial_thin_100_cap150,00000000000000000196,crop_loss,test_site,150,99,125.39301948950643,58.76146074528482,58.76146074528482,0.25028094438173326,0.2318051712343144,0.2771616630465397,0.045356491812225314
spatial_thin_100_cap150,000000000000000001a6,crop_loss,test_site,150,150,122.27430600425808,100.50515315188528,100.50515315188528,0.30989572404293636,0.2472506241252352,0.3425549174520649,0.09530429332682969
spatial_thin_100_cap150,000000000000000001e4,crop_loss,test_site,150,150,108.33745032551087,120.80980910647887,108.33745032551087,0.49591151704753544,0.4659302198191237,0.5110815838708831,0.0451513640517594
spatial_thin_100_cap150,000000000000000001f9,crop_loss,test_site,150,150,119.37588180942119,107.96719976091445,107.96719976091445,0.5046403181281736,0.42296229922045836,0.6959255612255104,0.27296326200505205
spatial_thin_100_cap150,00000000000000000228,crop_loss,test_site,150,135,116.54301627929647,81.84121711379609,81.84121711379609,0.4918908321571824,0.39690203885257885,0.5313919563421237,0.1344899174895448
spatial_thin_100_cap150,0000000000000000028c,crop_loss,test_site,150,34,112.70138299595395,20.549604880179547,20.549604880179547,0.36836356839562506,0.31481537556492756,0.4844775766645134,0.16966220109958585
spatial_thin_100_cap150,0000000000000000028d,crop_loss,test_site,150,112,130.5940760847282,74.25078487789393,74.25078487789393,0.6646875991577571,0.6240504299148193,0.6975178408665192,0.07346741095169995
spatial_thin_100_cap150,00000000000000000291,crop_loss,test_site,150,111,116.62332865016913,52.88508973828689,52.88508973828689,0.8772134495720051,0.862434442670594,0.8877131169272179,0.02527867425662389
spatial_thin_100_cap150,000000000000000002c5,crop_loss,test_site,150,139,121.98064235206807,86.99995605515667,86.99995605515667,0.34699821454446944,0.2887268634453166,0.3745738845944918,0.0858470211491752
spatial_thin_100_cap150,000000000000000002dc,crop_loss,test_site,150,150,118.30444330235116,116.74477159619788,116.74477159619788,0.6505966921375773,0.6122768618625059,0.6818836292000793,0.06960676733757343
spatial_thin_100_cap150,000000000000000002e4,crop_loss,test_site,150,150,107.76454278496874,117.63921917480509,107.76454278496874,0.3183864012714015,0.279004680511517,0.3614201254543552,0.0824154449428382
spatial_thin_100_cap150,000000000000000002ec,crop_loss,test_site,150,150,109.1481276829023,117.78587613320315,109.1481276829023,0.4964330631952486,0.46370640903810156,0.5448438141609071,0.08113740512280554
spatial_thin_100_cap150,00000000000000000314,crop_loss,test_site,150,138,120.73033815544275,86.00926853132655,86.00926853132655,0.09730455660855536,0.06331609073489732,0.12468063539304863,0.06136454465815132
spatial_thin_100_cap150,00000000000000000335,crop_loss,test_site,150,150,114.81458868608073,114.93674292377867,114.81458868608073,0.4499520954291864,0.4166402637371076,0.473342107318577,0.0567018435814694
spatial_thin_100_cap150,0000000000000000033a,crop_loss,test_site,144,150,95.66248662251435,119.04462615415402,95.66248662251435,0.5192555958897916,0.4844204416738012,0.5484504606075331,0.06403001893373189
spatial_thin_100_cap150,000000000000000003b0,crop_loss,test_site,150,150,111.04314106663148,122.04555905042065,111.04314106663148,0.21066055028920494,0.18055244806784326,0.25353067985211647,0.0729782317842732
spatial_thin_100_cap150,000000000000000003c8,crop_loss,test_site,150,150,116.3340632366041,104.0334165045951,104.0334165045951,0.20122583184995113,0.17936437929837623,0.22731000603442053,0.0479456267360443
spatial_thin_100_cap150,000000000000000003f1,crop_loss,test_site,137,126,111.95491401628541,101.12766084350297,101.12766084350297,0.4488547748609669,0.42081010378842765,0.4902776283567118,0.06946752456828414
spatial_thin_100_cap150,000000000000000003f2,crop_loss,test_site,150,150,115.03664090284647,103.7827313269385,103.7827313269385,0.4524350248805017,0.426904800032116,0.4835319163088858,0.05662711627676981
spatial_thin_100_cap150,0000000000000000044b,crop_loss,test_site,150,78,119.6283162976054,40.317959954864605,40.317959954864605,0.5655502641301221,0.5444106580194262,0.5890794387796362,0.04466878076020997
spatial_thin_100_cap150,0000000000000000046c,crop_loss,test_site,150,150,111.09519390177755,120.39876540022509,111.09519390177755,0.49300384127668123,0.43887785008862285,0.5569120294811957,0.11803417939257282
spatial_thin_100_cap150,00000000000000000480,crop_loss,test_site,150,77,125.60023069554701,37.57764990529145,37.57764990529145,0.8446471955626795,0.7974824027830337,0.8690976801897043,0.07161527740667062
spatial_thin_100_cap150,00000000000000000483,crop_loss,test_site,150,78,127.75567663778682,39.51177264081426,39.51177264081426,0.7335257117318079,0.6833299740180737,0.7623702951374859,0.07904032111941217
spatial_thin_100_cap150,00000000000000000485,crop_loss,test_site,150,150,109.95747313257053,123.02374855235036,109.95747313257053,0.69908202906967,0.6792244503833981,0.7240336609789327,0.044809210595534665
spatial_thin_100_cap150,00000000000000000497,crop_loss,test_site,150,150,123.55464346503335,102.22365740989324,102.22365740989324,0.23891921868407615,0.2085850059442698,0.28599842366938927,0.07741341772511948
spatial_thin_100_cap150,0000000000000000049b,crop_loss,test_site,150,150,122.62157176751046,104.18335527863056,104.18335527863056,0.3561743375871731,0.3355163409824375,0.37554754432599097,0.04003120334355348
spatial_thin_100_cap150,000000000000000004a1,crop_loss,test_site,150,150,101.3995851778813,114.97770180135612,101.3995851778813,0.35296834561533286,0.3208592729158711,0.3935353319246938,0.07267605900882274
spatial_thin_100_cap150,000000000000000004e7,crop_loss,test_site,150,115,118.46783972914918,71.98160489209135,71.98160489209135,0.49489237653549106,0.47356838143284863,0.5141005327366899,0.040532151303841246
spatial_thin_100_cap150,000000000000000004e9,crop_loss,test_site,150,114,125.8629224235662,55.5521983729331,55.5521983729331,0.39085395857634253,0.30190988484291253,0.4427624186715,0.14085253382858748
spatial_thin_100_cap150,000000000000000004ee,crop_loss,test_site,150,122,117.42254164867506,64.98817200727106,64.98817200727106,0.37907639309058,0.3024239508078915,0.4571871871960093,0.15476323638811784
spatial_thin_100_cap150,000000000000000004f9,crop_loss,test_site,150,150,116.95655831689095,110.69030687741346,110.69030687741346,0.3391653285648539,0.2959688314730073,0.4341471548960762,0.1381783234230689
spatial_thin_100_cap150,00000000000000000517,crop_loss,test_site,150,150,123.34104848774841,88.77258588201023,88.77258588201023,0.28111204526195144,0.21807551232840944,0.34055168342574055,0.12247617109733111
spatial_thin_100_cap150,00000000000000000538,crop_loss,test_site,150,2,119.91760424604398,1.2254335120024598,1.2254335120024598,0.2887145648607381,0.25535833127098523,0.3243605721078634,0.06900224083687817
spatial_thin_100_cap150,0000000000000000057e,crop_loss,test_site,150,39,117.49143572502659,18.92924361647165,18.92924361647165,0.5179039101910711,0.49520206456785587,0.538565701510789,0.043363636942933104
spatial_thin_100_cap150,000000000000000005d1,crop_loss,test_site,150,115,125.35979660647779,57.28139593406267,57.28139593406267,0.16494371520517884,0.13552353322248478,0.21373104127497367,0.07820750805248888
spatial_thin_100_cap150,00000000000000000611,crop_loss,test_site,150,150,120.36320553200197,115.23230016683767,115.23230016683767,0.6417655190033399,0.6088780425850067,0.6735167127820489,0.06463867019704228
spatial_thin_100_cap150,0000000000000000062f,crop_loss,test_site,150,150,111.66880542659814,109.48697077806038,109.48697077806038,0.5237658009643529,0.4737150531106383,0.5803082309021291,0.10659317779149086
spatial_thin_100_cap150,00000000000000000632,crop_loss,test_site,150,89,119.18874506481971,44.208622332645625,44.208622332645625,0.09059724179719905,0.08132574857344063,0.10604628878729981,0.02472054021385918
spatial_thin_100_cap150,0000000000000000063e,crop_loss,test_site,150,150,116.29630664998963,113.95461928617395,113.95461928617395,0.3044961281140571,0.27138690777046387,0.33646446024208654,0.06507755247162267
spatial_thin_100_cap150,00000000000000000655,crop_loss,test_site,150,147,117.30744960415971,91.1158108105503,91.1158108105503,0.47566240877985666,0.3775013374340911,0.5848969041860379,0.2073955667519468
spatial_thin_100_cap150,00000000000000000697,crop_loss,test_site,148,150,121.92037844077325,129.65817954998593,121.92037844077325,0.6157157671385263,0.5848400562793734,0.6455143323833388,0.06067427610396536
spatial_thin_100_cap150,00000000000000000698,crop_loss,test_site,102,150,55.37976484870254,125.90314409131533,55.37976484870254,0.44628387104750744,0.411465375172758,0.48909377044327645,0.07762839527051846
spatial_thin_100_cap150,000000000000000006a8,crop_loss,test_site,150,150,120.51766688284924,120.1577281262711,120.1577281262711,0.2978196637979384,0.2575143417187355,0.3440862320192019,0.08657189030046641
spatial_thin_100_cap150,000000000000000006b4,crop_loss,test_site,150,150,115.23896882571523,114.44199744658312,114.44199744658312,0.5208688509247834,0.4735930134223025,0.5690216186806264,0.09542860525832392
spatial_thin_100_cap150,000000000000000006be,crop_loss,test_site,150,102,105.66707647811607,49.99105435982747,49.99105435982747,0.38569241498299117,0.3499001209845923,0.4183989287153692,0.06849880773077693
spatial_thin_100_cap150,000000000000000006c0,crop_loss,test_site,150,23,126.53640988339724,8.576921261976516,8.576921261976516,0.2080707854893468,0.1725790822899465,0.47709396517350383,0.3045148828835573
spatial_thin_100_cap150,000000000000000006ce,crop_loss,test_site,150,145,123.78799663114896,80.46506076679965,80.46506076679965,0.5769038953645952,0.5084713300171927,0.6236008804036288,0.11512955038643613
spatial_thin_100_cap150,000000000000000006d9,crop_loss,test_site,150,150,98.55321128812339,122.21957275439901,98.55321128812339,0.20599856079653284,0.18007356664799934,0.2363682646123817,0.056294697964382356
spatial_thin_100_cap150,000000000000000006e5,crop_loss,test_site,150,150,112.1445070174925,122.9692581486989,112.1445070174925,0.534870619558233,0.49899474838159985,0.5794363029860216,0.0804415546044217
spatial_thin_100_cap150,00000000000000000151,built_loss,test_site,150,71,126.05561472693077,41.82965795621677,41.82965795621677,0.27655568359773613,0.256060286712243,0.3035308512175454,0.047470564505302404
spatial_thin_100_cap150,000000000000000001be,built_loss,test_site,150,15,113.50462608967594,13.495449055995946,13.495449055995946,0.4174016823384047,0.3839243343480204,0.5708115007152487,0.18688716636722824
spatial_thin_100_cap150,0000000000000000034d,built_loss,test_site,150,33,127.28400817878284,21.495298387709596,21.495298387709596,0.41284563790039264,0.3830546685106456,0.4482208406977578,0.06516617218711218
spatial_thin_100_cap150,000000000000000003c7,crop_loss,test_site,150,98,119.23789914904205,67.81420277825276,67.81420277825276,0.6963369651418072,0.6666374059753003,0.7545066080893085,0.08786920211400817
spatial_thin_100_cap150,0000000000000000004a,built_loss,test_site,150,83,127.17392752403205,37.080932090337456,37.080932090337456,0.4441423067700036,0.4298834150032211,0.45964970397962757,0.029766288976406485
spatial_thin_100_cap150,00000000000000000206,built_loss,test_site,150,150,109.06835001760781,112.06062407307562,109.06835001760781,0.716700116529136,0.6773449186263296,0.7494173832541312,0.07207246462780159
spatial_thin_100_cap150,000000000000000002a4,built_loss,test_site,150,73,124.17454862003166,36.29719202610091,36.29719202610091,0.3850565082609681,0.35933784548693587,0.4144998093959145,0.05516196390897865
spatial_thin_100_cap150,000000000000000004f5,built_loss,test_site,150,77,120.64684082252028,29.577552343715226,29.577552343715226,0.46547813283958483,0.4305328930473557,0.5096927169233446,0.07915982387598891
spatial_thin_100_cap150,000000000000000002cc,crop_loss,test_site,150,123,123.22883660604526,63.39280761034968,63.39280761034968,0.3619093661833621,0.28101054972770656,0.46898395137535487,0.1879734016476483
spatial_thin_100_cap150,000000000000000006cc,crop_loss,test_site,117,150,71.46476965993615,126.40647050786257,71.46476965993615,0.34540848429415405,0.3242037969207552,0.378415015771494,0.05421121885073882
spatial_thin_100_cap150,0000000000000000016c,crop_loss,test_site,150,150,116.67761608228687,105.00686044898075,105.00686044898075,0.4700839355118335,0.438747527581053,0.5032756780231513,0.06452815044209831
spatial_thin_150_cap150,00000000000000000085,built_loss,test_site,148,75,127.51526988492905,53.99144351801821,53.99144351801821,0.36969668426683505,0.33536627783511663,0.4108747248551168,0.07550844702000015
spatial_thin_150_cap150,00000000000000000114,built_loss,test_site,114,119,91.73238555351455,90.79780216361742,90.79780216361742,0.6757913739874097,0.6349574120464148,0.6998600905083199,0.06490267846190512
spatial_thin_150_cap150,0000000000000000024c,built_loss,test_site,146,101,123.88204547663206,78.58275834842698,78.58275834842698,0.6875804339282978,0.6508708388921369,0.7169190942849858,0.06604825539284886
spatial_thin_150_cap150,00000000000000000375,built_loss,test_site,125,139,101.8665746883022,112.49468124878668,101.8665746883022,0.6582797660491718,0.6306020838358339,0.6904573468508542,0.05985526301502031
spatial_thin_150_cap150,000000000000000004d2,built_loss,test_site,150,100,127.9612136414229,77.2006123875672,77.2006123875672,0.6048414013230311,0.566596915301569,0.6382651960201295,0.07166828071856057
spatial_thin_150_cap150,000000000000000005bd,built_loss,test_site,148,16,122.08215604652062,11.3851974380607,11.3851974380607,0.5456142430928962,0.44265671064259665,0.6379571849498404,0.1953004743072438
spatial_thin_150_cap150,00000000000000000281,crop_loss,test_site,130,150,112.91379275613949,127.7432024930935,112.91379275613949,0.5241347356764047,0.49576241319296954,0.5415874038685894,0.04582499067561985
spatial_thin_150_cap150,000000000000000003a2,crop_loss,test_site,105,150,84.28705154095499,125.35757102715178,84.28705154095499,0.34497194787393165,0.30327868512419437,0.4108426047551678,0.10756391963097345
spatial_thin_150_cap150,00000000000000000001,built_loss,test_site,150,69,130.71968764642483,62.34878237168283,62.34878237168283,0.42890460876737324,0.40099962475601747,0.4666075667471621,0.06560794199114461
spatial_thin_150_cap150,00000000000000000049,built_loss,test_site,142,22,118.06780025544649,19.175875842181068,19.175875842181068,0.43449963570711236,0.39376826175909363,0.490030579101257,0.0962623173421634
spatial_thin_150_cap150,0000000000000000004f,built_loss,test_site,150,114,135.3713050338863,94.11680072421724,94.11680072421724,0.44787311206011127,0.38117233436885284,0.4950542484473337,0.11388191407848086
spatial_thin_150_cap150,0000000000000000005a,built_loss,test_site,145,108,127.58887967803456,87.205024813578,87.205024813578,0.443354194515393,0.4240066735860283,0.4623185876317127,0.0383119140456844
spatial_thin_150_cap150,00000000000000000079,built_loss,test_site,132,128,120.56846573833224,115.75656355358018,115.75656355358018,0.6270530127832887,0.5919557276828796,0.6710065526641068,0.07905082498122717
spatial_thin_150_cap150,00000000000000000087,built_loss,test_site,150,150,130.75226510505087,126.34057291763568,126.34057291763568,0.6151334975468715,0.5711244025614924,0.664102926817286,0.09297852425579356
spatial_thin_150_cap150,000000000000000000a1,built_loss,test_site,150,39,136.48160315484077,28.921934639600003,28.921934639600003,0.41651747772071285,0.3463967318300367,0.4548370379941504,0.10844030616411365
spatial_thin_150_cap150,000000000000000000b8,built_loss,test_site,150,57,135.27248132608358,35.16380643318353,35.16380643318353,0.483987864769108,0.3207912236814359,0.6082435607386176,0.2874523370571817
spatial_thin_150_cap150,000000000000000000c0,built_loss,test_site,130,137,105.61505282935155,110.9057245903297,105.61505282935155,0.6442840504880357,0.6062907362186432,0.6687117199745297,0.06242098375588656
spatial_thin_150_cap150,000000000000000000e2,built_loss,test_site,150,69,136.5990717420365,55.53271674396804,55.53271674396804,0.3675774817817797,0.3290641685693972,0.43170354476743744,0.10263937619804026
spatial_thin_150_cap150,000000000000000000f0,built_loss,test_site,150,126,132.12764608982613,98.4290006875924,98.4290006875924,0.6619923302151987,0.6066157812262237,0.7088356014643925,0.10221982023816878
spatial_thin_150_cap150,000000000000000000f8,built_loss,test_site,150,143,136.4807023914385,119.19533522533557,119.19533522533557,0.5338889344958965,0.49329630775547684,0.5692156132361006,0.07591930548062376
spatial_thin_150_cap150,0000000000000000011c,built_loss,test_site,150,41,137.10775389258754,32.60750913166419,32.60750913166419,0.6274267324454862,0.5225641458897433,0.6928340366457771,0.17026989075603383
spatial_thin_150_cap150,00000000000000000161,built_loss,test_site,150,131,130.13193211413306,108.24540067018376,108.24540067018376,0.652683779588003,0.6208372685273945,0.6891120252320635,0.06827475670466898
spatial_thin_150_cap150,0000000000000000016a,built_loss,test_site,150,28,130.19285793956595,23.360659891711684,23.360659891711684,0.25895977145062826,0.22393070236743662,0.3010417636878762,0.0771110613204396
spatial_thin_150_cap150,00000000000000000176,built_loss,test_site,150,110,131.67238069446378,85.33638438583151,85.33638438583151,0.6511752305064432,0.6261001439198558,0.6797354162336285,0.05363527231377274
spatial_thin_150_cap150,000000000000000001a8,built_loss,test_site,147,150,128.8405764283576,125.00835402378944,125.00835402378944,0.5433507333767321,0.5069007387148429,0.5705264161866482,0.06362567747180536
spatial_thin_150_cap150,000000000000000001cd,built_loss,test_site,147,150,123.09713822205745,130.5976174280097,123.09713822205745,0.7304905809371496,0.6961029123215536,0.7805056733984798,0.08440276107692612
spatial_thin_150_cap150,000000000000000001e5,built_loss,test_site,126,77,97.5228558621935,58.770162791372,58.770162791372,0.5630541159694255,0.5346115861367805,0.6169307600482068,0.08231917391142629
spatial_thin_150_cap150,00000000000000000209,built_loss,test_site,150,145,130.72564791757085,125.95914071167616,125.95914071167616,0.5888225004125385,0.5579943093641407,0.642149812620028,0.08415550325588728
spatial_thin_150_cap150,00000000000000000231,built_loss,test_site,150,145,131.36687616620256,122.83750907741252,122.83750907741252,0.5442555654592719,0.514715401374866,0.5804707486477776,0.06575534727291155
spatial_thin_150_cap150,0000000000000000026d,built_loss,test_site,150,113,129.58454879817612,87.36574402262431,87.36574402262431,0.5900199697292635,0.5555597121586066,0.6411260207983057,0.08556630863969916
spatial_thin_150_cap150,00000000000000000278,built_loss,test_site,124,119,105.37731127694362,101.77274222638182,101.77274222638182,0.7558201223871178,0.7203327703036306,0.7989142290721861,0.07858145876855549
spatial_thin_150_cap150,00000000000000000293,built_loss,test_site,115,105,96.86895630783843,87.90843265708334,87.90843265708334,0.4675588353545605,0.4183627809441838,0.5056496050426637,0.08728682409847988
spatial_thin_150_cap150,00000000000000000316,built_loss,test_site,150,8,133.8272984990187,4.909045284965645,4.909045284965645,0.05334368739991141,0.025185719151521742,0.20297780632876825,0.1777920871772465
spatial_thin_150_cap150,00000000000000000356,built_loss,test_site,135,125,110.25743328156936,102.25905356949508,102.25905356949508,0.5487689088686749,0.477476280962932,0.5992703146955833,0.12179403373265135
spatial_thin_150_cap150,00000000000000000362,built_loss,test_site,150,146,130.81671633173417,122.06284480772828,122.06284480772828,0.5560922960663556,0.5153063526950415,0.5842022034321169,0.06889585073707538
spatial_thin_150_cap150,00000000000000000363,built_loss,test_site,150,96,132.8096067177094,71.69768642382282,71.69768642382282,0.24207506514704877,0.20986273030811425,0.26773137763951926,0.05786864733140501
spatial_thin_150_cap150,00000000000000000364,built_loss,test_site,126,146,111.66067875018294,132.1770970701289,111.66067875018294,0.6030351291611926,0.5730430745725462,0.63955170204705,0.06650862747450381
spatial_thin_150_cap150,00000000000000000380,built_loss,test_site,150,115,132.222663543148,95.07747592955288,95.07747592955288,0.49066642783320663,0.46618025322423623,0.5238225385248535,0.05764228530061727
spatial_thin_150_cap150,00000000000000000384,built_loss,test_site,150,83,125.50855848217401,58.396588467329295,58.396588467329295,0.5928329307494252,0.5633252565268221,0.6196771591279971,0.05635190260117506
spatial_thin_150_cap150,0000000000000000039e,built_loss,test_site,150,48,133.46737990157413,39.28420692744837,39.28420692744837,0.4755123583115509,0.43562381750245555,0.5099062912775318,0.0742824737750763
spatial_thin_150_cap150,000000000000000003a1,built_loss,test_site,139,79,117.82833413213959,59.205428218317,59.205428218317,0.6165041600777598,0.5767710554929089,0.6602119330483478,0.08344087755543894
spatial_thin_150_cap150,000000000000000003a5,built_loss,test_site,150,94,133.25531909069917,69.36878225841572,69.36878225841572,0.3891288249533387,0.3566304053716779,0.4397016383726355,0.08307123300095759
spatial_thin_150_cap150,000000000000000003b7,built_loss,test_site,150,63,135.1519137228435,51.33506993630075,51.33506993630075,0.47451297812795884,0.44514417423634683,0.4923781414079135,0.04723396717156669
spatial_thin_150_cap150,000000000000000003bf,built_loss,test_site,136,144,116.21706009753501,119.89417653620387,116.21706009753501,0.5369570386000163,0.5112352821027927,0.572036375005836,0.06080109290304336
spatial_thin_150_cap150,000000000000000003d2,built_loss,test_site,134,148,117.35014582849291,129.04956159036632,117.35014582849291,0.6096520067519403,0.5688556478437689,0.6544361885526124,0.08558054070884358
spatial_thin_150_cap150,000000000000000003f8,built_loss,test_site,150,33,138.36815480945933,24.46648850875255,24.46648850875255,0.23243092391575387,0.19395749036335863,0.25132834353845257,0.05737085317509394
spatial_thin_150_cap150,000000000000000003fa,built_loss,test_site,137,146,116.13748520495402,124.26533422983037,116.13748520495402,0.40660567038947154,0.38905109074517547,0.4447936713722715,0.05574258062709603
spatial_thin_150_cap150,00000000000000000407,built_loss,test_site,146,150,119.4832543130092,130.47358488477227,119.4832543130092,0.5478864678198878,0.5144447587958445,0.5873838992314548,0.07293914043561034
spatial_thin_150_cap150,0000000000000000040f,built_loss,test_site,127,108,103.58287662431245,85.31119805546298,85.31119805546298,0.5210117797405216,0.5108248654226665,0.5357105176736978,0.024885652251031343
spatial_thin_150_cap150,00000000000000000426,built_loss,test_site,126,129,97.26598933313764,106.7866513091619,97.26598933313764,0.5626563743160821,0.531594430743903,0.5768171009879384,0.04522267024403537
spatial_thin_150_cap150,0000000000000000042b,built_loss,test_site,150,130,132.86157498348342,103.25616336200966,103.25616336200966,0.5680373103544449,0.5385139085657213,0.5957055194964914,0.057191610930770076
spatial_thin_150_cap150,00000000000000000442,built_loss,test_site,150,25,133.50158183382612,14.980524232917622,14.980524232917622,0.33511902815561595,0.23885454508322118,0.4819465734892129,0.2430920284059917
spatial_thin_150_cap150,00000000000000000465,built_loss,test_site,150,144,131.25221058481614,119.49751157022204,119.49751157022204,0.6151931029487727,0.5834302729288724,0.6431301033930831,0.05969983046421068
spatial_thin_150_cap150,0000000000000000047e,built_loss,test_site,150,93,133.9925121207351,70.71269608791974,70.71269608791974,0.5102133019742702,0.48374306520693333,0.5340427914924228,0.05029972628548951
spatial_thin_150_cap150,00000000000000000490,built_loss,test_site,150,150,131.70229789263493,128.89297297319246,128.89297297319246,0.6351694753061402,0.613253039463735,0.6714880177495796,0.05823497828584456
spatial_thin_150_cap150,000000000000000004c0,built_loss,test_site,138,130,122.11490675877528,106.18643277000548,106.18643277000548,0.6478099906871784,0.6169434156666641,0.6767304483588539,0.05978703269218977
spatial_thin_150_cap150,000000000000000004c5,built_loss,test_site,150,67,123.66255958873677,45.03671206087547,45.03671206087547,0.5420793278674878,0.5089391007129703,0.5795574036600301,0.07061830294705973
spatial_thin_150_cap150,000000000000000004d9,built_loss,test_site,150,125,132.56353057202637,107.9946247249804,107.9946247249804,0.5452431960978382,0.5140701842487013,0.563353891249562,0.04928370700086071
spatial_thin_150_cap150,000000000000000004eb,built_loss,test_site,149,149,128.5997402286186,125.49944222249869,125.49944222249869,0.4523311276349382,0.43391847847175924,0.4724714317757465,0.03855295330398728
spatial_thin_150_cap150,000000000000000004f7,built_loss,test_site,150,48,132.11182894740415,34.3955472780961,34.3955472780961,0.46596092996830507,0.4345236646536169,0.4880776129864669,0.05355394833284999
spatial_thin_150_cap150,000000000000000004fe,built_loss,test_site,150,72,136.4586707133081,55.04936879231015,55.04936879231015,0.4936174555700334,0.4715817305874901,0.5153083249660936,0.04372659437860349
spatial_thin_150_cap150,0000000000000000051d,built_loss,test_site,150,70,134.73083025030155,60.96206614776841,60.96206614776841,0.4940925580653048,0.40991769728021665,0.594417269329621,0.18449957204940437
spatial_thin_150_cap150,00000000000000000559,built_loss,test_site,148,137,128.9945912702045,111.65270469263736,111.65270469263736,0.6666618800605565,0.6256796916177839,0.6920370892189212,0.06635739760113724
spatial_thin_150_cap150,00000000000000000576,built_loss,test_site,150,49,134.0865595800628,32.394335190535536,32.394335190535536,0.2535176585782255,0.20672174022859488,0.2826355594192445,0.07591381919064963
spatial_thin_150_cap150,00000000000000000577,built_loss,test_site,150,53,136.41775128913338,36.26646268078293,36.26646268078293,0.4336809289978824,0.3740459043945606,0.5216183526875902,0.14757244829302957
spatial_thin_150_cap150,0000000000000000057f,built_loss,test_site,147,15,121.36351439065764,10.645881762633294,10.645881762633294,0.3474495626271469,0.2888930378271507,0.41971009423652383,0.13081705640937313
spatial_thin_150_cap150,00000000000000000594,built_loss,test_site,150,76,133.84202472125824,64.18150894245485,64.18150894245485,0.509345756396798,0.4488451057266981,0.6068070126428616,0.15796190691616352
spatial_thin_150_cap150,000000000000000005ad,built_loss,test_site,150,138,135.95253476966687,107.31977094582852,107.31977094582852,0.6705028586710086,0.6312017583504901,0.6975649073562908,0.06636314900580076
spatial_thin_150_cap150,000000000000000005bf,built_loss,test_site,150,110,131.62575969423912,84.26282513023176,84.26282513023176,0.3841352843542731,0.3622283456392693,0.4128930610537114,0.05066471541444206
spatial_thin_150_cap150,000000000000000005cc,built_loss,test_site,121,60,100.11117309501229,45.54570108639096,45.54570108639096,0.3606320773964839,0.3292824966676979,0.37523377414723386,0.04595127747953598
spatial_thin_150_cap150,000000000000000005de,built_loss,test_site,142,113,122.41452776520522,90.13399127672203,90.13399127672203,0.4380679618915725,0.41118597808001184,0.44971464887390744,0.0385286707938956
spatial_thin_150_cap150,000000000000000005e7,built_loss,test_site,127,150,106.91915979276841,129.81757567748085,106.91915979276841,0.6565098364980444,0.6052613521131716,0.6849731111500006,0.07971175903682903
spatial_thin_150_cap150,000000000000000005f9,built_loss,test_site,150,80,136.2026527873309,57.949943453478305,57.949943453478305,0.6161000776741015,0.5764141442562262,0.6470641878103718,0.07065004355414561
spatial_thin_150_cap150,0000000000000000061c,built_loss,test_site,150,82,131.91318593194714,63.47582761136595,63.47582761136595,0.40337805082206,0.37787774455739753,0.4343975166939709,0.05651977213657339
spatial_thin_150_cap150,00000000000000000624,built_loss,test_site,136,27,112.85117907011347,18.58469771692903,18.58469771692903,0.5093050370863114,0.4663810052557248,0.5675537033378799,0.10117269808215512
spatial_thin_150_cap150,00000000000000000626,built_loss,test_site,141,128,125.07551390535008,94.50771588957024,94.50771588957024,0.5020356542828752,0.4745277140865938,0.5221725660456785,0.047644851959084744
spatial_thin_150_cap150,0000000000000000062a,built_loss,test_site,150,137,124.16283057489515,109.27641184521794,109.27641184521794,0.5638461700884455,0.5318227813228051,0.5972841753303474,0.06546139400754225
spatial_thin_150_cap150,00000000000000000636,built_loss,test_site,150,87,130.69573118356215,71.4224616632019,71.4224616632019,0.45348547843066334,0.37372316323995264,0.5150436260378496,0.14132046279789695
spatial_thin_150_cap150,0000000000000000064a,built_loss,test_site,150,21,135.52054609712837,12.463663464243263,12.463663464243263,0.3191344320815157,0.30365770186468444,0.3396053899738487,0.035947688109164266
spatial_thin_150_cap150,0000000000000000064d,built_loss,test_site,150,65,131.82033492604506,53.85341869218902,53.85341869218902,0.39398946949441493,0.3685191254913759,0.4227292630435886,0.05421013755221271
spatial_thin_150_cap150,00000000000000000694,built_loss,test_site,150,103,129.6679901143016,78.72434173416865,78.72434173416865,0.37702058214882955,0.35606593937300646,0.39420443273207884,0.03813849335907238
spatial_thin_150_cap150,0000000000000000069d,built_loss,test_site,142,133,119.45273060915036,112.48668307715998,112.48668307715998,0.6377402268528476,0.6047809714067895,0.6721226295304392,0.06734165812364967
spatial_thin_150_cap150,000000000000000006b7,built_loss,test_site,146,116,130.37823903060703,87.06416862024308,87.06416862024308,0.46685889269220615,0.4490803204851473,0.4889145840362881,0.039834263551140836
spatial_thin_150_cap150,000000000000000006df,built_loss,test_site,150,66,131.86132037403712,50.853292141746536,50.853292141746536,0.23839026010315925,0.20760728352986726,0.28902159299946517,0.0814143094695979
spatial_thin_150_cap150,000000000000000006e3,built_loss,test_site,150,97,130.12324071956496,79.36585960020939,79.36585960020939,0.43169101744784005,0.3889568226920465,0.46566160807764406,0.07670478538559755
spatial_thin_150_cap150,00000000000000000011,crop_loss,test_site,150,135,129.52434017599944,114.00847419528384,114.00847419528384,0.6647060978466575,0.5093754952875669,0.833358398159726,0.32398290287215914
spatial_thin_150_cap150,0000000000000000002b,crop_loss,test_site,150,139,133.87176003878903,115.92803073024426,115.92803073024426,0.1835852405964936,0.1265203732367393,0.23350856555887722,0.10698819232213794
spatial_thin_150_cap150,0000000000000000002d,crop_loss,test_site,140,135,121.36648154082401,120.42918585176727,120.42918585176727,0.4689830931300539,0.4367682068486448,0.5045252559561925,0.06775704910754765
spatial_thin_150_cap150,0000000000000000003a,crop_loss,test_site,135,150,111.86244768816626,132.76969819622406,111.86244768816626,0.2895991393904629,0.2585299995281582,0.3305536860108798,0.07202368648272162
spatial_thin_150_cap150,0000000000000000009b,crop_loss,test_site,149,76,120.48139122178955,58.193214037774,58.193214037774,0.4910877294562924,0.482703792744725,0.5007788859698651,0.01807509322514006
spatial_thin_150_cap150,0000000000000000009d,crop_loss,test_site,150,29,135.2475289491262,24.02831231360592,24.02831231360592,0.38281675893675493,0.325611086460388,0.4344762807283787,0.10886519426799068
spatial_thin_150_cap150,000000000000000000a8,crop_loss,test_site,140,101,127.3417800662704,84.49510408711868,84.49510408711868,0.21320725254081227,0.19656507405974308,0.2244042092799994,0.027839135220256328
spatial_thin_150_cap150,000000000000000000da,crop_loss,test_site,107,150,83.04374163748172,131.9975589756993,83.04374163748172,0.7578404344485136,0.7316588293245982,0.7821266892893259,0.05046785996472769
spatial_thin_150_cap150,000000000000000000e3,crop_loss,test_site,150,139,128.490857302237,123.64265374274363,123.64265374274363,0.49547619839971935,0.4625501950928517,0.5168319287809607,0.05428173368810901
spatial_thin_150_cap150,000000000000000000e9,crop_loss,test_site,145,35,127.34621648131754,23.727247193219533,23.727247193219533,0.37697875129517294,0.2948821365270662,0.43536387675516536,0.14048174022809917
spatial_thin_150_cap150,0000000000000000011b,crop_loss,test_site,150,102,140.2951352903088,84.248907794605,84.248907794605,0.47912659017747494,0.46302046489142357,0.501254366649396,0.03823390175797248
spatial_thin_150_cap150,00000000000000000128,crop_loss,test_site,117,121,93.5591156067903,100.10790057200214,93.5591156067903,0.5392517542443072,0.526499835107057,0.5536215485749634,0.027121713467906372
spatial_thin_150_cap150,00000000000000000192,crop_loss,test_site,150,136,130.92752880419852,115.202762053326,115.202762053326,0.5575844020462385,0.5395222368157655,0.573909351066282,0.03438711425051655
spatial_thin_150_cap150,00000000000000000196,crop_loss,test_site,150,75,135.2559348497589,61.13839858761023,61.13839858761023,0.25244283398264505,0.23321292479282676,0.278549796374917,0.04533687158209024
spatial_thin_150_cap150,000000000000000001a6,crop_loss,test_site,150,134,131.88245998341816,106.29309418014792,106.29309418014792,0.29717931496274996,0.24799208763401892,0.33706132619464035,0.08906923856062143
spatial_thin_150_cap150,000000000000000001e4,crop_loss,test_site,135,150,109.40616496340316,133.25706275805993,109.40616496340316,0.4991630663724156,0.46866634169990984,0.5126911384011718,0.044024796701261915
spatial_thin_150_cap150,000000000000000001f9,crop_loss,test_site,150,144,127.25753621884542,118.48361953729102,118.48361953729102,0.554136449817784,0.45597459280890545,0.7319656960144797,0.27599110320557424
spatial_thin_150_cap150,00000000000000000228,crop_loss,test_site,150,106,127.48378204579546,80.84443360973889,80.84443360973889,0.47659665710886584,0.3830807958678176,0.5257601851102036,0.142679389242386
spatial_thin_150_cap150,0000000000000000028c,crop_loss,test_site,150,26,125.18216612816617,21.597511934028383,21.597511934028383,0.4256983290450969,0.33928891684925955,0.5345954829573503,0.19530656610809072
spatial_thin_150_cap150,0000000000000000028d,crop_loss,test_site,150,81,134.27667558070277,73.21652310831725,73.21652310831725,0.6531594539802507,0.6068550324462031,0.6871862783632035,0.08033124591700036
spatial_thin_150_cap150,00000000000000000291,crop_loss,test_site,150,73,127.01078461629471,52.4426570580163,52.4426570580163,0.8764020941113474,0.8600796436353645,0.8887665645019301,0.028686920866565657
spatial_thin_150_cap150,000000000000000002c5,crop_loss,test_site,150,111,133.68642570535818,87.28654017232488,87.28654017232488,0.34778554161746444,0.2786269469396579,0.37453670522578975,0.09590975828613185
spatial_thin_150_cap150,000000000000000002dc,crop_loss,test_site,143,149,124.03036124126041,128.9375219986413,124.03036124126041,0.6524576654958785,0.6024284162781934,0.6821976490966675,0.07976923281847403
spatial_thin_150_cap150,000000000000000002e4,crop_loss,test_site,145,146,121.59387937085853,129.16468244880483,121.59387937085853,0.3105316850951866,0.28625769004984164,0.35268213161253276,0.06642444156269112
spatial_thin_150_cap150,000000000000000002ec,crop_loss,test_site,142,150,120.12931865387222,131.81013508067554,120.12931865387222,0.49740999452284823,0.4612518643330145,0.5460501081986304,0.08479824386561591
spatial_thin_150_cap150,00000000000000000314,crop_loss,test_site,150,109,134.0057958737222,85.46703440984255,85.46703440984255,0.10329050941510227,0.07447073949273637,0.12366350018726492,0.04919276069452855
spatial_thin_150_cap150,00000000000000000335,crop_loss,test_site,150,150,129.97522162814462,127.80472827448685,127.80472827448685,0.4586540366766733,0.4249388719841571,0.4882260323596982,0.06328716037554111
spatial_thin_150_cap150,0000000000000000033a,crop_loss,test_site,122,150,98.48883535235674,132.4304568460981,98.48883535235674,0.5222923265090258,0.49100595033341826,0.558292164591242,0.06728621425782372
spatial_thin_150_cap150,000000000000000003b0,crop_loss,test_site,136,150,116.67753055111372,130.02554229341612,116.67753055111372,0.22898588137587972,0.1841165009190386,0.26485183640738047,0.08073533548834186
spatial_thin_150_cap150,000000000000000003c8,crop_loss,test_site,150,137,129.72308775393967,109.54278364947768,109.54278364947768,0.2089429263570402,0.18942371155206028,0.24505282342538756,0.05562911187332728
spatial_thin_150_cap150,000000000000000003f1,crop_loss,test_site,126,114,110.99317776509135,100.08268813313875,100.08268813313875,0.46065583739570065,0.41903431296813015,0.4972318819687355,0.07819756900060537
spatial_thin_150_cap150,000000000000000003f2,crop_loss,test_site,146,132,124.62920564734756,106.97644084010496,106.97644084010496,0.47741295563877467,0.43432005558112036,0.5003562457704184,0.06603619018929802
spatial_thin_150_cap150,0000000000000000044b,crop_loss,test_site,150,54,133.71747351191647,39.35521381646296,39.35521381646296,0.5559279224190613,0.531876321090382,0.5747938724852834,0.04291755139490139
spatial_thin_150_cap150,0000000000000000046c,crop_loss,test_site,140,150,120.9183270090259,130.71459951811138,120.9183270090259,0.5337246860588958,0.45705603137294454,0.595905059347657,0.1388490279747125
spatial_thin_150_cap150,00000000000000000480,crop_loss,test_site,150,51,133.56506445872708,36.01201387105803,36.01201387105803,0.8552631058362237,0.8021938481889769,0.877722121488788,0.07552827329981116
spatial_thin_150_cap150,00000000000000000483,crop_loss,test_site,150,52,135.63299942712328,40.761926972910096,40.761926972910096,0.711723760220862,0.6672097182582001,0.75723315389643,0.0900234356382299
spatial_thin_150_cap150,00000000000000000485,crop_loss,test_site,134,150,112.90774078571388,135.001924463008,112.90774078571388,0.6935577201129625,0.6752582349861392,0.7112106444078179,0.035952409421678655
spatial_thin_150_cap150,00000000000000000497,crop_loss,test_site,150,130,133.46242427544442,104.619155472615,104.619155472615,0.2502992539854064,0.2105150786357665,0.29660434478266096,0.08608926614689447
spatial_thin_150_cap150,0000000000000000049b,crop_loss,test_site,150,129,130.27916297996333,104.73504236385723,104.73504236385723,0.36049736326976567,0.34010873316197027,0.3766219145307663,0.036513181368796055
spatial_thin_150_cap150,000000000000000004a1,crop_loss,test_site,130,150,108.09711757587417,130.0165031004302,108.09711757587417,0.360164817285788,0.33228179371563077,0.39280994289657867,0.0605281491809479
spatial_thin_150_cap150,000000000000000004e7,crop_loss,test_site,150,86,130.0597568891968,69.56103141192195,69.56103141192195,0.4889876445233159,0.47373134794158334,0.5090181488321852,0.03528680089060188
spatial_thin_150_cap150,000000000000000004e9,crop_loss,test_site,150,79,136.57390952709267,56.249573871034436,56.249573871034436,0.4172016567544189,0.3620480743219326,0.4840976624378775,0.12204958811594491
spatial_thin_150_cap150,000000000000000004ee,crop_loss,test_site,150,85,131.14082720926106,64.80653175333036,64.80653175333036,0.3942998084475933,0.3335596772887462,0.4820706620928201,0.14851098480407393
spatial_thin_150_cap150,000000000000000004f9,crop_loss,test_site,150,135,127.76341096535246,112.20657419933103,112.20657419933103,0.35571797907106484,0.3111850336979641,0.4511035277572675,0.1399184940593034
spatial_thin_150_cap150,00000000000000000517,crop_loss,test_site,150,113,131.12179858053844,85.38301405515973,85.38301405515973,0.288932302326591,0.2329375711453315,0.394551884202492,0.16161431305716048
spatial_thin_150_cap150,00000000000000000538,crop_loss,test_site,136,1,118.58301601725266,1.0,1.0,0.25818384954883683,0.24707862440595846,0.27315224527400817,0.026073620868049707
spatial_thin_150_cap150,0000000000000000057e,crop_loss,test_site,150,28,130.51866690972184,21.67735771582688,21.67735771582688,0.5160855816834223,0.48268632576141557,0.5408758917973995,0.05818956603598391
spatial_thin_150_cap150,000000000000000005d1,crop_loss,test_site,150,75,137.11484976364946,54.13390704959112,54.13390704959112,0.13950125374150094,0.12155386871382332,0.200104999299336,0.07855113058551269
spatial_thin_150_cap150,00000000000000000611,crop_loss,test_site,150,145,131.6902459042644,123.51871131079662,123.51871131079662,0.6391420886380709,0.6164324105420178,0.6653190666373335,0.04888665609531573
spatial_thin_150_cap150,0000000000000000062f,crop_loss,test_site,150,145,128.49470107684863,118.99895162624081,118.99895162624081,0.520116328259365,0.4640995932587159,0.5889281032972675,0.12482851003855161
spatial_thin_150_cap150,00000000000000000632,crop_loss,test_site,150,61,131.04460344417328,44.59276396710313,44.59276396710313,0.08958658400540981,0.06565376696980078,0.1092287947150122,0.04357502774521142
spatial_thin_150_cap150,0000000000000000063e,crop_loss,test_site,145,148,121.70306652857651,125.0068323535319,121.70306652857651,0.30806257848162,0.2730179785206037,0.33963809082626245,0.06662011230565873
spatial_thin_150_cap150,00000000000000000655,crop_loss,test_site,150,117,125.95553440488031,90.39088032312358,90.39088032312358,0.5074171421854289,0.43260955652518096,0.5853649584968724,0.15275540197169146
spatial_thin_150_cap150,00000000000000000697,crop_loss,test_site,139,147,122.6480135063747,134.9814307534379,122.6480135063747,0.6208316039702786,0.5882436483748894,0.6568936128611562,0.06864996448626681
spatial_thin_150_cap150,00000000000000000698,crop_loss,test_site,74,150,56.08451419289158,132.97137594514484,56.08451419289158,0.44376701755264714,0.40888080168496876,0.49341487106110904,0.08453406937614028
spatial_thin_150_cap150,000000000000000006a8,crop_loss,test_site,150,146,127.33293716065539,128.74754998036707,127.33293716065539,0.3020769969405388,0.2659803938411315,0.35146424718882985,0.08548385334769837
spatial_thin_150_cap150,000000000000000006b4,crop_loss,test_site,150,148,126.74176820609667,131.4661994139115,126.74176820609667,0.5121445825243375,0.46745856665132623,0.5647599616595402,0.097301395008214
spatial_thin_150_cap150,000000000000000006be,crop_loss,test_site,136,72,114.80674936777501,53.13806222188623,53.13806222188623,0.3712406271463683,0.3313319279470954,0.4143699826436496,0.08303805469655423
spatial_thin_150_cap150,000000000000000006c0,crop_loss,test_site,150,13,135.40119446308967,8.518538714361613,8.518538714361613,0.2789712668632109,0.17485092641888056,0.5484911555600605,0.3736402291411799
spatial_thin_150_cap150,000000000000000006ce,crop_loss,test_site,150,102,133.4341776885393,78.03054016691112,78.03054016691112,0.5910559158593132,0.5232647117381108,0.629534688010338,0.10626997627222712
spatial_thin_150_cap150,000000000000000006d9,crop_loss,test_site,125,150,104.1408820609252,129.68106278063607,104.1408820609252,0.19619678928131426,0.17387455295707352,0.23012426719966503,0.05624971424259151
spatial_thin_150_cap150,000000000000000006e5,crop_loss,test_site,143,150,119.4962282317392,137.04332006489855,119.4962282317392,0.5237616412649748,0.4891210056250357,0.5617974868152954,0.07267648119025971
spatial_thin_150_cap150,00000000000000000151,built_loss,test_site,150,55,133.03549635942463,44.99824480009269,44.99824480009269,0.27387278719019487,0.2546004331407763,0.30379395369499396,0.04919352055421766
spatial_thin_150_cap150,000000000000000001be,built_loss,test_site,147,14,123.46119058442541,13.641752632540266,13.641752632540266,0.4014167076579012,0.3730021516046334,0.5267453794453474,0.15374322784071398
spatial_thin_150_cap150,0000000000000000034d,built_loss,test_site,150,30,136.09485699369674,21.878232631043343,21.878232631043343,0.3976113176763998,0.3353477683186265,0.42711253969209045,0.09176477137346395
spatial_thin_150_cap150,000000000000000003c7,crop_loss,test_site,150,80,130.87898264167364,68.32262856681389,68.32262856681389,0.6915857040323667,0.6547285290968072,0.7333111959467571,0.07858266684994986
spatial_thin_150_cap150,0000000000000000004a,built_loss,test_site,150,55,134.07068364875585,36.08010829981581,36.08010829981581,0.44194616104249346,0.42669540925023086,0.45758867808382425,0.03089326883359339
spatial_thin_150_cap150,00000000000000000206,built_loss,test_site,143,150,115.79202762818154,126.68812596760137,115.79202762818154,0.7153357221715687,0.6727137706666472,0.7458558482462878,0.07314207757964064
spatial_thin_150_cap150,000000000000000002a4,built_loss,test_site,150,51,132.40322132072635,38.136179322447035,38.136179322447035,0.3703227826045684,0.3348861130996436,0.4021693304617728,0.06728321736212917
spatial_thin_150_cap150,000000000000000004f5,built_loss,test_site,150,46,131.47696685858838,28.313790294848083,28.313790294848083,0.4717842962973592,0.4288139176382552,0.515489224248272,0.08667530661001682
spatial_thin_150_cap150,000000000000000002cc,crop_loss,test_site,150,85,134.82162563392606,62.18912147996455,62.18912147996455,0.38242112537350453,0.30302985879287286,0.48852679538822197,0.1854969365953491
spatial_thin_150_cap150,000000000000000006cc,crop_loss,test_site,91,150,71.80681255323243,133.93881095010096,71.80681255323243,0.34669114128927003,0.3247638425524579,0.3780587110520274,0.05329486849956949
spatial_thin_150_cap150,0000000000000000016c,crop_loss,test_site,146,130,125.5685286381788,107.84279807494278,107.84279807494278,0.4710769041446258,0.43932550984906366,0.5024904984172467,0.06316498856818303
spatial_thin_250_cap150,00000000000000000085,built_loss,test_site,107,47,104.79641201310402,44.779907254889324,44.779907254889324,0.36240843669242084,0.3278335223321226,0.41150835862712415,0.08367483629500155
spatial_thin_250_cap150,00000000000000000114,built_loss,test_site,72,71,70.56682704255108,68.55708967982365,68.55708967982365,0.6651285726780796,0.6008420584417005,0.7045016161020788,0.10365955766037838
spatial_thin_250_cap150,0000000000000000024c,built_loss,test_site,104,63,101.20984164135749,61.04655620505792,61.04655620505792,0.6681237278543102,0.6339121378601483,0.7213775448499494,0.0874654069898011
spatial_thin_250_cap150,00000000000000000375,built_loss,test_site,85,91,82.77408154406272,88.8220329542689,82.77408154406272,0.6400026780882353,0.5943650219054263,0.6820562954044682,0.08769127349904193
spatial_thin_250_cap150,000000000000000004d2,built_loss,test_site,104,66,101.3440124377321,64.6576303946473,64.6576303946473,0.6144169981126313,0.5712449588196176,0.6425374577157557,0.07129249889613809
spatial_thin_250_cap150,000000000000000005bd,built_loss,test_site,97,9,94.74579664547606,8.754457573858293,8.754457573858293,0.5762418304610444,0.5230640533101943,0.6532832738874974,0.13021922057730306
spatial_thin_250_cap150,00000000000000000281,crop_loss,test_site,98,110,95.64590916922285,107.13625378970016,95.64590916922285,0.523329879880694,0.4875068135909896,0.5442848851380299,0.05677807154704029
spatial_thin_250_cap150,000000000000000003a2,crop_loss,test_site,68,106,66.58557845360698,103.3599827367482,66.58557845360698,0.33832458157987805,0.2802856456875231,0.4202132751958297,0.13992762950830656
spatial_thin_250_cap150,00000000000000000001,built_loss,test_site,121,57,118.99300321198086,56.31986978391149,56.31986978391149,0.43193915044761727,0.4047488534404485,0.47318660237172755,0.06843774893127907
spatial_thin_250_cap150,00000000000000000049,built_loss,test_site,98,18,96.29492247476338,17.647475013151386,17.647475013151386,0.4540210601123157,0.4147567285377299,0.49579529606546774,0.08103856752773786
spatial_thin_250_cap150,0000000000000000004f,built_loss,test_site,126,82,123.87646985513513,80.45294567852173,80.45294567852173,0.4637748948299199,0.4018017025643352,0.5186688409797197,0.11686713841538449
spatial_thin_250_cap150,0000000000000000005a,built_loss,test_site,113,72,110.86816170062463,69.82395543343833,69.82395543343833,0.4383585967099033,0.4129654804149671,0.46681696100727615,0.05385148059230904
spatial_thin_250_cap150,00000000000000000079,built_loss,test_site,110,99,108.6514253472724,97.16307083138472,97.16307083138472,0.5952915555777154,0.5667923297075285,0.6602432172088267,0.09345088750129826
spatial_thin_250_cap150,00000000000000000087,built_loss,test_site,114,103,112.15405640900845,100.78230658565373,100.78230658565373,0.5841790890336352,0.514713290898584,0.6368939944981856,0.12218070359960165
spatial_thin_250_cap150,000000000000000000a1,built_loss,test_site,127,24,125.1500737418949,23.49327742613835,23.49327742613835,0.4112662628707316,0.34348005334179993,0.47257569384295633,0.1290956405011564
spatial_thin_250_cap150,000000000000000000b8,built_loss,test_site,130,27,127.55962826118552,25.64199752219461,25.64199752219461,0.547061972088021,0.4381844290212693,0.644793807414077,0.20660937839280769
spatial_thin_250_cap150,000000000000000000c0,built_loss,test_site,89,93,86.39117124448057,90.1048632791608,86.39117124448057,0.620342442102144,0.5850472451989077,0.6502881824514214,0.06524093725251368
spatial_thin_250_cap150,000000000000000000e2,built_loss,test_site,132,45,129.54839379382935,44.040995949402344,44.040995949402344,0.39506210300848155,0.35066939877340514,0.44366332226588423,0.09299392349247909
spatial_thin_250_cap150,000000000000000000f0,built_loss,test_site,116,78,113.78779992512182,75.63995920876474,75.63995920876474,0.6230891307726765,0.5733043231436726,0.6925587724109484,0.1192544492672758
spatial_thin_250_cap150,000000000000000000f8,built_loss,test_site,130,103,128.27947273343372,100.37096404972219,100.37096404972219,0.5325262420789174,0.4963305084787778,0.5667008473883723,0.07037033890959454
spatial_thin_250_cap150,0000000000000000011c,built_loss,test_site,136,30,133.10896636936846,29.416948392129836,29.416948392129836,0.5571754310785414,0.49949555269097723,0.656308180392865,0.15681262770188775
spatial_thin_250_cap150,00000000000000000161,built_loss,test_site,125,88,121.66333741739555,85.69833631722389,85.69833631722389,0.6458164732120385,0.6168836689801053,0.6808622538329226,0.06397858485281738
spatial_thin_250_cap150,0000000000000000016a,built_loss,test_site,116,20,114.20724711176896,19.60186244207579,19.60186244207579,0.2578835554838674,0.20710967117306814,0.3239587934353649,0.11684912226229674
spatial_thin_250_cap150,00000000000000000176,built_loss,test_site,122,76,119.69376500762914,73.62367579016126,73.62367579016126,0.6094331681218063,0.5427982826764535,0.6375756379959153,0.09477735531946185
spatial_thin_250_cap150,000000000000000001a8,built_loss,test_site,117,111,114.8845568788153,108.25968380617428,108.25968380617428,0.5413598198749611,0.5060856426033128,0.5854584679299615,0.07937282532664869
spatial_thin_250_cap150,000000000000000001cd,built_loss,test_site,105,115,102.47724109489144,112.99560379430774,102.47724109489144,0.7226057218761502,0.6939880192766666,0.7705340130013585,0.07654599372469184
spatial_thin_250_cap150,000000000000000001e5,built_loss,test_site,81,51,78.52383208539617,49.42523272823602,49.42523272823602,0.5648337030868036,0.5047229763876445,0.6319699260646914,0.12724694967704686
spatial_thin_250_cap150,00000000000000000209,built_loss,test_site,119,110,117.35006670699178,107.8175085102724,107.8175085102724,0.5782845733746393,0.5448534165577708,0.6170794484419246,0.07222603188415389
spatial_thin_250_cap150,00000000000000000231,built_loss,test_site,118,104,115.59900843593309,101.94338958318005,101.94338958318005,0.5629181663118568,0.5084455718094473,0.5874366656313833,0.07899109382193603
spatial_thin_250_cap150,0000000000000000026d,built_loss,test_site,117,68,114.74830769802347,65.99084337109137,65.99084337109137,0.5685474331365675,0.5278163329505043,0.605610482856952,0.07779414990644762
spatial_thin_250_cap150,00000000000000000278,built_loss,test_site,88,86,85.97660792447755,84.95292673716986,84.95292673716986,0.7146257692095906,0.6852517999685751,0.7670990068753724,0.08184720690679725
spatial_thin_250_cap150,00000000000000000293,built_loss,test_site,82,78,80.24986973322642,76.67501309348174,76.67501309348174,0.45941330007465564,0.42446028168777106,0.5101046566605472,0.0856443749727761
spatial_thin_250_cap150,00000000000000000316,built_loss,test_site,124,4,121.6965820217443,3.8293429710925024,3.8293429710925024,0.07810166764855879,0.021552631129217997,0.17443455060533203,0.15288191947611404
spatial_thin_250_cap150,00000000000000000356,built_loss,test_site,92,91,89.70513502294055,89.34892871938828,89.34892871938828,0.5133538347435777,0.42648118380871386,0.6026458080375691,0.1761646242288552
spatial_thin_250_cap150,00000000000000000362,built_loss,test_site,118,103,115.73561010731191,100.30858683790834,100.30858683790834,0.5234103831822695,0.4961698102444199,0.5641330170247835,0.06796320678036355
spatial_thin_250_cap150,00000000000000000363,built_loss,test_site,125,59,122.50236491021217,56.85596350573687,56.85596350573687,0.2578388328688769,0.21871565315836414,0.29465555760577333,0.0759399044474092
spatial_thin_250_cap150,00000000000000000364,built_loss,test_site,97,121,95.40624943063901,119.22565282345742,95.40624943063901,0.589758719143837,0.5506272504613813,0.6216034947453005,0.07097624428391924
spatial_thin_250_cap150,00000000000000000380,built_loss,test_site,115,75,113.00552146331529,73.60858837016156,73.60858837016156,0.49000415199283603,0.4627428880904826,0.5329483564533937,0.07020546836291108
spatial_thin_250_cap150,00000000000000000384,built_loss,test_site,113,48,109.91201401145486,45.827561763163324,45.827561763163324,0.5833620272423857,0.5368975309837863,0.621717164930142,0.08481963394635561
spatial_thin_250_cap150,0000000000000000039e,built_loss,test_site,125,34,123.15848248235437,33.30307477777181,33.30307477777181,0.48274393814161537,0.4464541141538244,0.5254371200146597,0.07898300586083529
spatial_thin_250_cap150,000000000000000003a1,built_loss,test_site,103,50,100.59737755675661,47.88557067549422,47.88557067549422,0.6345946067202471,0.5701531784424129,0.6740890400715678,0.10393586162915491
spatial_thin_250_cap150,000000000000000003a5,built_loss,test_site,119,57,117.1329630823022,54.63828739156204,54.63828739156204,0.3960819121671708,0.35556696303865276,0.4614081236450175,0.10584116060636473
spatial_thin_250_cap150,000000000000000003b7,built_loss,test_site,128,44,125.69055552257393,43.230979787824914,43.230979787824914,0.48241884459397577,0.4462409464137255,0.5006950187758752,0.054454072362149664
spatial_thin_250_cap150,000000000000000003bf,built_loss,test_site,102,103,100.1510755321774,100.76045427920728,100.1510755321774,0.535165189589329,0.5081308717120337,0.5732828146369341,0.06515194292490034
spatial_thin_250_cap150,000000000000000003d2,built_loss,test_site,104,110,102.04800015375001,107.3446665424622,102.04800015375001,0.6235213103013886,0.5668466425872741,0.6612384108098612,0.0943917682225871
spatial_thin_250_cap150,000000000000000003f8,built_loss,test_site,135,19,133.00011055439265,18.56315095794785,18.56315095794785,0.2443570583233071,0.20100741622461696,0.2787806855197685,0.07777326929515152
spatial_thin_250_cap150,000000000000000003fa,built_loss,test_site,93,107,91.3959310218465,104.63375562334953,91.3959310218465,0.41030254347348927,0.384539700950882,0.4506790091059339,0.06613930815505187
spatial_thin_250_cap150,00000000000000000407,built_loss,test_site,94,115,92.06823995539227,112.00521027165871,92.06823995539227,0.5532081167799289,0.5057504859566201,0.5886085907146729,0.08285810475805278
spatial_thin_250_cap150,0000000000000000040f,built_loss,test_site,86,66,84.28379360416116,63.891210331759005,63.891210331759005,0.5207986675008645,0.505902527201988,0.5375388727139555,0.03163634551196748
spatial_thin_250_cap150,00000000000000000426,built_loss,test_site,78,89,75.89103820123633,86.58019585115974,75.89103820123633,0.5677488863268882,0.5412546246509266,0.5950020111994834,0.05374738654855682
spatial_thin_250_cap150,0000000000000000042b,built_loss,test_site,126,80,123.94383406273819,78.11661411499107,78.11661411499107,0.540823236273007,0.5025407538011398,0.5775167351135319,0.07497598131239203
spatial_thin_250_cap150,00000000000000000442,built_loss,test_site,124,13,122.07393568088727,12.36073503567092,12.36073503567092,0.38129904948005566,0.26434308648664545,0.545277050319908,0.2809339638332626
spatial_thin_250_cap150,00000000000000000465,built_loss,test_site,113,101,110.81376029142284,99.40510054774681,99.40510054774681,0.6063178201685717,0.5664749030867953,0.6334527675985672,0.0669778645117719
spatial_thin_250_cap150,0000000000000000047e,built_loss,test_site,127,54,124.54216891156818,53.13181551263227,53.13181551263227,0.5173758594641329,0.49392195776267384,0.5486042657259165,0.05468230796324264
spatial_thin_250_cap150,00000000000000000490,built_loss,test_site,127,113,124.4027780372541,110.15174247061506,110.15174247061506,0.6450598150427354,0.6135023632869802,0.6867120566678483,0.07320969338086813
spatial_thin_250_cap150,000000000000000004c0,built_loss,test_site,109,85,106.87648618916717,83.06294845859773,83.06294845859773,0.6493456309781295,0.6145007567408464,0.6801702334109849,0.06566947667013856
spatial_thin_250_cap150,000000000000000004c5,built_loss,test_site,99,37,96.09604673666252,35.213634778765226,35.213634778765226,0.5574900943626259,0.5089696563518514,0.6217906865718269,0.11282103021997547
spatial_thin_250_cap150,000000000000000004d9,built_loss,test_site,116,91,113.94582733155804,89.21204869278637,89.21204869278637,0.5376607024377676,0.5065907586017449,0.566272757269304,0.05968199866755919
spatial_thin_250_cap150,000000000000000004eb,built_loss,test_site,107,105,105.03395114426536,102.58302182265615,102.58302182265615,0.4488118954113235,0.42583097627960187,0.4724493989555252,0.04661842267592331
spatial_thin_250_cap150,000000000000000004f7,built_loss,test_site,116,31,112.97311639610248,29.60138641519541,29.60138641519541,0.46243526027129933,0.4297764526847334,0.49015577045591996,0.06037931777118655
spatial_thin_250_cap150,000000000000000004fe,built_loss,test_site,127,44,125.38240238660902,42.46041828349676,42.46041828349676,0.49607732000796323,0.472688624542811,0.5299991434689107,0.05731051892609973
spatial_thin_250_cap150,0000000000000000051d,built_loss,test_site,126,52,124.04483219410994,51.070035067231835,51.070035067231835,0.4823417595688298,0.38109331587006845,0.5718117385053867,0.19071842263531824
spatial_thin_250_cap150,00000000000000000559,built_loss,test_site,110,92,107.76636375780701,89.8125366383035,89.8125366383035,0.6632159388893551,0.6227910345120756,0.6914842899560731,0.06869325544399751
spatial_thin_250_cap150,00000000000000000576,built_loss,test_site,125,25,123.22939858686402,24.01738281822951,24.01738281822951,0.241691882249579,0.19436795301831228,0.3075142107425804,0.11314625772426812
spatial_thin_250_cap150,00000000000000000577,built_loss,test_site,131,30,128.95282631897769,28.437571727846706,28.437571727846706,0.4038645340705172,0.30210076625440796,0.5392331197375247,0.2371323534831168
spatial_thin_250_cap150,0000000000000000057f,built_loss,test_site,98,10,95.69886903593768,9.305305739714475,9.305305739714475,0.3723178859171276,0.3018110968894801,0.4882734104713028,0.1864623135818227
spatial_thin_250_cap150,00000000000000000594,built_loss,test_site,125,54,123.26036094437886,53.21907134714401,53.21907134714401,0.5074497720648133,0.42799815027422855,0.6227072943328332,0.19470914405860468
spatial_thin_250_cap150,000000000000000005ad,built_loss,test_site,121,84,119.41401116131668,82.13611209154273,82.13611209154273,0.6690661903186035,0.6186317725323415,0.6979399959189599,0.07930822338661847
spatial_thin_250_cap150,000000000000000005bf,built_loss,test_site,109,68,107.62639210016921,66.09049756539923,66.09049756539923,0.3738787787728572,0.358850573872651,0.40814751714177,0.04929694326911899
spatial_thin_250_cap150,000000000000000005cc,built_loss,test_site,83,38,81.44891963816256,37.14160189191675,37.14160189191675,0.3655462370849752,0.34778028509757963,0.38527333274111497,0.03749304764353534
spatial_thin_250_cap150,000000000000000005de,built_loss,test_site,103,71,100.88409849452692,69.57733152128841,69.57733152128841,0.4312404349603487,0.40168229082178547,0.4485528771268776,0.04687058630509211
spatial_thin_250_cap150,000000000000000005e7,built_loss,test_site,95,114,93.06466113114713,111.52041754683145,93.06466113114713,0.6357789326579137,0.5677031474907637,0.6764842094735103,0.10878106198274662
spatial_thin_250_cap150,000000000000000005f9,built_loss,test_site,126,44,123.28835634204317,42.52190888515821,42.52190888515821,0.5774423927855756,0.5463568615855356,0.6421781060764526,0.095821244490917
spatial_thin_250_cap150,0000000000000000061c,built_loss,test_site,119,49,116.78091304513042,47.44831171207394,47.44831171207394,0.4121645917740731,0.3738651274821817,0.46742664237517473,0.09356151489299303
spatial_thin_250_cap150,00000000000000000624,built_loss,test_site,98,12,95.86485913528244,11.576829799302235,11.576829799302235,0.4643781131371907,0.3264087290048175,0.5384729537047517,0.2120642246999342
spatial_thin_250_cap150,00000000000000000626,built_loss,test_site,115,71,112.52716090640916,69.37877585913589,69.37877585913589,0.5036391877444796,0.4682571527411127,0.5336371784615497,0.065380025720437
spatial_thin_250_cap150,0000000000000000062a,built_loss,test_site,103,90,101.21907594643949,87.20922082424235,87.20922082424235,0.5665350435883851,0.5126344071678991,0.6175991320744522,0.10496472490655306
spatial_thin_250_cap150,00000000000000000636,built_loss,test_site,112,58,110.22577092684014,56.35795773021264,56.35795773021264,0.473723656914327,0.39881585108250667,0.5419485362830345,0.14313268520052785
spatial_thin_250_cap150,0000000000000000064a,built_loss,test_site,134,10,131.59499603963832,9.528093970677117,9.528093970677117,0.33170340409793325,0.2963830350322353,0.37681810810050675,0.08043507306827147
spatial_thin_250_cap150,0000000000000000064d,built_loss,test_site,126,44,123.94380785604905,43.024289930424935,43.024289930424935,0.3926398031901524,0.360089762218922,0.4309373922803782,0.07084763006145617
spatial_thin_250_cap150,00000000000000000694,built_loss,test_site,118,67,115.75486813854565,64.47669766104089,64.47669766104089,0.3790535923466768,0.35223988330489714,0.3997510829139779,0.047511199609080734
spatial_thin_250_cap150,0000000000000000069d,built_loss,test_site,105,96,102.87005375344835,94.35239491775863,94.35239491775863,0.637034352816597,0.5962727282257778,0.6732549097584798,0.07698218153270198
spatial_thin_250_cap150,000000000000000006b7,built_loss,test_site,112,69,110.0876970570648,66.1269425249468,66.1269425249468,0.4649394725989142,0.4385624501870102,0.48211801531441417,0.043555565127403995
spatial_thin_250_cap150,000000000000000006df,built_loss,test_site,118,43,115.94656101698374,42.2430252279859,42.2430252279859,0.2603051984030233,0.20769321870703836,0.3245343652934521,0.11684114658641373
spatial_thin_250_cap150,000000000000000006e3,built_loss,test_site,118,67,115.58694589788206,65.36461540373142,65.36461540373142,0.4069369487948526,0.3665422057353534,0.4523294088014293,0.0857872030660759
spatial_thin_250_cap150,00000000000000000011,crop_loss,test_site,113,95,110.70022178902866,92.91404861790173,92.91404861790173,0.6318204095782827,0.47857210027843133,0.8135339723974236,0.3349618721189923
spatial_thin_250_cap150,0000000000000000002b,crop_loss,test_site,122,98,119.711071027689,95.80433321085788,95.80433321085788,0.19183914026349463,0.13856335041537718,0.25800500080186706,0.11944165038648988
spatial_thin_250_cap150,0000000000000000002d,crop_loss,test_site,104,107,101.64996986368726,105.25142585019371,101.64996986368726,0.47209351978026814,0.4319877411545368,0.5112698160385635,0.07928207488402667
spatial_thin_250_cap150,0000000000000000003a,crop_loss,test_site,97,122,94.76607779039422,119.02296515352614,94.76607779039422,0.32777908517653903,0.28434577583857007,0.3635157315693875,0.07916995573081742
spatial_thin_250_cap150,0000000000000000009b,crop_loss,test_site,94,52,90.99316641018464,50.515216741176474,50.515216741176474,0.48738255591247914,0.47800545800383676,0.5029613491698491,0.02495589116601238
spatial_thin_250_cap150,0000000000000000009d,crop_loss,test_site,130,22,127.41020687281444,21.5455523433871,21.5455523433871,0.33650268138279316,0.3012798802165499,0.43219471247860475,0.13091483226205486
spatial_thin_250_cap150,000000000000000000a8,crop_loss,test_site,115,75,112.6973037908513,72.90236611669805,72.90236611669805,0.21344399162209984,0.19508388904690727,0.2284513052569604,0.033367416210053125
spatial_thin_250_cap150,000000000000000000da,crop_loss,test_site,71,117,68.43651406580138,115.40033349856033,68.43651406580138,0.7498745239983768,0.713851965572795,0.7759355553997604,0.06208358982696549
spatial_thin_250_cap150,000000000000000000e3,crop_loss,test_site,109,100,107.26404556676117,98.47150861312501,98.47150861312501,0.4815097076208438,0.43861729346997175,0.5335968104875127,0.09497951701754098
spatial_thin_250_cap150,000000000000000000e9,crop_loss,test_site,115,19,112.5751980827922,18.398143893894446,18.398143893894446,0.4090890488580484,0.26660300012877236,0.4843272729783434,0.21772427284957102
spatial_thin_250_cap150,0000000000000000011b,crop_loss,test_site,135,75,132.82457202847027,73.63112565553804,73.63112565553804,0.48080661346775916,0.44623136429889815,0.50035908521461,0.054127720915711885
spatial_thin_250_cap150,00000000000000000128,crop_loss,test_site,73,84,70.90681853409288,82.11255138944105,70.90681853409288,0.5346774468896287,0.5192514920578769,0.5529424676319826,0.03369097557410572
spatial_thin_250_cap150,00000000000000000192,crop_loss,test_site,114,97,111.58413076652907,95.19167955517474,95.19167955517474,0.555837746356086,0.5311825892335257,0.5743941691947364,0.04321157996121072
spatial_thin_250_cap150,00000000000000000196,crop_loss,test_site,126,54,123.83348318990033,52.95516154591339,52.95516154591339,0.24498593829869372,0.2154327005334477,0.27268702718533744,0.05725432665188973
spatial_thin_250_cap150,000000000000000001a6,crop_loss,test_site,124,87,121.49493445215163,84.47772442281297,84.47772442281297,0.2859760280960662,0.23587410748250354,0.3329201587815703,0.09704605129906674
spatial_thin_250_cap150,000000000000000001e4,crop_loss,test_site,93,118,90.39500398267194,115.40993506390139,90.39500398267194,0.47121659692919793,0.4491784282127303,0.5115457536386164,0.06236732542588613
spatial_thin_250_cap150,000000000000000001f9,crop_loss,test_site,107,94,103.68208984492159,91.70915715380862,91.70915715380862,0.5291639889353303,0.4394913891120548,0.7359854038227205,0.29649401471066567
spatial_thin_250_cap150,00000000000000000228,crop_loss,test_site,111,66,109.042944797576,63.944687419656375,63.944687419656375,0.4674750043273729,0.3399421146013895,0.5191668887631273,0.17922477416173782
spatial_thin_250_cap150,0000000000000000028c,crop_loss,test_site,108,21,104.89029260908583,20.53409320871499,20.53409320871499,0.4301098132397621,0.3211540085251214,0.5445924336798605,0.22343842515473916
spatial_thin_250_cap150,0000000000000000028d,crop_loss,test_site,125,65,122.90386799338823,64.1381947682299,64.1381947682299,0.6738380447301271,0.6274193612252011,0.7110355176926664,0.08361615646746523
spatial_thin_250_cap150,00000000000000000291,crop_loss,test_site,111,45,108.90808645927086,43.268393491346515,43.268393491346515,0.8470055450989058,0.8116837413379253,0.8771550944315156,0.06547135309359031
spatial_thin_250_cap150,000000000000000002c5,crop_loss,test_site,121,64,119.3206044348123,62.66216531517175,62.66216531517175,0.35696157569254033,0.3018072795431417,0.3899382767542664,0.08813099721112472
spatial_thin_250_cap150,000000000000000002dc,crop_loss,test_site,108,110,106.49687999354495,107.76569332074533,106.49687999354495,0.656030424548331,0.6091690422506097,0.6847230911963837,0.075554048945774
spatial_thin_250_cap150,000000000000000002e4,crop_loss,test_site,102,116,99.62154584985778,113.07270743900379,99.62154584985778,0.315566727533743,0.28543358049539413,0.3785044178130689,0.09307083731767479
spatial_thin_250_cap150,000000000000000002ec,crop_loss,test_site,106,114,104.16303912536262,111.95535192762654,104.16303912536262,0.4787395581271224,0.4475125140351486,0.5285160660987425,0.08100355206359389
spatial_thin_250_cap150,00000000000000000314,crop_loss,test_site,121,72,119.51267226484964,69.76862441124845,69.76862441124845,0.10599966870255875,0.07198160174461996,0.1549690980083595,0.08298749626373955
spatial_thin_250_cap150,00000000000000000335,crop_loss,test_site,115,110,112.51156244888386,107.54750883507037,107.54750883507037,0.4623719416866941,0.43170776690325074,0.4976208112942096,0.06591304439095885
spatial_thin_250_cap150,0000000000000000033a,crop_loss,test_site,82,119,80.75562352297969,116.76439476294651,80.75562352297969,0.5241440606283987,0.489494523090953,0.5641336868338086,0.07463916374285562
spatial_thin_250_cap150,000000000000000003b0,crop_loss,test_site,103,126,100.36563684945634,123.47237259433506,100.36563684945634,0.2485230804705923,0.19363423224589224,0.2889949671920495,0.09536073494615724
spatial_thin_250_cap150,000000000000000003c8,crop_loss,test_site,115,91,112.91436414606821,87.91106492205893,87.91106492205893,0.208831040633371,0.18164924856716635,0.25389058351013377,0.07224133494296742
spatial_thin_250_cap150,000000000000000003f1,crop_loss,test_site,98,89,96.80099384158142,87.6843254443301,87.6843254443301,0.49012685360534175,0.43748343470573003,0.5348555160860085,0.09737208138027842
spatial_thin_250_cap150,000000000000000003f2,crop_loss,test_site,105,87,102.69804585296646,84.52184475993856,84.52184475993856,0.46790825753582277,0.4232885083058566,0.5023979813636298,0.07910947305777316
spatial_thin_250_cap150,0000000000000000044b,crop_loss,test_site,120,33,117.68979477377101,32.012994328243664,32.012994328243664,0.5428213495350808,0.5151948459697085,0.5746060806527309,0.05941123468302234
spatial_thin_250_cap150,0000000000000000046c,crop_loss,test_site,104,113,102.0955076880266,110.9260552300314,102.0955076880266,0.527911941671476,0.4490912830070021,0.606441390178382,0.15735010717137987
spatial_thin_250_cap150,00000000000000000480,crop_loss,test_site,125,30,122.82207673482147,29.16292958891207,29.16292958891207,0.8459872280104025,0.7976501040857157,0.8729187954919709,0.07526869140625525
spatial_thin_250_cap150,00000000000000000483,crop_loss,test_site,124,36,121.48134681320333,35.36908849597834,35.36908849597834,0.702600637466012,0.6426691533045732,0.7456151066986209,0.10294595339404766
spatial_thin_250_cap150,00000000000000000485,crop_loss,test_site,90,124,88.55878936747078,122.32222493837833,88.55878936747078,0.6986317272625858,0.6708235076276681,0.7244228812893653,0.0535993736616972
spatial_thin_250_cap150,00000000000000000497,crop_loss,test_site,122,88,118.94902578341382,86.06668593433729,86.06668593433729,0.24878170531003074,0.20428900232016733,0.2834203689739578,0.07913136665379045
spatial_thin_250_cap150,0000000000000000049b,crop_loss,test_site,115,90,112.66889629580184,87.54398674127422,87.54398674127422,0.3699525026137174,0.3420865757560811,0.38518430503218365,0.04309772927610256
spatial_thin_250_cap150,000000000000000004a1,crop_loss,test_site,87,114,85.15544752124056,111.14490557089974,85.15544752124056,0.38325147198337567,0.34598848018909334,0.41901525321176186,0.07302677302266852
spatial_thin_250_cap150,000000000000000004e7,crop_loss,test_site,110,59,107.58678854780985,57.41879691438608,57.41879691438608,0.4960384775082149,0.4765797927953771,0.5218634623378817,0.04528366954250462
spatial_thin_250_cap150,000000000000000004e9,crop_loss,test_site,132,42,130.05600468898746,40.91028541011504,40.91028541011504,0.41299806626577046,0.3210189778144896,0.48022245348089915,0.15920347566640952
spatial_thin_250_cap150,000000000000000004ee,crop_loss,test_site,112,51,109.69567521318868,49.702718676848214,49.702718676848214,0.44475529657345925,0.3163480185076549,0.5684927647772335,0.2521447462695786
spatial_thin_250_cap150,000000000000000004f9,crop_loss,test_site,112,91,109.18634240177667,89.17785132477746,89.17785132477746,0.366822390686388,0.3169617437237927,0.4679219652603123,0.1509602215365196
spatial_thin_250_cap150,00000000000000000517,crop_loss,test_site,124,71,121.49152963305563,68.65323235595298,68.65323235595298,0.2692515946110055,0.20974186833263822,0.36046274344272333,0.1507208751100851
spatial_thin_250_cap150,00000000000000000538,crop_loss,test_site,101,1,99.43088072593535,1.0,1.0,0.31697713993019644,0.3029011407352939,0.3317063269923886,0.028805186257094717
spatial_thin_250_cap150,0000000000000000057e,crop_loss,test_site,118,19,115.65365303696429,18.821095799544544,18.821095799544544,0.49126423580999085,0.4510349691314551,0.5202919711978033,0.06925700206634827
spatial_thin_250_cap150,000000000000000005d1,crop_loss,test_site,127,43,124.49354436862669,41.033001899239856,41.033001899239856,0.1609608112845912,0.12249096218978765,0.252700077275956,0.13020911508616834
spatial_thin_250_cap150,00000000000000000611,crop_loss,test_site,121,102,118.65698710225124,100.32679945316126,100.32679945316126,0.6266334351626699,0.5955556893113179,0.6780971184758193,0.08254142916450147
spatial_thin_250_cap150,0000000000000000062f,crop_loss,test_site,103,101,100.7574711526232,98.85643795724827,98.85643795724827,0.5681894682547788,0.46805708562689696,0.6314152643672717,0.16335817874037473
spatial_thin_250_cap150,00000000000000000632,crop_loss,test_site,116,38,113.65841552635973,37.02201883843455,37.02201883843455,0.09762951835878067,0.0897112067003072,0.15355585605271904,0.06384464935241184
spatial_thin_250_cap150,0000000000000000063e,crop_loss,test_site,101,108,98.97323101452227,105.27135621012604,98.97323101452227,0.3020000581674283,0.2623189567410861,0.34007473569620816,0.07775577895512209
spatial_thin_250_cap150,00000000000000000655,crop_loss,test_site,106,77,103.90840225466681,74.4751514492476,74.4751514492476,0.4722045012606812,0.3510943123375807,0.5513792276535623,0.20028491531598158
spatial_thin_250_cap150,00000000000000000697,crop_loss,test_site,110,122,107.76026222339502,119.54700503412158,107.76026222339502,0.6082146135880081,0.5705530815893438,0.6370019354433419,0.06644885385399812
spatial_thin_250_cap150,00000000000000000698,crop_loss,test_site,46,123,44.641650777222154,120.96311410809328,44.641650777222154,0.41584295463816945,0.3933085765130888,0.46567189535442133,0.07236331884133251
spatial_thin_250_cap150,000000000000000006a8,crop_loss,test_site,114,110,111.01868255557555,107.91048374930608,107.91048374930608,0.3110115527127794,0.271256077958036,0.36535128382905613,0.0940952058710201
spatial_thin_250_cap150,000000000000000006b4,crop_loss,test_site,107,116,104.78551995632104,113.8106219255549,104.78551995632104,0.5175745669847333,0.4702843623258729,0.5772697811150808,0.10698541878920786
spatial_thin_250_cap150,000000000000000006be,crop_loss,test_site,92,44,90.03194844562603,42.885752742007874,42.885752742007874,0.3840230134518708,0.344553725923785,0.44089470284479715,0.09634097692101212
spatial_thin_250_cap150,000000000000000006c0,crop_loss,test_site,133,8,130.66973133535095,7.791791617399477,7.791791617399477,0.33195574703934383,0.18711436690994715,0.5941924363960225,0.40707806948607533
spatial_thin_250_cap150,000000000000000006ce,crop_loss,test_site,120,65,117.32773602561744,62.65209163214613,62.65209163214613,0.5882538857088307,0.5082839778946083,0.6341182210517995,0.12583424315719116
spatial_thin_250_cap150,000000000000000006d9,crop_loss,test_site,87,117,85.0310574785764,114.88656693214698,85.0310574785764,0.2197711380868502,0.17748627783900203,0.24754230497800628,0.07005602713900425
spatial_thin_250_cap150,000000000000000006e5,crop_loss,test_site,98,124,95.69686361754563,121.26540059603145,95.69686361754563,0.553552237791764,0.5114724016553701,0.5888049171663271,0.07733251551095699
spatial_thin_250_cap150,00000000000000000151,built_loss,test_site,121,40,118.58975963367074,39.25840108044309,39.25840108044309,0.28785707398837623,0.2580292462775119,0.3158469746394571,0.05781772836194521
spatial_thin_250_cap150,000000000000000001be,built_loss,test_site,96,13,94.05180345146479,12.967932775080834,12.967932775080834,0.4145748232997868,0.3732955053033504,0.5091005678251554,0.13580506252180508
spatial_thin_250_cap150,0000000000000000034d,built_loss,test_site,127,20,125.39487086008246,19.294028581430904,19.294028581430904,0.3943825483532247,0.3249565511048053,0.45335843471947873,0.12840188361467342
spatial_thin_250_cap150,000000000000000003c7,crop_loss,test_site,119,63,116.61987138466418,62.07643214869172,62.07643214869172,0.7168198707958698,0.6598611583179358,0.7713613790387365,0.11150022072080068
spatial_thin_250_cap150,0000000000000000004a,built_loss,test_site,130,29,127.6855856610955,27.605884266286516,27.605884266286516,0.43799190904046037,0.4220416150332275,0.4569457026301414,0.03490408759691388
spatial_thin_250_cap150,00000000000000000206,built_loss,test_site,97,101,94.52797070756293,98.78990282831468,94.52797070756293,0.6913546686603906,0.6375234490930716,0.7256983091240107,0.0881748600309391
spatial_thin_250_cap150,000000000000000002a4,built_loss,test_site,123,29,120.98922234230955,28.416332959621858,28.416332959621858,0.36939685842212217,0.32509489304294026,0.4001760738790343,0.07508118083609405
spatial_thin_250_cap150,000000000000000004f5,built_loss,test_site,113,21,111.88242584155313,20.088278891315966,20.088278891315966,0.49879491968385603,0.4412992323737415,0.5583818087953595,0.11708257642161796
spatial_thin_250_cap150,000000000000000002cc,crop_loss,test_site,127,47,124.49472490717417,45.71301994888369,45.71301994888369,0.3853428915910117,0.2955882738540946,0.4934460884931445,0.1978578146390499
spatial_thin_250_cap150,000000000000000006cc,crop_loss,test_site,63,126,61.26831799741627,123.97861456183628,61.26831799741627,0.36129301432657634,0.3274012217480846,0.4020003945295433,0.07459917278145867
spatial_thin_250_cap150,0000000000000000016c,crop_loss,test_site,103,91,101.04593277572859,89.01485290572019,89.01485290572019,0.4903088594401914,0.4359642137603293,0.5118243847460593,0.07586017098573
spatial_thin_300_cap150,00000000000000000085,built_loss,test_site,92,36,91.46328575254284,35.73010038552875,35.73010038552875,0.36032723188828875,0.31149740610299775,0.4107631737256641,0.09926576762266637
spatial_thin_300_cap150,00000000000000000114,built_loss,test_site,63,60,62.62610558284995,59.433875996622525,59.433875996622525,0.6317032706168474,0.5808948374902203,0.6860587920757683,0.10516395458554795
spatial_thin_300_cap150,0000000000000000024c,built_loss,test_site,91,52,90.53570120923688,51.57538921572539,51.57538921572539,0.6701641145960772,0.6377053020471599,0.7172894860559489,0.07958418400878897
spatial_thin_300_cap150,00000000000000000375,built_loss,test_site,68,70,67.55634016615727,69.69189512871407,67.55634016615727,0.6491852540250936,0.6049279741699213,0.6791256354446857,0.07419766127476446
spatial_thin_300_cap150,000000000000000004d2,built_loss,test_site,86,56,85.57161810297787,55.535674757055844,55.535674757055844,0.6031915126514529,0.5467589574704592,0.6427786049804051,0.09601964750994585
spatial_thin_300_cap150,000000000000000005bd,built_loss,test_site,78,7,77.64602922107527,6.904442499188084,6.904442499188084,0.5662078210932119,0.47916159321222007,0.6826855999997753,0.20352400678755522
spatial_thin_300_cap150,00000000000000000281,crop_loss,test_site,79,96,78.55068781750884,95.24874785267983,78.55068781750884,0.5193550465154781,0.47491848174202056,0.5427449359106337,0.0678264541686131
spatial_thin_300_cap150,000000000000000003a2,crop_loss,test_site,59,88,58.63998459545016,87.44697278041335,58.63998459545016,0.33216151397752036,0.27321315703722227,0.36737316543469356,0.0941600083974713
spatial_thin_300_cap150,00000000000000000001,built_loss,test_site,105,55,104.3445275786853,54.774577949504746,54.774577949504746,0.45272291437997914,0.4183393260530707,0.49701218329975655,0.07867285724668582
spatial_thin_300_cap150,00000000000000000049,built_loss,test_site,83,15,82.63075536716397,14.953154452868969,14.953154452868969,0.41476907657805084,0.38733869889454614,0.48663117988584764,0.0992924809913015
spatial_thin_300_cap150,0000000000000000004f,built_loss,test_site,113,69,112.19468907004712,68.80718216483358,68.80718216483358,0.45199550973996405,0.3689330521626167,0.5232882837759474,0.1543552316133307
spatial_thin_300_cap150,0000000000000000005a,built_loss,test_site,97,56,96.39716297533579,55.74932940013824,55.74932940013824,0.422120835286279,0.4006785356178953,0.45438164422529004,0.053703108607394745
spatial_thin_300_cap150,00000000000000000079,built_loss,test_site,99,88,98.64675450871785,87.66177441619136,87.66177441619136,0.603783179145852,0.5750240070860126,0.6749479457488822,0.09992393866286953
spatial_thin_300_cap150,00000000000000000087,built_loss,test_site,106,85,105.35576063928528,84.39733800891406,84.39733800891406,0.5618068274889987,0.49287816975070686,0.6264807925485502,0.1336026227978433
spatial_thin_300_cap150,000000000000000000a1,built_loss,test_site,112,18,111.55086761394656,17.88280660193202,17.88280660193202,0.36079802217505647,0.3146727414094288,0.46077135464590485,0.14609861323647605
spatial_thin_300_cap150,000000000000000000b8,built_loss,test_site,111,18,110.43789874185242,17.828628931484026,17.828628931484026,0.48011420538043487,0.32860509611447625,0.622865636755864,0.2942605406413878
spatial_thin_300_cap150,000000000000000000c0,built_loss,test_site,73,72,72.51704237107977,71.41110690331728,71.41110690331728,0.6234168570009756,0.5795571804931279,0.6669132360154756,0.08735605552234771
spatial_thin_300_cap150,000000000000000000e2,built_loss,test_site,110,38,109.5029629645836,37.779762007536604,37.779762007536604,0.3857179291507234,0.34699442535095754,0.4311646377850167,0.08417021243405914
spatial_thin_300_cap150,000000000000000000f0,built_loss,test_site,101,63,100.57123407286876,62.483615218147165,62.483615218147165,0.6325948995919377,0.5868174599513041,0.7052983975395071,0.118480937588203
spatial_thin_300_cap150,000000000000000000f8,built_loss,test_site,118,88,117.47847585207336,87.53256421168703,87.53256421168703,0.5342462772146231,0.4881055738327989,0.5683278212666312,0.08022224743383227
spatial_thin_300_cap150,0000000000000000011c,built_loss,test_site,120,27,119.27517875137968,26.883363214541323,26.883363214541323,0.5220071360966317,0.48724308574080455,0.6321768008827099,0.14493371514190534
spatial_thin_300_cap150,00000000000000000161,built_loss,test_site,94,76,93.561526736443,75.53100444896312,75.53100444896312,0.6533172400054086,0.6125584764727908,0.6888136597179303,0.07625518324513947
spatial_thin_300_cap150,0000000000000000016a,built_loss,test_site,101,17,100.51511302305948,16.88718324840837,16.88718324840837,0.2592979158764201,0.19530402696033763,0.3146294129702232,0.11932538600988554
spatial_thin_300_cap150,00000000000000000176,built_loss,test_site,109,62,108.33757135537758,61.64044117009805,61.64044117009805,0.5869495172424318,0.5194626575899758,0.6335606317841949,0.11409797419421908
spatial_thin_300_cap150,000000000000000001a8,built_loss,test_site,102,92,101.46952085375945,91.56790863220857,91.56790863220857,0.5272425586550723,0.49141156641814593,0.5760829312311677,0.08467136481302179
spatial_thin_300_cap150,000000000000000001cd,built_loss,test_site,88,103,87.50297216392289,102.51388499464483,87.50297216392289,0.7323833707037442,0.6842018048090976,0.7813973818855072,0.09719557707640958
spatial_thin_300_cap150,000000000000000001e5,built_loss,test_site,65,40,64.62993263378252,39.78342096873069,39.78342096873069,0.5657046050865577,0.48990924393011104,0.6139537589481172,0.12404451501800617
spatial_thin_300_cap150,00000000000000000209,built_loss,test_site,107,95,106.54009265279278,94.48060688056701,94.48060688056701,0.5921628772093208,0.5556668829064318,0.6542003084620074,0.09853342555557554
spatial_thin_300_cap150,00000000000000000231,built_loss,test_site,102,88,101.51314728613612,87.64689049238797,87.64689049238797,0.5593645594113976,0.5092475165146158,0.6105766931771134,0.10132917666249763
spatial_thin_300_cap150,0000000000000000026d,built_loss,test_site,98,55,97.44978437767824,54.471780318537164,54.471780318537164,0.589505010360311,0.5387308919812144,0.6316649055606401,0.09293401357942577
spatial_thin_300_cap150,00000000000000000278,built_loss,test_site,76,74,75.51738100552043,73.72455611361507,73.72455611361507,0.7174033072019765,0.6787049853254294,0.7481548509319664,0.06944986560653699
spatial_thin_300_cap150,00000000000000000293,built_loss,test_site,76,73,75.45594739962452,72.72480048931945,72.72480048931945,0.4603940132477276,0.41967110219848974,0.5042294442436307,0.08455834204514096
spatial_thin_300_cap150,00000000000000000316,built_loss,test_site,105,4,104.48599221956047,3.9129672363027,3.9129672363027,0.08592155215000952,0.025123415686711545,0.1718408132642315,0.14671739757751995
spatial_thin_300_cap150,00000000000000000356,built_loss,test_site,82,77,81.37759108083426,76.63887760199611,76.63887760199611,0.5190322181756192,0.4492856467955568,0.572731738043081,0.12344609124752415
spatial_thin_300_cap150,00000000000000000362,built_loss,test_site,102,87,101.56340821751161,86.41832485121944,86.41832485121944,0.5440828845666607,0.4965032180046182,0.5994883033279288,0.10298508532331058
spatial_thin_300_cap150,00000000000000000363,built_loss,test_site,109,49,108.53591412683906,48.46573932776824,48.46573932776824,0.2444735881200642,0.20164889366997862,0.299122197938431,0.09747330426845235
spatial_thin_300_cap150,00000000000000000364,built_loss,test_site,81,113,80.6824634200031,112.47827686653065,80.6824634200031,0.5967985948297698,0.5418917424758166,0.633299832412492,0.09140808993667537
spatial_thin_300_cap150,00000000000000000380,built_loss,test_site,101,65,100.51742016574343,64.79433183413663,64.79433183413663,0.4894984515952052,0.4450581570430224,0.54075334924685,0.09569519220382766
spatial_thin_300_cap150,00000000000000000384,built_loss,test_site,92,35,91.53232069529915,34.59315178020218,34.59315178020218,0.5695768844779134,0.5379395970578994,0.62334792278008,0.0854083257221806
spatial_thin_300_cap150,0000000000000000039e,built_loss,test_site,108,26,107.4526753079962,25.912278164213305,25.912278164213305,0.4944490231636709,0.4398447493602781,0.549013042806699,0.10916829344642093
spatial_thin_300_cap150,000000000000000003a1,built_loss,test_site,90,40,89.4879126995697,39.71534826722356,39.71534826722356,0.6461470599166043,0.5824842885985148,0.675264130777785,0.09277984217927027
spatial_thin_300_cap150,000000000000000003a5,built_loss,test_site,112,46,111.57568069832146,45.59488836363121,45.59488836363121,0.421242589106886,0.37910102096793397,0.49134304846829957,0.1122420275003656
spatial_thin_300_cap150,000000000000000003b7,built_loss,test_site,110,40,109.50938270756207,39.84730496573615,39.84730496573615,0.4921539471696106,0.4597844467395049,0.5079671972984454,0.0481827505589405
spatial_thin_300_cap150,000000000000000003bf,built_loss,test_site,89,85,88.38494689530174,84.62811444114432,84.62811444114432,0.539841478386602,0.5100705009689894,0.5827661565350569,0.0726956555660675
spatial_thin_300_cap150,000000000000000003d2,built_loss,test_site,86,90,85.64806526926093,89.6323895854356,85.64806526926093,0.6030392408879889,0.5441439923540303,0.6560571018638276,0.11191310950979727
spatial_thin_300_cap150,000000000000000003f8,built_loss,test_site,117,15,116.58335100303482,14.860616542208412,14.860616542208412,0.22817684749977046,0.17712667751234706,0.2725025009671897,0.09537582345484263
spatial_thin_300_cap150,000000000000000003fa,built_loss,test_site,78,91,77.59943024609099,90.58204747546279,77.59943024609099,0.4297339187418274,0.39196753635837656,0.4693956533135876,0.07742811695521107
spatial_thin_300_cap150,00000000000000000407,built_loss,test_site,75,96,74.67073320035624,95.64466697697986,74.67073320035624,0.5281501167388822,0.48049131500196174,0.5789437343365404,0.09845241933457871
spatial_thin_300_cap150,0000000000000000040f,built_loss,test_site,74,55,73.71218287133422,54.52430691205702,54.52430691205702,0.5338369750071723,0.5124089050095394,0.548923778970835,0.0365148739612956
spatial_thin_300_cap150,00000000000000000426,built_loss,test_site,64,71,63.623231167512486,70.63561014069518,63.623231167512486,0.5717092380086126,0.5269438912821336,0.6045155738411442,0.07757168255901059
spatial_thin_300_cap150,0000000000000000042b,built_loss,test_site,109,65,108.58442899142173,64.56098310909856,64.56098310909856,0.5640674454588894,0.5243034263316623,0.6092530181449931,0.08494959181333084
spatial_thin_300_cap150,00000000000000000442,built_loss,test_site,109,10,108.57083889204793,9.868226067708763,9.868226067708763,0.36259886319006795,0.24019246717111095,0.5384382738373168,0.2982458066662058
spatial_thin_300_cap150,00000000000000000465,built_loss,test_site,95,88,94.64070105946591,87.61330831381453,87.61330831381453,0.5800313106151662,0.5452767405547314,0.6215954295564826,0.0763186890017512
spatial_thin_300_cap150,0000000000000000047e,built_loss,test_site,106,49,105.57154088257339,48.79774307146572,48.79774307146572,0.4961136354990848,0.46010378021304543,0.5211834854527319,0.06107970523968642
spatial_thin_300_cap150,00000000000000000490,built_loss,test_site,105,91,104.48901486583513,90.56162643758711,90.56162643758711,0.6264074534242495,0.5939956184335877,0.6541687613969568,0.060173142963369064
spatial_thin_300_cap150,000000000000000004c0,built_loss,test_site,95,71,94.62992010398962,70.55529165144617,70.55529165144617,0.6250740596018189,0.570326255070416,0.6630895444511221,0.0927632893807061
spatial_thin_300_cap150,000000000000000004c5,built_loss,test_site,85,27,84.48198453675255,26.69754984645023,26.69754984645023,0.5797513474627699,0.5073216813519839,0.6174301190175104,0.11010843766552658
spatial_thin_300_cap150,000000000000000004d9,built_loss,test_site,107,73,106.40384886020098,72.67071404215572,72.67071404215572,0.538225377839808,0.5065028308838888,0.5588801585200621,0.05237732763617331
spatial_thin_300_cap150,000000000000000004eb,built_loss,test_site,96,85,95.25921160815781,84.49730089745506,84.49730089745506,0.4533113120684607,0.4315828632368914,0.4843519798913123,0.05276911665442091
spatial_thin_300_cap150,000000000000000004f7,built_loss,test_site,94,24,93.48625628373964,23.75432135903745,23.75432135903745,0.48789668676463754,0.4472187469067036,0.5184746496601658,0.07125590275346216
spatial_thin_300_cap150,000000000000000004fe,built_loss,test_site,113,33,112.45959648055604,32.72239118336044,32.72239118336044,0.5102190813709886,0.4859563457788114,0.5433082932616105,0.05735194748279904
spatial_thin_300_cap150,0000000000000000051d,built_loss,test_site,112,46,111.32675608134839,45.770772699377325,45.770772699377325,0.4839341488537864,0.38360871201617425,0.5461055159396815,0.16249680392350724
spatial_thin_300_cap150,00000000000000000559,built_loss,test_site,95,81,94.61103578383943,80.36565666426223,80.36565666426223,0.6502987331417387,0.6096852351781399,0.6955088708609676,0.08582363568282769
spatial_thin_300_cap150,00000000000000000576,built_loss,test_site,110,20,109.52108790287427,19.754806955092555,19.754806955092555,0.29754810321047337,0.22144996155998944,0.3340281257993416,0.11257816423935216
spatial_thin_300_cap150,00000000000000000577,built_loss,test_site,113,22,112.51422837868036,21.805320668121922,21.805320668121922,0.3547190548681058,0.2917896472673401,0.49004650961020013,0.19825686234286005
spatial_thin_300_cap150,0000000000000000057f,built_loss,test_site,76,6,75.60800170768584,5.912921288964697,5.912921288964697,0.3042469555981203,0.19215290557238882,0.3833536031014722,0.1912006975290834
spatial_thin_300_cap150,00000000000000000594,built_loss,test_site,110,46,109.31314086539719,45.870852033534646,45.870852033534646,0.5182303620489203,0.4385044854178744,0.6284557713230644,0.18995128590519
spatial_thin_300_cap150,000000000000000005ad,built_loss,test_site,107,76,106.47406276549552,75.14088224028444,75.14088224028444,0.6632498145346827,0.6133912308871657,0.7004467820099378,0.08705555112277208
spatial_thin_300_cap150,000000000000000005bf,built_loss,test_site,101,54,100.66594965154876,53.72900333874,53.72900333874,0.3851191957311158,0.3415671736353697,0.42235387619449327,0.08078670255912357
spatial_thin_300_cap150,000000000000000005cc,built_loss,test_site,73,31,72.51715214635313,30.858346210921066,30.858346210921066,0.3684717236186257,0.3273499546722192,0.3961855489252764,0.06883559425305719
spatial_thin_300_cap150,000000000000000005de,built_loss,test_site,86,61,85.46105380278897,60.66159114924459,60.66159114924459,0.43670353454843214,0.4154487001570797,0.4545565148236455,0.03910781466656582
spatial_thin_300_cap150,000000000000000005e7,built_loss,test_site,84,97,83.45437370574412,96.46097252008477,83.45437370574412,0.6383050699948211,0.5487494824021916,0.682684200059707,0.1339347176575154
spatial_thin_300_cap150,000000000000000005f9,built_loss,test_site,107,34,106.54551725284865,33.78850008213766,33.78850008213766,0.5796644984911551,0.5351971702932862,0.6618181444030014,0.12662097410971518
spatial_thin_300_cap150,0000000000000000061c,built_loss,test_site,100,42,99.58910771296367,41.79170130065725,41.79170130065725,0.4249237903559256,0.38316334746238084,0.4808286907768119,0.09766534331443105
spatial_thin_300_cap150,00000000000000000624,built_loss,test_site,81,12,80.63743123028576,11.881520062355472,11.881520062355472,0.4264051634674648,0.3263267111776517,0.5355776439889406,0.20925093281128887
spatial_thin_300_cap150,00000000000000000626,built_loss,test_site,94,68,93.50913482762188,67.22292701966632,67.22292701966632,0.49182922004659696,0.46017608660144227,0.5268352147360166,0.06665912813457431
spatial_thin_300_cap150,0000000000000000062a,built_loss,test_site,87,74,86.6381311698065,73.48479105031177,73.48479105031177,0.5630181788653629,0.4821816642517842,0.6101473771105133,0.12796571285872904
spatial_thin_300_cap150,00000000000000000636,built_loss,test_site,104,50,103.45524414781275,49.622559836143324,49.622559836143324,0.44407046919991744,0.342839164290814,0.5497243561409516,0.2068851918501376
spatial_thin_300_cap150,0000000000000000064a,built_loss,test_site,113,6,112.60647461110628,5.988644959174079,5.988644959174079,0.2948235447458905,0.12386626794373223,0.3771672593408611,0.25330099139712886
spatial_thin_300_cap150,0000000000000000064d,built_loss,test_site,112,37,111.37094776428346,36.75361900139668,36.75361900139668,0.40550671413321004,0.3780173333927517,0.4512865099486828,0.07326917655593113
spatial_thin_300_cap150,00000000000000000694,built_loss,test_site,99,50,98.4736701044625,49.629108742803695,49.629108742803695,0.37352561516074057,0.3305637755987251,0.3953490484154424,0.06478527281671731
spatial_thin_300_cap150,0000000000000000069d,built_loss,test_site,92,82,91.35518557292308,81.49461247690459,81.49461247690459,0.6363496160288526,0.5806144324291458,0.6802204142286223,0.09960598179947655
spatial_thin_300_cap150,000000000000000006b7,built_loss,test_site,98,51,97.57062446287465,50.636086486516696,50.636086486516696,0.47495504909283304,0.44313062912425705,0.5061842138581529,0.06305358473389588
spatial_thin_300_cap150,000000000000000006df,built_loss,test_site,103,36,102.54151924044866,35.74644865698966,35.74644865698966,0.2619433842602412,0.21076089612591442,0.3313134640293074,0.12055256790339297
spatial_thin_300_cap150,000000000000000006e3,built_loss,test_site,99,56,98.53177916521665,55.75186969345631,55.75186969345631,0.397099145294502,0.3470893967011075,0.4534784088168195,0.106389012115712
spatial_thin_300_cap150,00000000000000000011,crop_loss,test_site,93,84,92.5426887370063,83.3536710882644,83.3536710882644,0.57279174599813,0.4545477093387738,0.8280872040949607,0.3735394947561869
spatial_thin_300_cap150,0000000000000000002b,crop_loss,test_site,104,83,103.61500401582832,82.59425191620515,82.59425191620515,0.19753476305664505,0.1275277434727869,0.27053078761665345,0.14300304414386655
spatial_thin_300_cap150,0000000000000000002d,crop_loss,test_site,84,92,83.64804937200306,91.49572473963494,83.64804937200306,0.4923957308220722,0.4513306312257954,0.5253733461485407,0.07404271492274528
spatial_thin_300_cap150,0000000000000000003a,crop_loss,test_site,80,97,79.54830411959534,96.57397126560447,79.54830411959534,0.2699699332844685,0.23760211727764133,0.3077352811556255,0.07013316387798416
spatial_thin_300_cap150,0000000000000000009b,crop_loss,test_site,71,44,70.63016157821612,43.59822582207338,43.59822582207338,0.48792572150717256,0.47469006413313114,0.4981787280058456,0.023488663872714477
spatial_thin_300_cap150,0000000000000000009d,crop_loss,test_site,111,19,110.33914605086837,18.912364778821516,18.912364778821516,0.3609258030597396,0.3245940603748276,0.45469867760567323,0.13010461723084565
spatial_thin_300_cap150,000000000000000000a8,crop_loss,test_site,92,58,91.72370039666565,57.71267841887072,57.71267841887072,0.21116780851213549,0.19381825690548313,0.22881105983631014,0.034992802930827016
spatial_thin_300_cap150,000000000000000000da,crop_loss,test_site,56,105,55.62497224817384,104.56209943229518,55.62497224817384,0.7581866230626569,0.7117710294531908,0.7751146181912993,0.06334358873810852
spatial_thin_300_cap150,000000000000000000e3,crop_loss,test_site,95,87,94.53697243102539,86.75784292490813,86.75784292490813,0.5055982108264312,0.46014576873792257,0.5375074758171011,0.07736170707917855
spatial_thin_300_cap150,000000000000000000e9,crop_loss,test_site,98,15,97.44716486769015,14.857851516634513,14.857851516634513,0.3235162694949812,0.23998379326515698,0.4706868270466847,0.2307030337815277
spatial_thin_300_cap150,0000000000000000011b,crop_loss,test_site,116,61,115.42595483393224,60.62223901914073,60.62223901914073,0.4694285423118728,0.44337942580766787,0.4996154184402262,0.05623599263255835
spatial_thin_300_cap150,00000000000000000128,crop_loss,test_site,63,70,62.41799003666484,69.63280032009105,62.41799003666484,0.5476252443731904,0.5285473246775004,0.5733185553608167,0.04477123068331623
spatial_thin_300_cap150,00000000000000000192,crop_loss,test_site,96,83,95.63123427769668,82.47452711133263,82.47452711133263,0.5539868584071365,0.5262499884779868,0.573503920248049,0.04725393177006221
spatial_thin_300_cap150,00000000000000000196,crop_loss,test_site,109,46,108.43861049786679,45.82761954554344,45.82761954554344,0.24874196370728524,0.2240373445169715,0.28347401284876583,0.05943666833179434
spatial_thin_300_cap150,000000000000000001a6,crop_loss,test_site,102,73,101.51054846154904,72.37630888326957,72.37630888326957,0.26858160014865934,0.22992898334213188,0.3251232710926902,0.0951942877505583
spatial_thin_300_cap150,000000000000000001e4,crop_loss,test_site,75,97,74.54932443416028,96.44889711097174,74.54932443416028,0.47702534780776745,0.43955500041413426,0.5196834709415808,0.0801284705274466
spatial_thin_300_cap150,000000000000000001f9,crop_loss,test_site,87,82,86.49038230457647,81.44367391761084,81.44367391761084,0.494792489946393,0.3856860413912349,0.7246662233163398,0.3389801819251049
spatial_thin_300_cap150,00000000000000000228,crop_loss,test_site,99,50,98.6004219979128,49.70637994048193,49.70637994048193,0.41746398997104306,0.32959629264282375,0.5109513714221282,0.18135507877930446
spatial_thin_300_cap150,0000000000000000028c,crop_loss,test_site,87,19,86.43445664990345,18.897517094809434,18.897517094809434,0.404817921019069,0.35653268864374604,0.5576647347573124,0.20113204611356633
spatial_thin_300_cap150,0000000000000000028d,crop_loss,test_site,106,59,105.34887750221976,58.71126052610746,58.71126052610746,0.6522962943796529,0.6172441864333675,0.6874043068396687,0.07016012040630115
spatial_thin_300_cap150,00000000000000000291,crop_loss,test_site,93,34,92.44767143043777,33.790416705399764,33.790416705399764,0.8646845505715055,0.8192551996817871,0.8914533737434002,0.07219817406161311
spatial_thin_300_cap150,000000000000000002c5,crop_loss,test_site,109,60,108.46588286521377,59.4339148802543,59.4339148802543,0.3599106775722044,0.29625015353512607,0.39284034656422967,0.0965901930291036
spatial_thin_300_cap150,000000000000000002dc,crop_loss,test_site,98,93,97.60989002498681,92.54258866855962,92.54258866855962,0.6438894540964155,0.6033144632296651,0.6773781647105528,0.0740637014808877
spatial_thin_300_cap150,000000000000000002e4,crop_loss,test_site,82,92,81.67837497683392,91.54770245019074,81.67837497683392,0.33716708470719603,0.30076133963103746,0.39783944690141937,0.09707810727038191
spatial_thin_300_cap150,000000000000000002ec,crop_loss,test_site,95,98,94.49967678521267,97.35521960219941,94.49967678521267,0.48025992899085135,0.44339002917621556,0.5303694824481603,0.08697945327194473
spatial_thin_300_cap150,00000000000000000314,crop_loss,test_site,108,57,107.38303629204094,56.73595460105822,56.73595460105822,0.13043488534772163,0.08591742905000813,0.1749074805919738,0.08899005154196568
spatial_thin_300_cap150,00000000000000000335,crop_loss,test_site,96,91,95.49675605997459,90.5314478166103,90.5314478166103,0.4513549155424732,0.41524885037456905,0.4940373972795735,0.07878854690500448
spatial_thin_300_cap150,0000000000000000033a,crop_loss,test_site,75,100,74.74524224760663,99.56788654504197,74.74524224760663,0.5502946293312881,0.5120036301194587,0.6069274737251061,0.09492384360564743
spatial_thin_300_cap150,000000000000000003b0,crop_loss,test_site,87,109,86.56533739205054,108.39641201967194,86.56533739205054,0.24714189088997238,0.1845767293954126,0.2881755374786063,0.10359880808319372
spatial_thin_300_cap150,000000000000000003c8,crop_loss,test_site,100,71,99.53619202734288,70.46587092508692,70.46587092508692,0.2136489706490733,0.18579665372753928,0.24902515239179396,0.06322849866425467
spatial_thin_300_cap150,000000000000000003f1,crop_loss,test_site,85,77,84.72798103631236,76.70402071435888,76.70402071435888,0.4869093789044902,0.4099575298226779,0.5255343394029935,0.11557680958031563
spatial_thin_300_cap150,000000000000000003f2,crop_loss,test_site,90,71,89.46772806133028,70.56815349958018,70.56815349958018,0.46097794593526126,0.4179636649285045,0.5065614787627023,0.08859781383419779
spatial_thin_300_cap150,0000000000000000044b,crop_loss,test_site,101,26,100.4311320502298,25.78310064651955,25.78310064651955,0.5416571141734419,0.5091163284955432,0.5721405879451184,0.06302425944957513
spatial_thin_300_cap150,0000000000000000046c,crop_loss,test_site,93,98,92.4380438539789,97.41628128905558,92.4380438539789,0.5342556222583185,0.43323666788383897,0.6227574081487637,0.18952074026492471
spatial_thin_300_cap150,00000000000000000480,crop_loss,test_site,109,27,108.34051948388519,26.769680150399974,26.769680150399974,0.8385495584913283,0.7849255506462043,0.8778905972242393,0.09296504657803506
spatial_thin_300_cap150,00000000000000000483,crop_loss,test_site,107,34,106.36653076732594,33.89188669769313,33.89188669769313,0.7042717236812341,0.6626804633781777,0.7480913535268874,0.08541089014870973
spatial_thin_300_cap150,00000000000000000485,crop_loss,test_site,83,104,82.5212957750069,103.62970967497753,82.5212957750069,0.6888758826518248,0.6525475732500314,0.7077416703235995,0.05519409707356804
spatial_thin_300_cap150,00000000000000000497,crop_loss,test_site,100,71,99.64159364437651,70.69951381001275,70.69951381001275,0.2429285018795517,0.20395252482069087,0.2954118666453267,0.09145934182463583
spatial_thin_300_cap150,0000000000000000049b,crop_loss,test_site,104,67,103.47769098026443,66.6407853619217,66.6407853619217,0.3582386893026709,0.3346530457758062,0.3825960481814071,0.0479430024056009
spatial_thin_300_cap150,000000000000000004a1,crop_loss,test_site,74,96,73.61411465765713,95.65272963292402,73.61411465765713,0.37793381762807415,0.33050502740673104,0.4413261444100662,0.11082111700333513
spatial_thin_300_cap150,000000000000000004e7,crop_loss,test_site,94,45,93.53169082133583,44.74368482366491,44.74368482366491,0.4942930092401655,0.4697216296582979,0.5289560109248683,0.059234381266570435
spatial_thin_300_cap150,000000000000000004e9,crop_loss,test_site,119,37,118.51316450058376,36.747904931405,36.747904931405,0.39565142010355797,0.27490592601681196,0.45450754901326634,0.17960162299645438
spatial_thin_300_cap150,000000000000000004ee,crop_loss,test_site,96,43,95.5793387707002,42.649086859344656,42.649086859344656,0.43972118001787797,0.3109485922626472,0.5408404633656944,0.22989187110304715
spatial_thin_300_cap150,000000000000000004f9,crop_loss,test_site,92,75,91.46706116690505,74.63473139931955,74.63473139931955,0.3795937315578326,0.32799712470296316,0.49383012009725685,0.1658329953942937
spatial_thin_300_cap150,00000000000000000517,crop_loss,test_site,100,52,99.59516381139221,51.558953862316905,51.558953862316905,0.25744931640511476,0.2035835815457504,0.380234477280398,0.1766508957346476
spatial_thin_300_cap150,00000000000000000538,crop_loss,test_site,91,1,90.45467744036598,1.0,1.0,0.2940597059043026,0.2803214490761952,0.3276729043648509,0.0473514552886557
spatial_thin_300_cap150,0000000000000000057e,crop_loss,test_site,101,19,100.44523949220752,18.868528211885994,18.868528211885994,0.5132859390148659,0.4806709632097342,0.5371492612870848,0.056478298077350664
spatial_thin_300_cap150,000000000000000005d1,crop_loss,test_site,111,35,110.60743656368541,34.6941685829974,34.6941685829974,0.1625049425781423,0.13097359327938538,0.2756458104389834,0.14467221715959802
spatial_thin_300_cap150,00000000000000000611,crop_loss,test_site,97,91,96.66489761154338,90.57696800317487,90.57696800317487,0.6097839670969957,0.5846048076466803,0.6519355667032217,0.0673307590565414
spatial_thin_300_cap150,0000000000000000062f,crop_loss,test_site,86,85,85.29720905160536,84.52586912641928,84.52586912641928,0.5223713388933686,0.46650110395014305,0.5976015759509569,0.13110047200081382
spatial_thin_300_cap150,00000000000000000632,crop_loss,test_site,101,31,100.49700403058254,30.780470774284634,30.780470774284634,0.0966663155161944,0.08106495808693151,0.14449686799470546,0.06343190990777395
spatial_thin_300_cap150,0000000000000000063e,crop_loss,test_site,83,84,82.59089795902734,83.50634762940497,82.59089795902734,0.2749913597833982,0.2560202782934216,0.3358669017863952,0.07984662349297361
spatial_thin_300_cap150,00000000000000000655,crop_loss,test_site,91,61,90.48036575140894,60.495440567488096,60.495440567488096,0.4732012450010817,0.31482913173591204,0.5837244936450829,0.2688953619091709
spatial_thin_300_cap150,00000000000000000697,crop_loss,test_site,93,103,92.69623506538584,102.62976912538923,92.69623506538584,0.5943418186438704,0.553840694317247,0.6360312272034948,0.08219053288624778
spatial_thin_300_cap150,00000000000000000698,crop_loss,test_site,39,112,38.78640516902423,111.49942911547825,38.78640516902423,0.4265734311299426,0.39242890381544954,0.47862824292921613,0.0861993391137666
spatial_thin_300_cap150,000000000000000006a8,crop_loss,test_site,95,97,94.49276161527578,96.52323271058413,94.49276161527578,0.3199103728891476,0.2787665371453661,0.38376916746937006,0.10500263032400398
spatial_thin_300_cap150,000000000000000006b4,crop_loss,test_site,86,103,85.4386241566701,102.48075010088566,85.4386241566701,0.5138418814246203,0.45718718913221,0.5948031503873342,0.1376159612551242
spatial_thin_300_cap150,000000000000000006be,crop_loss,test_site,77,38,76.65241479617447,37.67655869836986,37.67655869836986,0.42500495791028703,0.3558859049351262,0.5061372057389231,0.1502513008037969
spatial_thin_300_cap150,000000000000000006c0,crop_loss,test_site,109,6,108.58420004428807,5.9508059305315975,5.9508059305315975,0.3731253635004056,0.18804634306185258,0.5745249673061976,0.38647862424434504
spatial_thin_300_cap150,000000000000000006ce,crop_loss,test_site,104,48,103.30722926752047,47.675510931177314,47.675510931177314,0.5783212749706698,0.45067883841266915,0.6457214217911589,0.19504258337848973
spatial_thin_300_cap150,000000000000000006d9,crop_loss,test_site,73,98,72.67250075051935,97.48967493295751,72.67250075051935,0.20883646518956567,0.17584253899305,0.2538179313621587,0.07797539236910869
spatial_thin_300_cap150,000000000000000006e5,crop_loss,test_site,85,104,84.53329915552854,103.5624721874094,84.53329915552854,0.5306968939801702,0.4855014683482394,0.5789431732151837,0.09344170486694436
spatial_thin_300_cap150,00000000000000000151,built_loss,test_site,105,35,104.46705577859892,34.87262089742882,34.87262089742882,0.2718620887153147,0.25132460894510816,0.3292221661379441,0.07789755719283592
spatial_thin_300_cap150,000000000000000001be,built_loss,test_site,88,13,87.33675524125208,12.966750011948948,12.966750011948948,0.4106759461918746,0.3758660740589826,0.5012243725688,0.12535829850981745
spatial_thin_300_cap150,0000000000000000034d,built_loss,test_site,113,14,112.57029623883727,13.971126949030438,13.971126949030438,0.38713745266164395,0.3351050623452472,0.46800205108548215,0.13289698874023498
spatial_thin_300_cap150,000000000000000003c7,crop_loss,test_site,97,58,96.62630653997059,57.69180403589269,57.69180403589269,0.69055485269254,0.6451364217129041,0.7464233597513916,0.10128693803848754
spatial_thin_300_cap150,0000000000000000004a,built_loss,test_site,108,20,107.58542877165338,19.83159226290716,19.83159226290716,0.43009119980040145,0.4124015752606684,0.4584843926710245,0.04608281741035608
spatial_thin_300_cap150,00000000000000000206,built_loss,test_site,79,87,78.56777892329312,86.52009247367279,78.56777892329312,0.6905641860161207,0.6107613976208585,0.7524659642628988,0.14170456664204034
spatial_thin_300_cap150,000000000000000002a4,built_loss,test_site,106,24,105.44618727606486,23.85712271775093,23.85712271775093,0.37078856621506023,0.30697061004677034,0.4007068942732135,0.09373628422644315
spatial_thin_300_cap150,000000000000000004f5,built_loss,test_site,100,16,99.58151464153926,15.7718489094579,15.7718489094579,0.5235460170619751,0.39064076214801774,0.5921429263153789,0.20150216416736116
spatial_thin_300_cap150,000000000000000002cc,crop_loss,test_site,107,39,106.50342312168986,38.61733683157135,38.61733683157135,0.38670339845035323,0.2521748854669108,0.5086460099784004,0.25647112451148957
spatial_thin_300_cap150,000000000000000006cc,crop_loss,test_site,51,108,50.58038860978253,107.46320242071992,50.58038860978253,0.3598627193122141,0.3201766732008956,0.38497537922659686,0.06479870602570126
spatial_thin_300_cap150,0000000000000000016c,crop_loss,test_site,87,74,86.54473103191337,73.65667471792587,73.65667471792587,0.4743395318153742,0.4276554323369386,0.5068423808950228,0.07918694855808417
hybrid_150_diverse_100,00000000000000000085,built_loss,test_site,100,75,89.41931985907095,53.99144351801821,53.99144351801821,0.3454366818509381,0.30305059677096946,0.3865002801160725,0.08344968334510305
hybrid_150_diverse_100,00000000000000000114,built_loss,test_site,100,100,82.83563624682115,80.60475633382165,80.60475633382165,0.6575236445356772,0.6128909582070927,0.6844856413424564,0.07159468313536366
hybrid_150_diverse_100,0000000000000000024c,built_loss,test_site,100,100,88.70475147594225,79.56588234646553,79.56588234646553,0.6926914828981867,0.6333656138533528,0.7183622543090751,0.0849966404557223
hybrid_150_diverse_100,00000000000000000375,built_loss,test_site,100,100,85.6647183186823,86.03802020522117,85.6647183186823,0.6431224024441757,0.6040818922732926,0.6781574725862854,0.07407558031299288
hybrid_150_diverse_100,000000000000000004d2,built_loss,test_site,100,97,88.52411598432958,76.12121696279056,76.12121696279056,0.5647326845443019,0.5344777883503613,0.59279979113179,0.05832200278142874
hybrid_150_diverse_100,000000000000000005bd,built_loss,test_site,100,16,89.31087871225179,11.38138201833595,11.38138201833595,0.5528824344849624,0.43288808698012665,0.6236944684704098,0.19080638149028312
hybrid_150_diverse_100,00000000000000000281,crop_loss,test_site,100,100,89.59922103968101,89.5358461011484,89.5358461011484,0.5232686150529987,0.48244808959588426,0.5526247007122997,0.07017661111641549
hybrid_150_diverse_100,000000000000000003a2,crop_loss,test_site,100,100,81.76132533021398,90.74594572010656,81.76132533021398,0.3565667240172421,0.30121276111336653,0.4038038741515115,0.10259111303814494
hybrid_150_diverse_100,00000000000000000001,built_loss,test_site,100,70,92.49381980492595,63.27884311776888,63.27884311776888,0.4200267770020874,0.39412449806413763,0.47602773795598374,0.08190323989184611
hybrid_150_diverse_100,00000000000000000049,built_loss,test_site,100,24,88.317621626435,20.36481560483733,20.36481560483733,0.4688127620043389,0.42099442002215526,0.5157251718158679,0.0947307517937126
hybrid_150_diverse_100,0000000000000000004f,built_loss,test_site,100,100,92.39236548893774,86.88523514706878,86.88523514706878,0.39474279017338554,0.3499036866021811,0.45806038184411146,0.10815669524193039
hybrid_150_diverse_100,0000000000000000005a,built_loss,test_site,100,100,91.17656009295047,81.82433037292063,81.82433037292063,0.4450165851150161,0.4266405067335224,0.4685508210073856,0.041910314273863214
hybrid_150_diverse_100,00000000000000000079,built_loss,test_site,100,100,92.68651059363827,92.59973452206982,92.59973452206982,0.6068014988972671,0.5730482228944074,0.6582317701004959,0.08518354720608856
hybrid_150_diverse_100,00000000000000000087,built_loss,test_site,100,100,91.84407320253251,92.09324831426356,91.84407320253251,0.5858956159215427,0.5314277900319967,0.6373493854274862,0.10592159539548951
hybrid_150_diverse_100,000000000000000000a1,built_loss,test_site,100,38,95.9297565834661,28.069255581758156,28.069255581758156,0.3931619749707976,0.3487496368428522,0.4432902878711869,0.0945406510283347
hybrid_150_diverse_100,000000000000000000b8,built_loss,test_site,100,52,91.90220276930351,33.661032012645826,33.661032012645826,0.5341305413255124,0.4230846664431396,0.6342181858282379,0.21113351938509828
hybrid_150_diverse_100,000000000000000000c0,built_loss,test_site,100,100,84.92308932726698,85.83042853349863,84.92308932726698,0.6364971643532433,0.5974315062703353,0.6702923763178226,0.07286087004748731
hybrid_150_diverse_100,000000000000000000e2,built_loss,test_site,100,70,93.27320428964991,54.90531266872129,54.90531266872129,0.4797998487719183,0.41893013448706823,0.5276320848018745,0.10870195031480628
hybrid_150_diverse_100,000000000000000000f0,built_loss,test_site,100,100,93.74845926872439,87.0029355154692,87.0029355154692,0.6303270911762786,0.5685615392485676,0.6629189708734979,0.09435743162493038
hybrid_150_diverse_100,000000000000000000f8,built_loss,test_site,100,100,93.28802425467939,90.2486635631682,90.2486635631682,0.5180409847870031,0.486624577777958,0.5555473429152804,0.06892276513732243
hybrid_150_diverse_100,0000000000000000011c,built_loss,test_site,100,42,93.8629338133861,32.53188696136238,32.53188696136238,0.6158214524639395,0.5332832553568093,0.69621887928796,0.16293562393115069
hybrid_150_diverse_100,00000000000000000161,built_loss,test_site,100,100,92.19403057873987,86.61832802574949,86.61832802574949,0.6221245228431088,0.5962271236700064,0.6654722989364718,0.06924517526646534
hybrid_150_diverse_100,0000000000000000016a,built_loss,test_site,100,27,91.92857765560763,22.471487978865827,22.471487978865827,0.29004106116383904,0.2256812185344226,0.34638403985712135,0.12070282132269874
hybrid_150_diverse_100,00000000000000000176,built_loss,test_site,100,100,91.44539052500852,82.52020445677145,82.52020445677145,0.644229892601927,0.5965011649559193,0.6686533034385134,0.07215213848259405
hybrid_150_diverse_100,000000000000000001a8,built_loss,test_site,100,100,92.64902810757395,89.66386573848776,89.66386573848776,0.5333925203495692,0.4952280016399727,0.5798504895503851,0.08462248791041238
hybrid_150_diverse_100,000000000000000001cd,built_loss,test_site,100,100,86.18919730956159,93.8017680399819,86.18919730956159,0.6965438585681318,0.6409343983014627,0.7466474541606968,0.10571305585923407
hybrid_150_diverse_100,000000000000000001e5,built_loss,test_site,100,76,82.34246565469675,59.01124135189664,59.01124135189664,0.6093028180735106,0.5559388110710004,0.6346655713345976,0.07872676026359715
hybrid_150_diverse_100,00000000000000000209,built_loss,test_site,100,100,93.95271277543158,92.71915247471813,92.71915247471813,0.5693503415398653,0.5252922256329224,0.6357610164744842,0.1104687908415618
hybrid_150_diverse_100,00000000000000000231,built_loss,test_site,100,100,93.3095909727054,90.34353521644198,90.34353521644198,0.5443405009957011,0.49222079866365626,0.583177129860042,0.09095633119638574
hybrid_150_diverse_100,0000000000000000026d,built_loss,test_site,100,100,90.62777894874975,81.01338545135037,81.01338545135037,0.5778639254494526,0.5405772310035166,0.6134714357021869,0.07289420469867025
hybrid_150_diverse_100,00000000000000000278,built_loss,test_site,100,100,86.59508889306743,87.35396881743722,86.59508889306743,0.7230743391686061,0.6865743372067251,0.7636318922760768,0.07705755506935164
hybrid_150_diverse_100,00000000000000000293,built_loss,test_site,100,100,84.74427494797017,83.33353082587107,83.33353082587107,0.4317569068626213,0.40269829461223466,0.48597120376785824,0.08327290915562358
hybrid_150_diverse_100,00000000000000000316,built_loss,test_site,100,6,94.87737426226836,4.383877137750324,4.383877137750324,0.10783292439122949,0.023866262913798748,0.162292867557406,0.13842660464360723
hybrid_150_diverse_100,00000000000000000356,built_loss,test_site,100,100,85.92699722105567,84.76449709410402,84.76449709410402,0.5466323140435917,0.4938301774171097,0.6146231649412363,0.12079298752412654
hybrid_150_diverse_100,00000000000000000362,built_loss,test_site,100,100,91.30550980319781,90.9355923879813,90.9355923879813,0.5105156343832679,0.47858237682478916,0.5446960277309129,0.0661136509061237
hybrid_150_diverse_100,00000000000000000363,built_loss,test_site,100,96,95.5587711336796,72.83782198774524,72.83782198774524,0.2642034047813618,0.22635359159479557,0.3039504450409371,0.07759685344614153
hybrid_150_diverse_100,00000000000000000364,built_loss,test_site,100,100,91.88618795120337,94.73036561486512,91.88618795120337,0.6032096484656603,0.5622758690162222,0.6604428656224329,0.09816699660621075
hybrid_150_diverse_100,00000000000000000380,built_loss,test_site,100,100,91.81907280863264,86.60242373919083,86.60242373919083,0.48714836308088566,0.46193698790979754,0.5316288252199654,0.06969183731016781
hybrid_150_diverse_100,00000000000000000384,built_loss,test_site,100,83,90.92497830239488,59.60837147717118,59.60837147717118,0.577627774994855,0.5431855491117132,0.6044189062180447,0.06123335710633149
hybrid_150_diverse_100,0000000000000000039e,built_loss,test_site,100,46,92.54468315711908,38.25124147999021,38.25124147999021,0.5094565943694798,0.46444239120839237,0.5352532321869905,0.07081084097859813
hybrid_150_diverse_100,000000000000000003a1,built_loss,test_site,100,78,87.11099298038273,58.950053223572276,58.950053223572276,0.5860013947890257,0.5574718239327514,0.6287821748040135,0.07131035087126214
hybrid_150_diverse_100,000000000000000003a5,built_loss,test_site,100,93,93.45461601288041,69.46908343659393,69.46908343659393,0.4223599910239467,0.38331063603352167,0.4842235696889721,0.10091293365545045
hybrid_150_diverse_100,000000000000000003b7,built_loss,test_site,100,64,92.46968800493889,50.61363847978497,50.61363847978497,0.485981038856792,0.4635764893732215,0.5046649661342996,0.041088476761078074
hybrid_150_diverse_100,000000000000000003bf,built_loss,test_site,100,100,90.13717648307819,87.77289453766105,87.77289453766105,0.5266079956035938,0.5013976092213958,0.5671482602987884,0.06575065107739264
hybrid_150_diverse_100,000000000000000003d2,built_loss,test_site,100,100,93.1189018929465,89.67508199992389,89.67508199992389,0.6177539685580204,0.5619198043153464,0.6441874187807478,0.08226761446540143
hybrid_150_diverse_100,000000000000000003f8,built_loss,test_site,100,34,95.89561898227345,24.39088331169005,24.39088331169005,0.2449518594374988,0.20910666242214182,0.2777324474763538,0.06862578505421196
hybrid_150_diverse_100,000000000000000003fa,built_loss,test_site,100,100,88.42879676858803,88.40265325142266,88.40265325142266,0.40509247262210096,0.3837447404064817,0.44716194420380523,0.06341720379732352
hybrid_150_diverse_100,00000000000000000407,built_loss,test_site,100,100,87.04770032828706,91.57658589708866,87.04770032828706,0.5620719683742844,0.5126724548233668,0.601109493898725,0.08843703907535827
hybrid_150_diverse_100,0000000000000000040f,built_loss,test_site,100,100,86.84570525341603,81.39401333823858,81.39401333823858,0.5307198084025467,0.5149578419103742,0.5448962346212295,0.0299383927108553
hybrid_150_diverse_100,00000000000000000426,built_loss,test_site,100,100,82.1128062246826,85.09008796340554,82.1128062246826,0.5689683656186555,0.542134362866679,0.5847794210154589,0.042645058148779835
hybrid_150_diverse_100,0000000000000000042b,built_loss,test_site,100,100,94.464637931547,83.96679462329278,83.96679462329278,0.5662717073293796,0.520332712645288,0.6047635679650569,0.0844308553197689
hybrid_150_diverse_100,00000000000000000442,built_loss,test_site,100,24,94.99614777187067,14.644907363915936,14.644907363915936,0.5058073910951739,0.3305670653874537,0.6286703967024034,0.29810333131494976
hybrid_150_diverse_100,00000000000000000465,built_loss,test_site,100,100,92.84102506030928,90.77423553073972,90.77423553073972,0.6398082994885753,0.6114353089385737,0.6884982252710162,0.07706291633244255
hybrid_150_diverse_100,0000000000000000047e,built_loss,test_site,100,94,91.09736962041328,70.75818021356105,70.75818021356105,0.5017370168036902,0.47276809318752316,0.5242641870907826,0.05149609390325943
hybrid_150_diverse_100,00000000000000000490,built_loss,test_site,100,100,93.7783529901558,91.6215847720839,91.6215847720839,0.621701682264567,0.567766086513282,0.6515444968768637,0.08377841036358169
hybrid_150_diverse_100,000000000000000004c0,built_loss,test_site,100,100,94.09135301281148,87.03660248306039,87.03660248306039,0.6220962985748916,0.5825488375416695,0.6587693312959285,0.07622049375425899
hybrid_150_diverse_100,000000000000000004c5,built_loss,test_site,100,66,89.29455215913605,44.796677535407234,44.796677535407234,0.5398984535679464,0.4938482311720568,0.5783473991070012,0.08449916793494439
hybrid_150_diverse_100,000000000000000004d9,built_loss,test_site,100,100,92.6454790639315,89.29090289343937,89.29090289343937,0.5397655236359821,0.5109612367223115,0.5607882317632739,0.04982699504096233
hybrid_150_diverse_100,000000000000000004eb,built_loss,test_site,100,100,91.52937663829553,90.428608295274,90.428608295274,0.4580145361361734,0.4366959909030243,0.48935896781046767,0.05266297690744337
hybrid_150_diverse_100,000000000000000004f7,built_loss,test_site,100,50,92.29806234738294,34.03058345086969,34.03058345086969,0.46821867981396753,0.43120361823199843,0.49602631374271866,0.06482269551072023
hybrid_150_diverse_100,000000000000000004fe,built_loss,test_site,100,71,93.6232303425203,52.65754471516396,52.65754471516396,0.4781570908911641,0.4397816859784103,0.4967277283122303,0.05694604233382
hybrid_150_diverse_100,0000000000000000051d,built_loss,test_site,100,74,93.4381781357374,60.52716589452423,60.52716589452423,0.4870964745424885,0.39301205206681655,0.5445929128182091,0.15158086075139254
hybrid_150_diverse_100,00000000000000000559,built_loss,test_site,100,100,92.4081417323888,86.82285028397115,86.82285028397115,0.6289463917002243,0.5767695255162426,0.6773563872590188,0.1005868617427762
hybrid_150_diverse_100,00000000000000000576,built_loss,test_site,100,51,92.3225228550551,32.222068520738176,32.222068520738176,0.28721350057016237,0.24966186747709407,0.3136247615753077,0.06396289409821365
hybrid_150_diverse_100,00000000000000000577,built_loss,test_site,100,53,95.95469922272979,37.09878508664837,37.09878508664837,0.50754269000535,0.41003040775443017,0.5750988958868511,0.16506848813242098
hybrid_150_diverse_100,0000000000000000057f,built_loss,test_site,100,16,86.75679393089715,10.622809329706362,10.622809329706362,0.3637677667743103,0.3024150580057583,0.4296868482249863,0.12727179021922802
hybrid_150_diverse_100,00000000000000000594,built_loss,test_site,100,73,93.5437533366522,61.670799598100245,61.670799598100245,0.47120997702815165,0.3912631122146471,0.5357961941907893,0.14453308197614217
hybrid_150_diverse_100,000000000000000005ad,built_loss,test_site,100,100,92.38371483913896,85.5503986162506,85.5503986162506,0.6208321719485316,0.5726980666719861,0.6641374669678801,0.09143940029589404
hybrid_150_diverse_100,000000000000000005bf,built_loss,test_site,100,100,92.8267923510195,81.98459922994758,81.98459922994758,0.40176694661524276,0.3698884432647151,0.43589764770525957,0.06600920444054448
hybrid_150_diverse_100,000000000000000005cc,built_loss,test_site,100,63,87.13474949998302,45.574648111002716,45.574648111002716,0.366187123252484,0.3343235310329951,0.3904042138582492,0.05608068282525408
hybrid_150_diverse_100,000000000000000005de,built_loss,test_site,100,100,91.16980167302292,79.44322267035975,79.44322267035975,0.43730142997731175,0.4159212858984758,0.4555285687806393,0.039607282882163475
hybrid_150_diverse_100,000000000000000005e7,built_loss,test_site,100,100,89.39801428698277,90.39635213486207,89.39801428698277,0.6285747979740618,0.5573583222696447,0.6667031055794,0.10934478330975539
hybrid_150_diverse_100,000000000000000005f9,built_loss,test_site,100,85,91.8898196725714,58.93247775986134,58.93247775986134,0.6174772231144894,0.5417756957002225,0.6504350604277296,0.10865936472750704
hybrid_150_diverse_100,0000000000000000061c,built_loss,test_site,100,80,91.47741628288348,62.41303960032615,62.41303960032615,0.45457846878098535,0.4160029679686881,0.49968541702561176,0.08368244905692368
hybrid_150_diverse_100,00000000000000000624,built_loss,test_site,100,29,85.67026929323642,18.2760770514484,18.2760770514484,0.5224404901594629,0.4429093306059824,0.5711205168006943,0.1282111861947119
hybrid_150_diverse_100,00000000000000000626,built_loss,test_site,100,100,93.20955499255146,80.27893253257267,80.27893253257267,0.5019112046771813,0.4783774748155455,0.5217221995416254,0.043344724726079864
hybrid_150_diverse_100,0000000000000000062a,built_loss,test_site,100,100,89.82089629408519,87.30143754719569,87.30143754719569,0.5613634455108978,0.5295193148064762,0.5926638592077725,0.06314454440129635
hybrid_150_diverse_100,00000000000000000636,built_loss,test_site,100,90,90.89695696331691,70.47145334654657,70.47145334654657,0.4841922954152919,0.4078634374544047,0.5541566505212758,0.14629321306687115
hybrid_150_diverse_100,0000000000000000064a,built_loss,test_site,100,20,94.13451109853719,12.478327562113504,12.478327562113504,0.3115578317779442,0.2932178873527804,0.34052507118074804,0.047307183827967614
hybrid_150_diverse_100,0000000000000000064d,built_loss,test_site,100,66,92.31654486749046,52.52942408769426,52.52942408769426,0.411489268460006,0.3856533366332272,0.4656846609955255,0.08003132436229832
hybrid_150_diverse_100,00000000000000000694,built_loss,test_site,100,100,92.14260953778731,75.83957567782423,75.83957567782423,0.3926059220635906,0.37066282632580244,0.408544210845091,0.037881384519288575
hybrid_150_diverse_100,0000000000000000069d,built_loss,test_site,100,100,90.67960610816917,88.92274991950671,88.92274991950671,0.6395311869859244,0.5912062018375567,0.6724642483573992,0.08125804651984248
hybrid_150_diverse_100,000000000000000006b7,built_loss,test_site,100,100,90.98665670437167,78.20184377981208,78.20184377981208,0.4652402180286081,0.4444889843280784,0.49829844974904564,0.05380946542096726
hybrid_150_diverse_100,000000000000000006df,built_loss,test_site,100,64,90.16322879995762,49.915197533245255,49.915197533245255,0.3512172133382583,0.28376193167275016,0.4212917028521695,0.13752977117941934
hybrid_150_diverse_100,000000000000000006e3,built_loss,test_site,100,98,90.65795934206723,78.74608408584855,78.74608408584855,0.4464765902894582,0.41151069508070304,0.5013742926252169,0.0898635975445139
hybrid_150_diverse_100,00000000000000000011,crop_loss,test_site,100,100,92.68325763252649,88.73082126419541,88.73082126419541,0.529550118354755,0.4470616732159088,0.7683743559656246,0.32131268274971586
hybrid_150_diverse_100,0000000000000000002b,crop_loss,test_site,100,100,92.84995581131659,91.56945833258257,91.56945833258257,0.23784078061764266,0.15508712149403958,0.29659256363178366,0.14150544213774408
hybrid_150_diverse_100,0000000000000000002d,crop_loss,test_site,100,100,91.63726086736123,90.41335901871281,90.41335901871281,0.48286597973169715,0.4395467456051344,0.5164238890577812,0.07687714345264685
hybrid_150_diverse_100,0000000000000000003a,crop_loss,test_site,100,100,89.06173848242383,94.20191546196675,89.06173848242383,0.26001737842667855,0.2255606668906619,0.3047713415978192,0.07921067470715731
hybrid_150_diverse_100,0000000000000000009b,crop_loss,test_site,100,76,85.26982534873258,58.37698675773666,58.37698675773666,0.49938526527379956,0.4861504713221084,0.5117135690168894,0.025563097694780934
hybrid_150_diverse_100,0000000000000000009d,crop_loss,test_site,100,28,93.82428387907304,23.28267967935209,23.28267967935209,0.4122161298936073,0.330121222594431,0.4535580532034918,0.1234368306090608
hybrid_150_diverse_100,000000000000000000a8,crop_loss,test_site,100,100,95.50754707061594,83.82541115550411,83.82541115550411,0.21580493478875193,0.19752144591845255,0.2296491817481343,0.03212773582968176
hybrid_150_diverse_100,000000000000000000da,crop_loss,test_site,100,100,77.4882393011721,91.91031128929922,77.4882393011721,0.7067689217312969,0.668059361322238,0.7408287134099031,0.0727693520876651
hybrid_150_diverse_100,000000000000000000e3,crop_loss,test_site,100,100,89.60457350219146,91.24177392193988,89.60457350219146,0.476245591210231,0.4280911045932389,0.5141459220464139,0.08605481745317495
hybrid_150_diverse_100,000000000000000000e9,crop_loss,test_site,100,34,91.82318750546986,23.996949070848302,23.996949070848302,0.3484354584828729,0.2950230435847324,0.42780318859406596,0.13278014500933355
hybrid_150_diverse_100,0000000000000000011b,crop_loss,test_site,100,100,95.55676818855655,83.28094599572442,83.28094599572442,0.4741110939246404,0.4453439713779155,0.49222510652623425,0.046881135148318764
hybrid_150_diverse_100,00000000000000000128,crop_loss,test_site,100,100,82.71060733207426,88.02361934633109,82.71060733207426,0.5430731079692561,0.5271695683701285,0.5583619180268911,0.03119234965676254
hybrid_150_diverse_100,00000000000000000192,crop_loss,test_site,100,100,91.89937043956144,91.15261885001846,91.15261885001846,0.5439373885213533,0.525494927790542,0.5643823899585068,0.03888746216796479
hybrid_150_diverse_100,00000000000000000196,crop_loss,test_site,100,71,94.82241291838528,59.726074037063,59.726074037063,0.2677218671275406,0.24376704994269593,0.3153960787154037,0.07162902877270777
hybrid_150_diverse_100,000000000000000001a6,crop_loss,test_site,100,100,91.5362430328127,86.32912267025841,86.32912267025841,0.3021588650710957,0.25240778098839867,0.34504253120143163,0.09263475021303297
hybrid_150_diverse_100,000000000000000001e4,crop_loss,test_site,100,100,85.55747518882703,92.50778322834276,85.55747518882703,0.4803515000790394,0.44940694813356574,0.5028658126449869,0.05345886451142112
hybrid_150_diverse_100,000000000000000001f9,crop_loss,test_site,100,100,91.81048779205265,90.16128160384305,90.16128160384305,0.5947242656542615,0.43627659772591554,0.7241826451562555,0.28790604743034
hybrid_150_diverse_100,00000000000000000228,crop_loss,test_site,100,98,90.61544817987804,77.95077099097661,77.95077099097661,0.4914855180204662,0.43177286566997364,0.5444913517538664,0.11271848608389279
hybrid_150_diverse_100,0000000000000000028c,crop_loss,test_site,100,24,88.9424343176902,21.950033922194365,21.950033922194365,0.36919527345606545,0.2895043966230345,0.5103873711942765,0.22088297457124195
hybrid_150_diverse_100,0000000000000000028d,crop_loss,test_site,100,84,91.49536804115807,73.2887932260017,73.2887932260017,0.6135670959606728,0.5792576811714744,0.6535947967321172,0.07433711556064282
hybrid_150_diverse_100,00000000000000000291,crop_loss,test_site,100,72,89.9145925168423,53.37872946043384,53.37872946043384,0.8726177942783133,0.8397997294626315,0.8919439675609845,0.052144238098353
hybrid_150_diverse_100,000000000000000002c5,crop_loss,test_site,100,100,92.31847050072724,81.84133539882721,81.84133539882721,0.28188247841904585,0.23895746857996444,0.3223101906787429,0.08335272209877845
hybrid_150_diverse_100,000000000000000002dc,crop_loss,test_site,100,100,90.33076933003662,92.4629413813946,90.33076933003662,0.5977252659811131,0.5607765098938643,0.6435331050975723,0.08275659520370804
hybrid_150_diverse_100,000000000000000002e4,crop_loss,test_site,100,100,88.84441542830115,93.54422849630224,88.84441542830115,0.32998851653478345,0.2671615394241444,0.3698298568287393,0.10266831740459492
hybrid_150_diverse_100,000000000000000002ec,crop_loss,test_site,100,100,94.03575887272551,91.9731817871624,91.9731817871624,0.5152859200613729,0.4687078325243257,0.5460876967387513,0.07737986421442566
hybrid_150_diverse_100,00000000000000000314,crop_loss,test_site,100,100,94.67869353633218,81.38864642574279,81.38864642574279,0.13725590811691737,0.09627241641655603,0.1773003365157587,0.08102792009920266
hybrid_150_diverse_100,00000000000000000335,crop_loss,test_site,100,100,94.52446558035285,93.11211992420623,93.11211992420623,0.43460691109735555,0.3540797312697902,0.4852444363701294,0.13116470510033917
hybrid_150_diverse_100,0000000000000000033a,crop_loss,test_site,100,100,87.21808542722441,90.26970889250919,87.21808542722441,0.5196878663394171,0.4848622040059659,0.5632321982569279,0.07836999425096203
hybrid_150_diverse_100,000000000000000003b0,crop_loss,test_site,100,100,87.35944031830918,92.11643517168801,87.35944031830918,0.2654949847847707,0.23160223796155668,0.30943510217384934,0.07783286421229266
hybrid_150_diverse_100,000000000000000003c8,crop_loss,test_site,100,100,90.91287461324409,86.59033100472023,86.59033100472023,0.251628248080431,0.22153138626711222,0.2857456566837686,0.0642142704166564
hybrid_150_diverse_100,000000000000000003f1,crop_loss,test_site,100,100,91.80105356910123,90.34278557026055,90.34278557026055,0.4344363117190541,0.4115116464562528,0.4663771734299186,0.05486552697366576
hybrid_150_diverse_100,000000000000000003f2,crop_loss,test_site,100,100,88.81423728075285,86.7862350114376,86.7862350114376,0.45423924754384637,0.41983339620674137,0.4858955027190901,0.06606210651234873
hybrid_150_diverse_100,0000000000000000044b,crop_loss,test_site,100,58,90.66007073320014,39.580850946851555,39.580850946851555,0.5948241761109515,0.5663932830731668,0.6328478689108231,0.06645458583765629
hybrid_150_diverse_100,0000000000000000046c,crop_loss,test_site,100,100,91.23261478953874,92.03686578339202,91.23261478953874,0.5189509107258371,0.45316650048102064,0.5688166436555167,0.11565014317449601
hybrid_150_diverse_100,00000000000000000480,crop_loss,test_site,100,50,93.10952881190579,35.47764109100692,35.47764109100692,0.6018830266249476,0.4890825351206099,0.7430999982653858,0.25401746314477586
hybrid_150_diverse_100,00000000000000000483,crop_loss,test_site,100,53,92.39850160383787,41.45941267788277,41.45941267788277,0.7086281853720117,0.642335820465305,0.7557422076107804,0.11340638714547535
hybrid_150_diverse_100,00000000000000000485,crop_loss,test_site,100,100,90.87033952315178,92.7058617885206,90.87033952315178,0.6639819178486169,0.6417899497858235,0.6940143373008866,0.052224387515063087
hybrid_150_diverse_100,00000000000000000497,crop_loss,test_site,100,100,93.14777773879709,86.25774854237137,86.25774854237137,0.2643038978167707,0.22207335452409557,0.3017159644052717,0.07964260988117614
hybrid_150_diverse_100,0000000000000000049b,crop_loss,test_site,100,100,91.91165637776805,87.48516051008193,87.48516051008193,0.3521996384555084,0.32331301992027645,0.37771785085289744,0.054404830932620996
hybrid_150_diverse_100,000000000000000004a1,crop_loss,test_site,100,100,89.36960061232618,90.33373716323165,89.36960061232618,0.384337564242001,0.3466281820349965,0.433408077432338,0.08677989539734149
hybrid_150_diverse_100,000000000000000004e7,crop_loss,test_site,100,88,93.15832345181148,68.82205937844519,68.82205937844519,0.5035290670590885,0.47435343789257595,0.5186550471192823,0.044301609226706395
hybrid_150_diverse_100,000000000000000004e9,crop_loss,test_site,100,75,94.69116229639513,55.213109444371405,55.213109444371405,0.2935399072262471,0.26137532040911904,0.36201981432161,0.10064449391249097
hybrid_150_diverse_100,000000000000000004ee,crop_loss,test_site,100,87,92.52997677653501,65.08575584743411,65.08575584743411,0.3567783153433171,0.25855722346836063,0.4628946347324497,0.20433741126408905
hybrid_150_diverse_100,000000000000000004f9,crop_loss,test_site,100,100,89.85630407910786,86.79140800187277,86.79140800187277,0.29922289853512307,0.2599311775103717,0.34506611916624863,0.08513494165587693
hybrid_150_diverse_100,00000000000000000517,crop_loss,test_site,100,100,91.24655204847433,78.7210493472648,78.7210493472648,0.27014862573505194,0.207411442200225,0.30706280719227935,0.09965136499205435
hybrid_150_diverse_100,00000000000000000538,crop_loss,test_site,100,1,90.32029083788368,1.0,1.0,0.2740846197886609,0.25513278540097606,0.29740772793782666,0.0422749425368506
hybrid_150_diverse_100,0000000000000000057e,crop_loss,test_site,100,25,90.3189819613175,21.169818573171273,21.169818573171273,0.49659746396272053,0.46138407033206286,0.5364837975099995,0.07509972717793667
hybrid_150_diverse_100,000000000000000005d1,crop_loss,test_site,100,77,94.36963043095275,55.04468107674622,55.04468107674622,0.2795962428558452,0.23098421894236035,0.3339324199379299,0.10294820099556953
hybrid_150_diverse_100,00000000000000000611,crop_loss,test_site,100,100,91.49202956916284,90.66998674394029,90.66998674394029,0.6340085093281583,0.5991253500997084,0.6847580254968771,0.08563267539716879
hybrid_150_diverse_100,0000000000000000062f,crop_loss,test_site,100,100,88.1712339264271,87.62133705537315,87.62133705537315,0.4333103448125941,0.3629873211979206,0.49163278010817363,0.12864545891025303
hybrid_150_diverse_100,00000000000000000632,crop_loss,test_site,100,57,91.99943413760478,43.51625263907954,43.51625263907954,0.09188809196606064,0.07317629577371276,0.14242609687933236,0.0692498011056196
hybrid_150_diverse_100,0000000000000000063e,crop_loss,test_site,100,100,87.42134818143843,93.38015042272262,87.42134818143843,0.30861040038910625,0.2694627327851842,0.35168272663810857,0.08221999385292439
hybrid_150_diverse_100,00000000000000000655,crop_loss,test_site,100,100,88.20686057999885,82.51305813554602,82.51305813554602,0.4613101981002666,0.343738260229011,0.5019226082359368,0.15818434800692582
hybrid_150_diverse_100,00000000000000000697,crop_loss,test_site,100,100,91.28591513040942,96.67558140184228,91.28591513040942,0.56333269448056,0.522578413393882,0.5962029547105538,0.07362454131667184
hybrid_150_diverse_100,00000000000000000698,crop_loss,test_site,76,100,56.51031840822444,94.24572945765162,56.51031840822444,0.42131909953163693,0.3824594683660966,0.4547129277745874,0.07225345940849076
hybrid_150_diverse_100,000000000000000006a8,crop_loss,test_site,100,100,91.27415312904026,92.80620356058321,91.27415312904026,0.3243796663630046,0.29305797880609075,0.3606250310035456,0.06756705219745485
hybrid_150_diverse_100,000000000000000006b4,crop_loss,test_site,100,100,86.54719884058525,93.27426057625833,86.54719884058525,0.4469618235632553,0.3794089509004694,0.5019989842338557,0.1225900333333863
hybrid_150_diverse_100,000000000000000006be,crop_loss,test_site,100,71,88.55355518535035,53.78958505107968,53.78958505107968,0.38878180453913197,0.35236008620636067,0.42851435079561845,0.07615426458925778
hybrid_150_diverse_100,000000000000000006c0,crop_loss,test_site,100,15,93.698705312673,9.554458440457777,9.554458440457777,0.24349365203336312,0.19007763512767847,0.527990453781811,0.3379128186541325
hybrid_150_diverse_100,000000000000000006ce,crop_loss,test_site,100,100,94.3795517141679,76.11559354012512,76.11559354012512,0.5286928525988569,0.4641066899694297,0.6030056895368455,0.1388989995674158
hybrid_150_diverse_100,000000000000000006d9,crop_loss,test_site,100,100,84.66508598387198,94.10847033868377,84.66508598387198,0.22637669892610768,0.2015377760881595,0.25732802441527075,0.05579024832711124
hybrid_150_diverse_100,000000000000000006e5,crop_loss,test_site,100,100,88.44655747608165,95.19413328147168,88.44655747608165,0.4878363245065796,0.4379387227416075,0.5317066055992696,0.09376788285766213
hybrid_150_diverse_100,00000000000000000151,built_loss,test_site,100,57,91.76996673122203,46.956678862964885,46.956678862964885,0.2896417682515705,0.2610883327983253,0.32970573790961716,0.06861740511129188
hybrid_150_diverse_100,000000000000000001be,built_loss,test_site,100,14,90.55458411460735,13.271265254265037,13.271265254265037,0.3990730279215559,0.3586806925279849,0.5298200343472821,0.17113934181929719
hybrid_150_diverse_100,0000000000000000034d,built_loss,test_site,100,29,95.39441234495129,21.855901373676694,21.855901373676694,0.40241619362271286,0.3649146784401527,0.46233767740120324,0.09742299896105056
hybrid_150_diverse_100,000000000000000003c7,crop_loss,test_site,100,82,90.91797744672837,69.34070109577482,69.34070109577482,0.6564632492382094,0.5997280736556441,0.709428761845332,0.10970068818968792
hybrid_150_diverse_100,0000000000000000004a,built_loss,test_site,100,52,95.01410019976278,33.87244912741446,33.87244912741446,0.44451629848161356,0.4317355322911979,0.46289865356838333,0.031163121277185457
hybrid_150_diverse_100,00000000000000000206,built_loss,test_site,100,100,89.0460050352509,89.84417019731002,89.0460050352509,0.6326995982885234,0.6026346950442261,0.7010564780987693,0.09842178305454319
hybrid_150_diverse_100,000000000000000002a4,built_loss,test_site,100,53,92.97355234097698,38.151413739680706,38.151413739680706,0.38633694265114266,0.35732066238025517,0.4225923914499211,0.06527172906966594
hybrid_150_diverse_100,000000000000000004f5,built_loss,test_site,100,47,90.68399960166153,29.28507947165373,29.28507947165373,0.5200710834315481,0.47985225725226244,0.5665952307327966,0.08674297348053417
hybrid_150_diverse_100,000000000000000002cc,crop_loss,test_site,100,84,94.70806689374079,61.40449165260453,61.40449165260453,0.3539388042088689,0.2787466290256463,0.45098895366727626,0.17224232464162997
hybrid_150_diverse_100,000000000000000006cc,crop_loss,test_site,91,100,71.59753435094287,91.91865988856729,71.59753435094287,0.3709332809152723,0.3358566576304719,0.39473625314776367,0.05887959551729177
hybrid_150_diverse_100,0000000000000000016c,crop_loss,test_site,100,100,88.18476381240961,90.16415914753836,88.18476381240961,0.46551729948353743,0.39471247616199884,0.5060617371427555,0.11134926098075665
hybrid_300_diverse_100,00000000000000000085,built_loss,test_site,92,36,91.46328575254284,35.73010038552875,35.73010038552875,0.36032723188828875,0.31149740610299775,0.4107631737256641,0.09926576762266637
hybrid_300_diverse_100,00000000000000000114,built_loss,test_site,63,60,62.62610558284995,59.433875996622525,59.433875996622525,0.6317032706168474,0.5808948374902203,0.6860587920757683,0.10516395458554795
hybrid_300_diverse_100,0000000000000000024c,built_loss,test_site,91,52,90.53570120923688,51.57538921572539,51.57538921572539,0.6701641145960772,0.6377053020471599,0.7172894860559489,0.07958418400878897
hybrid_300_diverse_100,00000000000000000375,built_loss,test_site,68,70,67.55634016615727,69.69189512871407,67.55634016615727,0.6491852540250936,0.6049279741699213,0.6791256354446857,0.07419766127476446
hybrid_300_diverse_100,000000000000000004d2,built_loss,test_site,86,56,85.57161810297787,55.535674757055844,55.535674757055844,0.6031915126514529,0.5467589574704592,0.6427786049804051,0.09601964750994585
hybrid_300_diverse_100,000000000000000005bd,built_loss,test_site,78,7,77.64602922107527,6.904442499188084,6.904442499188084,0.5662078210932119,0.47916159321222007,0.6826855999997753,0.20352400678755522
hybrid_300_diverse_100,00000000000000000281,crop_loss,test_site,79,96,78.55068781750884,95.24874785267983,78.55068781750884,0.5193550465154781,0.47491848174202056,0.5427449359106337,0.0678264541686131
hybrid_300_diverse_100,000000000000000003a2,crop_loss,test_site,59,88,58.63998459545016,87.44697278041335,58.63998459545016,0.33216151397752036,0.27321315703722227,0.36737316543469356,0.0941600083974713
hybrid_300_diverse_100,00000000000000000001,built_loss,test_site,100,55,99.4339406032622,54.79638644229667,54.79638644229667,0.43588021458818893,0.41299301995034504,0.4894279387652702,0.07643491881492515
hybrid_300_diverse_100,00000000000000000049,built_loss,test_site,85,15,84.6694847161811,14.967841983169219,14.967841983169219,0.4103800866178183,0.38450036897858886,0.4847560778264448,0.10025570884785595
hybrid_300_diverse_100,0000000000000000004f,built_loss,test_site,100,73,99.42705551014356,72.75398121339008,72.75398121339008,0.41369637345656246,0.3404817558585653,0.4833629711659278,0.14288121530736247
hybrid_300_diverse_100,0000000000000000005a,built_loss,test_site,97,57,96.4766463952469,56.74267108435076,56.74267108435076,0.4249144519142019,0.406253763768556,0.44996413351861414,0.04371036975005815
hybrid_300_diverse_100,00000000000000000079,built_loss,test_site,96,88,95.7207415556771,87.688615659161,87.688615659161,0.5986201254974093,0.5656975619204865,0.6625076381443938,0.09681007622390736
hybrid_300_diverse_100,00000000000000000087,built_loss,test_site,100,90,99.50695988662812,89.24879535932955,89.24879535932955,0.5753994372983511,0.49304492661544586,0.6259213843492883,0.1328764577338425
hybrid_300_diverse_100,000000000000000000a1,built_loss,test_site,100,19,99.63603065896311,18.874825579784726,18.874825579784726,0.46440225019676834,0.3637148044406544,0.5053521478952884,0.14163734345463397
hybrid_300_diverse_100,000000000000000000b8,built_loss,test_site,100,21,99.5752018685994,20.627781587909762,20.627781587909762,0.5849163363056098,0.3889738210357885,0.6654692272193877,0.27649540618359925
hybrid_300_diverse_100,000000000000000000c0,built_loss,test_site,73,72,72.54269931332274,71.47546984853673,71.47546984853673,0.6233470852262938,0.5792865259663275,0.6562202705820307,0.07693374461570324
hybrid_300_diverse_100,000000000000000000e2,built_loss,test_site,100,39,99.52420893583331,38.82135848479964,38.82135848479964,0.39154320249005337,0.3442783657025822,0.4597786680887579,0.1155003023861757
hybrid_300_diverse_100,000000000000000000f0,built_loss,test_site,100,63,99.68521862001077,62.45465553300853,62.45465553300853,0.6320225940507949,0.5760271937577196,0.6951654057481048,0.11913821199038521
hybrid_300_diverse_100,000000000000000000f8,built_loss,test_site,100,88,99.67757723083196,87.46984897235156,87.46984897235156,0.5320679936790392,0.4904122292518601,0.5683117754419247,0.07789954619006456
hybrid_300_diverse_100,0000000000000000011c,built_loss,test_site,100,25,99.53173762906876,24.898516215969206,24.898516215969206,0.5256779664347992,0.4849358462733067,0.6450165504948115,0.16008070422150483
hybrid_300_diverse_100,00000000000000000161,built_loss,test_site,95,73,94.63606416435411,72.60844747861785,72.60844747861785,0.6653269643941512,0.6265998419391612,0.7007357361510825,0.07413589421192135
hybrid_300_diverse_100,0000000000000000016a,built_loss,test_site,100,20,99.5130279257738,19.816229218309655,19.816229218309655,0.2892021027752992,0.2314376953515277,0.3412470507308222,0.10980935537929448
hybrid_300_diverse_100,00000000000000000176,built_loss,test_site,100,63,99.53676318036062,62.565101877324196,62.565101877324196,0.6208858817728212,0.5449229673339743,0.6466074905724886,0.10168452323851429
hybrid_300_diverse_100,000000000000000001a8,built_loss,test_site,95,90,94.55641930717532,89.54251918504566,89.54251918504566,0.5188322219515638,0.4906622139124038,0.5680618988956694,0.0773996849832656
hybrid_300_diverse_100,000000000000000001cd,built_loss,test_site,85,100,84.58102778033883,99.52442843145813,84.58102778033883,0.7246814154273904,0.6557129063538274,0.7667042628694815,0.11099135651565406
hybrid_300_diverse_100,000000000000000001e5,built_loss,test_site,62,38,61.622457247063565,37.69556618116577,37.69556618116577,0.555853358664935,0.4792291230348186,0.6033775637504436,0.12414844071562497
hybrid_300_diverse_100,00000000000000000209,built_loss,test_site,100,96,99.5205933068802,95.42963488725633,95.42963488725633,0.5858279601338284,0.5526377075756329,0.6411755769966744,0.08853786942104147
hybrid_300_diverse_100,00000000000000000231,built_loss,test_site,100,90,99.49887671619074,89.50385172076003,89.50385172076003,0.5400030151030575,0.49880417013076606,0.5817115878764042,0.08290741774563815
hybrid_300_diverse_100,0000000000000000026d,built_loss,test_site,99,53,98.62164148811979,52.660035988467264,52.660035988467264,0.5909795237655527,0.5511547467005118,0.6394287771938323,0.0882740304933205
hybrid_300_diverse_100,00000000000000000278,built_loss,test_site,73,78,72.58018920531006,77.63622584999591,72.58018920531006,0.7332384625510143,0.6890826833551622,0.7819166695383163,0.09283398618315408
hybrid_300_diverse_100,00000000000000000293,built_loss,test_site,74,71,73.43166474896312,70.73493618197261,70.73493618197261,0.4591520050980451,0.41101851977962883,0.5257989966959857,0.1147804769163569
hybrid_300_diverse_100,00000000000000000316,built_loss,test_site,100,4,99.49199913457842,3.9453449314855495,3.9453449314855495,0.10180836042771459,0.03762175828153323,0.18816308082403374,0.15054132254250052
hybrid_300_diverse_100,00000000000000000356,built_loss,test_site,77,79,76.47903049009828,78.5618215827028,76.47903049009828,0.5438760172797482,0.4627682054553316,0.6086416085132512,0.14587340305791963
hybrid_300_diverse_100,00000000000000000362,built_loss,test_site,100,82,99.54448912658098,81.50530078696052,81.50530078696052,0.5493176046683632,0.5168539804189619,0.588421061979314,0.07156708156035207
hybrid_300_diverse_100,00000000000000000363,built_loss,test_site,100,45,99.67098681067812,44.701433725957344,44.701433725957344,0.2439567902490742,0.20722383506749611,0.29205560368078254,0.08483176861328642
hybrid_300_diverse_100,00000000000000000364,built_loss,test_site,79,100,78.6370268571256,99.59747012494478,78.6370268571256,0.5873535335576335,0.5381128464917085,0.6313585769407961,0.09324573044908757
hybrid_300_diverse_100,00000000000000000380,built_loss,test_site,100,62,99.51071628671951,61.78305584314501,61.78305584314501,0.4876719704304794,0.4673639871607274,0.5302009753251598,0.06283698816443234
hybrid_300_diverse_100,00000000000000000384,built_loss,test_site,89,38,88.59484867331892,37.52820666081324,37.52820666081324,0.5842504336176357,0.5371301082965475,0.6158092622034373,0.07867915390688984
hybrid_300_diverse_100,0000000000000000039e,built_loss,test_site,100,29,99.57214304953867,28.838834125089097,28.838834125089097,0.4693547078940021,0.41785069456880647,0.5286441747779799,0.1107934802091734
hybrid_300_diverse_100,000000000000000003a1,built_loss,test_site,85,41,84.66944928391355,40.65682322916298,40.65682322916298,0.6353086022739511,0.5637174229330342,0.6656187739671828,0.10190135103414866
hybrid_300_diverse_100,000000000000000003a5,built_loss,test_site,100,45,99.75386013326408,44.54053143996397,44.54053143996397,0.4536901974732536,0.3942545830992081,0.5263373675004659,0.1320827844012578
hybrid_300_diverse_100,000000000000000003b7,built_loss,test_site,100,42,99.61152817292275,41.761874562718795,41.761874562718795,0.49726009887261174,0.4538109042469596,0.5102747919651486,0.056463887718189
hybrid_300_diverse_100,000000000000000003bf,built_loss,test_site,87,82,86.53072836769174,81.77250876822413,81.77250876822413,0.5615700360685016,0.5194489326479501,0.5781194558128147,0.05867052316486454
hybrid_300_diverse_100,000000000000000003d2,built_loss,test_site,87,90,86.60855696699714,89.6324521578585,86.60855696699714,0.615797957109139,0.5622554349300689,0.6676372717099136,0.1053818367798447
hybrid_300_diverse_100,000000000000000003f8,built_loss,test_site,100,15,99.63973369215465,14.857370644780332,14.857370644780332,0.23963953429814236,0.18362010541375842,0.27660813781501814,0.09298803240125972
hybrid_300_diverse_100,000000000000000003fa,built_loss,test_site,83,89,82.54227502011764,88.59878159504214,82.54227502011764,0.44629581735352797,0.3975442014954154,0.47347526944091,0.07593106794549459
hybrid_300_diverse_100,00000000000000000407,built_loss,test_site,80,98,79.5915874945543,97.68494820311145,79.5915874945543,0.5753705550029298,0.5149464668447988,0.6063474088098137,0.09140094196501491
hybrid_300_diverse_100,0000000000000000040f,built_loss,test_site,70,53,69.72378505919033,52.458788385105024,52.458788385105024,0.5234835009531416,0.5039647037256151,0.5412987401722946,0.03733403644667954
hybrid_300_diverse_100,00000000000000000426,built_loss,test_site,63,69,62.642386277636156,68.70588332059498,62.642386277636156,0.5564242737109636,0.5267408953737525,0.5913480008414975,0.06460710546774506
hybrid_300_diverse_100,0000000000000000042b,built_loss,test_site,100,67,99.60226321375981,66.56632807886362,66.56632807886362,0.5677639292189733,0.5351229633938288,0.6017412852600984,0.06661832186626959
hybrid_300_diverse_100,00000000000000000442,built_loss,test_site,100,8,99.55864405161743,7.924502979188697,7.924502979188697,0.3980018060524651,0.2206800751415382,0.581641987134438,0.36096191199289984
hybrid_300_diverse_100,00000000000000000465,built_loss,test_site,92,91,91.557940026763,90.42799287438899,90.42799287438899,0.6056743907611057,0.5668975153289568,0.6400384021032001,0.07314088677424324
hybrid_300_diverse_100,0000000000000000047e,built_loss,test_site,100,50,99.6237267964592,49.70619599311733,49.70619599311733,0.525439103593758,0.49947419699092405,0.564165071706583,0.06469087471565899
hybrid_300_diverse_100,00000000000000000490,built_loss,test_site,100,94,99.43525384146386,93.59876517226645,93.59876517226645,0.6288881387858515,0.593755336338044,0.6560216483885388,0.06226631205049482
hybrid_300_diverse_100,000000000000000004c0,built_loss,test_site,95,71,94.60532157619396,70.61275666306811,70.61275666306811,0.6358125867480573,0.6057230465552664,0.6710877294147756,0.06536468285950914
hybrid_300_diverse_100,000000000000000004c5,built_loss,test_site,85,26,84.3968952224559,25.79051586371886,25.79051586371886,0.5563261938281379,0.46959579143210634,0.6118760795984718,0.14228028816636545
hybrid_300_diverse_100,000000000000000004d9,built_loss,test_site,100,78,99.49413605678494,77.49522838711724,77.49522838711724,0.5490236571870027,0.5184803757423873,0.5831636388083864,0.06468326306599914
hybrid_300_diverse_100,000000000000000004eb,built_loss,test_site,95,83,94.30622725303887,82.51523429410578,82.51523429410578,0.4441452079283198,0.4092362860384001,0.4699934328594394,0.060757146821039276
hybrid_300_diverse_100,000000000000000004f7,built_loss,test_site,97,24,96.47916366782553,23.769709106368044,23.769709106368044,0.4707374427633276,0.42738408868669886,0.5160932272377087,0.08870913855100981
hybrid_300_diverse_100,000000000000000004fe,built_loss,test_site,100,33,99.68400135661317,32.653166163183236,32.653166163183236,0.49518264672485535,0.47137912503765467,0.529546277826974,0.05816715278931939
hybrid_300_diverse_100,0000000000000000051d,built_loss,test_site,100,44,99.56019222545812,43.830926607380384,43.830926607380384,0.46010806015175376,0.37373530812352995,0.5642334782909445,0.19049817016741455
hybrid_300_diverse_100,00000000000000000559,built_loss,test_site,94,80,93.62008601604408,79.4596443925115,79.4596443925115,0.653293339915111,0.6080701784426588,0.7161200512286907,0.10804987278603195
hybrid_300_diverse_100,00000000000000000576,built_loss,test_site,100,20,99.6777954886277,19.794121991563305,19.794121991563305,0.2820248336943299,0.19465054447858118,0.33460943655914016,0.13995889208055898
hybrid_300_diverse_100,00000000000000000577,built_loss,test_site,100,23,99.52932894348635,22.73814027324234,22.73814027324234,0.42719641358434773,0.3177469439806785,0.5559501792673451,0.23820323528666665
hybrid_300_diverse_100,0000000000000000057f,built_loss,test_site,79,7,78.50010288441938,6.947067791309987,6.947067791309987,0.36141627782176355,0.27333405184746534,0.48590193912438145,0.2125678872769161
hybrid_300_diverse_100,00000000000000000594,built_loss,test_site,100,47,99.48814372468719,46.851798141412786,46.851798141412786,0.5123958070418368,0.4186573336769504,0.5876174435166385,0.16896010983968807
hybrid_300_diverse_100,000000000000000005ad,built_loss,test_site,100,70,99.70935580723932,69.46856542332912,69.46856542332912,0.6482550637168808,0.5797576593713578,0.6869263897092877,0.10716873033792984
hybrid_300_diverse_100,000000000000000005bf,built_loss,test_site,99,55,98.5462637154894,54.68602897173373,54.68602897173373,0.4046814036566895,0.36802659330191984,0.44160497306012436,0.07357837975820453
hybrid_300_diverse_100,000000000000000005cc,built_loss,test_site,70,32,69.57990437505376,31.752334833650036,31.752334833650036,0.3684210294772456,0.313320366661909,0.40562205504890175,0.09230168838699276
hybrid_300_diverse_100,000000000000000005de,built_loss,test_site,89,59,88.54396344146656,58.72865793113026,58.72865793113026,0.4153928139712096,0.37836331664032635,0.4333430034137923,0.05497968677346593
hybrid_300_diverse_100,000000000000000005e7,built_loss,test_site,81,95,80.54876650943562,94.41979361519486,80.54876650943562,0.6007931556153591,0.5256728119629962,0.6700471328630745,0.1443743209000783
hybrid_300_diverse_100,000000000000000005f9,built_loss,test_site,100,30,99.6569363192763,29.831956332437,29.831956332437,0.6010274524430239,0.49934584162445567,0.6802901100882983,0.18094426846384265
hybrid_300_diverse_100,0000000000000000061c,built_loss,test_site,100,41,99.60659081410122,40.78368014090011,40.78368014090011,0.42000247324976175,0.38844956807307374,0.4815043544938465,0.09305478642077275
hybrid_300_diverse_100,00000000000000000624,built_loss,test_site,82,11,81.61432438809251,10.972715423246663,10.972715423246663,0.4730171874514418,0.30309241190851605,0.5468029829668717,0.24371057105835564
hybrid_300_diverse_100,00000000000000000626,built_loss,test_site,91,57,90.65949214735559,56.591633547651256,56.591633547651256,0.48776273550525834,0.4620208299288005,0.5160267342224327,0.05400590429363222
hybrid_300_diverse_100,0000000000000000062a,built_loss,test_site,90,74,89.50775685234063,73.41454321409942,73.41454321409942,0.5365372116767576,0.4698337404491871,0.5916157115459455,0.12178197109675842
hybrid_300_diverse_100,00000000000000000636,built_loss,test_site,100,45,99.49799589470607,44.85958074225504,44.85958074225504,0.43237339537377,0.34175217362782123,0.5154163595886481,0.17366418596082683
hybrid_300_diverse_100,0000000000000000064a,built_loss,test_site,100,6,99.70749927753214,5.966129853022534,5.966129853022534,0.2816787114083467,0.16281521092633597,0.33021437156978334,0.16739916064344737
hybrid_300_diverse_100,0000000000000000064d,built_loss,test_site,100,40,99.41710303171365,39.73724188819909,39.73724188819909,0.390645019367561,0.34162239897017155,0.42788983975831024,0.0862674407881387
hybrid_300_diverse_100,00000000000000000694,built_loss,test_site,100,54,99.35839310071087,53.66354812846501,53.66354812846501,0.3736186008080034,0.34144764891714574,0.4062942913821947,0.06484664246504895
hybrid_300_diverse_100,0000000000000000069d,built_loss,test_site,89,82,88.39987936213699,81.66576117743438,81.66576117743438,0.6341700718215184,0.5884114132569611,0.6733154508281806,0.08490403757121945
hybrid_300_diverse_100,000000000000000006b7,built_loss,test_site,98,52,97.57680450023247,51.564186051988656,51.564186051988656,0.46759004067821774,0.44474014005404783,0.49751122019945787,0.05277108014541004
hybrid_300_diverse_100,000000000000000006df,built_loss,test_site,98,36,97.71534707292686,35.762264482272336,35.762264482272336,0.2346746738047188,0.19907232101542446,0.2880296393274437,0.08895731831201922
hybrid_300_diverse_100,000000000000000006e3,built_loss,test_site,97,57,96.37831250943488,56.719703547539986,56.719703547539986,0.399519273312354,0.3635253208883194,0.4529529077086942,0.08942758682037477
hybrid_300_diverse_100,00000000000000000011,crop_loss,test_site,91,82,90.5734692213582,81.50906048752451,81.50906048752451,0.5185135743046646,0.43222377443575716,0.8047153042159243,0.37249152978016714
hybrid_300_diverse_100,0000000000000000002b,crop_loss,test_site,100,80,99.61054877739423,79.61423290986677,79.61423290986677,0.19602710975289914,0.1379590882124357,0.2822629959368399,0.1443039077244042
hybrid_300_diverse_100,0000000000000000002d,crop_loss,test_site,86,90,85.70291383057456,89.58430760396588,85.70291383057456,0.4656236439159103,0.43288611661932397,0.5020260384053057,0.06913992178598172
hybrid_300_diverse_100,0000000000000000003a,crop_loss,test_site,79,99,78.67779207929232,98.42339151640996,78.67779207929232,0.3042849284974064,0.24850543661041408,0.3435421193642205,0.09503668275380645
hybrid_300_diverse_100,0000000000000000009b,crop_loss,test_site,72,44,71.4799424982794,43.642900115171734,43.642900115171734,0.49598375951972046,0.4800876095135472,0.5087899927201008,0.02870238320655366
hybrid_300_diverse_100,0000000000000000009d,crop_loss,test_site,100,19,99.5773260032758,18.954349764031523,18.954349764031523,0.357304564815715,0.3167605475235917,0.4769570422077744,0.16019649468418273
hybrid_300_diverse_100,000000000000000000a8,crop_loss,test_site,96,60,95.67967368924259,59.62859323287211,59.62859323287211,0.21076268109807947,0.19427041254257496,0.22813586266750763,0.03386545012493267
hybrid_300_diverse_100,000000000000000000da,crop_loss,test_site,54,100,53.62068545143401,99.55670001323845,53.62068545143401,0.7526775651679377,0.7205890034191205,0.7757964740951581,0.055207470676037596
hybrid_300_diverse_100,000000000000000000e3,crop_loss,test_site,93,92,92.63845715529811,91.58668780161084,91.58668780161084,0.48461053472355703,0.4443222205880299,0.5264580972737365,0.0821358766857066
hybrid_300_diverse_100,000000000000000000e9,crop_loss,test_site,100,15,99.4159603110677,14.875530372774739,14.875530372774739,0.3680841775352485,0.2678701502737429,0.5054106606359332,0.23754051036219032
hybrid_300_diverse_100,0000000000000000011b,crop_loss,test_site,100,59,99.57884612494628,58.69016600518959,58.69016600518959,0.4686978351585921,0.43168686868399264,0.4935530331873443,0.06186616450335164
hybrid_300_diverse_100,00000000000000000128,crop_loss,test_site,60,73,59.497359105982724,72.58647552428975,59.497359105982724,0.5446155025046573,0.5300646581542402,0.5720644928107732,0.04199983465653301
hybrid_300_diverse_100,00000000000000000192,crop_loss,test_site,97,81,96.60920016509145,80.4568329635551,80.4568329635551,0.5530768927880026,0.5254574040321435,0.5731867744663044,0.04772937043416092
hybrid_300_diverse_100,00000000000000000196,crop_loss,test_site,100,45,99.42398602118867,44.85211650307276,44.85211650307276,0.24422924471804688,0.2213459219508691,0.28338409100565304,0.06203816905478393
hybrid_300_diverse_100,000000000000000001a6,crop_loss,test_site,100,71,99.66812397175993,70.37781509350451,70.37781509350451,0.2925075661142897,0.2372744308423795,0.34103313763302784,0.10375870679064833
hybrid_300_diverse_100,000000000000000001e4,crop_loss,test_site,78,97,77.43756242312614,96.57349553279764,77.43756242312614,0.5043001371870544,0.4584730007835978,0.5293814034941043,0.07090840271050652
hybrid_300_diverse_100,000000000000000001f9,crop_loss,test_site,83,81,82.47797471922888,80.50463838680751,80.50463838680751,0.5766924902512234,0.4112207202008076,0.7707383532005401,0.3595176329997325
hybrid_300_diverse_100,00000000000000000228,crop_loss,test_site,98,50,97.6058456929466,49.64727224573404,49.64727224573404,0.4583194757016969,0.33526089013532406,0.5341922115508311,0.198931321415507
hybrid_300_diverse_100,0000000000000000028c,crop_loss,test_site,93,19,92.1162256272825,18.948256233827017,18.948256233827017,0.42647457942586064,0.3060684160727134,0.5554140604462556,0.24934564437354223
hybrid_300_diverse_100,0000000000000000028d,crop_loss,test_site,100,60,99.50177675541178,59.63822408211882,59.63822408211882,0.6399348187560847,0.5931303427563018,0.6862723151093202,0.09314197235301835
hybrid_300_diverse_100,00000000000000000291,crop_loss,test_site,92,34,91.5384353395705,33.80895196457018,33.80895196457018,0.860493498557105,0.8192481752714764,0.8985630425750746,0.07931486730359816
hybrid_300_diverse_100,000000000000000002c5,crop_loss,test_site,100,62,99.66763299647339,61.49149794597817,61.49149794597817,0.3401901851322697,0.26750808822109334,0.3937146070582279,0.12620651883713457
hybrid_300_diverse_100,000000000000000002dc,crop_loss,test_site,94,96,93.64565850643932,95.37502872022291,93.64565850643932,0.6701622668593012,0.6235874929945363,0.6955786354630968,0.07199114246856053
hybrid_300_diverse_100,000000000000000002e4,crop_loss,test_site,84,92,83.69725060566662,91.5388938901492,83.69725060566662,0.35506602649740976,0.31523189066525054,0.4421439361484335,0.12691204548318297
hybrid_300_diverse_100,000000000000000002ec,crop_loss,test_site,92,94,91.55406270554873,93.61419271872553,91.55406270554873,0.49393529735716685,0.45361903371303114,0.5562885453419515,0.10266951162892035
hybrid_300_diverse_100,00000000000000000314,crop_loss,test_site,100,57,99.4381120219254,56.58758522028134,56.58758522028134,0.12524149507225343,0.08078058280391322,0.1718892399268965,0.09110865712298329
hybrid_300_diverse_100,00000000000000000335,crop_loss,test_site,99,92,98.4109966890031,91.5177236252102,91.5177236252102,0.47054266262237127,0.4407460364433144,0.5064698883023233,0.06572385185900892
hybrid_300_diverse_100,0000000000000000033a,crop_loss,test_site,77,100,76.61714378757692,99.52026150053712,76.61714378757692,0.5416741032567725,0.49997929597858937,0.5733663642134083,0.07338706823481889
hybrid_300_diverse_100,000000000000000003b0,crop_loss,test_site,87,100,86.60633216774646,99.56207072136088,86.60633216774646,0.2622713159497606,0.2105692663207182,0.3036292761612633,0.09306000984054508
hybrid_300_diverse_100,000000000000000003c8,crop_loss,test_site,98,69,97.48808573664662,68.50075537185224,68.50075537185224,0.21123844721377352,0.18459517889687738,0.26873535272665966,0.08414017382978228
hybrid_300_diverse_100,000000000000000003f1,crop_loss,test_site,83,79,82.78116468304351,78.55953539774251,78.55953539774251,0.4905845089598652,0.4268055366086052,0.5326808512597779,0.10587531465117273
hybrid_300_diverse_100,000000000000000003f2,crop_loss,test_site,89,70,88.53414448284015,69.57099719837407,69.57099719837407,0.4707008521676134,0.42270336874838577,0.5117789304548661,0.08907556170648034
hybrid_300_diverse_100,0000000000000000044b,crop_loss,test_site,100,24,99.2707871969909,23.91161164310462,23.91161164310462,0.5534615924006372,0.5048196202011609,0.5750790065009275,0.07025938629976658
hybrid_300_diverse_100,0000000000000000046c,crop_loss,test_site,92,98,91.42329561754681,97.46898873593037,91.42329561754681,0.525028536349712,0.45501387288188344,0.6041103308731364,0.14909645799125293
hybrid_300_diverse_100,00000000000000000480,crop_loss,test_site,100,26,99.54180614274453,25.762897380320727,25.762897380320727,0.8314325419486365,0.6837699285449066,0.8661577647007297,0.1823878361558231
hybrid_300_diverse_100,00000000000000000483,crop_loss,test_site,100,35,99.55357460185873,34.81816960447626,34.81816960447626,0.704001296201417,0.6521810976852299,0.7382793315312405,0.08609823384601056
hybrid_300_diverse_100,00000000000000000485,crop_loss,test_site,81,100,80.53272573647735,99.5875381973982,80.53272573647735,0.6909637036221922,0.6618335995934436,0.7084410510229422,0.046607451429498625
hybrid_300_diverse_100,00000000000000000497,crop_loss,test_site,100,75,99.57493846570036,74.57123435097404,74.57123435097404,0.26357796107476017,0.21339842183057234,0.30936018502068013,0.0959617631901078
hybrid_300_diverse_100,0000000000000000049b,crop_loss,test_site,100,67,99.5282333961677,66.59262680521293,66.59262680521293,0.36767044606205995,0.3387865755591814,0.3950537432847138,0.05626716772553242
hybrid_300_diverse_100,000000000000000004a1,crop_loss,test_site,75,96,74.5481624792422,95.5939547317969,74.5481624792422,0.3799908318565572,0.3360688458286451,0.4230715717507624,0.08700272592211727
hybrid_300_diverse_100,000000000000000004e7,crop_loss,test_site,91,45,90.59121875304892,44.84359641118321,44.84359641118321,0.487815352040749,0.4709606679255663,0.5157914415263916,0.04483077360082527
hybrid_300_diverse_100,000000000000000004e9,crop_loss,test_site,100,34,99.6574959601511,33.81401831697824,33.81401831697824,0.3562832514371166,0.26958961848698954,0.4340772174071437,0.1644875989201542
hybrid_300_diverse_100,000000000000000004ee,crop_loss,test_site,98,45,97.46983598810868,44.60064031111813,44.60064031111813,0.4376365477884662,0.3070629910144736,0.5422769635725891,0.23521397255811555
hybrid_300_diverse_100,000000000000000004f9,crop_loss,test_site,92,76,91.51649647994452,75.56663347893605,75.56663347893605,0.3534960463986639,0.30215416179105115,0.4892579884914846,0.18710382670043346
hybrid_300_diverse_100,00000000000000000517,crop_loss,test_site,100,58,99.53395131524387,57.45813190958753,57.45813190958753,0.2596872266066908,0.20891972692638125,0.3203556328203839,0.11143590589400262
hybrid_300_diverse_100,00000000000000000538,crop_loss,test_site,92,1,91.50550069000359,1.0,1.0,0.29544721620962944,0.2819703019576754,0.3274837047107911,0.04551340275311566
hybrid_300_diverse_100,0000000000000000057e,crop_loss,test_site,100,17,99.33684959509594,16.93412675530622,16.93412675530622,0.5032704217718187,0.4707473512270782,0.5490771254099825,0.07832977418290432
hybrid_300_diverse_100,000000000000000005d1,crop_loss,test_site,100,34,99.67004240135927,33.57820065058095,33.57820065058095,0.18368522120415262,0.14373760130704252,0.30400238818384834,0.16026478687680581
hybrid_300_diverse_100,00000000000000000611,crop_loss,test_site,100,90,99.49118465316351,89.62398868986095,89.62398868986095,0.6166812174571719,0.5884209970191618,0.6606624770749021,0.07224148005574027
hybrid_300_diverse_100,0000000000000000062f,crop_loss,test_site,88,88,87.31740388397107,87.36355679247595,87.31740388397107,0.5333513645768343,0.4503686275298474,0.5980403627234042,0.1476717351935568
hybrid_300_diverse_100,00000000000000000632,crop_loss,test_site,99,31,98.58068899518773,30.840712879845793,30.840712879845793,0.1150116912555091,0.07780504156230851,0.18133140316779217,0.10352636160548366
hybrid_300_diverse_100,0000000000000000063e,crop_loss,test_site,82,83,81.57604516444353,82.56009767640937,81.57604516444353,0.30701432306112847,0.2684750093838115,0.3557212525050196,0.0872462431212081
hybrid_300_diverse_100,00000000000000000655,crop_loss,test_site,92,60,91.54971879502533,59.477045010868856,59.477045010868856,0.3905150281544318,0.30021965195642736,0.5316851716018849,0.23146551964545753
hybrid_300_diverse_100,00000000000000000697,crop_loss,test_site,92,99,91.74697991043985,98.57785710498352,91.74697991043985,0.6072990998374476,0.5626455640851373,0.6378584785442584,0.07521291445912104
hybrid_300_diverse_100,00000000000000000698,crop_loss,test_site,35,100,34.85477655661862,99.47191420045309,34.85477655661862,0.4466680120357986,0.3978184763543307,0.5301726802264634,0.13235420387213265
hybrid_300_diverse_100,000000000000000006a8,crop_loss,test_site,92,98,91.56375906300889,97.5385810194592,91.56375906300889,0.3466205461974901,0.28989367941110855,0.4114115206083498,0.12151784119724124
hybrid_300_diverse_100,000000000000000006b4,crop_loss,test_site,89,100,88.47506877161645,99.55429473923468,88.47506877161645,0.4906855672962683,0.4387952930665602,0.5693373514108823,0.1305420583443221
hybrid_300_diverse_100,000000000000000006be,crop_loss,test_site,79,39,78.54072856251089,38.71676632623234,38.71676632623234,0.3811572781619756,0.3208887222282005,0.4193503002122369,0.09846157798403643
hybrid_300_diverse_100,000000000000000006c0,crop_loss,test_site,100,5,99.62203049715086,4.998290482479338,4.998290482479338,0.5101308077775295,0.14929622543785773,0.6591339205550064,0.5098376951171487
hybrid_300_diverse_100,000000000000000006ce,crop_loss,test_site,100,52,99.42862936013582,51.51443635822929,51.51443635822929,0.5407479095408944,0.44449408784860267,0.6037836201439196,0.15928953229531695
hybrid_300_diverse_100,000000000000000006d9,crop_loss,test_site,74,99,73.54261533339712,98.5070243990358,73.54261533339712,0.2195637570106161,0.1774718148798857,0.253460282622946,0.07598846774306031
hybrid_300_diverse_100,000000000000000006e5,crop_loss,test_site,84,100,83.54256606378374,99.56458617953068,83.54256606378374,0.570319938914371,0.513281489529877,0.603785086148162,0.090503596618285
hybrid_300_diverse_100,00000000000000000151,built_loss,test_site,100,35,99.49475907857583,34.870289553033125,34.870289553033125,0.2841213157224022,0.25537375986401234,0.32472697777135207,0.06935321790733973
hybrid_300_diverse_100,000000000000000001be,built_loss,test_site,84,12,83.601915635216,11.99843287050561,11.99843287050561,0.43160902139765883,0.3466799611456777,0.5485431002446215,0.20186313909894382
hybrid_300_diverse_100,0000000000000000034d,built_loss,test_site,100,15,99.67635730214629,14.949751306006128,14.949751306006128,0.401498847203023,0.3171251675976819,0.45776767619658465,0.14064250859890276
hybrid_300_diverse_100,000000000000000003c7,crop_loss,test_site,97,57,96.51430997549322,56.5985578838082,56.5985578838082,0.7071210882643467,0.6539048201104836,0.7660445570920825,0.11213973698159896
hybrid_300_diverse_100,0000000000000000004a,built_loss,test_site,100,23,99.56260669217679,22.794330253741123,22.794330253741123,0.4434435193482464,0.4259381390932849,0.4605049534548133,0.03456681436152842
hybrid_300_diverse_100,00000000000000000206,built_loss,test_site,77,91,76.78841815506013,90.47436808628987,76.78841815506013,0.6762439722206139,0.6199667087723122,0.7338390194014802,0.11387231062916803
hybrid_300_diverse_100,000000000000000002a4,built_loss,test_site,100,25,99.495743643153,24.750072077672126,24.750072077672126,0.35416914473814276,0.31474260500282103,0.384632100667389,0.06988949566456798
hybrid_300_diverse_100,000000000000000004f5,built_loss,test_site,100,15,99.56914071244101,14.789698326622208,14.789698326622208,0.5421751695355208,0.45225938726256903,0.6018900964586626,0.14963070919609361
hybrid_300_diverse_100,000000000000000002cc,crop_loss,test_site,100,37,99.53907391352615,36.6601343155792,36.6601343155792,0.3695239972965761,0.25036744007062933,0.49770896634703693,0.2473415262764076
hybrid_300_diverse_100,000000000000000006cc,crop_loss,test_site,49,100,48.734370302849904,99.60509196035974,48.734370302849904,0.3627743240216237,0.33263563413858793,0.40906943699998505,0.07643380286139712
hybrid_300_diverse_100,0000000000000000016c,crop_loss,test_site,87,78,86.50662078623395,77.48097423237226,77.48097423237226,0.4670952702479418,0.4274286403662905,0.5063126601344395,0.07888401976814902
hybrid_150_diverse_150,00000000000000000085,built_loss,test_site,148,75,127.51526988492905,53.99144351801821,53.99144351801821,0.36969668426683505,0.33536627783511663,0.4108747248551168,0.07550844702000015
hybrid_150_diverse_150,00000000000000000114,built_loss,test_site,114,119,91.73238555351455,90.79780216361742,90.79780216361742,0.6757913739874097,0.6349574120464148,0.6998600905083199,0.06490267846190512
hybrid_150_diverse_150,0000000000000000024c,built_loss,test_site,146,101,123.88204547663206,78.58275834842698,78.58275834842698,0.6875804339282978,0.6508708388921369,0.7169190942849858,0.06604825539284886
hybrid_150_diverse_150,00000000000000000375,built_loss,test_site,125,139,101.8665746883022,112.49468124878668,101.8665746883022,0.6582797660491718,0.6306020838358339,0.6904573468508542,0.05985526301502031
hybrid_150_diverse_150,000000000000000004d2,built_loss,test_site,150,99,127.04781405506068,76.01233555152761,76.01233555152761,0.5954600441916285,0.565123116557066,0.6358020638631144,0.0706789473060484
hybrid_150_diverse_150,000000000000000005bd,built_loss,test_site,149,16,124.0360821961084,11.588545506946442,11.588545506946442,0.49934939942631046,0.41934219718945626,0.6445706893916759,0.2252284922022197
hybrid_150_diverse_150,00000000000000000281,crop_loss,test_site,130,150,112.36736046021585,127.32515973771716,112.36736046021585,0.5210715785358192,0.49151799666049384,0.5402504472287186,0.04873245056822478
hybrid_150_diverse_150,000000000000000003a2,crop_loss,test_site,105,150,83.21275904732259,125.6755938729195,83.21275904732259,0.3484415506868433,0.30766902624911086,0.405726609373863,0.09805758312475216
hybrid_150_diverse_150,00000000000000000001,built_loss,test_site,150,70,131.75343153793114,63.1845592959719,63.1845592959719,0.43780040083505634,0.41494275581706797,0.48241311997774233,0.06747036416067437
hybrid_150_diverse_150,00000000000000000049,built_loss,test_site,142,24,117.8072512315639,19.461229488299008,19.461229488299008,0.4578517112109928,0.4093634006022673,0.5051736827508874,0.09581028214862009
hybrid_150_diverse_150,0000000000000000004f,built_loss,test_site,150,112,134.1730605007472,93.43730750137827,93.43730750137827,0.43437433850214585,0.3862014255768575,0.4932948421100971,0.10709341653323962
hybrid_150_diverse_150,0000000000000000005a,built_loss,test_site,150,109,130.1691450943055,86.06902286335135,86.06902286335135,0.4406037644571763,0.4198364215310424,0.45968027740722217,0.03984385587617978
hybrid_150_diverse_150,00000000000000000079,built_loss,test_site,133,128,120.59555312816265,114.39388057564791,114.39388057564791,0.6271086943437555,0.5944833035236082,0.6706807144597743,0.07619741093616605
hybrid_150_diverse_150,00000000000000000087,built_loss,test_site,150,150,133.15849733964976,126.16880256537104,126.16880256537104,0.6007400018258106,0.5597314326533295,0.6457922423479096,0.08606080969458008
hybrid_150_diverse_150,000000000000000000a1,built_loss,test_site,150,37,136.1551086587456,27.927955792468257,27.927955792468257,0.40433425566694564,0.35036593018660994,0.44646729638822613,0.09610136620161619
hybrid_150_diverse_150,000000000000000000b8,built_loss,test_site,150,53,134.3048187409324,34.59312774202363,34.59312774202363,0.47806327892889916,0.356423536005958,0.583711085714162,0.22728754970820397
hybrid_150_diverse_150,000000000000000000c0,built_loss,test_site,127,137,104.24370921403795,110.19851037387623,104.24370921403795,0.6284564685490821,0.596550635003599,0.6589461591847783,0.06239552418117933
hybrid_150_diverse_150,000000000000000000e2,built_loss,test_site,150,74,135.60555692979617,57.96173047899323,57.96173047899323,0.39225683655161564,0.3524613263027879,0.4431651373845442,0.09070381108175629
hybrid_150_diverse_150,000000000000000000f0,built_loss,test_site,150,132,132.0922533241321,100.65652156886395,100.65652156886395,0.649934489291121,0.6148064028106551,0.7003890552968287,0.08558265248617358
hybrid_150_diverse_150,000000000000000000f8,built_loss,test_site,150,142,135.2317751254629,120.07492285641482,120.07492285641482,0.5415749749006311,0.5086829785627023,0.5767507531023537,0.0680677745396514
hybrid_150_diverse_150,0000000000000000011c,built_loss,test_site,150,42,137.5494265887408,33.61821168913412,33.61821168913412,0.6104283283359021,0.5208034628254644,0.6823178559794469,0.16151439315398253
hybrid_150_diverse_150,00000000000000000161,built_loss,test_site,150,135,131.93737933566038,108.68330605770059,108.68330605770059,0.6576206139504083,0.6261722659873952,0.6880064398775202,0.06183417389012502
hybrid_150_diverse_150,0000000000000000016a,built_loss,test_site,150,29,131.34502955594874,24.201274618156646,24.201274618156646,0.262352087091033,0.20343071497044177,0.3277720136642273,0.12434129869378555
hybrid_150_diverse_150,00000000000000000176,built_loss,test_site,150,111,132.46265142517768,86.18488108182696,86.18488108182696,0.6570641827798834,0.6234424482711864,0.6836133391809176,0.060170890909731156
hybrid_150_diverse_150,000000000000000001a8,built_loss,test_site,147,150,130.4608959346491,125.83900944143394,125.83900944143394,0.540773765171301,0.5079933106505851,0.5718569040408936,0.06386359339030856
hybrid_150_diverse_150,000000000000000001cd,built_loss,test_site,149,150,123.76977852537392,131.12916172874583,123.76977852537392,0.748343488427643,0.7137190905829275,0.7863186240210195,0.072599533438092
hybrid_150_diverse_150,000000000000000001e5,built_loss,test_site,126,75,97.37015145192451,57.41127164044147,57.41127164044147,0.5662175643446605,0.5357067886167994,0.6146203028639456,0.07891351424714621
hybrid_150_diverse_150,00000000000000000209,built_loss,test_site,150,150,134.38236039296868,128.45318921361218,128.45318921361218,0.583269080550955,0.5524053490533842,0.6408111673217841,0.08840581826839988
hybrid_150_diverse_150,00000000000000000231,built_loss,test_site,150,149,130.34677286235728,124.98914859078953,124.98914859078953,0.5636637991625081,0.5185953976901383,0.5860170616282343,0.06742166393809601
hybrid_150_diverse_150,0000000000000000026d,built_loss,test_site,150,113,129.80766499305628,86.09299225498302,86.09299225498302,0.6012564347874352,0.5644596911674314,0.6369477741578211,0.07248808299038967
hybrid_150_diverse_150,00000000000000000278,built_loss,test_site,125,122,106.34911757233975,102.95098769792259,102.95098769792259,0.7635082233439723,0.721601609267616,0.7986878911658138,0.07708628189819788
hybrid_150_diverse_150,00000000000000000293,built_loss,test_site,116,109,96.03769741917134,87.85287918535836,87.85287918535836,0.46481246833884876,0.418698658339915,0.4965811172053887,0.07788245886547374
hybrid_150_diverse_150,00000000000000000316,built_loss,test_site,150,6,136.39678120010652,4.299280169598541,4.299280169598541,0.0828297581762913,0.02370718417278886,0.25027346175160686,0.226566277578818
hybrid_150_diverse_150,00000000000000000356,built_loss,test_site,140,123,111.22084705362514,102.6471023409906,102.6471023409906,0.5473379414410486,0.4804558460070747,0.5979874129713086,0.11753156696423395
hybrid_150_diverse_150,00000000000000000362,built_loss,test_site,150,146,133.00362036445745,122.6305103971244,122.6305103971244,0.5657836427283247,0.5323730972368942,0.5923383012357762,0.059965203998882055
hybrid_150_diverse_150,00000000000000000363,built_loss,test_site,150,99,134.03118521810728,74.38186412704059,74.38186412704059,0.2556025149639076,0.2187419403746925,0.27748823442419507,0.05874629404950257
hybrid_150_diverse_150,00000000000000000364,built_loss,test_site,121,147,107.96600070601433,132.35748312854756,107.96600070601433,0.598049019006534,0.5683944689798479,0.6419165174103548,0.07352204843050691
hybrid_150_diverse_150,00000000000000000380,built_loss,test_site,150,114,131.75919242287029,94.50193403753414,94.50193403753414,0.4943246953157761,0.47305183919182975,0.5314044866543679,0.058352647462538154
hybrid_150_diverse_150,00000000000000000384,built_loss,test_site,150,86,126.70035603442982,59.03668535618801,59.03668535618801,0.5752951790750407,0.5533599434255937,0.6026454286266146,0.04928548520102094
hybrid_150_diverse_150,0000000000000000039e,built_loss,test_site,150,47,133.12078083353646,37.97339802730587,37.97339802730587,0.4971796094827265,0.4712418286837258,0.5301378998947329,0.058896071211007095
hybrid_150_diverse_150,000000000000000003a1,built_loss,test_site,137,80,117.4117284884228,59.32830576323466,59.32830576323466,0.6125143816016212,0.5775553776628166,0.6589005969604071,0.08134521929759053
hybrid_150_diverse_150,000000000000000003a5,built_loss,test_site,150,95,134.31147339987564,69.90628502336341,69.90628502336341,0.4021331015749237,0.3667522621689104,0.45851343647308435,0.09176117430417396
hybrid_150_diverse_150,000000000000000003b7,built_loss,test_site,150,62,135.01291358991878,50.73949638357165,50.73949638357165,0.48313329146438677,0.4545175856280997,0.5006165044470281,0.046098918818928414
hybrid_150_diverse_150,000000000000000003bf,built_loss,test_site,135,144,114.8384857470947,120.09942655833159,114.8384857470947,0.5326724436726239,0.5134120912998178,0.5619787831512302,0.04856669185141238
hybrid_150_diverse_150,000000000000000003d2,built_loss,test_site,135,149,119.18373830419966,129.92149766834805,119.18373830419966,0.5945461575914288,0.5579152298092408,0.6485173445246374,0.09060211471539659
hybrid_150_diverse_150,000000000000000003f8,built_loss,test_site,150,36,137.34143809369013,25.351572995720414,25.351572995720414,0.2355519212771321,0.21129704089056517,0.2647537569420955,0.05345671605153035
hybrid_150_diverse_150,000000000000000003fa,built_loss,test_site,138,147,115.98945068466351,125.97626969874545,115.98945068466351,0.4172754026556549,0.39446984955292147,0.4480221789785527,0.05355232942563121
hybrid_150_diverse_150,00000000000000000407,built_loss,test_site,148,150,120.74887653271021,127.59963066768799,120.74887653271021,0.5609715770702568,0.5167652608446175,0.5979890338941165,0.08122377304949902
hybrid_150_diverse_150,0000000000000000040f,built_loss,test_site,132,106,104.43801610965691,85.7171324144015,85.7171324144015,0.5221206799527731,0.5087705930153166,0.5369837384558288,0.028213145440512233
hybrid_150_diverse_150,00000000000000000426,built_loss,test_site,126,128,96.47617449242135,106.60063333532918,96.47617449242135,0.5593562311396899,0.5303461479567287,0.5804393510774118,0.050093203120683105
hybrid_150_diverse_150,0000000000000000042b,built_loss,test_site,150,128,133.56037574046508,100.97362241020262,100.97362241020262,0.5821472175861894,0.5517257553714866,0.6155871775934132,0.06386142222192659
hybrid_150_diverse_150,00000000000000000442,built_loss,test_site,150,25,134.80199438712697,14.91985051196624,14.91985051196624,0.3905405719155919,0.28890732756263887,0.5478416506268514,0.25893432306421255
hybrid_150_diverse_150,00000000000000000465,built_loss,test_site,150,143,131.99157817668595,120.68607806497712,120.68607806497712,0.6112813303901641,0.5786177081845004,0.6436409866926769,0.06502327850817646
hybrid_150_diverse_150,0000000000000000047e,built_loss,test_site,150,92,132.89615974373012,71.82237411788432,71.82237411788432,0.5027585991332193,0.46733769447762724,0.521537126242908,0.0541994317652808
hybrid_150_diverse_150,00000000000000000490,built_loss,test_site,150,150,134.24519474944546,128.41062082469972,128.41062082469972,0.6427592164894403,0.6164322415078151,0.6767146872030816,0.06028244569526653
hybrid_150_diverse_150,000000000000000004c0,built_loss,test_site,138,131,122.7717075794003,108.26186723288107,108.26186723288107,0.6369546901169895,0.6100811831108974,0.6662970058875268,0.0562158227766294
hybrid_150_diverse_150,000000000000000004c5,built_loss,test_site,150,64,125.57586749321277,44.65746900836603,44.65746900836603,0.5404395721132417,0.5043769783031734,0.5699968796804039,0.0656199013772305
hybrid_150_diverse_150,000000000000000004d9,built_loss,test_site,150,129,130.55687359673817,109.77481016689701,109.77481016689701,0.5533156411807847,0.5243411010189788,0.5684358338570243,0.04409473283804555
hybrid_150_diverse_150,000000000000000004eb,built_loss,test_site,149,150,127.15104924790639,126.1543683448731,126.1543683448731,0.4517109360459493,0.43703109890326336,0.47000852888257616,0.0329774299793128
hybrid_150_diverse_150,000000000000000004f7,built_loss,test_site,150,49,131.57644257142212,34.35951648065557,34.35951648065557,0.47003865735884187,0.44041379327867,0.49165227651843973,0.05123848323976976
hybrid_150_diverse_150,000000000000000004fe,built_loss,test_site,150,69,134.27934565242705,53.84025804809867,53.84025804809867,0.49119045716875853,0.47009364094293926,0.5100246094716656,0.03993096852872635
hybrid_150_diverse_150,0000000000000000051d,built_loss,test_site,150,72,133.23080166898504,60.12027630918112,60.12027630918112,0.4720377262073428,0.39469962565068273,0.5572041954663817,0.16250456981569894
hybrid_150_diverse_150,00000000000000000559,built_loss,test_site,150,140,130.6642098445254,112.67550431228858,112.67550431228858,0.6699290189836912,0.6248086937176577,0.6995386234144971,0.07472992969683945
hybrid_150_diverse_150,00000000000000000576,built_loss,test_site,150,49,137.26146298786728,32.02593311770207,32.02593311770207,0.2557933206465124,0.22293342937487473,0.2916963668537048,0.06876293747883008
hybrid_150_diverse_150,00000000000000000577,built_loss,test_site,150,56,136.32861352683676,37.3023761364817,37.3023761364817,0.5038482484936992,0.4128002015248456,0.5584093594537571,0.14560915792891155
hybrid_150_diverse_150,0000000000000000057f,built_loss,test_site,140,15,117.4227104990484,10.454447723557847,10.454447723557847,0.39209703777878724,0.3492446411971087,0.4441441564787268,0.09489951528161811
hybrid_150_diverse_150,00000000000000000594,built_loss,test_site,150,77,133.7738985033117,63.995293194218604,63.995293194218604,0.5152434218077534,0.4261035296811386,0.5989097132447992,0.17280618356366062
hybrid_150_diverse_150,000000000000000005ad,built_loss,test_site,150,139,134.66881260427337,107.90426915563468,107.90426915563468,0.6554126679267723,0.6220582891096407,0.6839322733676687,0.061873984258028036
hybrid_150_diverse_150,000000000000000005bf,built_loss,test_site,150,112,131.694306264317,83.37481367578657,83.37481367578657,0.3978243243509642,0.37073563590806063,0.4252452201381048,0.05450958423004415
hybrid_150_diverse_150,000000000000000005cc,built_loss,test_site,123,58,101.16179334592498,43.73804680619421,43.73804680619421,0.3554405115939262,0.33617642815584237,0.3701634616155415,0.03398703345969911
hybrid_150_diverse_150,000000000000000005de,built_loss,test_site,141,113,121.81932306903072,88.88857664027863,88.88857664027863,0.43363196597725173,0.41072898805158337,0.44655216867424175,0.03582318062265838
hybrid_150_diverse_150,000000000000000005e7,built_loss,test_site,130,150,110.13473477337904,128.78444117034834,110.13473477337904,0.6489441872500962,0.592298590230063,0.6840446755898361,0.09174608535977302
hybrid_150_diverse_150,000000000000000005f9,built_loss,test_site,150,86,133.8435641966631,59.05084927438703,59.05084927438703,0.6214866654865718,0.5763333934762199,0.6773055138702786,0.10097212039405867
hybrid_150_diverse_150,0000000000000000061c,built_loss,test_site,150,80,133.63333928897964,62.80798844264554,62.80798844264554,0.4200096795469568,0.38183095048953825,0.4550134581143869,0.07318250762484868
hybrid_150_diverse_150,00000000000000000624,built_loss,test_site,136,27,113.34837880099795,17.518383237388832,17.518383237388832,0.4907764949145669,0.35323303886231716,0.5495029230257088,0.19626988416339164
hybrid_150_diverse_150,00000000000000000626,built_loss,test_site,142,128,126.10753557142726,96.11489430580089,96.11489430580089,0.49502218356906447,0.4722515259215438,0.5190133736211,0.046761847699556214
hybrid_150_diverse_150,0000000000000000062a,built_loss,test_site,150,136,123.82232090983145,109.93723625783613,109.93723625783613,0.5685152462779341,0.5413934290820622,0.6030565935795548,0.06166316449749254
hybrid_150_diverse_150,00000000000000000636,built_loss,test_site,150,87,129.79437000085147,69.56699678806686,69.56699678806686,0.43340432284739927,0.36711557221275676,0.501888206286677,0.1347726340739202
hybrid_150_diverse_150,0000000000000000064a,built_loss,test_site,150,20,137.43049816729004,12.376018065289037,12.376018065289037,0.32197228559013025,0.2980945441407376,0.3538034859568098,0.05570894181607222
hybrid_150_diverse_150,0000000000000000064d,built_loss,test_site,150,64,133.8003909589625,53.252662070694974,53.252662070694974,0.40036427843245376,0.37802013457808675,0.44182847482741205,0.0638083402493253
hybrid_150_diverse_150,00000000000000000694,built_loss,test_site,150,107,131.49037353729514,78.32931859254849,78.32931859254849,0.36661397469201584,0.3506747024646627,0.3887378700345903,0.038063167569927614
hybrid_150_diverse_150,0000000000000000069d,built_loss,test_site,145,131,121.13534856892953,111.81987366354767,111.81987366354767,0.6386428180516932,0.6051880037455065,0.6719152481762839,0.06672724443077738
hybrid_150_diverse_150,000000000000000006b7,built_loss,test_site,144,117,127.69339330240753,86.68186445819784,86.68186445819784,0.4631982577174083,0.4407177890358253,0.4791498106623763,0.03843202162655096
hybrid_150_diverse_150,000000000000000006df,built_loss,test_site,150,64,130.167800556864,49.65741100891319,49.65741100891319,0.2756965214553156,0.216104841185407,0.3423372553472341,0.1262324141618271
hybrid_150_diverse_150,000000000000000006e3,built_loss,test_site,150,97,131.3811437175567,79.13781097690027,79.13781097690027,0.4238259977464446,0.39302587375360826,0.46862858900297166,0.0756027152493634
hybrid_150_diverse_150,00000000000000000011,crop_loss,test_site,150,135,128.63055762215757,113.35003993418064,113.35003993418064,0.6789327367669672,0.5114888132697609,0.8368191327881734,0.3253303195184125
hybrid_150_diverse_150,0000000000000000002b,crop_loss,test_site,150,139,134.4456695609706,115.63965433344865,115.63965433344865,0.18774561725111327,0.13004872923519906,0.24178097881414443,0.11173224957894537
hybrid_150_diverse_150,0000000000000000002d,crop_loss,test_site,139,135,121.07308696052341,121.04897127620947,121.04897127620947,0.47816604854963013,0.4503651934951449,0.5166163149035911,0.06625112140844613
hybrid_150_diverse_150,0000000000000000003a,crop_loss,test_site,138,150,113.10686667816736,135.20759939443778,113.10686667816736,0.28302637560121396,0.24836268361934258,0.3227979126124487,0.07443522899310615
hybrid_150_diverse_150,0000000000000000009b,crop_loss,test_site,150,76,119.77421706165565,59.240830484113076,59.240830484113076,0.4923277225621662,0.4829491682445851,0.5023055169830862,0.019356348738501117
hybrid_150_diverse_150,0000000000000000009d,crop_loss,test_site,150,30,138.11769701481583,25.070893396088064,25.070893396088064,0.35894336292676965,0.3242376785001494,0.4280334851081149,0.1037958066079655
hybrid_150_diverse_150,000000000000000000a8,crop_loss,test_site,140,101,127.29832751431573,85.56140208089319,85.56140208089319,0.2112769971194082,0.20136417191292394,0.22500646991833823,0.023642298005414286
hybrid_150_diverse_150,000000000000000000da,crop_loss,test_site,107,150,82.22078186719905,133.44461027632866,82.22078186719905,0.7567278352191174,0.7234776682821298,0.7736374129805027,0.05015974469837292
hybrid_150_diverse_150,000000000000000000e3,crop_loss,test_site,150,136,125.74195085285302,120.31643317623175,120.31643317623175,0.5046312852601165,0.46817602254923524,0.5435294791394731,0.0753534565902379
hybrid_150_diverse_150,000000000000000000e9,crop_loss,test_site,144,35,126.37415324285598,23.219447571316646,23.219447571316646,0.3680841775352485,0.30389759490844837,0.44614252596354675,0.1422449310550984
hybrid_150_diverse_150,0000000000000000011b,crop_loss,test_site,150,104,138.71390479480607,85.08663245158631,85.08663245158631,0.4762153415656157,0.46131328326080073,0.5004097329445939,0.039096449683793166
hybrid_150_diverse_150,00000000000000000128,crop_loss,test_site,116,123,95.0450577669117,100.68096154174472,95.0450577669117,0.5426675870274607,0.527977669535234,0.5573852877538397,0.029407618218605713
hybrid_150_diverse_150,00000000000000000192,crop_loss,test_site,150,134,130.63867896523973,113.91494504763585,113.91494504763585,0.564121576683751,0.5483096220732747,0.5767048719155549,0.028395249842280146
hybrid_150_diverse_150,00000000000000000196,crop_loss,test_site,150,76,135.3620454370686,61.07137095828816,61.07137095828816,0.2506134309500166,0.23335973856031086,0.27740481454837973,0.044045075988068866
hybrid_150_diverse_150,000000000000000001a6,crop_loss,test_site,150,137,132.87589595338213,104.62994768499904,104.62994768499904,0.29869340755387147,0.24446824600711778,0.33732484059593704,0.09285659458881926
hybrid_150_diverse_150,000000000000000001e4,crop_loss,test_site,136,150,111.04599661098965,132.75247635638797,111.04599661098965,0.4945464293679416,0.464515665142962,0.5135753238021873,0.04905965865922529
hybrid_150_diverse_150,000000000000000001f9,crop_loss,test_site,150,141,128.83593996276653,116.98626247296093,116.98626247296093,0.6091774763798299,0.46342818711925815,0.7460450544346493,0.28261686731539115
hybrid_150_diverse_150,00000000000000000228,crop_loss,test_site,150,106,128.48214462259241,80.28675292217052,80.28675292217052,0.46328230374894014,0.3547375043444422,0.5224685880995107,0.1677310837550685
hybrid_150_diverse_150,0000000000000000028c,crop_loss,test_site,150,26,126.24264529845708,22.48321841244037,22.48321841244037,0.4118012147029768,0.35308199705544113,0.5210149609625551,0.16793296390711393
hybrid_150_diverse_150,0000000000000000028d,crop_loss,test_site,150,84,134.46738745357126,72.71609165535645,72.71609165535645,0.6569736699573362,0.6093456960422337,0.6957854791963487,0.08643978315411505
hybrid_150_diverse_150,00000000000000000291,crop_loss,test_site,150,73,127.44230281993993,54.13945024327976,54.13945024327976,0.8685400452462411,0.8372664711665248,0.8899127195476632,0.052646248381138405
hybrid_150_diverse_150,000000000000000002c5,crop_loss,test_site,150,112,133.67909561611233,87.21773459708757,87.21773459708757,0.3323325677166686,0.2834791324629961,0.3671529063333276,0.08367377387033148
hybrid_150_diverse_150,000000000000000002dc,crop_loss,test_site,139,148,123.1825933595121,128.09191213793665,123.1825933595121,0.6535127045371026,0.6088424837050765,0.682472307131424,0.0736298234263475
hybrid_150_diverse_150,000000000000000002e4,crop_loss,test_site,144,145,121.72392428338851,128.35577607395632,121.72392428338851,0.32387843306756364,0.29291271097807653,0.3649904592296677,0.07207774825159119
hybrid_150_diverse_150,000000000000000002ec,crop_loss,test_site,143,149,119.64669734259688,131.0248758535252,119.64669734259688,0.50774514511508,0.4676491954381916,0.551569823319568,0.08392062788137644
hybrid_150_diverse_150,00000000000000000314,crop_loss,test_site,150,105,134.89716002207294,83.68789237263515,83.68789237263515,0.10547812506152578,0.07965917177242389,0.13294933180334648,0.05329016003092259
hybrid_150_diverse_150,00000000000000000335,crop_loss,test_site,150,150,129.08556902875546,128.5730192817344,128.5730192817344,0.4511422817857046,0.4196282400511001,0.4807150070311659,0.061086766980065765
hybrid_150_diverse_150,0000000000000000033a,crop_loss,test_site,120,150,97.11153445438643,130.2624007803791,97.11153445438643,0.522145410689962,0.48593023608759656,0.5616847851896529,0.07575454910205637
hybrid_150_diverse_150,000000000000000003b0,crop_loss,test_site,136,150,117.6047297122311,133.02288325875494,117.6047297122311,0.23316445611230313,0.18940522291504472,0.2819399973806996,0.09253477446565486
hybrid_150_diverse_150,000000000000000003c8,crop_loss,test_site,150,137,131.81150069243859,108.56299955418845,108.56299955418845,0.20094680293352035,0.18654543584895084,0.2392502678397908,0.05270483199083997
hybrid_150_diverse_150,000000000000000003f1,crop_loss,test_site,125,113,111.07214761329627,99.62397727509138,99.62397727509138,0.4530406411231257,0.41898308517495747,0.4861359221830692,0.06715283700811175
hybrid_150_diverse_150,000000000000000003f2,crop_loss,test_site,147,133,125.13832067141264,107.1995825800081,107.1995825800081,0.476149441813908,0.43788995905065925,0.49882398860514826,0.06093402955448901
hybrid_150_diverse_150,0000000000000000044b,crop_loss,test_site,150,58,133.95875199838696,39.92637403428598,39.92637403428598,0.5677689702898695,0.536857559639141,0.5827505219239489,0.04589296228480799
hybrid_150_diverse_150,0000000000000000046c,crop_loss,test_site,140,150,118.38593213202606,128.55277799030728,118.38593213202606,0.4927778078853225,0.4389186788558545,0.5677542942521916,0.1288356153963371
hybrid_150_diverse_150,00000000000000000480,crop_loss,test_site,150,54,132.9505540044097,37.40114379434637,37.40114379434637,0.8417999125768878,0.7788925461590186,0.8713420252174009,0.0924494790583823
hybrid_150_diverse_150,00000000000000000483,crop_loss,test_site,150,52,134.4831308508211,41.0480214650475,41.0480214650475,0.73708574463711,0.699474399306792,0.7601041063527845,0.060629707045992465
hybrid_150_diverse_150,00000000000000000485,crop_loss,test_site,133,150,113.9455502626101,136.0984234408996,113.9455502626101,0.6921558542929526,0.6671259730425312,0.7116023963045399,0.044476423262008735
hybrid_150_diverse_150,00000000000000000497,crop_loss,test_site,150,130,134.9826380507436,106.0459869341246,106.0459869341246,0.2548083473565243,0.21592976800679417,0.29015935268584797,0.0742295846790538
hybrid_150_diverse_150,0000000000000000049b,crop_loss,test_site,150,128,132.11815180914726,105.44187722431472,105.44187722431472,0.36232132110592025,0.34158263775723546,0.3820159440894806,0.04043330633224512
hybrid_150_diverse_150,000000000000000004a1,crop_loss,test_site,133,150,107.93651407458309,130.82563102137118,107.93651407458309,0.36134724027907317,0.33197629007561963,0.3952090383399156,0.06323274826429598
hybrid_150_diverse_150,000000000000000004e7,crop_loss,test_site,150,87,131.0133699455844,68.58265024984361,68.58265024984361,0.4890145897822901,0.4751531509208114,0.5131127209226014,0.03795957000179001
hybrid_150_diverse_150,000000000000000004e9,crop_loss,test_site,150,78,137.72902978954085,56.91256892499438,56.91256892499438,0.37755661407705704,0.2885375432059575,0.4355929966775947,0.14705545347163723
hybrid_150_diverse_150,000000000000000004ee,crop_loss,test_site,150,86,132.49021778257807,65.60307805989913,65.60307805989913,0.40104534908146966,0.3216513255612113,0.49421877735259845,0.17256745179138716
hybrid_150_diverse_150,000000000000000004f9,crop_loss,test_site,150,135,129.608875806609,110.32182700691592,110.32182700691592,0.35558745384327933,0.3098500070606782,0.45943735250129586,0.14958734544061764
hybrid_150_diverse_150,00000000000000000517,crop_loss,test_site,150,116,133.84927585866572,86.932034005966,86.932034005966,0.26466635528332455,0.21041273492931048,0.316290822995981,0.10587808806667051
hybrid_150_diverse_150,00000000000000000538,crop_loss,test_site,137,2,119.17258275634951,1.4811565366417043,1.4811565366417043,0.2572054458471473,0.16864092298718467,0.3364412787445166,0.16780035575733196
hybrid_150_diverse_150,0000000000000000057e,crop_loss,test_site,150,25,131.58377121225288,20.66270954699029,20.66270954699029,0.4947070677910642,0.4753261229372472,0.5274737048148891,0.0521475818776419
hybrid_150_diverse_150,000000000000000005d1,crop_loss,test_site,150,78,135.63153219071398,54.44051264052517,54.44051264052517,0.17669588373345899,0.13798145599037515,0.24092713465842255,0.10294567866804741
hybrid_150_diverse_150,00000000000000000611,crop_loss,test_site,150,144,131.21075003142246,123.59050189858537,123.59050189858537,0.6468107018809294,0.6104388144765902,0.6779789946846808,0.0675401802080906
hybrid_150_diverse_150,0000000000000000062f,crop_loss,test_site,150,148,127.35093772011115,119.78507503543634,119.78507503543634,0.5235338959702579,0.4780986200696196,0.5876141736643394,0.10951555359471982
hybrid_150_diverse_150,00000000000000000632,crop_loss,test_site,150,65,132.01542984929353,46.37911563648098,46.37911563648098,0.09135680098579414,0.07766998022505707,0.10920639389408386,0.03153641366902679
hybrid_150_diverse_150,0000000000000000063e,crop_loss,test_site,143,146,119.96753162279052,122.74981283116409,119.96753162279052,0.2929064199590838,0.2690761816562933,0.3508536329951004,0.0817774513388071
hybrid_150_diverse_150,00000000000000000655,crop_loss,test_site,150,117,126.26019962578984,90.91853246708037,90.91853246708037,0.4732099092807538,0.3736917620770391,0.54493973713226,0.17124797505522088
hybrid_150_diverse_150,00000000000000000697,crop_loss,test_site,139,147,122.71889457095055,135.01929836588647,122.71889457095055,0.6184708276935794,0.5822039262579408,0.6527986511871379,0.07059472492919705
hybrid_150_diverse_150,00000000000000000698,crop_loss,test_site,75,150,56.141403478738404,133.85223468780453,56.141403478738404,0.4235957792650559,0.3929455789223996,0.47610155072834415,0.08315597180594453
hybrid_150_diverse_150,000000000000000006a8,crop_loss,test_site,150,144,128.50048143869594,126.57320552204276,126.57320552204276,0.3052881071813985,0.2654280925934061,0.3464928814548203,0.08106478886141422
hybrid_150_diverse_150,000000000000000006b4,crop_loss,test_site,150,148,125.78829842056611,131.9457915647888,125.78829842056611,0.5223270679433212,0.48480830931604624,0.5758511983915652,0.09104288907551894
hybrid_150_diverse_150,000000000000000006be,crop_loss,test_site,140,68,116.87166200975295,51.489781039467346,51.489781039467346,0.38209517112242114,0.3467077797354711,0.41551703906497817,0.06880925932950704
hybrid_150_diverse_150,000000000000000006c0,crop_loss,test_site,150,12,137.3130092272206,8.667220169870532,8.667220169870532,0.22481717078377392,0.1384163319690836,0.5429634299107896,0.404547097941706
hybrid_150_diverse_150,000000000000000006ce,crop_loss,test_site,150,105,134.5376941317786,78.43544675419437,78.43544675419437,0.5882816646267451,0.5271283666807473,0.6409650795525353,0.11383671287178809
hybrid_150_diverse_150,000000000000000006d9,crop_loss,test_site,128,150,104.79086990444634,133.19670588101116,104.79086990444634,0.2077501617896827,0.18071635905855057,0.2344822369868729,0.053765877928322325
hybrid_150_diverse_150,000000000000000006e5,crop_loss,test_site,144,150,120.18975859934092,137.01570416259742,120.18975859934092,0.5189610116296369,0.4756513800114671,0.5588642414576112,0.08321286144614404
hybrid_150_diverse_150,00000000000000000151,built_loss,test_site,150,58,132.58440904285533,45.77014754373242,45.77014754373242,0.279415845802544,0.2561301432627091,0.30974577290239513,0.053615629639686024
hybrid_150_diverse_150,000000000000000001be,built_loss,test_site,144,14,123.93424859355146,13.282501268523236,13.282501268523236,0.431047025218998,0.3835753185309527,0.5516404908946559,0.16806517236370322
hybrid_150_diverse_150,0000000000000000034d,built_loss,test_site,150,27,136.29999732537595,21.87370066240596,21.87370066240596,0.39134573194550226,0.37315694681991846,0.4423690146507465,0.06921206783082806
hybrid_150_diverse_150,000000000000000003c7,crop_loss,test_site,150,77,130.85654414683185,66.95508949132372,66.95508949132372,0.7098590159843272,0.6691888416938769,0.7491190492608152,0.07993020756693825
hybrid_150_diverse_150,0000000000000000004a,built_loss,test_site,150,53,135.74567893968896,37.27370453930065,37.27370453930065,0.44253848053880784,0.42962612073113016,0.460346189624536,0.03072006889340584
hybrid_150_diverse_150,00000000000000000206,built_loss,test_site,144,150,116.71087060547575,128.56293730965592,116.71087060547575,0.717220746630485,0.6753917734513695,0.7495553651985503,0.07416359174718079
hybrid_150_diverse_150,000000000000000002a4,built_loss,test_site,150,54,135.15029466076427,38.111721934717416,38.111721934717416,0.396350681176193,0.3574218612805186,0.4173407039597328,0.05991884267921416
hybrid_150_diverse_150,000000000000000004f5,built_loss,test_site,150,47,132.34567645624094,28.712111601559997,28.712111601559997,0.4620687181087504,0.42979985893207073,0.5297809901052731,0.0999811311732024
hybrid_150_diverse_150,000000000000000002cc,crop_loss,test_site,150,83,134.90961327582502,63.334425287417815,63.334425287417815,0.38136085380536006,0.2788542855915273,0.46094302467213943,0.18208873908061213
hybrid_150_diverse_150,000000000000000006cc,crop_loss,test_site,91,150,73.13267483571283,134.67961740535628,73.13267483571283,0.34404746150938337,0.32297299779717753,0.37504484560211093,0.0520718478049334
hybrid_150_diverse_150,0000000000000000016c,crop_loss,test_site,147,132,126.28808087966873,108.73559889812411,108.73559889812411,0.47149685379239875,0.4421200618258969,0.49977795436116607,0.05765789253526915
hybrid_300_diverse_150,00000000000000000085,built_loss,test_site,92,36,91.46328575254284,35.73010038552875,35.73010038552875,0.36032723188828875,0.31149740610299775,0.4107631737256641,0.09926576762266637
hybrid_300_diverse_150,00000000000000000114,built_loss,test_site,63,60,62.62610558284995,59.433875996622525,59.433875996622525,0.6317032706168474,0.5808948374902203,0.6860587920757683,0.10516395458554795
hybrid_300_diverse_150,0000000000000000024c,built_loss,test_site,91,52,90.53570120923688,51.57538921572539,51.57538921572539,0.6701641145960772,0.6377053020471599,0.7172894860559489,0.07958418400878897
hybrid_300_diverse_150,00000000000000000375,built_loss,test_site,68,70,67.55634016615727,69.69189512871407,67.55634016615727,0.6491852540250936,0.6049279741699213,0.6791256354446857,0.07419766127476446
hybrid_300_diverse_150,000000000000000004d2,built_loss,test_site,86,56,85.57161810297787,55.535674757055844,55.535674757055844,0.6031915126514529,0.5467589574704592,0.6427786049804051,0.09601964750994585
hybrid_300_diverse_150,000000000000000005bd,built_loss,test_site,78,7,77.64602922107527,6.904442499188084,6.904442499188084,0.5662078210932119,0.47916159321222007,0.6826855999997753,0.20352400678755522
hybrid_300_diverse_150,00000000000000000281,crop_loss,test_site,79,96,78.55068781750884,95.24874785267983,78.55068781750884,0.5193550465154781,0.47491848174202056,0.5427449359106337,0.0678264541686131
hybrid_300_diverse_150,000000000000000003a2,crop_loss,test_site,59,88,58.63998459545016,87.44697278041335,58.63998459545016,0.33216151397752036,0.27321315703722227,0.36737316543469356,0.0941600083974713
hybrid_300_diverse_150,00000000000000000001,built_loss,test_site,105,55,104.3445275786853,54.774577949504746,54.774577949504746,0.45272291437997914,0.4183393260530707,0.49701218329975655,0.07867285724668582
hybrid_300_diverse_150,00000000000000000049,built_loss,test_site,83,15,82.63075536716397,14.953154452868969,14.953154452868969,0.41476907657805084,0.38733869889454614,0.48663117988584764,0.0992924809913015
hybrid_300_diverse_150,0000000000000000004f,built_loss,test_site,113,69,112.19468907004712,68.80718216483358,68.80718216483358,0.45199550973996405,0.3689330521626167,0.5232882837759474,0.1543552316133307
hybrid_300_diverse_150,0000000000000000005a,built_loss,test_site,97,56,96.39716297533579,55.74932940013824,55.74932940013824,0.422120835286279,0.4006785356178953,0.45438164422529004,0.053703108607394745
hybrid_300_diverse_150,00000000000000000079,built_loss,test_site,99,88,98.64675450871785,87.66177441619136,87.66177441619136,0.603783179145852,0.5750240070860126,0.6749479457488822,0.09992393866286953
hybrid_300_diverse_150,00000000000000000087,built_loss,test_site,106,85,105.35576063928528,84.39733800891406,84.39733800891406,0.5618068274889987,0.49287816975070686,0.6264807925485502,0.1336026227978433
hybrid_300_diverse_150,000000000000000000a1,built_loss,test_site,112,18,111.55086761394656,17.88280660193202,17.88280660193202,0.36079802217505647,0.3146727414094288,0.46077135464590485,0.14609861323647605
hybrid_300_diverse_150,000000000000000000b8,built_loss,test_site,111,18,110.43789874185242,17.828628931484026,17.828628931484026,0.48011420538043487,0.32860509611447625,0.622865636755864,0.2942605406413878
hybrid_300_diverse_150,000000000000000000c0,built_loss,test_site,73,72,72.51704237107977,71.41110690331728,71.41110690331728,0.6234168570009756,0.5795571804931279,0.6669132360154756,0.08735605552234771
hybrid_300_diverse_150,000000000000000000e2,built_loss,test_site,110,38,109.5029629645836,37.779762007536604,37.779762007536604,0.3857179291507234,0.34699442535095754,0.4311646377850167,0.08417021243405914
hybrid_300_diverse_150,000000000000000000f0,built_loss,test_site,101,63,100.57123407286876,62.483615218147165,62.483615218147165,0.6325948995919377,0.5868174599513041,0.7052983975395071,0.118480937588203
hybrid_300_diverse_150,000000000000000000f8,built_loss,test_site,118,88,117.47847585207336,87.53256421168703,87.53256421168703,0.5342462772146231,0.4881055738327989,0.5683278212666312,0.08022224743383227
hybrid_300_diverse_150,0000000000000000011c,built_loss,test_site,120,27,119.27517875137968,26.883363214541323,26.883363214541323,0.5220071360966317,0.48724308574080455,0.6321768008827099,0.14493371514190534
hybrid_300_diverse_150,00000000000000000161,built_loss,test_site,94,76,93.561526736443,75.53100444896312,75.53100444896312,0.6533172400054086,0.6125584764727908,0.6888136597179303,0.07625518324513947
hybrid_300_diverse_150,0000000000000000016a,built_loss,test_site,101,17,100.51511302305948,16.88718324840837,16.88718324840837,0.2592979158764201,0.19530402696033763,0.3146294129702232,0.11932538600988554
hybrid_300_diverse_150,00000000000000000176,built_loss,test_site,109,62,108.33757135537758,61.64044117009805,61.64044117009805,0.5869495172424318,0.5194626575899758,0.6335606317841949,0.11409797419421908
hybrid_300_diverse_150,000000000000000001a8,built_loss,test_site,102,92,101.46952085375945,91.56790863220857,91.56790863220857,0.5272425586550723,0.49141156641814593,0.5760829312311677,0.08467136481302179
hybrid_300_diverse_150,000000000000000001cd,built_loss,test_site,88,103,87.50297216392289,102.51388499464483,87.50297216392289,0.7323833707037442,0.6842018048090976,0.7813973818855072,0.09719557707640958
hybrid_300_diverse_150,000000000000000001e5,built_loss,test_site,65,40,64.62993263378252,39.78342096873069,39.78342096873069,0.5657046050865577,0.48990924393011104,0.6139537589481172,0.12404451501800617
hybrid_300_diverse_150,00000000000000000209,built_loss,test_site,107,95,106.54009265279278,94.48060688056701,94.48060688056701,0.5921628772093208,0.5556668829064318,0.6542003084620074,0.09853342555557554
hybrid_300_diverse_150,00000000000000000231,built_loss,test_site,102,88,101.51314728613612,87.64689049238797,87.64689049238797,0.5593645594113976,0.5092475165146158,0.6105766931771134,0.10132917666249763
hybrid_300_diverse_150,0000000000000000026d,built_loss,test_site,98,55,97.44978437767824,54.471780318537164,54.471780318537164,0.589505010360311,0.5387308919812144,0.6316649055606401,0.09293401357942577
hybrid_300_diverse_150,00000000000000000278,built_loss,test_site,76,74,75.51738100552043,73.72455611361507,73.72455611361507,0.7174033072019765,0.6787049853254294,0.7481548509319664,0.06944986560653699
hybrid_300_diverse_150,00000000000000000293,built_loss,test_site,76,73,75.45594739962452,72.72480048931945,72.72480048931945,0.4603940132477276,0.41967110219848974,0.5042294442436307,0.08455834204514096
hybrid_300_diverse_150,00000000000000000316,built_loss,test_site,105,4,104.48599221956047,3.9129672363027,3.9129672363027,0.08592155215000952,0.025123415686711545,0.1718408132642315,0.14671739757751995
hybrid_300_diverse_150,00000000000000000356,built_loss,test_site,82,77,81.37759108083426,76.63887760199611,76.63887760199611,0.5190322181756192,0.4492856467955568,0.572731738043081,0.12344609124752415
hybrid_300_diverse_150,00000000000000000362,built_loss,test_site,102,87,101.56340821751161,86.41832485121944,86.41832485121944,0.5440828845666607,0.4965032180046182,0.5994883033279288,0.10298508532331058
hybrid_300_diverse_150,00000000000000000363,built_loss,test_site,109,49,108.53591412683906,48.46573932776824,48.46573932776824,0.2444735881200642,0.20164889366997862,0.299122197938431,0.09747330426845235
hybrid_300_diverse_150,00000000000000000364,built_loss,test_site,81,113,80.6824634200031,112.47827686653065,80.6824634200031,0.5967985948297698,0.5418917424758166,0.633299832412492,0.09140808993667537
hybrid_300_diverse_150,00000000000000000380,built_loss,test_site,101,65,100.51742016574343,64.79433183413663,64.79433183413663,0.4894984515952052,0.4450581570430224,0.54075334924685,0.09569519220382766
hybrid_300_diverse_150,00000000000000000384,built_loss,test_site,92,35,91.53232069529915,34.59315178020218,34.59315178020218,0.5695768844779134,0.5379395970578994,0.62334792278008,0.0854083257221806
hybrid_300_diverse_150,0000000000000000039e,built_loss,test_site,108,26,107.4526753079962,25.912278164213305,25.912278164213305,0.4944490231636709,0.4398447493602781,0.549013042806699,0.10916829344642093
hybrid_300_diverse_150,000000000000000003a1,built_loss,test_site,90,40,89.4879126995697,39.71534826722356,39.71534826722356,0.6461470599166043,0.5824842885985148,0.675264130777785,0.09277984217927027
hybrid_300_diverse_150,000000000000000003a5,built_loss,test_site,112,46,111.57568069832146,45.59488836363121,45.59488836363121,0.421242589106886,0.37910102096793397,0.49134304846829957,0.1122420275003656
hybrid_300_diverse_150,000000000000000003b7,built_loss,test_site,110,40,109.50938270756207,39.84730496573615,39.84730496573615,0.4921539471696106,0.4597844467395049,0.5079671972984454,0.0481827505589405
hybrid_300_diverse_150,000000000000000003bf,built_loss,test_site,89,85,88.38494689530174,84.62811444114432,84.62811444114432,0.539841478386602,0.5100705009689894,0.5827661565350569,0.0726956555660675
hybrid_300_diverse_150,000000000000000003d2,built_loss,test_site,86,90,85.64806526926093,89.6323895854356,85.64806526926093,0.6030392408879889,0.5441439923540303,0.6560571018638276,0.11191310950979727
hybrid_300_diverse_150,000000000000000003f8,built_loss,test_site,117,15,116.58335100303482,14.860616542208412,14.860616542208412,0.22817684749977046,0.17712667751234706,0.2725025009671897,0.09537582345484263
hybrid_300_diverse_150,000000000000000003fa,built_loss,test_site,78,91,77.59943024609099,90.58204747546279,77.59943024609099,0.4297339187418274,0.39196753635837656,0.4693956533135876,0.07742811695521107
hybrid_300_diverse_150,00000000000000000407,built_loss,test_site,75,96,74.67073320035624,95.64466697697986,74.67073320035624,0.5281501167388822,0.48049131500196174,0.5789437343365404,0.09845241933457871
hybrid_300_diverse_150,0000000000000000040f,built_loss,test_site,74,55,73.71218287133422,54.52430691205702,54.52430691205702,0.5338369750071723,0.5124089050095394,0.548923778970835,0.0365148739612956
hybrid_300_diverse_150,00000000000000000426,built_loss,test_site,64,71,63.623231167512486,70.63561014069518,63.623231167512486,0.5717092380086126,0.5269438912821336,0.6045155738411442,0.07757168255901059
hybrid_300_diverse_150,0000000000000000042b,built_loss,test_site,109,65,108.58442899142173,64.56098310909856,64.56098310909856,0.5640674454588894,0.5243034263316623,0.6092530181449931,0.08494959181333084
hybrid_300_diverse_150,00000000000000000442,built_loss,test_site,109,10,108.57083889204793,9.868226067708763,9.868226067708763,0.36259886319006795,0.24019246717111095,0.5384382738373168,0.2982458066662058
hybrid_300_diverse_150,00000000000000000465,built_loss,test_site,95,88,94.64070105946591,87.61330831381453,87.61330831381453,0.5800313106151662,0.5452767405547314,0.6215954295564826,0.0763186890017512
hybrid_300_diverse_150,0000000000000000047e,built_loss,test_site,106,49,105.57154088257339,48.79774307146572,48.79774307146572,0.4961136354990848,0.46010378021304543,0.5211834854527319,0.06107970523968642
hybrid_300_diverse_150,00000000000000000490,built_loss,test_site,105,91,104.48901486583513,90.56162643758711,90.56162643758711,0.6264074534242495,0.5939956184335877,0.6541687613969568,0.060173142963369064
hybrid_300_diverse_150,000000000000000004c0,built_loss,test_site,95,71,94.62992010398962,70.55529165144617,70.55529165144617,0.6250740596018189,0.570326255070416,0.6630895444511221,0.0927632893807061
hybrid_300_diverse_150,000000000000000004c5,built_loss,test_site,85,27,84.48198453675255,26.69754984645023,26.69754984645023,0.5797513474627699,0.5073216813519839,0.6174301190175104,0.11010843766552658
hybrid_300_diverse_150,000000000000000004d9,built_loss,test_site,107,73,106.40384886020098,72.67071404215572,72.67071404215572,0.538225377839808,0.5065028308838888,0.5588801585200621,0.05237732763617331
hybrid_300_diverse_150,000000000000000004eb,built_loss,test_site,96,85,95.25921160815781,84.49730089745506,84.49730089745506,0.4533113120684607,0.4315828632368914,0.4843519798913123,0.05276911665442091
hybrid_300_diverse_150,000000000000000004f7,built_loss,test_site,94,24,93.48625628373964,23.75432135903745,23.75432135903745,0.48789668676463754,0.4472187469067036,0.5184746496601658,0.07125590275346216
hybrid_300_diverse_150,000000000000000004fe,built_loss,test_site,113,33,112.45959648055604,32.72239118336044,32.72239118336044,0.5102190813709886,0.4859563457788114,0.5433082932616105,0.05735194748279904
hybrid_300_diverse_150,0000000000000000051d,built_loss,test_site,112,46,111.32675608134839,45.770772699377325,45.770772699377325,0.4839341488537864,0.38360871201617425,0.5461055159396815,0.16249680392350724
hybrid_300_diverse_150,00000000000000000559,built_loss,test_site,95,81,94.61103578383943,80.36565666426223,80.36565666426223,0.6502987331417387,0.6096852351781399,0.6955088708609676,0.08582363568282769
hybrid_300_diverse_150,00000000000000000576,built_loss,test_site,110,20,109.52108790287427,19.754806955092555,19.754806955092555,0.29754810321047337,0.22144996155998944,0.3340281257993416,0.11257816423935216
hybrid_300_diverse_150,00000000000000000577,built_loss,test_site,113,22,112.51422837868036,21.805320668121922,21.805320668121922,0.3547190548681058,0.2917896472673401,0.49004650961020013,0.19825686234286005
hybrid_300_diverse_150,0000000000000000057f,built_loss,test_site,76,6,75.60800170768584,5.912921288964697,5.912921288964697,0.3042469555981203,0.19215290557238882,0.3833536031014722,0.1912006975290834
hybrid_300_diverse_150,00000000000000000594,built_loss,test_site,110,46,109.31314086539719,45.870852033534646,45.870852033534646,0.5182303620489203,0.4385044854178744,0.6284557713230644,0.18995128590519
hybrid_300_diverse_150,000000000000000005ad,built_loss,test_site,107,76,106.47406276549552,75.14088224028444,75.14088224028444,0.6632498145346827,0.6133912308871657,0.7004467820099378,0.08705555112277208
hybrid_300_diverse_150,000000000000000005bf,built_loss,test_site,101,54,100.66594965154876,53.72900333874,53.72900333874,0.3851191957311158,0.3415671736353697,0.42235387619449327,0.08078670255912357
hybrid_300_diverse_150,000000000000000005cc,built_loss,test_site,73,31,72.51715214635313,30.858346210921066,30.858346210921066,0.3684717236186257,0.3273499546722192,0.3961855489252764,0.06883559425305719
hybrid_300_diverse_150,000000000000000005de,built_loss,test_site,86,61,85.46105380278897,60.66159114924459,60.66159114924459,0.43670353454843214,0.4154487001570797,0.4545565148236455,0.03910781466656582
hybrid_300_diverse_150,000000000000000005e7,built_loss,test_site,84,97,83.45437370574412,96.46097252008477,83.45437370574412,0.6383050699948211,0.5487494824021916,0.682684200059707,0.1339347176575154
hybrid_300_diverse_150,000000000000000005f9,built_loss,test_site,107,34,106.54551725284865,33.78850008213766,33.78850008213766,0.5796644984911551,0.5351971702932862,0.6618181444030014,0.12662097410971518
hybrid_300_diverse_150,0000000000000000061c,built_loss,test_site,100,42,99.58910771296367,41.79170130065725,41.79170130065725,0.4249237903559256,0.38316334746238084,0.4808286907768119,0.09766534331443105
hybrid_300_diverse_150,00000000000000000624,built_loss,test_site,81,12,80.63743123028576,11.881520062355472,11.881520062355472,0.4264051634674648,0.3263267111776517,0.5355776439889406,0.20925093281128887
hybrid_300_diverse_150,00000000000000000626,built_loss,test_site,94,68,93.50913482762188,67.22292701966632,67.22292701966632,0.49182922004659696,0.46017608660144227,0.5268352147360166,0.06665912813457431
hybrid_300_diverse_150,0000000000000000062a,built_loss,test_site,87,74,86.6381311698065,73.48479105031177,73.48479105031177,0.5630181788653629,0.4821816642517842,0.6101473771105133,0.12796571285872904
hybrid_300_diverse_150,00000000000000000636,built_loss,test_site,104,50,103.45524414781275,49.622559836143324,49.622559836143324,0.44407046919991744,0.342839164290814,0.5497243561409516,0.2068851918501376
hybrid_300_diverse_150,0000000000000000064a,built_loss,test_site,113,6,112.60647461110628,5.988644959174079,5.988644959174079,0.2948235447458905,0.12386626794373223,0.3771672593408611,0.25330099139712886
hybrid_300_diverse_150,0000000000000000064d,built_loss,test_site,112,37,111.37094776428346,36.75361900139668,36.75361900139668,0.40550671413321004,0.3780173333927517,0.4512865099486828,0.07326917655593113
hybrid_300_diverse_150,00000000000000000694,built_loss,test_site,99,50,98.4736701044625,49.629108742803695,49.629108742803695,0.37352561516074057,0.3305637755987251,0.3953490484154424,0.06478527281671731
hybrid_300_diverse_150,0000000000000000069d,built_loss,test_site,92,82,91.35518557292308,81.49461247690459,81.49461247690459,0.6363496160288526,0.5806144324291458,0.6802204142286223,0.09960598179947655
hybrid_300_diverse_150,000000000000000006b7,built_loss,test_site,98,51,97.57062446287465,50.636086486516696,50.636086486516696,0.47495504909283304,0.44313062912425705,0.5061842138581529,0.06305358473389588
hybrid_300_diverse_150,000000000000000006df,built_loss,test_site,103,36,102.54151924044866,35.74644865698966,35.74644865698966,0.2619433842602412,0.21076089612591442,0.3313134640293074,0.12055256790339297
hybrid_300_diverse_150,000000000000000006e3,built_loss,test_site,99,56,98.53177916521665,55.75186969345631,55.75186969345631,0.397099145294502,0.3470893967011075,0.4534784088168195,0.106389012115712
hybrid_300_diverse_150,00000000000000000011,crop_loss,test_site,93,84,92.5426887370063,83.3536710882644,83.3536710882644,0.57279174599813,0.4545477093387738,0.8280872040949607,0.3735394947561869
hybrid_300_diverse_150,0000000000000000002b,crop_loss,test_site,104,83,103.61500401582832,82.59425191620515,82.59425191620515,0.19753476305664505,0.1275277434727869,0.27053078761665345,0.14300304414386655
hybrid_300_diverse_150,0000000000000000002d,crop_loss,test_site,84,92,83.64804937200306,91.49572473963494,83.64804937200306,0.4923957308220722,0.4513306312257954,0.5253733461485407,0.07404271492274528
hybrid_300_diverse_150,0000000000000000003a,crop_loss,test_site,80,97,79.54830411959534,96.57397126560447,79.54830411959534,0.2699699332844685,0.23760211727764133,0.3077352811556255,0.07013316387798416
hybrid_300_diverse_150,0000000000000000009b,crop_loss,test_site,71,44,70.63016157821612,43.59822582207338,43.59822582207338,0.48792572150717256,0.47469006413313114,0.4981787280058456,0.023488663872714477
hybrid_300_diverse_150,0000000000000000009d,crop_loss,test_site,111,19,110.33914605086837,18.912364778821516,18.912364778821516,0.3609258030597396,0.3245940603748276,0.45469867760567323,0.13010461723084565
hybrid_300_diverse_150,000000000000000000a8,crop_loss,test_site,92,58,91.72370039666565,57.71267841887072,57.71267841887072,0.21116780851213549,0.19381825690548313,0.22881105983631014,0.034992802930827016
hybrid_300_diverse_150,000000000000000000da,crop_loss,test_site,56,105,55.62497224817384,104.56209943229518,55.62497224817384,0.7581866230626569,0.7117710294531908,0.7751146181912993,0.06334358873810852
hybrid_300_diverse_150,000000000000000000e3,crop_loss,test_site,95,87,94.53697243102539,86.75784292490813,86.75784292490813,0.5055982108264312,0.46014576873792257,0.5375074758171011,0.07736170707917855
hybrid_300_diverse_150,000000000000000000e9,crop_loss,test_site,98,15,97.44716486769015,14.857851516634513,14.857851516634513,0.3235162694949812,0.23998379326515698,0.4706868270466847,0.2307030337815277
hybrid_300_diverse_150,0000000000000000011b,crop_loss,test_site,116,61,115.42595483393224,60.62223901914073,60.62223901914073,0.4694285423118728,0.44337942580766787,0.4996154184402262,0.05623599263255835
hybrid_300_diverse_150,00000000000000000128,crop_loss,test_site,63,70,62.41799003666484,69.63280032009105,62.41799003666484,0.5476252443731904,0.5285473246775004,0.5733185553608167,0.04477123068331623
hybrid_300_diverse_150,00000000000000000192,crop_loss,test_site,96,83,95.63123427769668,82.47452711133263,82.47452711133263,0.5539868584071365,0.5262499884779868,0.573503920248049,0.04725393177006221
hybrid_300_diverse_150,00000000000000000196,crop_loss,test_site,109,46,108.43861049786679,45.82761954554344,45.82761954554344,0.24874196370728524,0.2240373445169715,0.28347401284876583,0.05943666833179434
hybrid_300_diverse_150,000000000000000001a6,crop_loss,test_site,102,73,101.51054846154904,72.37630888326957,72.37630888326957,0.26858160014865934,0.22992898334213188,0.3251232710926902,0.0951942877505583
hybrid_300_diverse_150,000000000000000001e4,crop_loss,test_site,75,97,74.54932443416028,96.44889711097174,74.54932443416028,0.47702534780776745,0.43955500041413426,0.5196834709415808,0.0801284705274466
hybrid_300_diverse_150,000000000000000001f9,crop_loss,test_site,87,82,86.49038230457647,81.44367391761084,81.44367391761084,0.494792489946393,0.3856860413912349,0.7246662233163398,0.3389801819251049
hybrid_300_diverse_150,00000000000000000228,crop_loss,test_site,99,50,98.6004219979128,49.70637994048193,49.70637994048193,0.41746398997104306,0.32959629264282375,0.5109513714221282,0.18135507877930446
hybrid_300_diverse_150,0000000000000000028c,crop_loss,test_site,87,19,86.43445664990345,18.897517094809434,18.897517094809434,0.404817921019069,0.35653268864374604,0.5576647347573124,0.20113204611356633
hybrid_300_diverse_150,0000000000000000028d,crop_loss,test_site,106,59,105.34887750221976,58.71126052610746,58.71126052610746,0.6522962943796529,0.6172441864333675,0.6874043068396687,0.07016012040630115
hybrid_300_diverse_150,00000000000000000291,crop_loss,test_site,93,34,92.44767143043777,33.790416705399764,33.790416705399764,0.8646845505715055,0.8192551996817871,0.8914533737434002,0.07219817406161311
hybrid_300_diverse_150,000000000000000002c5,crop_loss,test_site,109,60,108.46588286521377,59.4339148802543,59.4339148802543,0.3599106775722044,0.29625015353512607,0.39284034656422967,0.0965901930291036
hybrid_300_diverse_150,000000000000000002dc,crop_loss,test_site,98,93,97.60989002498681,92.54258866855962,92.54258866855962,0.6438894540964155,0.6033144632296651,0.6773781647105528,0.0740637014808877
hybrid_300_diverse_150,000000000000000002e4,crop_loss,test_site,82,92,81.67837497683392,91.54770245019074,81.67837497683392,0.33716708470719603,0.30076133963103746,0.39783944690141937,0.09707810727038191
hybrid_300_diverse_150,000000000000000002ec,crop_loss,test_site,95,98,94.49967678521267,97.35521960219941,94.49967678521267,0.48025992899085135,0.44339002917621556,0.5303694824481603,0.08697945327194473
hybrid_300_diverse_150,00000000000000000314,crop_loss,test_site,108,57,107.38303629204094,56.73595460105822,56.73595460105822,0.13043488534772163,0.08591742905000813,0.1749074805919738,0.08899005154196568
hybrid_300_diverse_150,00000000000000000335,crop_loss,test_site,96,91,95.49675605997459,90.5314478166103,90.5314478166103,0.4513549155424732,0.41524885037456905,0.4940373972795735,0.07878854690500448
hybrid_300_diverse_150,0000000000000000033a,crop_loss,test_site,75,100,74.74524224760663,99.56788654504197,74.74524224760663,0.5502946293312881,0.5120036301194587,0.6069274737251061,0.09492384360564743
hybrid_300_diverse_150,000000000000000003b0,crop_loss,test_site,87,109,86.56533739205054,108.39641201967194,86.56533739205054,0.24714189088997238,0.1845767293954126,0.2881755374786063,0.10359880808319372
hybrid_300_diverse_150,000000000000000003c8,crop_loss,test_site,100,71,99.53619202734288,70.46587092508692,70.46587092508692,0.2136489706490733,0.18579665372753928,0.24902515239179396,0.06322849866425467
hybrid_300_diverse_150,000000000000000003f1,crop_loss,test_site,85,77,84.72798103631236,76.70402071435888,76.70402071435888,0.4869093789044902,0.4099575298226779,0.5255343394029935,0.11557680958031563
hybrid_300_diverse_150,000000000000000003f2,crop_loss,test_site,90,71,89.46772806133028,70.56815349958018,70.56815349958018,0.46097794593526126,0.4179636649285045,0.5065614787627023,0.08859781383419779
hybrid_300_diverse_150,0000000000000000044b,crop_loss,test_site,101,26,100.4311320502298,25.78310064651955,25.78310064651955,0.5416571141734419,0.5091163284955432,0.5721405879451184,0.06302425944957513
hybrid_300_diverse_150,0000000000000000046c,crop_loss,test_site,93,98,92.4380438539789,97.41628128905558,92.4380438539789,0.5342556222583185,0.43323666788383897,0.6227574081487637,0.18952074026492471
hybrid_300_diverse_150,00000000000000000480,crop_loss,test_site,109,27,108.34051948388519,26.769680150399974,26.769680150399974,0.8385495584913283,0.7849255506462043,0.8778905972242393,0.09296504657803506
hybrid_300_diverse_150,00000000000000000483,crop_loss,test_site,107,34,106.36653076732594,33.89188669769313,33.89188669769313,0.7042717236812341,0.6626804633781777,0.7480913535268874,0.08541089014870973
hybrid_300_diverse_150,00000000000000000485,crop_loss,test_site,83,104,82.5212957750069,103.62970967497753,82.5212957750069,0.6888758826518248,0.6525475732500314,0.7077416703235995,0.05519409707356804
hybrid_300_diverse_150,00000000000000000497,crop_loss,test_site,100,71,99.64159364437651,70.69951381001275,70.69951381001275,0.2429285018795517,0.20395252482069087,0.2954118666453267,0.09145934182463583
hybrid_300_diverse_150,0000000000000000049b,crop_loss,test_site,104,67,103.47769098026443,66.6407853619217,66.6407853619217,0.3582386893026709,0.3346530457758062,0.3825960481814071,0.0479430024056009
hybrid_300_diverse_150,000000000000000004a1,crop_loss,test_site,74,96,73.61411465765713,95.65272963292402,73.61411465765713,0.37793381762807415,0.33050502740673104,0.4413261444100662,0.11082111700333513
hybrid_300_diverse_150,000000000000000004e7,crop_loss,test_site,94,45,93.53169082133583,44.74368482366491,44.74368482366491,0.4942930092401655,0.4697216296582979,0.5289560109248683,0.059234381266570435
hybrid_300_diverse_150,000000000000000004e9,crop_loss,test_site,119,37,118.51316450058376,36.747904931405,36.747904931405,0.39565142010355797,0.27490592601681196,0.45450754901326634,0.17960162299645438
hybrid_300_diverse_150,000000000000000004ee,crop_loss,test_site,96,43,95.5793387707002,42.649086859344656,42.649086859344656,0.43972118001787797,0.3109485922626472,0.5408404633656944,0.22989187110304715
hybrid_300_diverse_150,000000000000000004f9,crop_loss,test_site,92,75,91.46706116690505,74.63473139931955,74.63473139931955,0.3795937315578326,0.32799712470296316,0.49383012009725685,0.1658329953942937
hybrid_300_diverse_150,00000000000000000517,crop_loss,test_site,100,52,99.59516381139221,51.558953862316905,51.558953862316905,0.25744931640511476,0.2035835815457504,0.380234477280398,0.1766508957346476
hybrid_300_diverse_150,00000000000000000538,crop_loss,test_site,91,1,90.45467744036598,1.0,1.0,0.2940597059043026,0.2803214490761952,0.3276729043648509,0.0473514552886557
hybrid_300_diverse_150,0000000000000000057e,crop_loss,test_site,101,19,100.44523949220752,18.868528211885994,18.868528211885994,0.5132859390148659,0.4806709632097342,0.5371492612870848,0.056478298077350664
hybrid_300_diverse_150,000000000000000005d1,crop_loss,test_site,111,35,110.60743656368541,34.6941685829974,34.6941685829974,0.1625049425781423,0.13097359327938538,0.2756458104389834,0.14467221715959802
hybrid_300_diverse_150,00000000000000000611,crop_loss,test_site,97,91,96.66489761154338,90.57696800317487,90.57696800317487,0.6097839670969957,0.5846048076466803,0.6519355667032217,0.0673307590565414
hybrid_300_diverse_150,0000000000000000062f,crop_loss,test_site,86,85,85.29720905160536,84.52586912641928,84.52586912641928,0.5223713388933686,0.46650110395014305,0.5976015759509569,0.13110047200081382
hybrid_300_diverse_150,00000000000000000632,crop_loss,test_site,101,31,100.49700403058254,30.780470774284634,30.780470774284634,0.0966663155161944,0.08106495808693151,0.14449686799470546,0.06343190990777395
hybrid_300_diverse_150,0000000000000000063e,crop_loss,test_site,83,84,82.59089795902734,83.50634762940497,82.59089795902734,0.2749913597833982,0.2560202782934216,0.3358669017863952,0.07984662349297361
hybrid_300_diverse_150,00000000000000000655,crop_loss,test_site,91,61,90.48036575140894,60.495440567488096,60.495440567488096,0.4732012450010817,0.31482913173591204,0.5837244936450829,0.2688953619091709
hybrid_300_diverse_150,00000000000000000697,crop_loss,test_site,93,103,92.69623506538584,102.62976912538923,92.69623506538584,0.5943418186438704,0.553840694317247,0.6360312272034948,0.08219053288624778
hybrid_300_diverse_150,00000000000000000698,crop_loss,test_site,39,112,38.78640516902423,111.49942911547825,38.78640516902423,0.4265734311299426,0.39242890381544954,0.47862824292921613,0.0861993391137666
hybrid_300_diverse_150,000000000000000006a8,crop_loss,test_site,95,97,94.49276161527578,96.52323271058413,94.49276161527578,0.3199103728891476,0.2787665371453661,0.38376916746937006,0.10500263032400398
hybrid_300_diverse_150,000000000000000006b4,crop_loss,test_site,86,103,85.4386241566701,102.48075010088566,85.4386241566701,0.5138418814246203,0.45718718913221,0.5948031503873342,0.1376159612551242
hybrid_300_diverse_150,000000000000000006be,crop_loss,test_site,77,38,76.65241479617447,37.67655869836986,37.67655869836986,0.42500495791028703,0.3558859049351262,0.5061372057389231,0.1502513008037969
hybrid_300_diverse_150,000000000000000006c0,crop_loss,test_site,109,6,108.58420004428807,5.9508059305315975,5.9508059305315975,0.3731253635004056,0.18804634306185258,0.5745249673061976,0.38647862424434504
hybrid_300_diverse_150,000000000000000006ce,crop_loss,test_site,104,48,103.30722926752047,47.675510931177314,47.675510931177314,0.5783212749706698,0.45067883841266915,0.6457214217911589,0.19504258337848973
hybrid_300_diverse_150,000000000000000006d9,crop_loss,test_site,73,98,72.67250075051935,97.48967493295751,72.67250075051935,0.20883646518956567,0.17584253899305,0.2538179313621587,0.07797539236910869
hybrid_300_diverse_150,000000000000000006e5,crop_loss,test_site,85,104,84.53329915552854,103.5624721874094,84.53329915552854,0.5306968939801702,0.4855014683482394,0.5789431732151837,0.09344170486694436
hybrid_300_diverse_150,00000000000000000151,built_loss,test_site,105,35,104.46705577859892,34.87262089742882,34.87262089742882,0.2718620887153147,0.25132460894510816,0.3292221661379441,0.07789755719283592
hybrid_300_diverse_150,000000000000000001be,built_loss,test_site,88,13,87.33675524125208,12.966750011948948,12.966750011948948,0.4106759461918746,0.3758660740589826,0.5012243725688,0.12535829850981745
hybrid_300_diverse_150,0000000000000000034d,built_loss,test_site,113,14,112.57029623883727,13.971126949030438,13.971126949030438,0.38713745266164395,0.3351050623452472,0.46800205108548215,0.13289698874023498
hybrid_300_diverse_150,000000000000000003c7,crop_loss,test_site,97,58,96.62630653997059,57.69180403589269,57.69180403589269,0.69055485269254,0.6451364217129041,0.7464233597513916,0.10128693803848754
hybrid_300_diverse_150,0000000000000000004a,built_loss,test_site,108,20,107.58542877165338,19.83159226290716,19.83159226290716,0.43009119980040145,0.4124015752606684,0.4584843926710245,0.04608281741035608
hybrid_300_diverse_150,00000000000000000206,built_loss,test_site,79,87,78.56777892329312,86.52009247367279,78.56777892329312,0.6905641860161207,0.6107613976208585,0.7524659642628988,0.14170456664204034
hybrid_300_diverse_150,000000000000000002a4,built_loss,test_site,106,24,105.44618727606486,23.85712271775093,23.85712271775093,0.37078856621506023,0.30697061004677034,0.4007068942732135,0.09373628422644315
hybrid_300_diverse_150,000000000000000004f5,built_loss,test_site,100,16,99.58151464153926,15.7718489094579,15.7718489094579,0.5235460170619751,0.39064076214801774,0.5921429263153789,0.20150216416736116
hybrid_300_diverse_150,000000000000000002cc,crop_loss,test_site,107,39,106.50342312168986,38.61733683157135,38.61733683157135,0.38670339845035323,0.2521748854669108,0.5086460099784004,0.25647112451148957
hybrid_300_diverse_150,000000000000000006cc,crop_loss,test_site,51,108,50.58038860978253,107.46320242071992,50.58038860978253,0.3598627193122141,0.3201766732008956,0.38497537922659686,0.06479870602570126
hybrid_300_diverse_150,0000000000000000016c,crop_loss,test_site,87,74,86.54473103191337,73.65667471792587,73.65667471792587,0.4743395318153742,0.4276554323369386,0.5068423808950228,0.07918694855808417
