size,seed,parent_id,parent_label,n_eff_min,dor,ci_width
10,0,00000000000000000085,built_loss,6.456440044429556,0.3258428809326113,0.19658712067157885
10,0,00000000000000000114,built_loss,5.686781842190346,0.6410988856937143,0.3503067130638706
10,0,0000000000000000024c,built_loss,6.976439316290086,0.7285264600623029,0.1457666297022151
10,0,00000000000000000375,built_loss,7.625518708541607,0.6928633419679484,0.18318041111518657
10,0,000000000000000004d2,built_loss,5.578158471948846,0.658798628150888,0.09693683038677792
10,0,000000000000000005bd,built_loss,3.9643707334999125,0.5663254155346835,0.3098671740576176
10,0,00000000000000000281,crop_loss,8.481581788847931,0.5045985310732392,0.19159155199497196
10,0,000000000000000003a2,crop_loss,7.363869892671933,0.3395552229858621,0.24173798590717474
10,0,00000000000000000001,built_loss,7.653505301710917,0.5166677066817882,0.18167061003990892
10,0,00000000000000000049,built_loss,3.7571593436704944,0.4581211993092922,0.2735555937959928
10,0,0000000000000000004f,built_loss,8.267925830392588,0.44787000152726825,0.3656095624906751
10,0,0000000000000000005a,built_loss,8.603878631979034,0.4825090679508155,0.12246366005973236
10,0,00000000000000000079,built_loss,9.037648733078678,0.6032986962038432,0.2371311120669891
10,0,00000000000000000087,built_loss,8.771199113343563,0.5839074579599299,0.3903421426887043
10,0,000000000000000000a1,built_loss,4.774427334729299,0.42871658574231647,0.19721689919681495
10,0,000000000000000000b8,built_loss,5.628071566409673,0.41088361301200826,0.5207379412766103
10,0,000000000000000000c0,built_loss,9.286478480356708,0.5360036521627075,0.19638024742791582
10,0,000000000000000000e2,built_loss,8.113686723487623,0.5124015205178019,0.33586117246143266
10,0,000000000000000000f0,built_loss,7.692942227006049,0.6686641159761828,0.2782973591677839
10,0,000000000000000000f8,built_loss,7.323202229042443,0.4817230288554358,0.24842040365749007
10,0,0000000000000000011c,built_loss,3.4145531616024725,0.6948073459806863,0.1384930721419343
10,0,00000000000000000161,built_loss,7.84885748122408,0.6424283332244571,0.21795516614921073
10,0,0000000000000000016a,built_loss,4.082172162446892,0.1973246854539963,0.18748123697362745
10,0,00000000000000000176,built_loss,8.663970563255308,0.6487283681645544,0.21531799539904461
10,0,000000000000000001a8,built_loss,8.343324227619219,0.5511251906991788,0.2124110281652451
10,0,000000000000000001cd,built_loss,8.405831405608055,0.8145353836033781,0.40993414553644264
10,0,000000000000000001e5,built_loss,6.7357473989378605,0.5933765045295626,0.17351305616930102
10,0,00000000000000000209,built_loss,8.591645996947955,0.5412649735801182,0.23962067349477906
10,0,00000000000000000231,built_loss,9.142653772475358,0.5943512700407296,0.15084161448601574
10,0,0000000000000000026d,built_loss,9.124123113196992,0.5645415437804387,0.1912471003814572
10,0,00000000000000000278,built_loss,8.723743421703476,0.7919952129363873,0.1288857031595766
10,0,00000000000000000293,built_loss,9.521987018464191,0.4205461785661485,0.19049845895604378
10,0,00000000000000000316,built_loss,1.8443680840511303,0.14557290148813204,0.19781017477266813
10,0,00000000000000000356,built_loss,7.851320571610576,0.5602891614153651,0.4432154936643465
10,0,00000000000000000362,built_loss,9.467869793631133,0.5988345007897694,0.25880470659317295
10,0,00000000000000000363,built_loss,7.104240162978445,0.25644125913905624,0.28737779495793725
10,0,00000000000000000364,built_loss,8.018561291895441,0.6251115651476856,0.14700932445827142
10,0,00000000000000000380,built_loss,8.362164343417634,0.5759669535768266,0.08896862491664059
10,0,00000000000000000384,built_loss,8.121451649060138,0.6246984322160808,0.16911515021993984
10,0,0000000000000000039e,built_loss,5.503677661033935,0.4652920165154008,0.08118256527484402
10,0,000000000000000003a1,built_loss,7.837068839676949,0.6212965333627158,0.17759171508017935
10,0,000000000000000003a5,built_loss,8.203901702348546,0.47360922868190614,0.31219005319318355
10,0,000000000000000003b7,built_loss,7.441471077021306,0.5181146523556927,0.1584848940796723
10,0,000000000000000003bf,built_loss,8.642627772004541,0.49111403166332024,0.1251596118067148
10,0,000000000000000003d2,built_loss,8.472780001899249,0.7108805983262433,0.13258343349537138
10,0,000000000000000003f8,built_loss,4.382867530527191,0.2559325913831962,0.13220413003785783
10,0,000000000000000003fa,built_loss,9.31068082016633,0.4591446616680036,0.18270924022897772
10,0,00000000000000000407,built_loss,9.517341878736723,0.6077714696071225,0.24550670791676754
10,0,0000000000000000040f,built_loss,8.369164250344626,0.5442497020951795,0.06992672785531262
10,0,00000000000000000426,built_loss,7.7484680207627665,0.5229164051745481,0.18053597334516552
10,0,0000000000000000042b,built_loss,8.333810381487961,0.6472253382146157,0.32645481653384173
10,0,00000000000000000442,built_loss,3.615291247022926,0.7192301942015275,0.4169074603381175
10,0,00000000000000000465,built_loss,8.590223100799847,0.6825933265389711,0.24490655987115673
10,0,0000000000000000047e,built_loss,6.636819335640592,0.44450059654541724,0.15670202004118677
10,0,00000000000000000490,built_loss,8.279565825187227,0.5390374815434261,0.3762040706557379
10,0,000000000000000004c0,built_loss,8.61951345109128,0.606623217531329,0.15108523397863804
10,0,000000000000000004c5,built_loss,6.217426395742735,0.6280796210942134,0.35292346578510736
10,0,000000000000000004d9,built_loss,8.855922168652796,0.5492656795926139,0.14566942481643885
10,0,000000000000000004eb,built_loss,8.740440400470842,0.453048185816271,0.15608066772938056
10,0,000000000000000004f7,built_loss,6.508579137006424,0.43951907913889837,0.19018436305456055
10,0,000000000000000004fe,built_loss,7.866886420139958,0.4980593346752992,0.11385138548261797
10,0,0000000000000000051d,built_loss,8.633175677116185,0.5149664341462696,0.4843926311965085
10,0,00000000000000000559,built_loss,9.293847211107096,0.6753229363914814,0.347604567159539
10,0,00000000000000000576,built_loss,3.0888234622517974,0.2748213346167884,0.14395423034261656
10,0,00000000000000000577,built_loss,5.604829674242219,0.5228382028019903,0.23221560875436897
10,0,0000000000000000057f,built_loss,2.0660800993752875,0.2264429436207694,0.30602094469715474
10,0,00000000000000000594,built_loss,7.826944723065285,0.3688260347921216,0.45351055325898987
10,0,000000000000000005ad,built_loss,8.945476917411742,0.6132104620001222,0.225422942475917
10,0,000000000000000005bf,built_loss,8.384986354916654,0.47101418249288973,0.2232722397003853
10,0,000000000000000005cc,built_loss,4.758204442125526,0.3938919674117297,0.10097454775119657
10,0,000000000000000005de,built_loss,8.96388279125401,0.41558470667492425,0.10149951357569842
10,0,000000000000000005e7,built_loss,9.650174266789758,0.5534778679716742,0.37096523838935136
10,0,000000000000000005f9,built_loss,8.39481229127125,0.679642350543878,0.22392189660999778
10,0,0000000000000000061c,built_loss,6.313834010221482,0.4324703163755445,0.20399883182266187
10,0,00000000000000000624,built_loss,4.892815213630603,0.4327008902588458,0.23016738464191888
10,0,00000000000000000626,built_loss,8.415475080927562,0.5488664754606123,0.13436514473446298
10,0,0000000000000000062a,built_loss,8.390266099147565,0.6224101879084023,0.18768004223043122
10,0,00000000000000000636,built_loss,7.039198003833326,0.581663260083759,0.27869187046976646
10,0,0000000000000000064a,built_loss,3.158832448569474,0.3285406498576289,0.10087113017967869
10,0,0000000000000000064d,built_loss,7.109559853250465,0.3659498916102907,0.17444552350144016
10,0,00000000000000000694,built_loss,7.193047013771159,0.3677345159160241,0.11098031240474054
10,0,0000000000000000069d,built_loss,8.267620513311108,0.6675591566464405,0.25548485865506054
10,0,000000000000000006b7,built_loss,7.71236065084792,0.47035528169755453,0.13329564418680573
10,0,000000000000000006df,built_loss,6.910308160255664,0.19619070051941717,0.4287540684165704
10,0,000000000000000006e3,built_loss,8.668296637102353,0.4179978209736242,0.30948599214566924
10,0,00000000000000000011,crop_loss,9.8113490659415,0.7170871580248804,0.5555690038866179
10,0,0000000000000000002b,crop_loss,9.302725143739718,0.1683880715344762,0.20198205682749681
10,0,0000000000000000002d,crop_loss,8.04941244637615,0.4873560063921246,0.19050235961917006
10,0,0000000000000000003a,crop_loss,7.8441944997573145,0.2834516195576789,0.22906253971705154
10,0,0000000000000000009b,crop_loss,6.388873320892435,0.4931867288577478,0.03320661818976889
10,0,0000000000000000009d,crop_loss,3.1934915056374646,0.3597027419260431,0.2582957422546074
10,0,000000000000000000a8,crop_loss,8.157038096860521,0.2332171848585484,0.2177056994020957
10,0,000000000000000000da,crop_loss,9.131512521602938,0.6407285899013487,0.2929038050089813
10,0,000000000000000000e3,crop_loss,8.035754697464437,0.4752049696852596,0.3276693289923837
10,0,000000000000000000e9,crop_loss,3.9861942918707762,0.3722348366253514,0.23253365581597646
10,0,0000000000000000011b,crop_loss,7.292089187919925,0.46996014843601946,0.13077435512653185
10,0,00000000000000000128,crop_loss,8.564331079235599,0.5469822159435618,0.08679736814148042
10,0,00000000000000000192,crop_loss,9.573284085287112,0.5309299325471009,0.14679137361901656
10,0,00000000000000000196,crop_loss,8.175690742361837,0.23885508962060434,0.10300625667121124
10,0,000000000000000001a6,crop_loss,8.582859561697083,0.27151697697669847,0.2511346647233353
10,0,000000000000000001e4,crop_loss,8.095197725148289,0.47054403521936555,0.12904264524004178
10,0,000000000000000001f9,crop_loss,8.603664877980641,0.5205039614855925,0.4608531884719114
10,0,00000000000000000228,crop_loss,8.191786394345668,0.33530053234626356,0.4656855879248526
10,0,0000000000000000028c,crop_loss,3.1549143755474267,0.2900223028773674,0.29018434198652787
10,0,0000000000000000028d,crop_loss,8.862996703457421,0.7304306106051858,0.2865495258686863
10,0,00000000000000000291,crop_loss,7.035213264847308,0.8915679367945817,0.059039677885140196
10,0,000000000000000002c5,crop_loss,5.534351458334744,0.26423112039576774,0.1767097949514128
10,0,000000000000000002dc,crop_loss,9.505322077414526,0.6629492570533,0.18746453862754586
10,0,000000000000000002e4,crop_loss,8.329743106655325,0.3012952045082409,0.3356759978841079
10,0,000000000000000002ec,crop_loss,8.431524409916781,0.488301718259829,0.2337674078274612
10,0,00000000000000000314,crop_loss,9.392291806499973,0.10670419954945637,0.1175732430510992
10,0,00000000000000000335,crop_loss,8.377498677583189,0.331842328008754,0.3683462091828914
10,0,0000000000000000033a,crop_loss,9.59337448749654,0.4847347993827257,0.20259181122681863
10,0,000000000000000003b0,crop_loss,9.264281799219276,0.20057571850148326,0.23597551345037415
10,0,000000000000000003c8,crop_loss,7.8200435807342314,0.24005729765474404,0.12256212240798031
10,0,000000000000000003f1,crop_loss,9.831265365257094,0.47585032310653286,0.23715019708918528
10,0,000000000000000003f2,crop_loss,9.122366724561886,0.5111853226450453,0.13389658583299263
10,0,0000000000000000044b,crop_loss,3.259728115353237,0.5110363649562698,0.18868228039809842
10,0,0000000000000000046c,crop_loss,6.851255495078457,0.5470126208331344,0.44962007170112483
10,0,00000000000000000480,crop_loss,6.0124306404841175,0.640032523321583,0.5230980791149775
10,0,00000000000000000483,crop_loss,6.085063804836252,0.6395908600596557,0.2213507433906965
10,0,00000000000000000485,crop_loss,8.610940978191932,0.6597832723288639,0.15962869735364815
10,0,00000000000000000497,crop_loss,7.4513363710369696,0.31048475814405563,0.25636817254979966
10,0,0000000000000000049b,crop_loss,8.462324053100797,0.4247795653721924,0.22374985008443138
10,0,000000000000000004a1,crop_loss,8.832802489684232,0.4053868283205697,0.14151155096691026
10,0,000000000000000004e7,crop_loss,8.33454577470798,0.506282189697003,0.060369030248990374
10,0,000000000000000004e9,crop_loss,8.027684595334879,0.41736256596602,0.39002719357793036
10,0,000000000000000004ee,crop_loss,7.5873028959402795,0.3137265360685242,0.45390048745109324
10,0,000000000000000004f9,crop_loss,8.79538559909958,0.40216687940096596,0.3920405812895356
10,0,00000000000000000517,crop_loss,8.955950174325519,0.26325425517030504,0.4669535389490785
10,0,00000000000000000538,crop_loss,1.0598600287658528,0.30200114523464183,0.2066946220079819
10,0,0000000000000000057e,crop_loss,4.187300679790168,0.5114386443511474,0.13160495723379073
10,0,000000000000000005d1,crop_loss,6.480716540157155,0.13766596131430672,0.14876346819238925
10,0,00000000000000000611,crop_loss,9.420122400427706,0.6301236986371938,0.1504695538629971
10,0,0000000000000000062f,crop_loss,7.599929436834719,0.35742689391826626,0.3031643653126127
10,0,00000000000000000632,crop_loss,7.910294696552209,0.07250781591429165,0.22193698698766431
10,0,0000000000000000063e,crop_loss,9.625391448684729,0.33919293306080556,0.23501119315845473
10,0,00000000000000000655,crop_loss,9.038916453436837,0.6391866609210812,0.4393106127922113
10,0,00000000000000000697,crop_loss,9.595822952403616,0.6559467844270213,0.15737606652114122
10,0,00000000000000000698,crop_loss,4.712013239370624,0.42855834949478544,0.27265539103138164
10,0,000000000000000006a8,crop_loss,8.903326151098746,0.2772029258312883,0.26835717118906066
10,0,000000000000000006b4,crop_loss,8.18340361120233,0.5606078468706763,0.35504524440675495
10,0,000000000000000006be,crop_loss,6.1169496624389845,0.39224736765449547,0.25857605674447015
10,0,000000000000000006c0,crop_loss,2.410225928103307,0.13395810926588375,0.30095094140394557
10,0,000000000000000006ce,crop_loss,7.994876222527333,0.617405951774174,0.3955021866797766
10,0,000000000000000006d9,crop_loss,9.50660306251642,0.24450812181323905,0.1791314217916602
10,0,000000000000000006e5,crop_loss,8.758038459746906,0.4316137032074562,0.2723414606490701
10,0,00000000000000000151,built_loss,5.484945840991873,0.2597841724885046,0.1538012689160723
10,0,000000000000000001be,built_loss,4.263758412560499,0.5344013201114712,0.3112959740697831
10,0,0000000000000000034d,built_loss,4.391451843479078,0.4102064816389371,0.37145217775428346
10,0,000000000000000003c7,crop_loss,7.347220917272345,0.7464277608275062,0.17620070092966744
10,0,0000000000000000004a,built_loss,7.079877042398344,0.4571491226594958,0.08872218831107809
10,0,00000000000000000206,built_loss,8.617344891121054,0.7457435946174433,0.3158675398322832
10,0,000000000000000002a4,built_loss,5.190529621215911,0.44986357626648416,0.18843195034749682
10,0,000000000000000004f5,built_loss,5.777748185287012,0.5325858149365219,0.29235501515914936
10,0,000000000000000002cc,crop_loss,7.569600021130864,0.49832379959555106,0.44486360073732584
10,0,000000000000000006cc,crop_loss,7.376580140393714,0.3927313859649928,0.2377468212549883
10,0,0000000000000000016c,crop_loss,7.359618539288224,0.47859675563883,0.4096031175224434
10,1,00000000000000000085,built_loss,7.922034972190768,0.2993620201453678,0.2914417247010892
10,1,00000000000000000114,built_loss,6.911689330032064,0.7182657149188444,0.22442764302175777
10,1,0000000000000000024c,built_loss,6.665318039637967,0.6194774284975233,0.2813741528705555
10,1,00000000000000000375,built_loss,9.725814286442379,0.6297073386182189,0.25909852314183174
10,1,000000000000000004d2,built_loss,8.419474102077409,0.6954312017354578,0.40235439958603303
10,1,000000000000000005bd,built_loss,4.823891281347862,0.5466972010912491,0.26240816439113684
10,1,00000000000000000281,crop_loss,8.883884844908772,0.5416207188989627,0.2071646259199813
10,1,000000000000000003a2,crop_loss,7.829607392665871,0.3943776084295005,0.21625312655537232
10,1,00000000000000000001,built_loss,8.59061649385245,0.48072333333688533,0.2485727096523644
10,1,00000000000000000049,built_loss,3.5912327989154127,0.48889309677523535,0.24733639963570858
10,1,0000000000000000004f,built_loss,8.374499015834358,0.5140456865712253,0.30163028791201546
10,1,0000000000000000005a,built_loss,8.875792363288816,0.39893648549002786,0.1162640931829721
10,1,00000000000000000079,built_loss,8.499961448797512,0.5945289365505761,0.1959297377488084
10,1,00000000000000000087,built_loss,8.261129668703218,0.6077991377824018,0.3563566110395636
10,1,000000000000000000a1,built_loss,5.8429457023107565,0.46486816531579506,0.14735003759613102
10,1,000000000000000000b8,built_loss,5.219893880457494,0.5341522077329633,0.4073726152090642
10,1,000000000000000000c0,built_loss,9.196729925461922,0.625416703253744,0.2404676487517281
10,1,000000000000000000e2,built_loss,7.222094096580892,0.36669701685734396,0.22782390245306255
10,1,000000000000000000f0,built_loss,7.052068275025512,0.7135259969439574,0.24946715754678006
10,1,000000000000000000f8,built_loss,9.244324314809123,0.5369610759529833,0.2695780897987834
10,1,0000000000000000011c,built_loss,4.68932047336078,0.77274411590944,0.1886955698285092
10,1,00000000000000000161,built_loss,9.369427884578995,0.6552571203727997,0.22229172209438552
10,1,0000000000000000016a,built_loss,4.433287747200376,0.1809073966020122,0.16719000381885069
10,1,00000000000000000176,built_loss,7.132636451199874,0.6496323973008398,0.2393460478056174
10,1,000000000000000001a8,built_loss,7.927346326742393,0.48493687370434674,0.35157340006728366
10,1,000000000000000001cd,built_loss,9.875783343571022,0.735854385586528,0.3383378500687946
10,1,000000000000000001e5,built_loss,8.004790517253163,0.42582653296844464,0.20666947318675738
10,1,00000000000000000209,built_loss,7.5696775312839035,0.6876328061291594,0.1944385945389
10,1,00000000000000000231,built_loss,9.258287515630837,0.5545978085113442,0.17307366949577963
10,1,0000000000000000026d,built_loss,8.651457389071908,0.6464665655907991,0.24262819571188915
10,1,00000000000000000278,built_loss,9.961237307605272,0.8231156798164938,0.19175591016592153
10,1,00000000000000000293,built_loss,8.05892549003346,0.5062702733220821,0.23558081540431702
10,1,00000000000000000316,built_loss,1.844646419405748,0.1108545874463111,0.07967173237381987
10,1,00000000000000000356,built_loss,7.786352650244334,0.4905396905312606,0.27893041341988817
10,1,00000000000000000362,built_loss,9.247722108040724,0.5521864156763822,0.3486047903238323
10,1,00000000000000000363,built_loss,5.367940773867456,0.27629917585531594,0.22928456419465407
10,1,00000000000000000364,built_loss,8.906821776141797,0.6156409938611246,0.2537367823381239
10,1,00000000000000000380,built_loss,8.845718223983786,0.5666003155050743,0.2453006816908223
10,1,00000000000000000384,built_loss,8.447615822404384,0.540521039434593,0.2650784975013189
10,1,0000000000000000039e,built_loss,7.106602574606427,0.5361949846643802,0.17654518374891554
10,1,000000000000000003a1,built_loss,8.065857829108053,0.6599067343097602,0.16656256420981164
10,1,000000000000000003a5,built_loss,6.437411179685137,0.4079033293737426,0.264822823220116
10,1,000000000000000003b7,built_loss,8.029716483301131,0.47849034769359694,0.11544487070113679
10,1,000000000000000003bf,built_loss,8.627432745821643,0.5262791457666496,0.13990823672821984
10,1,000000000000000003d2,built_loss,7.742190043096317,0.5084049322477999,0.3511332434538802
10,1,000000000000000003f8,built_loss,3.8038600600222203,0.2361567904764673,0.10809228765633871
10,1,000000000000000003fa,built_loss,9.946013807749596,0.4819686501126289,0.16259582739866713
10,1,00000000000000000407,built_loss,7.828412590190815,0.4364971564775668,0.21992865121706434
10,1,0000000000000000040f,built_loss,7.678813543691711,0.4910563290820527,0.09774664168193736
10,1,00000000000000000426,built_loss,7.165125208944115,0.587669055572677,0.16910752401265688
10,1,0000000000000000042b,built_loss,8.186094705585885,0.5352499025713812,0.2154621823648582
10,1,00000000000000000442,built_loss,2.7920837056755814,0.7117440485947168,0.60065802236427
10,1,00000000000000000465,built_loss,9.21842794669301,0.6917031219356528,0.2351614960760352
10,1,0000000000000000047e,built_loss,8.204471498330221,0.5396298701593816,0.22355642209008475
10,1,00000000000000000490,built_loss,9.994717832406023,0.631765373756957,0.2991410622534325
10,1,000000000000000004c0,built_loss,9.480977686088242,0.6506176145540747,0.2632258532922038
10,1,000000000000000004c5,built_loss,6.672537263751987,0.5864430749946554,0.1887020866627232
10,1,000000000000000004d9,built_loss,9.63909112262403,0.6183815095127092,0.21484226032317072
10,1,000000000000000004eb,built_loss,9.087769425975457,0.48567846724427893,0.1254045614218734
10,1,000000000000000004f7,built_loss,4.7573099037699675,0.45932259693035354,0.10635159247295928
10,1,000000000000000004fe,built_loss,6.793746743585763,0.5730179307350958,0.15329709885228598
10,1,0000000000000000051d,built_loss,8.450095307653973,0.5877510760612102,0.4833481671152232
10,1,00000000000000000559,built_loss,8.841234102880577,0.7385267070225755,0.3265039529317658
10,1,00000000000000000576,built_loss,4.860385054801772,0.2431937835868038,0.19153889885422057
10,1,00000000000000000577,built_loss,7.2949426691215695,0.3810460170871071,0.34462221174365293
10,1,0000000000000000057f,built_loss,1.6355993316084974,0.3270283591451231,0.2285359812115149
10,1,00000000000000000594,built_loss,7.62367173555549,0.7000957773830722,0.42331944019550666
10,1,000000000000000005ad,built_loss,7.19237056723408,0.6478714729687608,0.16837125910115647
10,1,000000000000000005bf,built_loss,8.570699483012127,0.432073032732118,0.18878173304065476
10,1,000000000000000005cc,built_loss,5.044168413034114,0.39092853836895536,0.1219456356795246
10,1,000000000000000005de,built_loss,8.747151801106805,0.45976833620770613,0.09374953171273082
10,1,000000000000000005e7,built_loss,7.737597555200428,0.6950854122898767,0.22561656270699904
10,1,000000000000000005f9,built_loss,8.198616798998033,0.6137901638621378,0.25132411230845814
10,1,0000000000000000061c,built_loss,8.835053462716695,0.5535446433620305,0.3955938751652291
10,1,00000000000000000624,built_loss,4.609216716714778,0.4626857560433939,0.3008169063774741
10,1,00000000000000000626,built_loss,7.505552773359758,0.481393703467442,0.09987771242511057
10,1,0000000000000000062a,built_loss,7.372103890423643,0.6316515692399587,0.1765404574034144
10,1,00000000000000000636,built_loss,9.681085639127307,0.3678034488354622,0.24934794531417243
10,1,0000000000000000064a,built_loss,2.089283007749737,0.2080872444579627,0.24783243789662743
10,1,0000000000000000064d,built_loss,7.721620755585269,0.4097505891873947,0.22502122208070496
10,1,00000000000000000694,built_loss,6.815442178061244,0.39768974741672203,0.09821792439189353
10,1,0000000000000000069d,built_loss,9.154319282051757,0.6938719628404412,0.2495826021327403
10,1,000000000000000006b7,built_loss,8.914046990815594,0.5097862616515789,0.22814429671393022
10,1,000000000000000006df,built_loss,7.088931582468993,0.2856142921078543,0.29459284756885606
10,1,000000000000000006e3,built_loss,6.480727798449391,0.48578298672931697,0.3162382523823067
10,1,00000000000000000011,crop_loss,9.921026936324399,0.760884132043816,0.614483984804268
10,1,0000000000000000002b,crop_loss,8.04720794583552,0.17049431347398258,0.23194758696233686
10,1,0000000000000000002d,crop_loss,7.81653406473819,0.4129214772514967,0.20516678537149002
10,1,0000000000000000003a,crop_loss,8.845816817470896,0.329704993009952,0.11765804874803748
10,1,0000000000000000009b,crop_loss,5.38512481157026,0.4847773561389885,0.028373573057926038
10,1,0000000000000000009d,crop_loss,3.3778987666392823,0.32237169734440885,0.1567848451745107
10,1,000000000000000000a8,crop_loss,8.408979892773052,0.21180665013203212,0.06884757690419357
10,1,000000000000000000da,crop_loss,8.495621686634566,0.7934098265626403,0.11966469880906194
10,1,000000000000000000e3,crop_loss,8.452347538319339,0.5386733290213064,0.2314509992183703
10,1,000000000000000000e9,crop_loss,5.272037442493702,0.3888166238016616,0.310268853156586
10,1,0000000000000000011b,crop_loss,8.310203036094688,0.4045476752510656,0.19683328808378342
10,1,00000000000000000128,crop_loss,8.340679353944003,0.5376077255436417,0.06275745032685454
10,1,00000000000000000192,crop_loss,9.412226624629772,0.47971543600844224,0.14674900214920444
10,1,00000000000000000196,crop_loss,7.127441450917274,0.22030986645259648,0.09399407661634357
10,1,000000000000000001a6,crop_loss,8.972399833757574,0.3557024404185406,0.22242062289066425
10,1,000000000000000001e4,crop_loss,8.197932576221978,0.49153344615534583,0.18018156353141607
10,1,000000000000000001f9,crop_loss,8.729494918451115,0.7290566399872649,0.532188237864303
10,1,00000000000000000228,crop_loss,6.930427072486914,0.328150237130233,0.41031355461325436
10,1,0000000000000000028c,crop_loss,4.027559037411466,0.33830397088933223,0.32139741273783395
10,1,0000000000000000028d,crop_loss,6.0270773674033205,0.636310764942956,0.3299895424369107
10,1,00000000000000000291,crop_loss,8.051364273383184,0.8694713034696412,0.2627738358287701
10,1,000000000000000002c5,crop_loss,5.981780651228838,0.34257533080898783,0.21497090323969908
10,1,000000000000000002dc,crop_loss,9.144732658525236,0.6015549223242271,0.20843545304717764
10,1,000000000000000002e4,crop_loss,8.462868147296126,0.32829546802888004,0.26434916698182465
10,1,000000000000000002ec,crop_loss,7.651681009335966,0.45479193733100964,0.2930207819540363
10,1,00000000000000000314,crop_loss,8.143824398589798,0.08510774995365959,0.30423134595162366
10,1,00000000000000000335,crop_loss,8.680989301310964,0.48157665066663136,0.5102319396908273
10,1,0000000000000000033a,crop_loss,6.344317589966054,0.4338041860259096,0.28057767191112676
10,1,000000000000000003b0,crop_loss,8.641940501732181,0.16142420351126013,0.17278244450922445
10,1,000000000000000003c8,crop_loss,8.915817079681752,0.16718747164255998,0.18185401428252698
10,1,000000000000000003f1,crop_loss,8.744082627692691,0.41015618174504576,0.191492939648506
10,1,000000000000000003f2,crop_loss,8.602697592600817,0.43242537438440265,0.2929157389984459
10,1,0000000000000000044b,crop_loss,5.784250479319702,0.6279744938134323,0.19161127908136838
10,1,0000000000000000046c,crop_loss,8.986193527545026,0.28847005594574826,0.36348472397869
10,1,00000000000000000480,crop_loss,5.49064665057587,0.8697368488902958,0.21478388846193786
10,1,00000000000000000483,crop_loss,3.7090176449047076,0.6888631936624611,0.24459871980027015
10,1,00000000000000000485,crop_loss,9.701216773151396,0.6603071270667474,0.196519372272845
10,1,00000000000000000497,crop_loss,9.34411301048654,0.27951327589295566,0.18869102476784233
10,1,0000000000000000049b,crop_loss,8.625003185915341,0.36789490245195666,0.1347217341989161
10,1,000000000000000004a1,crop_loss,7.812322841706304,0.3155031705248388,0.20748007168703064
10,1,000000000000000004e7,crop_loss,8.348102012575364,0.45679756161605944,0.12359936276266342
10,1,000000000000000004e9,crop_loss,8.673086612592096,0.4976231317816354,0.486578883392801
10,1,000000000000000004ee,crop_loss,6.175486108221744,0.3863295028791933,0.3309206072323277
10,1,000000000000000004f9,crop_loss,8.455044599734578,0.5584213750241406,0.3213036589283434
10,1,00000000000000000517,crop_loss,9.069358745404577,0.19982021310975084,0.4532029033431515
10,1,00000000000000000538,crop_loss,1.0704694889936275,0.35848539689260733,0.27243437555266525
10,1,0000000000000000057e,crop_loss,3.23892065548363,0.5827371409535125,0.1459071175835338
10,1,000000000000000005d1,crop_loss,4.763630219432199,0.1851037622095547,0.3634410787377825
10,1,00000000000000000611,crop_loss,9.38564284741346,0.6676787626671055,0.21918122454561517
10,1,0000000000000000062f,crop_loss,8.735929336573284,0.4143714089136736,0.4004352838055326
10,1,00000000000000000632,crop_loss,5.26154998780429,0.07395851952537283,0.08117747471516135
10,1,0000000000000000063e,crop_loss,8.709301351505447,0.27231736712608395,0.22822978975923416
10,1,00000000000000000655,crop_loss,7.223333785520594,0.5080845861831026,0.4791099782761862
10,1,00000000000000000697,crop_loss,8.341252234749515,0.6948708964013846,0.17239993189417613
10,1,00000000000000000698,crop_loss,7.745761983539021,0.4077286291184563,0.19158163859152388
10,1,000000000000000006a8,crop_loss,7.127570503250954,0.2828953899586084,0.22530803742564537
10,1,000000000000000006b4,crop_loss,9.13911687480656,0.5167179681578861,0.2979925734523725
10,1,000000000000000006be,crop_loss,5.840810716748746,0.4236227609100267,0.350718681321029
10,1,000000000000000006c0,crop_loss,3.2351726895987714,0.22589744626650057,0.37674730185799377
10,1,000000000000000006ce,crop_loss,6.373340058623191,0.6648141428070201,0.21409800172033022
10,1,000000000000000006d9,crop_loss,7.537774581457277,0.26561048529686765,0.1850045730893861
10,1,000000000000000006e5,crop_loss,8.371890493212815,0.6171178631755025,0.29438168045127244
10,1,00000000000000000151,built_loss,5.563955985119014,0.2616276443105411,0.1354424954514559
10,1,000000000000000001be,built_loss,4.629071143657272,0.6888538689302994,0.2636778094143055
10,1,0000000000000000034d,built_loss,2.651319269024367,0.42930973746242385,0.13971948502042014
10,1,000000000000000003c7,crop_loss,7.247576951064792,0.6832016211725791,0.26285976610988326
10,1,0000000000000000004a,built_loss,6.677665902705255,0.4684432984729741,0.08041706896066264
10,1,00000000000000000206,built_loss,8.701454065929061,0.7264596482168025,0.6432149832269255
10,1,000000000000000002a4,built_loss,6.753425637950287,0.3948120077649884,0.1953932249328557
10,1,000000000000000004f5,built_loss,5.056009504248726,0.5145516700515365,0.25134607487536836
10,1,000000000000000002cc,crop_loss,9.50474270223529,0.39950720427514974,0.5810651256434858
10,1,000000000000000006cc,crop_loss,9.068494744959525,0.3605471185472541,0.2020398976116024
10,1,0000000000000000016c,crop_loss,8.513949092707367,0.45044191511471987,0.300150835872568
10,2,00000000000000000085,built_loss,5.802155401211448,0.33518622193705166,0.19072171113470687
10,2,00000000000000000114,built_loss,6.981259073311856,0.6386391233489215,0.18119376958847278
10,2,0000000000000000024c,built_loss,8.989045898986696,0.7785713210973734,0.1820696825782535
10,2,00000000000000000375,built_loss,8.762522428171664,0.5667135734087387,0.24844515948619267
10,2,000000000000000004d2,built_loss,6.43675862773582,0.6853036683907388,0.2609883917630058
10,2,000000000000000005bd,built_loss,4.149314086676679,0.5592615210583728,0.26092718894346417
10,2,00000000000000000281,crop_loss,8.336206911848665,0.49087313803562166,0.16814201076924856
10,2,000000000000000003a2,crop_loss,7.8400557107188265,0.24937672145075282,0.24956605726611017
10,2,00000000000000000001,built_loss,8.442474418836564,0.4966690517553223,0.2225358113148152
10,2,00000000000000000049,built_loss,3.689292066361913,0.5371577762442904,0.15493693292529082
10,2,0000000000000000004f,built_loss,9.483547790755358,0.38717278930135535,0.2644206820718117
10,2,0000000000000000005a,built_loss,8.861140462385665,0.4600693206161941,0.1167009431094691
10,2,00000000000000000079,built_loss,8.1944698178093,0.6356645475221303,0.24032377008661332
10,2,00000000000000000087,built_loss,9.027108661847842,0.5473350140183671,0.30917182723750747
10,2,000000000000000000a1,built_loss,5.576828760362585,0.47496598193303435,0.21434352555280295
10,2,000000000000000000b8,built_loss,5.864662398804912,0.4419292480652263,0.42329438490012267
10,2,000000000000000000c0,built_loss,8.514527953506713,0.6497110800009016,0.2761153414603718
10,2,000000000000000000e2,built_loss,6.393903801705568,0.3826668020754434,0.19958066970925614
10,2,000000000000000000f0,built_loss,7.305450589712089,0.6907277519393829,0.2619125527728273
10,2,000000000000000000f8,built_loss,9.098064028587432,0.6083931153193736,0.26143138947101063
10,2,0000000000000000011c,built_loss,5.358735083662683,0.6827960096282862,0.2883744716608747
10,2,00000000000000000161,built_loss,7.818639635880341,0.7276775602962554,0.18953392866849228
10,2,0000000000000000016a,built_loss,4.847144826056565,0.29814332641382596,0.1850385334375273
10,2,00000000000000000176,built_loss,7.902917278481212,0.6289820828525987,0.1317894744621696
10,2,000000000000000001a8,built_loss,8.774561072336912,0.5402887296092331,0.24743782002654907
10,2,000000000000000001cd,built_loss,8.97260767774761,0.6738651035432309,0.3156762549929403
10,2,000000000000000001e5,built_loss,6.8607477231941605,0.5742512460914712,0.24075019121872
10,2,00000000000000000209,built_loss,9.88302154919404,0.5458558764646196,0.2655740117992432
10,2,00000000000000000231,built_loss,8.701884007250955,0.5957748319457415,0.18616883233932546
10,2,0000000000000000026d,built_loss,6.3729792624464014,0.6304507256301957,0.22489457192850515
10,2,00000000000000000278,built_loss,6.561664890693453,0.7721368064177311,0.17204281625880558
10,2,00000000000000000293,built_loss,7.571709959721993,0.47034264348586813,0.3066492783745544
10,2,00000000000000000316,built_loss,2.3609945855292427,0.12521609844494694,0.09834058201103565
10,2,00000000000000000356,built_loss,9.087911621372148,0.5908718260294386,0.36637476513843675
10,2,00000000000000000362,built_loss,7.268659868034729,0.5012296098345703,0.27588611784144007
10,2,00000000000000000363,built_loss,7.288025226131412,0.21733592681095476,0.23073702147063702
10,2,00000000000000000364,built_loss,9.150583404791767,0.548227666751195,0.2851874990883677
10,2,00000000000000000380,built_loss,9.46523441899227,0.5196300884835943,0.1773659854539621
10,2,00000000000000000384,built_loss,7.705510646402646,0.6018811374863239,0.11607557230720755
10,2,0000000000000000039e,built_loss,5.159076651900183,0.4551532114234695,0.1552087577362758
10,2,000000000000000003a1,built_loss,7.365153262505953,0.5674213146914502,0.17906727453016863
10,2,000000000000000003a5,built_loss,7.847511743493838,0.40245160162279175,0.3372334448122688
10,2,000000000000000003b7,built_loss,5.182451777743402,0.4631503382841424,0.16997068252277542
10,2,000000000000000003bf,built_loss,8.764946067383823,0.4999930625565267,0.12959229396983862
10,2,000000000000000003d2,built_loss,9.020376431259816,0.5959335391903551,0.2975441635062169
10,2,000000000000000003f8,built_loss,4.278732076814439,0.18371878414834014,0.09632652822650561
10,2,000000000000000003fa,built_loss,6.9963974985052975,0.44622687232159597,0.19398720453406598
10,2,00000000000000000407,built_loss,7.043718593954395,0.6190924765335047,0.1510407368935044
10,2,0000000000000000040f,built_loss,8.655440614146753,0.5337947951859363,0.08168892475521561
10,2,00000000000000000426,built_loss,7.262539517144838,0.6245897595154363,0.2255833654585086
10,2,0000000000000000042b,built_loss,8.525640634793215,0.5736353547282863,0.23655027169990422
10,2,00000000000000000442,built_loss,3.8678380222737085,0.28089130613854024,0.4557303634910482
10,2,00000000000000000465,built_loss,8.606819203156576,0.6246228426793147,0.23052149744521766
10,2,0000000000000000047e,built_loss,7.445916655404076,0.5882678648120441,0.14762315129816295
10,2,00000000000000000490,built_loss,9.878733218669463,0.6063085806393104,0.2098066289744902
10,2,000000000000000004c0,built_loss,8.579145024692279,0.672229440286724,0.19119049424172985
10,2,000000000000000004c5,built_loss,6.844344664774355,0.47365047131945165,0.23575534042971602
10,2,000000000000000004d9,built_loss,7.155049676720405,0.5348797427352854,0.1231115037203927
10,2,000000000000000004eb,built_loss,9.063985013137422,0.4439016546736311,0.1303910383463573
10,2,000000000000000004f7,built_loss,5.628870898638955,0.48933328896082223,0.10332461865042109
10,2,000000000000000004fe,built_loss,5.8473111063845,0.46013256057019986,0.1273228241880962
10,2,0000000000000000051d,built_loss,8.445643922997228,0.47607330081841637,0.3641514717268581
10,2,00000000000000000559,built_loss,8.112193844072037,0.7296841349690194,0.2689544684565309
10,2,00000000000000000576,built_loss,6.172819207110469,0.232477472558241,0.2175650193513328
10,2,00000000000000000577,built_loss,5.877360183308026,0.48902322989111496,0.3942457999282632
10,2,0000000000000000057f,built_loss,1.973110145539019,0.47961959911343816,0.34835650540493335
10,2,00000000000000000594,built_loss,6.7876356507914535,0.6002300600062515,0.46220940189136944
10,2,000000000000000005ad,built_loss,8.821662992277023,0.6315185045946181,0.23095132555250508
10,2,000000000000000005bf,built_loss,7.577465497081309,0.36824412181622357,0.15368294338188915
10,2,000000000000000005cc,built_loss,4.952404667106163,0.33583068525134313,0.14685278684434866
10,2,000000000000000005de,built_loss,8.124632070039667,0.3963188489335986,0.20311319640966413
10,2,000000000000000005e7,built_loss,7.910773305394726,0.5551498316233975,0.37585694629795574
10,2,000000000000000005f9,built_loss,7.88137545323331,0.5255608704703822,0.34038765380340336
10,2,0000000000000000061c,built_loss,6.356512540820835,0.36971208880143,0.2836895604979458
10,2,00000000000000000624,built_loss,3.83085892702721,0.5411276916364319,0.25260538230482105
10,2,00000000000000000626,built_loss,6.267248048357753,0.5431115695516477,0.17239569125736326
10,2,0000000000000000062a,built_loss,7.281364777320642,0.5724722395563347,0.22239704076571237
10,2,00000000000000000636,built_loss,6.741128129708192,0.4127919174920557,0.23602991306189475
10,2,0000000000000000064a,built_loss,2.78655376227329,0.33391733605647933,0.09664446069465815
10,2,0000000000000000064d,built_loss,5.217490071474774,0.39849909651550586,0.22611277236431498
10,2,00000000000000000694,built_loss,7.7743692694171385,0.3711905382241547,0.14596315766222517
10,2,0000000000000000069d,built_loss,9.211306418715711,0.6285213892997815,0.3298129549945854
10,2,000000000000000006b7,built_loss,7.19691806885135,0.4304679544169742,0.11359644922589734
10,2,000000000000000006df,built_loss,7.459862794645079,0.30285037056994457,0.2881371983649764
10,2,000000000000000006e3,built_loss,8.696166153360243,0.3845035023802442,0.29988243477688686
10,2,00000000000000000011,crop_loss,8.966217641395751,0.8252317613962596,0.5110489798423825
10,2,0000000000000000002b,crop_loss,9.258246942864591,0.24366902086096276,0.4709971440173536
10,2,0000000000000000002d,crop_loss,9.007439307112161,0.43135217906104456,0.22020865845772924
10,2,0000000000000000003a,crop_loss,8.36879340264376,0.2705704374137148,0.20617992940492919
10,2,0000000000000000009b,crop_loss,5.918541824093956,0.499846224616145,0.06709231194359816
10,2,0000000000000000009d,crop_loss,5.896568024813047,0.4023657751508673,0.23141530354356932
10,2,000000000000000000a8,crop_loss,7.7941211167234865,0.21775037581677245,0.06707023021063024
10,2,000000000000000000da,crop_loss,7.004741630869359,0.754170308648166,0.20190739773116273
10,2,000000000000000000e3,crop_loss,8.97967550835114,0.5163909537181166,0.24586350788302141
10,2,000000000000000000e9,crop_loss,5.534341534774834,0.34036451362063974,0.2965119304010634
10,2,0000000000000000011b,crop_loss,9.651873101880417,0.49273820201842844,0.15230922347442638
10,2,00000000000000000128,crop_loss,8.871517478361161,0.46620868610217897,0.10208178144402402
10,2,00000000000000000192,crop_loss,8.904685984524708,0.6016672709601238,0.1282031308772038
10,2,00000000000000000196,crop_loss,5.780246554077418,0.1893559403246282,0.12320895385611075
10,2,000000000000000001a6,crop_loss,8.29476449829879,0.24632684901451252,0.1954999697113044
10,2,000000000000000001e4,crop_loss,8.648341639915904,0.5907992626492476,0.14572188105893435
10,2,000000000000000001f9,crop_loss,8.950593541510639,0.6878608701106107,0.4313735793171632
10,2,00000000000000000228,crop_loss,8.164666409065122,0.6509758949251784,0.18204831227418017
10,2,0000000000000000028c,crop_loss,3.0730283825304983,0.30880530290186126,0.17616743719743513
10,2,0000000000000000028d,crop_loss,7.623502093443111,0.6883176074291144,0.20217410037738737
10,2,00000000000000000291,crop_loss,8.945733009234555,0.8557069716814878,0.13057789034286893
10,2,000000000000000002c5,crop_loss,8.607229963713348,0.4290528275717343,0.21620410093638887
10,2,000000000000000002dc,crop_loss,8.729478073892642,0.48993756654568893,0.3173407653284401
10,2,000000000000000002e4,crop_loss,9.687065242591302,0.32403257304804406,0.34916937868820286
10,2,000000000000000002ec,crop_loss,7.958432176003416,0.4259977921549958,0.2759905602802494
10,2,00000000000000000314,crop_loss,7.298959232785526,0.139300542459539,0.19553532681017055
10,2,00000000000000000335,crop_loss,9.818652929973952,0.312736717784376,0.489503877269148
10,2,0000000000000000033a,crop_loss,6.3388326110320445,0.5553777894055044,0.16902292493125776
10,2,000000000000000003b0,crop_loss,8.678975093778513,0.16274266241058102,0.2778362927229958
10,2,000000000000000003c8,crop_loss,9.518404107148019,0.2123023811625133,0.2705418748902275
10,2,000000000000000003f1,crop_loss,9.732957544104606,0.5070983907602149,0.3207125800339735
10,2,000000000000000003f2,crop_loss,9.100315674083273,0.4735810857040372,0.3503170927377991
10,2,0000000000000000044b,crop_loss,4.921770999732579,0.5308793850953252,0.14139423483088875
10,2,0000000000000000046c,crop_loss,9.48544109252771,0.4519292286967174,0.3707647588580747
10,2,00000000000000000480,crop_loss,6.481893151971779,0.7981184535041884,0.46130281502768183
10,2,00000000000000000483,crop_loss,5.810449869502874,0.7058184243164571,0.22717908124565378
10,2,00000000000000000485,crop_loss,7.903737498522907,0.632967120567621,0.20267553222595558
10,2,00000000000000000497,crop_loss,7.833583251903073,0.17548164852219525,0.09672506178435304
10,2,0000000000000000049b,crop_loss,9.914856632680005,0.3817354517316081,0.21031510551627702
10,2,000000000000000004a1,crop_loss,7.821339838766129,0.46608940952632183,0.28756343382144695
10,2,000000000000000004e7,crop_loss,6.152799382686759,0.4537184247720747,0.10126267899829772
10,2,000000000000000004e9,crop_loss,4.03172037132902,0.20353411586443224,0.423357438970687
10,2,000000000000000004ee,crop_loss,8.15411939598595,0.5052303428993877,0.3168071692465946
10,2,000000000000000004f9,crop_loss,9.058162608107557,0.29178854363392864,0.25972671823494603
10,2,00000000000000000517,crop_loss,9.470770258793607,0.30724323261756825,0.3480377827342021
10,2,00000000000000000538,crop_loss,1.0288195052832787,0.2703520307370143,0.11712299842779483
10,2,0000000000000000057e,crop_loss,3.804372825507547,0.538927728517878,0.1267227415294252
10,2,000000000000000005d1,crop_loss,6.62357267351128,0.21813078540308206,0.509625595065073
10,2,00000000000000000611,crop_loss,9.800076573140652,0.6704115242807672,0.1958157071229294
10,2,0000000000000000062f,crop_loss,8.59052011524216,0.675922956918783,0.3892775431353578
10,2,00000000000000000632,crop_loss,5.066555604816352,0.07544793712942166,0.052717765370913126
10,2,0000000000000000063e,crop_loss,9.653441900272245,0.3125336961060164,0.172128370025394
10,2,00000000000000000655,crop_loss,7.108560005573213,0.5468559280651752,0.4614093893057439
10,2,00000000000000000697,crop_loss,9.277933000523443,0.60622943144617,0.19659027710974453
10,2,00000000000000000698,crop_loss,6.316502142478336,0.31195750158240626,0.20716564491048492
10,2,000000000000000006a8,crop_loss,8.631293698409383,0.2692208626812004,0.16407342120041601
10,2,000000000000000006b4,crop_loss,9.2039720174995,0.5784733094299447,0.23176220077956783
10,2,000000000000000006be,crop_loss,5.092200711324883,0.3264337905309931,0.2581735980730945
10,2,000000000000000006c0,crop_loss,3.284904690545632,0.21552335258194136,0.38758800057604137
10,2,000000000000000006ce,crop_loss,7.561721061210721,0.47987133862062464,0.1657236486089928
10,2,000000000000000006d9,crop_loss,8.607912504698852,0.24993037221836534,0.18505107930683004
10,2,000000000000000006e5,crop_loss,8.25339950866284,0.49929780141006225,0.35798927997867436
10,2,00000000000000000151,built_loss,6.234344133515377,0.29572609048546333,0.1594874338596423
10,2,000000000000000001be,built_loss,3.658517636524163,0.602978277507788,0.2571793210815229
10,2,0000000000000000034d,built_loss,3.1226137596806005,0.39153580370410895,0.1455396706956889
10,2,000000000000000003c7,crop_loss,9.243732934147662,0.6920364299450324,0.2686984448951931
10,2,0000000000000000004a,built_loss,4.975038618936902,0.43040344435490824,0.14342703625215453
10,2,00000000000000000206,built_loss,7.208696826041227,0.7865780699001692,0.20770738606342143
10,2,000000000000000002a4,built_loss,5.7207169316938025,0.37807765518861275,0.19027546481690755
10,2,000000000000000004f5,built_loss,5.1203331716946705,0.43006208587262396,0.25815848231937794
10,2,000000000000000002cc,crop_loss,6.561424820366023,0.28214495994071365,0.27440867412974573
10,2,000000000000000006cc,crop_loss,8.467904616542787,0.27963496075816185,0.1514724793018286
10,2,0000000000000000016c,crop_loss,9.173612980707878,0.43201546252499823,0.35138482366644785
10,3,00000000000000000085,built_loss,6.58768176583894,0.37436161366919374,0.29843492501184055
10,3,00000000000000000114,built_loss,7.266323936675922,0.6209122556811631,0.2389643916324935
10,3,0000000000000000024c,built_loss,9.07466245934548,0.6532796631934192,0.20218614055019368
10,3,00000000000000000375,built_loss,8.2204253273391,0.7422566546313236,0.2013608357882447
10,3,000000000000000004d2,built_loss,8.850943052004979,0.6188816514431615,0.2891199849685997
10,3,000000000000000005bd,built_loss,3.2164589694597843,0.6212079858302497,0.2571606578972819
10,3,00000000000000000281,crop_loss,8.279008460035143,0.49908363779455855,0.10148405094774704
10,3,000000000000000003a2,crop_loss,7.544357620098223,0.35904589953315674,0.3149414015768157
10,3,00000000000000000001,built_loss,6.885502364520821,0.48424661872803093,0.2597782725336006
10,3,00000000000000000049,built_loss,2.3234439329696146,0.49038877933046465,0.16885472863029533
10,3,0000000000000000004f,built_loss,9.912165743922252,0.3468371430967302,0.24480859011857417
10,3,0000000000000000005a,built_loss,9.897625696446656,0.46961116138842385,0.14645412747209202
10,3,00000000000000000079,built_loss,9.079346242746885,0.6359468484484202,0.19133685786876575
10,3,00000000000000000087,built_loss,8.229721298244511,0.6567026405446232,0.427059792987533
10,3,000000000000000000a1,built_loss,6.826593072083756,0.3966873938812707,0.16160531579898102
10,3,000000000000000000b8,built_loss,4.1940227007173,0.5273701493494598,0.39842239703601173
10,3,000000000000000000c0,built_loss,7.049757065696155,0.6712578421773338,0.2159744536289775
10,3,000000000000000000e2,built_loss,7.828822365343159,0.3871646198168606,0.2835382137315019
10,3,000000000000000000f0,built_loss,8.729633556365826,0.7027260303760687,0.294476179006667
10,3,000000000000000000f8,built_loss,8.136530694008542,0.588439856964581,0.2657994374732825
10,3,0000000000000000011c,built_loss,3.7160548879747886,0.6550616441768357,0.2276573515168045
10,3,00000000000000000161,built_loss,9.691979975378349,0.6505373573808976,0.14369446986537227
10,3,0000000000000000016a,built_loss,5.1967460488122725,0.20607646743214397,0.16254326021611387
10,3,00000000000000000176,built_loss,7.778295600023249,0.6894700567104547,0.1489363484110645
10,3,000000000000000001a8,built_loss,7.173375885663587,0.5444743381491407,0.2876226053377421
10,3,000000000000000001cd,built_loss,9.608225752531473,0.7358624799431243,0.37246953499305724
10,3,000000000000000001e5,built_loss,7.827979569797328,0.44559410020542,0.29272290838767306
10,3,00000000000000000209,built_loss,8.368258673176703,0.6989339374944571,0.3200155602893949
10,3,00000000000000000231,built_loss,7.834646587612591,0.5027659103534489,0.2240329759557922
10,3,0000000000000000026d,built_loss,7.581366042380635,0.6026889751508339,0.2517843381604858
10,3,00000000000000000278,built_loss,7.792324610047496,0.827895377304785,0.17622799027775815
10,3,00000000000000000293,built_loss,8.104082529518594,0.47778789022986784,0.2583708747047736
10,3,00000000000000000316,built_loss,1.781857643576519,0.12133988340608917,0.13736229250034906
10,3,00000000000000000356,built_loss,8.289215875092227,0.5116755734240502,0.37721427970852217
10,3,00000000000000000362,built_loss,8.246287048783124,0.6158643153357375,0.1855882884632345
10,3,00000000000000000363,built_loss,8.5947583935247,0.203129233353203,0.14407573840701085
10,3,00000000000000000364,built_loss,8.755497744693995,0.551707225294618,0.35691177153823095
10,3,00000000000000000380,built_loss,7.231483803792654,0.5361199336076011,0.263208364158452
10,3,00000000000000000384,built_loss,7.081205853873813,0.5360624863007608,0.18397612883540893
10,3,0000000000000000039e,built_loss,5.260060286871714,0.5421278088820961,0.12749940699757722
10,3,000000000000000003a1,built_loss,6.583932482788286,0.7033474526372759,0.11517933290268578
10,3,000000000000000003a5,built_loss,8.124884423518454,0.5164365606748823,0.2130680375212638
10,3,000000000000000003b7,built_loss,7.1016978259521455,0.42905635897295924,0.11568654930943695
10,3,000000000000000003bf,built_loss,8.693551246629283,0.47539596679009094,0.24981095053186048
10,3,000000000000000003d2,built_loss,8.079881173435135,0.5629702661669022,0.302167935818102
10,3,000000000000000003f8,built_loss,4.574464584155417,0.2233853248329145,0.13541105431243622
10,3,000000000000000003fa,built_loss,9.29762811808773,0.3918641668032674,0.22106812035109596
10,3,00000000000000000407,built_loss,7.81796065516403,0.5809137764932232,0.3089506353448555
10,3,0000000000000000040f,built_loss,6.53360917614121,0.533004979380285,0.1616117705472206
10,3,00000000000000000426,built_loss,7.804797685762648,0.5907431980397567,0.1813155858252028
10,3,0000000000000000042b,built_loss,7.182719811097065,0.5797942573274607,0.26460237413490856
10,3,00000000000000000442,built_loss,3.4409970282248814,0.35141571827793616,0.54596607527721
10,3,00000000000000000465,built_loss,8.265833548181128,0.7355182100021678,0.2605617503835639
10,3,0000000000000000047e,built_loss,5.601229033801283,0.5904343651552959,0.13471787708533034
10,3,00000000000000000490,built_loss,8.160208527263542,0.7420320632082681,0.298244599773843
10,3,000000000000000004c0,built_loss,9.713183260730702,0.6224029401668709,0.16190172134663172
10,3,000000000000000004c5,built_loss,7.090330038385837,0.5840504817634768,0.246152017157362
10,3,000000000000000004d9,built_loss,7.904287826979125,0.546810067833144,0.2250768253558289
10,3,000000000000000004eb,built_loss,8.985837528272029,0.43030302688216127,0.18184307899392876
10,3,000000000000000004f7,built_loss,5.680783046144328,0.42151523816499253,0.10031861826049748
10,3,000000000000000004fe,built_loss,7.224558605553345,0.5769681537905247,0.1524796925214033
10,3,0000000000000000051d,built_loss,5.987137766205986,0.4903445822915585,0.3137298802365203
10,3,00000000000000000559,built_loss,7.530760713688824,0.6851003697233247,0.2299964623564984
10,3,00000000000000000576,built_loss,5.050114297845083,0.29571856851555695,0.1916401374120581
10,3,00000000000000000577,built_loss,6.989101970912897,0.42801755495613764,0.3496994480634853
10,3,0000000000000000057f,built_loss,2.1740055054179934,0.4083549081952624,0.14631355867679563
10,3,00000000000000000594,built_loss,6.769514768993421,0.7415381855093923,0.5586916987007471
10,3,000000000000000005ad,built_loss,8.848893149018595,0.6596628587648167,0.17659862838922358
10,3,000000000000000005bf,built_loss,9.012560009325936,0.3332560879584142,0.22755525672244936
10,3,000000000000000005cc,built_loss,8.515702832703543,0.3857867719226527,0.11109443530132274
10,3,000000000000000005de,built_loss,7.7749900557595915,0.3843043834942706,0.140025435725937
10,3,000000000000000005e7,built_loss,9.515693750942074,0.41736636163121643,0.41333579868695736
10,3,000000000000000005f9,built_loss,8.459393036999284,0.6029225423948373,0.2266696842907931
10,3,0000000000000000061c,built_loss,6.034403947643232,0.4182929062800868,0.24285896047972544
10,3,00000000000000000624,built_loss,4.023811696234847,0.5269906099882521,0.33446395166372705
10,3,00000000000000000626,built_loss,6.645964688020241,0.5053136188022657,0.15934366356391821
10,3,0000000000000000062a,built_loss,8.43076822383882,0.6260875764796777,0.17866192629152822
10,3,00000000000000000636,built_loss,7.710578606207181,0.3942359463573556,0.44707830300350815
10,3,0000000000000000064a,built_loss,3.3577938335242963,0.3250234118252253,0.09763271138504259
10,3,0000000000000000064d,built_loss,8.717097082128552,0.3657254467616278,0.17494276733111164
10,3,00000000000000000694,built_loss,6.867329225186996,0.3316259624318907,0.16496725941103513
10,3,0000000000000000069d,built_loss,8.469884110368836,0.6585025711373198,0.1826669341821775
10,3,000000000000000006b7,built_loss,7.253511003140203,0.43992755689797447,0.19130471408822008
10,3,000000000000000006df,built_loss,5.24100654998914,0.37096108767259717,0.5295647760178954
10,3,000000000000000006e3,built_loss,8.881271087652937,0.4536452095220348,0.28045778880282646
10,3,00000000000000000011,crop_loss,6.328405246689625,0.42491986962086575,0.649210835344334
10,3,0000000000000000002b,crop_loss,7.98907413993276,0.5907220866000719,0.5992473107346769
10,3,0000000000000000002d,crop_loss,9.715205380264218,0.46740256260494645,0.25954233961479733
10,3,0000000000000000003a,crop_loss,9.024892252778615,0.27684039061365356,0.2726287689185903
10,3,0000000000000000009b,crop_loss,8.531618471745835,0.517999626324612,0.06126467582939188
10,3,0000000000000000009d,crop_loss,7.007752927256927,0.34258114789803845,0.1948890408399711
10,3,000000000000000000a8,crop_loss,7.606994908681677,0.19909381521726213,0.060449184666463984
10,3,000000000000000000da,crop_loss,7.883634445090346,0.7303140573917076,0.22841422020761282
10,3,000000000000000000e3,crop_loss,8.119286790641073,0.5186795024909924,0.17799404687136133
10,3,000000000000000000e9,crop_loss,3.3477620028787873,0.33206446848263993,0.12138569823033907
10,3,0000000000000000011b,crop_loss,8.5535779320717,0.4793672853336731,0.14452492034904235
10,3,00000000000000000128,crop_loss,7.742669841007249,0.5063322827459414,0.12743981733249482
10,3,00000000000000000192,crop_loss,9.423722030273277,0.578762240013222,0.16910309071529733
10,3,00000000000000000196,crop_loss,8.93205376876864,0.20351746210041685,0.0872569728243823
10,3,000000000000000001a6,crop_loss,7.5606734274431755,0.22993351463610812,0.23632887626402108
10,3,000000000000000001e4,crop_loss,9.645779864728766,0.4851970839125164,0.16729520929324704
10,3,000000000000000001f9,crop_loss,8.759463643831829,0.5742541052847939,0.3853620987008383
10,3,00000000000000000228,crop_loss,6.991079637603108,0.3982301332575297,0.5516325825824986
10,3,0000000000000000028c,crop_loss,3.3362749111478482,0.24716437931361973,0.2573642258476936
10,3,0000000000000000028d,crop_loss,9.073477077150601,0.6683919707379575,0.4902780741278236
10,3,00000000000000000291,crop_loss,6.9259338129842805,0.8582225649912398,0.2144994357706972
10,3,000000000000000002c5,crop_loss,8.580787862178385,0.3940808591486009,0.21968408567019532
10,3,000000000000000002dc,crop_loss,9.717466663692221,0.7149504135472919,0.24785974455237225
10,3,000000000000000002e4,crop_loss,7.815570104518691,0.274690973254485,0.2959270764738964
10,3,000000000000000002ec,crop_loss,9.588338729587237,0.5408792729139137,0.272401161064323
10,3,00000000000000000314,crop_loss,8.085923916986584,0.0406459384701293,0.14437686435899957
10,3,00000000000000000335,crop_loss,9.458475965832488,0.5130090116558403,0.28691867362629647
10,3,0000000000000000033a,crop_loss,7.038174050118218,0.4971532157674512,0.30591670083410216
10,3,000000000000000003b0,crop_loss,9.554475177253295,0.19039705879072635,0.19366680150099885
10,3,000000000000000003c8,crop_loss,8.916476619539896,0.21650633133116373,0.18620005862923208
10,3,000000000000000003f1,crop_loss,9.794968106974089,0.5872390270972674,0.2708186649460107
10,3,000000000000000003f2,crop_loss,9.801404379992658,0.4781177927038982,0.17446700496457995
10,3,0000000000000000044b,crop_loss,8.248062470123177,0.5170467008596642,0.1487517442279962
10,3,0000000000000000046c,crop_loss,9.020594142283494,0.4478243453503648,0.3712771234934506
10,3,00000000000000000480,crop_loss,4.998753406397292,0.6630527065204669,0.5256810558437093
10,3,00000000000000000483,crop_loss,7.9108282123038,0.7555462759049213,0.15733735117710157
10,3,00000000000000000485,crop_loss,9.304777774383444,0.7232395119263655,0.22441839046674183
10,3,00000000000000000497,crop_loss,9.036206527974661,0.21928234136840533,0.25311348493029495
10,3,0000000000000000049b,crop_loss,8.878515554693557,0.3271120708587773,0.18381133357894616
10,3,000000000000000004a1,crop_loss,9.164591488613704,0.3831042871962385,0.2968128174114554
10,3,000000000000000004e7,crop_loss,6.887050623891656,0.4406010378934422,0.12668740544465895
10,3,000000000000000004e9,crop_loss,9.534910266398429,0.26445021014498893,0.2737662293799112
10,3,000000000000000004ee,crop_loss,6.289181509648394,0.36930216916142383,0.3212140209747585
10,3,000000000000000004f9,crop_loss,7.2148066451022,0.2772675794522973,0.21291136628186327
10,3,00000000000000000517,crop_loss,9.751507679355045,0.30468438706403556,0.4426995897741408
10,3,00000000000000000538,crop_loss,1.07280266501656,0.27537801490313835,0.08452155619866072
10,3,0000000000000000057e,crop_loss,3.1141320919218183,0.5165848554482855,0.14247606081025183
10,3,000000000000000005d1,crop_loss,8.307207337481634,0.12124860566791805,0.1489328158673094
10,3,00000000000000000611,crop_loss,9.219623181198951,0.7108127955833398,0.21753257329783915
10,3,0000000000000000062f,crop_loss,8.14898557097319,0.6847278251913195,0.46985533855902967
10,3,00000000000000000632,crop_loss,5.517583471370275,0.08886906786653115,0.09306584289805847
10,3,0000000000000000063e,crop_loss,9.21148011791349,0.24309372789471612,0.17941816218380088
10,3,00000000000000000655,crop_loss,9.150945246842104,0.6780624209666339,0.29647428543050997
10,3,00000000000000000697,crop_loss,8.432134817507693,0.6704212810740882,0.1902013014175128
10,3,00000000000000000698,crop_loss,8.640641226845409,0.47978046787698564,0.16483903128684513
10,3,000000000000000006a8,crop_loss,9.516069618525183,0.483095613122714,0.42769386565638556
10,3,000000000000000006b4,crop_loss,8.426053478217513,0.4343762521979123,0.4215182915482949
10,3,000000000000000006be,crop_loss,7.839625130155836,0.4025100054285708,0.2543288820283041
10,3,000000000000000006c0,crop_loss,2.9148352662664676,0.18155616771491304,0.23020673396278113
10,3,000000000000000006ce,crop_loss,6.373303789078227,0.5605840494028468,0.43148475619028565
10,3,000000000000000006d9,crop_loss,9.804370095909738,0.21003410469384162,0.17997497257171152
10,3,000000000000000006e5,crop_loss,9.854627911720675,0.4698383561762296,0.2794976689629151
10,3,00000000000000000151,built_loss,7.053140334540248,0.28868654335591537,0.19470427137665508
10,3,000000000000000001be,built_loss,4.338879788543851,0.544634078880603,0.18177865004071997
10,3,0000000000000000034d,built_loss,4.547627566330168,0.5006197226477408,0.3705346003975697
10,3,000000000000000003c7,crop_loss,7.49992086085536,0.6969433610505706,0.18130592300803205
10,3,0000000000000000004a,built_loss,5.66408873270255,0.40643539742455453,0.13768323959316292
10,3,00000000000000000206,built_loss,9.780398237425523,0.6374596655191147,0.5705451393497021
10,3,000000000000000002a4,built_loss,7.660825257643111,0.4018804988750006,0.2137480165442936
10,3,000000000000000004f5,built_loss,5.248434105116173,0.49907320354059076,0.21933972629478726
10,3,000000000000000002cc,crop_loss,7.817346716303565,0.6332964214040685,0.3931845695756094
10,3,000000000000000006cc,crop_loss,9.483454507042344,0.29653606577920105,0.24808992432158636
10,3,0000000000000000016c,crop_loss,8.111416330622923,0.5532455563214721,0.38436799203455563
10,4,00000000000000000085,built_loss,5.748381054547032,0.34334805623414805,0.28235793275426146
10,4,00000000000000000114,built_loss,8.098086550230565,0.6706522114428554,0.2400905355605557
10,4,0000000000000000024c,built_loss,7.837802063010352,0.6690278658881993,0.2970444206812509
10,4,00000000000000000375,built_loss,8.173181958378287,0.6847731779156392,0.22005901403413186
10,4,000000000000000004d2,built_loss,7.077764463357157,0.6374797014996747,0.46944375296671714
10,4,000000000000000005bd,built_loss,2.9112865392356397,0.6204163688741455,0.28228035947563035
10,4,00000000000000000281,crop_loss,8.167606889265839,0.5077223739234544,0.11962847824416328
10,4,000000000000000003a2,crop_loss,8.151063851587612,0.1916524834596987,0.26094747479064095
10,4,00000000000000000001,built_loss,8.379981769573972,0.4081233723725121,0.18555232850199155
10,4,00000000000000000049,built_loss,3.2744418751550004,0.42655156639621755,0.21123852842312213
10,4,0000000000000000004f,built_loss,9.750525801328527,0.41608396541344167,0.22104780781964778
10,4,0000000000000000005a,built_loss,9.76375346692604,0.4208656452393068,0.11847006939057275
10,4,00000000000000000079,built_loss,8.038993256233539,0.6660678951586464,0.1913296472092214
10,4,00000000000000000087,built_loss,8.72281150390475,0.6145265679133785,0.312065009228254
10,4,000000000000000000a1,built_loss,5.5497469943619615,0.5337832168932642,0.18712378048069428
10,4,000000000000000000b8,built_loss,5.488849828629414,0.4701383108923492,0.4516937742360536
10,4,000000000000000000c0,built_loss,9.196930186976962,0.4825924675564186,0.2791589020068186
10,4,000000000000000000e2,built_loss,5.090291916326007,0.41176942558916724,0.2700152500858834
10,4,000000000000000000f0,built_loss,7.69018260102603,0.6926740691590493,0.373758760823465
10,4,000000000000000000f8,built_loss,9.174919442438611,0.47492437274518456,0.21992485239248732
10,4,0000000000000000011c,built_loss,7.64537293225714,0.70998480373154,0.2059455613411535
10,4,00000000000000000161,built_loss,8.194418062193517,0.6617022204793619,0.16023419069689848
10,4,0000000000000000016a,built_loss,5.094190543517873,0.16252097493013223,0.25401343232893353
10,4,00000000000000000176,built_loss,7.41293974556606,0.649347771963139,0.27791881326763496
10,4,000000000000000001a8,built_loss,8.176241322701866,0.6173682991975247,0.27405390310195427
10,4,000000000000000001cd,built_loss,8.52946050812194,0.6817533345253591,0.2618868128665829
10,4,000000000000000001e5,built_loss,3.7732800112053004,0.6351984295422546,0.1601346473952473
10,4,00000000000000000209,built_loss,9.424682798341008,0.5501461592439687,0.18144596367040716
10,4,00000000000000000231,built_loss,9.298905172211043,0.5719725657669243,0.23401990230424013
10,4,0000000000000000026d,built_loss,7.662171572388492,0.467500651929955,0.23992197260142167
10,4,00000000000000000278,built_loss,7.973625396266743,0.8437136483339713,0.13438219502894055
10,4,00000000000000000293,built_loss,5.553512951141376,0.4672144009603799,0.29439232147564576
10,4,00000000000000000316,built_loss,1.647922026510991,0.09279540439728033,0.16394781045865267
10,4,00000000000000000356,built_loss,8.411954387540687,0.6838756731994694,0.2577706686776914
10,4,00000000000000000362,built_loss,8.84834012569151,0.5326387818413441,0.2915510288042897
10,4,00000000000000000363,built_loss,7.988443311611785,0.26130818429836944,0.2221664189387615
10,4,00000000000000000364,built_loss,9.280550323879867,0.6489198451731288,0.18893092771903763
10,4,00000000000000000380,built_loss,7.968669312857668,0.5241438754308219,0.24806769506934706
10,4,00000000000000000384,built_loss,7.780554450592083,0.5238801962150329,0.11935433135194984
10,4,0000000000000000039e,built_loss,7.186952347168865,0.48146228189270607,0.12291701154197321
10,4,000000000000000003a1,built_loss,8.939384196198267,0.5819112900826279,0.14173523840820634
10,4,000000000000000003a5,built_loss,8.3699303955891,0.5121591332174023,0.28160945100335333
10,4,000000000000000003b7,built_loss,7.573034654452597,0.5363431414559191,0.09597135973449694
10,4,000000000000000003bf,built_loss,8.29072196007877,0.6126931394766012,0.12575186855382003
10,4,000000000000000003d2,built_loss,6.106045387141479,0.5444782818049723,0.3316743311519071
10,4,000000000000000003f8,built_loss,4.279480738270382,0.2240764992401455,0.08857747179736256
10,4,000000000000000003fa,built_loss,8.643066442401189,0.4386687445250479,0.1753497997296551
10,4,00000000000000000407,built_loss,8.972823301557199,0.5568216270263362,0.26038587464823804
10,4,0000000000000000040f,built_loss,9.62194269750759,0.48161441384765513,0.07116495929863942
10,4,00000000000000000426,built_loss,7.835593226902257,0.5219908734441037,0.24648506300512346
10,4,0000000000000000042b,built_loss,6.9672222897026,0.43590629176356044,0.20543555259927732
10,4,00000000000000000442,built_loss,3.6034287938370495,0.25418165871878673,0.3005618827461871
10,4,00000000000000000465,built_loss,9.981024670093841,0.5944910144633467,0.32834836012189805
10,4,0000000000000000047e,built_loss,9.513251234464514,0.5511707094881985,0.20710902808601855
10,4,00000000000000000490,built_loss,9.487331677126123,0.7258360422752567,0.14042772825276406
10,4,000000000000000004c0,built_loss,9.890146263887361,0.697613183469523,0.19859884535650585
10,4,000000000000000004c5,built_loss,7.148767768973498,0.6398357248788482,0.31225717300784317
10,4,000000000000000004d9,built_loss,8.662861816964659,0.6003063418690903,0.23470286205191548
10,4,000000000000000004eb,built_loss,8.775762259577665,0.4969653244825108,0.18877095240823988
10,4,000000000000000004f7,built_loss,4.850808220719554,0.47417122209375023,0.09149787590192549
10,4,000000000000000004fe,built_loss,7.757442462885255,0.4650516315087156,0.14267322910971914
10,4,0000000000000000051d,built_loss,8.536803737717912,0.6642700217081019,0.31710016082411635
10,4,00000000000000000559,built_loss,8.050157542643513,0.6834170161082457,0.2058080257181477
10,4,00000000000000000576,built_loss,4.529040243860628,0.2685744045810796,0.2099524382904549
10,4,00000000000000000577,built_loss,4.999606846990474,0.4313673613398604,0.2440930638724783
10,4,0000000000000000057f,built_loss,2.5792333509994765,0.27300395245316084,0.13318356202050033
10,4,00000000000000000594,built_loss,8.205749104088463,0.6623413616288257,0.3592608634797316
10,4,000000000000000005ad,built_loss,8.469974487146118,0.6712430572512598,0.17539003856589208
10,4,000000000000000005bf,built_loss,7.1187125829650535,0.41650434833919564,0.2512185975082849
10,4,000000000000000005cc,built_loss,4.660724754123277,0.3236469343769618,0.14654172544430116
10,4,000000000000000005de,built_loss,6.460412321881318,0.3672292349784021,0.16400996929196326
10,4,000000000000000005e7,built_loss,7.89955791445404,0.6827896602235478,0.21271986507800278
10,4,000000000000000005f9,built_loss,7.443684295506193,0.6952728564437822,0.23223935121207595
10,4,0000000000000000061c,built_loss,8.705036423127801,0.33100471683544175,0.38457069535069466
10,4,00000000000000000624,built_loss,3.0470316175056205,0.48504956360867263,0.32852067149033165
10,4,00000000000000000626,built_loss,8.693974692694567,0.5199443509051044,0.23310861490540907
10,4,0000000000000000062a,built_loss,8.338418019331723,0.5226719724629137,0.3399849172998515
10,4,00000000000000000636,built_loss,6.896353647371697,0.40418475336953774,0.4998336830368061
10,4,0000000000000000064a,built_loss,2.5409754987732023,0.20333956211880916,0.19643776235888516
10,4,0000000000000000064d,built_loss,4.416496439823372,0.451473440353345,0.17488985992416
10,4,00000000000000000694,built_loss,9.131173856324594,0.3955912706764394,0.1079871131630043
10,4,0000000000000000069d,built_loss,8.822762243591885,0.6022251697429327,0.17023065441386798
10,4,000000000000000006b7,built_loss,9.202193490092501,0.44374892428647045,0.19087816607690283
10,4,000000000000000006df,built_loss,8.078397886659898,0.3463129472269314,0.38601838417490475
10,4,000000000000000006e3,built_loss,6.668317930223765,0.41768051199078504,0.19264535839142005
10,4,00000000000000000011,crop_loss,9.419223464849189,0.8670743230674467,0.4157519722447005
10,4,0000000000000000002b,crop_loss,9.634251566548803,0.11545173933524926,0.44274636452286115
10,4,0000000000000000002d,crop_loss,9.046281849668457,0.4659404601645258,0.24891567675326304
10,4,0000000000000000003a,crop_loss,8.871698711751398,0.3323669906390803,0.17519843850775185
10,4,0000000000000000009b,crop_loss,6.625964478832353,0.4915281067713,0.05696621024389442
10,4,0000000000000000009d,crop_loss,5.100979673304749,0.38369679300611126,0.22844092179154862
10,4,000000000000000000a8,crop_loss,9.072671792973411,0.24142812659092408,0.1177919432082328
10,4,000000000000000000da,crop_loss,8.688481506304132,0.7763369526248238,0.2566206317981392
10,4,000000000000000000e3,crop_loss,9.173800596651178,0.4887206463447196,0.2280549152897321
10,4,000000000000000000e9,crop_loss,3.853382079107636,0.3855076894280745,0.28327433222657106
10,4,0000000000000000011b,crop_loss,7.894001733186049,0.504366133164009,0.10148658321465986
10,4,00000000000000000128,crop_loss,7.532809688949383,0.5752981786991007,0.09635448242779276
10,4,00000000000000000192,crop_loss,9.418665238286268,0.5511036811974376,0.17171638335828426
10,4,00000000000000000196,crop_loss,7.755423867605046,0.20293275370777317,0.12836309433093482
10,4,000000000000000001a6,crop_loss,9.918853221943046,0.2553363615398725,0.2276069727992116
10,4,000000000000000001e4,crop_loss,8.264749522265314,0.4723987554249369,0.15356801203356946
10,4,000000000000000001f9,crop_loss,8.861882872181297,0.5173275058902499,0.5383777864547052
10,4,00000000000000000228,crop_loss,7.237533409677095,0.547653613784261,0.3351738212144442
10,4,0000000000000000028c,crop_loss,2.8636492665901123,0.3555184578030831,0.21921099337478245
10,4,0000000000000000028d,crop_loss,8.00436180807976,0.767771232042062,0.20451780238810224
10,4,00000000000000000291,crop_loss,7.2066481267953675,0.8861030992392096,0.038265704232964604
10,4,000000000000000002c5,crop_loss,7.888164203158611,0.3417192283345696,0.30649215498685367
10,4,000000000000000002dc,crop_loss,8.787656050517016,0.5155321119243144,0.20171300548992982
10,4,000000000000000002e4,crop_loss,9.969617512378306,0.3849440268208284,0.2625998833303454
10,4,000000000000000002ec,crop_loss,8.443712550006651,0.45972017479114624,0.28755136992953556
10,4,00000000000000000314,crop_loss,9.188892778746895,0.10468715763795468,0.226609377025382
10,4,00000000000000000335,crop_loss,8.398805613042219,0.5026432972870557,0.30586719173847515
10,4,0000000000000000033a,crop_loss,9.323858150263304,0.5968124022779835,0.18318482999409624
10,4,000000000000000003b0,crop_loss,8.907242480201962,0.347107884970816,0.2911287326094241
10,4,000000000000000003c8,crop_loss,8.556562756829436,0.15483534047949388,0.10223594309335957
10,4,000000000000000003f1,crop_loss,8.474370341022466,0.4980527218125043,0.2640456576250801
10,4,000000000000000003f2,crop_loss,7.967843704996461,0.41382757910012247,0.14880483451104798
10,4,0000000000000000044b,crop_loss,6.542284408726701,0.544671606282778,0.12116590517135117
10,4,0000000000000000046c,crop_loss,9.804509592186463,0.5610798357768619,0.32824547344647154
10,4,00000000000000000480,crop_loss,6.8869339208298035,0.8697877892266888,0.38133406760871846
10,4,00000000000000000483,crop_loss,7.688011283082898,0.6631023658477323,0.24947335245252178
10,4,00000000000000000485,crop_loss,8.834197976050424,0.6416386280812204,0.11709212185780493
10,4,00000000000000000497,crop_loss,9.733477195633618,0.20814402840277307,0.19660724847195746
10,4,0000000000000000049b,crop_loss,8.790186370386946,0.34856117369323397,0.11171285294515743
10,4,000000000000000004a1,crop_loss,8.336722613128527,0.34041795843184486,0.25570547938615107
10,4,000000000000000004e7,crop_loss,9.033777167475693,0.5119166949413156,0.14097047856825057
10,4,000000000000000004e9,crop_loss,6.549878381659689,0.49373451465182894,0.256781098974329
10,4,000000000000000004ee,crop_loss,8.0358320199808,0.32784754393730253,0.35804691500631414
10,4,000000000000000004f9,crop_loss,9.16160259324848,0.3722407517773249,0.3401703936629126
10,4,00000000000000000517,crop_loss,9.497766625491918,0.28299801984774664,0.34328067114366956
10,4,00000000000000000538,crop_loss,1.0684188906573888,0.34133314712742735,0.2198157108640452
10,4,0000000000000000057e,crop_loss,3.702509738822802,0.4919677606788745,0.10287186327613412
10,4,000000000000000005d1,crop_loss,6.7027581372919505,0.28818843100159414,0.2723752910794706
10,4,00000000000000000611,crop_loss,9.84161430770067,0.7233239944696814,0.21790133952112534
10,4,0000000000000000062f,crop_loss,8.923619772655579,0.37704907166421253,0.5172058380688297
10,4,00000000000000000632,crop_loss,8.881672993722848,0.07802178194150827,0.20222801570827975
10,4,0000000000000000063e,crop_loss,8.152726542838979,0.3038219515744714,0.20080609059491025
10,4,00000000000000000655,crop_loss,8.51392675418097,0.5550634378634203,0.32879905368865375
10,4,00000000000000000697,crop_loss,8.166236899471732,0.5443709061553313,0.3977790694580194
10,4,00000000000000000698,crop_loss,6.579773107352868,0.3185334926598662,0.11577219967148913
10,4,000000000000000006a8,crop_loss,9.875173648010026,0.3526304597430925,0.3021710883180258
10,4,000000000000000006b4,crop_loss,9.72263571750946,0.5231033796547829,0.3668712336174528
10,4,000000000000000006be,crop_loss,5.065632915755606,0.3607783562311724,0.16305754294089364
10,4,000000000000000006c0,crop_loss,2.6090294010791677,0.17740483259986306,0.291518639223341
10,4,000000000000000006ce,crop_loss,8.446370525787433,0.5644856865916582,0.4593056594647372
10,4,000000000000000006d9,crop_loss,8.189201099144123,0.17058633571782159,0.20377004280791527
10,4,000000000000000006e5,crop_loss,9.641837226315925,0.5744479024317923,0.2836071098687583
10,4,00000000000000000151,built_loss,8.607917413926787,0.2687703750682542,0.13313075126788013
10,4,000000000000000001be,built_loss,6.4253183706810715,0.5054925445884161,0.253075778985961
10,4,0000000000000000034d,built_loss,3.3764342172260307,0.3825287932726879,0.14691071440432546
10,4,000000000000000003c7,crop_loss,9.917635691555661,0.6922419281039397,0.3942289309175165
10,4,0000000000000000004a,built_loss,4.080097624062585,0.4703921119944477,0.13521283601813477
10,4,00000000000000000206,built_loss,8.085731082612025,0.6523216401715053,0.310715114468047
10,4,000000000000000002a4,built_loss,6.029703187043703,0.3489661960562636,0.18789106355006108
10,4,000000000000000004f5,built_loss,5.170286903042165,0.5146784247943644,0.3383655970545068
10,4,000000000000000002cc,crop_loss,7.28659384052052,0.4375341813442171,0.37269253876899877
10,4,000000000000000006cc,crop_loss,8.429848625562894,0.3686029435043659,0.1879466360505379
10,4,0000000000000000016c,crop_loss,7.814005856986694,0.4987803791315013,0.2922102249154713
10,5,00000000000000000085,built_loss,7.104245417760057,0.27725297988595915,0.12475763543684107
10,5,00000000000000000114,built_loss,9.134906770954979,0.767851691313405,0.18588589185166038
10,5,0000000000000000024c,built_loss,8.15023668278988,0.662041419948447,0.31067858669631676
10,5,00000000000000000375,built_loss,7.59998172453932,0.7842268234109626,0.1664665588784765
10,5,000000000000000004d2,built_loss,9.346303197220644,0.5774298586893943,0.22269949187929133
10,5,000000000000000005bd,built_loss,1.826939373257752,0.727031598413831,0.25173317315078225
10,5,00000000000000000281,crop_loss,8.700018401029766,0.5131009958097853,0.20131900948005177
10,5,000000000000000003a2,crop_loss,7.0651226156127835,0.2796919889697133,0.20312472280299396
10,5,00000000000000000001,built_loss,7.484937160729908,0.504422041515853,0.29073412267368887
10,5,00000000000000000049,built_loss,4.441379132997479,0.4651876168070871,0.3011947225466078
10,5,0000000000000000004f,built_loss,9.82751495219485,0.3586627874912611,0.23254683516060265
10,5,0000000000000000005a,built_loss,8.737046569033255,0.4621800038080113,0.10881800031387268
10,5,00000000000000000079,built_loss,7.373578095777126,0.6143567513729407,0.2321860411038139
10,5,00000000000000000087,built_loss,8.369953860804667,0.5489538917317787,0.24047254517029792
10,5,000000000000000000a1,built_loss,6.026628824316489,0.440212028679019,0.20482944085857907
10,5,000000000000000000b8,built_loss,6.369548038060413,0.5228606706554725,0.4646729828607954
10,5,000000000000000000c0,built_loss,7.648749401035483,0.6154070931623231,0.16717836938186714
10,5,000000000000000000e2,built_loss,7.673984298893575,0.4739042576846175,0.26546707096112204
10,5,000000000000000000f0,built_loss,9.756980168173266,0.6686557458477604,0.2600242181975865
10,5,000000000000000000f8,built_loss,8.399875453224796,0.41513700343382887,0.20074592385614476
10,5,0000000000000000011c,built_loss,4.306057641035255,0.7404113407507313,0.1602604112324063
10,5,00000000000000000161,built_loss,7.881954895272589,0.7437903286137542,0.1968563923472756
10,5,0000000000000000016a,built_loss,6.513266378084891,0.33085634257371205,0.2268738431822007
10,5,00000000000000000176,built_loss,7.077988058601485,0.627255890470233,0.22085666764176343
10,5,000000000000000001a8,built_loss,8.342891979593421,0.4819338964536945,0.2727803480743614
10,5,000000000000000001cd,built_loss,9.693464380771625,0.843479173894172,0.11745198970882142
10,5,000000000000000001e5,built_loss,8.246036498477736,0.6083167458052087,0.2510306782627038
10,5,00000000000000000209,built_loss,8.544647482037727,0.5617829881803823,0.24051509600350518
10,5,00000000000000000231,built_loss,9.881696523704521,0.48217476031494416,0.2610205578170018
10,5,0000000000000000026d,built_loss,8.678441582563453,0.5050385318168373,0.2151113342775967
10,5,00000000000000000278,built_loss,8.126006166900815,0.7051484970656741,0.2148454649288586
10,5,00000000000000000293,built_loss,9.796167664077856,0.4840807987019795,0.26039789815426184
10,5,00000000000000000316,built_loss,1.800575514093858,0.0789994905111586,0.10041078038687501
10,5,00000000000000000356,built_loss,7.888020398113821,0.4855325499385631,0.32163757966570977
10,5,00000000000000000362,built_loss,9.180828130454302,0.5399880469733865,0.22816838767687037
10,5,00000000000000000363,built_loss,6.983059251104746,0.28579940314499386,0.20330871173485937
10,5,00000000000000000364,built_loss,8.2033339678632,0.646121468392697,0.21961472499046897
10,5,00000000000000000380,built_loss,8.359737504351607,0.6086478961638322,0.24693211653538677
10,5,00000000000000000384,built_loss,7.383503038537787,0.5664391300705778,0.13586758267755406
10,5,0000000000000000039e,built_loss,5.864466391351211,0.49430458191056137,0.1451636493409445
10,5,000000000000000003a1,built_loss,7.624427877959703,0.6380393308122784,0.2003451758362016
10,5,000000000000000003a5,built_loss,8.667780147676973,0.3439357727302867,0.39710718284673563
10,5,000000000000000003b7,built_loss,7.897941660519678,0.4760938924222515,0.10289193239750444
10,5,000000000000000003bf,built_loss,8.701982940047838,0.5190518162001085,0.20056774164202895
10,5,000000000000000003d2,built_loss,8.82652049819618,0.7080797142706369,0.2587734273439235
10,5,000000000000000003f8,built_loss,4.782656283399831,0.1899891158615587,0.11262667466707943
10,5,000000000000000003fa,built_loss,7.608825053166461,0.37428704423436376,0.23421654234531647
10,5,00000000000000000407,built_loss,9.004062307201563,0.5502260671505529,0.2295271330699178
10,5,0000000000000000040f,built_loss,8.37695658072181,0.4817102424276597,0.1137240193786131
10,5,00000000000000000426,built_loss,7.766234627831874,0.6383771901456275,0.11737251876386845
10,5,0000000000000000042b,built_loss,9.209841221022634,0.5446276627015414,0.2870825356098413
10,5,00000000000000000442,built_loss,3.4536083810127365,0.518040079953857,0.39159284557165847
10,5,00000000000000000465,built_loss,8.18629516961521,0.6231330569352157,0.23908554037557184
10,5,0000000000000000047e,built_loss,5.541954927749169,0.5152610594832171,0.24332754959018132
10,5,00000000000000000490,built_loss,8.675343900660375,0.6330637814669011,0.18132266626969062
10,5,000000000000000004c0,built_loss,9.853843740966235,0.6184193842355958,0.19185045309737658
10,5,000000000000000004c5,built_loss,7.258758009376031,0.5820931688846999,0.22162369581286512
10,5,000000000000000004d9,built_loss,9.190545692604172,0.5517066364959032,0.1316120710900761
10,5,000000000000000004eb,built_loss,9.31486712960838,0.48000861247379334,0.1865283616230638
10,5,000000000000000004f7,built_loss,8.721551185767172,0.5180652282648106,0.1585300485909763
10,5,000000000000000004fe,built_loss,7.615345948743264,0.4216535356216214,0.15228472197752757
10,5,0000000000000000051d,built_loss,8.325564679965273,0.3624620944027881,0.5038013784972298
10,5,00000000000000000559,built_loss,9.819233457974782,0.7335644763992812,0.2402326462621498
10,5,00000000000000000576,built_loss,5.719976998216895,0.31052187862638436,0.1834989869890027
10,5,00000000000000000577,built_loss,5.245795232046554,0.43521093134483935,0.25850488634992
10,5,0000000000000000057f,built_loss,1.885991372882069,0.2857300263236515,0.2886273281136801
10,5,00000000000000000594,built_loss,6.9799338066309895,0.666135813443305,0.49614765977027964
10,5,000000000000000005ad,built_loss,9.671130732709125,0.7251438190682761,0.1637807724966398
10,5,000000000000000005bf,built_loss,5.862628599857736,0.37273603561022434,0.1577967744964469
10,5,000000000000000005cc,built_loss,6.4224982889720295,0.3039741016931945,0.0872044894538353
10,5,000000000000000005de,built_loss,8.176785348853254,0.4566778696275316,0.12190885066262758
10,5,000000000000000005e7,built_loss,7.6581795536241515,0.6465733680658405,0.2637780761514076
10,5,000000000000000005f9,built_loss,9.070078735518178,0.5676865866158827,0.3966783320580541
10,5,0000000000000000061c,built_loss,7.823775666752727,0.3857940529920932,0.23554479153195085
10,5,00000000000000000624,built_loss,3.8669979741809235,0.46716132697858415,0.28548565733212533
10,5,00000000000000000626,built_loss,8.867153759065571,0.48206410764030977,0.15980865783356624
10,5,0000000000000000062a,built_loss,8.561375163522964,0.6167749500294216,0.24808865439044836
10,5,00000000000000000636,built_loss,6.322296917445167,0.29258873570367944,0.33151951409336367
10,5,0000000000000000064a,built_loss,2.7437788863598955,0.2954670105436451,0.20615426237255077
10,5,0000000000000000064d,built_loss,7.466367576358181,0.45456932369280595,0.2275700378223841
10,5,00000000000000000694,built_loss,8.36845768166776,0.3616157334799734,0.04008403708195318
10,5,0000000000000000069d,built_loss,9.090455182034038,0.6013609394341958,0.26580538294922074
10,5,000000000000000006b7,built_loss,6.906642067405662,0.49904200709088836,0.14254971312296
10,5,000000000000000006df,built_loss,7.563131439175838,0.24009161873538531,0.25419703439820407
10,5,000000000000000006e3,built_loss,9.633957942558727,0.461638761652442,0.25696342767770036
10,5,00000000000000000011,crop_loss,9.672546818318382,0.5102600361706945,0.6197422022373181
10,5,0000000000000000002b,crop_loss,8.055494380575789,0.29816524183830284,0.5978291322357631
10,5,0000000000000000002d,crop_loss,9.33166982583137,0.4244732546708546,0.18056448449243678
10,5,0000000000000000003a,crop_loss,9.562658667305001,0.2853127843171157,0.18853135831510937
10,5,0000000000000000009b,crop_loss,6.97760449573117,0.49970115644218377,0.06271920317344853
10,5,0000000000000000009d,crop_loss,5.240854985962489,0.4009966547146143,0.2810706774175311
10,5,000000000000000000a8,crop_loss,9.571946920365505,0.2383955234572698,0.11004139229177098
10,5,000000000000000000da,crop_loss,9.916161766633499,0.7465011463281377,0.1200775646813933
10,5,000000000000000000e3,crop_loss,9.438126762600872,0.49504792518743174,0.3802891432821928
10,5,000000000000000000e9,crop_loss,4.163470688477091,0.41835541568805606,0.24337442906736412
10,5,0000000000000000011b,crop_loss,8.378055450926677,0.45324833372788353,0.17739442733870042
10,5,00000000000000000128,crop_loss,7.655197893161276,0.5608497337166749,0.13198338163054008
10,5,00000000000000000192,crop_loss,8.170546641353067,0.5622954100023823,0.13125150513737371
10,5,00000000000000000196,crop_loss,8.747056805261469,0.30949297462968367,0.25868631115142293
10,5,000000000000000001a6,crop_loss,7.72776274714813,0.21603639554864393,0.16908405604575635
10,5,000000000000000001e4,crop_loss,9.842031026793961,0.48740586491042137,0.13647092021933127
10,5,000000000000000001f9,crop_loss,7.682748310831738,0.531945473633211,0.579917479123469
10,5,00000000000000000228,crop_loss,8.491291324791305,0.34123054907771766,0.505928967206866
10,5,0000000000000000028c,crop_loss,2.974615093064648,0.28120942086227063,0.19122677548423928
10,5,0000000000000000028d,crop_loss,7.154315899873716,0.5701446577869529,0.35312295462158283
10,5,00000000000000000291,crop_loss,6.123973645789911,0.9037812220227525,0.06976648048809153
10,5,000000000000000002c5,crop_loss,8.18976172876338,0.34222791474318637,0.3783691516731653
10,5,000000000000000002dc,crop_loss,9.368952108961961,0.7118069539939146,0.2927502730864883
10,5,000000000000000002e4,crop_loss,9.222244403160696,0.392607277266358,0.380842008795416
10,5,000000000000000002ec,crop_loss,6.886850120979046,0.4090124167951949,0.3138808651832328
10,5,00000000000000000314,crop_loss,6.517237869538802,0.059077786439222915,0.0978427139167174
10,5,00000000000000000335,crop_loss,9.822565762614822,0.4993927605330022,0.3618067772238154
10,5,0000000000000000033a,crop_loss,8.77188745407722,0.5314423913064703,0.30752215860943255
10,5,000000000000000003b0,crop_loss,8.925845691585216,0.2463413554665314,0.3082720640568313
10,5,000000000000000003c8,crop_loss,8.255947703628078,0.17883544931182246,0.10036944508776383
10,5,000000000000000003f1,crop_loss,9.122711985121942,0.5393973985901663,0.13276052607228234
10,5,000000000000000003f2,crop_loss,7.345898449746217,0.5021491636127863,0.11024171970712815
10,5,0000000000000000044b,crop_loss,7.058388542018049,0.5443357134995012,0.16294737806521997
10,5,0000000000000000046c,crop_loss,8.700491445243836,0.44134456181092613,0.5207203106155571
10,5,00000000000000000480,crop_loss,4.624850910507852,0.8689447194429156,0.19960306062455124
10,5,00000000000000000483,crop_loss,7.26639959643507,0.7930683064496029,0.16249974929469768
10,5,00000000000000000485,crop_loss,7.002264269691243,0.7027735926642543,0.1432845639959347
10,5,00000000000000000497,crop_loss,8.69165846033192,0.3520910534170772,0.20090648927052754
10,5,0000000000000000049b,crop_loss,8.42404847268804,0.34450876025531046,0.2514754190760482
10,5,000000000000000004a1,crop_loss,9.16920235945371,0.5013403006680565,0.2321335535856371
10,5,000000000000000004e7,crop_loss,8.169914975946043,0.4957442538623263,0.072927229235551
10,5,000000000000000004e9,crop_loss,7.05352977842628,0.4285459654546113,0.4534125128282769
10,5,000000000000000004ee,crop_loss,7.960630096762422,0.39024246455747835,0.37538355285313724
10,5,000000000000000004f9,crop_loss,9.658225984052889,0.3726184277696544,0.4391223599484575
10,5,00000000000000000517,crop_loss,6.5483347545573265,0.3043887267510031,0.4658303459379269
10,5,00000000000000000538,crop_loss,1.0775189947953714,0.37620536629705004,0.1491953126363718
10,5,0000000000000000057e,crop_loss,5.0456431779342505,0.5498724729081254,0.1299751803219143
10,5,000000000000000005d1,crop_loss,7.208552579164731,0.15432223965764408,0.34263099337612835
10,5,00000000000000000611,crop_loss,9.321643854687501,0.6184079725829236,0.1401572307861777
10,5,0000000000000000062f,crop_loss,9.215568765323328,0.4694624329990427,0.46030911299049493
10,5,00000000000000000632,crop_loss,6.234511964056583,0.0948008650230013,0.33505328553228203
10,5,0000000000000000063e,crop_loss,9.910843602076806,0.37944508467537846,0.162842194899946
10,5,00000000000000000655,crop_loss,7.984101136190559,0.3821271878174082,0.46157787159551517
10,5,00000000000000000697,crop_loss,6.256337881343086,0.5364819346791062,0.306462230997531
10,5,00000000000000000698,crop_loss,8.243515388411172,0.45432820011717506,0.20925051945485823
10,5,000000000000000006a8,crop_loss,7.2921036866622675,0.2750222540578896,0.29214889544296946
10,5,000000000000000006b4,crop_loss,7.914323251218643,0.6654404555145342,0.36342616135427486
10,5,000000000000000006be,crop_loss,5.903676997788677,0.45913570326393127,0.28040401709656426
10,5,000000000000000006c0,crop_loss,2.924473492033307,0.39840745644556896,0.4311643168541815
10,5,000000000000000006ce,crop_loss,6.82749183808892,0.5456336360905206,0.268085229287205
10,5,000000000000000006d9,crop_loss,8.723182321997898,0.10703415020693105,0.1200696295912293
10,5,000000000000000006e5,crop_loss,8.096262283795562,0.6053829402969888,0.24616265082027372
10,5,00000000000000000151,built_loss,3.054061380240798,0.23532454095097144,0.1473151732585132
10,5,000000000000000001be,built_loss,4.084216921616793,0.4459532572317573,0.20492038740445212
10,5,0000000000000000034d,built_loss,3.6746267784409046,0.4075220355479294,0.21106312808554073
10,5,000000000000000003c7,crop_loss,8.051941639656073,0.7621691345776419,0.1514296533326358
10,5,0000000000000000004a,built_loss,6.293065965848594,0.4431656600799468,0.041457677557843575
10,5,00000000000000000206,built_loss,9.910047912318978,0.5538906925580892,0.6506508790167341
10,5,000000000000000002a4,built_loss,5.55094770925118,0.4020756022642805,0.19133993218851986
10,5,000000000000000004f5,built_loss,5.809396231513662,0.4773297948528846,0.21101897471189573
10,5,000000000000000002cc,crop_loss,7.938034263337868,0.35894673643746317,0.2774705262293282
10,5,000000000000000006cc,crop_loss,7.189784725958981,0.343632400191088,0.17497583632111158
10,5,0000000000000000016c,crop_loss,9.487801750147009,0.3603447733074338,0.26473918413969877
10,6,00000000000000000085,built_loss,8.250499338998873,0.3166412086527023,0.17431398996272204
10,6,00000000000000000114,built_loss,7.601708456175549,0.7805795857585374,0.17020210064475105
10,6,0000000000000000024c,built_loss,8.350334303343228,0.7223819947481713,0.2226232152034444
10,6,00000000000000000375,built_loss,9.536812158777925,0.6904235617057183,0.2047131301352535
10,6,000000000000000004d2,built_loss,8.21800598214496,0.6699945183960089,0.2846433411721365
10,6,000000000000000005bd,built_loss,3.847663708375737,0.48263065981224035,0.26031567068237293
10,6,00000000000000000281,crop_loss,9.231317495318464,0.49991421199428987,0.17785799172708217
10,6,000000000000000003a2,crop_loss,7.380445536599161,0.33584349398717706,0.2513297070307088
10,6,00000000000000000001,built_loss,9.353050246110636,0.4231094309585206,0.18869087546117663
10,6,00000000000000000049,built_loss,3.890317586227058,0.5384180426868467,0.25900912925708747
10,6,0000000000000000004f,built_loss,8.361096759135112,0.35359311523853904,0.2962727708317523
10,6,0000000000000000005a,built_loss,9.056550312468785,0.3937860445965868,0.08160547648746624
10,6,00000000000000000079,built_loss,9.66554601906362,0.5543294875665409,0.22033763362358505
10,6,00000000000000000087,built_loss,8.35948822293524,0.5900238762360426,0.39386836211893655
10,6,000000000000000000a1,built_loss,6.768801127976935,0.4901092854550169,0.20354965851995155
10,6,000000000000000000b8,built_loss,6.175312098600745,0.44055447382632357,0.32754405936731207
10,6,000000000000000000c0,built_loss,6.4195560360433355,0.6555444000590103,0.19414033279816334
10,6,000000000000000000e2,built_loss,8.118825798499483,0.41601853775159314,0.3041720094425763
10,6,000000000000000000f0,built_loss,8.320059591845142,0.6981324800711513,0.2532795445116869
10,6,000000000000000000f8,built_loss,8.296660582299227,0.48819501423590317,0.0917736164382425
10,6,0000000000000000011c,built_loss,4.872791981442673,0.775103325432742,0.13544650223474253
10,6,00000000000000000161,built_loss,8.482961904439136,0.6437364579158004,0.16286361395892035
10,6,0000000000000000016a,built_loss,5.56911015152234,0.29866112469604333,0.2687687254803188
10,6,00000000000000000176,built_loss,5.862878828332173,0.6640218213504108,0.2476192170329899
10,6,000000000000000001a8,built_loss,7.4341607841320485,0.4280765099651021,0.20827516771362226
10,6,000000000000000001cd,built_loss,8.997111298506375,0.7462688506640693,0.22443096474588076
10,6,000000000000000001e5,built_loss,8.28821084359111,0.6179214795717018,0.22696938469050404
10,6,00000000000000000209,built_loss,8.241370984301811,0.4920834081411752,0.16896159825275814
10,6,00000000000000000231,built_loss,9.305265273221282,0.5636356478147652,0.33099321392165915
10,6,0000000000000000026d,built_loss,9.141318016019168,0.5214382141333037,0.19382128140318677
10,6,00000000000000000278,built_loss,7.570111401158971,0.7402093910300024,0.24567092551654268
10,6,00000000000000000293,built_loss,8.15904495100497,0.42149916913767704,0.27859339374822695
10,6,00000000000000000316,built_loss,1.8998637404691703,0.07343061734942259,0.1143869452743543
10,6,00000000000000000356,built_loss,6.02967079896297,0.3246578923445511,0.45697795301267224
10,6,00000000000000000362,built_loss,7.639970934156171,0.6193192675595229,0.20264336108282677
10,6,00000000000000000363,built_loss,7.4670521346244385,0.24028933610059786,0.23535183211846797
10,6,00000000000000000364,built_loss,8.602038918936207,0.626747851068502,0.20763456996733587
10,6,00000000000000000380,built_loss,8.462723633278781,0.47573145475349166,0.12906345440304373
10,6,00000000000000000384,built_loss,6.502021877074072,0.571672216577998,0.1117409839013579
10,6,0000000000000000039e,built_loss,6.3622628024939125,0.49422691003629127,0.12993723596335433
10,6,000000000000000003a1,built_loss,7.739467959528758,0.6566737536569849,0.1384682302830671
10,6,000000000000000003a5,built_loss,8.074737648711737,0.6437147403843615,0.3106081226135548
10,6,000000000000000003b7,built_loss,8.36330978510677,0.4730107031457899,0.14528466980783095
10,6,000000000000000003bf,built_loss,7.685963049931899,0.5471717081876062,0.2589936844193711
10,6,000000000000000003d2,built_loss,8.23507396616933,0.6720537980529664,0.25087095996122455
10,6,000000000000000003f8,built_loss,4.138290411774158,0.27400252781250795,0.15585232020130177
10,6,000000000000000003fa,built_loss,7.4098509376800825,0.43405424721563757,0.16246752304075807
10,6,00000000000000000407,built_loss,8.070920751529405,0.5320032673443519,0.1982937987342367
10,6,0000000000000000040f,built_loss,8.240069327943187,0.5070143815975502,0.06521909703330497
10,6,00000000000000000426,built_loss,8.458378852451533,0.5997323170251532,0.1580275518172461
10,6,0000000000000000042b,built_loss,8.283415756194746,0.5707746602082783,0.2563876342609976
10,6,00000000000000000442,built_loss,2.500989953820995,0.6385631462532722,0.53249959468808
10,6,00000000000000000465,built_loss,8.466908308801665,0.5829584233588426,0.22177210877768377
10,6,0000000000000000047e,built_loss,8.098188204577792,0.5574436684026224,0.14482704850348632
10,6,00000000000000000490,built_loss,9.90222728475153,0.6828912770863331,0.30586679864714006
10,6,000000000000000004c0,built_loss,8.947947382597745,0.6010669572109661,0.2366887358584372
10,6,000000000000000004c5,built_loss,5.491784414443551,0.6025039271808387,0.1927854061642213
10,6,000000000000000004d9,built_loss,9.559934750694396,0.5785021749705523,0.15205327508577848
10,6,000000000000000004eb,built_loss,9.19732554503807,0.5558132564848479,0.1487898008640524
10,6,000000000000000004f7,built_loss,4.158429142279587,0.46939655122829943,0.08127066658427928
10,6,000000000000000004fe,built_loss,5.921181922393394,0.5591896047950091,0.20698262502746984
10,6,0000000000000000051d,built_loss,6.055939905347261,0.4367501660381169,0.6177865421626133
10,6,00000000000000000559,built_loss,8.762350962392755,0.6735455811307888,0.2355045257376731
10,6,00000000000000000576,built_loss,5.731300779251867,0.2265751368554013,0.11569900895626523
10,6,00000000000000000577,built_loss,5.052436644683156,0.5180530985193181,0.20243239563648863
10,6,0000000000000000057f,built_loss,2.3741640607596337,0.37314610789635133,0.30019146473317293
10,6,00000000000000000594,built_loss,6.003249234252839,0.6418708580510718,0.41637797669669835
10,6,000000000000000005ad,built_loss,8.931717734790375,0.654570356055653,0.19597635912173272
10,6,000000000000000005bf,built_loss,8.410910088675315,0.3333630323394918,0.14486780732559024
10,6,000000000000000005cc,built_loss,5.783709196744275,0.37090888276852213,0.1234710780833091
10,6,000000000000000005de,built_loss,7.227363290095165,0.3848364685950196,0.13020719878427667
10,6,000000000000000005e7,built_loss,9.835267815154722,0.5940447118773706,0.3176819604573707
10,6,000000000000000005f9,built_loss,9.365187692003008,0.4701566247881104,0.28824609596251904
10,6,0000000000000000061c,built_loss,8.411002489403367,0.395490214885728,0.26580906446321895
10,6,00000000000000000624,built_loss,3.493204266559611,0.5190119907644039,0.4060834165832953
10,6,00000000000000000626,built_loss,8.712208343787808,0.5528563699789073,0.15532180650438232
10,6,0000000000000000062a,built_loss,8.545544039686845,0.5897337949089548,0.2544029262207584
10,6,00000000000000000636,built_loss,8.261810492268102,0.5531770463425022,0.5112399795846154
10,6,0000000000000000064a,built_loss,3.293431091243534,0.30767234115582076,0.08594758572138073
10,6,0000000000000000064d,built_loss,6.559296569431887,0.46903527921547533,0.3247693047214541
10,6,00000000000000000694,built_loss,8.868551955581122,0.3491295856757039,0.14096490165872122
10,6,0000000000000000069d,built_loss,7.303167620289211,0.7154906118933142,0.11638822773608082
10,6,000000000000000006b7,built_loss,9.960998167618731,0.47172124713660585,0.13548486193615172
10,6,000000000000000006df,built_loss,5.391970977307992,0.19261601138752027,0.37220589498594503
10,6,000000000000000006e3,built_loss,9.473432965021301,0.41692709014072543,0.18137623180203383
10,6,00000000000000000011,crop_loss,7.922937994720443,0.5813438342759634,0.5842374847401204
10,6,0000000000000000002b,crop_loss,7.69618547409426,0.11294809941891333,0.30968986720849306
10,6,0000000000000000002d,crop_loss,6.887747965345395,0.502026218288768,0.18336526192441094
10,6,0000000000000000003a,crop_loss,8.551338685828563,0.29462280277769454,0.1709571744119576
10,6,0000000000000000009b,crop_loss,6.180994233084237,0.4813319312025786,0.060487656970602044
10,6,0000000000000000009d,crop_loss,4.404913187155873,0.3416061575282233,0.2721057932891372
10,6,000000000000000000a8,crop_loss,8.91657113762964,0.19229931977813303,0.08736106475029426
10,6,000000000000000000da,crop_loss,9.188494971149913,0.7507780444054505,0.14080089957753783
10,6,000000000000000000e3,crop_loss,9.655920892492956,0.44377294452548877,0.3285191786099321
10,6,000000000000000000e9,crop_loss,4.521654309555889,0.33277588401447583,0.32049683160233244
10,6,0000000000000000011b,crop_loss,8.23736981417321,0.4656830504431055,0.19032881681432656
10,6,00000000000000000128,crop_loss,6.67991701371912,0.5686339054806092,0.08695665952855669
10,6,00000000000000000192,crop_loss,6.642262478636248,0.5830457241478777,0.06169339013573549
10,6,00000000000000000196,crop_loss,9.091930900961234,0.27485382169678496,0.2472627592311694
10,6,000000000000000001a6,crop_loss,7.788589572712523,0.3028588742241598,0.22040474223986634
10,6,000000000000000001e4,crop_loss,8.329308229679498,0.4839274876819665,0.2924816994344113
10,6,000000000000000001f9,crop_loss,8.39471720051203,0.4148765859833712,0.5604620279961883
10,6,00000000000000000228,crop_loss,7.955560581505901,0.44344235370281165,0.4209756771109624
10,6,0000000000000000028c,crop_loss,2.869755771225619,0.3020585861288685,0.1782556094407482
10,6,0000000000000000028d,crop_loss,6.097974577477019,0.783049825610834,0.28793043650530414
10,6,00000000000000000291,crop_loss,4.4836326303515355,0.9054589119579073,0.07897670298981374
10,6,000000000000000002c5,crop_loss,7.865993105293856,0.3191077108110192,0.376628526303026
10,6,000000000000000002dc,crop_loss,7.957859924070524,0.6679787213417725,0.2158406227166938
10,6,000000000000000002e4,crop_loss,9.02606356373332,0.365807310131787,0.32237467019290367
10,6,000000000000000002ec,crop_loss,8.842814214102372,0.4532668060910681,0.19093555358182424
10,6,00000000000000000314,crop_loss,8.708940911982326,0.09202827386310101,0.15845892764854075
10,6,00000000000000000335,crop_loss,8.968298872296213,0.5245712987298674,0.1609805913880103
10,6,0000000000000000033a,crop_loss,8.856758786992343,0.5588463261775032,0.22417337488900846
10,6,000000000000000003b0,crop_loss,8.676296190972982,0.11315164459109235,0.16881982919940855
10,6,000000000000000003c8,crop_loss,9.798447855068723,0.1805263959911817,0.236612285804334
10,6,000000000000000003f1,crop_loss,7.302148015883975,0.5021561143115159,0.27626226679429433
10,6,000000000000000003f2,crop_loss,5.903075014694853,0.46127429621552957,0.17576456726224587
10,6,0000000000000000044b,crop_loss,5.791306070683943,0.6442789319450365,0.22092938274701868
10,6,0000000000000000046c,crop_loss,9.434586868271401,0.3646778791290275,0.4852696133771004
10,6,00000000000000000480,crop_loss,4.809115822083284,0.8105653230518226,0.40139661592209186
10,6,00000000000000000483,crop_loss,6.478660585988312,0.6295921351538292,0.21669842403056438
10,6,00000000000000000485,crop_loss,8.592756558480444,0.7113887043084145,0.18938187400409867
10,6,00000000000000000497,crop_loss,9.135933202999892,0.17552307330790665,0.28919573379788654
10,6,0000000000000000049b,crop_loss,7.9399282062157575,0.3721785678935842,0.18799525813439733
10,6,000000000000000004a1,crop_loss,8.410180290973752,0.2658396976129127,0.31747303514911607
10,6,000000000000000004e7,crop_loss,7.016330172275707,0.4866871956458473,0.0821760766347161
10,6,000000000000000004e9,crop_loss,6.982915703482906,0.379378917172607,0.3557962675790982
10,6,000000000000000004ee,crop_loss,7.459690884895146,0.3068626765283217,0.37176384554523506
10,6,000000000000000004f9,crop_loss,9.941642020783334,0.24500858929975852,0.18671269732283294
10,6,00000000000000000517,crop_loss,8.463010771495254,0.2703948286836213,0.27045785550030244
10,6,00000000000000000538,crop_loss,1.041783582450754,0.3191712580451313,0.12526022227602301
10,6,0000000000000000057e,crop_loss,2.6073187115814886,0.6048957977553527,0.1469944166067857
10,6,000000000000000005d1,crop_loss,7.008465794064132,0.14933652328886005,0.34965744465415305
10,6,00000000000000000611,crop_loss,9.621797091551299,0.6674019808515267,0.17940464298869863
10,6,0000000000000000062f,crop_loss,8.060264887601033,0.49293436520798534,0.4664375907722704
10,6,00000000000000000632,crop_loss,8.602920485120501,0.08399814597006426,0.14947684684259704
10,6,0000000000000000063e,crop_loss,8.782404310239913,0.31258991204988457,0.17976620227631598
10,6,00000000000000000655,crop_loss,7.263491247581961,0.6185399648133921,0.4409113909833991
10,6,00000000000000000697,crop_loss,8.65237634932937,0.668247099112564,0.1511133834284175
10,6,00000000000000000698,crop_loss,8.736478781702953,0.3850357834714657,0.17697813786314331
10,6,000000000000000006a8,crop_loss,8.202593064843452,0.27293768529424695,0.28535216644801614
10,6,000000000000000006b4,crop_loss,7.508273981852106,0.5476111282243877,0.2550577773449692
10,6,000000000000000006be,crop_loss,7.708959760343885,0.39646230602504784,0.2082566271679041
10,6,000000000000000006c0,crop_loss,3.4948043069277483,0.1990941663929148,0.3601046169483693
10,6,000000000000000006ce,crop_loss,7.247963195267002,0.6003464374961394,0.38402719660440393
10,6,000000000000000006d9,crop_loss,8.593214272852832,0.3010167357537737,0.14208724901942282
10,6,000000000000000006e5,crop_loss,9.28786105111652,0.42006824453310715,0.20026304088210356
10,6,00000000000000000151,built_loss,6.650282035484161,0.22358262180456728,0.15724813265547505
10,6,000000000000000001be,built_loss,3.60680615890506,0.5249481409747809,0.26763460779777315
10,6,0000000000000000034d,built_loss,3.6142365448064875,0.3314749911618549,0.1599494349628937
10,6,000000000000000003c7,crop_loss,6.491699979280317,0.7667619483629914,0.159462583833188
10,6,0000000000000000004a,built_loss,6.657345598094924,0.40714206407169673,0.14137493167206888
10,6,00000000000000000206,built_loss,8.781546418183124,0.7750627043863901,0.22321804840018833
10,6,000000000000000002a4,built_loss,3.7143574604564824,0.48404631132883136,0.23330169797825945
10,6,000000000000000004f5,built_loss,5.561042634305381,0.41837080237017005,0.14963046798634694
10,6,000000000000000002cc,crop_loss,7.786438253790833,0.41260415240037634,0.466152804387136
10,6,000000000000000006cc,crop_loss,5.6233781714855295,0.3173289425440951,0.13758072134658716
10,6,0000000000000000016c,crop_loss,9.730055609781648,0.5598804321123679,0.16686295724336853
10,7,00000000000000000085,built_loss,5.106817333236805,0.3247871806293842,0.2224548416956177
10,7,00000000000000000114,built_loss,7.506013351022215,0.6370011317103722,0.2876400450464316
10,7,0000000000000000024c,built_loss,7.765254423944136,0.6744106759740458,0.3093517643929885
10,7,00000000000000000375,built_loss,8.512631030995877,0.6903129807051065,0.19704796693374682
10,7,000000000000000004d2,built_loss,9.127841041705421,0.44751586956215944,0.20631811500810243
10,7,000000000000000005bd,built_loss,4.453060655646131,0.5495243900819791,0.23440367506431886
10,7,00000000000000000281,crop_loss,8.6636899360102,0.44619862584579184,0.17827868845581174
10,7,000000000000000003a2,crop_loss,6.58888729281437,0.3955404947978767,0.2798421475416989
10,7,00000000000000000001,built_loss,8.823874677567794,0.5017804692386554,0.3221590073575767
10,7,00000000000000000049,built_loss,4.27535630620878,0.41413473121713573,0.23419766313062235
10,7,0000000000000000004f,built_loss,7.877980154364342,0.4594113119869564,0.23627738928290726
10,7,0000000000000000005a,built_loss,7.766683023105461,0.40593018265287284,0.12628660597521396
10,7,00000000000000000079,built_loss,9.82819544383518,0.6171413248083151,0.18966315654888966
10,7,00000000000000000087,built_loss,8.296678469907198,0.6330199628873566,0.3236635695542056
10,7,000000000000000000a1,built_loss,4.6350704233462805,0.42930644763697134,0.18385203949950524
10,7,000000000000000000b8,built_loss,5.726267677074488,0.7559335113192804,0.3898865253224103
10,7,000000000000000000c0,built_loss,7.674604167577913,0.6026664461215632,0.17889130258554697
10,7,000000000000000000e2,built_loss,6.475386230202632,0.29594791450760743,0.32296562956642827
10,7,000000000000000000f0,built_loss,7.988205897526546,0.7679177507861215,0.28136202344239447
10,7,000000000000000000f8,built_loss,9.611398617369241,0.6383562426147634,0.2669993404724504
10,7,0000000000000000011c,built_loss,5.492527009409483,0.7419732997351111,0.3258619923214843
10,7,00000000000000000161,built_loss,8.559605850579642,0.6826298183763274,0.22701022969009022
10,7,0000000000000000016a,built_loss,4.395958826944351,0.25960004913193807,0.2146144324881534
10,7,00000000000000000176,built_loss,8.217612020311892,0.649063869646029,0.34018894492229645
10,7,000000000000000001a8,built_loss,8.429185528522803,0.5758438600668515,0.24104696432521483
10,7,000000000000000001cd,built_loss,8.945241578933283,0.7654987828565284,0.3215131918514409
10,7,000000000000000001e5,built_loss,8.04433480099431,0.5367927876805909,0.29668328899506596
10,7,00000000000000000209,built_loss,8.5755231951825,0.6402366586774821,0.3135190274129513
10,7,00000000000000000231,built_loss,8.705569671980651,0.5409282122180356,0.14097455787815877
10,7,0000000000000000026d,built_loss,7.846651023732501,0.5615452713365605,0.24503699860742195
10,7,00000000000000000278,built_loss,6.448529555166893,0.7028054177975984,0.3313606369737666
10,7,00000000000000000293,built_loss,7.357808995451733,0.4973873402817697,0.2913750406886296
10,7,00000000000000000316,built_loss,1.857227815400678,0.12893154900895235,0.046794035316344434
10,7,00000000000000000356,built_loss,7.391811478513811,0.4865267718040245,0.4554586726928316
10,7,00000000000000000362,built_loss,9.298815331503752,0.6059579501481007,0.16851671501757448
10,7,00000000000000000363,built_loss,8.069198708446846,0.19572034900391233,0.11337217239201275
10,7,00000000000000000364,built_loss,8.628901565137763,0.6850745053769193,0.2363364021106955
10,7,00000000000000000380,built_loss,9.666206946483936,0.5365274755705537,0.18777666947182353
10,7,00000000000000000384,built_loss,6.7543654082934665,0.5909395204270086,0.13418432101173405
10,7,0000000000000000039e,built_loss,3.423069093760099,0.5119070829028707,0.12901411461323364
10,7,000000000000000003a1,built_loss,6.098271464600234,0.5585286616010587,0.21456042056566887
10,7,000000000000000003a5,built_loss,7.1823973422370555,0.5638885438951885,0.357245176059923
10,7,000000000000000003b7,built_loss,7.134792777433414,0.48007662361937825,0.0982213169988686
10,7,000000000000000003bf,built_loss,7.866496478837671,0.5331343975159456,0.09640823415756666
10,7,000000000000000003d2,built_loss,9.089230294216474,0.6315626260763253,0.38344289393876463
10,7,000000000000000003f8,built_loss,4.0832617472874855,0.23886318298135817,0.1812257440132548
10,7,000000000000000003fa,built_loss,9.084122868904554,0.4335875939757272,0.25060896714242686
10,7,00000000000000000407,built_loss,8.71058297194758,0.5513719984985626,0.27934639919644627
10,7,0000000000000000040f,built_loss,8.913922210318788,0.4966998150446861,0.07095594437895503
10,7,00000000000000000426,built_loss,9.787686343090286,0.514967154641076,0.21801610599149185
10,7,0000000000000000042b,built_loss,8.572542119631036,0.6386513191725082,0.22501826283883775
10,7,00000000000000000442,built_loss,3.7177182069760373,0.45522196631664763,0.5641640846518202
10,7,00000000000000000465,built_loss,9.23761122483527,0.6194730675054216,0.19204667494136962
10,7,0000000000000000047e,built_loss,6.6846748157621985,0.5437228260990543,0.22892799529015434
10,7,00000000000000000490,built_loss,9.86415069764434,0.6255699979659555,0.3342512221502896
10,7,000000000000000004c0,built_loss,8.402086136998662,0.6240664059015647,0.2192671488915532
10,7,000000000000000004c5,built_loss,6.231298446709283,0.6635164995050151,0.32537621406787076
10,7,000000000000000004d9,built_loss,9.280449544313502,0.5700547725526274,0.14617397542254185
10,7,000000000000000004eb,built_loss,9.1070347306576,0.4748252608497452,0.2729080265702307
10,7,000000000000000004f7,built_loss,4.940480919353068,0.475343464186238,0.14816980438893668
10,7,000000000000000004fe,built_loss,7.246661826129806,0.5334357602963696,0.19153525808845168
10,7,0000000000000000051d,built_loss,7.327124777797077,0.39282765936609765,0.3966840127530159
10,7,00000000000000000559,built_loss,7.873925121024845,0.7386106453541558,0.1409198725725358
10,7,00000000000000000576,built_loss,4.2745378641604495,0.29439469448250616,0.17913821726905998
10,7,00000000000000000577,built_loss,7.902734108479464,0.3977149611823991,0.4586973386644622
10,7,0000000000000000057f,built_loss,2.392666521767725,0.5056127190362442,0.2541083401494411
10,7,00000000000000000594,built_loss,6.9953908172135835,0.5127507372895584,0.3806080517594912
10,7,000000000000000005ad,built_loss,7.01670936796217,0.5680267401326379,0.17622830817603108
10,7,000000000000000005bf,built_loss,7.105639428904561,0.43291318489373554,0.143095488770083
10,7,000000000000000005cc,built_loss,4.027390404368442,0.36025219844039214,0.15312473797400933
10,7,000000000000000005de,built_loss,8.115430584685834,0.4229211939089215,0.133311558212506
10,7,000000000000000005e7,built_loss,9.45444007852694,0.6022467171459676,0.44323897912593674
10,7,000000000000000005f9,built_loss,6.3341788723262615,0.553831475762918,0.27950329748869385
10,7,0000000000000000061c,built_loss,8.776184704852586,0.3902936486914694,0.3063644020309327
10,7,00000000000000000624,built_loss,4.4916687559934925,0.45764450267079915,0.25940850596282883
10,7,00000000000000000626,built_loss,6.8216284649807015,0.4820964744234643,0.15959033127910838
10,7,0000000000000000062a,built_loss,6.779908636308279,0.553924243995246,0.27038460955407917
10,7,00000000000000000636,built_loss,6.572519413902474,0.37065313679706396,0.3278057182062125
10,7,0000000000000000064a,built_loss,3.367445247179782,0.3281974940296877,0.14543502884509532
10,7,0000000000000000064d,built_loss,6.130101701283801,0.44840089982746373,0.19424953203207873
10,7,00000000000000000694,built_loss,8.175901599450452,0.3597255416011604,0.1661840214869328
10,7,0000000000000000069d,built_loss,8.39307514650059,0.6097878787185216,0.2049659644417099
10,7,000000000000000006b7,built_loss,8.211601547805946,0.45999841936559643,0.20661467294231817
10,7,000000000000000006df,built_loss,7.578442448414255,0.31327813315472186,0.41701380143084527
10,7,000000000000000006e3,built_loss,7.733730938673993,0.41314990156150094,0.26738246964119683
10,7,00000000000000000011,crop_loss,8.542736223624185,0.7126448185212888,0.5124592755591254
10,7,0000000000000000002b,crop_loss,8.246682746529903,0.3050348623114217,0.5231334050211002
10,7,0000000000000000002d,crop_loss,9.267655899392253,0.45362165036194974,0.20578656395729106
10,7,0000000000000000003a,crop_loss,7.134638571388392,0.21223797244404358,0.18853984007582186
10,7,0000000000000000009b,crop_loss,7.576016943823101,0.47631971035366444,0.045848248155822335
10,7,0000000000000000009d,crop_loss,4.168005374340087,0.4451532845508108,0.12582902300515492
10,7,000000000000000000a8,crop_loss,7.342019226615228,0.24102884128511312,0.08187040724675168
10,7,000000000000000000da,crop_loss,8.533187807177356,0.7769242306918364,0.21000595720499848
10,7,000000000000000000e3,crop_loss,9.959768268242097,0.4288712938562877,0.3220939508528877
10,7,000000000000000000e9,crop_loss,2.4088614932558796,0.43620080155192,0.3402533564332326
10,7,0000000000000000011b,crop_loss,6.96035693705244,0.5068472755976596,0.13741281800913197
10,7,00000000000000000128,crop_loss,9.467759862614315,0.5716755094901056,0.16926557545236876
10,7,00000000000000000192,crop_loss,8.183289840809525,0.5505670396099493,0.10937105179806783
10,7,00000000000000000196,crop_loss,4.871843723579019,0.1936665663853046,0.09631159294007624
10,7,000000000000000001a6,crop_loss,9.711518882673523,0.2163131250449998,0.24448436111571864
10,7,000000000000000001e4,crop_loss,8.476818389577815,0.45589484310258793,0.1596949662353339
10,7,000000000000000001f9,crop_loss,9.444472538773923,0.46846426683341463,0.6423586212951033
10,7,00000000000000000228,crop_loss,8.21907572872302,0.6233917476145178,0.4561254800453478
10,7,0000000000000000028c,crop_loss,2.793679074113996,0.3514701458041164,0.26383823878528967
10,7,0000000000000000028d,crop_loss,8.646596713686462,0.6509109514345219,0.23651011609756556
10,7,00000000000000000291,crop_loss,6.964894479674197,0.8353820616934275,0.1770917577963863
10,7,000000000000000002c5,crop_loss,8.492885835898285,0.2867622413696649,0.30999030710127784
10,7,000000000000000002dc,crop_loss,9.831908248473843,0.6465499452575537,0.274825439074977
10,7,000000000000000002e4,crop_loss,9.272884209829696,0.2553305099269041,0.22787604556038016
10,7,000000000000000002ec,crop_loss,8.491297430118673,0.49253735267872234,0.32297718113720175
10,7,00000000000000000314,crop_loss,5.976769852185917,0.05556977698226451,0.09995293284053494
10,7,00000000000000000335,crop_loss,8.321884095695747,0.354872694618078,0.42894025729403645
10,7,0000000000000000033a,crop_loss,8.592771740434134,0.4449951044230674,0.22270450892723492
10,7,000000000000000003b0,crop_loss,9.604698541197829,0.20564556209021054,0.2030088623652555
10,7,000000000000000003c8,crop_loss,7.216634029273673,0.1939624020387322,0.1405884071910311
10,7,000000000000000003f1,crop_loss,8.876774967468837,0.5127031205487278,0.2292372799334499
10,7,000000000000000003f2,crop_loss,8.205571715332452,0.387857026619152,0.13253214096771576
10,7,0000000000000000044b,crop_loss,7.6571192929399805,0.5068289561594728,0.15866741606958712
10,7,0000000000000000046c,crop_loss,9.265416743763838,0.460762832794198,0.3845183990427241
10,7,00000000000000000480,crop_loss,3.824592625044681,0.5235383766732563,0.4836882646879646
10,7,00000000000000000483,crop_loss,5.027389453995138,0.7665669695526139,0.19419200156945549
10,7,00000000000000000485,crop_loss,9.749306836297254,0.6948194132328058,0.17521594523897743
10,7,00000000000000000497,crop_loss,6.952276409109183,0.1835448883569631,0.16921280137980543
10,7,0000000000000000049b,crop_loss,8.192883860582366,0.32811951694736297,0.13855640562336458
10,7,000000000000000004a1,crop_loss,9.49339861642337,0.4356889240030497,0.29523105392976845
10,7,000000000000000004e7,crop_loss,8.184382318784913,0.46568201352106564,0.13957116907559564
10,7,000000000000000004e9,crop_loss,7.276201780946242,0.283838306777264,0.2619057836931047
10,7,000000000000000004ee,crop_loss,8.451001605459801,0.49812270695799415,0.4867651285263426
10,7,000000000000000004f9,crop_loss,9.166138606416231,0.3640954553830445,0.37342139738035296
10,7,00000000000000000517,crop_loss,8.281841521609909,0.26147709383359713,0.4057782602731942
10,7,00000000000000000538,crop_loss,1.0328827082312746,0.28833881811572054,0.06863459318549853
10,7,0000000000000000057e,crop_loss,3.3926457437939215,0.5421036586193595,0.07001250327968633
10,7,000000000000000005d1,crop_loss,6.652649708785345,0.2308410488826078,0.29166844890808075
10,7,00000000000000000611,crop_loss,9.795227951490302,0.6317768315003331,0.22076318784507876
10,7,0000000000000000062f,crop_loss,8.740119590539814,0.3308985761053131,0.3130669698625792
10,7,00000000000000000632,crop_loss,6.957369019294878,0.11830695541901914,0.20874555533616562
10,7,0000000000000000063e,crop_loss,8.547268825631154,0.28621061886697746,0.2383425157299655
10,7,00000000000000000655,crop_loss,7.411560225545217,0.30396941203434974,0.2914308902190209
10,7,00000000000000000697,crop_loss,7.614792136216963,0.5833813590946731,0.16363671760756304
10,7,00000000000000000698,crop_loss,6.763074924033312,0.4694661383323447,0.2980610735774166
10,7,000000000000000006a8,crop_loss,7.663469242755601,0.21903348685486296,0.20958233879546165
10,7,000000000000000006b4,crop_loss,8.368436167888335,0.47417300097064435,0.32606394750478396
10,7,000000000000000006be,crop_loss,5.640836842357781,0.561689857864861,0.20861347289485266
10,7,000000000000000006c0,crop_loss,2.7142190077211907,0.1263714750370775,0.3702094605265874
10,7,000000000000000006ce,crop_loss,7.290014673602282,0.49176623776428396,0.30772871629463483
10,7,000000000000000006d9,crop_loss,8.317758209073812,0.24258417861504986,0.17099161455083065
10,7,000000000000000006e5,crop_loss,9.855897098253061,0.5505072699115325,0.3029931043247343
10,7,00000000000000000151,built_loss,4.288905128373327,0.3331684104453085,0.14360279572018808
10,7,000000000000000001be,built_loss,3.698730493743441,0.49577703906869786,0.22313461095603132
10,7,0000000000000000034d,built_loss,3.4172958039269554,0.4022617553799312,0.15792682891677956
10,7,000000000000000003c7,crop_loss,6.211776812380853,0.5728949593998149,0.28662877007064747
10,7,0000000000000000004a,built_loss,5.8417292322491114,0.4497120516582419,0.11850785672778841
10,7,00000000000000000206,built_loss,6.186065455077151,0.6887821976479649,0.4395626603368437
10,7,000000000000000002a4,built_loss,5.598794647766358,0.4660705442385793,0.2582658024444484
10,7,000000000000000004f5,built_loss,4.706635029443878,0.42976798527992827,0.34976348614825836
10,7,000000000000000002cc,crop_loss,7.155205586530775,0.19955606138055418,0.38925927390792664
10,7,000000000000000006cc,crop_loss,6.086045929829894,0.3458879546403585,0.09750483976743135
10,7,0000000000000000016c,crop_loss,9.797491332714255,0.5357283732956519,0.217027160938345
20,0,00000000000000000085,built_loss,10.656180636056794,0.4114343041386046,0.1651879417966749
20,0,00000000000000000114,built_loss,13.383413262594717,0.6221884411711643,0.2571557394866106
20,0,0000000000000000024c,built_loss,11.004151704840261,0.6992553603331053,0.11627792337151177
20,0,00000000000000000375,built_loss,13.57318376710484,0.7223384367550686,0.1405867072664565
20,0,000000000000000004d2,built_loss,12.376852186010575,0.6347549288571833,0.30865632499709583
20,0,000000000000000005bd,built_loss,4.706894766969321,0.5025271543326482,0.20225043817238647
20,0,00000000000000000281,crop_loss,15.052994425151894,0.524085076677609,0.1114508329963062
20,0,000000000000000003a2,crop_loss,12.379056672966158,0.35892074062902146,0.22979195286818788
20,0,00000000000000000001,built_loss,13.513133958179646,0.4713243062324581,0.13002812543272924
20,0,00000000000000000049,built_loss,4.65769775848122,0.42788748816662575,0.11607946360205595
20,0,0000000000000000004f,built_loss,16.63617431616378,0.5792999137233343,0.2517181988439788
20,0,0000000000000000005a,built_loss,14.961052441835902,0.4086785288059768,0.07472470547730675
20,0,00000000000000000079,built_loss,18.12225945164577,0.6063597738430846,0.1785315457552653
20,0,00000000000000000087,built_loss,14.823273033638987,0.6271224281774037,0.2315598247392595
20,0,000000000000000000a1,built_loss,4.786162707365152,0.4461408188105737,0.1356842560788341
20,0,000000000000000000b8,built_loss,7.668802430122043,0.55414867150415,0.4765131976937366
20,0,000000000000000000c0,built_loss,14.436216303223608,0.5982323970236001,0.15187296354746915
20,0,000000000000000000e2,built_loss,8.997478324262937,0.4685614387922648,0.21886299567239292
20,0,000000000000000000f0,built_loss,12.850295033876273,0.7184176244937971,0.16026665592902045
20,0,000000000000000000f8,built_loss,14.308423084556583,0.529114611138409,0.2025117083283785
20,0,0000000000000000011c,built_loss,5.887397868896546,0.6987393286006832,0.16255323067965943
20,0,00000000000000000161,built_loss,14.036973715829175,0.6875275327427082,0.12495198339984415
20,0,0000000000000000016a,built_loss,6.6470889162304,0.23547501225031123,0.1937402577344492
20,0,00000000000000000176,built_loss,14.81356916282133,0.6224123429949975,0.16181097196512928
20,0,000000000000000001a8,built_loss,17.76984769912428,0.6684281138405763,0.1840118017592275
20,0,000000000000000001cd,built_loss,16.19592389725604,0.633915541399387,0.19331846599498237
20,0,000000000000000001e5,built_loss,12.513626157436576,0.6449900858140007,0.1585064594797594
20,0,00000000000000000209,built_loss,18.46187087366303,0.6622232944862675,0.16626120654590903
20,0,00000000000000000231,built_loss,17.112107045125324,0.4811369457213128,0.17639396026435122
20,0,0000000000000000026d,built_loss,12.677679925327668,0.637261422760188,0.16684453162973423
20,0,00000000000000000278,built_loss,16.03998263332651,0.7953798020526687,0.11758537435770466
20,0,00000000000000000293,built_loss,11.572986074484335,0.4300954429912322,0.14438727470265406
20,0,00000000000000000316,built_loss,2.5852757711941776,0.13021364266038257,0.08073663916981934
20,0,00000000000000000356,built_loss,14.11216665710925,0.6822178291843688,0.24339317269547894
20,0,00000000000000000362,built_loss,14.193516596774383,0.5509056023458384,0.2198656528693923
20,0,00000000000000000363,built_loss,13.792909806195079,0.24699328159675196,0.1174229910009813
20,0,00000000000000000364,built_loss,16.86251600089504,0.5922556653385063,0.2380791823591356
20,0,00000000000000000380,built_loss,13.209874627614202,0.5438543787292632,0.12466115663378236
20,0,00000000000000000384,built_loss,10.966455808522745,0.5663956114942281,0.1037695036544839
20,0,0000000000000000039e,built_loss,8.08864078784119,0.5395737126849783,0.09102937400649591
20,0,000000000000000003a1,built_loss,11.835695622067679,0.6346856700817498,0.13893046131955722
20,0,000000000000000003a5,built_loss,11.179941906126592,0.398059431836812,0.19835251183999103
20,0,000000000000000003b7,built_loss,9.228128993102251,0.4940862839462277,0.09704922624188395
20,0,000000000000000003bf,built_loss,14.425024325775007,0.5253288102035145,0.16047310203738918
20,0,000000000000000003d2,built_loss,15.185386612698965,0.5477782260045858,0.2241448881933783
20,0,000000000000000003f8,built_loss,5.724833780945767,0.23289224407508716,0.12304894675216743
20,0,000000000000000003fa,built_loss,16.084605174337636,0.4156048619890509,0.15459971002466055
20,0,00000000000000000407,built_loss,14.44303883137527,0.6256346329406411,0.1723606834408956
20,0,0000000000000000040f,built_loss,15.247165919065212,0.5277696007675763,0.03863004456817942
20,0,00000000000000000426,built_loss,12.733588698287118,0.5828423897611025,0.14504179063205225
20,0,0000000000000000042b,built_loss,13.80188221554797,0.5210441557670794,0.1963651412437158
20,0,00000000000000000442,built_loss,4.246415755318009,0.33416906057909374,0.44552462737524934
20,0,00000000000000000465,built_loss,18.03787564367449,0.5671259659304224,0.15066943783085196
20,0,0000000000000000047e,built_loss,9.55981320802428,0.4981716958951041,0.10759647554224283
20,0,00000000000000000490,built_loss,13.727953419963388,0.6490156691727598,0.13031197800258598
20,0,000000000000000004c0,built_loss,14.881628844054218,0.5910257934656338,0.11480234981386361
20,0,000000000000000004c5,built_loss,10.058789237497093,0.606557153780883,0.15800736961671724
20,0,000000000000000004d9,built_loss,13.745706173206706,0.5198284700279462,0.09647716594806344
20,0,000000000000000004eb,built_loss,14.771176755295057,0.5037275078189799,0.14676739212324547
20,0,000000000000000004f7,built_loss,7.381882066193906,0.4961787090643126,0.08471568155694909
20,0,000000000000000004fe,built_loss,10.438081360277524,0.4810857699906627,0.10833849894447362
20,0,0000000000000000051d,built_loss,16.45637921815918,0.601443805209096,0.4387970167786818
20,0,00000000000000000559,built_loss,14.520610660432084,0.653688433956722,0.20498839673738178
20,0,00000000000000000576,built_loss,5.88620229652092,0.295598195976611,0.12231982709394282
20,0,00000000000000000577,built_loss,7.703926279927874,0.5003211142454144,0.23913026162622558
20,0,0000000000000000057f,built_loss,2.9737851063875786,0.4066730432584921,0.22825281213350823
20,0,00000000000000000594,built_loss,14.802793060885655,0.3996109977318694,0.30139561227214534
20,0,000000000000000005ad,built_loss,15.766527607713671,0.6257379407359005,0.1541483324200612
20,0,000000000000000005bf,built_loss,9.548303068593423,0.43629821596551316,0.16374749944262257
20,0,000000000000000005cc,built_loss,7.370373085974333,0.35612904355337494,0.1406774340689756
20,0,000000000000000005de,built_loss,10.855051827166198,0.4284644114868793,0.1017950007240056
20,0,000000000000000005e7,built_loss,14.928810593943417,0.6123380911825281,0.2752052892760981
20,0,000000000000000005f9,built_loss,10.11177855220161,0.6721175854942509,0.16814541794374038
20,0,0000000000000000061c,built_loss,10.338149498967962,0.4396007477546975,0.1796207421372732
20,0,00000000000000000624,built_loss,4.767713419510608,0.48572719757908644,0.17781570329227364
20,0,00000000000000000626,built_loss,14.032364100453835,0.5033346412819661,0.08180584426812082
20,0,0000000000000000062a,built_loss,14.801277594055849,0.5942173082632773,0.20231980151445217
20,0,00000000000000000636,built_loss,11.959167025477363,0.588078750979687,0.29578476125237796
20,0,0000000000000000064a,built_loss,3.539453567254766,0.2840277355633336,0.143711232653307
20,0,0000000000000000064d,built_loss,11.265918336608042,0.4558677601889554,0.23021400938400483
20,0,00000000000000000694,built_loss,13.350322550491931,0.3529236901981369,0.10205744591506605
20,0,0000000000000000069d,built_loss,16.947509074492874,0.6463477785925118,0.17838216362865655
20,0,000000000000000006b7,built_loss,13.099157923204904,0.4177163785944333,0.12574863254169194
20,0,000000000000000006df,built_loss,11.50694920267811,0.39205336561440185,0.25703294327937704
20,0,000000000000000006e3,built_loss,15.323673014935814,0.34486104371301596,0.1415451804231419
20,0,00000000000000000011,crop_loss,15.889272657360376,0.45573393613943636,0.48189638164441134
20,0,0000000000000000002b,crop_loss,17.142198440022177,0.15970913282078902,0.34346923212372815
20,0,0000000000000000002d,crop_loss,14.708708643213761,0.43045340788487824,0.18422407511161698
20,0,0000000000000000003a,crop_loss,16.55249584039417,0.23017103810916104,0.14584962306900665
20,0,0000000000000000009b,crop_loss,9.104458497093827,0.4951068856916215,0.03603328663847394
20,0,0000000000000000009d,crop_loss,4.391294420406521,0.4311461306053187,0.14066212915452259
20,0,000000000000000000a8,crop_loss,14.832469258604835,0.21307202963576877,0.062739862865866
20,0,000000000000000000da,crop_loss,13.392280234300342,0.7448311302502637,0.16003160150087803
20,0,000000000000000000e3,crop_loss,15.067744595303212,0.4485801363209418,0.1760770170152089
20,0,000000000000000000e9,crop_loss,4.565906154380582,0.514751174551256,0.2918925034635574
20,0,0000000000000000011b,crop_loss,11.51327496480967,0.47615949152875653,0.12585818215291023
20,0,00000000000000000128,crop_loss,13.379140857696788,0.5540948424668817,0.07640080341824873
20,0,00000000000000000192,crop_loss,18.08930917014929,0.5476420420154157,0.10772000198681203
20,0,00000000000000000196,crop_loss,12.20156083885928,0.22840610096670566,0.10523377225725633
20,0,000000000000000001a6,crop_loss,12.709494594370188,0.26503675641686975,0.28200488462865453
20,0,000000000000000001e4,crop_loss,13.695983450300815,0.47507019078502916,0.110509101434832
20,0,000000000000000001f9,crop_loss,13.955450849254719,0.4640904182552758,0.3932658933781904
20,0,00000000000000000228,crop_loss,12.07678649792477,0.5429242136983213,0.44215745113759314
20,0,0000000000000000028c,crop_loss,2.591003131196884,0.31116915527627986,0.14268341798555195
20,0,0000000000000000028d,crop_loss,13.273567703904085,0.6355250816876138,0.09090794765330212
20,0,00000000000000000291,crop_loss,11.010687349967153,0.8674715068350215,0.07059507189805547
20,0,000000000000000002c5,crop_loss,12.193341278467388,0.25770584308391925,0.16136135956965544
20,0,000000000000000002dc,crop_loss,15.546247949192555,0.6246751286298403,0.125005304735042
20,0,000000000000000002e4,crop_loss,15.40391232465367,0.329336566311195,0.18325291460233917
20,0,000000000000000002ec,crop_loss,15.892410943743812,0.5054071303004315,0.15253516691071012
20,0,00000000000000000314,crop_loss,12.718223397941586,0.16772391559998692,0.20803115726918742
20,0,00000000000000000335,crop_loss,14.513980836918314,0.5010081074517276,0.10951262482522461
20,0,0000000000000000033a,crop_loss,12.365206819946156,0.5777146900057332,0.23123906557804436
20,0,000000000000000003b0,crop_loss,18.87124486846631,0.2605668005892294,0.23041164407782316
20,0,000000000000000003c8,crop_loss,11.82154514948452,0.19249309929239428,0.16746586402638902
20,0,000000000000000003f1,crop_loss,14.18673695598871,0.4388690263979918,0.11160982439919787
20,0,000000000000000003f2,crop_loss,15.441734378762177,0.4673163853888199,0.2033741576604483
20,0,0000000000000000044b,crop_loss,8.078965961429128,0.5696582305976426,0.07586790869207338
20,0,0000000000000000046c,crop_loss,15.609951940303016,0.5079648105575073,0.3823720930354675
20,0,00000000000000000480,crop_loss,10.160113011317604,0.8933443217691787,0.07994402644364318
20,0,00000000000000000483,crop_loss,10.283786403832732,0.7166961357205704,0.17632392795955543
20,0,00000000000000000485,crop_loss,14.599754471452627,0.7204240179931811,0.09435917480272904
20,0,00000000000000000497,crop_loss,12.768796438374448,0.20884519692971276,0.1710091546738264
20,0,0000000000000000049b,crop_loss,16.421343424171102,0.3676610580006459,0.09374513164644344
20,0,000000000000000004a1,crop_loss,14.52054951616644,0.38172222237022463,0.19272872011656167
20,0,000000000000000004e7,crop_loss,12.706602124526109,0.49025943023745444,0.05915002354173521
20,0,000000000000000004e9,crop_loss,8.21451900916231,0.383019318348075,0.27293308251103676
20,0,000000000000000004ee,crop_loss,10.918758826545993,0.41404167496205474,0.41640942228947486
20,0,000000000000000004f9,crop_loss,17.30652155894083,0.46659839954977506,0.32779131948018625
20,0,00000000000000000517,crop_loss,13.27793329917285,0.4053830576828938,0.328503543077838
20,0,00000000000000000538,crop_loss,1.0673253774177636,0.2978942746857427,0.1027944995127715
20,0,0000000000000000057e,crop_loss,3.2992911200501873,0.5603872504955774,0.07911656306131365
20,0,000000000000000005d1,crop_loss,12.58637157247057,0.19631044195664593,0.2808821701181754
20,0,00000000000000000611,crop_loss,14.836483247485408,0.5959406675467203,0.1458959100143139
20,0,0000000000000000062f,crop_loss,17.464929664055237,0.6265871010387382,0.26208887596279795
20,0,00000000000000000632,crop_loss,8.829714035484344,0.07583597077232059,0.05407975025369352
20,0,0000000000000000063e,crop_loss,14.249176392692323,0.29465551517038663,0.12305737489217444
20,0,00000000000000000655,crop_loss,12.903382105771998,0.5656246310697175,0.27216065110014553
20,0,00000000000000000697,crop_loss,18.8638550807997,0.6783436221712581,0.12640742162541052
20,0,00000000000000000698,crop_loss,11.745490466364894,0.41370319366767744,0.2081271933299071
20,0,000000000000000006a8,crop_loss,16.395975765010014,0.3290246533569312,0.22513677758552134
20,0,000000000000000006b4,crop_loss,18.062781711027412,0.4705783493155675,0.23088102992011822
20,0,000000000000000006be,crop_loss,12.099833006999686,0.41016052193683616,0.20996233461323877
20,0,000000000000000006c0,crop_loss,2.3833945225067557,0.20634631253787172,0.14489535628322245
20,0,000000000000000006ce,crop_loss,13.22268562264843,0.5076303368213945,0.3444868874231887
20,0,000000000000000006d9,crop_loss,13.4313340638255,0.2136224140462482,0.13958864146719926
20,0,000000000000000006e5,crop_loss,15.192562959844052,0.5375312810139407,0.19536581902578237
20,0,00000000000000000151,built_loss,6.520420711459997,0.264831158920969,0.1047807472987203
20,0,000000000000000001be,built_loss,7.519024228080809,0.5759432556022219,0.16156430295876278
20,0,0000000000000000034d,built_loss,4.281230334740568,0.3820403446513347,0.16838683625545725
20,0,000000000000000003c7,crop_loss,16.094821999212385,0.7231233538255414,0.2495873005820809
20,0,0000000000000000004a,built_loss,9.610610487852433,0.456588529163033,0.074417937314397
20,0,00000000000000000206,built_loss,14.923770387672132,0.7447851115721592,0.1919899249644682
20,0,000000000000000002a4,built_loss,7.62415427737154,0.35307547300201425,0.11660688269402125
20,0,000000000000000004f5,built_loss,6.2946183465533405,0.42916550320221253,0.1804572939903965
20,0,000000000000000002cc,crop_loss,10.710480414664366,0.5052508722671569,0.28583465438799016
20,0,000000000000000006cc,crop_loss,11.594377880715207,0.3290009292316092,0.0935588563759831
20,0,0000000000000000016c,crop_loss,15.16297367781541,0.47523118347748755,0.16130347594068933
20,1,00000000000000000085,built_loss,8.083879848305115,0.3055815043340993,0.1828221529162966
20,1,00000000000000000114,built_loss,13.931861835514917,0.7007754838113028,0.15364011555127466
20,1,0000000000000000024c,built_loss,14.362202213944808,0.6996680929195518,0.19966563750588484
20,1,00000000000000000375,built_loss,13.994658949793388,0.6071052380405482,0.19103273510785035
20,1,000000000000000004d2,built_loss,13.340279569680874,0.634049746006175,0.31222349457757037
20,1,000000000000000005bd,built_loss,4.330950723808736,0.5550518075864848,0.22517336694865814
20,1,00000000000000000281,crop_loss,16.06984117982748,0.6256308087151894,0.16729877691799966
20,1,000000000000000003a2,crop_loss,11.5027392579047,0.389494809813357,0.21519532662291563
20,1,00000000000000000001,built_loss,12.209565136510195,0.48377337055980296,0.17681605174696502
20,1,00000000000000000049,built_loss,3.4984230259351894,0.5065667226213053,0.14922462594802843
20,1,0000000000000000004f,built_loss,16.025693460520998,0.3935818147040899,0.19493598249925537
20,1,0000000000000000005a,built_loss,12.24866794742344,0.4304001043231056,0.08387656751375056
20,1,00000000000000000079,built_loss,17.356561054585676,0.5752979456811557,0.15459566488862903
20,1,00000000000000000087,built_loss,16.25209195245969,0.6095628487470465,0.28640392587699876
20,1,000000000000000000a1,built_loss,8.947724853464806,0.416329347423303,0.14240708131467456
20,1,000000000000000000b8,built_loss,7.533797735772564,0.6103872716704162,0.3897871458536565
20,1,000000000000000000c0,built_loss,14.33965370992659,0.5780455034547259,0.18595994725440712
20,1,000000000000000000e2,built_loss,9.606001573121599,0.4374468329074237,0.21694828308200792
20,1,000000000000000000f0,built_loss,12.94850236996843,0.6153241510704445,0.2760355172281441
20,1,000000000000000000f8,built_loss,17.60411346477987,0.4914495312572486,0.17307106955314822
20,1,0000000000000000011c,built_loss,5.2992698970646455,0.7512471694621619,0.15914346076684271
20,1,00000000000000000161,built_loss,14.866129519321214,0.6554980870634983,0.13718777261062132
20,1,0000000000000000016a,built_loss,7.486525456009314,0.22164352383015698,0.18612260161194485
20,1,00000000000000000176,built_loss,10.88410400538359,0.628973332252747,0.19448681968882475
20,1,000000000000000001a8,built_loss,14.18608245191759,0.5464904135940455,0.2668306998006303
20,1,000000000000000001cd,built_loss,15.508582434876715,0.7550207502168241,0.17737715565045398
20,1,000000000000000001e5,built_loss,9.676055809981955,0.5809401977195591,0.23529867533288468
20,1,00000000000000000209,built_loss,18.15088279253571,0.6502892327356977,0.19102282768424916
20,1,00000000000000000231,built_loss,15.442703503252634,0.5780933452012361,0.13621943239436873
20,1,0000000000000000026d,built_loss,15.316983155414102,0.6029128498751289,0.12359483729845666
20,1,00000000000000000278,built_loss,14.561365577635527,0.8011701394964944,0.16135393775008655
20,1,00000000000000000293,built_loss,12.18012329950645,0.49103778994800856,0.14426555790189455
20,1,00000000000000000316,built_loss,1.9133436582172465,0.11890164270701907,0.10503620232644116
20,1,00000000000000000356,built_loss,15.553356172151872,0.5615905953259737,0.32408789660344844
20,1,00000000000000000362,built_loss,15.674349597509917,0.519576949340024,0.1925341974253837
20,1,00000000000000000363,built_loss,12.738312371945064,0.33313493393441884,0.11951717438392562
20,1,00000000000000000364,built_loss,17.616163247318553,0.583592548646735,0.22750628763591324
20,1,00000000000000000380,built_loss,11.724590494039807,0.5558345311115985,0.16156821405920319
20,1,00000000000000000384,built_loss,10.031688300519107,0.5281534520879531,0.16328871456519256
20,1,0000000000000000039e,built_loss,9.905712207561908,0.44578112327187247,0.08299249381658941
20,1,000000000000000003a1,built_loss,11.119232380732257,0.5993027313099459,0.15920660887118265
20,1,000000000000000003a5,built_loss,12.101631023120987,0.34590924536036727,0.20085355284249112
20,1,000000000000000003b7,built_loss,12.268545626544999,0.46065039554288145,0.06616815885450927
20,1,000000000000000003bf,built_loss,15.12355379738285,0.5743956923696616,0.1883617124419612
20,1,000000000000000003d2,built_loss,14.305194332152842,0.6164964713257763,0.16287074655122213
20,1,000000000000000003f8,built_loss,4.77534664661617,0.18923322736386078,0.11136592632088263
20,1,000000000000000003fa,built_loss,15.459308941301655,0.4944770866996944,0.13572127727864453
20,1,00000000000000000407,built_loss,13.133703725329124,0.6309243899326317,0.12817320842169921
20,1,0000000000000000040f,built_loss,11.106098781790298,0.524026328515165,0.04545260729818068
20,1,00000000000000000426,built_loss,14.827035119729384,0.6440138157393585,0.16189857965592314
20,1,0000000000000000042b,built_loss,14.738430055649237,0.569782998434781,0.20384518732330276
20,1,00000000000000000442,built_loss,3.1957697114335204,0.36925246547304874,0.3936938401126655
20,1,00000000000000000465,built_loss,16.70285137859031,0.578262454762806,0.1403654615394625
20,1,0000000000000000047e,built_loss,10.494074875189733,0.5480151561257174,0.16385347942705714
20,1,00000000000000000490,built_loss,16.767393789351324,0.6281035528858457,0.1342665431579011
20,1,000000000000000004c0,built_loss,15.103547785116552,0.6979793982821425,0.11440350616041983
20,1,000000000000000004c5,built_loss,6.478256087955615,0.6603855458501485,0.12950865900726505
20,1,000000000000000004d9,built_loss,17.47996244226598,0.5648431680696465,0.12795649683419363
20,1,000000000000000004eb,built_loss,14.364251326179845,0.49810906825134293,0.12668206065008064
20,1,000000000000000004f7,built_loss,5.295783236109379,0.4766141735026463,0.10270844123998712
20,1,000000000000000004fe,built_loss,9.577419961533327,0.5027325793934128,0.11769142954661876
20,1,0000000000000000051d,built_loss,13.68426122585959,0.4862884465970603,0.2619129194048848
20,1,00000000000000000559,built_loss,14.718020517995999,0.6878171572756128,0.20294798775235567
20,1,00000000000000000576,built_loss,8.15305912793081,0.27305452792901325,0.1506679435906595
20,1,00000000000000000577,built_loss,8.782449415200267,0.38701745501188595,0.20927766644153095
20,1,0000000000000000057f,built_loss,2.0638876893782845,0.4243219873632978,0.1228456661593606
20,1,00000000000000000594,built_loss,13.644338150778735,0.5346139664096492,0.24961042539507594
20,1,000000000000000005ad,built_loss,14.867987500880545,0.6251804580364017,0.20358770883533128
20,1,000000000000000005bf,built_loss,10.630287473433109,0.42976411812211385,0.1663539930065397
20,1,000000000000000005cc,built_loss,8.070450594018608,0.34076338114372406,0.10745487945842042
20,1,000000000000000005de,built_loss,14.855138041279115,0.44600567352987047,0.06219074523409884
20,1,000000000000000005e7,built_loss,14.789193038919574,0.6346840990524729,0.20067825715541643
20,1,000000000000000005f9,built_loss,12.13369348204406,0.6528380632681636,0.21597186831094306
20,1,0000000000000000061c,built_loss,11.132065133370334,0.3761255687721687,0.1009973866374943
20,1,00000000000000000624,built_loss,4.0242280818697145,0.4919050792533608,0.1615092838130569
20,1,00000000000000000626,built_loss,15.166172963452587,0.5352275052015857,0.09123920468375057
20,1,0000000000000000062a,built_loss,15.174389615352085,0.5433742304068949,0.1871118358760862
20,1,00000000000000000636,built_loss,12.228685605837214,0.5889699995102591,0.2993650299958149
20,1,0000000000000000064a,built_loss,3.4016884157789455,0.3102726399770901,0.11241416705554713
20,1,0000000000000000064d,built_loss,7.416381018641183,0.5150159968405873,0.1443379502675594
20,1,00000000000000000694,built_loss,10.883435974243332,0.3888131302478058,0.10203757385147882
20,1,0000000000000000069d,built_loss,14.769454858873909,0.6924215869580352,0.19539730864501959
20,1,000000000000000006b7,built_loss,15.76761947028059,0.4748384968053477,0.1359558274955039
20,1,000000000000000006df,built_loss,9.955375956691233,0.34400810909547036,0.3537204830576479
20,1,000000000000000006e3,built_loss,16.80042339916708,0.39064216596628987,0.17320388982881707
20,1,00000000000000000011,crop_loss,17.785662607135276,0.45442047134099117,0.4557516390978147
20,1,0000000000000000002b,crop_loss,14.87268923318474,0.2363314997061384,0.26011936828877535
20,1,0000000000000000002d,crop_loss,17.749782086794845,0.5116274399227148,0.1470804838706749
20,1,0000000000000000003a,crop_loss,14.77299857780175,0.3403695654832784,0.16049248605460506
20,1,0000000000000000009b,crop_loss,9.987254297764453,0.4922916350246489,0.03236574147275384
20,1,0000000000000000009d,crop_loss,4.5005192828615,0.3730391028495921,0.12497849324508215
20,1,000000000000000000a8,crop_loss,14.790455106653258,0.20474157163337472,0.0646319067905255
20,1,000000000000000000da,crop_loss,16.05063126133241,0.7614868970353718,0.1481901077331398
20,1,000000000000000000e3,crop_loss,15.552728616393095,0.4170531417051222,0.24740207677305742
20,1,000000000000000000e9,crop_loss,4.397654752704434,0.4685883896391558,0.2332882995127511
20,1,0000000000000000011b,crop_loss,14.664426767227297,0.4887427808776049,0.0878275655861196
20,1,00000000000000000128,crop_loss,14.232053806249576,0.5408606756211476,0.08297461891104047
20,1,00000000000000000192,crop_loss,12.404373613496928,0.5521599223843773,0.0852424456873827
20,1,00000000000000000196,crop_loss,12.144289109003982,0.2616517912329951,0.07651083453407417
20,1,000000000000000001a6,crop_loss,15.877418234482965,0.33496396363190156,0.2206054179903432
20,1,000000000000000001e4,crop_loss,14.682461481344342,0.5169651950841456,0.1218793442395848
20,1,000000000000000001f9,crop_loss,16.247874039865092,0.45062584134469813,0.3806531124848173
20,1,00000000000000000228,crop_loss,14.819884119094146,0.490253195196287,0.30627470013948577
20,1,0000000000000000028c,crop_loss,2.6972153074968133,0.34340970125408304,0.22454908411614116
20,1,0000000000000000028d,crop_loss,14.445909121711688,0.717633532981325,0.21261374126812327
20,1,00000000000000000291,crop_loss,8.6848881136033,0.8816444094427843,0.047458623483016216
20,1,000000000000000002c5,crop_loss,15.869273114651858,0.28756869646443767,0.1581059274013697
20,1,000000000000000002dc,crop_loss,15.494741910809676,0.5504881011692783,0.12998523267422446
20,1,000000000000000002e4,crop_loss,14.429503978230061,0.36254997351333695,0.23733323431200565
20,1,000000000000000002ec,crop_loss,17.546043178843213,0.49625432069437175,0.1705506312163449
20,1,00000000000000000314,crop_loss,15.540145956640071,0.12031279923789163,0.10209868511683358
20,1,00000000000000000335,crop_loss,17.19376441545431,0.49664876235852545,0.23068124509627025
20,1,0000000000000000033a,crop_loss,12.595386958240622,0.43947277171105026,0.22313135994927574
20,1,000000000000000003b0,crop_loss,15.448686030470038,0.19450846003238767,0.15624143741352317
20,1,000000000000000003c8,crop_loss,15.60326391713143,0.17999842584403042,0.10900581494174691
20,1,000000000000000003f1,crop_loss,15.850119018785715,0.4885183305790045,0.1875380990056903
20,1,000000000000000003f2,crop_loss,14.603390018663118,0.42563125909637606,0.1889701640109233
20,1,0000000000000000044b,crop_loss,8.411045008350518,0.5596260762216327,0.06194156690470631
20,1,0000000000000000046c,crop_loss,14.692617405724723,0.4194270597841809,0.3683822794963309
20,1,00000000000000000480,crop_loss,7.7189566425727945,0.8310418360994134,0.49202768532445507
20,1,00000000000000000483,crop_loss,7.797400124922363,0.7787337359828637,0.17683893750336466
20,1,00000000000000000485,crop_loss,14.724970855222468,0.6802717985206789,0.15520309763721918
20,1,00000000000000000497,crop_loss,15.067227175053956,0.23016972094449764,0.15348688366618402
20,1,0000000000000000049b,crop_loss,16.319794037192853,0.36160587717747505,0.09492981776058412
20,1,000000000000000004a1,crop_loss,16.340150133984075,0.34490392134095155,0.20130692482559553
20,1,000000000000000004e7,crop_loss,10.647726167084986,0.5064791792410543,0.08392113973349924
20,1,000000000000000004e9,crop_loss,8.954006477616009,0.3041710837849331,0.29443262073337545
20,1,000000000000000004ee,crop_loss,14.217760337026098,0.41572420103797425,0.3869786525734105
20,1,000000000000000004f9,crop_loss,16.14225982044447,0.39091805630932125,0.30632941113945267
20,1,00000000000000000517,crop_loss,13.328059804267475,0.28129090001177676,0.40910220253248525
20,1,00000000000000000538,crop_loss,1.0736384157530423,0.302718409833942,0.06842152948817798
20,1,0000000000000000057e,crop_loss,3.487701465213511,0.566408498058884,0.08722335923133506
20,1,000000000000000005d1,crop_loss,9.64533108402793,0.17286704429018365,0.2629777639462331
20,1,00000000000000000611,crop_loss,17.3842189667901,0.6191777105401198,0.15279104040755176
20,1,0000000000000000062f,crop_loss,14.92088012920013,0.5953637790649102,0.2885613248297422
20,1,00000000000000000632,crop_loss,8.474359308919546,0.055324679855731564,0.03854155069262954
20,1,0000000000000000063e,crop_loss,15.45281863504861,0.3053359097794801,0.13306146237951114
20,1,00000000000000000655,crop_loss,12.940565249458542,0.6203872878731296,0.21492045252590064
20,1,00000000000000000697,crop_loss,16.447116005972497,0.6157529983576207,0.1233459487733709
20,1,00000000000000000698,crop_loss,11.2717278500044,0.46112200476695453,0.1760533747228578
20,1,000000000000000006a8,crop_loss,17.159014453397198,0.29890206330063246,0.11947010436100836
20,1,000000000000000006b4,crop_loss,14.652785275324689,0.47577165238914254,0.3364498547687809
20,1,000000000000000006be,crop_loss,9.487438767465596,0.4386066576534928,0.17796886509707138
20,1,000000000000000006c0,crop_loss,2.694484986998126,0.203992777392638,0.09281761363110316
20,1,000000000000000006ce,crop_loss,10.78566476702592,0.526337988925453,0.27359849896472077
20,1,000000000000000006d9,crop_loss,14.33140243419046,0.22959017591175188,0.14756651682820346
20,1,000000000000000006e5,crop_loss,16.47337038149774,0.5279488331710767,0.21565927690320968
20,1,00000000000000000151,built_loss,6.324802963190463,0.25631196448895127,0.09647848925220104
20,1,000000000000000001be,built_loss,3.6569165325226347,0.6293664467975327,0.1309416382999803
20,1,0000000000000000034d,built_loss,5.5400188501053815,0.3731313020817288,0.10303643123176487
20,1,000000000000000003c7,crop_loss,12.066659684895878,0.7198987281843989,0.09740171708570167
20,1,0000000000000000004a,built_loss,7.973431576901716,0.43115041413361205,0.0782684396380669
20,1,00000000000000000206,built_loss,14.57269282070415,0.7109541600294991,0.1894741440081723
20,1,000000000000000002a4,built_loss,6.538239030549809,0.41220919969525516,0.1658021957312526
20,1,000000000000000004f5,built_loss,6.59871608243014,0.5256751058784829,0.2379525187571938
20,1,000000000000000002cc,crop_loss,12.937556581620617,0.3518985966633366,0.36436557982657736
20,1,000000000000000006cc,crop_loss,12.481477459837256,0.3696764061731976,0.16652197825311454
20,1,0000000000000000016c,crop_loss,15.733655449434067,0.4415280574177131,0.22300089401328388
20,2,00000000000000000085,built_loss,7.859921403642654,0.3309984037411113,0.2519957846730838
20,2,00000000000000000114,built_loss,12.888954573897417,0.7299126534875936,0.18316435747871718
20,2,0000000000000000024c,built_loss,12.998057483719409,0.6984331909043153,0.1018155760065621
20,2,00000000000000000375,built_loss,13.333886452535873,0.6821629491597097,0.17406930779227037
20,2,000000000000000004d2,built_loss,12.06870660783362,0.6574517918192562,0.179728622202194
20,2,000000000000000005bd,built_loss,4.547712390054671,0.528021936174516,0.19937283211345908
20,2,00000000000000000281,crop_loss,14.174082532478838,0.4969111361538992,0.11118632154006292
20,2,000000000000000003a2,crop_loss,14.879767644731468,0.3599475596819207,0.26034948037637173
20,2,00000000000000000001,built_loss,13.94736989445546,0.4770704625869745,0.19835529315850142
20,2,00000000000000000049,built_loss,3.4479031771195534,0.44634219920222273,0.133517097588976
20,2,0000000000000000004f,built_loss,13.462849067299842,0.4839274771362455,0.20509512676952962
20,2,0000000000000000005a,built_loss,14.971550477670487,0.43097525454010027,0.08634511754003554
20,2,00000000000000000079,built_loss,14.6489088397254,0.6707619193751936,0.14885037266991719
20,2,00000000000000000087,built_loss,13.869044836444475,0.6558789764935831,0.1726633199608234
20,2,000000000000000000a1,built_loss,6.4705226322861975,0.4383611803604295,0.1522441594622792
20,2,000000000000000000b8,built_loss,9.245070347629285,0.4031169686351569,0.39295092090495753
20,2,000000000000000000c0,built_loss,13.843308262379857,0.6811379792680359,0.1415313722432363
20,2,000000000000000000e2,built_loss,10.575642732459796,0.403311740917277,0.19997373026788018
20,2,000000000000000000f0,built_loss,12.825974229147082,0.7443041821157563,0.18720608858331322
20,2,000000000000000000f8,built_loss,13.155268807447683,0.4802243703139804,0.18156632028424563
20,2,0000000000000000011c,built_loss,5.463101615696893,0.7418491200031434,0.10994346428618573
20,2,00000000000000000161,built_loss,16.157814035365302,0.6772910416444909,0.1375608847201566
20,2,0000000000000000016a,built_loss,6.5646880863685855,0.1903884417793347,0.14675440475602297
20,2,00000000000000000176,built_loss,13.503887428933025,0.6711138552111567,0.14529072582823488
20,2,000000000000000001a8,built_loss,15.11507989925913,0.5954298060453892,0.19741511254222271
20,2,000000000000000001cd,built_loss,16.411783915785218,0.7918467120452759,0.2578704092770452
20,2,000000000000000001e5,built_loss,11.782330309742223,0.5102809609830168,0.1912014614448535
20,2,00000000000000000209,built_loss,18.294748094903394,0.5803965666302378,0.20143015278364645
20,2,00000000000000000231,built_loss,16.202291408156782,0.5279700260544262,0.10676097772194953
20,2,0000000000000000026d,built_loss,13.595176902295998,0.632544231411682,0.22137066791529314
20,2,00000000000000000278,built_loss,15.677738680243138,0.7866220112122289,0.13946816914822735
20,2,00000000000000000293,built_loss,15.188558269759724,0.46494677759289876,0.15737067527322923
20,2,00000000000000000316,built_loss,1.7883195372468874,0.11570133556029144,0.09341187209138471
20,2,00000000000000000356,built_loss,12.918293460840665,0.4725766983440348,0.30492616302637543
20,2,00000000000000000362,built_loss,16.726370769749956,0.6138375423611522,0.14829560514218354
20,2,00000000000000000363,built_loss,13.81575011756801,0.2749067154699378,0.1647444518282361
20,2,00000000000000000364,built_loss,17.02359359927446,0.5926799676735903,0.1366470939396729
20,2,00000000000000000380,built_loss,13.590789146973519,0.49777735779026316,0.11851561122354876
20,2,00000000000000000384,built_loss,8.24836269217702,0.6059431384585325,0.11464076441537041
20,2,0000000000000000039e,built_loss,7.097101458046082,0.5112774138115486,0.13675781058373648
20,2,000000000000000003a1,built_loss,12.781735711035209,0.6608306911633837,0.0928715405143401
20,2,000000000000000003a5,built_loss,11.763946365193332,0.4594890076655166,0.34217647851557187
20,2,000000000000000003b7,built_loss,9.146050816710972,0.5315952391118892,0.11049312198835548
20,2,000000000000000003bf,built_loss,15.323752261271027,0.5205309968032764,0.12279371533148042
20,2,000000000000000003d2,built_loss,17.792401785951395,0.6439765346547363,0.1740788952464838
20,2,000000000000000003f8,built_loss,5.424281670965826,0.22339077727042575,0.09632115148586473
20,2,000000000000000003fa,built_loss,15.63642148085764,0.4647113227378252,0.12151296635067449
20,2,00000000000000000407,built_loss,16.90631899152142,0.5544492561441339,0.17548977832378387
20,2,0000000000000000040f,built_loss,13.82051265699966,0.5303326701371222,0.07924436126580542
20,2,00000000000000000426,built_loss,16.0788971284892,0.5435346538475764,0.1754515668440994
20,2,0000000000000000042b,built_loss,13.153271108634584,0.615575408677669,0.18114079907989405
20,2,00000000000000000442,built_loss,3.390566837046745,0.3421399786967097,0.19669815307536404
20,2,00000000000000000465,built_loss,14.050819909041932,0.6406204194221891,0.1508774384095154
20,2,0000000000000000047e,built_loss,9.834467400464375,0.5057207146083295,0.0863874078140826
20,2,00000000000000000490,built_loss,16.017948382057618,0.5951508532276953,0.1755066960115027
20,2,000000000000000004c0,built_loss,15.08133189435439,0.6202816903102031,0.17392917262972485
20,2,000000000000000004c5,built_loss,8.13779515948563,0.5212898822308704,0.19811169332324752
20,2,000000000000000004d9,built_loss,15.398200454813365,0.5244266922117885,0.1149292232769577
20,2,000000000000000004eb,built_loss,16.63366700730208,0.46852553773045036,0.11423094670095774
20,2,000000000000000004f7,built_loss,8.267120825459868,0.48647934358197,0.1203430459597874
20,2,000000000000000004fe,built_loss,7.857330238129662,0.51008457254502,0.1169736014150552
20,2,0000000000000000051d,built_loss,9.764657295023268,0.43415121283269925,0.2816958531858698
20,2,00000000000000000559,built_loss,15.331365421054706,0.6747229681836507,0.21978649649329807
20,2,00000000000000000576,built_loss,6.846435878380998,0.28736200182521415,0.16712792552308864
20,2,00000000000000000577,built_loss,7.018904646324658,0.5800014720507959,0.34226183239703895
20,2,0000000000000000057f,built_loss,2.5627101606816436,0.37617056791252673,0.2481594052114116
20,2,00000000000000000594,built_loss,10.684678939908661,0.3361439720223238,0.2313999682934535
20,2,000000000000000005ad,built_loss,12.245147097446678,0.70576874380598,0.21837880984733626
20,2,000000000000000005bf,built_loss,12.166127653974836,0.38851484622929916,0.1403988080336911
20,2,000000000000000005cc,built_loss,6.395174608677754,0.34792927958124553,0.08476891069634601
20,2,000000000000000005de,built_loss,13.15946804660983,0.4567483218215431,0.05555675770621943
20,2,000000000000000005e7,built_loss,14.370065875502304,0.5263201919640155,0.2971785724506918
20,2,000000000000000005f9,built_loss,10.319998425714319,0.6248728051600362,0.18991220942256526
20,2,0000000000000000061c,built_loss,10.17002599449781,0.3909190044457174,0.328487212442475
20,2,00000000000000000624,built_loss,3.5588217523120225,0.5063204695175828,0.18361488383997138
20,2,00000000000000000626,built_loss,15.870175738533707,0.47326541894481033,0.13115303760383829
20,2,0000000000000000062a,built_loss,14.25712602309134,0.5491607270313653,0.18933791011500062
20,2,00000000000000000636,built_loss,12.999612938427958,0.49756571189953597,0.2009731216520239
20,2,0000000000000000064a,built_loss,2.583873538409876,0.3148299770930025,0.17755939509243238
20,2,0000000000000000064d,built_loss,10.538048427442998,0.523808300594409,0.22386875450309618
20,2,00000000000000000694,built_loss,13.819915751330184,0.3844380179005844,0.10653310046969111
20,2,0000000000000000069d,built_loss,16.64907961749463,0.6992817862059797,0.18470638320476607
20,2,000000000000000006b7,built_loss,13.962464612580908,0.422258649746915,0.08072432074738134
20,2,000000000000000006df,built_loss,13.111638791397466,0.23547860051057543,0.17017080544295132
20,2,000000000000000006e3,built_loss,16.48782840044644,0.4141930601111516,0.18108405619105206
20,2,00000000000000000011,crop_loss,14.752885525871752,0.7736210779370539,0.47349745722290215
20,2,0000000000000000002b,crop_loss,14.585052925224492,0.14750048113060535,0.23175356517902232
20,2,0000000000000000002d,crop_loss,17.118054062978842,0.467588635794265,0.20842405111454076
20,2,0000000000000000003a,crop_loss,15.922753863309586,0.21246919335668393,0.13995895991594545
20,2,0000000000000000009b,crop_loss,10.063638440015996,0.5027121154330119,0.03363900727545166
20,2,0000000000000000009d,crop_loss,5.618800390230954,0.33057423465629543,0.14443313642681405
20,2,000000000000000000a8,crop_loss,15.366423012189482,0.1985615216299356,0.06543480948010427
20,2,000000000000000000da,crop_loss,15.426285058005762,0.7522800896678546,0.08935671622884744
20,2,000000000000000000e3,crop_loss,17.96601156224523,0.4921604996783861,0.17004340889510777
20,2,000000000000000000e9,crop_loss,3.322497033402882,0.4006086247477132,0.20223737316485524
20,2,0000000000000000011b,crop_loss,15.019860049483883,0.49223603964994894,0.1142737740225942
20,2,00000000000000000128,crop_loss,12.851195341369506,0.5519882282275753,0.05561989369125331
20,2,00000000000000000192,crop_loss,15.243867596657035,0.5386641321118352,0.07368858876083983
20,2,00000000000000000196,crop_loss,13.488650046392369,0.24944207468310503,0.1038802917518126
20,2,000000000000000001a6,crop_loss,12.663596916118948,0.3219970125442559,0.21427412570575916
20,2,000000000000000001e4,crop_loss,15.622253936092699,0.525680253212921,0.14398348439185032
20,2,000000000000000001f9,crop_loss,15.827312254166392,0.45578497198267887,0.46614778690176284
20,2,00000000000000000228,crop_loss,11.208821721020769,0.3608992431535339,0.45414465111413677
20,2,0000000000000000028c,crop_loss,3.832537088911886,0.2911440222638085,0.17697087236383105
20,2,0000000000000000028d,crop_loss,12.655749940046993,0.6214979062394937,0.2328865612515183
20,2,00000000000000000291,crop_loss,8.821154978854743,0.8760991374665873,0.08045859562281477
20,2,000000000000000002c5,crop_loss,14.55710801018602,0.35937629327623827,0.1343493657818019
20,2,000000000000000002dc,crop_loss,12.339189323674795,0.7050523166007271,0.1343668126561398
20,2,000000000000000002e4,crop_loss,15.22495205981213,0.32191593445084965,0.2671713025544299
20,2,000000000000000002ec,crop_loss,16.157531533132133,0.6203759589195922,0.16415156169415213
20,2,00000000000000000314,crop_loss,16.41383842310874,0.1193412139374112,0.07742721785296416
20,2,00000000000000000335,crop_loss,17.09930944248798,0.45700907437078625,0.12099732927828255
20,2,0000000000000000033a,crop_loss,10.193663679689603,0.420036462843683,0.1889269420220132
20,2,000000000000000003b0,crop_loss,15.875461009250163,0.21256798999107018,0.1880745082113751
20,2,000000000000000003c8,crop_loss,14.327934505339904,0.2053101371132836,0.08587224907790902
20,2,000000000000000003f1,crop_loss,16.85193508204419,0.4924002452930523,0.2529704390289367
20,2,000000000000000003f2,crop_loss,16.564176354802584,0.41324083802338735,0.2510354718829743
20,2,0000000000000000044b,crop_loss,6.760414599535037,0.5928989945499943,0.08727614577158815
20,2,0000000000000000046c,crop_loss,13.294031113645282,0.5316350341228828,0.2813102583813759
20,2,00000000000000000480,crop_loss,7.077874902248175,0.794826307371244,0.45077423838291136
20,2,00000000000000000483,crop_loss,8.126653528620867,0.7731635370526164,0.23232158955878135
20,2,00000000000000000485,crop_loss,15.60364739018783,0.7467782303716055,0.08664123398257872
20,2,00000000000000000497,crop_loss,13.417822384250764,0.23200646909289646,0.21859952771204572
20,2,0000000000000000049b,crop_loss,16.403818364394727,0.3479989468148403,0.1038545452928194
20,2,000000000000000004a1,crop_loss,14.688408822444229,0.3827427152696784,0.1190376650567525
20,2,000000000000000004e7,crop_loss,13.246729167682247,0.5191150298233572,0.08488493916234952
20,2,000000000000000004e9,crop_loss,9.002367443461983,0.34468541024569477,0.37306216284260996
20,2,000000000000000004ee,crop_loss,10.702237251615708,0.4478372262562555,0.21061674958906784
20,2,000000000000000004f9,crop_loss,14.609456285348937,0.49706576348351866,0.4232327977043506
20,2,00000000000000000517,crop_loss,12.851183936054014,0.2996888974908248,0.15116531832473723
20,2,00000000000000000538,crop_loss,1.0656105890672565,0.3225305992132832,0.07675672716439608
20,2,0000000000000000057e,crop_loss,4.086284848661256,0.5672297606346721,0.06643158434671614
20,2,000000000000000005d1,crop_loss,10.519013820785728,0.15369251900462708,0.15926224250746196
20,2,00000000000000000611,crop_loss,15.99756093704568,0.5864040692366469,0.08667913713338882
20,2,0000000000000000062f,crop_loss,15.898840011662982,0.4452099906173844,0.23121200930415825
20,2,00000000000000000632,crop_loss,10.180954963090263,0.07336341798061033,0.07722313368424776
20,2,0000000000000000063e,crop_loss,15.54865089335889,0.27945814676007413,0.12351985493949777
20,2,00000000000000000655,crop_loss,15.860672582891366,0.5951772824537012,0.3680315903201412
20,2,00000000000000000697,crop_loss,17.11686436175129,0.5795278612791487,0.17591867102350434
20,2,00000000000000000698,crop_loss,12.507080830333864,0.40213567499297104,0.09600799526929915
20,2,000000000000000006a8,crop_loss,16.6584570156102,0.24628876000913918,0.22833508757668125
20,2,000000000000000006b4,crop_loss,15.65675612421052,0.619706986579726,0.23539296144428457
20,2,000000000000000006be,crop_loss,6.8954004364793215,0.4076746869045586,0.17732486207790776
20,2,000000000000000006c0,crop_loss,2.4559581761301867,0.18555761129744988,0.11701744657411595
20,2,000000000000000006ce,crop_loss,14.026800623335435,0.5983090718583712,0.20790168538504972
20,2,000000000000000006d9,crop_loss,14.357003274594799,0.2632876368600958,0.14336418882935612
20,2,000000000000000006e5,crop_loss,17.32481498356497,0.49466725768329034,0.10698008303258738
20,2,00000000000000000151,built_loss,5.652201849504964,0.27040459630533115,0.12155801025242344
20,2,000000000000000001be,built_loss,4.2188984986865306,0.4730024668428749,0.19696872886030586
20,2,0000000000000000034d,built_loss,4.971965973486348,0.3994955846594072,0.06372520271236298
20,2,000000000000000003c7,crop_loss,10.897765793934315,0.704002395056529,0.17220080072617205
20,2,0000000000000000004a,built_loss,7.620740241670561,0.43544429303019566,0.08027465691576458
20,2,00000000000000000206,built_loss,13.63566810723388,0.7162324272582347,0.2777298420043498
20,2,000000000000000002a4,built_loss,7.648409471897251,0.3986806160260275,0.16837042763292503
20,2,000000000000000004f5,built_loss,7.1029903595878485,0.47475389187082784,0.16701333407819524
20,2,000000000000000002cc,crop_loss,9.821623789630262,0.5116415013734763,0.4232795792699099
20,2,000000000000000006cc,crop_loss,9.724214753879576,0.36941571274891594,0.07999519993817739
20,2,0000000000000000016c,crop_loss,14.979759044314223,0.5054197303558651,0.16157474510442743
20,3,00000000000000000085,built_loss,10.46668257174251,0.30221373262036877,0.21463840083017832
20,3,00000000000000000114,built_loss,10.190537316433087,0.7047345326699688,0.11994314662353411
20,3,0000000000000000024c,built_loss,12.976550497631743,0.7382038417017263,0.1458610228364038
20,3,00000000000000000375,built_loss,13.717091985885721,0.6809235793086825,0.16886021900314896
20,3,000000000000000004d2,built_loss,12.670599276917317,0.658363958000466,0.1434498962708286
20,3,000000000000000005bd,built_loss,4.750837853989824,0.5442209104076963,0.16860046181878469
20,3,00000000000000000281,crop_loss,15.159070191119493,0.49988333916287386,0.15325190823214374
20,3,000000000000000003a2,crop_loss,12.540594389452272,0.32023625029408803,0.1467069155342587
20,3,00000000000000000001,built_loss,11.4658781378926,0.5450902885518624,0.20769511305818433
20,3,00000000000000000049,built_loss,4.2461162962361225,0.4841938032720421,0.18742187408817762
20,3,0000000000000000004f,built_loss,13.948068867336268,0.40599803834322296,0.1911992399716056
20,3,0000000000000000005a,built_loss,11.065222387089307,0.4330080999043783,0.09082429677902931
20,3,00000000000000000079,built_loss,18.061212311808625,0.6579074645749147,0.14262511115550047
20,3,00000000000000000087,built_loss,14.907101929029386,0.48521932609867263,0.2318270426518354
20,3,000000000000000000a1,built_loss,6.225417484433244,0.4609213052298535,0.12307076759660562
20,3,000000000000000000b8,built_loss,7.237964636522333,0.5920016511108007,0.30488996065734564
20,3,000000000000000000c0,built_loss,13.798526551621915,0.5909374893017623,0.20214235878479253
20,3,000000000000000000e2,built_loss,10.55016620341819,0.3503778987233244,0.13003807675406026
20,3,000000000000000000f0,built_loss,12.361988170864215,0.6961508236110658,0.18342427644098103
20,3,000000000000000000f8,built_loss,17.994104455077576,0.4822860041028467,0.21116349755713237
20,3,0000000000000000011c,built_loss,6.597665804799484,0.6881859473259929,0.1373187207794473
20,3,00000000000000000161,built_loss,14.766611794965447,0.6175335613121614,0.12695367588862627
20,3,0000000000000000016a,built_loss,6.476581002826679,0.27184646915163097,0.16511194677878596
20,3,00000000000000000176,built_loss,14.998199021548597,0.6871172390529002,0.11481754116114573
20,3,000000000000000001a8,built_loss,17.579988565268334,0.5588090483345461,0.20253731522505064
20,3,000000000000000001cd,built_loss,16.139353593608423,0.793423744794349,0.15700378949020177
20,3,000000000000000001e5,built_loss,10.16232272731261,0.5832183671651817,0.10649341173497318
20,3,00000000000000000209,built_loss,14.943965827656076,0.698791343777834,0.1897037656021915
20,3,00000000000000000231,built_loss,14.110161595323492,0.5513083554772487,0.15428755815412554
20,3,0000000000000000026d,built_loss,12.954507008420816,0.5832772846818771,0.1113819877414921
20,3,00000000000000000278,built_loss,13.971401856560318,0.8150664045853747,0.11672631558940261
20,3,00000000000000000293,built_loss,11.22503283410977,0.4804600048523559,0.12765968490744756
20,3,00000000000000000316,built_loss,1.7297348278899325,0.1126852524165347,0.05911793856418231
20,3,00000000000000000356,built_loss,15.18635458579743,0.6328690687354289,0.23515655559036253
20,3,00000000000000000362,built_loss,16.234658265548017,0.5731373936876677,0.22721655202042107
20,3,00000000000000000363,built_loss,11.400680789524914,0.2589150810720596,0.17095829222920486
20,3,00000000000000000364,built_loss,14.907004114383026,0.6050871814060264,0.19146764489174972
20,3,00000000000000000380,built_loss,15.240705445157802,0.5201400703472779,0.12938331561099226
20,3,00000000000000000384,built_loss,11.34690675772773,0.6124044733188165,0.10026625241384746
20,3,0000000000000000039e,built_loss,5.7914846834209,0.4970625083237699,0.1490633708612652
20,3,000000000000000003a1,built_loss,11.908331495676132,0.6741529623931181,0.16811718786294738
20,3,000000000000000003a5,built_loss,13.351910138858583,0.3206318970508212,0.16954854904060784
20,3,000000000000000003b7,built_loss,9.494108562902747,0.5072080763942138,0.051420995847763606
20,3,000000000000000003bf,built_loss,16.89712643227817,0.6032519456784627,0.14978338253237788
20,3,000000000000000003d2,built_loss,12.066732295324309,0.6621204615469285,0.17231110938156036
20,3,000000000000000003f8,built_loss,6.672620633371439,0.2578241397591011,0.10544301050486049
20,3,000000000000000003fa,built_loss,14.61986447549002,0.3942733546420365,0.13482932014183907
20,3,00000000000000000407,built_loss,16.431489591814568,0.5962924722080051,0.13959818471842178
20,3,0000000000000000040f,built_loss,9.659611119726248,0.5174976649331214,0.04998837131964534
20,3,00000000000000000426,built_loss,15.258214211617952,0.5647817953852515,0.1321351718042162
20,3,0000000000000000042b,built_loss,15.899026999930097,0.5285406032936353,0.2005366526651039
20,3,00000000000000000442,built_loss,3.9390451074322828,0.34754044715108606,0.23758360787316268
20,3,00000000000000000465,built_loss,17.60860787526733,0.595926087658339,0.18516970267859956
20,3,0000000000000000047e,built_loss,11.258157445684295,0.5423472033400005,0.1692316800611139
20,3,00000000000000000490,built_loss,15.859408767441066,0.6990448898513986,0.14431732543209064
20,3,000000000000000004c0,built_loss,13.463763989406813,0.6574667190686799,0.18621736890461105
20,3,000000000000000004c5,built_loss,10.637462387743701,0.5098366431993218,0.1965240433212122
20,3,000000000000000004d9,built_loss,13.511215952898375,0.6047256126750898,0.15466028996614078
20,3,000000000000000004eb,built_loss,16.334244416587296,0.4331016089096049,0.13404143333147395
20,3,000000000000000004f7,built_loss,6.034999338496941,0.48044321684225033,0.0851528828403007
20,3,000000000000000004fe,built_loss,10.024356918102352,0.491735514158721,0.09965579201274943
20,3,0000000000000000051d,built_loss,12.680602843878006,0.5008286303833669,0.33205689080493794
20,3,00000000000000000559,built_loss,15.531592323658716,0.7749019565414295,0.14993328937727246
20,3,00000000000000000576,built_loss,6.784284864342204,0.24296436278207387,0.1647993751657708
20,3,00000000000000000577,built_loss,8.279593596476083,0.5057350319794635,0.29463499940167553
20,3,0000000000000000057f,built_loss,1.9866314092982167,0.40512405400777723,0.13812636210063922
20,3,00000000000000000594,built_loss,7.785877603735151,0.4368963695888766,0.4048666612422024
20,3,000000000000000005ad,built_loss,14.467365494205982,0.6536110378439711,0.1307472014118859
20,3,000000000000000005bf,built_loss,13.506919979202356,0.4417217407449244,0.11947974545495382
20,3,000000000000000005cc,built_loss,7.920204536324736,0.3204348386805722,0.09999794282985519
20,3,000000000000000005de,built_loss,14.008077299209283,0.44317588374146466,0.08492893788766698
20,3,000000000000000005e7,built_loss,17.877393087446098,0.6573806501119616,0.3169858059074229
20,3,000000000000000005f9,built_loss,10.98719119171472,0.6401553972251753,0.15714930488711343
20,3,0000000000000000061c,built_loss,12.095843819341475,0.4649683593307659,0.13426618614904567
20,3,00000000000000000624,built_loss,5.2155789960812875,0.4866844491635063,0.1378281001870698
20,3,00000000000000000626,built_loss,15.394044989346016,0.4876347535291732,0.08742237477100412
20,3,0000000000000000062a,built_loss,16.538487502018256,0.6016956482524353,0.22613616524549301
20,3,00000000000000000636,built_loss,13.91477249774748,0.3919413452962969,0.29457325560424236
20,3,0000000000000000064a,built_loss,2.634514853173609,0.30883679721921353,0.06522069109445622
20,3,0000000000000000064d,built_loss,8.494135391340226,0.491575016132126,0.1937419102124613
20,3,00000000000000000694,built_loss,11.894868208191497,0.37044667862537217,0.07405325940582141
20,3,0000000000000000069d,built_loss,14.066565006107798,0.7047248063821593,0.13701532039759878
20,3,000000000000000006b7,built_loss,12.104838604000266,0.4714111043977565,0.11706812797845406
20,3,000000000000000006df,built_loss,9.551058721764015,0.22436255261370203,0.2943586818725362
20,3,000000000000000006e3,built_loss,15.448733109251393,0.4432628042513019,0.17448863109783325
20,3,00000000000000000011,crop_loss,13.669640448405648,0.7314981858301276,0.42246710540236176
20,3,0000000000000000002b,crop_loss,13.465457333819204,0.15217310911022422,0.19088362235903278
20,3,0000000000000000002d,crop_loss,18.167325791610377,0.4321171460186708,0.12819248498529934
20,3,0000000000000000003a,crop_loss,11.31532929603727,0.3237223481159051,0.14874821603407243
20,3,0000000000000000009b,crop_loss,8.436504978433536,0.49568396812306803,0.03944130485584818
20,3,0000000000000000009d,crop_loss,5.760793564207047,0.4239487799140433,0.14759287676287658
20,3,000000000000000000a8,crop_loss,14.171253477197876,0.16291918679306494,0.06252664669290325
20,3,000000000000000000da,crop_loss,13.75127768608978,0.7904171285354571,0.13206323685521004
20,3,000000000000000000e3,crop_loss,17.47121721617181,0.4214357884781589,0.2167656368862898
20,3,000000000000000000e9,crop_loss,2.9064576173341723,0.46118640674963374,0.2365043585479999
20,3,0000000000000000011b,crop_loss,13.324217376169713,0.4916615202156478,0.09099345331060771
20,3,00000000000000000128,crop_loss,10.984239568013859,0.5759427635556086,0.08565175343233344
20,3,00000000000000000192,crop_loss,14.587970974755702,0.576924109786806,0.09033384399801858
20,3,00000000000000000196,crop_loss,9.961407212792773,0.21963933947441083,0.11577470939297158
20,3,000000000000000001a6,crop_loss,15.486567898232147,0.2453952685254757,0.1784781414572678
20,3,000000000000000001e4,crop_loss,16.47227436828407,0.5229432088698543,0.09052865920442082
20,3,000000000000000001f9,crop_loss,13.504497387472524,0.48153520948726997,0.44882243680801526
20,3,00000000000000000228,crop_loss,12.589502552460928,0.5731137545666566,0.22567002738183367
20,3,0000000000000000028c,crop_loss,2.5219875369244455,0.22030308222682454,0.1346244977462825
20,3,0000000000000000028d,crop_loss,13.661663128922738,0.7111539042165937,0.14094443115382738
20,3,00000000000000000291,crop_loss,11.638000822709788,0.8945024947023963,0.057571937594859235
20,3,000000000000000002c5,crop_loss,14.19307474240278,0.3507310209566508,0.1959503440074019
20,3,000000000000000002dc,crop_loss,15.099003270763525,0.6292408059401955,0.12827940762408607
20,3,000000000000000002e4,crop_loss,16.207863501486262,0.36426686345388054,0.1918876985326587
20,3,000000000000000002ec,crop_loss,17.301776719230475,0.46032885621473185,0.14603330176046259
20,3,00000000000000000314,crop_loss,14.823700566584593,0.1314847141476448,0.18364073315171575
20,3,00000000000000000335,crop_loss,15.574370688219268,0.4466393942259317,0.22334908444304546
20,3,0000000000000000033a,crop_loss,11.581802081914462,0.5092870415824815,0.19021386645271426
20,3,000000000000000003b0,crop_loss,17.07108931053365,0.21820394895026507,0.21741636221345662
20,3,000000000000000003c8,crop_loss,15.553684053296372,0.13163219190913478,0.07691216092356681
20,3,000000000000000003f1,crop_loss,15.983172848897311,0.4950894761719117,0.239388315421661
20,3,000000000000000003f2,crop_loss,13.840059939882956,0.4608935458569177,0.15584361189537727
20,3,0000000000000000044b,crop_loss,8.193981071437648,0.5581613865029796,0.08334103277204075
20,3,0000000000000000046c,crop_loss,17.90947667674844,0.5274031302640272,0.3652150700705497
20,3,00000000000000000480,crop_loss,6.1468554673404245,0.8148394883421483,0.2805365843751123
20,3,00000000000000000483,crop_loss,8.85667336412128,0.7521934814290417,0.19355067922591762
20,3,00000000000000000485,crop_loss,15.820127604263403,0.697562487351062,0.08203485690741841
20,3,00000000000000000497,crop_loss,13.736249640643223,0.15704828017864433,0.13712944172578292
20,3,0000000000000000049b,crop_loss,14.569856083326144,0.32940853922606833,0.12703148771271489
20,3,000000000000000004a1,crop_loss,14.846628526503276,0.35610550044492784,0.14766278183500048
20,3,000000000000000004e7,crop_loss,11.472114193138294,0.4803646996542864,0.0897823647191967
20,3,000000000000000004e9,crop_loss,9.598385388370655,0.36645474325986854,0.22230182405623974
20,3,000000000000000004ee,crop_loss,12.893493736945887,0.4482853167748354,0.36548092249458614
20,3,000000000000000004f9,crop_loss,17.12468341497444,0.5111218452043053,0.27304697559898006
20,3,00000000000000000517,crop_loss,10.29661338668497,0.32804917525977517,0.3038781907388503
20,3,00000000000000000538,crop_loss,1.0644417212758763,0.2850150470939547,0.062299153099095506
20,3,0000000000000000057e,crop_loss,3.571665096627012,0.5232651148751013,0.09362180208628851
20,3,000000000000000005d1,crop_loss,8.761626037755072,0.3681524433120767,0.39183733930122866
20,3,00000000000000000611,crop_loss,16.912626000110887,0.6153565957006901,0.13259887395029335
20,3,0000000000000000062f,crop_loss,13.98451946667627,0.5168899447226273,0.276926596013728
20,3,00000000000000000632,crop_loss,8.320282701296083,0.07535864470972552,0.06845112988036531
20,3,0000000000000000063e,crop_loss,13.999532939203688,0.32259726099056063,0.16692694865964428
20,3,00000000000000000655,crop_loss,14.5951290941081,0.2942917900883201,0.32173962743971496
20,3,00000000000000000697,crop_loss,16.921138499522726,0.6058152005480798,0.1593750733755802
20,3,00000000000000000698,crop_loss,12.263828527971182,0.4405377321626444,0.12345399121637529
20,3,000000000000000006a8,crop_loss,16.785614497238235,0.22465389697470647,0.19432355445927374
20,3,000000000000000006b4,crop_loss,14.893686225645109,0.5345506427432881,0.269951423565647
20,3,000000000000000006be,crop_loss,7.644641216869264,0.36106513271687785,0.16915250990609526
20,3,000000000000000006c0,crop_loss,2.809188141755095,0.2140254839614302,0.34352466344541893
20,3,000000000000000006ce,crop_loss,10.436259930305203,0.5651231946586094,0.23825200937651764
20,3,000000000000000006d9,crop_loss,16.134030674115042,0.2027559602005467,0.1138853158170535
20,3,000000000000000006e5,crop_loss,15.19340293697411,0.5118826160657867,0.21878724667833532
20,3,00000000000000000151,built_loss,7.698588963992753,0.2582603495467344,0.11471525022228612
20,3,000000000000000001be,built_loss,4.226127121379879,0.5840173305079758,0.2604980734496788
20,3,0000000000000000034d,built_loss,6.153358170660701,0.471053832879555,0.17860143806894052
20,3,000000000000000003c7,crop_loss,13.937316502308052,0.6963831499083166,0.16830680602140258
20,3,0000000000000000004a,built_loss,8.863287074089522,0.43461560242483005,0.07464056381350781
20,3,00000000000000000206,built_loss,15.649172483518896,0.7612852854283145,0.202448268333839
20,3,000000000000000002a4,built_loss,6.110972104127657,0.4058253757553883,0.1237785348255091
20,3,000000000000000004f5,built_loss,5.266661949016165,0.47678131988700173,0.16595802500383122
20,3,000000000000000002cc,crop_loss,9.964664347820523,0.2494939189274373,0.3417430935742909
20,3,000000000000000006cc,crop_loss,13.956062214330048,0.32253968541896116,0.09727645436098087
20,3,0000000000000000016c,crop_loss,14.439732068196903,0.48663181967654107,0.15698020427021192
20,4,00000000000000000085,built_loss,11.458088255284135,0.35210068316961635,0.13770450689568303
20,4,00000000000000000114,built_loss,13.928411270421595,0.675603734224716,0.19620574720686146
20,4,0000000000000000024c,built_loss,9.909136291811137,0.7439764560526609,0.11634206050136375
20,4,00000000000000000375,built_loss,13.27867722444007,0.6323515563222125,0.2480924372026735
20,4,000000000000000004d2,built_loss,14.278312445673357,0.5752911173425083,0.2544145734286998
20,4,000000000000000005bd,built_loss,4.1650694848097585,0.6292373720694122,0.20789310085313295
20,4,00000000000000000281,crop_loss,16.263623367235727,0.4756910478291434,0.134991327287601
20,4,000000000000000003a2,crop_loss,14.739054289677048,0.35299566669209276,0.24597541687336164
20,4,00000000000000000001,built_loss,9.271609343238886,0.47470438771010637,0.1513224404285024
20,4,00000000000000000049,built_loss,5.434740765411318,0.46227911456441495,0.10056975925402734
20,4,0000000000000000004f,built_loss,13.518836798369005,0.4198885361832663,0.18008861992456643
20,4,0000000000000000005a,built_loss,13.033997398261638,0.45265284046603793,0.0978441677501784
20,4,00000000000000000079,built_loss,17.179200975760924,0.6121051696965378,0.16568771392542636
20,4,00000000000000000087,built_loss,17.33705455242228,0.6082520136674893,0.24238523635904569
20,4,000000000000000000a1,built_loss,6.865798331741616,0.4557077451467627,0.18175876643490874
20,4,000000000000000000b8,built_loss,8.052095908489969,0.5423361611597994,0.29463079999401687
20,4,000000000000000000c0,built_loss,17.106413380184442,0.6205918996248994,0.1592507594998691
20,4,000000000000000000e2,built_loss,10.19124607972378,0.3489025855812697,0.18770785313009858
20,4,000000000000000000f0,built_loss,14.688825710312063,0.689602088524632,0.2078330337223122
20,4,000000000000000000f8,built_loss,14.942989044721394,0.5549811718330607,0.16116835769998666
20,4,0000000000000000011c,built_loss,5.6822281443193035,0.7513608319066115,0.0859628413157173
20,4,00000000000000000161,built_loss,12.525912649394567,0.682399896331891,0.15976037655646003
20,4,0000000000000000016a,built_loss,7.23883386400837,0.25165935349183544,0.14613420852429138
20,4,00000000000000000176,built_loss,8.511306823905992,0.6954064048995983,0.09128764581376148
20,4,000000000000000001a8,built_loss,16.01340210853122,0.5234732096141655,0.1493252647095133
20,4,000000000000000001cd,built_loss,15.994941824097994,0.66617398138269,0.1875593292924811
20,4,000000000000000001e5,built_loss,10.182796871974967,0.5405708403796465,0.22292633558397523
20,4,00000000000000000209,built_loss,17.577909534596333,0.5862247879118136,0.19805865849887605
20,4,00000000000000000231,built_loss,13.922233133905676,0.5323708772590497,0.18062323016800147
20,4,0000000000000000026d,built_loss,12.766049234138485,0.5261031525495599,0.20955498842274078
20,4,00000000000000000278,built_loss,13.73292669500168,0.7531687283973265,0.18127776748002689
20,4,00000000000000000293,built_loss,12.49151121990121,0.4906964142418462,0.12456373962891837
20,4,00000000000000000316,built_loss,2.2541417951818423,0.12848619264429129,0.03203855392589498
20,4,00000000000000000356,built_loss,16.264866063634873,0.4811246467473409,0.28497551444972613
20,4,00000000000000000362,built_loss,15.315518210849667,0.508568451863487,0.23387555220317746
20,4,00000000000000000363,built_loss,15.714837534939557,0.24439504652368274,0.17262692313475617
20,4,00000000000000000364,built_loss,16.26207760659259,0.5483309551149268,0.1664016082902094
20,4,00000000000000000380,built_loss,14.457802121859338,0.5350622093601536,0.15459388095234744
20,4,00000000000000000384,built_loss,9.290876953964528,0.5745397611394475,0.12881348022073114
20,4,0000000000000000039e,built_loss,8.893310784827465,0.4939393509610027,0.07885289557130515
20,4,000000000000000003a1,built_loss,10.299194987158492,0.6628265122581121,0.16280231550809743
20,4,000000000000000003a5,built_loss,13.732495992567262,0.3038850440916784,0.15902288243671478
20,4,000000000000000003b7,built_loss,10.64968972820582,0.4501485945606218,0.0907532902171973
20,4,000000000000000003bf,built_loss,14.539696730194553,0.5599677863394477,0.12817449533996328
20,4,000000000000000003d2,built_loss,16.557836729284332,0.6877958785400966,0.2299944938325793
20,4,000000000000000003f8,built_loss,4.143127062198053,0.22695497336204162,0.08666565828582673
20,4,000000000000000003fa,built_loss,15.968142573911097,0.4207612928779686,0.0944485882786959
20,4,00000000000000000407,built_loss,16.190032869130395,0.5335345143386881,0.11965965691856734
20,4,0000000000000000040f,built_loss,13.911736620624911,0.5388053540213084,0.062802257057742
20,4,00000000000000000426,built_loss,13.400464163932197,0.5741946657232365,0.16949437192490213
20,4,0000000000000000042b,built_loss,15.554965973059504,0.5700528583827873,0.21328481485007422
20,4,00000000000000000442,built_loss,2.8523470086242275,0.3612632948266334,0.25851972512077526
20,4,00000000000000000465,built_loss,16.011958544100736,0.6272106465713728,0.1363161894498941
20,4,0000000000000000047e,built_loss,11.377160295260133,0.5798435946753316,0.176685685728859
20,4,00000000000000000490,built_loss,17.26719714695836,0.6655430178643347,0.19810005466040215
20,4,000000000000000004c0,built_loss,13.724595181288256,0.6245367997275592,0.13395215850130548
20,4,000000000000000004c5,built_loss,8.469140872212742,0.5259561034235675,0.1619017099753684
20,4,000000000000000004d9,built_loss,13.280371703830795,0.5722899072507918,0.09068600771118529
20,4,000000000000000004eb,built_loss,15.504437354968001,0.42795685745192413,0.11635777138784958
20,4,000000000000000004f7,built_loss,7.692384044879176,0.5034811223757557,0.11859515017768618
20,4,000000000000000004fe,built_loss,12.239087312773652,0.5146541941762538,0.09695783032500604
20,4,0000000000000000051d,built_loss,12.31757789680711,0.26451618813567906,0.3426322641015711
20,4,00000000000000000559,built_loss,14.892719792938104,0.5873206692526513,0.21602189874348277
20,4,00000000000000000576,built_loss,7.963581974027807,0.2712114387060551,0.09002234072483067
20,4,00000000000000000577,built_loss,7.009219354942446,0.40928197288461987,0.23730331431710994
20,4,0000000000000000057f,built_loss,2.108665487939685,0.3778434695728481,0.11109979133535997
20,4,00000000000000000594,built_loss,11.674633520989861,0.5112697804215114,0.39518696912389417
20,4,000000000000000005ad,built_loss,12.043917247975894,0.6509072667835688,0.16607983413732108
20,4,000000000000000005bf,built_loss,11.905114213018685,0.3208264204981747,0.09700851681695971
20,4,000000000000000005cc,built_loss,8.589280728415241,0.29907098874624294,0.08182892678823461
20,4,000000000000000005de,built_loss,12.069193560893085,0.44227085178258946,0.07108464715166124
20,4,000000000000000005e7,built_loss,16.092770672088385,0.6250974732057499,0.21147582669802245
20,4,000000000000000005f9,built_loss,9.789530057567838,0.6395131302806126,0.16284185251064098
20,4,0000000000000000061c,built_loss,12.023599074998714,0.3823561439996055,0.18029965382858265
20,4,00000000000000000624,built_loss,3.47582896510029,0.45974374077544555,0.1682591109434181
20,4,00000000000000000626,built_loss,15.430575656994243,0.5395475018440016,0.12229690310403962
20,4,0000000000000000062a,built_loss,15.251442057618156,0.5561252223590684,0.21639563651733174
20,4,00000000000000000636,built_loss,14.196861292709931,0.4228514197179342,0.33302583887337633
20,4,0000000000000000064a,built_loss,4.2894400496190785,0.3148503731284049,0.07586266224331573
20,4,0000000000000000064d,built_loss,12.68743719764136,0.4273539900563497,0.17497270955579775
20,4,00000000000000000694,built_loss,14.038242538617588,0.3487030205242032,0.07654284977972287
20,4,0000000000000000069d,built_loss,13.55557292716819,0.6328627597759752,0.20960756255069657
20,4,000000000000000006b7,built_loss,15.678279582337755,0.5185061850093202,0.10390901245808065
20,4,000000000000000006df,built_loss,9.079896089337128,0.24163492534344733,0.2580834548451639
20,4,000000000000000006e3,built_loss,11.853502346662177,0.4092547350163874,0.14917721371314885
20,4,00000000000000000011,crop_loss,15.106002100935829,0.8607408321192803,0.40347899103738527
20,4,0000000000000000002b,crop_loss,14.357885257647556,0.2452428581583999,0.2629352901820079
20,4,0000000000000000002d,crop_loss,15.984907816598437,0.46216959906879634,0.15419320587873442
20,4,0000000000000000003a,crop_loss,14.99081778560684,0.2892355912549442,0.1330607514074126
20,4,0000000000000000009b,crop_loss,10.296462359331574,0.4993075575021346,0.04762648923937279
20,4,0000000000000000009d,crop_loss,5.926035332549974,0.4471045964258045,0.12101197066953073
20,4,000000000000000000a8,crop_loss,15.39615733065311,0.23503202807798365,0.07898848059813957
20,4,000000000000000000da,crop_loss,14.420148376131484,0.6867024637609066,0.1412068439502301
20,4,000000000000000000e3,crop_loss,15.595228102264109,0.47293745455710473,0.20209607254159512
20,4,000000000000000000e9,crop_loss,4.132950798615499,0.31084000039296944,0.24999351412314622
20,4,0000000000000000011b,crop_loss,12.280366971470198,0.45808735583569365,0.10367458207595553
20,4,00000000000000000128,crop_loss,13.656635901346393,0.5687788573420921,0.07771053955008844
20,4,00000000000000000192,crop_loss,17.080737798850986,0.576183731384249,0.0901414648439064
20,4,00000000000000000196,crop_loss,10.872612050337162,0.29662607862573803,0.15725159781879744
20,4,000000000000000001a6,crop_loss,16.20185186769798,0.29989790513764186,0.19199139284397854
20,4,000000000000000001e4,crop_loss,15.089263183810802,0.5186516484366773,0.10230206036444361
20,4,000000000000000001f9,crop_loss,16.405063093260722,0.43287315502202,0.4334276346980442
20,4,00000000000000000228,crop_loss,14.220620026418665,0.49551643788415717,0.42876196178211845
20,4,0000000000000000028c,crop_loss,3.1887462767150327,0.33249400654270733,0.08599448136106796
20,4,0000000000000000028d,crop_loss,14.238672699329147,0.6086286831210097,0.16051738534768223
20,4,00000000000000000291,crop_loss,9.988687370240575,0.8738312004363479,0.042235490931812225
20,4,000000000000000002c5,crop_loss,15.835797529260972,0.38613441165510043,0.2147688450556772
20,4,000000000000000002dc,crop_loss,16.501383943120114,0.690003956645599,0.1510848342870782
20,4,000000000000000002e4,crop_loss,13.05027627847886,0.32119603740189234,0.27361451511916235
20,4,000000000000000002ec,crop_loss,16.135424444992218,0.5071127710958938,0.22966451686314582
20,4,00000000000000000314,crop_loss,13.320542518027876,0.0426701419473161,0.11671199127734075
20,4,00000000000000000335,crop_loss,17.85238984056285,0.4286750620778187,0.33124430375670577
20,4,0000000000000000033a,crop_loss,11.179224918936697,0.48557483051346684,0.24002542525999565
20,4,000000000000000003b0,crop_loss,16.047182715189276,0.16091371475155933,0.17166815368813565
20,4,000000000000000003c8,crop_loss,12.981337479784436,0.18835158102734967,0.13451831068275716
20,4,000000000000000003f1,crop_loss,13.059860649998186,0.5287743689755802,0.20139204105477854
20,4,000000000000000003f2,crop_loss,11.635301074603435,0.45913877648613777,0.14913077010871728
20,4,0000000000000000044b,crop_loss,9.265350917233171,0.5445242366466613,0.123909947023078
20,4,0000000000000000046c,crop_loss,15.692807633020587,0.5325182168540541,0.298310621674044
20,4,00000000000000000480,crop_loss,8.384471719660121,0.7577105461592857,0.4824489425118383
20,4,00000000000000000483,crop_loss,6.295574915629304,0.7825316861850055,0.2250562342782383
20,4,00000000000000000485,crop_loss,16.54119223554052,0.6763347300228119,0.1196225876033361
20,4,00000000000000000497,crop_loss,14.964918266573134,0.23381623402866547,0.17941960924652392
20,4,0000000000000000049b,crop_loss,14.791549808318251,0.3268823541181019,0.08098166386061117
20,4,000000000000000004a1,crop_loss,15.433454999969682,0.3891835655663993,0.15135765296910597
20,4,000000000000000004e7,crop_loss,12.46487242615979,0.4835311534455296,0.07154236626305877
20,4,000000000000000004e9,crop_loss,8.243711842200739,0.44645793173259213,0.23202842978021992
20,4,000000000000000004ee,crop_loss,12.421650504780429,0.28903848970046747,0.23066779046643407
20,4,000000000000000004f9,crop_loss,14.206369633748428,0.3272362139712067,0.2867081151738293
20,4,00000000000000000517,crop_loss,13.2284364906294,0.39036441244022135,0.3888634467156189
20,4,00000000000000000538,crop_loss,1.048940169275113,0.3227264888579697,0.11680606199235438
20,4,0000000000000000057e,crop_loss,3.649259006284583,0.5217038053532161,0.0633489153990554
20,4,000000000000000005d1,crop_loss,9.734687518807533,0.1111300490667552,0.18991129448131444
20,4,00000000000000000611,crop_loss,15.518736934931429,0.6405750574786633,0.10448475766888576
20,4,0000000000000000062f,crop_loss,16.789221905397103,0.502070645170489,0.2688491556318987
20,4,00000000000000000632,crop_loss,10.344534816148697,0.08231077781862946,0.10332704594786346
20,4,0000000000000000063e,crop_loss,16.60252947045109,0.32703057393327306,0.1388479031238801
20,4,00000000000000000655,crop_loss,12.56947063979277,0.42849309321934786,0.45013266258637297
20,4,00000000000000000697,crop_loss,13.952590472347639,0.5965469939970912,0.13521305646674509
20,4,00000000000000000698,crop_loss,12.141722982687007,0.48120839503567,0.15760305455968399
20,4,000000000000000006a8,crop_loss,18.10316400123668,0.295226895861756,0.20490467879798843
20,4,000000000000000006b4,crop_loss,13.284325371722087,0.535726277357449,0.18723843492104608
20,4,000000000000000006be,crop_loss,10.57133912357218,0.3864786176939045,0.12435393297323805
20,4,000000000000000006c0,crop_loss,2.5814878523311227,0.15167988048743775,0.07520074604665977
20,4,000000000000000006ce,crop_loss,10.500139878266376,0.4902686451680544,0.3121852742877403
20,4,000000000000000006d9,crop_loss,15.007010092333555,0.2120623595829268,0.1435190450522533
20,4,000000000000000006e5,crop_loss,16.196657468505965,0.5378744651199618,0.25284167857158424
20,4,00000000000000000151,built_loss,7.295387099432577,0.296493140712355,0.0640062441568186
20,4,000000000000000001be,built_loss,4.724611435093274,0.5262313242759977,0.19496842876211745
20,4,0000000000000000034d,built_loss,4.2286542262178415,0.3722109731945482,0.10938120979107313
20,4,000000000000000003c7,crop_loss,8.123892967274118,0.7665208712950847,0.11834144662548463
20,4,0000000000000000004a,built_loss,8.360498866523605,0.4591863558782062,0.08484065644541622
20,4,00000000000000000206,built_loss,14.011799988431365,0.743907545994089,0.15722182199913937
20,4,000000000000000002a4,built_loss,6.685725285530436,0.3825459118449348,0.11140593114752023
20,4,000000000000000004f5,built_loss,6.111332346054429,0.43055580596092113,0.21117184486775253
20,4,000000000000000002cc,crop_loss,9.443103543590098,0.6497122556153552,0.3384057534465054
20,4,000000000000000006cc,crop_loss,12.721290658965806,0.360259354856901,0.17063576383864343
20,4,0000000000000000016c,crop_loss,15.710231374157992,0.4661330657372245,0.18882390577773717
20,5,00000000000000000085,built_loss,9.498309482480067,0.397075581855767,0.19822750913072934
20,5,00000000000000000114,built_loss,12.869022945371261,0.7477765783122119,0.11286757593882157
20,5,0000000000000000024c,built_loss,13.162127274825156,0.7293510601073968,0.07789720440864756
20,5,00000000000000000375,built_loss,14.54878867689382,0.7112668585140784,0.21894584036501852
20,5,000000000000000004d2,built_loss,13.745911556021904,0.5599250793025138,0.13480231535204257
20,5,000000000000000005bd,built_loss,4.612046016626323,0.5715290641767024,0.183202370784667
20,5,00000000000000000281,crop_loss,13.705233418970428,0.4841564330451943,0.19224050900258421
20,5,000000000000000003a2,crop_loss,11.362143797534166,0.3110330921239119,0.18217347458292985
20,5,00000000000000000001,built_loss,12.186473812291133,0.4872533990418485,0.23367497824576128
20,5,00000000000000000049,built_loss,4.245731240607551,0.4788431758863787,0.13930654798509495
20,5,0000000000000000004f,built_loss,15.697273840570043,0.47191727407418016,0.1991512031137222
20,5,0000000000000000005a,built_loss,14.09006555993747,0.4387736670518814,0.08441266355660437
20,5,00000000000000000079,built_loss,17.688717766938886,0.6556397610220652,0.13219121355541674
20,5,00000000000000000087,built_loss,15.974078013400307,0.5732280511585847,0.2759344288893453
20,5,000000000000000000a1,built_loss,9.261013321844091,0.4149584024002194,0.15458480127998475
20,5,000000000000000000b8,built_loss,7.295014037362916,0.3982076826322976,0.4509836061430131
20,5,000000000000000000c0,built_loss,13.992362475068603,0.6208328663350939,0.15893954295774737
20,5,000000000000000000e2,built_loss,9.245434839568802,0.39098581897528173,0.12903536432344465
20,5,000000000000000000f0,built_loss,13.064780289750543,0.7203384243048073,0.16965810647465596
20,5,000000000000000000f8,built_loss,17.156320356474758,0.5278958816416603,0.2197191751375296
20,5,0000000000000000011c,built_loss,2.9964154537264522,0.7452088685516404,0.10755516071490356
20,5,00000000000000000161,built_loss,14.208234878922797,0.6746581384977944,0.1586914775113636
20,5,0000000000000000016a,built_loss,6.922625972225514,0.2286944978307308,0.1489387261512881
20,5,00000000000000000176,built_loss,12.91188314331247,0.6458958603350584,0.13269555931118526
20,5,000000000000000001a8,built_loss,15.600750078288408,0.5499221001165369,0.2031630888653156
20,5,000000000000000001cd,built_loss,17.774970463024644,0.8440714119411781,0.14940424631994342
20,5,000000000000000001e5,built_loss,14.250082080479924,0.5321307356729351,0.21277864892544746
20,5,00000000000000000209,built_loss,17.778141470608556,0.5447160652267593,0.11006393238794876
20,5,00000000000000000231,built_loss,15.683611875354508,0.5775548971632104,0.2181212984630323
20,5,0000000000000000026d,built_loss,10.436562468977131,0.6040177082036815,0.2178453738296965
20,5,00000000000000000278,built_loss,14.367604561416318,0.7959631598310574,0.12057533692431865
20,5,00000000000000000293,built_loss,14.27880001750577,0.49924891132089044,0.22835854443954118
20,5,00000000000000000316,built_loss,1.7491427235628705,0.10568027723559577,0.133532282212378
20,5,00000000000000000356,built_loss,14.541824930770247,0.6063093022586284,0.24951781531893485
20,5,00000000000000000362,built_loss,15.333441683129696,0.5811457063664214,0.22101246826225035
20,5,00000000000000000363,built_loss,10.947737386739671,0.26242797954581654,0.10005638789116758
20,5,00000000000000000364,built_loss,17.35260106889581,0.6652626883267304,0.17596569384989447
20,5,00000000000000000380,built_loss,15.382672890253351,0.4570167949109595,0.19836106339960957
20,5,00000000000000000384,built_loss,10.251394948620426,0.5622667392469703,0.09248491050513397
20,5,0000000000000000039e,built_loss,3.945530399197446,0.4831378783076663,0.10773149128553039
20,5,000000000000000003a1,built_loss,10.842557212982326,0.60395218978394,0.11182853103675583
20,5,000000000000000003a5,built_loss,11.525762250760963,0.3937054371084507,0.27442672772736243
20,5,000000000000000003b7,built_loss,10.351670550984261,0.4944346161590606,0.14038976673141718
20,5,000000000000000003bf,built_loss,15.5577706141749,0.5473367409458099,0.13621149302823543
20,5,000000000000000003d2,built_loss,13.751392941228094,0.6036965054450765,0.18253532241421988
20,5,000000000000000003f8,built_loss,5.464734606624393,0.22079701748229386,0.07130259761372504
20,5,000000000000000003fa,built_loss,15.746276663440526,0.4393510418272825,0.13266822583817311
20,5,00000000000000000407,built_loss,15.652582272509843,0.5478888060604684,0.2616253965387032
20,5,0000000000000000040f,built_loss,12.591745957211206,0.539700776626988,0.04667794934810321
20,5,00000000000000000426,built_loss,14.07619095776141,0.5641103638713206,0.10854033011517172
20,5,0000000000000000042b,built_loss,13.434886715803573,0.5427898190264989,0.1507670003731812
20,5,00000000000000000442,built_loss,3.693348889120966,0.33798406772070205,0.38119500479511015
20,5,00000000000000000465,built_loss,14.784303538649734,0.6131040221720866,0.12707162739845923
20,5,0000000000000000047e,built_loss,11.67656610802702,0.529091993958043,0.13903693053669242
20,5,00000000000000000490,built_loss,19.465796278829362,0.6702432554290569,0.18454925638736297
20,5,000000000000000004c0,built_loss,14.756057691040958,0.6440758401351656,0.11033788552176782
20,5,000000000000000004c5,built_loss,8.55338696750972,0.6174137946200094,0.2459687033165711
20,5,000000000000000004d9,built_loss,16.685432268590862,0.5550467706959796,0.15846845325344383
20,5,000000000000000004eb,built_loss,16.667861713304138,0.4434575235146713,0.11827249320995431
20,5,000000000000000004f7,built_loss,6.92059613387027,0.48002196839603745,0.07645943257135224
20,5,000000000000000004fe,built_loss,12.693156731132973,0.4777421294027704,0.12894619234031424
20,5,0000000000000000051d,built_loss,14.213835019016448,0.6465200077392527,0.29025861612255327
20,5,00000000000000000559,built_loss,15.760888076655876,0.6652745735906859,0.2113600487787758
20,5,00000000000000000576,built_loss,7.681166232977156,0.27099706899043696,0.14904395999824963
20,5,00000000000000000577,built_loss,8.412233825030347,0.4299465908790991,0.2895746363096748
20,5,0000000000000000057f,built_loss,2.6298564283309314,0.3968615486284969,0.19773819405228332
20,5,00000000000000000594,built_loss,9.36121048020733,0.42086787120291547,0.2849210017823298
20,5,000000000000000005ad,built_loss,15.412436661040257,0.6606613986074745,0.10742500738653149
20,5,000000000000000005bf,built_loss,13.283024886452363,0.395029221811776,0.12690631956534104
20,5,000000000000000005cc,built_loss,11.54148252744022,0.31549445899368256,0.08118306734302044
20,5,000000000000000005de,built_loss,11.439997680043605,0.4530856049214478,0.06243340310389106
20,5,000000000000000005e7,built_loss,14.501618566225536,0.6510297124083828,0.17552613244368065
20,5,000000000000000005f9,built_loss,7.97144913801407,0.6770275876797059,0.19449636427325967
20,5,0000000000000000061c,built_loss,12.376309157699138,0.33625968899237857,0.1370886554235688
20,5,00000000000000000624,built_loss,3.7963338840651155,0.4798094253608197,0.18715780955166894
20,5,00000000000000000626,built_loss,15.090588532967065,0.497308267601037,0.1147584482761348
20,5,0000000000000000062a,built_loss,13.551630502230381,0.5567930767947038,0.2090625247731176
20,5,00000000000000000636,built_loss,12.824872751262857,0.5823982425481641,0.3673625088347428
20,5,0000000000000000064a,built_loss,2.3988314313061814,0.28700279609458124,0.175911092055775
20,5,0000000000000000064d,built_loss,5.892778984324918,0.509515348226247,0.15096497193688269
20,5,00000000000000000694,built_loss,12.581414512958425,0.37486564141094847,0.09453718269066869
20,5,0000000000000000069d,built_loss,16.017121345703003,0.6933005142470099,0.1935530119370883
20,5,000000000000000006b7,built_loss,15.343480722802159,0.4881902982421675,0.10462322925677009
20,5,000000000000000006df,built_loss,11.698413893273003,0.26486576895447983,0.19206941832027577
20,5,000000000000000006e3,built_loss,13.844467706832983,0.41246862705232024,0.17615416541535334
20,5,00000000000000000011,crop_loss,12.794947173387932,0.4984775026752052,0.4899731354991044
20,5,0000000000000000002b,crop_loss,15.297673172764485,0.18495764187642233,0.1948093077215745
20,5,0000000000000000002d,crop_loss,16.90213157892239,0.45286463068342026,0.17074977163360117
20,5,0000000000000000003a,crop_loss,15.452211764922502,0.3145597376104981,0.13893062501006664
20,5,0000000000000000009b,crop_loss,9.708453578137064,0.49225070462331727,0.026828143850133435
20,5,0000000000000000009d,crop_loss,5.277085722802721,0.5182543876324215,0.14242338160743462
20,5,000000000000000000a8,crop_loss,15.018548098142283,0.1831872354702392,0.06819276121415654
20,5,000000000000000000da,crop_loss,11.963792156178465,0.7437455139148799,0.13746977626157897
20,5,000000000000000000e3,crop_loss,17.845417177901105,0.4718930245609608,0.1762755204883542
20,5,000000000000000000e9,crop_loss,3.2166010308151414,0.47337972695454283,0.20886978386033478
20,5,0000000000000000011b,crop_loss,12.366079021489954,0.45950338450128625,0.1413535052728983
20,5,00000000000000000128,crop_loss,14.96838365776925,0.5449070759620247,0.05596316006032054
20,5,00000000000000000192,crop_loss,15.092690917552899,0.5826392113905587,0.06704750764415957
20,5,00000000000000000196,crop_loss,8.792644209352508,0.2558298353297045,0.10901280557660664
20,5,000000000000000001a6,crop_loss,15.285676488877897,0.3287557719883572,0.23460620058553922
20,5,000000000000000001e4,crop_loss,16.84179134278544,0.5131997528564483,0.12918337561752896
20,5,000000000000000001f9,crop_loss,15.565623768654467,0.8216377581128674,0.3959859171027587
20,5,00000000000000000228,crop_loss,11.812144461776416,0.48858535210387166,0.31289513457867557
20,5,0000000000000000028c,crop_loss,4.515061942306074,0.35392844795516215,0.21275381719527137
20,5,0000000000000000028d,crop_loss,13.844709002425615,0.7221420957183211,0.16574065813017114
20,5,00000000000000000291,crop_loss,11.079230407861894,0.8332249037003644,0.10956568266662281
20,5,000000000000000002c5,crop_loss,14.006452243911427,0.3500224825118263,0.21444467301435757
20,5,000000000000000002dc,crop_loss,14.548481059863628,0.6903338334939687,0.14024326697411338
20,5,000000000000000002e4,crop_loss,14.483623048078014,0.2605922255771517,0.19946366227476858
20,5,000000000000000002ec,crop_loss,17.15511132731996,0.5235797956733736,0.18912926371337696
20,5,00000000000000000314,crop_loss,14.314166528781541,0.10896208892587335,0.1810121692696403
20,5,00000000000000000335,crop_loss,14.764670543697797,0.49551367735290086,0.13451030361564897
20,5,0000000000000000033a,crop_loss,11.580430012864896,0.457348955614425,0.1457028503521713
20,5,000000000000000003b0,crop_loss,15.129786948845423,0.3085563194210937,0.22087189434957816
20,5,000000000000000003c8,crop_loss,16.685163057687806,0.20214311124216588,0.09287947720761058
20,5,000000000000000003f1,crop_loss,14.002059825358455,0.4239121128682358,0.18253154709323655
20,5,000000000000000003f2,crop_loss,15.480001248927923,0.4955336332658958,0.13604989248413907
20,5,0000000000000000044b,crop_loss,9.485968352402983,0.5722909164521826,0.14807566370615705
20,5,0000000000000000046c,crop_loss,17.423012421323165,0.5924830994081361,0.2528048926637346
20,5,00000000000000000480,crop_loss,6.173966059914418,0.8000523601478913,0.38657740304902255
20,5,00000000000000000483,crop_loss,8.975717409360655,0.77239234829173,0.23601445494541073
20,5,00000000000000000485,crop_loss,16.51148943749922,0.7012284106811892,0.18114102716287306
20,5,00000000000000000497,crop_loss,13.969772531021562,0.23438122325756627,0.12901289928505058
20,5,0000000000000000049b,crop_loss,14.245249964290704,0.3941231913356432,0.05780375435076951
20,5,000000000000000004a1,crop_loss,17.452994761341156,0.43502202714963073,0.18427989012507706
20,5,000000000000000004e7,crop_loss,12.26136358866544,0.45993774941116383,0.06369759754199006
20,5,000000000000000004e9,crop_loss,10.416865051371767,0.27695355235837593,0.1918045762729232
20,5,000000000000000004ee,crop_loss,14.049121694752007,0.40751356257832805,0.31502630301600487
20,5,000000000000000004f9,crop_loss,14.783776649415481,0.42016528113101004,0.2512977720219532
20,5,00000000000000000517,crop_loss,14.391057449441046,0.2368926877580265,0.22387790792311343
20,5,00000000000000000538,crop_loss,1.0705056980908305,0.31621135208875634,0.07234877747399093
20,5,0000000000000000057e,crop_loss,4.138232292144415,0.5479854288010106,0.08074170972830974
20,5,000000000000000005d1,crop_loss,11.44196267018844,0.1371638778219966,0.10871440054469464
20,5,00000000000000000611,crop_loss,16.465803837323712,0.6462385736097453,0.09931219620979037
20,5,0000000000000000062f,crop_loss,15.574674949020634,0.5594866459848201,0.22903868440577535
20,5,00000000000000000632,crop_loss,9.38819596920822,0.17091392430026328,0.2031175646741043
20,5,0000000000000000063e,crop_loss,16.09099095322281,0.29952889980608915,0.13991915823465267
20,5,00000000000000000655,crop_loss,12.844698996099924,0.6403369951098931,0.44324879946815277
20,5,00000000000000000697,crop_loss,15.026190313865401,0.656262403298351,0.14702907247883035
20,5,00000000000000000698,crop_loss,9.678184570805831,0.4067714225566317,0.1998248775137874
20,5,000000000000000006a8,crop_loss,16.395122762163417,0.3398221812298736,0.16588282286869163
20,5,000000000000000006b4,crop_loss,16.508650736106436,0.5389841244424906,0.23006951873478676
20,5,000000000000000006be,crop_loss,11.468619935742003,0.3876895988114317,0.1637991422725723
20,5,000000000000000006c0,crop_loss,3.154608647378916,0.21279161872684552,0.19962819478914
20,5,000000000000000006ce,crop_loss,11.44551709243377,0.6549086736464425,0.21719835735628046
20,5,000000000000000006d9,crop_loss,12.887927338720901,0.16792433144556912,0.09270228754125209
20,5,000000000000000006e5,crop_loss,15.970821733877454,0.5854120583301446,0.1715852175086508
20,5,00000000000000000151,built_loss,10.194477181945116,0.2918093070903085,0.0983231271011982
20,5,000000000000000001be,built_loss,4.958528756140282,0.5189377946586256,0.1453467167685541
20,5,0000000000000000034d,built_loss,5.154858492485532,0.4269930706037148,0.09403141087999589
20,5,000000000000000003c7,crop_loss,13.571673818773508,0.7346366365993902,0.11644810696505559
20,5,0000000000000000004a,built_loss,10.235261229397574,0.4353483280601953,0.06514296828718658
20,5,00000000000000000206,built_loss,15.894269901253702,0.7331081995903154,0.19176849690775477
20,5,000000000000000002a4,built_loss,7.325909792286048,0.4322310224727298,0.11807997779090867
20,5,000000000000000004f5,built_loss,6.389007715800048,0.4283111983105502,0.19354780490928591
20,5,000000000000000002cc,crop_loss,8.522484331936841,0.45848332462726965,0.3468954745715976
20,5,000000000000000006cc,crop_loss,10.236784104955685,0.3575810083849888,0.11409948085297406
20,5,0000000000000000016c,crop_loss,13.715564836616208,0.41707103279185426,0.1966263866755203
20,6,00000000000000000085,built_loss,9.740109714013084,0.29094798189055576,0.18377050559930747
20,6,00000000000000000114,built_loss,11.11527950115651,0.6238051691370551,0.3568233153145871
20,6,0000000000000000024c,built_loss,11.84981205849178,0.7210882745291298,0.13071583711343104
20,6,00000000000000000375,built_loss,14.103945132348443,0.7112174656148519,0.1875432146257059
20,6,000000000000000004d2,built_loss,15.615070341559875,0.6181927362634283,0.12225899369231652
20,6,000000000000000005bd,built_loss,4.612818877303644,0.5188984493924439,0.14665697990701948
20,6,00000000000000000281,crop_loss,15.163809348000619,0.544191306662056,0.1541830425011254
20,6,000000000000000003a2,crop_loss,14.830738015834822,0.42556858871896897,0.2614219133550991
20,6,00000000000000000001,built_loss,12.52899073293021,0.5199500670244804,0.16617116629977385
20,6,00000000000000000049,built_loss,4.342912840618223,0.5085512290287466,0.10189093025751284
20,6,0000000000000000004f,built_loss,16.01152828830472,0.47571066938650464,0.27259557054127526
20,6,0000000000000000005a,built_loss,15.824700631057036,0.38563015169473985,0.14091716745770277
20,6,00000000000000000079,built_loss,17.405854320005787,0.5976611241698231,0.21740827805126484
20,6,00000000000000000087,built_loss,12.631467779797633,0.6165130889391717,0.2562785709843743
20,6,000000000000000000a1,built_loss,5.962660954811697,0.4482690695395156,0.14675894049300148
20,6,000000000000000000b8,built_loss,7.99861763152796,0.38411296409634443,0.3558665342764206
20,6,000000000000000000c0,built_loss,14.10259448478183,0.6385827941672166,0.17327037492184827
20,6,000000000000000000e2,built_loss,7.6974715172766,0.47335584353981813,0.21107777506859188
20,6,000000000000000000f0,built_loss,13.237229243188018,0.6976854657563634,0.32834928705432825
20,6,000000000000000000f8,built_loss,14.919798448469486,0.5124725210984854,0.14099044223294055
20,6,0000000000000000011c,built_loss,6.118076167164905,0.7270773602257217,0.15332075639479903
20,6,00000000000000000161,built_loss,15.088189976782928,0.6930823152816518,0.1795525212957919
20,6,0000000000000000016a,built_loss,5.422339146444342,0.22058979333475687,0.11907589830168347
20,6,00000000000000000176,built_loss,13.958181472512935,0.6721921645906955,0.15425597610597852
20,6,000000000000000001a8,built_loss,16.0665676195526,0.5829415885723477,0.24701247956012423
20,6,000000000000000001cd,built_loss,14.908971039442962,0.7869907313745776,0.2103788949325246
20,6,000000000000000001e5,built_loss,9.788608763252906,0.6805929704576068,0.20476582608125038
20,6,00000000000000000209,built_loss,16.28239419896932,0.5816762821156031,0.13019254987182227
20,6,00000000000000000231,built_loss,13.852803306807788,0.5625453681668646,0.14807451286364315
20,6,0000000000000000026d,built_loss,13.379379339932619,0.5928319377137932,0.18669059130917176
20,6,00000000000000000278,built_loss,12.672737861484299,0.7810088596496326,0.13041082864563924
20,6,00000000000000000293,built_loss,16.722988900693363,0.40845386546771995,0.1695668244561368
20,6,00000000000000000316,built_loss,1.712879392655872,0.12356546158973386,0.04271490163857533
20,6,00000000000000000356,built_loss,14.422436445468852,0.5057528069467188,0.2894625914056011
20,6,00000000000000000362,built_loss,15.059322844702542,0.5900270901232061,0.1910440429883632
20,6,00000000000000000363,built_loss,12.386078888660418,0.23658212888365426,0.1375677552314108
20,6,00000000000000000364,built_loss,15.584941323557038,0.6057467741262494,0.20936957987527732
20,6,00000000000000000380,built_loss,15.141235496538945,0.5272906045494178,0.13003564056151978
20,6,00000000000000000384,built_loss,9.423350618765884,0.5932245150287393,0.09273143965100361
20,6,0000000000000000039e,built_loss,4.3407774393467555,0.4959310621879707,0.11173978228870518
20,6,000000000000000003a1,built_loss,10.190668388929996,0.5993593464786973,0.13767580041248906
20,6,000000000000000003a5,built_loss,11.302274964694844,0.5429237103472085,0.1645506217980386
20,6,000000000000000003b7,built_loss,13.324524737148968,0.46452351451698054,0.08239263799405128
20,6,000000000000000003bf,built_loss,16.756318262786206,0.5875798043869309,0.1320593298837529
20,6,000000000000000003d2,built_loss,17.978507975529403,0.6172845170642326,0.13657183024079456
20,6,000000000000000003f8,built_loss,5.424227910311991,0.25541989632853745,0.07319269701845463
20,6,000000000000000003fa,built_loss,16.15196926994054,0.4390005416682677,0.14703230676343154
20,6,00000000000000000407,built_loss,14.45828443868621,0.5344462035354145,0.13149795443584156
20,6,0000000000000000040f,built_loss,12.811394776891115,0.516538524190212,0.05653913398251503
20,6,00000000000000000426,built_loss,12.679062339226025,0.6054026025002872,0.20300328969580128
20,6,0000000000000000042b,built_loss,15.335680518961858,0.607736928339239,0.15399862418943167
20,6,00000000000000000442,built_loss,3.4534428261313868,0.373647680540409,0.5045214450670856
20,6,00000000000000000465,built_loss,16.60414002023339,0.5691936935085822,0.13302421723140895
20,6,0000000000000000047e,built_loss,12.450649532588436,0.5201849392182721,0.158124314692571
20,6,00000000000000000490,built_loss,17.438168842217053,0.6952100228616991,0.21273626611385654
20,6,000000000000000004c0,built_loss,16.000911777054995,0.6478348656703903,0.12248793767616817
20,6,000000000000000004c5,built_loss,9.04976883069096,0.6161230881518517,0.20160115696952546
20,6,000000000000000004d9,built_loss,15.23655213579137,0.5491601608386156,0.12998568282143974
20,6,000000000000000004eb,built_loss,15.128516833634588,0.45269526660592146,0.09823747903152913
20,6,000000000000000004f7,built_loss,5.4562508566922805,0.4380714861250774,0.08944854084729231
20,6,000000000000000004fe,built_loss,9.644542998876112,0.5379182892078513,0.1233334038984572
20,6,0000000000000000051d,built_loss,17.192982716626382,0.6596488813260417,0.35963021455887645
20,6,00000000000000000559,built_loss,16.022146323130404,0.7480832357172165,0.22258661154787818
20,6,00000000000000000576,built_loss,8.182209785821927,0.27568117952792504,0.14641153171066437
20,6,00000000000000000577,built_loss,7.020318923243058,0.3964777778263513,0.17413845422642077
20,6,0000000000000000057f,built_loss,2.205192111124436,0.3846509335525332,0.17478616639163413
20,6,00000000000000000594,built_loss,8.94592255483207,0.5880578193850946,0.3332097816263329
20,6,000000000000000005ad,built_loss,14.645380096842016,0.7275785558671675,0.2020622697514325
20,6,000000000000000005bf,built_loss,14.26960253851882,0.41727711000391077,0.1401510606162003
20,6,000000000000000005cc,built_loss,8.481061535423773,0.32361976110109086,0.0852998453926222
20,6,000000000000000005de,built_loss,15.361606717154952,0.44762681406053445,0.07454054244581054
20,6,000000000000000005e7,built_loss,15.749151952668822,0.598932041217896,0.28679087939023745
20,6,000000000000000005f9,built_loss,10.590953479639165,0.5644274699940012,0.265589847944704
20,6,0000000000000000061c,built_loss,12.935874811042698,0.3829494350179686,0.1789342299134809
20,6,00000000000000000624,built_loss,4.008565855867767,0.4591589201820731,0.14909339275279898
20,6,00000000000000000626,built_loss,14.881391553568855,0.5327454757134402,0.07050867214277468
20,6,0000000000000000062a,built_loss,15.147880793554405,0.5240205072728532,0.20162737955211701
20,6,00000000000000000636,built_loss,13.637583956278323,0.3809570619708515,0.33305948583095707
20,6,0000000000000000064a,built_loss,4.043070606275358,0.3224219130892429,0.07162892586561675
20,6,0000000000000000064d,built_loss,9.040802904482037,0.4374125438065648,0.12002646464148647
20,6,00000000000000000694,built_loss,12.86050813846612,0.37484832058500145,0.0557954510852009
20,6,0000000000000000069d,built_loss,14.951570999086915,0.621171437735454,0.1379560192713578
20,6,000000000000000006b7,built_loss,12.730372534482875,0.4518660359990967,0.10140610441464104
20,6,000000000000000006df,built_loss,9.094199400391865,0.34431440284608533,0.3414165406900226
20,6,000000000000000006e3,built_loss,13.787804909132774,0.4864190598944471,0.15004616558178535
20,6,00000000000000000011,crop_loss,14.494911913655573,0.772570385126921,0.47224182836407425
20,6,0000000000000000002b,crop_loss,16.302215181449885,0.22976796295319254,0.20198600880152612
20,6,0000000000000000002d,crop_loss,16.998081428539408,0.5178430203566535,0.19353028016983304
20,6,0000000000000000003a,crop_loss,16.74217880170629,0.2682349789872041,0.14973505338005835
20,6,0000000000000000009b,crop_loss,12.180537545458089,0.48951744409976666,0.04047793581876957
20,6,0000000000000000009d,crop_loss,5.3270368048340755,0.35937541875194634,0.1714140814605084
20,6,000000000000000000a8,crop_loss,11.035001384967618,0.23152913932691774,0.07696712759059485
20,6,000000000000000000da,crop_loss,12.011883524096586,0.7295669296350908,0.20490757470418675
20,6,000000000000000000e3,crop_loss,17.90097178111356,0.5069651206770331,0.168146470880568
20,6,000000000000000000e9,crop_loss,4.381016669779965,0.43502208528068376,0.23809632155360644
20,6,0000000000000000011b,crop_loss,16.146738681410486,0.4605021814386357,0.0901157838747863
20,6,00000000000000000128,crop_loss,11.800582552884807,0.5607116669590535,0.06561944441869927
20,6,00000000000000000192,crop_loss,15.653403179295507,0.5655572194847431,0.08946757343322531
20,6,00000000000000000196,crop_loss,14.487659988484051,0.24682270240164608,0.1360415827836345
20,6,000000000000000001a6,crop_loss,16.175161126864847,0.3599977420962965,0.21790491314723906
20,6,000000000000000001e4,crop_loss,11.692336391095415,0.5303794113888348,0.13789427171399327
20,6,000000000000000001f9,crop_loss,15.820347483624799,0.8077309127068993,0.3230310730015298
20,6,00000000000000000228,crop_loss,12.03827312874278,0.6092185640428547,0.24677171987335061
20,6,0000000000000000028c,crop_loss,5.295891875914206,0.294503248466933,0.1664607934968852
20,6,0000000000000000028d,crop_loss,15.243150337321694,0.6317962156256152,0.14494351372486836
20,6,00000000000000000291,crop_loss,10.456010307050313,0.8736260067938078,0.09570781716743482
20,6,000000000000000002c5,crop_loss,13.534319006338192,0.3488398382054401,0.1552009787249946
20,6,000000000000000002dc,crop_loss,16.40573619199021,0.6760854073394943,0.14647581748825722
20,6,000000000000000002e4,crop_loss,17.401947785994828,0.3921551686811163,0.2081021058004912
20,6,000000000000000002ec,crop_loss,16.957826697689413,0.5217042007880694,0.18339040600122225
20,6,00000000000000000314,crop_loss,15.81783547510671,0.09192878889782781,0.18332340399605634
20,6,00000000000000000335,crop_loss,14.997100229665007,0.495753707940652,0.2397103767528732
20,6,0000000000000000033a,crop_loss,14.321875771783292,0.4238254626930928,0.1408850315589234
20,6,000000000000000003b0,crop_loss,13.829279741919578,0.12221409193387049,0.0877564082184244
20,6,000000000000000003c8,crop_loss,13.154704904486223,0.18396638838405802,0.11925570679725248
20,6,000000000000000003f1,crop_loss,15.52389847772196,0.47166841284440897,0.16372914067112082
20,6,000000000000000003f2,crop_loss,14.31173447343202,0.41254683710494283,0.1359663699478259
20,6,0000000000000000044b,crop_loss,6.7230489032861405,0.5208413301805513,0.12958012953113862
20,6,0000000000000000046c,crop_loss,15.250134385820344,0.5395102028689507,0.28539295579088464
20,6,00000000000000000480,crop_loss,7.572740607174393,0.8762829649433107,0.32649556740969676
20,6,00000000000000000483,crop_loss,8.049286451104019,0.7620534982529835,0.18562991038873877
20,6,00000000000000000485,crop_loss,15.552798687986664,0.7340855176893448,0.09861368422635375
20,6,00000000000000000497,crop_loss,16.796986225069336,0.2165943245858395,0.10913508910337633
20,6,0000000000000000049b,crop_loss,14.812937302915765,0.35394813275706444,0.06378665546077822
20,6,000000000000000004a1,crop_loss,15.27023380052556,0.4061040977512766,0.19522873574238236
20,6,000000000000000004e7,crop_loss,14.004594129605122,0.5136008085912894,0.07278970365266779
20,6,000000000000000004e9,crop_loss,10.829871400447146,0.2986864801466837,0.4421941775059262
20,6,000000000000000004ee,crop_loss,14.636775103380637,0.450434638661951,0.3474967746823655
20,6,000000000000000004f9,crop_loss,15.514766768655049,0.4431884035250896,0.3044935027021791
20,6,00000000000000000517,crop_loss,13.338954100507495,0.32922520839756075,0.4134569633497987
20,6,00000000000000000538,crop_loss,1.0622215086207025,0.28332754204702565,0.07889422448042727
20,6,0000000000000000057e,crop_loss,4.013690042931993,0.5552027776234911,0.10768773822769101
20,6,000000000000000005d1,crop_loss,11.827736223087662,0.21559582772901267,0.33142203909368095
20,6,00000000000000000611,crop_loss,13.769412098929855,0.6931699495459903,0.10928893476804802
20,6,0000000000000000062f,crop_loss,17.650943496545093,0.5336170669901474,0.3159698394565222
20,6,00000000000000000632,crop_loss,9.963676267866425,0.05852878293832495,0.10234718462060022
20,6,0000000000000000063e,crop_loss,15.047394350814766,0.32097653999894166,0.15548162400472448
20,6,00000000000000000655,crop_loss,11.82489456938665,0.6030533598823471,0.3836327961883323
20,6,00000000000000000697,crop_loss,18.250703859511333,0.6118477351820135,0.15500196503368657
20,6,00000000000000000698,crop_loss,12.37845807315184,0.4263534280698899,0.1523943241297343
20,6,000000000000000006a8,crop_loss,16.015972159356874,0.3476500628931896,0.1639630472733778
20,6,000000000000000006b4,crop_loss,16.12922723474534,0.5800105393128947,0.29659608809220206
20,6,000000000000000006be,crop_loss,8.316089688074575,0.29782461725467635,0.10726036632482872
20,6,000000000000000006c0,crop_loss,3.0427333655058253,0.1929390599313398,0.18242359702287586
20,6,000000000000000006ce,crop_loss,13.457183530564828,0.5934592447444935,0.24090963962635625
20,6,000000000000000006d9,crop_loss,15.77121001532232,0.19415878377496024,0.10715897143556177
20,6,000000000000000006e5,crop_loss,17.6296651395216,0.5603322849870775,0.16976359660480328
20,6,00000000000000000151,built_loss,9.695341128313194,0.302668681178018,0.10391335159240081
20,6,000000000000000001be,built_loss,5.271597391484542,0.4929074127311157,0.23878173429774563
20,6,0000000000000000034d,built_loss,5.6226232185605225,0.42571248272475143,0.12027211390815495
20,6,000000000000000003c7,crop_loss,11.164539091988015,0.6409735594601291,0.1894147624557354
20,6,0000000000000000004a,built_loss,8.381893813682074,0.4361466248321762,0.08989460138645111
20,6,00000000000000000206,built_loss,18.389068578563297,0.7038206816048591,0.3564052595096066
20,6,000000000000000002a4,built_loss,7.03646967967061,0.37482624265048703,0.13636095395072884
20,6,000000000000000004f5,built_loss,7.14066493395273,0.48732746833057444,0.2070400037450545
20,6,000000000000000002cc,crop_loss,9.265477151044239,0.44224752382119503,0.2727115273610737
20,6,000000000000000006cc,crop_loss,15.15515849801033,0.383380336745725,0.11898643110652751
20,6,0000000000000000016c,crop_loss,18.331592537376135,0.39301600144829313,0.27140624411808273
20,7,00000000000000000085,built_loss,8.321637357261835,0.34988549177402617,0.21223367706445023
20,7,00000000000000000114,built_loss,12.605174981370542,0.6917372680621884,0.17313822903699594
20,7,0000000000000000024c,built_loss,11.012009903170384,0.7372260354645134,0.10244681039909675
20,7,00000000000000000375,built_loss,14.797215368286823,0.7658214304326821,0.15441533089275972
20,7,000000000000000004d2,built_loss,14.562795031917348,0.5637339712426177,0.14678518293682363
20,7,000000000000000005bd,built_loss,4.457968024967434,0.5783814260638187,0.11538898975756462
20,7,00000000000000000281,crop_loss,15.90635161899378,0.5076014418796804,0.15409890219389272
20,7,000000000000000003a2,crop_loss,13.4405414727556,0.2723648723168559,0.2602011625206905
20,7,00000000000000000001,built_loss,11.722272112875244,0.43133403066913284,0.17597073360748006
20,7,00000000000000000049,built_loss,3.633507890196814,0.5113215077174894,0.11536426351933321
20,7,0000000000000000004f,built_loss,15.861253293504307,0.4963117787828034,0.2554725167308084
20,7,0000000000000000005a,built_loss,14.087989773988244,0.4720700746554946,0.10213290097480665
20,7,00000000000000000079,built_loss,17.03795703847804,0.5629491731762553,0.18155270228864917
20,7,00000000000000000087,built_loss,15.290434189640001,0.5073642553260012,0.28072254396856616
20,7,000000000000000000a1,built_loss,6.452422035304077,0.4390426660278794,0.13487976173744076
20,7,000000000000000000b8,built_loss,5.329059617930796,0.6420236864763513,0.2743255570823418
20,7,000000000000000000c0,built_loss,14.547888726124699,0.6448532748816994,0.10487470820675293
20,7,000000000000000000e2,built_loss,10.511037730643267,0.4079742394681872,0.16302467821433386
20,7,000000000000000000f0,built_loss,13.94697590525359,0.6262638396629556,0.2469489861507832
20,7,000000000000000000f8,built_loss,15.204385034976138,0.5910050731081062,0.2543007322673222
20,7,0000000000000000011c,built_loss,5.483364920701699,0.7572387265442552,0.14862418415008594
20,7,00000000000000000161,built_loss,16.052627329921183,0.6804573350072763,0.17978272349477775
20,7,0000000000000000016a,built_loss,6.955881060556439,0.2785480548587669,0.14399755530092773
20,7,00000000000000000176,built_loss,14.73354435985241,0.6464658360162076,0.1696049653781192
20,7,000000000000000001a8,built_loss,17.265960367612255,0.5061712961138077,0.1701852878712219
20,7,000000000000000001cd,built_loss,14.276474155533915,0.8105966490796602,0.14189006053221453
20,7,000000000000000001e5,built_loss,11.648154400700703,0.6062002821997422,0.22229103272942574
20,7,00000000000000000209,built_loss,15.462082371254777,0.65790790533592,0.15445053687041987
20,7,00000000000000000231,built_loss,15.116163528595392,0.5248566891293881,0.19249238662082263
20,7,0000000000000000026d,built_loss,11.778117016697413,0.5065094916643317,0.2695498775655582
20,7,00000000000000000278,built_loss,13.332076670657864,0.8211118792434602,0.25715013206611326
20,7,00000000000000000293,built_loss,13.752191727972281,0.46890994658488017,0.1404917253405356
20,7,00000000000000000316,built_loss,1.7050399460671635,0.12883477649613131,0.04434847888595564
20,7,00000000000000000356,built_loss,15.690833624120913,0.5013542072147427,0.2052850270195945
20,7,00000000000000000362,built_loss,16.19509195758686,0.5669172699799029,0.12298424493792803
20,7,00000000000000000363,built_loss,15.127724792496599,0.2448205727105422,0.13238839574062916
20,7,00000000000000000364,built_loss,16.36745138770155,0.6413321653836348,0.16722250321309207
20,7,00000000000000000380,built_loss,12.045067635226838,0.506689910549218,0.18089445010862498
20,7,00000000000000000384,built_loss,11.40193849399043,0.6341449654692365,0.12827400299269387
20,7,0000000000000000039e,built_loss,6.319253169252962,0.5211790734838017,0.11239466795036812
20,7,000000000000000003a1,built_loss,11.150420670660349,0.6506945888141208,0.1316741231872942
20,7,000000000000000003a5,built_loss,12.511179460073237,0.3774838546554564,0.15359708981241021
20,7,000000000000000003b7,built_loss,6.691730426791906,0.5013150036178343,0.15320086846412934
20,7,000000000000000003bf,built_loss,16.35526901317595,0.5423410259316405,0.11622922996448004
20,7,000000000000000003d2,built_loss,15.898353535323364,0.5701400902519927,0.18053047874621186
20,7,000000000000000003f8,built_loss,6.469643245476924,0.2196764081020911,0.11355159694402889
20,7,000000000000000003fa,built_loss,15.119495656210429,0.3721087510823822,0.13170274287268974
20,7,00000000000000000407,built_loss,15.422223329838756,0.5410628725938389,0.18623904292808008
20,7,0000000000000000040f,built_loss,13.714963807652536,0.5340334032299981,0.06996053471652608
20,7,00000000000000000426,built_loss,14.929508625088578,0.5133202539211879,0.14350218998084957
20,7,0000000000000000042b,built_loss,17.448927628348425,0.624419474011939,0.13468660649327602
20,7,00000000000000000442,built_loss,3.746017365660945,0.3931556718076189,0.3692337316853359
20,7,00000000000000000465,built_loss,15.535270850934383,0.6088057588149516,0.15525712124437552
20,7,0000000000000000047e,built_loss,12.234553452034415,0.5149754123476133,0.0995137676475043
20,7,00000000000000000490,built_loss,15.323008352224702,0.7073535159445722,0.2357744829977224
20,7,000000000000000004c0,built_loss,12.793724698238568,0.6791861389863719,0.20584048887992945
20,7,000000000000000004c5,built_loss,9.45806354881789,0.5591192623943942,0.15002986224833592
20,7,000000000000000004d9,built_loss,14.692089011607635,0.5624084934256786,0.09207782038573153
20,7,000000000000000004eb,built_loss,14.859960245909376,0.4136458341272004,0.13362801353284476
20,7,000000000000000004f7,built_loss,6.539744380630721,0.48818849334011444,0.0886693839887725
20,7,000000000000000004fe,built_loss,8.868282602468247,0.45945177244141355,0.09112452745561117
20,7,0000000000000000051d,built_loss,8.669429680552195,0.3556614665904117,0.30855350657988945
20,7,00000000000000000559,built_loss,13.980450683418391,0.6851517763788187,0.2901151032305107
20,7,00000000000000000576,built_loss,6.671817849920983,0.31849803893344375,0.153612167770674
20,7,00000000000000000577,built_loss,7.75458806132803,0.44672210859579203,0.25048790288240985
20,7,0000000000000000057f,built_loss,2.55333304275827,0.45082800864364525,0.18837618726769956
20,7,00000000000000000594,built_loss,8.577675999674014,0.5870171589960756,0.2865643147572735
20,7,000000000000000005ad,built_loss,15.200058903349277,0.6897459352930498,0.11662213332482363
20,7,000000000000000005bf,built_loss,13.105902102647134,0.37323654641956855,0.1511030937751902
20,7,000000000000000005cc,built_loss,6.628096009800266,0.3825236217231935,0.1328130635123011
20,7,000000000000000005de,built_loss,16.127164749507635,0.4604627218146383,0.09235849502035293
20,7,000000000000000005e7,built_loss,16.16094001742788,0.6541240903583444,0.18701321831003836
20,7,000000000000000005f9,built_loss,11.197660073758575,0.6840304904250871,0.13517858984199593
20,7,0000000000000000061c,built_loss,10.670796480937222,0.4852980082084818,0.23270514127743475
20,7,00000000000000000624,built_loss,4.251092904707598,0.5853653501390294,0.16163427828993226
20,7,00000000000000000626,built_loss,15.259178087129103,0.4587808836503541,0.10393055394114875
20,7,0000000000000000062a,built_loss,13.849250697568607,0.5731072109361636,0.24671865573247348
20,7,00000000000000000636,built_loss,13.791033271792408,0.4745048742242515,0.3941530357655997
20,7,0000000000000000064a,built_loss,3.386329709239264,0.2904040800676539,0.10971478273335189
20,7,0000000000000000064d,built_loss,7.838574082550924,0.45304835100442825,0.16072973678060581
20,7,00000000000000000694,built_loss,15.441352859887363,0.3862455382943882,0.07098282209282886
20,7,0000000000000000069d,built_loss,15.72666522138823,0.7032774937841909,0.11719903890345373
20,7,000000000000000006b7,built_loss,15.460413291328733,0.46894620599075154,0.09918639479597668
20,7,000000000000000006df,built_loss,10.306979563743079,0.33883783906005177,0.23451319329569018
20,7,000000000000000006e3,built_loss,16.91440448552795,0.4839954095911392,0.2668401930012034
20,7,00000000000000000011,crop_loss,15.472644692662703,0.8652231256351574,0.40587746593171864
20,7,0000000000000000002b,crop_loss,16.62835014863718,0.23136152226745155,0.4555407859765797
20,7,0000000000000000002d,crop_loss,16.4228017155416,0.3663569700665747,0.16636576239808964
20,7,0000000000000000003a,crop_loss,17.816786729114543,0.26364090024673376,0.14536423854455882
20,7,0000000000000000009b,crop_loss,10.397581807882617,0.5007011008049882,0.03330522015298987
20,7,0000000000000000009d,crop_loss,5.330202296732949,0.39689793984331967,0.16012196285892333
20,7,000000000000000000a8,crop_loss,15.611588097170152,0.2056634214123351,0.08075309954838364
20,7,000000000000000000da,crop_loss,16.102012598541446,0.7429366933102055,0.1371739877763023
20,7,000000000000000000e3,crop_loss,16.161003593262596,0.5612837393150454,0.18535584250565856
20,7,000000000000000000e9,crop_loss,4.977662664272365,0.44432921695113475,0.20052977108689501
20,7,0000000000000000011b,crop_loss,14.450365854842964,0.4573680850036257,0.1086199882786611
20,7,00000000000000000128,crop_loss,13.587440948777601,0.54739770601475,0.04640207381854866
20,7,00000000000000000192,crop_loss,15.07097369064806,0.5613189089040537,0.1252292200741586
20,7,00000000000000000196,crop_loss,13.561418572067774,0.30097069355056116,0.17407310523004446
20,7,000000000000000001a6,crop_loss,12.818919412923979,0.3294612581994005,0.15385311210773703
20,7,000000000000000001e4,crop_loss,17.343599292909058,0.5045329661067357,0.08248077195677933
20,7,000000000000000001f9,crop_loss,13.722623410347179,0.8260110999550448,0.33166910650781267
20,7,00000000000000000228,crop_loss,17.610089201228867,0.4431567123546367,0.34780327047236365
20,7,0000000000000000028c,crop_loss,3.749919641826707,0.342594827308585,0.16776281190877598
20,7,0000000000000000028d,crop_loss,14.53048685902536,0.6464752373024896,0.25866198349034886
20,7,00000000000000000291,crop_loss,10.559962443279131,0.8833020711217608,0.08148204744585574
20,7,000000000000000002c5,crop_loss,13.936102427512695,0.372947021076414,0.2903895158297379
20,7,000000000000000002dc,crop_loss,16.401098723652815,0.6700640747159885,0.12441712080079381
20,7,000000000000000002e4,crop_loss,14.794246668826357,0.3691920801602701,0.26375799863355964
20,7,000000000000000002ec,crop_loss,17.080152474169054,0.4613167011935546,0.18344736576535314
20,7,00000000000000000314,crop_loss,12.253687876780859,0.09245550693987406,0.1527201607499981
20,7,00000000000000000335,crop_loss,12.745830063068968,0.45920154528636753,0.18220130316321026
20,7,0000000000000000033a,crop_loss,14.351066289865017,0.5292042919396543,0.1905459521164703
20,7,000000000000000003b0,crop_loss,15.373272008413732,0.1938316595772548,0.1478260644516729
20,7,000000000000000003c8,crop_loss,17.49462574115345,0.2614176861934983,0.1588047780106267
20,7,000000000000000003f1,crop_loss,16.86966342258492,0.5336248445650873,0.1827584819821536
20,7,000000000000000003f2,crop_loss,14.868854869152779,0.49541023720406785,0.13207175185952513
20,7,0000000000000000044b,crop_loss,8.226506059480181,0.5729248732476564,0.1168584019060609
20,7,0000000000000000046c,crop_loss,16.406412005474476,0.5867739545329161,0.36417046702012423
20,7,00000000000000000480,crop_loss,8.13636534531364,0.8710400922819372,0.27531121312235474
20,7,00000000000000000483,crop_loss,9.019677081684035,0.7932629275858829,0.16529175631641213
20,7,00000000000000000485,crop_loss,14.59894594559987,0.7167569453666252,0.10583649739638801
20,7,00000000000000000497,crop_loss,14.865663392512097,0.28206515498713447,0.2325805129037809
20,7,0000000000000000049b,crop_loss,17.51635279810804,0.338330956975954,0.10554463106344997
20,7,000000000000000004a1,crop_loss,16.371212545223788,0.35886014773150343,0.1798256674904819
20,7,000000000000000004e7,crop_loss,13.195235000370621,0.5052878218344891,0.07253242167621471
20,7,000000000000000004e9,crop_loss,12.165297623377013,0.39748705494367087,0.29052415403669696
20,7,000000000000000004ee,crop_loss,11.237751894180501,0.3417703650448597,0.3343551015434181
20,7,000000000000000004f9,crop_loss,15.365954818000127,0.3321265126381187,0.2981390463364465
20,7,00000000000000000517,crop_loss,12.837420106715205,0.26719361942229924,0.1882581103704408
20,7,00000000000000000538,crop_loss,1.0441562357946224,0.3120669396310274,0.05086824656420397
20,7,0000000000000000057e,crop_loss,4.459947572606785,0.5413287191296001,0.0656821821707203
20,7,000000000000000005d1,crop_loss,9.934348986147128,0.2528011249799553,0.2717869386910818
20,7,00000000000000000611,crop_loss,11.821425900332919,0.6327262072392864,0.12039690021732485
20,7,0000000000000000062f,crop_loss,15.957435411273778,0.5701290824807159,0.30424274747618535
20,7,00000000000000000632,crop_loss,7.1210135172335915,0.08029480268102936,0.10382529057596535
20,7,0000000000000000063e,crop_loss,13.304238263013007,0.29484173229811733,0.22036689432662881
20,7,00000000000000000655,crop_loss,14.438363366789478,0.42359097678441393,0.3334212808197879
20,7,00000000000000000697,crop_loss,15.697966387861925,0.5821361985679632,0.151245836966873
20,7,00000000000000000698,crop_loss,11.402867131828842,0.4659820358176872,0.1257554684110883
20,7,000000000000000006a8,crop_loss,15.499497970185272,0.2552915691600718,0.20897386049548453
20,7,000000000000000006b4,crop_loss,13.876742493983963,0.590557060000782,0.2280788804769534
20,7,000000000000000006be,crop_loss,7.721415181238857,0.41433695198677306,0.18148769598474418
20,7,000000000000000006c0,crop_loss,2.415942229223501,0.16156086796966085,0.0729692930951531
20,7,000000000000000006ce,crop_loss,11.690466972975356,0.536221508332466,0.2342580886146191
20,7,000000000000000006d9,crop_loss,16.512329723912035,0.19913013253944808,0.14867002976115812
20,7,000000000000000006e5,crop_loss,15.908732954523161,0.48975687589447153,0.20164188738360073
20,7,00000000000000000151,built_loss,7.8134793501964515,0.25133106210435224,0.09509926150067588
20,7,000000000000000001be,built_loss,4.462040036977553,0.5288947285879486,0.12816378145739615
20,7,0000000000000000034d,built_loss,4.447396783994593,0.40637360757045227,0.12973100578781405
20,7,000000000000000003c7,crop_loss,9.662002746505701,0.7717930806249916,0.1257827428169237
20,7,0000000000000000004a,built_loss,8.90695129535812,0.44234214442014375,0.07964216994158324
20,7,00000000000000000206,built_loss,16.389149241250202,0.6695499135471618,0.3003136752037295
20,7,000000000000000002a4,built_loss,7.3748885920418745,0.4209275280006345,0.10710174272000106
20,7,000000000000000004f5,built_loss,5.4215221012875485,0.5203595844723424,0.1505936537312063
20,7,000000000000000002cc,crop_loss,11.610707450099705,0.5677684849550743,0.38412524992717495
20,7,000000000000000006cc,crop_loss,11.842353593826905,0.34353694441959254,0.11677207561832298
20,7,0000000000000000016c,crop_loss,14.61339073296086,0.5123561848855799,0.18598693242153402
30,0,00000000000000000085,built_loss,10.438964008727128,0.3363016963738703,0.2177816452713143
30,0,00000000000000000114,built_loss,15.390701291246597,0.6620817686623728,0.1495226579074953
30,0,0000000000000000024c,built_loss,16.14194712438756,0.7171329059708137,0.15527428077029015
30,0,00000000000000000375,built_loss,23.721896077264105,0.6439629100164292,0.14708758788715748
30,0,000000000000000004d2,built_loss,16.777543149154766,0.6563162655016198,0.18024168163745435
30,0,000000000000000005bd,built_loss,5.107481555974172,0.564509552363004,0.17434065970756868
30,0,00000000000000000281,crop_loss,19.879574448157612,0.5265585436890817,0.1664476123607
30,0,000000000000000003a2,crop_loss,17.26429199643401,0.3354950251221954,0.22273965696165526
30,0,00000000000000000001,built_loss,19.50573307672383,0.43653380085895443,0.12465778415548662
30,0,00000000000000000049,built_loss,5.379113950637,0.4399695983531175,0.113447918772701
30,0,0000000000000000004f,built_loss,22.329010105796105,0.4182670146740167,0.21963005478520725
30,0,0000000000000000005a,built_loss,15.727971731021377,0.4737662690893503,0.08640859027307529
30,0,00000000000000000079,built_loss,22.223857907654075,0.6915999022613529,0.13486933605490103
30,0,00000000000000000087,built_loss,21.831762759764402,0.6243697971958133,0.1488543132617689
30,0,000000000000000000a1,built_loss,7.340876197437848,0.3931248848604781,0.14031061357670965
30,0,000000000000000000b8,built_loss,9.036606674506526,0.552307304268178,0.22133191737490304
30,0,000000000000000000c0,built_loss,18.44743358824711,0.5792504142221488,0.13754842279906804
30,0,000000000000000000e2,built_loss,15.847621539835874,0.48276037325845655,0.20238479422883887
30,0,000000000000000000f0,built_loss,17.519229006020307,0.7101611870122437,0.16171388664398523
30,0,000000000000000000f8,built_loss,19.99041907574302,0.5289031118449518,0.14767859095796776
30,0,0000000000000000011c,built_loss,5.504592475646621,0.7474079077580189,0.08264655200769722
30,0,00000000000000000161,built_loss,20.298023950647032,0.6828878433815102,0.12622456167126583
30,0,0000000000000000016a,built_loss,7.582279936801629,0.2346805231632555,0.11432324910188665
30,0,00000000000000000176,built_loss,14.941825537444352,0.6704396132672493,0.08457544253650118
30,0,000000000000000001a8,built_loss,23.860620887379714,0.5506913500739447,0.17812980780249543
30,0,000000000000000001cd,built_loss,22.759350844454822,0.7108553349608927,0.2234833592116261
30,0,000000000000000001e5,built_loss,13.695089263077694,0.5426285785061222,0.17083285121870262
30,0,00000000000000000209,built_loss,23.756373862694442,0.6915816193356521,0.18383130089773625
30,0,00000000000000000231,built_loss,21.030178016413455,0.5098518510046746,0.14581099891435934
30,0,0000000000000000026d,built_loss,14.6376653627413,0.6505347339722228,0.16369430000728524
30,0,00000000000000000278,built_loss,23.75849269391104,0.7043491639026409,0.1586491663646109
30,0,00000000000000000293,built_loss,16.725571147628614,0.4654108312751023,0.1494130889757863
30,0,00000000000000000316,built_loss,2.183579033134148,0.132668697856719,0.0459465052096031
30,0,00000000000000000356,built_loss,20.67030064164709,0.5296020334005448,0.26930915831963775
30,0,00000000000000000362,built_loss,23.091616540325955,0.5632939470197841,0.14123251518069369
30,0,00000000000000000363,built_loss,16.745627588610866,0.2360237978629162,0.09971427833128396
30,0,00000000000000000364,built_loss,20.483521966647256,0.5739714900442394,0.1717012026224174
30,0,00000000000000000380,built_loss,15.254830551866409,0.49337073446047613,0.12114737632346073
30,0,00000000000000000384,built_loss,12.85482405634591,0.5870801277668137,0.10741675430574227
30,0,0000000000000000039e,built_loss,7.577473378963842,0.5047613998300854,0.10708370969955444
30,0,000000000000000003a1,built_loss,15.95929016306768,0.6540213009661322,0.08012502008395883
30,0,000000000000000003a5,built_loss,14.388116285766266,0.43470790080345395,0.21496509823227994
30,0,000000000000000003b7,built_loss,14.179190936016127,0.44791573666550805,0.1052755181776669
30,0,000000000000000003bf,built_loss,19.96470276092121,0.529240971476329,0.07115404313394957
30,0,000000000000000003d2,built_loss,20.38083351789286,0.6456330278720569,0.12689592141552675
30,0,000000000000000003f8,built_loss,4.811905760105285,0.22363840325526851,0.08081104230257369
30,0,000000000000000003fa,built_loss,21.402025341917053,0.41420101587262814,0.11024642337934859
30,0,00000000000000000407,built_loss,20.624806530415032,0.5883506777001822,0.19254653148096845
30,0,0000000000000000040f,built_loss,17.996551574088627,0.5244075215302213,0.039127345820122006
30,0,00000000000000000426,built_loss,18.376942173169713,0.5398401204677457,0.18045239822148662
30,0,0000000000000000042b,built_loss,21.00809102806331,0.5963210026222145,0.17364119288643276
30,0,00000000000000000442,built_loss,3.606709253944914,0.5114204573346587,0.41868275264289423
30,0,00000000000000000465,built_loss,18.576040633698977,0.673853465872852,0.11140477258207504
30,0,0000000000000000047e,built_loss,14.936979780223732,0.5415978908897968,0.13629207155629497
30,0,00000000000000000490,built_loss,21.631324022206776,0.6506078082025485,0.14448470159424243
30,0,000000000000000004c0,built_loss,17.932025398004424,0.6319608622999998,0.07953237259183032
30,0,000000000000000004c5,built_loss,10.139821242998869,0.6294238230915887,0.13016184263578723
30,0,000000000000000004d9,built_loss,16.994965522861516,0.5725892185931288,0.11086719502941256
30,0,000000000000000004eb,built_loss,20.112329529087226,0.41098183005039335,0.08488260878974363
30,0,000000000000000004f7,built_loss,6.41194488997958,0.4921065292825666,0.0759472365485721
30,0,000000000000000004fe,built_loss,10.672898449267004,0.4867895640975401,0.0981000865853664
30,0,0000000000000000051d,built_loss,13.91573898678999,0.4693996773272442,0.43722938646551757
30,0,00000000000000000559,built_loss,21.148702612292166,0.6923437943624876,0.12794779324363215
30,0,00000000000000000576,built_loss,7.05933045745153,0.2113076700130382,0.09401996443322766
30,0,00000000000000000577,built_loss,7.9286352255630534,0.5298826812206962,0.24293070818642226
30,0,0000000000000000057f,built_loss,2.379985007690916,0.3938125891081415,0.1247236182191731
30,0,00000000000000000594,built_loss,13.583831276762098,0.5197983457453488,0.2376683756031439
30,0,000000000000000005ad,built_loss,19.221607846840158,0.6647488142820012,0.09895437202812218
30,0,000000000000000005bf,built_loss,19.08715425852757,0.4041104237851414,0.14791614816037185
30,0,000000000000000005cc,built_loss,9.099694821123478,0.33451414716602895,0.06495934585897656
30,0,000000000000000005de,built_loss,18.783857831711874,0.4215688198151304,0.07799455890873552
30,0,000000000000000005e7,built_loss,20.791415493107568,0.6258175844737893,0.1792752533759573
30,0,000000000000000005f9,built_loss,13.839389657792506,0.6638946854206137,0.1505559941060639
30,0,0000000000000000061c,built_loss,14.54505075559779,0.4083439510822476,0.1109581536430459
30,0,00000000000000000624,built_loss,4.773940795413899,0.49210240261152677,0.15305418522708336
30,0,00000000000000000626,built_loss,20.51955085822264,0.5249564349185495,0.08983033448561728
30,0,0000000000000000062a,built_loss,19.76899031033707,0.6113496058565306,0.1338662368756196
30,0,00000000000000000636,built_loss,13.706199317199262,0.43621038219206737,0.2555652648873387
30,0,0000000000000000064a,built_loss,3.334995776676186,0.2882799841596025,0.05899522999792334
30,0,0000000000000000064d,built_loss,12.159728210116624,0.3966560713723907,0.14493212001782324
30,0,00000000000000000694,built_loss,14.983756186570258,0.3856614225040264,0.053164895380779065
30,0,0000000000000000069d,built_loss,17.099190103842293,0.6362220665652776,0.15479209253757498
30,0,000000000000000006b7,built_loss,17.972666766207524,0.4634888735710215,0.06691076285981601
30,0,000000000000000006df,built_loss,13.98560013720464,0.2503885747745814,0.2427364345981013
30,0,000000000000000006e3,built_loss,19.109159944792935,0.46916101000315974,0.16778899147195975
30,0,00000000000000000011,crop_loss,18.754584424091377,0.5547577681147181,0.43431415543925583
30,0,0000000000000000002b,crop_loss,20.502866999198343,0.1519611662228807,0.27390758019316896
30,0,0000000000000000002d,crop_loss,20.62169394935639,0.49692149854754986,0.09784650716141963
30,0,0000000000000000003a,crop_loss,19.817183257990017,0.39073452042346823,0.11847497946759411
30,0,0000000000000000009b,crop_loss,11.700675870220966,0.5034372013261639,0.03309154517132634
30,0,0000000000000000009d,crop_loss,6.08021491854062,0.3927148467647382,0.12855405342290893
30,0,000000000000000000a8,crop_loss,19.192541455336436,0.2244464892793589,0.039654980164490455
30,0,000000000000000000da,crop_loss,16.674066026585404,0.7564361946112433,0.10232934458958876
30,0,000000000000000000e3,crop_loss,24.670880614778085,0.524293555119836,0.1363963810504228
30,0,000000000000000000e9,crop_loss,3.942707680914277,0.3712377972022891,0.23157043141970324
30,0,0000000000000000011b,crop_loss,18.80069073336064,0.4637089683200984,0.07997756123700628
30,0,00000000000000000128,crop_loss,13.899045198695086,0.5455573369985798,0.04304191555025938
30,0,00000000000000000192,crop_loss,18.82859781711115,0.5389738023868585,0.0493262831114889
30,0,00000000000000000196,crop_loss,14.909208266841308,0.24873402604260242,0.06519546084883554
30,0,000000000000000001a6,crop_loss,21.010310566283835,0.36198965532457944,0.2017170350863277
30,0,000000000000000001e4,crop_loss,21.106371530133664,0.48248704016172494,0.12461588454391775
30,0,000000000000000001f9,crop_loss,20.254934267276965,0.6106428905495767,0.48126535420936356
30,0,00000000000000000228,crop_loss,15.337432578446366,0.397739449472689,0.3123844779324477
30,0,0000000000000000028c,crop_loss,3.295404758740683,0.3616767494070006,0.08757356426513413
30,0,0000000000000000028d,crop_loss,17.779694442646207,0.7144926053936372,0.2099774251102856
30,0,00000000000000000291,crop_loss,10.870483938510146,0.8773609804466563,0.05333844436725477
30,0,000000000000000002c5,crop_loss,19.757951094222232,0.3473028889304398,0.14119910532712898
30,0,000000000000000002dc,crop_loss,22.56980345223252,0.639458445819899,0.11673011653800869
30,0,000000000000000002e4,crop_loss,20.958667555448994,0.28166622162391985,0.17837877581635075
30,0,000000000000000002ec,crop_loss,23.200237840778627,0.5046587281741848,0.16900098075103037
30,0,00000000000000000314,crop_loss,15.947055529845198,0.0811414347317088,0.1425448558646799
30,0,00000000000000000335,crop_loss,22.903724883470627,0.42054339977879684,0.17785608898847322
30,0,0000000000000000033a,crop_loss,17.302385966094235,0.5043381671034144,0.14613542818641945
30,0,000000000000000003b0,crop_loss,22.513820252767687,0.20361516372097752,0.17135516139979506
30,0,000000000000000003c8,crop_loss,18.186341851015303,0.190184453302252,0.08694716067305316
30,0,000000000000000003f1,crop_loss,21.997904102779138,0.4582551733545587,0.15156866414659764
30,0,000000000000000003f2,crop_loss,19.436015225858775,0.4531599780240946,0.10710359005685532
30,0,0000000000000000044b,crop_loss,11.09344696202166,0.5450588482321098,0.07966115729866674
30,0,0000000000000000046c,crop_loss,23.045131832585035,0.5753445130119786,0.32991903262257
30,0,00000000000000000480,crop_loss,10.310287175208574,0.853724664214527,0.11817566538374646
30,0,00000000000000000483,crop_loss,10.16581365258356,0.7626662123481616,0.1031911677337366
30,0,00000000000000000485,crop_loss,21.01750736822821,0.7084348240787266,0.07862424489570463
30,0,00000000000000000497,crop_loss,21.462128244810064,0.20888085429455056,0.18751428123119263
30,0,0000000000000000049b,crop_loss,19.10612055714699,0.3408175910595667,0.0732975857350952
30,0,000000000000000004a1,crop_loss,19.22536804753785,0.3549809595115172,0.1468194744363282
30,0,000000000000000004e7,crop_loss,17.900695045369943,0.512909341545903,0.07151353171354108
30,0,000000000000000004e9,crop_loss,11.638482201078173,0.4449477662514669,0.3612685831025107
30,0,000000000000000004ee,crop_loss,15.640079101978582,0.4994210469080197,0.34587554589552244
30,0,000000000000000004f9,crop_loss,18.357485773015156,0.35189513030430647,0.2119480255985734
30,0,00000000000000000517,crop_loss,17.34691567289744,0.2809119341558173,0.25137063924185876
30,0,00000000000000000538,crop_loss,1.0719243474006008,0.2940360587512881,0.06902874036265916
30,0,0000000000000000057e,crop_loss,4.448171532706366,0.5214965561746615,0.061907884145320335
30,0,000000000000000005d1,crop_loss,13.791095221307883,0.14225242053923848,0.09802949289279435
30,0,00000000000000000611,crop_loss,23.233197866492763,0.6422583136549507,0.09185213926644786
30,0,0000000000000000062f,crop_loss,23.1475992079373,0.6235749072153204,0.2162549712921023
30,0,00000000000000000632,crop_loss,10.653652888061753,0.07160111218430994,0.051025881049261416
30,0,0000000000000000063e,crop_loss,19.906052737817948,0.3245609758607174,0.1592782730151966
30,0,00000000000000000655,crop_loss,16.05516304586621,0.569919302582389,0.31025097531266616
30,0,00000000000000000697,crop_loss,22.111780704015498,0.6359197083745431,0.13629670953855044
30,0,00000000000000000698,crop_loss,14.018875356314195,0.4374369094753405,0.12595086181342252
30,0,000000000000000006a8,crop_loss,21.36697829486987,0.2929344448243665,0.25536849251225396
30,0,000000000000000006b4,crop_loss,20.52255148080448,0.566555734227138,0.27717261882457067
30,0,000000000000000006be,crop_loss,11.078709744287563,0.41241569964525276,0.13755755900343059
30,0,000000000000000006c0,crop_loss,3.2506722193319115,0.1700697267469062,0.1299880231002419
30,0,000000000000000006ce,crop_loss,12.482008390132341,0.6700238931786762,0.18999445635267054
30,0,000000000000000006d9,crop_loss,18.981744804944515,0.18311841011979893,0.08743612006946502
30,0,000000000000000006e5,crop_loss,20.097586849249524,0.4872679891568266,0.1300510087166849
30,0,00000000000000000151,built_loss,8.651091440248436,0.25625199599025883,0.05353267704849385
30,0,000000000000000001be,built_loss,5.991653427228898,0.48466147337516785,0.1367748899828659
30,0,0000000000000000034d,built_loss,5.824154479312211,0.43672626886854743,0.09299219426383376
30,0,000000000000000003c7,crop_loss,17.47832948447707,0.7673084926281921,0.07778684984388173
30,0,0000000000000000004a,built_loss,9.780506578188639,0.42237665440854283,0.08837864741480483
30,0,00000000000000000206,built_loss,21.744190130140016,0.7164391418713844,0.15238209945860903
30,0,000000000000000002a4,built_loss,9.077684048268202,0.4145545843508918,0.08699675034318666
30,0,000000000000000004f5,built_loss,8.752686678919655,0.4360748872993223,0.22592107378058413
30,0,000000000000000002cc,crop_loss,11.49579995403582,0.41463012065990945,0.22515843589392276
30,0,000000000000000006cc,crop_loss,15.994715977866852,0.4100773590972383,0.11656341677283172
30,0,0000000000000000016c,crop_loss,20.612321677545786,0.3599421664795614,0.20551080180585174
30,1,00000000000000000085,built_loss,10.882835296821339,0.43341918122347806,0.1470575115023406
30,1,00000000000000000114,built_loss,16.073458006879765,0.7054259900792028,0.10303835067293343
30,1,0000000000000000024c,built_loss,13.958111460008821,0.748278168720275,0.1333316136028928
30,1,00000000000000000375,built_loss,21.27462462194388,0.6446574591642085,0.17901493201572838
30,1,000000000000000004d2,built_loss,13.251948760562046,0.6542771970672793,0.18167472158747677
30,1,000000000000000005bd,built_loss,4.859515555731658,0.5771060801143149,0.1060236668693767
30,1,00000000000000000281,crop_loss,21.782693349937635,0.5564867302745173,0.11777514520758581
30,1,000000000000000003a2,crop_loss,15.881666646422385,0.23866793538236594,0.16490958640469314
30,1,00000000000000000001,built_loss,18.712314565347363,0.5115170183063497,0.12763781787858242
30,1,00000000000000000049,built_loss,4.603946485157914,0.48277556163279195,0.07860857386773629
30,1,0000000000000000004f,built_loss,17.54157715368012,0.42463426292959433,0.24766027514474942
30,1,0000000000000000005a,built_loss,17.625471363997374,0.464227395547828,0.06107528661843087
30,1,00000000000000000079,built_loss,20.512342382696257,0.6114582175066964,0.10963584685837335
30,1,00000000000000000087,built_loss,21.755268645093814,0.6223225343313475,0.17866672641602976
30,1,000000000000000000a1,built_loss,10.371673318396285,0.45193650839753596,0.11657321874145316
30,1,000000000000000000b8,built_loss,8.196730735955578,0.5912816236452282,0.2871360001110085
30,1,000000000000000000c0,built_loss,18.420535123595787,0.6066772511821754,0.13814175406616547
30,1,000000000000000000e2,built_loss,15.510172800267393,0.3942575539287652,0.1878117215358731
30,1,000000000000000000f0,built_loss,16.324067469142136,0.7190493486982721,0.14906509271662394
30,1,000000000000000000f8,built_loss,17.144596738504188,0.5331825997539911,0.20139626035490787
30,1,0000000000000000011c,built_loss,5.56067134826086,0.752685083837561,0.10072826910720922
30,1,00000000000000000161,built_loss,21.013735231838965,0.6584656983650493,0.14467931317559013
30,1,0000000000000000016a,built_loss,8.712671921915836,0.2572808584588628,0.10410875560448107
30,1,00000000000000000176,built_loss,14.051473712292381,0.6403171624088054,0.1274608731039495
30,1,000000000000000001a8,built_loss,23.227509935642466,0.5295320289595756,0.11972992051262721
30,1,000000000000000001cd,built_loss,18.26923094888314,0.7465276422859068,0.12947978361781431
30,1,000000000000000001e5,built_loss,14.748081607818925,0.6260698819018852,0.19563167470750187
30,1,00000000000000000209,built_loss,23.47754128712705,0.6607132502543797,0.14959760189159788
30,1,00000000000000000231,built_loss,19.948930665175624,0.5755479518337397,0.11694831965865654
30,1,0000000000000000026d,built_loss,18.59281180714038,0.5997383776627824,0.16252920130205128
30,1,00000000000000000278,built_loss,19.858827663252182,0.7535862735789144,0.1628654056624177
30,1,00000000000000000293,built_loss,15.882212879778718,0.45935652517266656,0.1783012686943221
30,1,00000000000000000316,built_loss,2.245468123962174,0.12661518838489141,0.03257901612580352
30,1,00000000000000000356,built_loss,16.885689202604024,0.5957810631774718,0.18756465102953968
30,1,00000000000000000362,built_loss,20.613892642402526,0.5564048205512675,0.13632815892097316
30,1,00000000000000000363,built_loss,18.47387876944859,0.21269768965783123,0.09611847924653794
30,1,00000000000000000364,built_loss,23.094114262629006,0.6133942050351738,0.16453080698621603
30,1,00000000000000000380,built_loss,16.629474267444422,0.47783370537383185,0.11244744103757764
30,1,00000000000000000384,built_loss,12.206621825972338,0.5722510296435281,0.09185096964717354
30,1,0000000000000000039e,built_loss,9.187079421507185,0.501013939563995,0.11855822497946178
30,1,000000000000000003a1,built_loss,10.03209493563936,0.5883340014068922,0.10569356830807619
30,1,000000000000000003a5,built_loss,16.231635803706098,0.392020269130839,0.1799358056140326
30,1,000000000000000003b7,built_loss,10.262520654443774,0.49494391698952517,0.07685495537462261
30,1,000000000000000003bf,built_loss,21.297454108768108,0.5366852395949929,0.07547947142672962
30,1,000000000000000003d2,built_loss,22.095573821192062,0.5923838647033915,0.1922653123464747
30,1,000000000000000003f8,built_loss,5.373024601460739,0.21929980570799795,0.1097364930033464
30,1,000000000000000003fa,built_loss,18.797140176963445,0.3867128589842333,0.08316630089347227
30,1,00000000000000000407,built_loss,21.252797115497053,0.6118801194462266,0.148449142244503
30,1,0000000000000000040f,built_loss,16.917760159344127,0.5091188628162094,0.05105729753307642
30,1,00000000000000000426,built_loss,17.910095922236092,0.5468061907633098,0.1253261085913434
30,1,0000000000000000042b,built_loss,15.974906345096537,0.6001788861022612,0.1340124896417485
30,1,00000000000000000442,built_loss,3.3616319358017392,0.5701555373134217,0.4156182535777841
30,1,00000000000000000465,built_loss,24.674214685384076,0.634388333966335,0.12522324252139627
30,1,0000000000000000047e,built_loss,16.157494348387374,0.5176833653443421,0.11112586743209396
30,1,00000000000000000490,built_loss,23.128354559765242,0.6660223605687555,0.17441137328766987
30,1,000000000000000004c0,built_loss,17.244527852393773,0.5730858417453933,0.11079817652839297
30,1,000000000000000004c5,built_loss,11.656066250116584,0.6493230779877447,0.16233774873883722
30,1,000000000000000004d9,built_loss,18.56484133970909,0.5659909693656754,0.12622637459867891
30,1,000000000000000004eb,built_loss,21.09378466970604,0.4240721882687485,0.09766772857404843
30,1,000000000000000004f7,built_loss,8.743995912204936,0.45973665257267227,0.0859126468023384
30,1,000000000000000004fe,built_loss,15.19539129356606,0.49884496965283937,0.11003097394759903
30,1,0000000000000000051d,built_loss,12.025919035688016,0.6040133880779651,0.28913307404911903
30,1,00000000000000000559,built_loss,19.614459884593607,0.6439497625044518,0.18941279969897162
30,1,00000000000000000576,built_loss,7.851282817530367,0.2543491713999862,0.1083388708684127
30,1,00000000000000000577,built_loss,8.887807752736684,0.49998555137188133,0.24758730219901876
30,1,0000000000000000057f,built_loss,2.487699435136427,0.35241735520794937,0.12157589040457284
30,1,00000000000000000594,built_loss,14.256361161134885,0.5151731190811192,0.25865986729965645
30,1,000000000000000005ad,built_loss,20.28435955934659,0.6691775113816661,0.10449058915263887
30,1,000000000000000005bf,built_loss,20.679265789225845,0.40766760227199966,0.09245758902995382
30,1,000000000000000005cc,built_loss,6.393145741418544,0.3724961421777283,0.09434874650965297
30,1,000000000000000005de,built_loss,19.573997898866796,0.43820193349589254,0.0497502817346443
30,1,000000000000000005e7,built_loss,19.154956520437796,0.6128121109312837,0.2553790834274548
30,1,000000000000000005f9,built_loss,11.436094721831596,0.6904652492533636,0.10771236104917381
30,1,0000000000000000061c,built_loss,17.490348112195214,0.397456158432421,0.10136786377871204
30,1,00000000000000000624,built_loss,4.6841149552420855,0.5551804739874622,0.13664424455568208
30,1,00000000000000000626,built_loss,17.93182218406008,0.5468434715599101,0.05798714727121668
30,1,0000000000000000062a,built_loss,19.646199713275042,0.5563977120814875,0.10179706683947631
30,1,00000000000000000636,built_loss,18.876605046187727,0.41980797601919173,0.21430845997903047
30,1,0000000000000000064a,built_loss,3.332833216734576,0.3158948776440801,0.04500887187671643
30,1,0000000000000000064d,built_loss,11.35991648259196,0.4785597661469459,0.1580715465484806
30,1,00000000000000000694,built_loss,16.021265013450623,0.3763311376666326,0.07213834463695601
30,1,0000000000000000069d,built_loss,20.5392096115116,0.6341765623867847,0.14207171003404961
30,1,000000000000000006b7,built_loss,17.26614204631257,0.4853623259279985,0.08768226910661575
30,1,000000000000000006df,built_loss,12.122355052296017,0.21576848155262449,0.19132673655719554
30,1,000000000000000006e3,built_loss,18.26583726049578,0.4164551753309597,0.1320824619547038
30,1,00000000000000000011,crop_loss,18.581387659245827,0.5911586868769978,0.5303096873363526
30,1,0000000000000000002b,crop_loss,21.89015938053566,0.20030163716724517,0.15261034095852427
30,1,0000000000000000002d,crop_loss,23.85998732162636,0.5022755141004338,0.15785832570197883
30,1,0000000000000000003a,crop_loss,20.3834316117428,0.2568023179630794,0.16640489390121427
30,1,0000000000000000009b,crop_loss,11.88730435060332,0.48500666893782574,0.026281631679999917
30,1,0000000000000000009d,crop_loss,5.9787037377812675,0.4016948015706754,0.16724023953558326
30,1,000000000000000000a8,crop_loss,16.62226204922364,0.22512442353834058,0.06844254189129828
30,1,000000000000000000da,crop_loss,16.311667571789464,0.7523427592072932,0.09595366756954782
30,1,000000000000000000e3,crop_loss,22.444547565110838,0.48474642881738395,0.16378643645289348
30,1,000000000000000000e9,crop_loss,4.5742973203993165,0.4578465123641116,0.16879284079168883
30,1,0000000000000000011b,crop_loss,17.475103885207083,0.47084017827366803,0.07109800820190032
30,1,00000000000000000128,crop_loss,19.04697894610129,0.537147089097688,0.05784892351071891
30,1,00000000000000000192,crop_loss,22.086531578597555,0.5472168935175472,0.06482113494632602
30,1,00000000000000000196,crop_loss,17.924384823317464,0.24673164231090516,0.13726687386785433
30,1,000000000000000001a6,crop_loss,22.878334512309785,0.26362516766119864,0.1628662675024218
30,1,000000000000000001e4,crop_loss,22.468385873020555,0.4940248069960561,0.1373461648892801
30,1,000000000000000001f9,crop_loss,21.254799184183934,0.553759975358436,0.4509468131175839
30,1,00000000000000000228,crop_loss,15.708568362561126,0.35606817556394005,0.38161883892105153
30,1,0000000000000000028c,crop_loss,3.6691073611825917,0.3072761833959935,0.08800940384234257
30,1,0000000000000000028d,crop_loss,17.23989796752071,0.7059297183780155,0.11812587190423474
30,1,00000000000000000291,crop_loss,12.31641889040515,0.8748664091245768,0.057359931689384136
30,1,000000000000000002c5,crop_loss,18.22392262684921,0.28637998295652556,0.2657107223337912
30,1,000000000000000002dc,crop_loss,22.100611101452312,0.6487404667205446,0.1441600777290858
30,1,000000000000000002e4,crop_loss,22.04897601668454,0.4229691223866206,0.2776177709564185
30,1,000000000000000002ec,crop_loss,24.73623718145598,0.5438313650723781,0.14127926502562738
30,1,00000000000000000314,crop_loss,18.78533851968306,0.059053549084543376,0.12717766027379285
30,1,00000000000000000335,crop_loss,21.89046621170729,0.4077027524545837,0.3204604050552449
30,1,0000000000000000033a,crop_loss,15.920277298759142,0.5108739916064269,0.1933554787407274
30,1,000000000000000003b0,crop_loss,20.353899799493618,0.21484904108792222,0.19799154124561238
30,1,000000000000000003c8,crop_loss,17.967175447470968,0.19832046155932448,0.13722316071923288
30,1,000000000000000003f1,crop_loss,22.026798724133528,0.4771694476849312,0.0866487372107726
30,1,000000000000000003f2,crop_loss,17.836121832210804,0.45745973839222637,0.11589207577909322
30,1,0000000000000000044b,crop_loss,10.822157572210095,0.5224075400866195,0.07672517195585382
30,1,0000000000000000046c,crop_loss,19.92909695051397,0.5275894025498077,0.3222497219781844
30,1,00000000000000000480,crop_loss,7.354520518616404,0.869243068165167,0.15137512628475425
30,1,00000000000000000483,crop_loss,8.826903721208685,0.7395338391267428,0.161224975613383
30,1,00000000000000000485,crop_loss,20.01108964182017,0.7074155059351128,0.0821037215014927
30,1,00000000000000000497,crop_loss,21.157236997233188,0.19779779165404723,0.10149807013783418
30,1,0000000000000000049b,crop_loss,22.809928974668864,0.3484046381813381,0.0801935646429417
30,1,000000000000000004a1,crop_loss,19.92790511089562,0.39288209850441275,0.10749729963775306
30,1,000000000000000004e7,crop_loss,18.69090091269768,0.48379036716863905,0.057448313755754654
30,1,000000000000000004e9,crop_loss,12.033744465449805,0.3824524882880647,0.33132331576006024
30,1,000000000000000004ee,crop_loss,11.278922836295559,0.29296990725440547,0.31252292216217653
30,1,000000000000000004f9,crop_loss,23.123992753781636,0.47246723060667134,0.302443987010686
30,1,00000000000000000517,crop_loss,17.307777128767032,0.3087095207367005,0.21573437909525464
30,1,00000000000000000538,crop_loss,1.056580602165755,0.3055640973135932,0.07893874718763128
30,1,0000000000000000057e,crop_loss,3.1494349658180085,0.5486529694566116,0.07229031577225875
30,1,000000000000000005d1,crop_loss,13.684808936669734,0.2913331453959317,0.24167271266747825
30,1,00000000000000000611,crop_loss,22.352462326350334,0.6709166199715489,0.1051010642979272
30,1,0000000000000000062f,crop_loss,21.82811401627958,0.48891285961034625,0.3180856011286005
30,1,00000000000000000632,crop_loss,10.257339204846641,0.07910784083907285,0.05902714697376341
30,1,0000000000000000063e,crop_loss,19.29929312850546,0.3769735098098789,0.16004811247093625
30,1,00000000000000000655,crop_loss,19.469755059927163,0.5347001421402658,0.2858233116900522
30,1,00000000000000000697,crop_loss,23.910040554358503,0.6179813939762233,0.11819185414782529
30,1,00000000000000000698,crop_loss,14.739623733515533,0.40953337797207995,0.156538489273027
30,1,000000000000000006a8,crop_loss,22.395797696995118,0.3266083709207591,0.08715327615039198
30,1,000000000000000006b4,crop_loss,22.692967367918648,0.5738518117784233,0.1980545868073864
30,1,000000000000000006be,crop_loss,13.249960840449846,0.359567215268149,0.1388771382514612
30,1,000000000000000006c0,crop_loss,2.931541311556234,0.2274337646367151,0.3936052037970939
30,1,000000000000000006ce,crop_loss,14.500276431989352,0.6325843795206144,0.23905102152604196
30,1,000000000000000006d9,crop_loss,14.570097021727504,0.23630054722168028,0.1528557178740639
30,1,000000000000000006e5,crop_loss,18.50752287616036,0.534424521872933,0.1343634407137697
30,1,00000000000000000151,built_loss,9.231645015560607,0.24580550283631966,0.09676853441843036
30,1,000000000000000001be,built_loss,5.503080137356727,0.489680668382995,0.1497063215777143
30,1,0000000000000000034d,built_loss,4.207562806955222,0.3737408842213852,0.054265006131515914
30,1,000000000000000003c7,crop_loss,17.385477373671293,0.7427594805757824,0.1354245365016693
30,1,0000000000000000004a,built_loss,10.972647651601607,0.4181739602484928,0.05593082891805856
30,1,00000000000000000206,built_loss,21.00157739016286,0.7380084415717495,0.17576727398627623
30,1,000000000000000002a4,built_loss,9.129907503341386,0.40547275836043145,0.10331681323639508
30,1,000000000000000004f5,built_loss,6.784904829515153,0.48054467157245184,0.13049920422926042
30,1,000000000000000002cc,crop_loss,12.054212487298265,0.2630050780533375,0.2846913954531204
30,1,000000000000000006cc,crop_loss,13.763921562201567,0.3196365872849112,0.11181535045504037
30,1,0000000000000000016c,crop_loss,19.98069232505271,0.49471794590618096,0.19290689283128754
30,2,00000000000000000085,built_loss,14.507002998078129,0.37871943218777154,0.15597913518732776
30,2,00000000000000000114,built_loss,18.202579974655375,0.67564792975796,0.22639645972180933
30,2,0000000000000000024c,built_loss,14.257751240897985,0.7409309492058431,0.14387905874970874
30,2,00000000000000000375,built_loss,20.582935419965228,0.6263415228570807,0.15520960844168497
30,2,000000000000000004d2,built_loss,17.434362841041352,0.6116525221912357,0.14874641762945762
30,2,000000000000000005bd,built_loss,4.559967065095728,0.5178973557095613,0.11515587972987029
30,2,00000000000000000281,crop_loss,20.299704110594373,0.518475850873705,0.11762238029589622
30,2,000000000000000003a2,crop_loss,14.41631113078267,0.36434837942764464,0.1619884490872313
30,2,00000000000000000001,built_loss,18.55533544945954,0.4694167888316423,0.14979394277146774
30,2,00000000000000000049,built_loss,4.862748906057757,0.44370464160706624,0.11428114667114497
30,2,0000000000000000004f,built_loss,21.15245973784437,0.3966791092453837,0.15821893942630855
30,2,0000000000000000005a,built_loss,17.03577102616967,0.43035427102961193,0.08093913098534855
30,2,00000000000000000079,built_loss,23.651592249086807,0.6703082355145144,0.12707739269813634
30,2,00000000000000000087,built_loss,23.159636746858077,0.596581152235667,0.2212004911822108
30,2,000000000000000000a1,built_loss,6.972735089726422,0.4625782589781414,0.0700786708540313
30,2,000000000000000000b8,built_loss,8.384624691838507,0.5306484000610207,0.3000144561167636
30,2,000000000000000000c0,built_loss,18.635523566142894,0.6204190176579548,0.09138097859679184
30,2,000000000000000000e2,built_loss,12.524918637999544,0.4211815480698959,0.1473595391344294
30,2,000000000000000000f0,built_loss,18.74305841985056,0.6704392947241791,0.20981492151475423
30,2,000000000000000000f8,built_loss,21.302872185694287,0.5774771870454891,0.15496817523599515
30,2,0000000000000000011c,built_loss,5.0211169997409115,0.7576512188827025,0.09805786585648746
30,2,00000000000000000161,built_loss,20.935584002006856,0.6452656935614197,0.09146182013155535
30,2,0000000000000000016a,built_loss,6.763682692010408,0.262370022696365,0.12636334237182184
30,2,00000000000000000176,built_loss,16.333111443976748,0.6696277387859466,0.07621669573869616
30,2,000000000000000001a8,built_loss,23.39919665352278,0.5437669767158357,0.10268936427503583
30,2,000000000000000001cd,built_loss,21.106718695518985,0.7649893995771008,0.19168024523125016
30,2,000000000000000001e5,built_loss,11.6826800616951,0.6034405919226921,0.1532738066452447
30,2,00000000000000000209,built_loss,22.218161433154247,0.6155865982736339,0.1307898294345501
30,2,00000000000000000231,built_loss,19.95820564522618,0.5161181055854872,0.18292670709832337
30,2,0000000000000000026d,built_loss,15.524663571270537,0.5534197344106312,0.12776355317124544
30,2,00000000000000000278,built_loss,19.904434101873438,0.7933263526125707,0.11810130559588872
30,2,00000000000000000293,built_loss,15.244843604987478,0.5138006467950508,0.12111331343924464
30,2,00000000000000000316,built_loss,2.2629582543054156,0.12452520816566545,0.05513271309476625
30,2,00000000000000000356,built_loss,18.29648062225224,0.48242701286432804,0.2195433849779549
30,2,00000000000000000362,built_loss,22.05660372522813,0.5496089809005401,0.16419926911919291
30,2,00000000000000000363,built_loss,16.091598713566743,0.25320426979599847,0.07898241047165389
30,2,00000000000000000364,built_loss,23.276540996548224,0.6344161858522116,0.13933949635526544
30,2,00000000000000000380,built_loss,18.750938169541396,0.44999991721967625,0.10557096685366091
30,2,00000000000000000384,built_loss,13.522686176360724,0.6195784949274665,0.10722869594479079
30,2,0000000000000000039e,built_loss,5.646389416793173,0.494696763854613,0.08472002109414556
30,2,000000000000000003a1,built_loss,11.671404479856788,0.6137380368661776,0.10092301807400217
30,2,000000000000000003a5,built_loss,15.283679594122942,0.3837843991055196,0.1169205635109683
30,2,000000000000000003b7,built_loss,13.744822142935085,0.49109676761581206,0.07707101314431547
30,2,000000000000000003bf,built_loss,20.125586976492876,0.5484722794474798,0.13295437766696144
30,2,000000000000000003d2,built_loss,21.271219024115194,0.5949032485075245,0.12599787949767272
30,2,000000000000000003f8,built_loss,7.603754480702027,0.231587766228244,0.08272178927163856
30,2,000000000000000003fa,built_loss,19.935985295339872,0.39595866636316457,0.09871963645345444
30,2,00000000000000000407,built_loss,19.247303770045033,0.5637299522481903,0.1283621904357478
30,2,0000000000000000040f,built_loss,19.451857332577294,0.5115963286832675,0.07041568424254285
30,2,00000000000000000426,built_loss,16.01418262596356,0.6067436908413536,0.09886597346155801
30,2,0000000000000000042b,built_loss,18.953237302502654,0.581622112174356,0.143916945130232
30,2,00000000000000000442,built_loss,3.961003218876048,0.5246535220828829,0.46948616526326536
30,2,00000000000000000465,built_loss,22.568020296106564,0.5922941983776161,0.10997613539924256
30,2,0000000000000000047e,built_loss,9.198322539499607,0.5500098320347903,0.09515610421906995
30,2,00000000000000000490,built_loss,23.147265192444415,0.6511448612420685,0.15411282884684818
30,2,000000000000000004c0,built_loss,22.601115744017225,0.6436313638450518,0.11429614514296604
30,2,000000000000000004c5,built_loss,8.833518628655622,0.6218987670310216,0.16692117958213504
30,2,000000000000000004d9,built_loss,18.419004403696412,0.5423864817067094,0.06067066355423034
30,2,000000000000000004eb,built_loss,22.81652875958363,0.4817794394830044,0.08512164825820889
30,2,000000000000000004f7,built_loss,7.228486098779228,0.4425141349204015,0.08359245496114004
30,2,000000000000000004fe,built_loss,11.165018853517777,0.504712170972817,0.09298890663850723
30,2,0000000000000000051d,built_loss,13.523445695261174,0.3789382155110763,0.32306926736646213
30,2,00000000000000000559,built_loss,21.798040501367755,0.7503550312969685,0.1804482517428777
30,2,00000000000000000576,built_loss,7.646195099697737,0.2805316609523855,0.11493053400297179
30,2,00000000000000000577,built_loss,8.993769719272498,0.47279747581205095,0.19575689420913944
30,2,0000000000000000057f,built_loss,2.565246509657806,0.3985087041887347,0.199272708790042
30,2,00000000000000000594,built_loss,15.441958449788139,0.6082715327427516,0.2501947133980985
30,2,000000000000000005ad,built_loss,21.186767568465488,0.6843766483466743,0.12156148194052041
30,2,000000000000000005bf,built_loss,17.229044631380333,0.4065967073613115,0.11022946963351632
30,2,000000000000000005cc,built_loss,7.195082211495948,0.33565057048819463,0.0792997520746982
30,2,000000000000000005de,built_loss,15.009336028384741,0.4215826516216218,0.09024775438647287
30,2,000000000000000005e7,built_loss,22.449873607057114,0.6116180412398315,0.20518025521837147
30,2,000000000000000005f9,built_loss,16.127348266311333,0.5971724178209316,0.2062703245814388
30,2,0000000000000000061c,built_loss,15.12606231903012,0.4602791466356703,0.14283148998109246
30,2,00000000000000000624,built_loss,5.211062149950309,0.4648177222517446,0.1180335402175447
30,2,00000000000000000626,built_loss,18.047304726369966,0.47053034465210614,0.08336943565933891
30,2,0000000000000000062a,built_loss,21.75326983266099,0.5893537726162273,0.12116948459037535
30,2,00000000000000000636,built_loss,12.630047249159434,0.39638661431329714,0.30026879962184305
30,2,0000000000000000064a,built_loss,2.7524456141342926,0.2819157351001013,0.09846727122568752
30,2,0000000000000000064d,built_loss,9.658964633485725,0.39293582751477113,0.12392045654813233
30,2,00000000000000000694,built_loss,15.30229997329294,0.3754653128233393,0.07884167520015073
30,2,0000000000000000069d,built_loss,18.938972897264485,0.7105243249105221,0.12029396838588258
30,2,000000000000000006b7,built_loss,17.212958858918554,0.44782795043457485,0.12359337836241302
30,2,000000000000000006df,built_loss,11.707275616650628,0.231590334573661,0.21137277970034546
30,2,000000000000000006e3,built_loss,15.355338846370902,0.49127751145798465,0.1290340937593521
30,2,00000000000000000011,crop_loss,20.52891740531568,0.8309664131475145,0.46371510991078113
30,2,0000000000000000002b,crop_loss,22.59437221392012,0.13971928511516205,0.1766550932378328
30,2,0000000000000000002d,crop_loss,24.053828634448543,0.4271608801640237,0.20526141504239281
30,2,0000000000000000003a,crop_loss,20.184520775413052,0.28403558194001105,0.1410295138999306
30,2,0000000000000000009b,crop_loss,14.663577585037428,0.5022555770004705,0.03061938345155607
30,2,0000000000000000009d,crop_loss,7.119566801944345,0.38729454693614573,0.12751748675909474
30,2,000000000000000000a8,crop_loss,17.872603978703413,0.20156380226189094,0.07717235432700184
30,2,000000000000000000da,crop_loss,15.613356359233443,0.8007666613625626,0.08085250874775662
30,2,000000000000000000e3,crop_loss,19.35075877756168,0.48303926212909815,0.19723818573840324
30,2,000000000000000000e9,crop_loss,5.41450188866985,0.3275691001846678,0.22071927535681285
30,2,0000000000000000011b,crop_loss,16.66830943201154,0.48138710285388564,0.06397547035847628
30,2,00000000000000000128,crop_loss,19.11627514604476,0.5524488369900744,0.06585659878853889
30,2,00000000000000000192,crop_loss,21.514217980514736,0.5593783559112798,0.06896671044993719
30,2,00000000000000000196,crop_loss,18.53965910846547,0.22791292648222064,0.06995860974484602
30,2,000000000000000001a6,crop_loss,19.859181550700455,0.3190406787619109,0.2046792401773194
30,2,000000000000000001e4,crop_loss,23.327720512005587,0.5020863661061169,0.11069220048300005
30,2,000000000000000001f9,crop_loss,20.615400056444383,0.7239775464632299,0.4548420896629515
30,2,00000000000000000228,crop_loss,15.910244467259535,0.5351337255577899,0.18378053819058754
30,2,0000000000000000028c,crop_loss,4.330529195372671,0.315369539923084,0.12345835884400824
30,2,0000000000000000028d,crop_loss,17.978777372607688,0.6313165768336859,0.16603540468622335
30,2,00000000000000000291,crop_loss,12.747021896054092,0.8715931085358581,0.04432000546143566
30,2,000000000000000002c5,crop_loss,17.138434432704276,0.35051500170380806,0.11274652007161046
30,2,000000000000000002dc,crop_loss,23.692806881805286,0.6422211326431212,0.14361258302803093
30,2,000000000000000002e4,crop_loss,21.63545397253503,0.3540948575416314,0.18076235090085246
30,2,000000000000000002ec,crop_loss,21.77973510253285,0.463145802563563,0.12978820075929032
30,2,00000000000000000314,crop_loss,17.897028926783495,0.0931880863873282,0.08010611406556215
30,2,00000000000000000335,crop_loss,24.81594881823341,0.43433924756894854,0.12498590843583274
30,2,0000000000000000033a,crop_loss,18.978640682110775,0.5460210340085331,0.14125384722503015
30,2,000000000000000003b0,crop_loss,21.727283232873827,0.18918253711614325,0.13040635945820522
30,2,000000000000000003c8,crop_loss,20.65988209524001,0.16408847192911788,0.0885331396231844
30,2,000000000000000003f1,crop_loss,23.023494565238927,0.47058729126262683,0.12049073995637366
30,2,000000000000000003f2,crop_loss,19.784810426865967,0.47962606618467063,0.10554716409201459
30,2,0000000000000000044b,crop_loss,12.246281611628001,0.5364853505330819,0.06822468025456913
30,2,0000000000000000046c,crop_loss,23.333686256125205,0.5067031738204897,0.3424631096619401
30,2,00000000000000000480,crop_loss,8.858724683224144,0.8378436358436955,0.35774642201918616
30,2,00000000000000000483,crop_loss,8.11617360049933,0.7593047283087137,0.18175968074070026
30,2,00000000000000000485,crop_loss,24.064550635930324,0.7379838533413675,0.0820304008570737
30,2,00000000000000000497,crop_loss,17.672725711855996,0.22293251747825935,0.09158581725323581
30,2,0000000000000000049b,crop_loss,19.793224064660162,0.32791846558512633,0.08442708248617387
30,2,000000000000000004a1,crop_loss,18.770722935106175,0.3544758759954332,0.11782008318011561
30,2,000000000000000004e7,crop_loss,18.6699402740305,0.48745416888946236,0.07997022783552377
30,2,000000000000000004e9,crop_loss,12.75336123944724,0.4392681878484845,0.2517306363694677
30,2,000000000000000004ee,crop_loss,16.571511543107075,0.3797199667627849,0.24846166857582086
30,2,000000000000000004f9,crop_loss,23.918079046350034,0.2864443736266874,0.2457293554220482
30,2,00000000000000000517,crop_loss,16.653847603907057,0.30011312978226956,0.19111146421814043
30,2,00000000000000000538,crop_loss,1.0713228650680198,0.2867443974806839,0.05052731568968466
30,2,0000000000000000057e,crop_loss,3.027799427632943,0.5422640921313443,0.08309083797648864
30,2,000000000000000005d1,crop_loss,13.809161661890666,0.1443141957832621,0.17840968629529833
30,2,00000000000000000611,crop_loss,21.922932366490187,0.6169349139937604,0.14332769418269797
30,2,0000000000000000062f,crop_loss,19.830905468448663,0.49628818588425905,0.2942936123204087
30,2,00000000000000000632,crop_loss,11.170117246781928,0.0853594193770124,0.0636186001650482
30,2,0000000000000000063e,crop_loss,19.584815095976246,0.2731348076516044,0.17834235824377334
30,2,00000000000000000655,crop_loss,18.809671232087513,0.49825293172395807,0.33560227230790557
30,2,00000000000000000697,crop_loss,24.078558668278834,0.6327444457613,0.11516486908387413
30,2,00000000000000000698,crop_loss,14.427117961798555,0.45213909178719924,0.13097871453466942
30,2,000000000000000006a8,crop_loss,22.12874182415193,0.3609346859277829,0.18050949666215743
30,2,000000000000000006b4,crop_loss,22.585869877532843,0.6428462926965647,0.28722769548500005
30,2,000000000000000006be,crop_loss,10.96146353019102,0.38406732224670714,0.12070366424956858
30,2,000000000000000006c0,crop_loss,3.216824162724834,0.15968027394508408,0.09533068517090434
30,2,000000000000000006ce,crop_loss,17.87811940070632,0.6197185625458882,0.22531564612981275
30,2,000000000000000006d9,crop_loss,22.381734012685737,0.19969341505711144,0.09808462413475405
30,2,000000000000000006e5,crop_loss,21.571761134761726,0.5153077351510311,0.1197538754422442
30,2,00000000000000000151,built_loss,8.893734593363858,0.24604842891788312,0.06822755014803614
30,2,000000000000000001be,built_loss,5.381914582941958,0.48629385179184537,0.17932708797038333
30,2,0000000000000000034d,built_loss,5.016705570020085,0.4210105155263759,0.06426135381440018
30,2,000000000000000003c7,crop_loss,20.184675234167656,0.7496428804943446,0.10537726427607019
30,2,0000000000000000004a,built_loss,8.705472674310325,0.4370316833805424,0.06671910345433185
30,2,00000000000000000206,built_loss,19.775919103835772,0.7758195764611103,0.12681309186111
30,2,000000000000000002a4,built_loss,9.947324827648469,0.41259364215286953,0.15333677094411408
30,2,000000000000000004f5,built_loss,6.3501602210123504,0.5640253960380609,0.19984405318913395
30,2,000000000000000002cc,crop_loss,15.225156478505056,0.49152296637944404,0.3680920344796377
30,2,000000000000000006cc,crop_loss,12.743311387961734,0.329968402370178,0.09682923135691213
30,2,0000000000000000016c,crop_loss,19.391827925018617,0.4628022626474393,0.21384802232515382
30,3,00000000000000000085,built_loss,13.02617099657406,0.4221709842918321,0.18821282736779332
30,3,00000000000000000114,built_loss,17.20430941906435,0.6874014394102967,0.15707922767601934
30,3,0000000000000000024c,built_loss,11.480410626972677,0.7575318717448982,0.14410917719044591
30,3,00000000000000000375,built_loss,20.080427858572747,0.6277795817578354,0.12329205112067709
30,3,000000000000000004d2,built_loss,18.798898746449815,0.661871379639239,0.1541123019172994
30,3,000000000000000005bd,built_loss,4.374443050440867,0.5624438239112669,0.18235382041508846
30,3,00000000000000000281,crop_loss,19.80179660417132,0.5500886085278937,0.11854504888433098
30,3,000000000000000003a2,crop_loss,18.573108516548274,0.3003014495193678,0.15576971404669013
30,3,00000000000000000001,built_loss,19.22596447479222,0.47093863865802965,0.11213810273754687
30,3,00000000000000000049,built_loss,4.573981887583668,0.4731181700875974,0.1183031301759867
30,3,0000000000000000004f,built_loss,20.82416846919697,0.39124517363470923,0.21876719609677964
30,3,0000000000000000005a,built_loss,16.07882447101375,0.46522744655838644,0.10322973310572542
30,3,00000000000000000079,built_loss,25.075896475032447,0.6560949658706041,0.11380893843046658
30,3,00000000000000000087,built_loss,22.76075890385056,0.533815764596928,0.22636839874204656
30,3,000000000000000000a1,built_loss,7.038888628812054,0.44205246476080756,0.17530630816938875
30,3,000000000000000000b8,built_loss,8.190163275792806,0.5236602949351845,0.3181871829657652
30,3,000000000000000000c0,built_loss,21.687112710169483,0.654370136831368,0.12675863758058947
30,3,000000000000000000e2,built_loss,14.083719894781273,0.3310703084376714,0.13335207328889387
30,3,000000000000000000f0,built_loss,18.38396714292025,0.6684692674372621,0.2528233282559037
30,3,000000000000000000f8,built_loss,22.836449277866752,0.5126200197281342,0.13313330668552942
30,3,0000000000000000011c,built_loss,7.856532236230976,0.7138330412936956,0.10073492474305978
30,3,00000000000000000161,built_loss,21.09090687291936,0.6339586635735628,0.10855255959253896
30,3,0000000000000000016a,built_loss,7.183651840919461,0.2560276419960071,0.12967689885095776
30,3,00000000000000000176,built_loss,13.910262164008376,0.6973987584931494,0.09319307059973692
30,3,000000000000000001a8,built_loss,20.12515543503936,0.5941447480723863,0.19959614014267746
30,3,000000000000000001cd,built_loss,23.918264593956483,0.761912807319701,0.24139902365881472
30,3,000000000000000001e5,built_loss,11.985649830262147,0.5874232072753497,0.17685007661339391
30,3,00000000000000000209,built_loss,21.71039709083809,0.5957760678036131,0.12278968989691341
30,3,00000000000000000231,built_loss,20.56739690605602,0.5994935988667468,0.1372796613776942
30,3,0000000000000000026d,built_loss,20.745300720858708,0.6651320642239313,0.15241679100783723
30,3,00000000000000000278,built_loss,21.164780995026227,0.7560053378535855,0.1327298575192839
30,3,00000000000000000293,built_loss,13.318908395810249,0.46871252207915687,0.17181029548195764
30,3,00000000000000000316,built_loss,1.4952427354268585,0.12968309970170355,0.04180775540637574
30,3,00000000000000000356,built_loss,16.81257408023353,0.6059680227018123,0.26851048025021196
30,3,00000000000000000362,built_loss,20.698340733680006,0.5082923968009776,0.11514817029334606
30,3,00000000000000000363,built_loss,15.206682486967594,0.2668175113345994,0.10135746517045385
30,3,00000000000000000364,built_loss,23.21745945325328,0.6225144295995222,0.1692061394784773
30,3,00000000000000000380,built_loss,19.361925642557757,0.5118077109774313,0.11048510919158422
30,3,00000000000000000384,built_loss,11.758228444688122,0.5716636618425179,0.10553063796207818
30,3,0000000000000000039e,built_loss,11.667244464930196,0.4708052062509646,0.08128626782848719
30,3,000000000000000003a1,built_loss,14.211666481786036,0.5855681281250623,0.11897420270629155
30,3,000000000000000003a5,built_loss,16.244297695807493,0.4721058647641643,0.240873385371227
30,3,000000000000000003b7,built_loss,13.740072508770092,0.4884785349083372,0.0693225710823146
30,3,000000000000000003bf,built_loss,20.074047535838382,0.5377923144292729,0.06530650589168896
30,3,000000000000000003d2,built_loss,21.300927433297417,0.5879200448503623,0.17488921179909345
30,3,000000000000000003f8,built_loss,5.56738586926855,0.2273791435244481,0.08793500432510573
30,3,000000000000000003fa,built_loss,21.801147018298888,0.425899755838092,0.08266995035193686
30,3,00000000000000000407,built_loss,22.528365550884157,0.5778280386317133,0.19356316352305386
30,3,0000000000000000040f,built_loss,18.52721552886565,0.5327056010932231,0.05630681496361295
30,3,00000000000000000426,built_loss,18.00585027602445,0.5516751302955903,0.12811650960119386
30,3,0000000000000000042b,built_loss,18.392012817852553,0.5480849041385671,0.14373447561414165
30,3,00000000000000000442,built_loss,2.897558290259003,0.38740406064650124,0.3168219390241579
30,3,00000000000000000465,built_loss,22.313833431236908,0.6432020290309,0.13574625164452392
30,3,0000000000000000047e,built_loss,12.542985292756281,0.5364851535894128,0.09871359731873203
30,3,00000000000000000490,built_loss,23.077640142223085,0.695943511430886,0.15701876616282395
30,3,000000000000000004c0,built_loss,20.456150450333496,0.6218296161346302,0.14340143097426306
30,3,000000000000000004c5,built_loss,8.831231455805234,0.598682155383444,0.13204014743447967
30,3,000000000000000004d9,built_loss,23.71333912676831,0.569389128220019,0.09128438536802042
30,3,000000000000000004eb,built_loss,16.320362051344304,0.4342104495318047,0.05785807289300582
30,3,000000000000000004f7,built_loss,6.907835405344491,0.5037811073948169,0.06219544132459881
30,3,000000000000000004fe,built_loss,12.573101204581429,0.49592813825832915,0.036114871673159965
30,3,0000000000000000051d,built_loss,9.972129454510709,0.35352206916497986,0.3693756269019721
30,3,00000000000000000559,built_loss,19.02002516748572,0.6015783288428755,0.21433322787655162
30,3,00000000000000000576,built_loss,7.936112970450982,0.27768789868316646,0.11765056313967573
30,3,00000000000000000577,built_loss,7.905636758602749,0.5955420142501373,0.14782917903705706
30,3,0000000000000000057f,built_loss,2.3043472719909137,0.3977941124273091,0.1693992351651648
30,3,00000000000000000594,built_loss,14.717607125415952,0.6208165957788709,0.24803470032374525
30,3,000000000000000005ad,built_loss,21.120589573559386,0.6298868977769957,0.14475785123724527
30,3,000000000000000005bf,built_loss,16.380685022331168,0.38681448467957436,0.13821800873144247
30,3,000000000000000005cc,built_loss,10.022923714856095,0.34150955706703234,0.11369883197086555
30,3,000000000000000005de,built_loss,19.540323014328596,0.4478810098331414,0.07234609742542386
30,3,000000000000000005e7,built_loss,19.87833841937274,0.7104007377386343,0.1693758004305086
30,3,000000000000000005f9,built_loss,15.82481882205815,0.616380402193973,0.17463480327534375
30,3,0000000000000000061c,built_loss,13.236377614050978,0.42975661816337113,0.10758480366610751
30,3,00000000000000000624,built_loss,4.192373607828562,0.47201491362328285,0.09582718657870581
30,3,00000000000000000626,built_loss,19.167895785684053,0.4908171497950766,0.07303605404412966
30,3,0000000000000000062a,built_loss,20.172080314588282,0.5578553204125063,0.15464770987173715
30,3,00000000000000000636,built_loss,14.130281206972391,0.4093149431720057,0.27530196067414997
30,3,0000000000000000064a,built_loss,3.157096195721863,0.32506450826568367,0.0698964936627065
30,3,0000000000000000064d,built_loss,12.875157093437409,0.392759679230789,0.1528165572247024
30,3,00000000000000000694,built_loss,18.662901989015594,0.36478262445660264,0.10794841074033201
30,3,0000000000000000069d,built_loss,18.553944245608516,0.6319670989248644,0.11113898209064943
30,3,000000000000000006b7,built_loss,17.504459841434993,0.4601427519568684,0.08391248066525375
30,3,000000000000000006df,built_loss,12.952960382518478,0.2527201460891538,0.30908679349174717
30,3,000000000000000006e3,built_loss,15.417538510070708,0.3739877337042158,0.10185811538661393
30,3,00000000000000000011,crop_loss,21.328064604805267,0.5046196321405948,0.4849254824502931
30,3,0000000000000000002b,crop_loss,21.851408009111125,0.16058498856445105,0.17860660547677504
30,3,0000000000000000002d,crop_loss,20.998859828098855,0.4714381393298613,0.13775577496106567
30,3,0000000000000000003a,crop_loss,23.380686602455274,0.22595532915725897,0.12718350117698332
30,3,0000000000000000009b,crop_loss,13.989946731546214,0.5006503330992821,0.039444781049687294
30,3,0000000000000000009d,crop_loss,6.825478592257196,0.32892514150155405,0.1368939776460794
30,3,000000000000000000a8,crop_loss,16.560162487042255,0.21262638966656178,0.06515218114802804
30,3,000000000000000000da,crop_loss,16.623945983800645,0.7333051859256229,0.10370090292371503
30,3,000000000000000000e3,crop_loss,23.032901946298676,0.5422240075694165,0.15750568537331988
30,3,000000000000000000e9,crop_loss,4.516438278231253,0.3771203306867246,0.21283307264131118
30,3,0000000000000000011b,crop_loss,17.86059869285147,0.49613820023873373,0.0824010159052066
30,3,00000000000000000128,crop_loss,18.017341845220596,0.5537434553601392,0.07209770350666089
30,3,00000000000000000192,crop_loss,21.59999839753081,0.5359325465037311,0.0819310251055555
30,3,00000000000000000196,crop_loss,13.299440013304762,0.23801113919217193,0.06895858295222315
30,3,000000000000000001a6,crop_loss,20.732836171334206,0.24284896427654937,0.1551743052848991
30,3,000000000000000001e4,crop_loss,22.00721481177943,0.5093681322760466,0.08328276675775309
30,3,000000000000000001f9,crop_loss,20.418074453523463,0.5511742560137327,0.4145424492009971
30,3,00000000000000000228,crop_loss,15.110816509108412,0.5568637025236475,0.3425029917561242
30,3,0000000000000000028c,crop_loss,4.515646331184568,0.284594599504749,0.12968948475947453
30,3,0000000000000000028d,crop_loss,16.175673206572593,0.7038934305434169,0.17836600444730888
30,3,00000000000000000291,crop_loss,10.745101678420882,0.8865366065117737,0.0413019175018865
30,3,000000000000000002c5,crop_loss,16.642952958461056,0.26631539752114525,0.1453052125920946
30,3,000000000000000002dc,crop_loss,23.481043789498365,0.6850956236794856,0.09947285596441446
30,3,000000000000000002e4,crop_loss,16.579638935094753,0.3058890626085598,0.1276420243359362
30,3,000000000000000002ec,crop_loss,21.048806304007392,0.41748571322090267,0.1627799224968936
30,3,00000000000000000314,crop_loss,18.814289036993085,0.19215792310228713,0.1637079620052433
30,3,00000000000000000335,crop_loss,20.10245385129324,0.4677968463839205,0.20136103858091414
30,3,0000000000000000033a,crop_loss,15.015527811371559,0.5315342513853556,0.16358023152655288
30,3,000000000000000003b0,crop_loss,22.736421569758342,0.22146312570362833,0.15174374916172936
30,3,000000000000000003c8,crop_loss,21.03498757699222,0.18746065554740537,0.09179843264193657
30,3,000000000000000003f1,crop_loss,20.558817248079244,0.43459510653971634,0.14310972157916368
30,3,000000000000000003f2,crop_loss,18.75355260468272,0.4886515493711177,0.10712054250729092
30,3,0000000000000000044b,crop_loss,10.486361117273875,0.554028366602,0.06697482775900798
30,3,0000000000000000046c,crop_loss,22.503969256971633,0.46783176670930543,0.37860915201083345
30,3,00000000000000000480,crop_loss,7.626642062646681,0.8571246608876438,0.15805591254905194
30,3,00000000000000000483,crop_loss,9.226282026791367,0.7562853750868574,0.1627677555641991
30,3,00000000000000000485,crop_loss,21.093760841835408,0.682181245478574,0.10376790813370673
30,3,00000000000000000497,crop_loss,17.60295015011687,0.19241863155988886,0.13099794096915277
30,3,0000000000000000049b,crop_loss,15.96789970957841,0.4176976294681461,0.08574401270813459
30,3,000000000000000004a1,crop_loss,18.874815191428244,0.3359208539461236,0.10180159233803043
30,3,000000000000000004e7,crop_loss,14.306975991529335,0.48197676606306367,0.0545675831056327
30,3,000000000000000004e9,crop_loss,13.538934754011475,0.3989010065695755,0.3575890785622258
30,3,000000000000000004ee,crop_loss,11.433388430192023,0.38282379407822426,0.2269797749926304
30,3,000000000000000004f9,crop_loss,18.55473287711455,0.331670658299777,0.19374262473838438
30,3,00000000000000000517,crop_loss,16.20242341445121,0.305800669372789,0.19672991616509358
30,3,00000000000000000538,crop_loss,1.0723055763676714,0.2862891908729073,0.08700300738350908
30,3,0000000000000000057e,crop_loss,4.245898082868471,0.5318252142552237,0.05374361144497297
30,3,000000000000000005d1,crop_loss,13.316669199914243,0.13061029145956216,0.10585932542441348
30,3,00000000000000000611,crop_loss,23.509594676098008,0.6617296929930297,0.12865365966654496
30,3,0000000000000000062f,crop_loss,20.03349637481063,0.48694187574247366,0.3630736691762246
30,3,00000000000000000632,crop_loss,8.960048770403107,0.07557468480809806,0.06326655360512935
30,3,0000000000000000063e,crop_loss,21.058091468308184,0.2759896391137072,0.08062650832109011
30,3,00000000000000000655,crop_loss,19.820514348551043,0.45391238458963407,0.4286316170343182
30,3,00000000000000000697,crop_loss,20.257663028975376,0.631929386299286,0.17848461961474793
30,3,00000000000000000698,crop_loss,12.679073015285818,0.3605736493153872,0.16250291452618282
30,3,000000000000000006a8,crop_loss,21.981726230378616,0.32648785268506103,0.20292611774400815
30,3,000000000000000006b4,crop_loss,21.927216850852222,0.42619665428572584,0.21092835221682216
30,3,000000000000000006be,crop_loss,9.945139650690642,0.427538821832475,0.13337809890679653
30,3,000000000000000006c0,crop_loss,2.9233113464907787,0.21115397940788694,0.09747114969689982
30,3,000000000000000006ce,crop_loss,16.21346441216541,0.6289797965310219,0.12571626970026195
30,3,000000000000000006d9,crop_loss,16.98243379216782,0.1565920280180799,0.07434321619151268
30,3,000000000000000006e5,crop_loss,22.292227952373597,0.5521200517967175,0.16840157122689237
30,3,00000000000000000151,built_loss,6.38574466265191,0.256309878549073,0.08896883470660932
30,3,000000000000000001be,built_loss,6.8161825321971214,0.5077461897887025,0.2131441861034722
30,3,0000000000000000034d,built_loss,6.858596876167123,0.41683125558847894,0.0940553773143108
30,3,000000000000000003c7,crop_loss,18.505189353516343,0.759928836572297,0.11258472340360393
30,3,0000000000000000004a,built_loss,10.519957308012916,0.43796233383868083,0.06266926025831687
30,3,00000000000000000206,built_loss,20.618933302828257,0.7125069567298529,0.14014055926062774
30,3,000000000000000002a4,built_loss,6.1490106447596915,0.37247391003426783,0.15414833108466647
30,3,000000000000000004f5,built_loss,7.333548722130739,0.4958263175165123,0.1437299197051824
30,3,000000000000000002cc,crop_loss,9.638501690215172,0.49239750178248415,0.35332581369099597
30,3,000000000000000006cc,crop_loss,14.294553837818123,0.3357144218469442,0.09286634170003
30,3,0000000000000000016c,crop_loss,22.7909407324712,0.44233107629115315,0.17168425056780295
30,4,00000000000000000085,built_loss,12.03807574349959,0.36260124517358105,0.15531467871279914
30,4,00000000000000000114,built_loss,16.39644496388942,0.6799068639409718,0.13830256971642807
30,4,0000000000000000024c,built_loss,17.32148658812949,0.7001622718660506,0.12565319775385297
30,4,00000000000000000375,built_loss,21.792756595751566,0.6308876888070319,0.13071876911905544
30,4,000000000000000004d2,built_loss,14.95279282164404,0.6672121433631282,0.1608766972393294
30,4,000000000000000005bd,built_loss,4.036588752744978,0.5212949076699092,0.14623655019540238
30,4,00000000000000000281,crop_loss,22.194262794964512,0.5202301925594869,0.1417960626332253
30,4,000000000000000003a2,crop_loss,18.724678687567295,0.25690414201369133,0.1560000815116042
30,4,00000000000000000001,built_loss,15.489050179246725,0.4444410306746849,0.12814271102725383
30,4,00000000000000000049,built_loss,4.828069530462359,0.4800626868562479,0.10564710871178029
30,4,0000000000000000004f,built_loss,20.131152444142774,0.4933899327302262,0.19608277707329957
30,4,0000000000000000005a,built_loss,15.776130807222234,0.43038111251396755,0.08993487300313535
30,4,00000000000000000079,built_loss,23.131509660867305,0.6208147550428953,0.12673801174232047
30,4,00000000000000000087,built_loss,22.18194333928794,0.7019680353239848,0.2830820704068331
30,4,000000000000000000a1,built_loss,8.828968392107306,0.46098393901168744,0.07502414662370976
30,4,000000000000000000b8,built_loss,8.30162671497607,0.6043122193974896,0.21645502517534193
30,4,000000000000000000c0,built_loss,19.929382553260698,0.6408604445089792,0.1078822399224394
30,4,000000000000000000e2,built_loss,13.483460316940388,0.4170858472671437,0.13551891399306726
30,4,000000000000000000f0,built_loss,15.628754874540922,0.6713133671634905,0.15135275658255842
30,4,000000000000000000f8,built_loss,23.83340851382451,0.5661946740543493,0.19730132855595217
30,4,0000000000000000011c,built_loss,5.694906715609694,0.7295389920979978,0.08100410614871179
30,4,00000000000000000161,built_loss,22.088511125279716,0.6710021168605406,0.11484204968483447
30,4,0000000000000000016a,built_loss,8.887444347526108,0.3168565771323156,0.13247934609903836
30,4,00000000000000000176,built_loss,17.463640112365653,0.6816509319625251,0.1681589980092546
30,4,000000000000000001a8,built_loss,20.140239486499993,0.5977492598950159,0.1523584135105977
30,4,000000000000000001cd,built_loss,22.11754724661296,0.7715846442713689,0.1291586858182302
30,4,000000000000000001e5,built_loss,13.764013049687037,0.5433978865934841,0.1377826962133168
30,4,00000000000000000209,built_loss,20.70285101761263,0.6400199869983306,0.14669466437814005
30,4,00000000000000000231,built_loss,20.935128740448565,0.5480878907806122,0.1584575854455304
30,4,0000000000000000026d,built_loss,17.254949408836524,0.5790579130382295,0.15147131030113137
30,4,00000000000000000278,built_loss,18.26190143433082,0.7940549500877347,0.1418587006763521
30,4,00000000000000000293,built_loss,18.46824288176576,0.4616487726916558,0.14904989213375586
30,4,00000000000000000316,built_loss,2.3110437569922144,0.12791454463765342,0.07080910132374764
30,4,00000000000000000356,built_loss,18.72693635952103,0.5563520988119096,0.18866569214465845
30,4,00000000000000000362,built_loss,20.617870544952122,0.5819068278334092,0.14156127060688217
30,4,00000000000000000363,built_loss,17.716836889328892,0.24566527170294286,0.12188341599629071
30,4,00000000000000000364,built_loss,20.82621330680853,0.5864071165669001,0.13775675224720796
30,4,00000000000000000380,built_loss,17.662189995856465,0.4941353033781853,0.1120344423331705
30,4,00000000000000000384,built_loss,13.639517073425072,0.5505179682220241,0.08412571459738194
30,4,0000000000000000039e,built_loss,6.05871250576682,0.4816037324743899,0.10181396291373312
30,4,000000000000000003a1,built_loss,12.45201690959933,0.5619571642051427,0.1474252198014161
30,4,000000000000000003a5,built_loss,14.39226403736001,0.411673697108176,0.13686635763581373
30,4,000000000000000003b7,built_loss,12.020922310899437,0.5095377742578724,0.08539266311792448
30,4,000000000000000003bf,built_loss,22.6330270327847,0.5090092626094352,0.1492653421777163
30,4,000000000000000003d2,built_loss,18.589344691930847,0.5646527064329596,0.18127548473910238
30,4,000000000000000003f8,built_loss,6.745631498381761,0.2135844893457917,0.06208764067730291
30,4,000000000000000003fa,built_loss,21.621681296611676,0.4574113863369478,0.1105057954517204
30,4,00000000000000000407,built_loss,23.261669797178357,0.5995260356360872,0.12633269464304187
30,4,0000000000000000040f,built_loss,15.914058550898593,0.5313170474869633,0.04983312567100573
30,4,00000000000000000426,built_loss,17.99536941870964,0.5154889770809185,0.13454848199575925
30,4,0000000000000000042b,built_loss,20.82200973665797,0.5997041575743708,0.07701698091421061
30,4,00000000000000000442,built_loss,3.2562475712167576,0.4730363817671773,0.43708692716308817
30,4,00000000000000000465,built_loss,18.83813812166711,0.6397721400965655,0.15898747201683006
30,4,0000000000000000047e,built_loss,12.043207001003694,0.5669647782839609,0.10174709200627496
30,4,00000000000000000490,built_loss,19.61868329799188,0.7001049555805978,0.15084170042986011
30,4,000000000000000004c0,built_loss,18.068557598026537,0.6559680251321133,0.07670603786654828
30,4,000000000000000004c5,built_loss,11.93911040910668,0.49842019917389774,0.17184863416586765
30,4,000000000000000004d9,built_loss,18.402343137982083,0.548357921739695,0.12719991456827795
30,4,000000000000000004eb,built_loss,23.377230105722713,0.4630640464751683,0.08025081461263
30,4,000000000000000004f7,built_loss,7.778772610080174,0.47203711101118984,0.06512817582838559
30,4,000000000000000004fe,built_loss,8.194621215412461,0.4941276375308395,0.08820310287324379
30,4,0000000000000000051d,built_loss,12.731013001308959,0.38361866747501133,0.2619196396891956
30,4,00000000000000000559,built_loss,18.565542440065652,0.6728866954264555,0.1751711359848226
30,4,00000000000000000576,built_loss,7.590707533651223,0.2760201912812235,0.13158277070652463
30,4,00000000000000000577,built_loss,9.148638733605907,0.5407758128042531,0.2247685606026189
30,4,0000000000000000057f,built_loss,2.1865366899983223,0.41637484712620276,0.14634426801351946
30,4,00000000000000000594,built_loss,14.557849061012298,0.3585329848970688,0.2515627059673411
30,4,000000000000000005ad,built_loss,20.312857617769335,0.6159336422001566,0.11770571779751515
30,4,000000000000000005bf,built_loss,17.2300483211272,0.3625495553035263,0.0803793207751104
30,4,000000000000000005cc,built_loss,9.597824542804466,0.33806690309936605,0.06589976583893503
30,4,000000000000000005de,built_loss,18.574215730617837,0.4484863681114165,0.08934057308162519
30,4,000000000000000005e7,built_loss,19.686033457086346,0.5993325303062793,0.2094456037904237
30,4,000000000000000005f9,built_loss,12.0339476811491,0.6858700766280089,0.158310472614834
30,4,0000000000000000061c,built_loss,14.203781592259169,0.4033457658775652,0.15903012207449152
30,4,00000000000000000624,built_loss,3.442374454970691,0.5132517023569698,0.13393296991442416
30,4,00000000000000000626,built_loss,21.087386324456137,0.5109561558491887,0.07889771524575845
30,4,0000000000000000062a,built_loss,20.637556667503922,0.5873535919822748,0.17063794060790693
30,4,00000000000000000636,built_loss,13.624563953081898,0.5048777025471184,0.313568689977951
30,4,0000000000000000064a,built_loss,4.169157697731305,0.3131818020562378,0.06920366600777111
30,4,0000000000000000064d,built_loss,8.681153007646078,0.3866244800771237,0.1445451932306021
30,4,00000000000000000694,built_loss,15.395619229769503,0.39510253245325155,0.05568050569925953
30,4,0000000000000000069d,built_loss,19.155619414065256,0.6687704451728177,0.12627425473989784
30,4,000000000000000006b7,built_loss,18.559127754172493,0.42301003596368153,0.09600310280747337
30,4,000000000000000006df,built_loss,16.274975493182883,0.2781154266036715,0.2421151544453424
30,4,000000000000000006e3,built_loss,15.463094252372331,0.43648853680353106,0.1928758544780494
30,4,00000000000000000011,crop_loss,19.960584638011515,0.626799089359254,0.44693021290014123
30,4,0000000000000000002b,crop_loss,21.70956694040365,0.17287517834781643,0.17707138995495764
30,4,0000000000000000002d,crop_loss,22.688400375840057,0.5049853898770212,0.17368639915380946
30,4,0000000000000000003a,crop_loss,19.63275828267893,0.25398249676317236,0.1540198643218682
30,4,0000000000000000009b,crop_loss,11.3267989942928,0.5083800456810296,0.028851939566738816
30,4,0000000000000000009d,crop_loss,6.400954033773691,0.3411186482552666,0.09318012651276453
30,4,000000000000000000a8,crop_loss,20.8846203349741,0.21095736516149172,0.05886972176269145
30,4,000000000000000000da,crop_loss,16.561442264207486,0.7440910107368742,0.11484668835395495
30,4,000000000000000000e3,crop_loss,19.031934346264375,0.5254036660844525,0.19848421556991658
30,4,000000000000000000e9,crop_loss,5.530886120324624,0.3883497507524672,0.21115748894917968
30,4,0000000000000000011b,crop_loss,16.933666267634248,0.4843434071259484,0.0935099877658887
30,4,00000000000000000128,crop_loss,18.37476554192504,0.5327779904565686,0.049358017484352534
30,4,00000000000000000192,crop_loss,22.623365452588487,0.5754522575169784,0.06613574034982439
30,4,00000000000000000196,crop_loss,14.15045580722221,0.2565422371794539,0.07423511376560729
30,4,000000000000000001a6,crop_loss,22.38021661090962,0.29358220150630665,0.21760544459028291
30,4,000000000000000001e4,crop_loss,21.115354888432282,0.4880125984135992,0.07419558184548514
30,4,000000000000000001f9,crop_loss,20.604669872125864,0.4680500436819735,0.44329250779860013
30,4,00000000000000000228,crop_loss,19.203775546757146,0.4627114485754679,0.168279718444295
30,4,0000000000000000028c,crop_loss,3.6580486471060394,0.2847399611631799,0.10538824654894494
30,4,0000000000000000028d,crop_loss,15.180470650219153,0.7100270596371995,0.09300706707544215
30,4,00000000000000000291,crop_loss,11.921484612290422,0.8842198219590289,0.05934973043855718
30,4,000000000000000002c5,crop_loss,19.6180608384183,0.3505952575289514,0.18422194741420303
30,4,000000000000000002dc,crop_loss,22.50235603353832,0.6563809982035949,0.14502323443125198
30,4,000000000000000002e4,crop_loss,20.82605286734979,0.34361790401544795,0.21348018088906684
30,4,000000000000000002ec,crop_loss,19.184735510926657,0.5553725642849744,0.15203061723798822
30,4,00000000000000000314,crop_loss,17.732248375495814,0.0661184916938868,0.08999220578767814
30,4,00000000000000000335,crop_loss,22.58107890494585,0.4322625597531604,0.1339469565377458
30,4,0000000000000000033a,crop_loss,17.973622798078964,0.46291663281104745,0.15511091367677204
30,4,000000000000000003b0,crop_loss,22.91289924343251,0.1716352739505544,0.14498516195351135
30,4,000000000000000003c8,crop_loss,21.767811740797004,0.20528710264827388,0.11625471576756682
30,4,000000000000000003f1,crop_loss,21.50145894057414,0.45898905693704706,0.13681148058196535
30,4,000000000000000003f2,crop_loss,17.1990854511203,0.4953894129962694,0.16626602352787623
30,4,0000000000000000044b,crop_loss,9.429551209796795,0.5658963240045222,0.08027394409798083
30,4,0000000000000000046c,crop_loss,21.522595091063085,0.4546473455446376,0.2875226990411087
30,4,00000000000000000480,crop_loss,7.268897463369541,0.8250652917267514,0.22230481026302973
30,4,00000000000000000483,crop_loss,6.397991841573453,0.7585004541234547,0.14437215632954625
30,4,00000000000000000485,crop_loss,25.3211169746052,0.7190246994405681,0.10866504270301147
30,4,00000000000000000497,crop_loss,22.41878103922878,0.20628267032697367,0.09516682869392079
30,4,0000000000000000049b,crop_loss,21.45832709840025,0.3458315303753584,0.05826067650466704
30,4,000000000000000004a1,crop_loss,19.462069203255847,0.37093981339347265,0.09430701032509947
30,4,000000000000000004e7,crop_loss,15.912785729331365,0.48413437852979374,0.07546131857911731
30,4,000000000000000004e9,crop_loss,12.2341494182764,0.48133404104893585,0.30170869335042205
30,4,000000000000000004ee,crop_loss,13.96641118737309,0.5055797730167486,0.2696511980336641
30,4,000000000000000004f9,crop_loss,21.077767304916314,0.40009929092427055,0.25507665177250816
30,4,00000000000000000517,crop_loss,16.34959080367148,0.21673352088846967,0.23766485258459005
30,4,00000000000000000538,crop_loss,1.0673728374699327,0.2854614373827664,0.08329145550295214
30,4,0000000000000000057e,crop_loss,4.814220110398697,0.5380851521707762,0.07000552001498062
30,4,000000000000000005d1,crop_loss,13.141453865307112,0.18812049542847759,0.173781875147972
30,4,00000000000000000611,crop_loss,16.12379667623958,0.6756254922367273,0.09059644021478164
30,4,0000000000000000062f,crop_loss,21.760980007315535,0.5138196433527912,0.33318816588313893
30,4,00000000000000000632,crop_loss,11.016943415099313,0.07711556566103506,0.04835428442198934
30,4,0000000000000000063e,crop_loss,22.837710377899036,0.30605130070114694,0.16728899824996946
30,4,00000000000000000655,crop_loss,16.549257437707507,0.46804609710354295,0.33503098095735323
30,4,00000000000000000697,crop_loss,24.834684103672913,0.5924111922762925,0.12744834561587326
30,4,00000000000000000698,crop_loss,11.761477485203084,0.40686372009322047,0.09471042250271888
30,4,000000000000000006a8,crop_loss,23.301122301401183,0.3122659929829734,0.12040128106809589
30,4,000000000000000006b4,crop_loss,23.25311730632646,0.4666283030885416,0.16413615576496032
30,4,000000000000000006be,crop_loss,10.493193815765723,0.3929321232533304,0.17988035920631357
30,4,000000000000000006c0,crop_loss,2.6491438008836687,0.1768093514435193,0.07654719278688757
30,4,000000000000000006ce,crop_loss,16.39751265391333,0.5575349343648568,0.24457981426504272
30,4,000000000000000006d9,crop_loss,21.497859901776877,0.18297553650654985,0.07789358467193278
30,4,000000000000000006e5,crop_loss,21.082746708596044,0.535267780785452,0.2272827171377083
30,4,00000000000000000151,built_loss,9.16692735819071,0.28399202192342154,0.07484314277061471
30,4,000000000000000001be,built_loss,4.951172180765646,0.4947497527912374,0.11770972979595273
30,4,0000000000000000034d,built_loss,4.867183723719755,0.3910776733412489,0.08658241706110142
30,4,000000000000000003c7,crop_loss,13.052372119790274,0.6929658435534035,0.133414836018391
30,4,0000000000000000004a,built_loss,10.198292411819926,0.41977949871490583,0.06521182818160853
30,4,00000000000000000206,built_loss,19.885635766478398,0.6280227812293536,0.27926982194397143
30,4,000000000000000002a4,built_loss,10.984992029772473,0.3758606849284747,0.13154259427004328
30,4,000000000000000004f5,built_loss,7.387559058529218,0.46058338022914946,0.2069851864112593
30,4,000000000000000002cc,crop_loss,11.921767488743399,0.4858448438268632,0.29394197278545575
30,4,000000000000000006cc,crop_loss,12.60212228359118,0.386624931816993,0.1247682033365971
30,4,0000000000000000016c,crop_loss,20.81590125852029,0.47574550407942656,0.16288792974758182
30,5,00000000000000000085,built_loss,12.606260837497482,0.34541013605487825,0.16648711241958336
30,5,00000000000000000114,built_loss,17.052688267991783,0.64094020923029,0.2181807988641865
30,5,0000000000000000024c,built_loss,15.234198650443842,0.6919758135722143,0.12075267447268401
30,5,00000000000000000375,built_loss,18.7593487304815,0.6977466423306625,0.20054037033463445
30,5,000000000000000004d2,built_loss,15.540102748935404,0.5955117415300767,0.1217277810887678
30,5,000000000000000005bd,built_loss,4.165405992618722,0.5763076490010195,0.21140915905216456
30,5,00000000000000000281,crop_loss,24.199625105162507,0.5200841468943592,0.09283191914170025
30,5,000000000000000003a2,crop_loss,19.305024994022823,0.3904276272414539,0.21244099902106667
30,5,00000000000000000001,built_loss,14.278282547730297,0.4339632290414766,0.09818590436856744
30,5,00000000000000000049,built_loss,5.232456797677134,0.4634400103787129,0.07816954824456585
30,5,0000000000000000004f,built_loss,18.50971772070443,0.3904384298226935,0.10934083140383721
30,5,0000000000000000005a,built_loss,17.165184434628685,0.45346126516381696,0.1113094521074931
30,5,00000000000000000079,built_loss,23.83530310290195,0.5789141046877072,0.2020031585206694
30,5,00000000000000000087,built_loss,18.186753003756905,0.6760981834227844,0.22355527200817826
30,5,000000000000000000a1,built_loss,6.091937271058666,0.4063013769555802,0.1306901584288217
30,5,000000000000000000b8,built_loss,8.407087938684443,0.5490903105636089,0.26125913816324225
30,5,000000000000000000c0,built_loss,20.631563764551846,0.5941721484623474,0.12462768659491208
30,5,000000000000000000e2,built_loss,11.609992714029955,0.41058280965609384,0.15650671340065264
30,5,000000000000000000f0,built_loss,15.642066613897622,0.6609530195724624,0.25497334198265287
30,5,000000000000000000f8,built_loss,23.860933161102878,0.6249279762135804,0.16582399387908486
30,5,0000000000000000011c,built_loss,5.820855579961067,0.7223255706839676,0.11626986384899396
30,5,00000000000000000161,built_loss,21.083006524388967,0.6281914416124433,0.09577478170712361
30,5,0000000000000000016a,built_loss,6.7964894856066715,0.2182011822367195,0.14864978888203872
30,5,00000000000000000176,built_loss,15.178961397968402,0.6510458691507978,0.07752998656565746
30,5,000000000000000001a8,built_loss,21.96067958905796,0.5479987275034439,0.14811455787369304
30,5,000000000000000001cd,built_loss,23.600764471496824,0.7772856635320495,0.1235897103590875
30,5,000000000000000001e5,built_loss,14.516746282868771,0.6060012051577413,0.21523374021882952
30,5,00000000000000000209,built_loss,23.222024240756536,0.6367865078541549,0.12302906048618611
30,5,00000000000000000231,built_loss,21.318859237114225,0.49738548112360753,0.20404922447474422
30,5,0000000000000000026d,built_loss,18.904849329127778,0.6277337845581378,0.10448297894086811
30,5,00000000000000000278,built_loss,16.86767101908956,0.7248060397590363,0.13336121271111223
30,5,00000000000000000293,built_loss,13.817665433995815,0.4943633968483934,0.1488738169909879
30,5,00000000000000000316,built_loss,1.6064060631584605,0.13139458931240705,0.05444576778496188
30,5,00000000000000000356,built_loss,20.071533626073524,0.5348794413247807,0.26968055359386944
30,5,00000000000000000362,built_loss,22.219132363073115,0.5563610527150796,0.14140748710635664
30,5,00000000000000000363,built_loss,18.078040120476405,0.24409305759289887,0.1411978445545808
30,5,00000000000000000364,built_loss,19.87332962346925,0.6480513156190264,0.13338823481276807
30,5,00000000000000000380,built_loss,17.361437353269455,0.5168497683776979,0.15116511926715526
30,5,00000000000000000384,built_loss,12.226519188396486,0.5895059763705547,0.09873752238549693
30,5,0000000000000000039e,built_loss,6.379688293065554,0.5224353960805166,0.08943003180457959
30,5,000000000000000003a1,built_loss,11.811276628352653,0.5916322083184882,0.10605677580156048
30,5,000000000000000003a5,built_loss,12.839488208166216,0.4393798047875144,0.24903926745153565
30,5,000000000000000003b7,built_loss,13.352638938082588,0.49651179637263315,0.08117387288672218
30,5,000000000000000003bf,built_loss,19.888813888817424,0.5712698625573915,0.1250397365431345
30,5,000000000000000003d2,built_loss,21.753167493604334,0.6453004071026568,0.12006123262158652
30,5,000000000000000003f8,built_loss,5.720176048204338,0.20388365790652047,0.05735674868806334
30,5,000000000000000003fa,built_loss,22.732157156389167,0.3861277664544189,0.10360259429474356
30,5,00000000000000000407,built_loss,21.682490042440097,0.5075336027679251,0.149840987903263
30,5,0000000000000000040f,built_loss,15.580812180643301,0.5337379927229665,0.0457547509539431
30,5,00000000000000000426,built_loss,16.609051786222622,0.5687547638614511,0.11116893012883022
30,5,0000000000000000042b,built_loss,18.92620305362268,0.5974174289528972,0.14047362685445575
30,5,00000000000000000442,built_loss,3.7976666521867313,0.5914005357499293,0.40102148095453916
30,5,00000000000000000465,built_loss,21.459205625277058,0.6264264989328133,0.0914275127823716
30,5,0000000000000000047e,built_loss,8.32947886427325,0.5389202262531386,0.18097424010389057
30,5,00000000000000000490,built_loss,20.99284325243415,0.5939370565730665,0.15310848704015423
30,5,000000000000000004c0,built_loss,20.050450819922712,0.6271346134133042,0.0887717437320199
30,5,000000000000000004c5,built_loss,12.363168451461295,0.611206653883498,0.1674716861333181
30,5,000000000000000004d9,built_loss,19.22669118746134,0.5544214143502944,0.08822709120437111
30,5,000000000000000004eb,built_loss,17.919578182188744,0.4204598058761773,0.11420910664630435
30,5,000000000000000004f7,built_loss,7.48675771313101,0.46810016954160444,0.05537520058324896
30,5,000000000000000004fe,built_loss,12.641308357868818,0.4905726880722621,0.06175126928702884
30,5,0000000000000000051d,built_loss,16.504836985150845,0.5756008928821685,0.2860928340267423
30,5,00000000000000000559,built_loss,18.969738044946297,0.7376326777413291,0.0982932906966354
30,5,00000000000000000576,built_loss,6.310343215658848,0.2777180596643193,0.08510220033375704
30,5,00000000000000000577,built_loss,9.074984992361301,0.5170345053452672,0.23112975495542815
30,5,0000000000000000057f,built_loss,2.308364229793538,0.398331725741884,0.17837395401433997
30,5,00000000000000000594,built_loss,19.604426543322145,0.4784949743639305,0.34867981956296157
30,5,000000000000000005ad,built_loss,18.425426193236536,0.6832741501113124,0.10915484573974987
30,5,000000000000000005bf,built_loss,17.17521380593573,0.4149458667615817,0.12095142976707796
30,5,000000000000000005cc,built_loss,10.249537076664016,0.3796200551209248,0.08767337569529482
30,5,000000000000000005de,built_loss,17.89366890175729,0.40415102130670727,0.05929962018354873
30,5,000000000000000005e7,built_loss,20.465982679074614,0.7063200412235859,0.1130451886748044
30,5,000000000000000005f9,built_loss,12.34076684189164,0.6251381569680581,0.16767331842885713
30,5,0000000000000000061c,built_loss,13.201888009167158,0.4196476333420954,0.1507016280588312
30,5,00000000000000000624,built_loss,5.637034506025997,0.5040796399985792,0.17003269493020107
30,5,00000000000000000626,built_loss,18.373549367862037,0.4989990255683237,0.09485926373650183
30,5,0000000000000000062a,built_loss,18.890732484113514,0.6263578808765004,0.13233311953457105
30,5,00000000000000000636,built_loss,12.311657646363207,0.4241866478596035,0.23928061573120762
30,5,0000000000000000064a,built_loss,3.2164993164416633,0.31979404992103744,0.08431959845677095
30,5,0000000000000000064d,built_loss,11.55907748704487,0.4287330298012108,0.14522146709829747
30,5,00000000000000000694,built_loss,17.136819529621214,0.3571888835461387,0.06614052012820365
30,5,0000000000000000069d,built_loss,18.444329514540556,0.6949664555273195,0.14238719769423303
30,5,000000000000000006b7,built_loss,18.695043310275388,0.4887541237809511,0.06710730747150345
30,5,000000000000000006df,built_loss,12.913828796971687,0.24463596299955387,0.20519115221021136
30,5,000000000000000006e3,built_loss,18.64740173485854,0.4499647549056803,0.15088128785057087
30,5,00000000000000000011,crop_loss,21.11498774420792,0.853284600676752,0.3307139832247873
30,5,0000000000000000002b,crop_loss,22.851429457910964,0.19352703092998705,0.36149872936369243
30,5,0000000000000000002d,crop_loss,22.491645010207066,0.45018309885431035,0.09219389372251391
30,5,0000000000000000003a,crop_loss,22.281715843427474,0.32521032438438413,0.12271412116693264
30,5,0000000000000000009b,crop_loss,15.446302225510887,0.4814102577071928,0.03658856200909477
30,5,0000000000000000009d,crop_loss,7.128455060042984,0.3894742802686593,0.13797637070446445
30,5,000000000000000000a8,crop_loss,19.773544047751745,0.19376936035458586,0.06419428881899211
30,5,000000000000000000da,crop_loss,16.16178258134027,0.6706949638620626,0.13559559072580707
30,5,000000000000000000e3,crop_loss,20.332913669546897,0.46922587700857094,0.15535163086927828
30,5,000000000000000000e9,crop_loss,4.217950303791026,0.36755069515172545,0.19083586625927274
30,5,0000000000000000011b,crop_loss,18.15490454504708,0.4903694585357919,0.08750540034194143
30,5,00000000000000000128,crop_loss,18.90799776156329,0.5473453227789163,0.07031262691570617
30,5,00000000000000000192,crop_loss,20.61199032796695,0.5524251568152858,0.07653801226813206
30,5,00000000000000000196,crop_loss,16.220989776259852,0.24081840176777403,0.06543637009000405
30,5,000000000000000001a6,crop_loss,23.316503043190867,0.3459952437733263,0.15432486455607058
30,5,000000000000000001e4,crop_loss,19.213576553623,0.48465330432003395,0.09199829018965971
30,5,000000000000000001f9,crop_loss,19.527496172750112,0.6284289005232667,0.34505968078935345
30,5,00000000000000000228,crop_loss,15.850471235974936,0.4060997117202195,0.21950792342735231
30,5,0000000000000000028c,crop_loss,3.481870492017683,0.3016399247550695,0.059335041379600106
30,5,0000000000000000028d,crop_loss,15.441818239561826,0.7854449917689292,0.1718896744133418
30,5,00000000000000000291,crop_loss,11.679043260122969,0.8756833964739836,0.03411881715115661
30,5,000000000000000002c5,crop_loss,17.585318327483183,0.38026126948502104,0.15250304612480903
30,5,000000000000000002dc,crop_loss,22.51807681354624,0.6348377035059992,0.10881562406432699
30,5,000000000000000002e4,crop_loss,20.08475621852304,0.3557285020057222,0.22457737158585778
30,5,000000000000000002ec,crop_loss,17.96055231815602,0.5194388030299601,0.14091948647847197
30,5,00000000000000000314,crop_loss,22.81999930599319,0.10317474816241154,0.09737511629969645
30,5,00000000000000000335,crop_loss,21.480384060329843,0.4386025510839517,0.1761642947891231
30,5,0000000000000000033a,crop_loss,15.188567846575886,0.5385354129293004,0.10399646571356935
30,5,000000000000000003b0,crop_loss,20.868243279122996,0.23118637851296678,0.12038553345609754
30,5,000000000000000003c8,crop_loss,19.429232782935618,0.2081670773828809,0.09773544443358984
30,5,000000000000000003f1,crop_loss,23.180313859251658,0.49417514507681604,0.14974508735383646
30,5,000000000000000003f2,crop_loss,20.071559974358706,0.49316567054943117,0.09751283870849137
30,5,0000000000000000044b,crop_loss,9.297883353527565,0.55665639120605,0.09131563345800209
30,5,0000000000000000046c,crop_loss,22.05711911797542,0.4312272747171811,0.31859736216931783
30,5,00000000000000000480,crop_loss,6.437695779082278,0.88158690379709,0.15669715054183886
30,5,00000000000000000483,crop_loss,10.227272687237049,0.7221449441139736,0.10563921170717316
30,5,00000000000000000485,crop_loss,20.51936066865499,0.7119685812051015,0.07708003604633384
30,5,00000000000000000497,crop_loss,23.273403707096325,0.22499047657230595,0.16092736587912598
30,5,0000000000000000049b,crop_loss,20.07368674786237,0.35247042517914406,0.10341779808566542
30,5,000000000000000004a1,crop_loss,19.173803623077063,0.34239852659855663,0.1389624538409146
30,5,000000000000000004e7,crop_loss,16.662217171467113,0.5025720045607899,0.0529794325975656
30,5,000000000000000004e9,crop_loss,10.664840790959108,0.43674137586045114,0.2133873076485699
30,5,000000000000000004ee,crop_loss,11.664622294784568,0.3522813971341416,0.22887890077907608
30,5,000000000000000004f9,crop_loss,20.252745753839385,0.405633151350883,0.26059431263706134
30,5,00000000000000000517,crop_loss,19.510252808594934,0.25135942600585426,0.21640468251973763
30,5,00000000000000000538,crop_loss,1.057134765743189,0.3062974143854032,0.07006357521609174
30,5,0000000000000000057e,crop_loss,4.767610266717702,0.5443061054391907,0.07767748830144972
30,5,000000000000000005d1,crop_loss,10.809159521649129,0.26065452778118303,0.21252521686283635
30,5,00000000000000000611,crop_loss,20.53054574317428,0.6037921263361162,0.11623957344736724
30,5,0000000000000000062f,crop_loss,20.32990715467719,0.37737061743902955,0.23870506342079895
30,5,00000000000000000632,crop_loss,11.062821945244325,0.08033984492370361,0.03689286191492725
30,5,0000000000000000063e,crop_loss,22.225238135181556,0.3056888919926856,0.11536807971379151
30,5,00000000000000000655,crop_loss,17.924600465497363,0.5835732940296701,0.2663989221926904
30,5,00000000000000000697,crop_loss,23.20106552400653,0.6338673913700917,0.11829528695068414
30,5,00000000000000000698,crop_loss,12.041898444326353,0.42046807297265504,0.08642195789072676
30,5,000000000000000006a8,crop_loss,20.91003647575039,0.34859931101614916,0.17540512479471315
30,5,000000000000000006b4,crop_loss,20.158412264503262,0.5882972433295517,0.13478132113125119
30,5,000000000000000006be,crop_loss,9.823371803155363,0.4213916848941541,0.16583229737646554
30,5,000000000000000006c0,crop_loss,3.2439167891987664,0.22787304729613558,0.27757814955165383
30,5,000000000000000006ce,crop_loss,15.768053910936999,0.556124476003568,0.17918710512187258
30,5,000000000000000006d9,crop_loss,16.82264657211091,0.2386314592539869,0.1189848156125182
30,5,000000000000000006e5,crop_loss,24.273069845407704,0.5252631860722847,0.118238448300236
30,5,00000000000000000151,built_loss,8.232467453505219,0.24200754766161764,0.09446005291734128
30,5,000000000000000001be,built_loss,5.755160432651967,0.5286045442188515,0.19562151787531873
30,5,0000000000000000034d,built_loss,5.359491801418603,0.4011232825676128,0.08141003971550742
30,5,000000000000000003c7,crop_loss,18.577656368588805,0.7028042446112022,0.12168973738502875
30,5,0000000000000000004a,built_loss,6.992545501397175,0.43424180538730367,0.08709556073788527
30,5,00000000000000000206,built_loss,20.47826721269131,0.7660035183810721,0.16569226789444935
30,5,000000000000000002a4,built_loss,9.026178203151673,0.4293904484284744,0.12982761476453264
30,5,000000000000000004f5,built_loss,7.011325171636727,0.4543825018968612,0.1456582251382001
30,5,000000000000000002cc,crop_loss,16.822405077377898,0.4061286084974875,0.34377441102498285
30,5,000000000000000006cc,crop_loss,16.599784574961895,0.35858871767731076,0.15965468701146585
30,5,0000000000000000016c,crop_loss,22.302117919263644,0.45905612070374885,0.1877774614205221
30,6,00000000000000000085,built_loss,12.417042437078027,0.39994000212330677,0.2055747449965284
30,6,00000000000000000114,built_loss,17.442968064816803,0.6639509179180768,0.17173908078351485
30,6,0000000000000000024c,built_loss,15.232360237843531,0.7398048600071297,0.108811096172445
30,6,00000000000000000375,built_loss,19.87892631790051,0.7591076276335671,0.11618312367564199
30,6,000000000000000004d2,built_loss,15.628171616249315,0.587521342018823,0.11271184041740934
30,6,000000000000000005bd,built_loss,3.9031112003977513,0.588471620719718,0.1411287265876211
30,6,00000000000000000281,crop_loss,19.487037614099467,0.4720465107032816,0.11201306120352306
30,6,000000000000000003a2,crop_loss,15.464869787371239,0.323619527698081,0.19149690985811935
30,6,00000000000000000001,built_loss,17.186185237370466,0.42203275372614846,0.14605093807308972
30,6,00000000000000000049,built_loss,4.3733386692919565,0.4904811925770596,0.07415875511659498
30,6,0000000000000000004f,built_loss,21.523980199423555,0.4267307374000552,0.20470957072092466
30,6,0000000000000000005a,built_loss,15.653790836014522,0.44246303661407366,0.10717493938189199
30,6,00000000000000000079,built_loss,23.680322777120775,0.6662578524998362,0.1368062682413751
30,6,00000000000000000087,built_loss,23.481001173414523,0.5692244990021805,0.2180783942482174
30,6,000000000000000000a1,built_loss,7.200549433224823,0.46878210724349867,0.11826583147820624
30,6,000000000000000000b8,built_loss,7.597811781726989,0.5236322506036013,0.3700300755903145
30,6,000000000000000000c0,built_loss,21.29538184465369,0.6554553696095393,0.10273655146162697
30,6,000000000000000000e2,built_loss,10.83438791503034,0.36195400832535196,0.14184336079073168
30,6,000000000000000000f0,built_loss,16.820438936083896,0.675281860261883,0.13025098483157782
30,6,000000000000000000f8,built_loss,22.943058001610382,0.5250326455779413,0.13090187205232323
30,6,0000000000000000011c,built_loss,5.515146025232501,0.7456468040246009,0.0686044163869296
30,6,00000000000000000161,built_loss,17.35155821030995,0.5940909127785666,0.1763500902421299
30,6,0000000000000000016a,built_loss,8.90874395749996,0.27119732872394964,0.12817103226607782
30,6,00000000000000000176,built_loss,16.59262988904732,0.6391151381571445,0.10424337608440437
30,6,000000000000000001a8,built_loss,20.77028077776469,0.5142315503419085,0.1534066024470982
30,6,000000000000000001cd,built_loss,20.898453724466933,0.7371389399642665,0.18057214073808925
30,6,000000000000000001e5,built_loss,12.198460308073885,0.6250665163238723,0.1360424129712603
30,6,00000000000000000209,built_loss,21.857605777980176,0.5658745131911723,0.20151818521452203
30,6,00000000000000000231,built_loss,23.434389978786673,0.5361477719097283,0.11226336289853828
30,6,0000000000000000026d,built_loss,15.255766927497232,0.6219242917392331,0.14580967146108503
30,6,00000000000000000278,built_loss,20.466743118060666,0.7766546513860353,0.11929882278458681
30,6,00000000000000000293,built_loss,18.33983495317582,0.43684923540967713,0.10321560289130322
30,6,00000000000000000316,built_loss,1.9251023168420538,0.13127827105754802,0.03735350558443519
30,6,00000000000000000356,built_loss,18.77044334714547,0.5193867590314359,0.24382097502688949
30,6,00000000000000000362,built_loss,20.744208179474512,0.5383540297660209,0.0928838259170156
30,6,00000000000000000363,built_loss,18.118045005884102,0.2156976484807484,0.07963672869625746
30,6,00000000000000000364,built_loss,25.49606795078404,0.5993483300653047,0.12155595494650284
30,6,00000000000000000380,built_loss,16.12590151289761,0.5525046419535583,0.18195241748074015
30,6,00000000000000000384,built_loss,15.623039676547274,0.5777240261610748,0.0840144484258355
30,6,0000000000000000039e,built_loss,6.954147709792234,0.48962424059795506,0.08881137394313454
30,6,000000000000000003a1,built_loss,12.774342715504718,0.581459745982772,0.07517213650501864
30,6,000000000000000003a5,built_loss,13.851265091258709,0.43661405570161615,0.2645149852114262
30,6,000000000000000003b7,built_loss,9.916576181453859,0.49142467255851735,0.07428273867501684
30,6,000000000000000003bf,built_loss,21.41446575159249,0.5629321199383729,0.1101572461969515
30,6,000000000000000003d2,built_loss,22.589020181516926,0.6970098433725181,0.1697202960884916
30,6,000000000000000003f8,built_loss,5.910734646178128,0.22324477030434522,0.0808695514254488
30,6,000000000000000003fa,built_loss,19.06151339928066,0.42643706425880945,0.1056663424734205
30,6,00000000000000000407,built_loss,23.08038492541712,0.5868708757977006,0.16615359169404265
30,6,0000000000000000040f,built_loss,17.604469752348336,0.531693746171626,0.04551375056974505
30,6,00000000000000000426,built_loss,19.49393009286054,0.528995094963453,0.09992852234928129
30,6,0000000000000000042b,built_loss,21.86094038771522,0.6156669406272601,0.1722012383539676
30,6,00000000000000000442,built_loss,4.290608466853456,0.34738407402061644,0.4052439928801418
30,6,00000000000000000465,built_loss,22.232461317510523,0.6049142657939188,0.12719085093798266
30,6,0000000000000000047e,built_loss,18.52192116637095,0.4867420701909453,0.12367337979465748
30,6,00000000000000000490,built_loss,21.553869165134245,0.6130684122968306,0.12698670984161786
30,6,000000000000000004c0,built_loss,21.686887153554814,0.6267864808420986,0.08928084928459135
30,6,000000000000000004c5,built_loss,11.851034882221208,0.5462299665988076,0.18068529841179193
30,6,000000000000000004d9,built_loss,20.396132428132486,0.5581033742939777,0.09769074954020895
30,6,000000000000000004eb,built_loss,19.131182269765247,0.4562121571633754,0.07015179737626387
30,6,000000000000000004f7,built_loss,6.791453419089269,0.4760076028695063,0.07720529028901835
30,6,000000000000000004fe,built_loss,12.424290005015385,0.48853179999406215,0.09907179910806552
30,6,0000000000000000051d,built_loss,16.24135134648836,0.4444055659167874,0.26721384808873744
30,6,00000000000000000559,built_loss,18.896725375824794,0.6743028195798696,0.17203362248021714
30,6,00000000000000000576,built_loss,6.916300390352538,0.2888879740809629,0.11449777011334264
30,6,00000000000000000577,built_loss,8.748765701243299,0.5090237284506804,0.2780119518341315
30,6,0000000000000000057f,built_loss,2.1893745772813733,0.36675926817481463,0.15572534974017171
30,6,00000000000000000594,built_loss,15.659650925394727,0.6527075165999907,0.2209554338769084
30,6,000000000000000005ad,built_loss,16.558657859738943,0.661085596330768,0.073066447754774
30,6,000000000000000005bf,built_loss,20.108300911842218,0.4071995639304445,0.09021009858072332
30,6,000000000000000005cc,built_loss,9.912847198706428,0.3396885208703206,0.07745109985541843
30,6,000000000000000005de,built_loss,17.83523207168358,0.43173401841038334,0.07198265006983373
30,6,000000000000000005e7,built_loss,19.90111976919097,0.6167033889165183,0.17168968593000145
30,6,000000000000000005f9,built_loss,13.901081234910734,0.6828516075588709,0.16610544798145366
30,6,0000000000000000061c,built_loss,14.023431619377185,0.4353374008192165,0.16884277875692705
30,6,00000000000000000624,built_loss,4.49585694425364,0.5240636446211258,0.1793805143069837
30,6,00000000000000000626,built_loss,17.570884597689208,0.5036274351200976,0.10752177422055509
30,6,0000000000000000062a,built_loss,17.64169316353389,0.5528540797814426,0.11432119012469127
30,6,00000000000000000636,built_loss,17.08356498069948,0.39961827982945214,0.31455743079120346
30,6,0000000000000000064a,built_loss,3.0636508856039217,0.29960531587994166,0.08414666283386302
30,6,0000000000000000064d,built_loss,10.882110013935732,0.4352963260666477,0.1443528577134252
30,6,00000000000000000694,built_loss,17.663481840441136,0.3743252892877392,0.05561559019296486
30,6,0000000000000000069d,built_loss,23.475633900543833,0.6658434135028265,0.15782920883176865
30,6,000000000000000006b7,built_loss,15.649638166912764,0.45295989680576837,0.10010945120000575
30,6,000000000000000006df,built_loss,15.03711005261777,0.2201411672726076,0.13667459129522608
30,6,000000000000000006e3,built_loss,20.29084718932251,0.445092990421211,0.11881204009762303
30,6,00000000000000000011,crop_loss,22.66787458628828,0.8378123295481131,0.4118422391816114
30,6,0000000000000000002b,crop_loss,18.515683898504175,0.2174287983402444,0.186231832790753
30,6,0000000000000000002d,crop_loss,20.07702938166291,0.4848033833764296,0.12011100657275942
30,6,0000000000000000003a,crop_loss,22.30902413548929,0.31177772939495263,0.12837861343307283
30,6,0000000000000000009b,crop_loss,10.160092050217436,0.5040197267010973,0.042310330780866545
30,6,0000000000000000009d,crop_loss,6.757847720714068,0.3751594298688655,0.14659879385236363
30,6,000000000000000000a8,crop_loss,18.116972781203263,0.2095472881435184,0.056208293891641586
30,6,000000000000000000da,crop_loss,18.5503219358272,0.7411778268424754,0.11907247638204743
30,6,000000000000000000e3,crop_loss,24.541957903975376,0.5157281105465681,0.14268716371128926
30,6,000000000000000000e9,crop_loss,3.8872611490349027,0.4728654707708371,0.17952513835597161
30,6,0000000000000000011b,crop_loss,17.458032649437705,0.5231468792379015,0.08907766045008592
30,6,00000000000000000128,crop_loss,16.61641755726404,0.5598267416673007,0.06300078089266481
30,6,00000000000000000192,crop_loss,20.98939969886738,0.541377845035555,0.06282213221497979
30,6,00000000000000000196,crop_loss,16.071309093553243,0.2768826546343762,0.09710115476008166
30,6,000000000000000001a6,crop_loss,21.349963115892898,0.26723969032430134,0.15278417030884767
30,6,000000000000000001e4,crop_loss,20.237475966251797,0.4730447836871852,0.08228393000474932
30,6,000000000000000001f9,crop_loss,19.386769675316238,0.5245624931779136,0.41378924855341676
30,6,00000000000000000228,crop_loss,17.581031568150998,0.5331914849479577,0.2439252245947029
30,6,0000000000000000028c,crop_loss,3.215325400337667,0.3236893133467849,0.11339253776539293
30,6,0000000000000000028d,crop_loss,16.87308487859569,0.6773553821538805,0.21029515042374258
30,6,00000000000000000291,crop_loss,13.135048672490582,0.8681531692109973,0.060587216079665995
30,6,000000000000000002c5,crop_loss,15.292669665845793,0.34225035672257215,0.13343504282703522
30,6,000000000000000002dc,crop_loss,19.71908511049007,0.6701205653992095,0.140886689316019
30,6,000000000000000002e4,crop_loss,21.093964056443262,0.30685303912784984,0.1968920918160746
30,6,000000000000000002ec,crop_loss,20.999188200708,0.474892139163296,0.19059985335929425
30,6,00000000000000000314,crop_loss,18.314520351201026,0.11520043861940346,0.17948357011778607
30,6,00000000000000000335,crop_loss,19.91405068337422,0.4563709320591872,0.15152318535086767
30,6,0000000000000000033a,crop_loss,19.52308496392541,0.5154035707894317,0.17018779501992098
30,6,000000000000000003b0,crop_loss,21.699080498645788,0.20370294336412859,0.14514332940392394
30,6,000000000000000003c8,crop_loss,19.99521917992529,0.1641104761000133,0.11318398290966794
30,6,000000000000000003f1,crop_loss,21.706707920104687,0.4893759470139216,0.1293119832694425
30,6,000000000000000003f2,crop_loss,19.575636814645055,0.4832877995871323,0.14736691065106933
30,6,0000000000000000044b,crop_loss,12.32654965511175,0.5552105429314809,0.08256878404321188
30,6,0000000000000000046c,crop_loss,24.223790756921776,0.5094591163156631,0.270991385026693
30,6,00000000000000000480,crop_loss,8.944929627061072,0.8604996545265694,0.08513203609490749
30,6,00000000000000000483,crop_loss,10.420349687093333,0.7326723400451538,0.1811361932732135
30,6,00000000000000000485,crop_loss,21.47819896906395,0.7289737141740916,0.07459080372706484
30,6,00000000000000000497,crop_loss,20.23061973140691,0.19189111988290067,0.09149867121119382
30,6,0000000000000000049b,crop_loss,20.84014278343445,0.3764590987624705,0.07741588321888304
30,6,000000000000000004a1,crop_loss,17.46133707380681,0.3213508536057689,0.08925872913600874
30,6,000000000000000004e7,crop_loss,19.417876839710935,0.474952370749846,0.08333790343546815
30,6,000000000000000004e9,crop_loss,13.104920062271532,0.3584439798442691,0.21405364963841841
30,6,000000000000000004ee,crop_loss,13.761091288197926,0.37971699810745996,0.2538396708845876
30,6,000000000000000004f9,crop_loss,23.8708040702879,0.3820128067039842,0.2684453318391513
30,6,00000000000000000517,crop_loss,19.308452532297483,0.29949539959401694,0.2139473993507596
30,6,00000000000000000538,crop_loss,1.0634281517829574,0.33961546849084284,0.0717484419233913
30,6,0000000000000000057e,crop_loss,4.786645228634569,0.5315939828447298,0.082808738523585
30,6,000000000000000005d1,crop_loss,14.538053222891556,0.12779473413913955,0.14849072040438183
30,6,00000000000000000611,crop_loss,22.8445235867016,0.6310412701704691,0.1367963196647155
30,6,0000000000000000062f,crop_loss,23.836551132006583,0.4249931067504444,0.23946091958940174
30,6,00000000000000000632,crop_loss,11.00909526711204,0.08766481334034985,0.05194934817148959
30,6,0000000000000000063e,crop_loss,19.94803485576287,0.3313086207317738,0.1367029493617341
30,6,00000000000000000655,crop_loss,17.063335673608933,0.594478094211184,0.3809135217461452
30,6,00000000000000000697,crop_loss,21.003613472962208,0.6180937650518775,0.16978566849356147
30,6,00000000000000000698,crop_loss,11.967427935450658,0.44546312916487557,0.14562849897832542
30,6,000000000000000006a8,crop_loss,17.741473362676217,0.33686180647289243,0.12443838043954403
30,6,000000000000000006b4,crop_loss,23.26184015438785,0.5992362623805468,0.24396392265188666
30,6,000000000000000006be,crop_loss,8.092113258091729,0.42107061674321655,0.14613329647586243
30,6,000000000000000006c0,crop_loss,2.3615281443363836,0.18293677841529182,0.09758060991940473
30,6,000000000000000006ce,crop_loss,12.849118966313242,0.45026250577340077,0.2529020889608269
30,6,000000000000000006d9,crop_loss,18.893757067891666,0.16552487000423205,0.07841773783943515
30,6,000000000000000006e5,crop_loss,19.323984507434673,0.48169214779935277,0.12532125456790277
30,6,00000000000000000151,built_loss,9.02993475710354,0.2681478895744386,0.10338631152238875
30,6,000000000000000001be,built_loss,4.957074385932803,0.5257290481651554,0.09242867714698355
30,6,0000000000000000034d,built_loss,5.912994549779106,0.40977279199942845,0.07270868149515869
30,6,000000000000000003c7,crop_loss,17.178904075403775,0.7439447855531164,0.09533360644675337
30,6,0000000000000000004a,built_loss,9.88294135809218,0.42280379450826006,0.08585585749117775
30,6,00000000000000000206,built_loss,21.1962561591559,0.702778179487408,0.16952217468337893
30,6,000000000000000002a4,built_loss,7.562607470021635,0.4591198640914771,0.1437431299281544
30,6,000000000000000004f5,built_loss,6.639386002687769,0.4637760557147251,0.13318448742113692
30,6,000000000000000002cc,crop_loss,11.394777195121343,0.45067423164498505,0.20499582197793315
30,6,000000000000000006cc,crop_loss,17.920784640372993,0.3153931088652421,0.10076654766452953
30,6,0000000000000000016c,crop_loss,21.13394057282582,0.45886761527606085,0.16078267745460756
30,7,00000000000000000085,built_loss,10.478807888950346,0.3184949991757809,0.11495514577044419
30,7,00000000000000000114,built_loss,13.689216267224754,0.7126941930466658,0.10878841299268194
30,7,0000000000000000024c,built_loss,15.28224168728809,0.77959818595791,0.0782481320625148
30,7,00000000000000000375,built_loss,20.465598796473017,0.6511254909556532,0.16192032755953734
30,7,000000000000000004d2,built_loss,15.104118653323424,0.5834842354874159,0.12865476172203083
30,7,000000000000000005bd,built_loss,5.413947076841103,0.5513296165632646,0.22094304621941796
30,7,00000000000000000281,crop_loss,21.085244346427533,0.540985746671028,0.19508491756844965
30,7,000000000000000003a2,crop_loss,18.71354995567807,0.3988656094110877,0.13166736938044243
30,7,00000000000000000001,built_loss,18.05534487596245,0.48499914767267693,0.15173838482111335
30,7,00000000000000000049,built_loss,3.9598782138096387,0.4802305441165954,0.08099894267794033
30,7,0000000000000000004f,built_loss,22.66250262516085,0.4606851814210782,0.22502951876910604
30,7,0000000000000000005a,built_loss,19.701164292225165,0.45932160904848823,0.06480211503317906
30,7,00000000000000000079,built_loss,24.590971979588453,0.6551820618403924,0.16525584591392872
30,7,00000000000000000087,built_loss,22.590143607367125,0.5900267651571052,0.1954072651526031
30,7,000000000000000000a1,built_loss,7.990053633567205,0.4157571466193197,0.11049118873263802
30,7,000000000000000000b8,built_loss,8.866903429316066,0.48215024994079375,0.25990944075793426
30,7,000000000000000000c0,built_loss,17.809916284536477,0.5449237380966048,0.16605044036222583
30,7,000000000000000000e2,built_loss,9.367642180935098,0.4377314319903363,0.17347149975701492
30,7,000000000000000000f0,built_loss,19.68990058213758,0.6576558039510624,0.1973655602856058
30,7,000000000000000000f8,built_loss,21.82972695609661,0.5940303625217115,0.16563276587078923
30,7,0000000000000000011c,built_loss,6.216549619331543,0.7117749733039539,0.0750504323608373
30,7,00000000000000000161,built_loss,19.91597944085641,0.5864456050813391,0.16068904185963528
30,7,0000000000000000016a,built_loss,7.909358016433796,0.18793276244828133,0.14631766922073453
30,7,00000000000000000176,built_loss,15.66620196535243,0.6368192211948522,0.07582326705464526
30,7,000000000000000001a8,built_loss,22.355629188485043,0.49453590259738694,0.13063938695051114
30,7,000000000000000001cd,built_loss,24.24930268797057,0.7112330956115384,0.18860129533752867
30,7,000000000000000001e5,built_loss,13.193831317570016,0.5109524161940271,0.10469814656646437
30,7,00000000000000000209,built_loss,19.51874267248867,0.6229986008305795,0.1910302287736092
30,7,00000000000000000231,built_loss,19.129716558107493,0.5215702490325186,0.152995579997578
30,7,0000000000000000026d,built_loss,14.712534492587704,0.5581153011898315,0.1614992407575726
30,7,00000000000000000278,built_loss,20.52716460745885,0.7995595428831511,0.10211157191412301
30,7,00000000000000000293,built_loss,19.706909609716323,0.45742059933371026,0.08699481141557874
30,7,00000000000000000316,built_loss,1.8974110283068901,0.12388064425166623,0.052286776817426606
30,7,00000000000000000356,built_loss,16.021458001279395,0.5266216146665974,0.29762519636582424
30,7,00000000000000000362,built_loss,22.837070166354014,0.5289979202851481,0.15321704328399022
30,7,00000000000000000363,built_loss,15.415975541480382,0.22337276143245863,0.06448501433297121
30,7,00000000000000000364,built_loss,22.69602691782113,0.66064886420611,0.18358488929757488
30,7,00000000000000000380,built_loss,18.94209649938502,0.45985237734975637,0.1652421925395947
30,7,00000000000000000384,built_loss,11.36154082795485,0.5463608992548068,0.09700394016178238
30,7,0000000000000000039e,built_loss,7.2590892930228454,0.5039092247807754,0.07869180298862577
30,7,000000000000000003a1,built_loss,13.528221021104075,0.6798126649163841,0.12356913507108835
30,7,000000000000000003a5,built_loss,18.22657603033475,0.35687864567698835,0.13672809598816826
30,7,000000000000000003b7,built_loss,12.311564070573425,0.5011580747885973,0.09954707464566348
30,7,000000000000000003bf,built_loss,21.232461189611044,0.5003832789661572,0.10678234343012116
30,7,000000000000000003d2,built_loss,23.5142566672573,0.610021457894253,0.1715428091897293
30,7,000000000000000003f8,built_loss,5.578720392511546,0.23476029528751857,0.08976257010556415
30,7,000000000000000003fa,built_loss,17.75249381746697,0.4452063068702182,0.0972408658966904
30,7,00000000000000000407,built_loss,21.034651172897977,0.5317140099524028,0.16149870235471142
30,7,0000000000000000040f,built_loss,16.65817094457582,0.5352750916897908,0.05442308320691447
30,7,00000000000000000426,built_loss,17.515608100018454,0.5640386376258114,0.164519522685871
30,7,0000000000000000042b,built_loss,20.640874262362413,0.563702457013476,0.11853812226292165
30,7,00000000000000000442,built_loss,3.93200562451084,0.3769800552964201,0.4460430599612093
30,7,00000000000000000465,built_loss,22.230112068096318,0.6344704076500618,0.09430013937333714
30,7,0000000000000000047e,built_loss,15.335091326416638,0.5483990519533604,0.13547065030986127
30,7,00000000000000000490,built_loss,18.151158617627793,0.6511107197377002,0.14601750114971035
30,7,000000000000000004c0,built_loss,21.12143238924904,0.6713366985845076,0.1041004378933772
30,7,000000000000000004c5,built_loss,10.378998872110104,0.5808982108120143,0.19421871001348667
30,7,000000000000000004d9,built_loss,18.520667845421187,0.49361559105323655,0.09927125578024515
30,7,000000000000000004eb,built_loss,21.615715159538798,0.4335027467140634,0.0742640769206957
30,7,000000000000000004f7,built_loss,7.440983416246371,0.46333702563962736,0.0719052721444583
30,7,000000000000000004fe,built_loss,12.23327358812299,0.522935555323346,0.10242378174450983
30,7,0000000000000000051d,built_loss,14.367842690710251,0.5925350963574989,0.32192923882137564
30,7,00000000000000000559,built_loss,18.694723495483974,0.6828476314653493,0.13351678410980472
30,7,00000000000000000576,built_loss,8.344850749120857,0.2517324555002562,0.10322640927174051
30,7,00000000000000000577,built_loss,7.523896675967674,0.521757963194069,0.19378787584061014
30,7,0000000000000000057f,built_loss,2.53595951524149,0.4235348855622816,0.1111779710001366
30,7,00000000000000000594,built_loss,16.288952034704444,0.5161648378330399,0.35151670388260936
30,7,000000000000000005ad,built_loss,20.69913312703571,0.636338359432639,0.18632633311606983
30,7,000000000000000005bf,built_loss,20.228208207304522,0.3885887570279175,0.08486629515104166
30,7,000000000000000005cc,built_loss,7.266690626575257,0.3650134195949883,0.08105533734048925
30,7,000000000000000005de,built_loss,18.09164289333678,0.46311781747284303,0.038217576771994055
30,7,000000000000000005e7,built_loss,20.332041808914827,0.5977249306000377,0.22529110453279227
30,7,000000000000000005f9,built_loss,13.503766785263227,0.6299649659407384,0.14287262800617817
30,7,0000000000000000061c,built_loss,15.178082919833097,0.4128533881925766,0.08685503104614889
30,7,00000000000000000624,built_loss,4.063873424147095,0.49775164961927204,0.1659885739203349
30,7,00000000000000000626,built_loss,20.32408842116994,0.4789266185985856,0.082396620677126
30,7,0000000000000000062a,built_loss,17.63794515508626,0.5809792972524638,0.11839415192333547
30,7,00000000000000000636,built_loss,19.81244824820998,0.5190523101018677,0.2594322999913446
30,7,0000000000000000064a,built_loss,3.115912560918448,0.2851160137004111,0.11520163577275083
30,7,0000000000000000064d,built_loss,11.656426274618552,0.4001486045346701,0.14875676036921492
30,7,00000000000000000694,built_loss,13.869206906254407,0.3870307645502744,0.07643076407211086
30,7,0000000000000000069d,built_loss,18.719201163957123,0.635124364931918,0.13314102491385016
30,7,000000000000000006b7,built_loss,14.657091987416603,0.49592728815565185,0.10127331654067051
30,7,000000000000000006df,built_loss,9.904027078610186,0.18438131275060934,0.09957661218585986
30,7,000000000000000006e3,built_loss,18.038206656469516,0.42005097130189323,0.15504274438828453
30,7,00000000000000000011,crop_loss,20.57588071099706,0.6151099883311792,0.49303980800305613
30,7,0000000000000000002b,crop_loss,23.510110695955102,0.1485706153343353,0.2771038912666143
30,7,0000000000000000002d,crop_loss,20.263638304922146,0.5155993170625569,0.10820499245280685
30,7,0000000000000000003a,crop_loss,18.154459913588763,0.2706866625698105,0.15790082010011422
30,7,0000000000000000009b,crop_loss,10.49054415695787,0.48673290740647646,0.03473148674897414
30,7,0000000000000000009d,crop_loss,8.3504784656184,0.386689014255907,0.14550481407348648
30,7,000000000000000000a8,crop_loss,16.535245594322348,0.22178507947085704,0.04611073756443265
30,7,000000000000000000da,crop_loss,17.089889421512755,0.7556884596469973,0.07690409883490756
30,7,000000000000000000e3,crop_loss,23.340936607577202,0.5029006261934992,0.1259366697614151
30,7,000000000000000000e9,crop_loss,5.508531789170637,0.37326951376400924,0.23254583949443142
30,7,0000000000000000011b,crop_loss,19.018567807194835,0.4769170477361433,0.06269584663724781
30,7,00000000000000000128,crop_loss,20.28068814642982,0.5463588078851292,0.06605505146242607
30,7,00000000000000000192,crop_loss,21.08996962074627,0.5470746204093,0.07358663908995255
30,7,00000000000000000196,crop_loss,14.424914618057942,0.26929587043830067,0.09584696602504891
30,7,000000000000000001a6,crop_loss,21.207033361177057,0.21934901558796227,0.12480277907974416
30,7,000000000000000001e4,crop_loss,21.13401700326028,0.4977845432936506,0.09391608022125164
30,7,000000000000000001f9,crop_loss,20.829774476571096,0.6969538569136904,0.42423425800440284
30,7,00000000000000000228,crop_loss,13.112997900297762,0.5228639656550512,0.25812460197175546
30,7,0000000000000000028c,crop_loss,2.944769395384734,0.2583913920643629,0.1129235930379476
30,7,0000000000000000028d,crop_loss,16.407518375430257,0.6124379850915453,0.09975539886292717
30,7,00000000000000000291,crop_loss,12.014101116863873,0.8883033334417851,0.05250903964106546
30,7,000000000000000002c5,crop_loss,19.161166314871533,0.35213977224513116,0.23419405757076717
30,7,000000000000000002dc,crop_loss,22.225160069377235,0.646703035230409,0.08409679473004161
30,7,000000000000000002e4,crop_loss,20.165991063642192,0.31600242038913223,0.1757031536305993
30,7,000000000000000002ec,crop_loss,21.834943906873892,0.4978565264525887,0.1253948379785561
30,7,00000000000000000314,crop_loss,17.742349223718705,0.0998584162609974,0.1016206845737154
30,7,00000000000000000335,crop_loss,21.565905246884885,0.40952771151834905,0.14282130182274627
30,7,0000000000000000033a,crop_loss,16.152103893653813,0.5620163420830719,0.13794676360617358
30,7,000000000000000003b0,crop_loss,23.809953964465656,0.2117031083999489,0.138103270564445
30,7,000000000000000003c8,crop_loss,20.48050071539853,0.2209534068609197,0.1441169479279474
30,7,000000000000000003f1,crop_loss,23.694228870360018,0.4993643335580748,0.12160396529034317
30,7,000000000000000003f2,crop_loss,20.6773731635492,0.4192580891826356,0.11842825943305935
30,7,0000000000000000044b,crop_loss,12.200744516158558,0.5331638077657262,0.08639820175273516
30,7,0000000000000000046c,crop_loss,24.819946017780154,0.5507579209414737,0.1757177983518171
30,7,00000000000000000480,crop_loss,9.38180716481266,0.8647287650051565,0.20827530674448935
30,7,00000000000000000483,crop_loss,7.262776211583988,0.750305053840489,0.1497116341407948
30,7,00000000000000000485,crop_loss,19.102960798560304,0.6846733675031982,0.08945460932836835
30,7,00000000000000000497,crop_loss,17.611039859183492,0.190916090020228,0.1717491663136766
30,7,0000000000000000049b,crop_loss,21.75171522597644,0.3881877229578817,0.08660533558783473
30,7,000000000000000004a1,crop_loss,18.558947677031256,0.36417582088236566,0.09617024219879511
30,7,000000000000000004e7,crop_loss,14.071345908515726,0.45342048673737195,0.0821359923649605
30,7,000000000000000004e9,crop_loss,12.907228880358,0.3999329810087647,0.24073473436533754
30,7,000000000000000004ee,crop_loss,12.462568572182105,0.2928197490528183,0.23783191291006023
30,7,000000000000000004f9,crop_loss,20.341381009046,0.30505010452675657,0.3386739028152422
30,7,00000000000000000517,crop_loss,16.87270363534045,0.23232117447003378,0.1076474247132039
30,7,00000000000000000538,crop_loss,1.0776449712318563,0.2876105883260384,0.07452010355073924
30,7,0000000000000000057e,crop_loss,5.665442612442822,0.5348414518976389,0.05699823042202762
30,7,000000000000000005d1,crop_loss,11.51055276832269,0.17602694649621692,0.2809445192973926
30,7,00000000000000000611,crop_loss,23.609076170515856,0.6719664987830642,0.1572536508504795
30,7,0000000000000000062f,crop_loss,20.313039459950566,0.49326813528649843,0.2843106939355426
30,7,00000000000000000632,crop_loss,9.473826397286924,0.08469759694627865,0.03570004937700108
30,7,0000000000000000063e,crop_loss,21.230403621288225,0.34061270346543016,0.17223201332944918
30,7,00000000000000000655,crop_loss,16.327002934880923,0.5851194301129563,0.29308877349755763
30,7,00000000000000000697,crop_loss,21.437462066389216,0.5814685671434188,0.14340675704242184
30,7,00000000000000000698,crop_loss,14.370875107575703,0.39794314711932155,0.18668791633463327
30,7,000000000000000006a8,crop_loss,22.984961993224125,0.29748977942702,0.17704405341221763
30,7,000000000000000006b4,crop_loss,22.83978795409189,0.5117287155117282,0.289602197448887
30,7,000000000000000006be,crop_loss,11.28205991932038,0.401020349850561,0.14965166559713505
30,7,000000000000000006c0,crop_loss,2.787209763762884,0.17416851640641753,0.0726052558447361
30,7,000000000000000006ce,crop_loss,17.180858965669614,0.5852319032459811,0.2689879423121456
30,7,000000000000000006d9,crop_loss,19.44515919635615,0.21971703691513889,0.118987506853801
30,7,000000000000000006e5,crop_loss,20.282292899787137,0.5087012174986356,0.2278728048085084
30,7,00000000000000000151,built_loss,7.1007870588291615,0.25675766260369265,0.06533323662984436
30,7,000000000000000001be,built_loss,4.837161209280904,0.5711448923653598,0.132777549088557
30,7,0000000000000000034d,built_loss,5.2017749996775295,0.419058953465187,0.08486572664296299
30,7,000000000000000003c7,crop_loss,17.631003754668484,0.7312408040549717,0.14809679189119207
30,7,0000000000000000004a,built_loss,8.845120426010327,0.4448018795989679,0.06894515245827615
30,7,00000000000000000206,built_loss,18.491969085160758,0.755449999588626,0.1225476238072275
30,7,000000000000000002a4,built_loss,9.041040395451175,0.4335823738086281,0.0857758165944521
30,7,000000000000000004f5,built_loss,6.84710660363267,0.4456709332119979,0.1341547323991792
30,7,000000000000000002cc,crop_loss,10.98109070416114,0.38955784107163355,0.3242520867586637
30,7,000000000000000006cc,crop_loss,15.952225925405715,0.33885587405904044,0.11979818509645052
30,7,0000000000000000016c,crop_loss,21.843098277196074,0.4633954372381856,0.17213082175273697
50,0,00000000000000000085,built_loss,15.366126410762927,0.3729701711656224,0.10528073278212097
50,0,00000000000000000114,built_loss,20.964539000382576,0.7175773327546985,0.06318863457060797
50,0,0000000000000000024c,built_loss,19.13988954517283,0.713256072497384,0.09818068347599118
50,0,00000000000000000375,built_loss,26.201579023875798,0.6487690579611937,0.14717227463512628
50,0,000000000000000004d2,built_loss,18.971348424250486,0.6348939011872745,0.11210528046507962
50,0,000000000000000005bd,built_loss,4.960321231075052,0.5478153237284814,0.12085922811864702
50,0,00000000000000000281,crop_loss,27.602841558156783,0.5207536298622225,0.08164223058618297
50,0,000000000000000003a2,crop_loss,23.21911242981703,0.3729547279012765,0.18689339235402125
50,0,00000000000000000001,built_loss,22.301006710661767,0.41200808101669223,0.10248262348588977
50,0,00000000000000000049,built_loss,3.607326033327538,0.48303434649011084,0.07122007249932882
50,0,0000000000000000004f,built_loss,26.478231848856883,0.43606928429290914,0.1484542163094047
50,0,0000000000000000005a,built_loss,21.665803114086756,0.4391135977053445,0.059879421912705344
50,0,00000000000000000079,built_loss,35.38547489835486,0.6843836940343158,0.10280790685402241
50,0,00000000000000000087,built_loss,29.560176800215718,0.6472745222330484,0.12932889774867584
50,0,000000000000000000a1,built_loss,7.974813338695294,0.46023615715784444,0.11253118518479055
50,0,000000000000000000b8,built_loss,9.510926220084002,0.4751780184434731,0.16048968230242178
50,0,000000000000000000c0,built_loss,26.523994566826342,0.6311418327046858,0.08775926717562865
50,0,000000000000000000e2,built_loss,15.48261652949723,0.39984661850389086,0.1919420289365819
50,0,000000000000000000f0,built_loss,23.172866610999183,0.6522182691300351,0.1943025305060494
50,0,000000000000000000f8,built_loss,27.695794641591515,0.5407762493787646,0.1178959330639971
50,0,0000000000000000011c,built_loss,5.278466765899054,0.7319015419021209,0.08408658913499256
50,0,00000000000000000161,built_loss,27.98556027377669,0.6632538944157179,0.09058744802537544
50,0,0000000000000000016a,built_loss,9.084180568352256,0.24957229100284936,0.1246312856733908
50,0,00000000000000000176,built_loss,23.373972965239904,0.6510249174480991,0.07385034512571198
50,0,000000000000000001a8,built_loss,29.136318288232985,0.5440109584488766,0.15021142774830976
50,0,000000000000000001cd,built_loss,35.0366714612784,0.7198053427764423,0.1660845341479894
50,0,000000000000000001e5,built_loss,15.70948324169305,0.5719626173415976,0.13069164541732015
50,0,00000000000000000209,built_loss,32.376822446668534,0.6386391020667596,0.12768127384866979
50,0,00000000000000000231,built_loss,31.947149648711413,0.5529888109516584,0.09004150023210633
50,0,0000000000000000026d,built_loss,21.124810330309195,0.6070586551351806,0.12894868909043689
50,0,00000000000000000278,built_loss,23.0039692425495,0.7859568533112841,0.09328760185523766
50,0,00000000000000000293,built_loss,27.206804667152493,0.49013438192719216,0.09938486969266186
50,0,00000000000000000316,built_loss,1.8707693314299683,0.1252220162879882,0.026774340636386507
50,0,00000000000000000356,built_loss,28.013056703249624,0.5034185224332808,0.16955590452036434
50,0,00000000000000000362,built_loss,27.51840394634588,0.5395011468243956,0.11703986145625711
50,0,00000000000000000363,built_loss,20.583715624544702,0.25444194092026473,0.08340734865104119
50,0,00000000000000000364,built_loss,29.532351202679692,0.6482211123279091,0.10473269684141828
50,0,00000000000000000380,built_loss,23.050772665783086,0.505155306162043,0.09643838672397437
50,0,00000000000000000384,built_loss,16.69839106860922,0.6026907271373076,0.07958838939851465
50,0,0000000000000000039e,built_loss,5.100136173271692,0.5376794179483985,0.06726826424532795
50,0,000000000000000003a1,built_loss,15.972438879949069,0.615878492573583,0.07635257772709814
50,0,000000000000000003a5,built_loss,18.55101650033209,0.3567336512943675,0.10022683680507072
50,0,000000000000000003b7,built_loss,13.687805550437602,0.49582008558333984,0.05563809709717271
50,0,000000000000000003bf,built_loss,30.804073538458756,0.5090966825568769,0.07229379592150309
50,0,000000000000000003d2,built_loss,27.91510900473501,0.5890585812934535,0.11568368284766195
50,0,000000000000000003f8,built_loss,6.3448320398229745,0.21952619151446132,0.10127930728792564
50,0,000000000000000003fa,built_loss,30.140482966741647,0.4146545043130711,0.09440319315802242
50,0,00000000000000000407,built_loss,29.834209491052686,0.5279302711439154,0.09452882382761335
50,0,0000000000000000040f,built_loss,22.829509516903958,0.5200921992841298,0.03546226545566089
50,0,00000000000000000426,built_loss,22.684778845106894,0.5941330715722127,0.09475069444049744
50,0,0000000000000000042b,built_loss,28.4895825207162,0.5599125202924313,0.10416636022892611
50,0,00000000000000000442,built_loss,3.7940088207548133,0.43797488203887186,0.36434942737026316
50,0,00000000000000000465,built_loss,28.479635743656313,0.639004596909678,0.08142644513297925
50,0,0000000000000000047e,built_loss,14.641238108240314,0.5350043913289555,0.06838300227303185
50,0,00000000000000000490,built_loss,30.279597098029896,0.6582065198617518,0.11958885971388233
50,0,000000000000000004c0,built_loss,26.313323677514386,0.6422662499471945,0.09067836707222121
50,0,000000000000000004c5,built_loss,13.65006541546284,0.6053389271674149,0.11683863810199635
50,0,000000000000000004d9,built_loss,26.725261136898084,0.5424250179963631,0.07209220811629025
50,0,000000000000000004eb,built_loss,30.43349435335823,0.4925719791813775,0.10624584588593589
50,0,000000000000000004f7,built_loss,8.086948086274834,0.48214688820788426,0.04236386520592267
50,0,000000000000000004fe,built_loss,10.680329750616222,0.49671625226428595,0.054644257545263086
50,0,0000000000000000051d,built_loss,15.865866523403191,0.48204620195310377,0.27461117297381576
50,0,00000000000000000559,built_loss,26.179209749399508,0.7243937174177856,0.14991979437960945
50,0,00000000000000000576,built_loss,7.893323028765299,0.2425364485573109,0.07809990235251471
50,0,00000000000000000577,built_loss,8.422053262716044,0.470604644023618,0.13000729516599252
50,0,0000000000000000057f,built_loss,2.3044670803297524,0.3956102734791668,0.11436637297999658
50,0,00000000000000000594,built_loss,18.696957560749688,0.48074257791922664,0.22837688598504585
50,0,000000000000000005ad,built_loss,23.451971475370588,0.6756585828199163,0.06967502015643978
50,0,000000000000000005bf,built_loss,18.77151979955536,0.40235880253080486,0.09835040443382398
50,0,000000000000000005cc,built_loss,10.993695683230499,0.36094293521241133,0.06409528057116526
50,0,000000000000000005de,built_loss,23.583045758444356,0.43789975517782714,0.04041584667091325
50,0,000000000000000005e7,built_loss,27.96902423322674,0.6445515666863013,0.16720291873927862
50,0,000000000000000005f9,built_loss,14.036208229544933,0.6628446779145964,0.15539255781350614
50,0,0000000000000000061c,built_loss,16.604119155997218,0.4191530767541188,0.10275614221515578
50,0,00000000000000000624,built_loss,3.976859676070135,0.4603931539149077,0.12677174135399893
50,0,00000000000000000626,built_loss,24.366043904782636,0.5143800078528061,0.06713648636728348
50,0,0000000000000000062a,built_loss,25.312141625995714,0.5445066473163795,0.1530695356160997
50,0,00000000000000000636,built_loss,22.888367447389747,0.37518397964628364,0.20593827086100958
50,0,0000000000000000064a,built_loss,3.7709453217587354,0.30772108149908123,0.04923546452868055
50,0,0000000000000000064d,built_loss,12.510367174580303,0.43541470981055674,0.12720929090542216
50,0,00000000000000000694,built_loss,19.641519035277668,0.3546398004011143,0.0630044763576228
50,0,0000000000000000069d,built_loss,27.943398202046897,0.6235975544038663,0.08464782884638211
50,0,000000000000000006b7,built_loss,20.693761461723003,0.45808957941621853,0.06254388269952782
50,0,000000000000000006df,built_loss,16.33585902941569,0.255352428481142,0.16391963288835526
50,0,000000000000000006e3,built_loss,21.10723539305682,0.4266755020453368,0.12578736729703577
50,0,00000000000000000011,crop_loss,30.000203972573967,0.8263160456600771,0.35053323796793046
50,0,0000000000000000002b,crop_loss,31.0497788691369,0.18040712449554294,0.18429153916074753
50,0,0000000000000000002d,crop_loss,30.195891366935335,0.4467616468399077,0.11533583501110517
50,0,0000000000000000003a,crop_loss,30.90009181397581,0.2888257127104781,0.1352134284410636
50,0,0000000000000000009b,crop_loss,14.860827506062753,0.4926825378819107,0.02249903841520734
50,0,0000000000000000009d,crop_loss,6.754000028256071,0.369851968956224,0.10365681737942006
50,0,000000000000000000a8,crop_loss,26.90410900111376,0.2235310950126475,0.03306730407497219
50,0,000000000000000000da,crop_loss,20.66505924132793,0.7351107670463023,0.08434821158021732
50,0,000000000000000000e3,crop_loss,31.414830212318513,0.47440937292813384,0.14736989756693852
50,0,000000000000000000e9,crop_loss,5.280667278182823,0.4075631185234497,0.1466966585961238
50,0,0000000000000000011b,crop_loss,20.919278046014522,0.46986326354785124,0.06378413574370845
50,0,00000000000000000128,crop_loss,23.824519024779605,0.5434765576628455,0.03888879601435169
50,0,00000000000000000192,crop_loss,28.063156893569513,0.5486079777220008,0.0559328580274685
50,0,00000000000000000196,crop_loss,20.976828037458404,0.2523860873925599,0.08476685325554623
50,0,000000000000000001a6,crop_loss,29.085437091746517,0.3035748530183998,0.17974396103875892
50,0,000000000000000001e4,crop_loss,31.683776006664985,0.5086342861205123,0.08241822110028524
50,0,000000000000000001f9,crop_loss,29.89836757955334,0.6197186536591545,0.35942219428145444
50,0,00000000000000000228,crop_loss,21.671216221603146,0.5215886127201349,0.2328057844474768
50,0,0000000000000000028c,crop_loss,4.161282058631936,0.28372741773474097,0.08591525431126168
50,0,0000000000000000028d,crop_loss,21.73438803431872,0.6671175218096748,0.09516694441283091
50,0,00000000000000000291,crop_loss,14.127666374986156,0.8891034922986126,0.030916961471123328
50,0,000000000000000002c5,crop_loss,27.15769788596714,0.3516815577633911,0.12657167180896695
50,0,000000000000000002dc,crop_loss,30.8429918854712,0.6531722654146912,0.1065277342607669
50,0,000000000000000002e4,crop_loss,27.914368363608837,0.42244267535426755,0.1864778220014464
50,0,000000000000000002ec,crop_loss,24.642199526441487,0.49602711779706676,0.13061159766886948
50,0,00000000000000000314,crop_loss,21.1376160892254,0.07967598366701678,0.08424056954584308
50,0,00000000000000000335,crop_loss,31.369345809541873,0.4279945478722448,0.11086159372260784
50,0,0000000000000000033a,crop_loss,27.247075889924442,0.5680014028016139,0.11142015474294242
50,0,000000000000000003b0,crop_loss,30.284214763339598,0.19237956997770883,0.08839330863396941
50,0,000000000000000003c8,crop_loss,29.102859682773175,0.19144368262874914,0.06132670778769117
50,0,000000000000000003f1,crop_loss,34.4287830727909,0.4322887469041262,0.08663443545282173
50,0,000000000000000003f2,crop_loss,25.010225119881575,0.44073259964289746,0.08116589585806
50,0,0000000000000000044b,crop_loss,12.227051059581736,0.5734966059821507,0.07233561413085932
50,0,0000000000000000046c,crop_loss,33.66218957944155,0.4505766907831293,0.36938578743780237
50,0,00000000000000000480,crop_loss,11.211245582289392,0.8050973003292692,0.28999798883808336
50,0,00000000000000000483,crop_loss,8.508743079436663,0.7320965233033306,0.1142253205922471
50,0,00000000000000000485,crop_loss,27.767033615387078,0.6845428709916297,0.08900659758451923
50,0,00000000000000000497,crop_loss,25.42421112860005,0.2074440103053435,0.05150497755224254
50,0,0000000000000000049b,crop_loss,28.976386359476933,0.36685887910971215,0.07197443816002386
50,0,000000000000000004a1,crop_loss,26.974318443337943,0.3672123710289559,0.14315263429434716
50,0,000000000000000004e7,crop_loss,20.11843270161053,0.4984099684588614,0.054902360015432417
50,0,000000000000000004e9,crop_loss,12.200876485804818,0.32312188927548274,0.1341411103979651
50,0,000000000000000004ee,crop_loss,17.649856235446197,0.3616505983327265,0.19452245231926346
50,0,000000000000000004f9,crop_loss,33.690283451660655,0.36417018045548977,0.2196408877362252
50,0,00000000000000000517,crop_loss,20.48358380931912,0.30197288760844515,0.2134657925866492
50,0,00000000000000000538,crop_loss,1.072137486462178,0.31881411473887195,0.07643588579569766
50,0,0000000000000000057e,crop_loss,3.728680780792694,0.5417197279877536,0.056201381210841395
50,0,000000000000000005d1,crop_loss,13.678757800944203,0.18584470323515348,0.16867186809237153
50,0,00000000000000000611,crop_loss,30.69338382706333,0.6647395244619659,0.08024025115929534
50,0,0000000000000000062f,crop_loss,28.77631237153039,0.3760771861998065,0.22066777795952341
50,0,00000000000000000632,crop_loss,11.052138221949965,0.10446948792201612,0.044031999156145085
50,0,0000000000000000063e,crop_loss,30.520089185578982,0.2904943959769746,0.09387248784794577
50,0,00000000000000000655,crop_loss,26.10167314476708,0.5647442886648907,0.25394108428966783
50,0,00000000000000000697,crop_loss,30.943334121767396,0.6095243191973502,0.08809060106559596
50,0,00000000000000000698,crop_loss,16.106193540810107,0.4415951878695695,0.1380275758869169
50,0,000000000000000006a8,crop_loss,28.67808761072813,0.27038594784282494,0.10363886000683822
50,0,000000000000000006b4,crop_loss,31.0112614784803,0.5087953264040155,0.17518048220927662
50,0,000000000000000006be,crop_loss,10.215355091980209,0.40803882605010233,0.11843880485086977
50,0,000000000000000006c0,crop_loss,2.630798816299339,0.18184387758618006,0.08465879111589827
50,0,000000000000000006ce,crop_loss,22.8883984544948,0.6333691540920147,0.22114193438617796
50,0,000000000000000006d9,crop_loss,30.503868758000937,0.18929930380408322,0.0822894936245038
50,0,000000000000000006e5,crop_loss,27.21460307308844,0.5192234994930551,0.12043151224161275
50,0,00000000000000000151,built_loss,6.721626955077595,0.2633688953544411,0.044747897338035386
50,0,000000000000000001be,built_loss,5.220272595362899,0.5269245428835949,0.11089430100892683
50,0,0000000000000000034d,built_loss,5.536766924689281,0.40440665449084034,0.04137637113921094
50,0,000000000000000003c7,crop_loss,24.694923016113364,0.7463835390911453,0.08448973918567682
50,0,0000000000000000004a,built_loss,10.431501796673826,0.43830827825044527,0.04235953511380902
50,0,00000000000000000206,built_loss,25.035607719567956,0.6992664142692641,0.08534814468241658
50,0,000000000000000002a4,built_loss,8.499414169213985,0.4311336878141175,0.11682448733944772
50,0,000000000000000004f5,built_loss,8.450708717735996,0.4764553317731082,0.10700091684230689
50,0,000000000000000002cc,crop_loss,16.098040249403308,0.45059284922624404,0.22964554149933075
50,0,000000000000000006cc,crop_loss,21.946312723713703,0.3591235022857748,0.08764846775299512
50,0,0000000000000000016c,crop_loss,28.760544657546074,0.49952644689828996,0.08564499860233288
50,1,00000000000000000085,built_loss,13.110001793792192,0.3238804294580397,0.10841349729839528
50,1,00000000000000000114,built_loss,23.2684387885322,0.6992604871282008,0.08635871359877023
50,1,0000000000000000024c,built_loss,18.075212302638707,0.7115052731343863,0.0970194137608591
50,1,00000000000000000375,built_loss,24.042664693258075,0.6613219159389866,0.11727978742359935
50,1,000000000000000004d2,built_loss,18.68801537266147,0.6205891549088064,0.10163429846179539
50,1,000000000000000005bd,built_loss,5.1095983533130624,0.5361996844608142,0.13913727190577152
50,1,00000000000000000281,crop_loss,28.25934735268299,0.5486068656193589,0.11187174411069745
50,1,000000000000000003a2,crop_loss,21.654540451274958,0.34164947569438137,0.13989321395489274
50,1,00000000000000000001,built_loss,23.05756491716675,0.45026765983744854,0.09962013684867754
50,1,00000000000000000049,built_loss,5.189655403777663,0.47999420341923127,0.06256482109663253
50,1,0000000000000000004f,built_loss,31.326026367405923,0.4075760180530749,0.14733788212288956
50,1,0000000000000000005a,built_loss,20.972583474309,0.4541962827722773,0.06292573070615554
50,1,00000000000000000079,built_loss,25.63904364573888,0.6045984899758124,0.10367985794450219
50,1,00000000000000000087,built_loss,29.134163276272997,0.5201164434248071,0.2420388760218598
50,1,000000000000000000a1,built_loss,8.201467243778529,0.41256200056044556,0.12947366600964244
50,1,000000000000000000b8,built_loss,9.991010467785985,0.39492396847628847,0.2734782284495543
50,1,000000000000000000c0,built_loss,23.848446080243615,0.6139907919292545,0.08549054752499163
50,1,000000000000000000e2,built_loss,15.871052758265693,0.419642759248016,0.08951785393816503
50,1,000000000000000000f0,built_loss,23.895093686753164,0.666575704507322,0.1999833515198054
50,1,000000000000000000f8,built_loss,25.83402833009205,0.5867880157965555,0.11086971241629939
50,1,0000000000000000011c,built_loss,6.172570874998474,0.7198968256583963,0.07321311062405034
50,1,00000000000000000161,built_loss,26.29340713097113,0.6189363148404365,0.13085521271658063
50,1,0000000000000000016a,built_loss,6.600741564902411,0.24218533274025145,0.06989851493998339
50,1,00000000000000000176,built_loss,23.77871005647273,0.6443628452873624,0.07584197066529841
50,1,000000000000000001a8,built_loss,32.992343241730055,0.5827888841089607,0.1271702292066864
50,1,000000000000000001cd,built_loss,30.69181317130085,0.7841665921382297,0.10081667817664575
50,1,000000000000000001e5,built_loss,14.268649277096118,0.5681345206780143,0.10718047130738895
50,1,00000000000000000209,built_loss,29.15297966624323,0.5887655040375086,0.1307131410984752
50,1,00000000000000000231,built_loss,28.947172070630778,0.5413410618065144,0.1040173680779618
50,1,0000000000000000026d,built_loss,21.218707705475538,0.6152838845905664,0.08452735679179157
50,1,00000000000000000278,built_loss,30.460913150174154,0.7889820129227988,0.08037528919182713
50,1,00000000000000000293,built_loss,19.924460032777723,0.4283666385530321,0.09309513897861371
50,1,00000000000000000316,built_loss,1.9769585410801034,0.12348466698783604,0.02713638214875798
50,1,00000000000000000356,built_loss,26.692369184027996,0.5883425841309597,0.17470847942609036
50,1,00000000000000000362,built_loss,30.801539166709247,0.5619343700988548,0.1186931123876942
50,1,00000000000000000363,built_loss,19.19957984291433,0.23491033573826023,0.06816913358073468
50,1,00000000000000000364,built_loss,28.603482492376276,0.6038202557288712,0.12684457783118408
50,1,00000000000000000380,built_loss,25.743978053223184,0.5039581775184375,0.11052987954590376
50,1,00000000000000000384,built_loss,15.038762745928143,0.601644338693855,0.06862236186604243
50,1,0000000000000000039e,built_loss,8.07392195459541,0.5003791460707666,0.09307804648810292
50,1,000000000000000003a1,built_loss,14.703185916062257,0.6064830873172745,0.13111588572387167
50,1,000000000000000003a5,built_loss,20.635187618670436,0.4594198242639693,0.1691478048469871
50,1,000000000000000003b7,built_loss,15.279801395981714,0.4944236643900614,0.0594835391964717
50,1,000000000000000003bf,built_loss,31.002570808625368,0.5318943171903084,0.10097270991026258
50,1,000000000000000003d2,built_loss,30.55839763956932,0.5226445522336182,0.1375501069442035
50,1,000000000000000003f8,built_loss,6.322272267951676,0.2221353376782354,0.0701775100079923
50,1,000000000000000003fa,built_loss,28.90144024752974,0.4099225312134095,0.07236726744209293
50,1,00000000000000000407,built_loss,29.974503729284763,0.5553887687259877,0.14947353385135087
50,1,0000000000000000040f,built_loss,21.40683901382163,0.5369914360885578,0.026856149695084208
50,1,00000000000000000426,built_loss,22.951027756103304,0.567519602779772,0.08109187159447195
50,1,0000000000000000042b,built_loss,26.91737463029149,0.5587391568960304,0.12338031847229014
50,1,00000000000000000442,built_loss,3.673121801526093,0.3782567400767709,0.30635584358587975
50,1,00000000000000000465,built_loss,25.58328582726747,0.616535981146384,0.10353537222796905
50,1,0000000000000000047e,built_loss,15.170890319198541,0.5292017439896056,0.08074641941076632
50,1,00000000000000000490,built_loss,31.441657830691963,0.6531090113975444,0.16294828470368705
50,1,000000000000000004c0,built_loss,27.185604978765465,0.678523266327605,0.07632470177069084
50,1,000000000000000004c5,built_loss,11.566374172236522,0.5976871270073091,0.11430193154069146
50,1,000000000000000004d9,built_loss,25.673708033890104,0.5712885392594952,0.09209574000159015
50,1,000000000000000004eb,built_loss,29.956419565111933,0.4351365730644033,0.07326801049354142
50,1,000000000000000004f7,built_loss,6.518467250219892,0.4884214164025985,0.05623053999660832
50,1,000000000000000004fe,built_loss,14.736251133022376,0.5104340402062022,0.047629840616978725
50,1,0000000000000000051d,built_loss,18.917410505270052,0.6017687234385674,0.27472162227428015
50,1,00000000000000000559,built_loss,23.899981457031544,0.7081383838513221,0.09071682201383902
50,1,00000000000000000576,built_loss,7.648622244752136,0.2753365779044651,0.08166050742041042
50,1,00000000000000000577,built_loss,9.522238981854693,0.4584943854722759,0.19470741289427262
50,1,0000000000000000057f,built_loss,2.101474472699614,0.4090098698354724,0.10884850417963382
50,1,00000000000000000594,built_loss,16.749662250695643,0.5156900205652247,0.2829328394404041
50,1,000000000000000005ad,built_loss,24.695065927545343,0.6579895756980952,0.09095168769996587
50,1,000000000000000005bf,built_loss,22.214831128195446,0.38427942742111926,0.09927846555977615
50,1,000000000000000005cc,built_loss,9.855588710060438,0.33976570738534007,0.058683654764134674
50,1,000000000000000005de,built_loss,23.99579074910493,0.45946897034726647,0.047831317177842
50,1,000000000000000005e7,built_loss,28.383524064158742,0.6128367064264975,0.154637033811579
50,1,000000000000000005f9,built_loss,12.193603139732907,0.6989379727077494,0.08559573127128939
50,1,0000000000000000061c,built_loss,14.463677845428446,0.40919870437412814,0.05914732918816151
50,1,00000000000000000624,built_loss,4.351177228718486,0.4813233111196721,0.08778994923251293
50,1,00000000000000000626,built_loss,24.1373129475083,0.5128275849825791,0.06528526763254866
50,1,0000000000000000062a,built_loss,31.512395675766932,0.5431015219103509,0.14055530553664175
50,1,00000000000000000636,built_loss,18.93967855240776,0.42296950763702085,0.18550620147749008
50,1,0000000000000000064a,built_loss,3.2454851556098774,0.30019179021214343,0.06130853104971651
50,1,0000000000000000064d,built_loss,10.501593591816825,0.41673343639844457,0.08996684755803108
50,1,00000000000000000694,built_loss,21.070335031351714,0.37238612760707873,0.04780665221539421
50,1,0000000000000000069d,built_loss,27.723140457013976,0.6309997282642632,0.12232572688664867
50,1,000000000000000006b7,built_loss,21.561215501845332,0.4710086945309739,0.06214962703810156
50,1,000000000000000006df,built_loss,15.840062873594553,0.2517485498125097,0.18799168155202026
50,1,000000000000000006e3,built_loss,23.785002905460054,0.37064116776322886,0.10180516925451771
50,1,00000000000000000011,crop_loss,24.784516257964892,0.8330089182773909,0.3075926861401288
50,1,0000000000000000002b,crop_loss,27.84268405863125,0.23191434882951265,0.27476203716428754
50,1,0000000000000000002d,crop_loss,33.11604057804602,0.4880535822446686,0.08167255049430622
50,1,0000000000000000003a,crop_loss,31.56028370442333,0.32245449414963884,0.11641730986580728
50,1,0000000000000000009b,crop_loss,15.25685846524359,0.5077844126919752,0.03025406951899695
50,1,0000000000000000009d,crop_loss,6.652159745865254,0.36900150118575215,0.09946360025434609
50,1,000000000000000000a8,crop_loss,24.455205838567334,0.22209897490580208,0.04962936352020114
50,1,000000000000000000da,crop_loss,21.02255717978578,0.7488024231959416,0.11762099748779675
50,1,000000000000000000e3,crop_loss,31.287597830312645,0.4660990229888416,0.13935569080937427
50,1,000000000000000000e9,crop_loss,4.701362562503756,0.4207610059345967,0.16838311607133027
50,1,0000000000000000011b,crop_loss,27.73603570244985,0.476587922455171,0.05790335403422858
50,1,00000000000000000128,crop_loss,25.533118812240534,0.5297853855051752,0.04005681503733671
50,1,00000000000000000192,crop_loss,29.634006725642106,0.5527529380601279,0.04994494855269094
50,1,00000000000000000196,crop_loss,20.104208577991383,0.24196177016240672,0.03452003050480648
50,1,000000000000000001a6,crop_loss,27.298020964204046,0.3155397724536606,0.11746181060087996
50,1,000000000000000001e4,crop_loss,28.345571410086578,0.46716768985768314,0.0782804019689286
50,1,000000000000000001f9,crop_loss,29.695537339954456,0.4906611678474663,0.38860859908744944
50,1,00000000000000000228,crop_loss,19.172438908552834,0.4060008599627639,0.2914847904581376
50,1,0000000000000000028c,crop_loss,3.716985106695955,0.27671938295647297,0.0929875782659198
50,1,0000000000000000028d,crop_loss,21.698555932752154,0.6733025173278464,0.08494367610456044
50,1,00000000000000000291,crop_loss,11.92815759909389,0.8889927925489441,0.04942994642288967
50,1,000000000000000002c5,crop_loss,23.095917032621088,0.31080078361286795,0.12679536780378958
50,1,000000000000000002dc,crop_loss,32.50838570724956,0.6745108387367138,0.08333790296475885
50,1,000000000000000002e4,crop_loss,30.431489662978215,0.30668869722760406,0.110843424910533
50,1,000000000000000002ec,crop_loss,31.580208713439966,0.5243893135356437,0.10362785160436505
50,1,00000000000000000314,crop_loss,24.530994943765602,0.07358190394831825,0.09503826891138564
50,1,00000000000000000335,crop_loss,34.221064704587285,0.4349435215002858,0.14541364675248203
50,1,0000000000000000033a,crop_loss,20.143180620008092,0.5439859056189487,0.14820566237459926
50,1,000000000000000003b0,crop_loss,29.016258566904803,0.17704390936962056,0.06500942660128223
50,1,000000000000000003c8,crop_loss,27.547246377686072,0.19834017823561065,0.09120716138697527
50,1,000000000000000003f1,crop_loss,28.902365484965635,0.47567635911586414,0.13458405115750882
50,1,000000000000000003f2,crop_loss,29.334265823589725,0.4530359600873222,0.09176279697693718
50,1,0000000000000000044b,crop_loss,12.649938603947646,0.5808784100066813,0.0860765078753899
50,1,0000000000000000046c,crop_loss,31.56031202369883,0.5033782271015974,0.19593412340731403
50,1,00000000000000000480,crop_loss,10.120457480707946,0.8762696426304653,0.0606991840203186
50,1,00000000000000000483,crop_loss,11.152813537657318,0.7685652996750697,0.1287746509777694
50,1,00000000000000000485,crop_loss,29.388098579804268,0.6998677972888226,0.06619572126098971
50,1,00000000000000000497,crop_loss,29.74234951015869,0.2243111436944025,0.07454794665517298
50,1,0000000000000000049b,crop_loss,27.240756658237952,0.3509979519620991,0.06368356297881556
50,1,000000000000000004a1,crop_loss,27.838404717848693,0.3780214473767747,0.10449748399564962
50,1,000000000000000004e7,crop_loss,19.954778046050272,0.48923790104596376,0.045937397719915396
50,1,000000000000000004e9,crop_loss,12.89421338906386,0.42195663436331465,0.18195662739404506
50,1,000000000000000004ee,crop_loss,18.254546560682023,0.4133620732394903,0.2310031735139788
50,1,000000000000000004f9,crop_loss,24.77906454284296,0.38993696362112745,0.22758804972557017
50,1,00000000000000000517,crop_loss,23.54005213400176,0.2605711478213131,0.20259689225441974
50,1,00000000000000000538,crop_loss,1.0696563324312605,0.29892745461701375,0.06802825221838515
50,1,0000000000000000057e,crop_loss,4.956643056539131,0.5307213200390739,0.05022503364529107
50,1,000000000000000005d1,crop_loss,16.85671410924475,0.1621031851026178,0.10896163595449115
50,1,00000000000000000611,crop_loss,29.044862729568674,0.6509248732629412,0.0696058177141674
50,1,0000000000000000062f,crop_loss,31.45085856503288,0.5643917290194883,0.18125276749574537
50,1,00000000000000000632,crop_loss,10.441934102389656,0.07892671669175283,0.049563785089145024
50,1,0000000000000000063e,crop_loss,26.97842957978409,0.3374566182268931,0.12404458093011006
50,1,00000000000000000655,crop_loss,21.863967925621353,0.47900527366927653,0.3148106266304789
50,1,00000000000000000697,crop_loss,35.08242025249395,0.6025431935535462,0.10259686889061426
50,1,00000000000000000698,crop_loss,17.82471579305678,0.4121826838979021,0.06540524324547348
50,1,000000000000000006a8,crop_loss,29.804244672318784,0.30859886393399144,0.12389210615171042
50,1,000000000000000006b4,crop_loss,30.48976652227554,0.5406125695539912,0.1584366602166512
50,1,000000000000000006be,crop_loss,14.856265426925887,0.34026570389433614,0.10818018930512907
50,1,000000000000000006c0,crop_loss,2.7054486600941083,0.14766319604675562,0.05107023176606082
50,1,000000000000000006ce,crop_loss,17.059995851464222,0.6495655984821231,0.1943826701295741
50,1,000000000000000006d9,crop_loss,30.650515781008192,0.22849771098971017,0.0928749733507804
50,1,000000000000000006e5,crop_loss,29.75188590084365,0.4968058891963654,0.10608565731881203
50,1,00000000000000000151,built_loss,6.71214562162767,0.2784070156830749,0.09823622301029539
50,1,000000000000000001be,built_loss,6.50816629689221,0.4948237170478452,0.11399024894045157
50,1,0000000000000000034d,built_loss,6.3085599397757335,0.4193899014083266,0.0519962629445862
50,1,000000000000000003c7,crop_loss,22.899096490296657,0.7325172093660665,0.08882311341259674
50,1,0000000000000000004a,built_loss,8.329744322285501,0.41528168008473704,0.05510342141731006
50,1,00000000000000000206,built_loss,24.945785507842608,0.7000010456379931,0.111404581571246
50,1,000000000000000002a4,built_loss,11.823565171963457,0.38035030042625495,0.0598848962691505
50,1,000000000000000004f5,built_loss,7.195271799224022,0.4659856722371379,0.10786165974384765
50,1,000000000000000002cc,crop_loss,17.140343623008103,0.412816758622752,0.21170114696058911
50,1,000000000000000006cc,crop_loss,16.89726965180002,0.35438684466600456,0.08246326854414898
50,1,0000000000000000016c,crop_loss,30.380439963006285,0.4596703283840404,0.14604291345944215
50,2,00000000000000000085,built_loss,13.474325574145192,0.34756801351244393,0.12351927844476984
50,2,00000000000000000114,built_loss,20.769757139343675,0.6877837818714745,0.12374830463696873
50,2,0000000000000000024c,built_loss,19.242751949190733,0.6917883460420545,0.11740700999502207
50,2,00000000000000000375,built_loss,23.862542195105924,0.6292931354417537,0.12177073263264937
50,2,000000000000000004d2,built_loss,20.062640500917514,0.5810378727689357,0.09301640227426711
50,2,000000000000000005bd,built_loss,4.828570358624135,0.5860480861752252,0.1270620207527534
50,2,00000000000000000281,crop_loss,32.08096995934222,0.5382296491371319,0.07848908685966022
50,2,000000000000000003a2,crop_loss,20.703627490936135,0.3700859244635244,0.22549378034954892
50,2,00000000000000000001,built_loss,21.39150551225465,0.4369107107416934,0.12323308733191424
50,2,00000000000000000049,built_loss,5.546784649145984,0.439337536140186,0.10346520610080756
50,2,0000000000000000004f,built_loss,26.076647205145953,0.4205765305162967,0.13778464301009596
50,2,0000000000000000005a,built_loss,24.363005548363997,0.45071723832722943,0.057540946368801915
50,2,00000000000000000079,built_loss,34.305014938577806,0.6067686691178467,0.14692045395595976
50,2,00000000000000000087,built_loss,28.380505533181715,0.5788747108474284,0.19378186277309445
50,2,000000000000000000a1,built_loss,6.303125520702221,0.46684829645589226,0.05677128212825672
50,2,000000000000000000b8,built_loss,10.460894159879034,0.5160499465768145,0.1842576954785461
50,2,000000000000000000c0,built_loss,26.07400379334834,0.6118746164684657,0.11480758122647916
50,2,000000000000000000e2,built_loss,15.341591834738278,0.38829932079222884,0.10564002601376832
50,2,000000000000000000f0,built_loss,25.71205712226313,0.7097953382262011,0.13186652724227788
50,2,000000000000000000f8,built_loss,27.15293958941021,0.569694348235617,0.14077296159243868
50,2,0000000000000000011c,built_loss,8.010370485485751,0.727314035033741,0.05870188252432684
50,2,00000000000000000161,built_loss,28.258926448857796,0.6682039016396122,0.0988694283518351
50,2,0000000000000000016a,built_loss,6.664884199205882,0.20549590877329837,0.07712692066969676
50,2,00000000000000000176,built_loss,21.315035042480602,0.6638573344771753,0.07032221114412773
50,2,000000000000000001a8,built_loss,30.236513192907385,0.5291155091916732,0.12083036896116645
50,2,000000000000000001cd,built_loss,26.641858924578028,0.7591885555858687,0.09155834506405125
50,2,000000000000000001e5,built_loss,16.216966679770067,0.5614361738955597,0.10749025761890862
50,2,00000000000000000209,built_loss,36.13080501220615,0.5684668469558617,0.11016741892556048
50,2,00000000000000000231,built_loss,30.45475064966574,0.524408777935411,0.09823484606702748
50,2,0000000000000000026d,built_loss,23.07276080149397,0.5750092161129744,0.11544815280158094
50,2,00000000000000000278,built_loss,25.906373076000715,0.7508153701022559,0.10776092935233506
50,2,00000000000000000293,built_loss,19.727210854005513,0.48794436560437354,0.11580369032654936
50,2,00000000000000000316,built_loss,2.0534429401361614,0.1235476990798863,0.02976421160485057
50,2,00000000000000000356,built_loss,24.239265578022454,0.4627496305583704,0.18851543241485197
50,2,00000000000000000362,built_loss,30.745071837123366,0.5645452138474104,0.12330032754003994
50,2,00000000000000000363,built_loss,18.03547228038818,0.25066878782208407,0.08069379999860796
50,2,00000000000000000364,built_loss,34.32582876039519,0.6017753263016034,0.11854942730706874
50,2,00000000000000000380,built_loss,28.383795482161958,0.4856852839468652,0.09045609645756958
50,2,00000000000000000384,built_loss,15.77079886512779,0.5830725949610347,0.09173006544498563
50,2,0000000000000000039e,built_loss,8.634343703121022,0.4850681630312814,0.07925539278633748
50,2,000000000000000003a1,built_loss,16.871090870150272,0.5988325040557576,0.08684481937391098
50,2,000000000000000003a5,built_loss,17.228640818222054,0.42770606805390127,0.13132382632432288
50,2,000000000000000003b7,built_loss,15.083819004859988,0.46457999087799917,0.0615100094371282
50,2,000000000000000003bf,built_loss,32.61435413534209,0.5134458704352094,0.0913280132682106
50,2,000000000000000003d2,built_loss,26.959413817122932,0.5835798828227755,0.15101163786394134
50,2,000000000000000003f8,built_loss,6.253259304755401,0.21217488231647522,0.06823644686076638
50,2,000000000000000003fa,built_loss,27.12298150165841,0.423016455474337,0.09040269218226915
50,2,00000000000000000407,built_loss,32.51557809241975,0.5510517499265406,0.13104153536745905
50,2,0000000000000000040f,built_loss,20.956055956056865,0.5192284465124671,0.04121760021061288
50,2,00000000000000000426,built_loss,21.36440965847654,0.5478527653461527,0.09659804536108318
50,2,0000000000000000042b,built_loss,24.483161801520136,0.5737610003009413,0.12017556678916186
50,2,00000000000000000442,built_loss,4.143939124417681,0.43314169939631597,0.422262098178251
50,2,00000000000000000465,built_loss,28.53294101062566,0.6321979150348589,0.09753312102562406
50,2,0000000000000000047e,built_loss,15.281392400885764,0.5544354923529513,0.10670861668917464
50,2,00000000000000000490,built_loss,32.32031130839226,0.6492963239635943,0.11965980059796433
50,2,000000000000000004c0,built_loss,28.901283251351675,0.6532955871579178,0.07346626491812025
50,2,000000000000000004c5,built_loss,10.966544849539044,0.6262918300853357,0.12986795261931727
50,2,000000000000000004d9,built_loss,24.906381182476903,0.5357389456935909,0.09425239316797163
50,2,000000000000000004eb,built_loss,28.249030540944137,0.45364144708654003,0.07989795466881339
50,2,000000000000000004f7,built_loss,7.573971709674814,0.483435088003565,0.03996656632557405
50,2,000000000000000004fe,built_loss,15.742564761246749,0.4873947013680773,0.08010310770647838
50,2,0000000000000000051d,built_loss,17.78787072124725,0.47722425828800624,0.21718738475744442
50,2,00000000000000000559,built_loss,26.20810787431608,0.6470307593735549,0.10208002439544872
50,2,00000000000000000576,built_loss,7.318075290742901,0.23729659667348185,0.07864530090814434
50,2,00000000000000000577,built_loss,8.781834117140148,0.5067997292385229,0.14412437126122274
50,2,0000000000000000057f,built_loss,2.1987555733910864,0.3843454469245811,0.08641717722794379
50,2,00000000000000000594,built_loss,17.185709867953047,0.4776395445520888,0.23239512841952642
50,2,000000000000000005ad,built_loss,26.750721239045085,0.6590064554917043,0.12138616598722485
50,2,000000000000000005bf,built_loss,24.768772789692562,0.36788204779701306,0.07508939230798645
50,2,000000000000000005cc,built_loss,10.30750661464673,0.352843190723485,0.07928283187293578
50,2,000000000000000005de,built_loss,22.15268070475242,0.43229914086126575,0.056409695455653164
50,2,000000000000000005e7,built_loss,27.11240726175836,0.6365693642632974,0.1422572366825453
50,2,000000000000000005f9,built_loss,14.088162903081605,0.6779644261330917,0.10009288778659398
50,2,0000000000000000061c,built_loss,16.08594087856417,0.39596342214807345,0.10297557326248091
50,2,00000000000000000624,built_loss,4.748526828385726,0.5118633906155281,0.11405476988421376
50,2,00000000000000000626,built_loss,22.753112567776526,0.5212199356666337,0.06119213666919393
50,2,0000000000000000062a,built_loss,27.487619023469243,0.5672376906005081,0.1027114218290931
50,2,00000000000000000636,built_loss,17.14913895631802,0.6005216755771534,0.24212055098407803
50,2,0000000000000000064a,built_loss,3.4482789998571644,0.30556162183909075,0.050501388367189426
50,2,0000000000000000064d,built_loss,12.242832208481103,0.42249003448765365,0.10218378423145863
50,2,00000000000000000694,built_loss,21.708526549348445,0.3716111738513901,0.043903566073855926
50,2,0000000000000000069d,built_loss,21.218465955422865,0.6814651174593515,0.12756054942460016
50,2,000000000000000006b7,built_loss,25.320655297331694,0.4658449610431156,0.08123003285133695
50,2,000000000000000006df,built_loss,14.636216734201666,0.22453608641195635,0.16328301020001923
50,2,000000000000000006e3,built_loss,19.927846643647392,0.3791727709221782,0.10137010275397995
50,2,00000000000000000011,crop_loss,27.785008387245067,0.71024364799027,0.3934881186247519
50,2,0000000000000000002b,crop_loss,30.636654127639936,0.21754575923103228,0.23667538885478734
50,2,0000000000000000002d,crop_loss,32.01846644135029,0.4657845518843301,0.08787361323589804
50,2,0000000000000000003a,crop_loss,25.737084944808792,0.28603097392889265,0.14767424745324492
50,2,0000000000000000009b,crop_loss,13.602415229948186,0.4960272973857922,0.02086474782060571
50,2,0000000000000000009d,crop_loss,7.091834257398528,0.40759090089519634,0.10187835326754646
50,2,000000000000000000a8,crop_loss,27.54395097153856,0.21902997953391445,0.036496286405817785
50,2,000000000000000000da,crop_loss,20.23444931377753,0.765857493254896,0.07438764759594774
50,2,000000000000000000e3,crop_loss,26.372861172717844,0.4610166282317421,0.1590105227307803
50,2,000000000000000000e9,crop_loss,5.344173535544367,0.3381134084564506,0.11404596472628808
50,2,0000000000000000011b,crop_loss,21.6710686652989,0.4874424968516031,0.04924032935296746
50,2,00000000000000000128,crop_loss,24.928742159086887,0.5543266045324269,0.0461283737870829
50,2,00000000000000000192,crop_loss,32.848690940104866,0.5608310639097417,0.052500329596706585
50,2,00000000000000000196,crop_loss,18.41552908140265,0.26180316965863476,0.07789292649668123
50,2,000000000000000001a6,crop_loss,23.916873150660695,0.3029723373929482,0.14825198562764685
50,2,000000000000000001e4,crop_loss,28.133351653461407,0.46732229788217033,0.07914352509840289
50,2,000000000000000001f9,crop_loss,30.90221107422264,0.4688707388877542,0.17859185040953085
50,2,00000000000000000228,crop_loss,21.561408094214002,0.5389449761510089,0.13167369149249702
50,2,0000000000000000028c,crop_loss,4.30534154485985,0.3152663099012145,0.10002876248455717
50,2,0000000000000000028d,crop_loss,21.439321565531618,0.6303912942246304,0.09303375732368724
50,2,00000000000000000291,crop_loss,13.215049415705591,0.8783565301030233,0.038852074089986255
50,2,000000000000000002c5,crop_loss,22.01179061093683,0.2715528752706314,0.09677676234152296
50,2,000000000000000002dc,crop_loss,33.23726120943095,0.6318360126360495,0.11139827067751229
50,2,000000000000000002e4,crop_loss,26.714020566958553,0.32721487531064425,0.11094724251127336
50,2,000000000000000002ec,crop_loss,33.896668722311205,0.47968120199753994,0.16569182579243263
50,2,00000000000000000314,crop_loss,20.485440169270206,0.04006071640817699,0.05550646678897189
50,2,00000000000000000335,crop_loss,31.967861427659084,0.4372669011410096,0.11203248726678028
50,2,0000000000000000033a,crop_loss,24.84555282038339,0.5383066979425507,0.08935446795366991
50,2,000000000000000003b0,crop_loss,31.129787408969406,0.1657229871595364,0.10287807650528043
50,2,000000000000000003c8,crop_loss,28.349183133392884,0.19002343065214441,0.10664480208792196
50,2,000000000000000003f1,crop_loss,34.88141012537665,0.46599996142859484,0.1319777773217175
50,2,000000000000000003f2,crop_loss,26.348703349024454,0.4833299629788151,0.0771438895856012
50,2,0000000000000000044b,crop_loss,12.62399890616984,0.5599880765306525,0.07548154343697999
50,2,0000000000000000046c,crop_loss,31.392030705087304,0.5218615559700609,0.21163935587988614
50,2,00000000000000000480,crop_loss,8.189082010181444,0.8863448205726537,0.06586342127476852
50,2,00000000000000000483,crop_loss,13.480882271090277,0.7293327086253057,0.11096397653973933
50,2,00000000000000000485,crop_loss,28.659487615011287,0.7004712847691962,0.059594480636665836
50,2,00000000000000000497,crop_loss,29.713552038547405,0.2024319953241537,0.0613997272567898
50,2,0000000000000000049b,crop_loss,28.841974922820658,0.3349200908339037,0.07380024178093397
50,2,000000000000000004a1,crop_loss,23.754365963343183,0.3465088960619943,0.13373658637394464
50,2,000000000000000004e7,crop_loss,16.014406648390818,0.49127105908435487,0.05309433625051807
50,2,000000000000000004e9,crop_loss,15.24846225860921,0.3969228126119717,0.11516325425808055
50,2,000000000000000004ee,crop_loss,18.471782401060693,0.4130530165444499,0.20051698423494185
50,2,000000000000000004f9,crop_loss,28.373677708389305,0.4331256090793589,0.21746893545965146
50,2,00000000000000000517,crop_loss,25.463459666182192,0.33478201719553824,0.2814968121171305
50,2,00000000000000000538,crop_loss,1.0723186920751315,0.28583411582148655,0.06378419141967606
50,2,0000000000000000057e,crop_loss,4.158438091232401,0.5450761262775469,0.06375288268957924
50,2,000000000000000005d1,crop_loss,15.16569608281802,0.18328495792406227,0.15402173310734713
50,2,00000000000000000611,crop_loss,29.29518129407214,0.6726239005217902,0.07482585048768142
50,2,0000000000000000062f,crop_loss,28.85961079579007,0.5048678666017059,0.20991575357956765
50,2,00000000000000000632,crop_loss,14.77067827241048,0.07858087676274081,0.04820374801881554
50,2,0000000000000000063e,crop_loss,30.770564707970703,0.33423715239790974,0.09621028034480461
50,2,00000000000000000655,crop_loss,22.876629197988287,0.45319619300454145,0.35324261073915464
50,2,00000000000000000697,crop_loss,35.04651111106007,0.6571074807750515,0.06989499155729118
50,2,00000000000000000698,crop_loss,15.535865077675833,0.4915829719397827,0.08901031569185741
50,2,000000000000000006a8,crop_loss,34.4267673635035,0.2852004333568927,0.11740414516758113
50,2,000000000000000006b4,crop_loss,27.396891647615845,0.5283012235026838,0.19668818899128804
50,2,000000000000000006be,crop_loss,11.72938896609028,0.3945275026264586,0.12819449430552982
50,2,000000000000000006c0,crop_loss,3.009482984858639,0.17817539494174547,0.08043230551883171
50,2,000000000000000006ce,crop_loss,19.882321453972573,0.4903027382872232,0.2411203001004406
50,2,000000000000000006d9,crop_loss,25.816394526275733,0.17978342150627769,0.07344948526263856
50,2,000000000000000006e5,crop_loss,29.21091257027065,0.4940032617189803,0.13943481704112637
50,2,00000000000000000151,built_loss,7.387400198399253,0.26068060084558725,0.08166992920117486
50,2,000000000000000001be,built_loss,5.856729068408195,0.5377923037913117,0.1166845877431611
50,2,0000000000000000034d,built_loss,5.640535904963317,0.4107455882179284,0.06853070555016288
50,2,000000000000000003c7,crop_loss,19.636981019366065,0.7656317433021669,0.08887089396012182
50,2,0000000000000000004a,built_loss,10.771964947660734,0.4426521395527194,0.03463080930276219
50,2,00000000000000000206,built_loss,26.134792532875164,0.7369091532606248,0.08776063833489911
50,2,000000000000000002a4,built_loss,9.273267144780641,0.4162609615359319,0.11585926221527809
50,2,000000000000000004f5,built_loss,8.274302255247406,0.4867689881607036,0.1306865257429876
50,2,000000000000000002cc,crop_loss,14.191683150302888,0.3613215716849147,0.31583148005198547
50,2,000000000000000006cc,crop_loss,20.399890281443756,0.3345987886247346,0.06431811522855202
50,2,0000000000000000016c,crop_loss,29.702238373582823,0.4709976357524127,0.08690676571372324
50,3,00000000000000000085,built_loss,17.095888728262377,0.3001450485219641,0.10951848506999384
50,3,00000000000000000114,built_loss,20.682586998959376,0.6721420798476082,0.10891147390692468
50,3,0000000000000000024c,built_loss,19.7033288724835,0.7285181181476968,0.05840394624604728
50,3,00000000000000000375,built_loss,26.573958417477883,0.6415430142868076,0.09690547092962631
50,3,000000000000000004d2,built_loss,20.186098342777854,0.632633004827346,0.1206960541801897
50,3,000000000000000005bd,built_loss,3.822347664799397,0.5495035320934244,0.14082144564395532
50,3,00000000000000000281,crop_loss,28.152724864414722,0.5506676574054252,0.08439755878966743
50,3,000000000000000003a2,crop_loss,19.77141566419403,0.3711222561856712,0.15324874927207943
50,3,00000000000000000001,built_loss,19.599515696752757,0.4289839094281009,0.09397905635180553
50,3,00000000000000000049,built_loss,4.058689709719294,0.5030839293403909,0.10085303096370296
50,3,0000000000000000004f,built_loss,27.63842750575983,0.4821420366303998,0.12624148184548817
50,3,0000000000000000005a,built_loss,23.009750444202897,0.4396131527362277,0.06330400865967939
50,3,00000000000000000079,built_loss,33.911004377803245,0.668424621129367,0.1274164074656423
50,3,00000000000000000087,built_loss,28.53802683269234,0.6742225070759637,0.18428513112739797
50,3,000000000000000000a1,built_loss,8.431788572576465,0.43523142959121375,0.1175913773515565
50,3,000000000000000000b8,built_loss,11.057374250578558,0.4972028295697216,0.2160932752055672
50,3,000000000000000000c0,built_loss,25.3249105162839,0.609051940396991,0.08680493967979874
50,3,000000000000000000e2,built_loss,16.52220587324835,0.3441722049088297,0.13469989665848892
50,3,000000000000000000f0,built_loss,22.673677987125213,0.6694866541184242,0.22320654585565347
50,3,000000000000000000f8,built_loss,26.42422070571776,0.562120503318396,0.14562676414575415
50,3,0000000000000000011c,built_loss,7.199237625209352,0.728621053250387,0.06394866432527402
50,3,00000000000000000161,built_loss,27.5884697300569,0.6550132740746102,0.0799929079099343
50,3,0000000000000000016a,built_loss,9.513780633440806,0.24365686626246158,0.08214694205531178
50,3,00000000000000000176,built_loss,21.911658219291834,0.6703232336038552,0.06582465559378559
50,3,000000000000000001a8,built_loss,28.690382402785527,0.5326650193465451,0.16128260742063089
50,3,000000000000000001cd,built_loss,28.172797221062794,0.7776379583591545,0.09939700878378743
50,3,000000000000000001e5,built_loss,17.81923008306122,0.5674153848764497,0.13578027017472882
50,3,00000000000000000209,built_loss,35.12304244474121,0.6642903014692316,0.12139275355102108
50,3,00000000000000000231,built_loss,29.37850983679028,0.5439494690136464,0.13238195914782802
50,3,0000000000000000026d,built_loss,20.728019731477687,0.6089231315417907,0.1483938755761951
50,3,00000000000000000278,built_loss,29.206633074558223,0.7757168273372718,0.12550451466744506
50,3,00000000000000000293,built_loss,24.913380946133,0.48064536499789695,0.10321689852813898
50,3,00000000000000000316,built_loss,1.9994762532247612,0.11375063101020319,0.025858287379242312
50,3,00000000000000000356,built_loss,28.184438543713185,0.5147179762280037,0.20285963454649347
50,3,00000000000000000362,built_loss,29.466797985327794,0.561942868168322,0.11823406993639607
50,3,00000000000000000363,built_loss,22.470429360186262,0.22549595862652566,0.06315213587027493
50,3,00000000000000000364,built_loss,34.82357879357095,0.626720468121178,0.11039586300726878
50,3,00000000000000000380,built_loss,25.762093463664257,0.4946691999121598,0.09005540060550471
50,3,00000000000000000384,built_loss,15.434025165608631,0.584434206298784,0.09582890398337784
50,3,0000000000000000039e,built_loss,9.104689021602574,0.4853453168983225,0.10039785394765355
50,3,000000000000000003a1,built_loss,15.02322273378535,0.6322443135431706,0.1150922102312566
50,3,000000000000000003a5,built_loss,19.565105346036262,0.4008223760171378,0.17908418754980632
50,3,000000000000000003b7,built_loss,11.363707164202433,0.5074123223300024,0.05403378112580959
50,3,000000000000000003bf,built_loss,30.997956791112166,0.5740930810259752,0.07482264314839482
50,3,000000000000000003d2,built_loss,30.258313398491108,0.6082351567875802,0.12526195788249683
50,3,000000000000000003f8,built_loss,7.084588213698302,0.21313268254075382,0.06740524883151591
50,3,000000000000000003fa,built_loss,28.99437453227308,0.4341153022322301,0.08584184281347434
50,3,00000000000000000407,built_loss,30.20808880104723,0.5487195915605333,0.12106397288566606
50,3,0000000000000000040f,built_loss,21.916920292916583,0.5113580986753362,0.03212134142990286
50,3,00000000000000000426,built_loss,22.066383548646172,0.5726775230948592,0.09347138994017767
50,3,0000000000000000042b,built_loss,25.58522047172675,0.5297215900743679,0.10457880305890849
50,3,00000000000000000442,built_loss,3.8366386549186826,0.44115910373180733,0.36582110748927843
50,3,00000000000000000465,built_loss,29.948378234462623,0.6379516507854535,0.05932015389031298
50,3,0000000000000000047e,built_loss,15.068471106093732,0.517628265528303,0.06862505803964652
50,3,00000000000000000490,built_loss,32.946768898640286,0.6737191302496455,0.15137178191877476
50,3,000000000000000004c0,built_loss,26.6225290670932,0.6639957403743575,0.09004271072354775
50,3,000000000000000004c5,built_loss,12.540098081213946,0.5638431544373023,0.09851365550042634
50,3,000000000000000004d9,built_loss,28.151917172543044,0.55934227823361,0.061470841363544304
50,3,000000000000000004eb,built_loss,27.12896695139036,0.4636964401431871,0.07032162723489821
50,3,000000000000000004f7,built_loss,8.535396286179456,0.47967847553010057,0.07070728190134928
50,3,000000000000000004fe,built_loss,13.321157751100401,0.5027858438585381,0.05568906088278369
50,3,0000000000000000051d,built_loss,21.419707529977103,0.4745917839656799,0.21078100005562012
50,3,00000000000000000559,built_loss,29.791630558087977,0.7244466811388467,0.11252173344781002
50,3,00000000000000000576,built_loss,7.951686908833473,0.2721221279634469,0.08834245228240936
50,3,00000000000000000577,built_loss,10.35686612068612,0.4824612805228757,0.12826318697959777
50,3,0000000000000000057f,built_loss,2.1922048154981386,0.418247732637584,0.12282477070202807
50,3,00000000000000000594,built_loss,15.911654292354637,0.5553567058739232,0.28244714276795074
50,3,000000000000000005ad,built_loss,21.802357917012618,0.6180187491382674,0.08597670059778606
50,3,000000000000000005bf,built_loss,20.231904778321926,0.43128286922600984,0.09411750201057739
50,3,000000000000000005cc,built_loss,8.368208793926492,0.3629657310640499,0.05412041949042273
50,3,000000000000000005de,built_loss,25.225642044297466,0.43694476976828334,0.06413498893543085
50,3,000000000000000005e7,built_loss,22.388961288418965,0.6615709689430666,0.17639087081899196
50,3,000000000000000005f9,built_loss,13.514141922373321,0.6512186527582629,0.14077174913901047
50,3,0000000000000000061c,built_loss,13.677549387393158,0.3966308622191821,0.11757977206007425
50,3,00000000000000000624,built_loss,4.363537159215055,0.5312543915037264,0.09328322077261497
50,3,00000000000000000626,built_loss,26.22786376749074,0.4969265264675262,0.05727352378554107
50,3,0000000000000000062a,built_loss,25.020688305702603,0.5645882028132854,0.11338499773674993
50,3,00000000000000000636,built_loss,17.023684733451546,0.3895753982971232,0.1674231451961528
50,3,0000000000000000064a,built_loss,3.144027159912969,0.27933692910488106,0.09012017196998529
50,3,0000000000000000064d,built_loss,12.229188155287336,0.4115760312522875,0.09976592516842003
50,3,00000000000000000694,built_loss,19.068029636687825,0.3558255601250744,0.06016062970991232
50,3,0000000000000000069d,built_loss,30.614899581500012,0.6556909731621071,0.11520499273158069
50,3,000000000000000006b7,built_loss,20.044139466824447,0.4920681330155919,0.0674267634490166
50,3,000000000000000006df,built_loss,14.853657882175225,0.2078885964827118,0.0789337621780434
50,3,000000000000000006e3,built_loss,22.746468232946917,0.39605092409765874,0.11111095300792706
50,3,00000000000000000011,crop_loss,29.0410375416059,0.8293788795420253,0.26831520268296694
50,3,0000000000000000002b,crop_loss,29.5638557275234,0.08032239917586226,0.07479358584815302
50,3,0000000000000000002d,crop_loss,29.94892336625882,0.4595804105393666,0.07927970716606986
50,3,0000000000000000003a,crop_loss,31.483706519741,0.281290875699482,0.11421374676809656
50,3,0000000000000000009b,crop_loss,13.155419637524052,0.5087734923938121,0.02895449664633104
50,3,0000000000000000009d,crop_loss,7.255737486792697,0.36589281790046824,0.08984800395341802
50,3,000000000000000000a8,crop_loss,23.865351048921067,0.2080534557602561,0.04429449813858727
50,3,000000000000000000da,crop_loss,23.041672314140577,0.7388497924350973,0.07596300830069969
50,3,000000000000000000e3,crop_loss,31.683605427892026,0.4850238345441402,0.13336973886295383
50,3,000000000000000000e9,crop_loss,5.227377167770442,0.4367093240826246,0.16621529211675334
50,3,0000000000000000011b,crop_loss,23.27833355737984,0.4655262638853989,0.05147188444481221
50,3,00000000000000000128,crop_loss,25.46599029193882,0.5324479088338844,0.03940121683127196
50,3,00000000000000000192,crop_loss,27.487316156084173,0.5608939982670224,0.05358713416187233
50,3,00000000000000000196,crop_loss,15.785435700036082,0.24998709461790122,0.07867744582425107
50,3,000000000000000001a6,crop_loss,26.46312179897308,0.27949816534073924,0.12844958803262552
50,3,000000000000000001e4,crop_loss,30.47730533536505,0.5127157527073836,0.07079477320741079
50,3,000000000000000001f9,crop_loss,29.341120443284186,0.6777608312968404,0.34389761054118645
50,3,00000000000000000228,crop_loss,20.96191202560436,0.44291338665578756,0.1923496897230142
50,3,0000000000000000028c,crop_loss,3.4988306506765863,0.28462014638452016,0.10178188363589732
50,3,0000000000000000028d,crop_loss,26.34208128878154,0.6507642241456452,0.13131149672122933
50,3,00000000000000000291,crop_loss,13.274599100722911,0.8701096075100596,0.042445293860033595
50,3,000000000000000002c5,crop_loss,23.930690314575468,0.39292530255900154,0.09079302258883964
50,3,000000000000000002dc,crop_loss,30.649563150469238,0.6522556590469806,0.09417886891380267
50,3,000000000000000002e4,crop_loss,29.607894116536098,0.3098463672669173,0.10833919313057522
50,3,000000000000000002ec,crop_loss,32.75895580407921,0.44470259114358546,0.10717636804673247
50,3,00000000000000000314,crop_loss,23.194285083128527,0.10298185302743171,0.11205763819955082
50,3,00000000000000000335,crop_loss,35.029070553981924,0.44147791796614233,0.13857936562829037
50,3,0000000000000000033a,crop_loss,19.475064789865147,0.5016475421736062,0.09967603637349037
50,3,000000000000000003b0,crop_loss,33.18490372843091,0.21730358741163752,0.10447319292396942
50,3,000000000000000003c8,crop_loss,25.59068912808004,0.18056497560401852,0.05546117766434186
50,3,000000000000000003f1,crop_loss,32.72065356437214,0.4745199556719939,0.11164491619052513
50,3,000000000000000003f2,crop_loss,27.5310717998658,0.44778376787488344,0.08540811375085955
50,3,0000000000000000044b,crop_loss,13.21619636195971,0.5652767672483306,0.07150697653198379
50,3,0000000000000000046c,crop_loss,31.60595792936537,0.5248411495643369,0.15242992765856533
50,3,00000000000000000480,crop_loss,10.811377722752148,0.8455739319828686,0.19468603748641922
50,3,00000000000000000483,crop_loss,10.666991714599769,0.773229641128817,0.08253552986091917
50,3,00000000000000000485,crop_loss,26.46298936284081,0.7265991196236841,0.07201225135648848
50,3,00000000000000000497,crop_loss,28.03523524992876,0.289285178041641,0.12938871472751215
50,3,0000000000000000049b,crop_loss,23.628999760288526,0.3388600384204261,0.04878022728716713
50,3,000000000000000004a1,crop_loss,28.343052938445044,0.3524724476273997,0.09244621573308975
50,3,000000000000000004e7,crop_loss,20.727653380329585,0.5110426829539881,0.05144340490936117
50,3,000000000000000004e9,crop_loss,14.835647685453871,0.38464357962212303,0.2307560654799109
50,3,000000000000000004ee,crop_loss,15.281490110102077,0.28968773763719685,0.21065239513615122
50,3,000000000000000004f9,crop_loss,29.117075120422157,0.4203766107006011,0.212900622595103
50,3,00000000000000000517,crop_loss,23.07891755798357,0.24715338365045347,0.2799074470145688
50,3,00000000000000000538,crop_loss,1.068593866911802,0.2918243198011796,0.059569760670683314
50,3,0000000000000000057e,crop_loss,4.196047554387952,0.5488657204649531,0.045316067432209284
50,3,000000000000000005d1,crop_loss,14.03633475362238,0.15108648992775456,0.09425139520912212
50,3,00000000000000000611,crop_loss,29.495994864365,0.6559220991972485,0.09543100677371907
50,3,0000000000000000062f,crop_loss,31.014778836026597,0.596597894357283,0.26316529216694673
50,3,00000000000000000632,crop_loss,11.954783799235182,0.0712636374293114,0.03527322176817052
50,3,0000000000000000063e,crop_loss,30.409542943906523,0.291335605018669,0.0760469095880732
50,3,00000000000000000655,crop_loss,23.15789523898746,0.4845520788837382,0.3158250194840276
50,3,00000000000000000697,crop_loss,35.83424690658837,0.5626939872011518,0.11843655580831591
50,3,00000000000000000698,crop_loss,15.083485805637043,0.4395675039663932,0.12599906801363092
50,3,000000000000000006a8,crop_loss,32.598648407880944,0.3399478071361806,0.12255452314241455
50,3,000000000000000006b4,crop_loss,29.764125843990797,0.48357056067292287,0.13908203636679217
50,3,000000000000000006be,crop_loss,12.456413939568304,0.3413827212357058,0.16325586502700518
50,3,000000000000000006c0,crop_loss,2.8065748104395922,0.1730787004214359,0.07771810803649148
50,3,000000000000000006ce,crop_loss,18.324299872387098,0.596626080698586,0.22527118143635289
50,3,000000000000000006d9,crop_loss,26.74207702215819,0.20899732930441817,0.08683586382389374
50,3,000000000000000006e5,crop_loss,29.19637174951767,0.5379073734913369,0.13262590036206534
50,3,00000000000000000151,built_loss,5.046955483794318,0.2657549477218431,0.07602618670742808
50,3,000000000000000001be,built_loss,5.652051382462335,0.5574258132503257,0.11580531937633592
50,3,0000000000000000034d,built_loss,5.165355950974377,0.3754712931578756,0.07740727094007815
50,3,000000000000000003c7,crop_loss,24.394143179322285,0.7122435836193068,0.08911909713166555
50,3,0000000000000000004a,built_loss,11.18408353278063,0.4421579185935191,0.06885556824368766
50,3,00000000000000000206,built_loss,28.299713428639386,0.7426742214724525,0.1095810545312429
50,3,000000000000000002a4,built_loss,9.621359374698994,0.38932575393085306,0.06786072416963057
50,3,000000000000000004f5,built_loss,8.100919643935413,0.46871781934496326,0.10237972567927917
50,3,000000000000000002cc,crop_loss,17.280338902187758,0.44183472833410353,0.22324469426602084
50,3,000000000000000006cc,crop_loss,20.25698546152128,0.31203008973562746,0.0638791305395699
50,3,0000000000000000016c,crop_loss,26.463494255184784,0.46049047924313646,0.11178036240401079
50,4,00000000000000000085,built_loss,14.49561509473788,0.3838723151782323,0.1267032872727497
50,4,00000000000000000114,built_loss,21.119175205114562,0.6517136715021197,0.11554664237209211
50,4,0000000000000000024c,built_loss,20.327430349622343,0.7102452537894889,0.08109676036549862
50,4,00000000000000000375,built_loss,25.566125581736422,0.6209831380676647,0.0980508147681649
50,4,000000000000000004d2,built_loss,21.026740162923737,0.626503176505564,0.11617586301068628
50,4,000000000000000005bd,built_loss,4.405589243495656,0.584102679877756,0.1348509202386895
50,4,00000000000000000281,crop_loss,30.45145500922137,0.505493537488484,0.10006578450587106
50,4,000000000000000003a2,crop_loss,23.51446637934847,0.34364398771223803,0.150066600031238
50,4,00000000000000000001,built_loss,19.980617821573812,0.42782616860948236,0.09568236788498197
50,4,00000000000000000049,built_loss,5.048894451533817,0.47218355107639076,0.07674710896233417
50,4,0000000000000000004f,built_loss,22.897981870483445,0.4279880324241307,0.14026857713994206
50,4,0000000000000000005a,built_loss,23.648148804407562,0.4274080965066955,0.050074259261830456
50,4,00000000000000000079,built_loss,32.24857800175239,0.657703563789506,0.12238414176750889
50,4,00000000000000000087,built_loss,28.500703030424262,0.6497425939697224,0.1645213000831981
50,4,000000000000000000a1,built_loss,7.157433464882294,0.4094041732982241,0.11178068351302606
50,4,000000000000000000b8,built_loss,9.926693179506024,0.49524507728374356,0.25956772536150685
50,4,000000000000000000c0,built_loss,24.488864973274897,0.6501885623954795,0.12284957973606347
50,4,000000000000000000e2,built_loss,16.932426147589474,0.3921090117038629,0.13197218655536835
50,4,000000000000000000f0,built_loss,24.5506496762557,0.7039103790254314,0.10505269860336963
50,4,000000000000000000f8,built_loss,27.224393889857115,0.5777327114981816,0.11255714900048619
50,4,0000000000000000011c,built_loss,6.23527608789979,0.740294620282738,0.08278111061990723
50,4,00000000000000000161,built_loss,27.495275854703312,0.6912911926407507,0.08154745497659976
50,4,0000000000000000016a,built_loss,8.681162768302888,0.22863061585071662,0.08835665890914049
50,4,00000000000000000176,built_loss,22.255385303296023,0.6534012492443422,0.06673040177184819
50,4,000000000000000001a8,built_loss,30.938125925855466,0.5205598098671456,0.1019604968933352
50,4,000000000000000001cd,built_loss,28.36760733710855,0.7094796672057682,0.18006421992773136
50,4,000000000000000001e5,built_loss,16.897718292593673,0.5922844493494704,0.10465840025291684
50,4,00000000000000000209,built_loss,31.98874249692214,0.5942671568780189,0.10588719200345265
50,4,00000000000000000231,built_loss,29.852241346377554,0.5361789000487499,0.15481348712148646
50,4,0000000000000000026d,built_loss,21.81599192278657,0.5724521442107575,0.1410400956730815
50,4,00000000000000000278,built_loss,31.38431465837589,0.7840774045050893,0.09841891520892498
50,4,00000000000000000293,built_loss,22.84903474196628,0.46934834128718395,0.12019099212003459
50,4,00000000000000000316,built_loss,1.8948240283411928,0.12134883611062759,0.043014842203053155
50,4,00000000000000000356,built_loss,24.65076901469872,0.5607410654916738,0.19760684300166503
50,4,00000000000000000362,built_loss,28.28696413220558,0.5832368653063443,0.13525544551809865
50,4,00000000000000000363,built_loss,20.954812093331576,0.2501259465935495,0.10766625827402845
50,4,00000000000000000364,built_loss,28.951085916880604,0.616115853687117,0.11018627920261936
50,4,00000000000000000380,built_loss,23.40189138024355,0.49292064092971855,0.07406296503705584
50,4,00000000000000000384,built_loss,15.164310635657392,0.5753511458776333,0.05541689983528708
50,4,0000000000000000039e,built_loss,9.838415428711425,0.49308854573155814,0.05957420918267742
50,4,000000000000000003a1,built_loss,18.599425402276022,0.6542607736957406,0.08423589006325971
50,4,000000000000000003a5,built_loss,18.712428362743967,0.42212852060465816,0.13226374469802976
50,4,000000000000000003b7,built_loss,12.055471520252965,0.4928940883482284,0.06553878663328966
50,4,000000000000000003bf,built_loss,28.787283401060623,0.5437001555477403,0.07743213628371182
50,4,000000000000000003d2,built_loss,27.042382568866564,0.5703639291070398,0.13186664861229247
50,4,000000000000000003f8,built_loss,6.6591516010068,0.22748842486369428,0.04893993850259859
50,4,000000000000000003fa,built_loss,30.169289718817648,0.4366153137525216,0.07567381304256177
50,4,00000000000000000407,built_loss,30.15687381051085,0.5129716996264342,0.12952323607741112
50,4,0000000000000000040f,built_loss,20.661016371397736,0.519115167643754,0.03487588971916877
50,4,00000000000000000426,built_loss,27.020387745632938,0.5667720652654512,0.0715911057198545
50,4,0000000000000000042b,built_loss,25.59473343828917,0.5472669497510435,0.11366438790958566
50,4,00000000000000000442,built_loss,3.4368877342994257,0.36216333069290463,0.32780957813625394
50,4,00000000000000000465,built_loss,34.44185851167173,0.6278778265720223,0.12987353552240966
50,4,0000000000000000047e,built_loss,15.908351348572118,0.529800067466469,0.0760037504236789
50,4,00000000000000000490,built_loss,30.111109602737503,0.6424647869518404,0.1509258734956258
50,4,000000000000000004c0,built_loss,27.512814431769247,0.6516012826510602,0.06165084058915027
50,4,000000000000000004c5,built_loss,10.732498112095668,0.6085392695883474,0.12612345431533512
50,4,000000000000000004d9,built_loss,24.53626226216018,0.5730493677311522,0.05687158149458915
50,4,000000000000000004eb,built_loss,30.515075258808928,0.48881453941669767,0.10814185001173643
50,4,000000000000000004f7,built_loss,8.128120749238523,0.48071469798549754,0.06660836079578786
50,4,000000000000000004fe,built_loss,13.45480725973485,0.49789748554780117,0.0843542562942991
50,4,0000000000000000051d,built_loss,19.374048668097718,0.5672371244619027,0.2943646536547677
50,4,00000000000000000559,built_loss,25.39685775214619,0.7019601991323323,0.09078462638127305
50,4,00000000000000000576,built_loss,8.934144072722049,0.29195810849851406,0.0715980186096126
50,4,00000000000000000577,built_loss,10.108746668939053,0.5085623082217112,0.1888080870746343
50,4,0000000000000000057f,built_loss,2.192255273695001,0.40363014340666253,0.1586749236760293
50,4,00000000000000000594,built_loss,17.767213014104716,0.5369503348690531,0.22949443991301738
50,4,000000000000000005ad,built_loss,25.250541933327707,0.6825780980911595,0.06603933581685661
50,4,000000000000000005bf,built_loss,21.646014122588785,0.39304422879782747,0.06040198080681264
50,4,000000000000000005cc,built_loss,7.706910099252175,0.363212200985094,0.07466584132348353
50,4,000000000000000005de,built_loss,23.95860612467353,0.45194413048982307,0.033516024351831764
50,4,000000000000000005e7,built_loss,31.661264649585494,0.6489456907193918,0.14054733049801404
50,4,000000000000000005f9,built_loss,12.337170672137376,0.6831955963924813,0.11062991917049847
50,4,0000000000000000061c,built_loss,11.79421138352007,0.3997618664558676,0.09767666771738365
50,4,00000000000000000624,built_loss,4.3473436861616594,0.5054286732383981,0.12658010889482407
50,4,00000000000000000626,built_loss,24.77289607225487,0.5097005117319381,0.06670499224455345
50,4,0000000000000000062a,built_loss,24.47515486944381,0.5628137555478205,0.11424812054592115
50,4,00000000000000000636,built_loss,17.346125540047165,0.4850765953996157,0.20073585217645595
50,4,0000000000000000064a,built_loss,3.311839177872426,0.31100261226650777,0.06349190058817028
50,4,0000000000000000064d,built_loss,12.12436447437399,0.44332555178284727,0.1182336060190683
50,4,00000000000000000694,built_loss,21.965820721076266,0.3611390959482718,0.05021122801842148
50,4,0000000000000000069d,built_loss,26.632151020092085,0.6444510102614318,0.11026115902408584
50,4,000000000000000006b7,built_loss,24.077899431094593,0.46408814860763353,0.05559222989379525
50,4,000000000000000006df,built_loss,16.646598592754717,0.2178603527504456,0.09030176815505023
50,4,000000000000000006e3,built_loss,23.077863866587226,0.38676925516972077,0.12609466326405488
50,4,00000000000000000011,crop_loss,26.372980320042792,0.8025346418240609,0.4278009995100712
50,4,0000000000000000002b,crop_loss,30.95552254872778,0.18035151867592802,0.1522813820456438
50,4,0000000000000000002d,crop_loss,33.11380286893807,0.44690430911755813,0.1039385910946588
50,4,0000000000000000003a,crop_loss,27.422859412613104,0.3519348597296105,0.1069049963634981
50,4,0000000000000000009b,crop_loss,13.719635889382078,0.49042502949536343,0.02107904978249625
50,4,0000000000000000009d,crop_loss,6.686960426817356,0.3846713171518341,0.1044022577428429
50,4,000000000000000000a8,crop_loss,25.806466548046895,0.20743384414694124,0.04960145773728658
50,4,000000000000000000da,crop_loss,22.535328287802777,0.7445373982691396,0.08357915021019102
50,4,000000000000000000e3,crop_loss,30.439778420016346,0.5088633721077209,0.09494531822982949
50,4,000000000000000000e9,crop_loss,5.592078955111602,0.3583190001904616,0.20834264650035783
50,4,0000000000000000011b,crop_loss,21.10728918821205,0.47437225941333383,0.067482346146927
50,4,00000000000000000128,crop_loss,25.30295728723776,0.5592666828449031,0.047091034373502594
50,4,00000000000000000192,crop_loss,29.286006418302627,0.5711470138300804,0.05599153978942806
50,4,00000000000000000196,crop_loss,18.82334335984123,0.24763091065805956,0.07902936103066957
50,4,000000000000000001a6,crop_loss,30.7672284685246,0.2709370733083383,0.1588980434236131
50,4,000000000000000001e4,crop_loss,27.618206104514996,0.4570770845859337,0.0791950211052701
50,4,000000000000000001f9,crop_loss,26.9139982560928,0.48597599894943266,0.3659555389769064
50,4,00000000000000000228,crop_loss,21.979416998728503,0.5205447475576046,0.27816987582622327
50,4,0000000000000000028c,crop_loss,3.583515002834609,0.3021256893790599,0.05997735814060107
50,4,0000000000000000028d,crop_loss,19.272882310259842,0.6904652951955248,0.11575855830932047
50,4,00000000000000000291,crop_loss,13.537246170111704,0.8792078870002676,0.036252796718398095
50,4,000000000000000002c5,crop_loss,25.023981263899714,0.3213432335687148,0.14399600950740415
50,4,000000000000000002dc,crop_loss,29.30179809610159,0.630246774700511,0.10697620702538602
50,4,000000000000000002e4,crop_loss,30.31646946603867,0.3482662801429507,0.122412245108112
50,4,000000000000000002ec,crop_loss,32.58337519893296,0.45440203627181475,0.11775731529752004
50,4,00000000000000000314,crop_loss,25.10293635622206,0.09257697585464375,0.05685505378226939
50,4,00000000000000000335,crop_loss,31.847570271843093,0.49687747633214563,0.11389067885071441
50,4,0000000000000000033a,crop_loss,21.273528369190167,0.5082244746233104,0.09323044047685414
50,4,000000000000000003b0,crop_loss,31.928229242011163,0.16983244873916092,0.08850439481266803
50,4,000000000000000003c8,crop_loss,24.135349483324312,0.18428231966973993,0.068950153945457
50,4,000000000000000003f1,crop_loss,30.97535816434874,0.49582796966447956,0.12573131939376464
50,4,000000000000000003f2,crop_loss,29.427336574732124,0.46544407789910636,0.09440191239612877
50,4,0000000000000000044b,crop_loss,11.054413845143571,0.5643336135945077,0.05540890305313684
50,4,0000000000000000046c,crop_loss,29.216959433404245,0.4793058355911041,0.19076208881454587
50,4,00000000000000000480,crop_loss,9.157602983982358,0.8381974127814141,0.13890881159096446
50,4,00000000000000000483,crop_loss,8.319913312820946,0.735586447787386,0.15525270926486712
50,4,00000000000000000485,crop_loss,29.093091070828912,0.7000105456641593,0.06062796918157931
50,4,00000000000000000497,crop_loss,27.313551809560035,0.2094808477381477,0.0650583405334523
50,4,0000000000000000049b,crop_loss,30.21294980133443,0.3606314181329975,0.053698331015938294
50,4,000000000000000004a1,crop_loss,27.00456634978735,0.3666661323845778,0.11900629140424901
50,4,000000000000000004e7,crop_loss,17.94930259592473,0.4750860779912398,0.0333170855160671
50,4,000000000000000004e9,crop_loss,15.979920635273718,0.4142356215702794,0.21007408619768075
50,4,000000000000000004ee,crop_loss,16.300418980860123,0.4256049244430164,0.1822386859802455
50,4,000000000000000004f9,crop_loss,28.616502906782234,0.4029960382148143,0.1637746595178271
50,4,00000000000000000517,crop_loss,21.343458050460214,0.3418419781532846,0.2417285694637239
50,4,00000000000000000538,crop_loss,1.0690093887618177,0.31366540515350594,0.08594898894800762
50,4,0000000000000000057e,crop_loss,3.704984577304215,0.5794436586826697,0.05628691080806214
50,4,000000000000000005d1,crop_loss,13.53550369335534,0.1480502971771441,0.09609311940350324
50,4,00000000000000000611,crop_loss,28.702058566884823,0.6339705285948809,0.09457880590397083
50,4,0000000000000000062f,crop_loss,30.161159145012576,0.5498907534268013,0.23721110070543383
50,4,00000000000000000632,crop_loss,12.320254478118411,0.08127839570810287,0.047944338998002434
50,4,0000000000000000063e,crop_loss,30.238050334967582,0.3042048084468874,0.09949075332290108
50,4,00000000000000000655,crop_loss,24.811804539370875,0.40053082791740163,0.30370488342244567
50,4,00000000000000000697,crop_loss,37.9653611106101,0.6161643395388665,0.11397179882249964
50,4,00000000000000000698,crop_loss,17.30794898376771,0.4276713917326136,0.154869932082645
50,4,000000000000000006a8,crop_loss,33.53637482670876,0.31732253235104296,0.15367765069624417
50,4,000000000000000006b4,crop_loss,30.567128265294254,0.5110310738104095,0.1507540484311723
50,4,000000000000000006be,crop_loss,9.063001983866044,0.39280412777018403,0.10294839976438536
50,4,000000000000000006c0,crop_loss,2.6857145650514282,0.18445017628990612,0.06500613836674288
50,4,000000000000000006ce,crop_loss,19.84243214901776,0.6157852845759275,0.1396839442033283
50,4,000000000000000006d9,crop_loss,28.53995781521853,0.1797311566920617,0.08103970559977058
50,4,000000000000000006e5,crop_loss,30.597286386720313,0.45804356843861926,0.13663165876721411
50,4,00000000000000000151,built_loss,11.233214592699753,0.2659962414708206,0.05238231084423353
50,4,000000000000000001be,built_loss,6.067227645776641,0.5032811281784612,0.07300414906223279
50,4,0000000000000000034d,built_loss,5.410681222114311,0.4070484536765124,0.078763142953447
50,4,000000000000000003c7,crop_loss,20.05356013563885,0.7531231959455554,0.10584874423562318
50,4,0000000000000000004a,built_loss,11.120775048619423,0.45141113468420185,0.04581909054816952
50,4,00000000000000000206,built_loss,27.36759326033421,0.7489790214235205,0.14002330254905793
50,4,000000000000000002a4,built_loss,7.8504167947047625,0.45268629646798186,0.09056746475834576
50,4,000000000000000004f5,built_loss,8.346571365089725,0.4935087623897445,0.14751857233930338
50,4,000000000000000002cc,crop_loss,14.62034052223281,0.4545085520211103,0.2782825802397555
50,4,000000000000000006cc,crop_loss,21.530665655464496,0.3387967324476177,0.0886088127778003
50,4,0000000000000000016c,crop_loss,29.789282894892544,0.47685248940624025,0.10198317496487053
50,5,00000000000000000085,built_loss,13.974972271927642,0.394720262457031,0.17745915296079956
50,5,00000000000000000114,built_loss,20.701973366308533,0.7197596311220401,0.0894578731549659
50,5,0000000000000000024c,built_loss,21.83259029996372,0.7094037729644733,0.08918384090334763
50,5,00000000000000000375,built_loss,25.095640223518366,0.6300910304881917,0.11249669730827339
50,5,000000000000000004d2,built_loss,23.51181500890008,0.6135810324415003,0.11639218247156613
50,5,000000000000000005bd,built_loss,4.771870449446547,0.5615883067699537,0.10861339860719355
50,5,00000000000000000281,crop_loss,30.92145068187963,0.5352668107815534,0.0989447566875098
50,5,000000000000000003a2,crop_loss,22.185004985871885,0.33183286880943846,0.12715436385942086
50,5,00000000000000000001,built_loss,18.33837585718829,0.4392975134685159,0.14474043926307167
50,5,00000000000000000049,built_loss,4.507683687753577,0.4893821219379822,0.08157277670415469
50,5,0000000000000000004f,built_loss,31.0650095820088,0.4318292839911411,0.15361694373131218
50,5,0000000000000000005a,built_loss,20.166347956338114,0.43363788093873706,0.06047354379668307
50,5,00000000000000000079,built_loss,33.94400565001513,0.657955261579496,0.09527560279140346
50,5,00000000000000000087,built_loss,29.003656709618088,0.576407194562141,0.1477770718384741
50,5,000000000000000000a1,built_loss,8.92662811173936,0.43904644328040426,0.07986986468172519
50,5,000000000000000000b8,built_loss,9.599949402957353,0.5374802130540263,0.18205321570390331
50,5,000000000000000000c0,built_loss,26.604111457566727,0.6025220556348934,0.10064405379069152
50,5,000000000000000000e2,built_loss,15.126488010510332,0.3694882540349771,0.14684463544104254
50,5,000000000000000000f0,built_loss,25.059279521046182,0.6503132844871312,0.14914463975758518
50,5,000000000000000000f8,built_loss,29.14143080031536,0.5435529476215561,0.11222856685317217
50,5,0000000000000000011c,built_loss,7.488750019409566,0.7127206796911699,0.06655162880929932
50,5,00000000000000000161,built_loss,26.465997589715393,0.6459134969510945,0.10189531587355805
50,5,0000000000000000016a,built_loss,8.424502941818211,0.26358187462315935,0.12229169014618371
50,5,00000000000000000176,built_loss,19.675847292083393,0.6552659095418532,0.072168094160729
50,5,000000000000000001a8,built_loss,30.11675088424292,0.5552123226491632,0.13450830596622604
50,5,000000000000000001cd,built_loss,29.034512572948948,0.7114074296034445,0.15491189300432529
50,5,000000000000000001e5,built_loss,17.867330888348846,0.5428908587316008,0.10632893965634632
50,5,00000000000000000209,built_loss,31.95274606603163,0.6265938338921566,0.09324143175798905
50,5,00000000000000000231,built_loss,28.28622654388865,0.5014261228375907,0.12025895583631552
50,5,0000000000000000026d,built_loss,21.794157728584782,0.5914685402406915,0.11504523568339053
50,5,00000000000000000278,built_loss,28.23545135004691,0.7549048461365069,0.11179554783777101
50,5,00000000000000000293,built_loss,21.07001005312405,0.5168965035782496,0.08750437234512537
50,5,00000000000000000316,built_loss,2.0919626668789033,0.10535560936909155,0.04511522979649277
50,5,00000000000000000356,built_loss,27.747050458901576,0.5051021030132354,0.19927199452308614
50,5,00000000000000000362,built_loss,28.92547095908596,0.5917092719777444,0.11492815534045875
50,5,00000000000000000363,built_loss,19.07797272284161,0.23310400991088454,0.062182511799458995
50,5,00000000000000000364,built_loss,34.86621035075304,0.6424126210295427,0.13059405784946132
50,5,00000000000000000380,built_loss,16.92669212934339,0.4924217784898376,0.09677282191745329
50,5,00000000000000000384,built_loss,17.384704374069695,0.5921079605440679,0.07383342703717877
50,5,0000000000000000039e,built_loss,7.242715644970075,0.4728715679746387,0.060525616449198294
50,5,000000000000000003a1,built_loss,15.133306738901023,0.613106833974385,0.09194129284710995
50,5,000000000000000003a5,built_loss,21.265712313525775,0.3952710718458168,0.16696231232103037
50,5,000000000000000003b7,built_loss,14.020452441161995,0.4915704380494459,0.0499380950573835
50,5,000000000000000003bf,built_loss,32.23844175182267,0.5677893439175362,0.08850821993616365
50,5,000000000000000003d2,built_loss,32.21104643003423,0.5810015111478154,0.12758434360151993
50,5,000000000000000003f8,built_loss,7.310181650244957,0.2110534391954405,0.06302186783514147
50,5,000000000000000003fa,built_loss,29.316810635801858,0.4445881719820808,0.09686231467083106
50,5,00000000000000000407,built_loss,30.472423531296748,0.531282606278357,0.11834433052310833
50,5,0000000000000000040f,built_loss,24.354853587054237,0.5362220034510562,0.04936145964058225
50,5,00000000000000000426,built_loss,23.85029893984704,0.5518138127373939,0.10576505176097384
50,5,0000000000000000042b,built_loss,27.603539440293503,0.552915787857773,0.1447760479202853
50,5,00000000000000000442,built_loss,3.70029901069757,0.55240414920026,0.37032935925376886
50,5,00000000000000000465,built_loss,25.796220855437316,0.6054908551468499,0.10350396740007517
50,5,0000000000000000047e,built_loss,15.00885858333048,0.5450367223169446,0.10423557971453129
50,5,00000000000000000490,built_loss,34.09422724170026,0.6819623863898017,0.11067293042975312
50,5,000000000000000004c0,built_loss,27.374682839100597,0.6348285434385715,0.09177192326510741
50,5,000000000000000004c5,built_loss,10.26072748204872,0.5658832212752204,0.10991884868563073
50,5,000000000000000004d9,built_loss,21.522267323790167,0.5458385765776808,0.07772007014938187
50,5,000000000000000004eb,built_loss,30.296248298250116,0.45191997046731136,0.0820215976154039
50,5,000000000000000004f7,built_loss,8.490369920753794,0.4722405791602324,0.06834108277730866
50,5,000000000000000004fe,built_loss,15.736752887029144,0.5046316901813264,0.057240606134109584
50,5,0000000000000000051d,built_loss,23.999754277398697,0.5374714035043232,0.2633142694603105
50,5,00000000000000000559,built_loss,28.064065023386313,0.6706248755688495,0.13655200206297657
50,5,00000000000000000576,built_loss,8.65889998515197,0.25492632012310257,0.0717115903316439
50,5,00000000000000000577,built_loss,8.611605007682023,0.4859111707095377,0.08327344967316791
50,5,0000000000000000057f,built_loss,2.2303086494461484,0.3979243618757303,0.06801564996932047
50,5,00000000000000000594,built_loss,18.006001714537167,0.5306028577947507,0.2429949471241702
50,5,000000000000000005ad,built_loss,29.821677445813812,0.6175582657817275,0.14263003958379217
50,5,000000000000000005bf,built_loss,22.210032033858297,0.39970941129995274,0.10374611439462128
50,5,000000000000000005cc,built_loss,8.408650150257712,0.3865107429621994,0.06847640012593409
50,5,000000000000000005de,built_loss,25.792480267048084,0.43621235651683105,0.052753606679284026
50,5,000000000000000005e7,built_loss,28.56550349024541,0.6595995442989562,0.15029705092666867
50,5,000000000000000005f9,built_loss,15.032675033562215,0.7152882329310418,0.08880680324005874
50,5,0000000000000000061c,built_loss,19.256364829285847,0.3987869715024564,0.09884488915367129
50,5,00000000000000000624,built_loss,5.095941001286537,0.5503865397174786,0.10308542859464725
50,5,00000000000000000626,built_loss,25.21331896655023,0.516753433333534,0.08243624529548349
50,5,0000000000000000062a,built_loss,26.878256791542437,0.6067093858011968,0.08236714431097536
50,5,00000000000000000636,built_loss,16.972205020036803,0.530607145444324,0.23617346356973667
50,5,0000000000000000064a,built_loss,3.2505067484952077,0.2895298164750928,0.07099450756816172
50,5,0000000000000000064d,built_loss,11.51748922424968,0.46673405620201147,0.1054095319392288
50,5,00000000000000000694,built_loss,21.497869090973193,0.3852448428698041,0.05026534862425169
50,5,0000000000000000069d,built_loss,23.96931684471453,0.6503445002054997,0.08712333683905915
50,5,000000000000000006b7,built_loss,20.631958891210907,0.4489440544139249,0.07101602234604693
50,5,000000000000000006df,built_loss,14.968524678251715,0.2331213242876918,0.06881928378308949
50,5,000000000000000006e3,built_loss,23.67794369108111,0.3664095713382243,0.13137201816574307
50,5,00000000000000000011,crop_loss,29.80839871529587,0.73702008273865,0.370085020158592
50,5,0000000000000000002b,crop_loss,28.89124809867284,0.17376959711115794,0.12637112464638384
50,5,0000000000000000002d,crop_loss,32.76486458843303,0.4538225737069235,0.09663031570792258
50,5,0000000000000000003a,crop_loss,26.106236682886454,0.28688214169420967,0.1032241057847241
50,5,0000000000000000009b,crop_loss,15.373602161063753,0.4900081209986388,0.02958230491811442
50,5,0000000000000000009d,crop_loss,6.906967542036417,0.36672553657545226,0.10808877289931934
50,5,000000000000000000a8,crop_loss,26.692994128070502,0.21208377233474435,0.04239289981546429
50,5,000000000000000000da,crop_loss,21.769643615975255,0.7473688046268503,0.08011343963747974
50,5,000000000000000000e3,crop_loss,31.95092200746979,0.5190028738182176,0.1502638351144463
50,5,000000000000000000e9,crop_loss,6.045602249386247,0.36096950353585405,0.1678811702177933
50,5,0000000000000000011b,crop_loss,21.25429553822714,0.4675628467019013,0.057550050879407844
50,5,00000000000000000128,crop_loss,23.108121030947476,0.530940085292317,0.04960092568335006
50,5,00000000000000000192,crop_loss,24.88267033290374,0.5686565100798637,0.0463118237881599
50,5,00000000000000000196,crop_loss,18.10805654338269,0.24447852313212437,0.06078154456295759
50,5,000000000000000001a6,crop_loss,24.506339651567533,0.35072280333879513,0.18685171571159764
50,5,000000000000000001e4,crop_loss,30.55673415704754,0.5083279575984067,0.07506299284613299
50,5,000000000000000001f9,crop_loss,26.893692956827334,0.4754937816841391,0.3313069378719103
50,5,00000000000000000228,crop_loss,21.39691407135626,0.43036322102389296,0.2723544342372736
50,5,0000000000000000028c,crop_loss,4.704423773505943,0.2786504216683611,0.08507558586930941
50,5,0000000000000000028d,crop_loss,17.27954629310976,0.6573812605916911,0.09604293466794567
50,5,00000000000000000291,crop_loss,12.290075817900656,0.8886467404419361,0.032627546047172995
50,5,000000000000000002c5,crop_loss,22.280289836756946,0.2778677470500128,0.1578244588032735
50,5,000000000000000002dc,crop_loss,32.23750961789054,0.6150928844588709,0.11814045964415776
50,5,000000000000000002e4,crop_loss,26.02255853029558,0.2961407907782424,0.1196863741284549
50,5,000000000000000002ec,crop_loss,35.34895263099293,0.5327952288220557,0.1281688282330305
50,5,00000000000000000314,crop_loss,22.002881980354854,0.10644644086961993,0.10988101292464876
50,5,00000000000000000335,crop_loss,31.63454189432579,0.4458627539132091,0.10291657501921936
50,5,0000000000000000033a,crop_loss,24.374042866552717,0.52027805833819,0.08141015878170277
50,5,000000000000000003b0,crop_loss,31.200906428598216,0.19449233410072658,0.0983869276437562
50,5,000000000000000003c8,crop_loss,27.563214045830915,0.16727807668961503,0.0805816278647292
50,5,000000000000000003f1,crop_loss,29.108355253500903,0.46123776638055,0.15410801129116297
50,5,000000000000000003f2,crop_loss,24.861069440065144,0.47759341288937884,0.09570893436669542
50,5,0000000000000000044b,crop_loss,12.733026718255301,0.5770294416970025,0.06494598649295025
50,5,0000000000000000046c,crop_loss,23.741638877226364,0.556189124753456,0.20368043015288778
50,5,00000000000000000480,crop_loss,9.342253523753664,0.8530283521669982,0.23208997582794977
50,5,00000000000000000483,crop_loss,10.048206839867957,0.7403541983144785,0.0933461595027596
50,5,00000000000000000485,crop_loss,28.650099844610914,0.6916021858043926,0.0539826199460387
50,5,00000000000000000497,crop_loss,26.322509149294362,0.2058205153843843,0.0756336242781516
50,5,0000000000000000049b,crop_loss,26.578293851256362,0.3686860973500067,0.058073706254954394
50,5,000000000000000004a1,crop_loss,27.37773476782381,0.3306696244381714,0.07445803771104437
50,5,000000000000000004e7,crop_loss,19.570666090296484,0.5016085781938371,0.05588736677490591
50,5,000000000000000004e9,crop_loss,16.02901898977084,0.41663050854467365,0.18197340736326895
50,5,000000000000000004ee,crop_loss,15.940219353432605,0.3513422876769848,0.21927202892867698
50,5,000000000000000004f9,crop_loss,24.910959778810778,0.43211106942675637,0.2184964911560242
50,5,00000000000000000517,crop_loss,24.1442363995989,0.38229324073032783,0.30101333309850753
50,5,00000000000000000538,crop_loss,1.0615035820331393,0.32497409621754025,0.05839426108137319
50,5,0000000000000000057e,crop_loss,4.289398354521674,0.5477697811968668,0.05131511332362537
50,5,000000000000000005d1,crop_loss,13.031650760408759,0.1716023965794415,0.10836006576258983
50,5,00000000000000000611,crop_loss,25.734292420447638,0.6648510589972076,0.10986443386206646
50,5,0000000000000000062f,crop_loss,30.822756235075975,0.4497791530482046,0.18196692817545995
50,5,00000000000000000632,crop_loss,11.650690465873968,0.07449228434688512,0.04038774084891709
50,5,0000000000000000063e,crop_loss,29.350664744731212,0.31890360766057985,0.12651201595425876
50,5,00000000000000000655,crop_loss,20.901388023236084,0.5467064909615655,0.2871781216865693
50,5,00000000000000000697,crop_loss,35.47763966019616,0.6005458390703573,0.09825925407346359
50,5,00000000000000000698,crop_loss,18.54423974692475,0.494092926724375,0.12631745909353453
50,5,000000000000000006a8,crop_loss,30.21230912398228,0.269764035792142,0.1054070595766945
50,5,000000000000000006b4,crop_loss,34.68478335870087,0.4986008820895659,0.1693332954253688
50,5,000000000000000006be,crop_loss,12.864185323408305,0.4202959247330556,0.11418923826823157
50,5,000000000000000006c0,crop_loss,3.1712391182229496,0.21828604674085147,0.07426670551146602
50,5,000000000000000006ce,crop_loss,18.738240859631876,0.4330139615373382,0.15710347672309077
50,5,000000000000000006d9,crop_loss,24.557339493274096,0.19640472307370185,0.08727171198098307
50,5,000000000000000006e5,crop_loss,28.47921442859079,0.5496200159317944,0.13373518299470766
50,5,00000000000000000151,built_loss,9.437169864754354,0.29873951685714845,0.07062505314079276
50,5,000000000000000001be,built_loss,5.576692107327325,0.4956409367385817,0.12246048970799478
50,5,0000000000000000034d,built_loss,6.11492715273146,0.41422298371492633,0.05330587615102633
50,5,000000000000000003c7,crop_loss,24.07540537306571,0.756742772984413,0.11248301520325166
50,5,0000000000000000004a,built_loss,10.486057716277898,0.44225801820867705,0.03787414293361874
50,5,00000000000000000206,built_loss,24.350845305152117,0.7504810388258024,0.07568316582006074
50,5,000000000000000002a4,built_loss,10.75477816661941,0.38090212635456755,0.0799555262894977
50,5,000000000000000004f5,built_loss,8.430355431736464,0.45926390385368543,0.13712975040969644
50,5,000000000000000002cc,crop_loss,14.80178827768688,0.3849461548561929,0.27186227788919737
50,5,000000000000000006cc,crop_loss,18.137427554206727,0.3758547521367984,0.08095136010553555
50,5,0000000000000000016c,crop_loss,25.220031913029693,0.5039116195030041,0.09448588489527343
50,6,00000000000000000085,built_loss,12.0723192757855,0.3719786335103851,0.1158278798665831
50,6,00000000000000000114,built_loss,23.813944332850326,0.6853073059903406,0.08694407118645653
50,6,0000000000000000024c,built_loss,18.056785294084197,0.7308284359060818,0.06225390009031373
50,6,00000000000000000375,built_loss,24.46020417976336,0.597240614352401,0.10532045222360942
50,6,000000000000000004d2,built_loss,21.909985569929322,0.6662668054371033,0.15067125649389834
50,6,000000000000000005bd,built_loss,4.565228968560577,0.5759943795352339,0.09626815825242385
50,6,00000000000000000281,crop_loss,28.712068202333313,0.5170296815712664,0.07905267219159556
50,6,000000000000000003a2,crop_loss,19.756713667407833,0.3786958846100776,0.14567048118431658
50,6,00000000000000000001,built_loss,17.970049280667094,0.43113023886932067,0.11005629004913131
50,6,00000000000000000049,built_loss,4.3287122856960005,0.5137008942609305,0.09662476069372944
50,6,0000000000000000004f,built_loss,24.914741230933004,0.4590990488967941,0.18444004915041112
50,6,0000000000000000005a,built_loss,23.354805992308627,0.4382204572591459,0.0551557641518956
50,6,00000000000000000079,built_loss,33.44069168141931,0.6429224050675637,0.10598943805384387
50,6,00000000000000000087,built_loss,31.438618769161028,0.6071215681426745,0.18409774618462416
50,6,000000000000000000a1,built_loss,8.435645737372193,0.4346041120365759,0.08817716355283695
50,6,000000000000000000b8,built_loss,10.505486643269798,0.48889253574568114,0.20546434359257781
50,6,000000000000000000c0,built_loss,22.504563959449666,0.636301905384535,0.0888444331804712
50,6,000000000000000000e2,built_loss,14.792345013011722,0.42573776347706016,0.16186490841238443
50,6,000000000000000000f0,built_loss,24.27286578659838,0.6454302488710295,0.1388242562432379
50,6,000000000000000000f8,built_loss,32.91159991219977,0.5463928693000663,0.10639172898677507
50,6,0000000000000000011c,built_loss,6.72857735457162,0.7206042568335741,0.06563403708992177
50,6,00000000000000000161,built_loss,24.92669772401639,0.6459209644302123,0.11134274667579236
50,6,0000000000000000016a,built_loss,8.862580862787338,0.2530066471245253,0.1002617389042317
50,6,00000000000000000176,built_loss,20.515406852586175,0.6454352508716344,0.07504642986004018
50,6,000000000000000001a8,built_loss,34.54331909641927,0.5328278032334349,0.12536908673742186
50,6,000000000000000001cd,built_loss,31.2139523262173,0.782374986911196,0.23145285231368984
50,6,000000000000000001e5,built_loss,15.755517610324384,0.5558797442259508,0.12113688400042988
50,6,00000000000000000209,built_loss,29.808661804094655,0.5819768016332891,0.13810708519243498
50,6,00000000000000000231,built_loss,26.978159010688767,0.5279124883771067,0.13039407867106995
50,6,0000000000000000026d,built_loss,20.30886581993218,0.6008221620384345,0.15123596975354991
50,6,00000000000000000278,built_loss,28.963641026602133,0.7383671960287587,0.09528808876072925
50,6,00000000000000000293,built_loss,20.826844019338036,0.5020836679083277,0.11751453642304399
50,6,00000000000000000316,built_loss,1.9697494308184715,0.12600509658518616,0.025702397466851337
50,6,00000000000000000356,built_loss,23.817048751625233,0.5037896849271595,0.1893596796840743
50,6,00000000000000000362,built_loss,29.413940252144027,0.5596720269006488,0.10127246170565318
50,6,00000000000000000363,built_loss,20.652290763760107,0.25496178171099876,0.061676342825078806
50,6,00000000000000000364,built_loss,31.306298867019848,0.6518939473028367,0.12548711335496776
50,6,00000000000000000380,built_loss,28.62215132232039,0.543875825510815,0.09595976688413338
50,6,00000000000000000384,built_loss,17.444961938660335,0.5937270269083399,0.07278290015050748
50,6,0000000000000000039e,built_loss,7.384663549015205,0.47892373920719017,0.09998549867196083
50,6,000000000000000003a1,built_loss,15.896115994159445,0.5899677348466964,0.07371990248945026
50,6,000000000000000003a5,built_loss,20.807885921924537,0.3975447624722094,0.18399684623737933
50,6,000000000000000003b7,built_loss,11.794116994058678,0.48786882027928435,0.06124983872602435
50,6,000000000000000003bf,built_loss,31.858129831552144,0.5097772715363783,0.08963770021461531
50,6,000000000000000003d2,built_loss,26.505313109202035,0.5807159037212596,0.14919542766559302
50,6,000000000000000003f8,built_loss,6.918981550619304,0.21050771129120274,0.061217725340710544
50,6,000000000000000003fa,built_loss,30.210239568721892,0.4188611864564824,0.09607491648130095
50,6,00000000000000000407,built_loss,27.419254242097285,0.5619890208329181,0.14298846443368946
50,6,0000000000000000040f,built_loss,22.506585522683597,0.5155900881843821,0.04177981703725958
50,6,00000000000000000426,built_loss,19.05697531219251,0.566478345301559,0.10968739942906314
50,6,0000000000000000042b,built_loss,23.22717758482064,0.5562555672323447,0.1123675031161746
50,6,00000000000000000442,built_loss,3.9270221737939224,0.49106244783048825,0.32132030635272624
50,6,00000000000000000465,built_loss,29.55068633642004,0.6371881708191541,0.08893752799129329
50,6,0000000000000000047e,built_loss,16.390949478077438,0.5573046420408589,0.0700697036084944
50,6,00000000000000000490,built_loss,27.099104765123588,0.6661777074697586,0.12058272123862646
50,6,000000000000000004c0,built_loss,27.66353116162195,0.644515384956683,0.07820087297650236
50,6,000000000000000004c5,built_loss,11.194100559546907,0.5854006489214878,0.14144341192654553
50,6,000000000000000004d9,built_loss,26.198611910973433,0.567229667996808,0.08633387194155873
50,6,000000000000000004eb,built_loss,29.54088189175919,0.4728421142190115,0.042367904574557025
50,6,000000000000000004f7,built_loss,8.306648450868554,0.4746376453041725,0.059676398983340206
50,6,000000000000000004fe,built_loss,13.667775036185606,0.4804856142053337,0.06672082999686518
50,6,0000000000000000051d,built_loss,19.688522276402416,0.47205022963935994,0.21098893732266755
50,6,00000000000000000559,built_loss,27.574653270595178,0.7048153085746288,0.14571750634539327
50,6,00000000000000000576,built_loss,8.450180438662075,0.2801116872571267,0.11665295548075738
50,6,00000000000000000577,built_loss,10.079375250762212,0.45817329639327836,0.2151648950029077
50,6,0000000000000000057f,built_loss,2.336556534738879,0.40653359849011367,0.11675660505528773
50,6,00000000000000000594,built_loss,18.754885960867313,0.576173087822474,0.24576560063768443
50,6,000000000000000005ad,built_loss,31.163996982094,0.6446663047467445,0.10479829825674114
50,6,000000000000000005bf,built_loss,26.438644123166974,0.42174597969302235,0.08618772518342116
50,6,000000000000000005cc,built_loss,7.9129930501622665,0.3450879539834937,0.06848479760914478
50,6,000000000000000005de,built_loss,25.88511436388949,0.45176936976283666,0.04001084448060638
50,6,000000000000000005e7,built_loss,25.55738696488707,0.6773304407581676,0.1047816376361318
50,6,000000000000000005f9,built_loss,13.845110705571457,0.6607238760970652,0.13298270495837816
50,6,0000000000000000061c,built_loss,14.395342976623994,0.38469822954451044,0.09949582269048868
50,6,00000000000000000624,built_loss,4.485625844242824,0.4714367358079977,0.1280498508733211
50,6,00000000000000000626,built_loss,22.8432056469687,0.5187887604204944,0.05484407514900036
50,6,0000000000000000062a,built_loss,25.26970329704168,0.5488513002595377,0.12337741118898049
50,6,00000000000000000636,built_loss,20.19865236398183,0.46817575030252734,0.21101642125399123
50,6,0000000000000000064a,built_loss,3.5315695288329074,0.276847131502259,0.06342499430851117
50,6,0000000000000000064d,built_loss,12.457124846342264,0.43140622356596603,0.08709529891828727
50,6,00000000000000000694,built_loss,23.336585622553756,0.35349715660076214,0.04341872410246078
50,6,0000000000000000069d,built_loss,29.983267543525287,0.6463280682044614,0.08120662944206969
50,6,000000000000000006b7,built_loss,21.712503676134308,0.4565984009767899,0.053370891606910276
50,6,000000000000000006df,built_loss,14.939109181840442,0.2387451302191762,0.12797532691594968
50,6,000000000000000006e3,built_loss,23.923512299353213,0.3798726971397715,0.11138311967522674
50,6,00000000000000000011,crop_loss,24.22947602070296,0.8371722594516622,0.13281447539956692
50,6,0000000000000000002b,crop_loss,33.276818963155335,0.13494215001279505,0.14300434387362143
50,6,0000000000000000002d,crop_loss,31.683227801059726,0.44379844053212936,0.08708527132218369
50,6,0000000000000000003a,crop_loss,25.301758403954963,0.3037747447378115,0.12887843761807227
50,6,0000000000000000009b,crop_loss,17.413842958824773,0.48956557784757737,0.02263543002897972
50,6,0000000000000000009d,crop_loss,6.864482041443253,0.3782699534168001,0.07876827464109531
50,6,000000000000000000a8,crop_loss,25.59945387110783,0.2018896906094526,0.03334510172177588
50,6,000000000000000000da,crop_loss,20.577041447980605,0.780688982518032,0.05845960480038337
50,6,000000000000000000e3,crop_loss,31.78238171419245,0.5070180260572631,0.14672961802470225
50,6,000000000000000000e9,crop_loss,4.910560481805571,0.4521262997282229,0.17213687936606553
50,6,0000000000000000011b,crop_loss,20.656750618373902,0.4882646662429107,0.05635923567268086
50,6,00000000000000000128,crop_loss,24.099358618191285,0.5368441374668719,0.05736985143178286
50,6,00000000000000000192,crop_loss,28.30300070483628,0.5801922153587191,0.06704300130257745
50,6,00000000000000000196,crop_loss,20.37639587950427,0.23874856823784013,0.07103528593242397
50,6,000000000000000001a6,crop_loss,25.840943429595857,0.28141421992385246,0.13433501215084967
50,6,000000000000000001e4,crop_loss,25.87968734461954,0.46983067145555596,0.09190122573745291
50,6,000000000000000001f9,crop_loss,30.410905216073143,0.44969303034696834,0.3139825018965808
50,6,00000000000000000228,crop_loss,21.45115610180747,0.5244344059815569,0.2422214982416842
50,6,0000000000000000028c,crop_loss,4.123640958353198,0.30728104266583117,0.08844957719668373
50,6,0000000000000000028d,crop_loss,21.435511158012226,0.6325962679891463,0.09743607263071086
50,6,00000000000000000291,crop_loss,13.542737508592383,0.8782924459824332,0.03674893276053548
50,6,000000000000000002c5,crop_loss,20.193470806266316,0.33579910206211344,0.13276017246110164
50,6,000000000000000002dc,crop_loss,34.66656336418888,0.6439349512015206,0.09734613637197098
50,6,000000000000000002e4,crop_loss,28.536950369377138,0.37484564691123873,0.14425689202930092
50,6,000000000000000002ec,crop_loss,28.467453032633887,0.5038699159690215,0.13959730447223662
50,6,00000000000000000314,crop_loss,20.40459439863466,0.05851377481517201,0.08022662238651362
50,6,00000000000000000335,crop_loss,31.91029687185288,0.4600689201692068,0.10507937738023859
50,6,0000000000000000033a,crop_loss,24.37146413688312,0.5379298511775806,0.12016967670749612
50,6,000000000000000003b0,crop_loss,35.20561607054749,0.22394790829902395,0.11793346378296407
50,6,000000000000000003c8,crop_loss,29.25847997052392,0.18972313073763114,0.08220807924822796
50,6,000000000000000003f1,crop_loss,32.34409399297932,0.4640870281408437,0.11209012357385495
50,6,000000000000000003f2,crop_loss,28.690375209957086,0.458821450105419,0.0781059142975456
50,6,0000000000000000044b,crop_loss,13.019870221188784,0.5597422915195842,0.06964914177216708
50,6,0000000000000000046c,crop_loss,32.11832765904812,0.5192097705206098,0.19036170931252255
50,6,00000000000000000480,crop_loss,10.282965618631287,0.8747541123328718,0.13070072798972254
50,6,00000000000000000483,crop_loss,11.541847802813505,0.7509027805452548,0.10485237221853227
50,6,00000000000000000485,crop_loss,27.85597466998516,0.7062482229757532,0.06974035225045883
50,6,00000000000000000497,crop_loss,30.53393579560949,0.20505687750938606,0.07628873768927033
50,6,0000000000000000049b,crop_loss,25.337938022639726,0.3535638434246506,0.0645736788815805
50,6,000000000000000004a1,crop_loss,27.25006539700576,0.3361139710431562,0.08226788938141866
50,6,000000000000000004e7,crop_loss,20.924992034632474,0.5062648548986622,0.054187365940071675
50,6,000000000000000004e9,crop_loss,12.818183046050871,0.44301370862616873,0.2527005828645604
50,6,000000000000000004ee,crop_loss,15.983715507085074,0.4631931686097113,0.24423710657952163
50,6,000000000000000004f9,crop_loss,28.282013892833827,0.34316695723407026,0.20840558457048336
50,6,00000000000000000517,crop_loss,19.92386057971228,0.43479962838251096,0.3176929337459141
50,6,00000000000000000538,crop_loss,1.0655790459830958,0.31674621636463407,0.06021662246514592
50,6,0000000000000000057e,crop_loss,3.5769029801282533,0.5385945432454051,0.056664070323150795
50,6,000000000000000005d1,crop_loss,17.640398806127344,0.1690103282967977,0.11301667120510928
50,6,00000000000000000611,crop_loss,28.346082284396985,0.6547771765522513,0.09096521584987494
50,6,0000000000000000062f,crop_loss,32.209902084297255,0.4781418745551654,0.30408325236738615
50,6,00000000000000000632,crop_loss,11.657389477795725,0.08536063497440081,0.05338543870315274
50,6,0000000000000000063e,crop_loss,31.829416280631207,0.29643671319099285,0.1330108009046721
50,6,00000000000000000655,crop_loss,25.149393318764854,0.48230124405671326,0.23743366528182902
50,6,00000000000000000697,crop_loss,35.81153607774318,0.6195481500631302,0.10311183143039204
50,6,00000000000000000698,crop_loss,18.042510634402007,0.41526702601707977,0.09962198579261422
50,6,000000000000000006a8,crop_loss,27.0318229786067,0.31861399251989553,0.10910643206179022
50,6,000000000000000006b4,crop_loss,30.211977214505122,0.5104996042729575,0.1847098046058659
50,6,000000000000000006be,crop_loss,12.30410121300919,0.40750624899703586,0.1075423848728484
50,6,000000000000000006c0,crop_loss,2.836296774197685,0.17854076646977518,0.08613958994850218
50,6,000000000000000006ce,crop_loss,17.761000167588442,0.5740404194418375,0.13824739226463767
50,6,000000000000000006d9,crop_loss,29.597801568202886,0.2298163107474503,0.08758143795495335
50,6,000000000000000006e5,crop_loss,28.82991076410603,0.5035552283012842,0.15613820365607733
50,6,00000000000000000151,built_loss,9.909227977987339,0.28653511870154846,0.05260999983794773
50,6,000000000000000001be,built_loss,6.884141833330405,0.48078824436618817,0.13326136068411176
50,6,0000000000000000034d,built_loss,5.80755026214111,0.3902166629277695,0.06455902125018181
50,6,000000000000000003c7,crop_loss,23.15037638411181,0.6931805939492793,0.12018203702276065
50,6,0000000000000000004a,built_loss,11.72208518116662,0.4342617730046609,0.05862757393975748
50,6,00000000000000000206,built_loss,28.54075278421886,0.7285966049801351,0.12018215301841562
50,6,000000000000000002a4,built_loss,9.997796374542967,0.3759978140037046,0.07131736369454778
50,6,000000000000000004f5,built_loss,7.846543274001043,0.4774280969330835,0.166165790873818
50,6,000000000000000002cc,crop_loss,14.0875026383977,0.3725987217533615,0.19729681332273358
50,6,000000000000000006cc,crop_loss,21.05988757355994,0.31979747415868215,0.07959158740876665
50,6,0000000000000000016c,crop_loss,31.28655390234968,0.4333210065654053,0.10854377796731135
50,7,00000000000000000085,built_loss,12.896836413778402,0.36217942620461396,0.1365493258563611
50,7,00000000000000000114,built_loss,22.961090652814324,0.722985406078165,0.0915802242935072
50,7,0000000000000000024c,built_loss,19.074110523526176,0.7029690601202191,0.0950204406698214
50,7,00000000000000000375,built_loss,25.347145096257048,0.6533907312668356,0.1081385788037621
50,7,000000000000000004d2,built_loss,20.362992164592818,0.5919583316107317,0.13644519915225095
50,7,000000000000000005bd,built_loss,5.11209813580671,0.5606210806611811,0.10030916048748162
50,7,00000000000000000281,crop_loss,30.234812926700883,0.5435694809986478,0.0775668325074278
50,7,000000000000000003a2,crop_loss,20.632893928799415,0.3464746119555278,0.14049756508838007
50,7,00000000000000000001,built_loss,22.650248672903928,0.4345171931028397,0.10814867679327461
50,7,00000000000000000049,built_loss,5.444696773713891,0.47986266093796287,0.10247782455221349
50,7,0000000000000000004f,built_loss,23.75446095478816,0.3845630890272913,0.16182289503940317
50,7,0000000000000000005a,built_loss,27.59247114394198,0.43813031809330416,0.06455189386444671
50,7,00000000000000000079,built_loss,33.91045191078917,0.6496392843144795,0.1144166357484393
50,7,00000000000000000087,built_loss,27.81494748863312,0.6566424127716927,0.13798929151546657
50,7,000000000000000000a1,built_loss,9.05770553495436,0.4691733106838449,0.10648108391898231
50,7,000000000000000000b8,built_loss,10.363476771955774,0.4410510116219398,0.1599917347918391
50,7,000000000000000000c0,built_loss,25.682163046329144,0.6044206201918605,0.09527806504408953
50,7,000000000000000000e2,built_loss,14.202855512690954,0.37090515359948173,0.09399131974441483
50,7,000000000000000000f0,built_loss,25.534295945040757,0.5789354974430433,0.19244768619215952
50,7,000000000000000000f8,built_loss,27.54048064968697,0.5918015233345608,0.16146396345597108
50,7,0000000000000000011c,built_loss,6.762799850175572,0.7387953947295067,0.08938995230304392
50,7,00000000000000000161,built_loss,26.522973681718767,0.652920380708247,0.11743348526089825
50,7,0000000000000000016a,built_loss,7.268514331585549,0.25572322151358595,0.09740583397742741
50,7,00000000000000000176,built_loss,19.865157631301646,0.6505655076684258,0.1008920968554402
50,7,000000000000000001a8,built_loss,29.383042319136987,0.5638083163416722,0.11000664467192645
50,7,000000000000000001cd,built_loss,26.556571889733814,0.7874140545347925,0.11917163485176485
50,7,000000000000000001e5,built_loss,15.400596178587003,0.5821722864534042,0.11543900428765874
50,7,00000000000000000209,built_loss,31.207554704859238,0.6526293720255679,0.14180536896856222
50,7,00000000000000000231,built_loss,30.322242113386455,0.5405433389071206,0.11785728856570771
50,7,0000000000000000026d,built_loss,22.320147709718835,0.6105761066814419,0.10822700193989254
50,7,00000000000000000278,built_loss,26.89583692433531,0.7564785755383602,0.1142870846202032
50,7,00000000000000000293,built_loss,24.42253324011433,0.4756800874235824,0.08784606458811889
50,7,00000000000000000316,built_loss,2.0296901594973,0.1234155237221502,0.040284807047587606
50,7,00000000000000000356,built_loss,22.71759028649692,0.606553756108728,0.16485601434905128
50,7,00000000000000000362,built_loss,32.176455356031965,0.576415383994574,0.1342753212690656
50,7,00000000000000000363,built_loss,22.047024030064147,0.22215413767198272,0.06900725502425159
50,7,00000000000000000364,built_loss,33.37550099776971,0.5944864221509327,0.15520461943043917
50,7,00000000000000000380,built_loss,27.051257347588585,0.4995655439547414,0.11950317019041001
50,7,00000000000000000384,built_loss,15.841096317356111,0.5799464176792795,0.08057433581117968
50,7,0000000000000000039e,built_loss,8.60819338892613,0.49905576435099563,0.08769929871727628
50,7,000000000000000003a1,built_loss,16.465469866377184,0.6229998584589499,0.09096588588040189
50,7,000000000000000003a5,built_loss,17.78532376839921,0.40521648888174416,0.17189003710024087
50,7,000000000000000003b7,built_loss,15.872717877350922,0.5064993076708943,0.06155684341546491
50,7,000000000000000003bf,built_loss,30.590879787499688,0.5392072549152053,0.08596519835881639
50,7,000000000000000003d2,built_loss,26.919733240394354,0.6349634529533243,0.16227052607272874
50,7,000000000000000003f8,built_loss,6.494971441116677,0.22583356401363253,0.060664777984703155
50,7,000000000000000003fa,built_loss,29.71187941772704,0.40489747646535196,0.0661357874515126
50,7,00000000000000000407,built_loss,27.66092814653737,0.5331004885057414,0.15589642548214488
50,7,0000000000000000040f,built_loss,22.81040109215486,0.5104559917663245,0.03736048235852146
50,7,00000000000000000426,built_loss,19.443403737564246,0.564041512737212,0.11150017986309446
50,7,0000000000000000042b,built_loss,29.269628807540677,0.5865895037376005,0.1207103405897404
50,7,00000000000000000442,built_loss,4.087806847106575,0.29846475773145,0.34668809177001786
50,7,00000000000000000465,built_loss,29.469576464887776,0.6029074505967399,0.11088204712641425
50,7,0000000000000000047e,built_loss,12.372421169065307,0.524110440428478,0.06427434958507261
50,7,00000000000000000490,built_loss,34.33502161846731,0.6375040743267208,0.1106840362174576
50,7,000000000000000004c0,built_loss,27.224839409586984,0.6603507091125526,0.08750450445158087
50,7,000000000000000004c5,built_loss,12.11864367381708,0.5337005309396948,0.13668805434679943
50,7,000000000000000004d9,built_loss,28.89498831468596,0.566035928317873,0.07419096812316595
50,7,000000000000000004eb,built_loss,25.86226071288097,0.4818299146587122,0.04687245807958779
50,7,000000000000000004f7,built_loss,8.384947538944273,0.4856390304377412,0.043497597663430865
50,7,000000000000000004fe,built_loss,13.167763692713345,0.4954812095787017,0.07053498742507003
50,7,0000000000000000051d,built_loss,15.737525241313374,0.4877216682475775,0.31885742824139995
50,7,00000000000000000559,built_loss,24.17154570047048,0.7258662320809847,0.15251028524715593
50,7,00000000000000000576,built_loss,7.258171975247246,0.2645679742276246,0.07845575177873429
50,7,00000000000000000577,built_loss,9.29692498742224,0.5048153143706483,0.14005285141720492
50,7,0000000000000000057f,built_loss,2.4101052788905353,0.3831575840210288,0.08777458734227694
50,7,00000000000000000594,built_loss,15.818810816056779,0.38281025709579364,0.1989389730566361
50,7,000000000000000005ad,built_loss,25.795035445469825,0.6760171113086408,0.11699264259412467
50,7,000000000000000005bf,built_loss,18.04054701281177,0.39790945315252313,0.07864566313395838
50,7,000000000000000005cc,built_loss,9.855049050240869,0.3512043017218113,0.04910465818820581
50,7,000000000000000005de,built_loss,26.14147330241926,0.44418878770444126,0.06189423089111795
50,7,000000000000000005e7,built_loss,28.666586786289184,0.6167256722913909,0.20198064923555287
50,7,000000000000000005f9,built_loss,15.915057110370403,0.6424799988472766,0.14253973601871117
50,7,0000000000000000061c,built_loss,11.953313601047057,0.4001198672357709,0.10239809306712255
50,7,00000000000000000624,built_loss,4.6975635812508525,0.5171242452198506,0.11541862030895328
50,7,00000000000000000626,built_loss,23.688730044729542,0.4890001134945559,0.07568001696415005
50,7,0000000000000000062a,built_loss,25.73970126939885,0.6009051826739115,0.0937977077612906
50,7,00000000000000000636,built_loss,19.37872528996685,0.43403679647875076,0.2160783107917274
50,7,0000000000000000064a,built_loss,3.6314283027289593,0.31664686155223604,0.04930042617929631
50,7,0000000000000000064d,built_loss,14.093298018420478,0.40471998271018605,0.0774299877664924
50,7,00000000000000000694,built_loss,23.68387607710048,0.3802019148258255,0.04832422853068602
50,7,0000000000000000069d,built_loss,24.488135731122924,0.6592111752059155,0.09025848929987801
50,7,000000000000000006b7,built_loss,22.4297483164307,0.4829671236377386,0.05981640474607586
50,7,000000000000000006df,built_loss,16.52648599524111,0.24745906422368233,0.1648219323137499
50,7,000000000000000006e3,built_loss,23.31420085027075,0.3605728680175828,0.0892608787678475
50,7,00000000000000000011,crop_loss,27.544453537521452,0.5228598539544626,0.425429086183841
50,7,0000000000000000002b,crop_loss,29.96723263247685,0.1472955757761558,0.22858030088383308
50,7,0000000000000000002d,crop_loss,33.3971652941269,0.48012572805865755,0.09972906493838751
50,7,0000000000000000003a,crop_loss,28.46632071364791,0.27383291872568627,0.11108093171913372
50,7,0000000000000000009b,crop_loss,14.257029132934285,0.5024268716608434,0.02823006710823528
50,7,0000000000000000009d,crop_loss,6.644075207448121,0.38976762111519336,0.12057486869737288
50,7,000000000000000000a8,crop_loss,22.967889511767606,0.20157480464449268,0.044837771624070016
50,7,000000000000000000da,crop_loss,22.007082068456725,0.7698320419178509,0.08999702210262694
50,7,000000000000000000e3,crop_loss,33.109513482489916,0.5343116266907116,0.1190838192418679
50,7,000000000000000000e9,crop_loss,6.5342952793046924,0.40151365489673013,0.19923533702306434
50,7,0000000000000000011b,crop_loss,23.863210204309514,0.47827513884152684,0.0649732061462911
50,7,00000000000000000128,crop_loss,23.89160803146794,0.5392405117810911,0.038563614172140936
50,7,00000000000000000192,crop_loss,32.54825419315331,0.5415058311763786,0.05703868670768564
50,7,00000000000000000196,crop_loss,21.28891055714202,0.23757480116251936,0.06493109873164199
50,7,000000000000000001a6,crop_loss,25.937594134203554,0.19167167443269992,0.11467970553827467
50,7,000000000000000001e4,crop_loss,30.00128390091083,0.49298492182665565,0.06777676455699999
50,7,000000000000000001f9,crop_loss,28.669776392305113,0.5136478535666263,0.34722008637819235
50,7,00000000000000000228,crop_loss,19.727671620031902,0.5035502965446605,0.21574499264348213
50,7,0000000000000000028c,crop_loss,3.4145553588454534,0.2925876412968942,0.08182754599551889
50,7,0000000000000000028d,crop_loss,15.59122861964101,0.6779996960243763,0.10084206534810614
50,7,00000000000000000291,crop_loss,15.360568789269704,0.8792522757207988,0.036969674033830446
50,7,000000000000000002c5,crop_loss,23.819947013665374,0.3206679898949829,0.11932132148271118
50,7,000000000000000002dc,crop_loss,29.514461190879096,0.6818991113303101,0.07658655936117542
50,7,000000000000000002e4,crop_loss,28.32692383020366,0.3529926691684322,0.1699696377273034
50,7,000000000000000002ec,crop_loss,34.73030722418563,0.4666770225584693,0.11284964141833165
50,7,00000000000000000314,crop_loss,21.184025772990598,0.07515956218286612,0.09805962777759042
50,7,00000000000000000335,crop_loss,33.08164323823937,0.4599004120687779,0.08056185321632936
50,7,0000000000000000033a,crop_loss,22.97092504300752,0.4893184527368673,0.10406671087118846
50,7,000000000000000003b0,crop_loss,31.533201512987407,0.21349208396193695,0.10212326208046699
50,7,000000000000000003c8,crop_loss,28.021125673969927,0.21895943688494737,0.08696979068096042
50,7,000000000000000003f1,crop_loss,32.4460323763089,0.4347405290465386,0.10446245409317523
50,7,000000000000000003f2,crop_loss,25.449857038989393,0.4756091791121698,0.0943634120329151
50,7,0000000000000000044b,crop_loss,12.063804040218228,0.5801902879056069,0.0916954035930031
50,7,0000000000000000046c,crop_loss,29.826367547623132,0.5551012412875858,0.2291126525734165
50,7,00000000000000000480,crop_loss,9.173937459003602,0.8874144905580024,0.1560774912423204
50,7,00000000000000000483,crop_loss,9.7412768173506,0.7670156587068587,0.13491747077299077
50,7,00000000000000000485,crop_loss,24.59126477606292,0.6727224543711051,0.09035187619071272
50,7,00000000000000000497,crop_loss,24.01481789394954,0.20816547769548832,0.05642512966438831
50,7,0000000000000000049b,crop_loss,23.667089980535994,0.35724370028176416,0.07096933294201435
50,7,000000000000000004a1,crop_loss,25.03524693225211,0.37252870985600933,0.15766089695108543
50,7,000000000000000004e7,crop_loss,18.086028406712366,0.4870989156813083,0.053442961295248614
50,7,000000000000000004e9,crop_loss,12.682179806701496,0.30214706327713686,0.1657511015528746
50,7,000000000000000004ee,crop_loss,19.190612461418798,0.3750027618176512,0.23874044396011973
50,7,000000000000000004f9,crop_loss,27.16336708750866,0.3212067458555433,0.1256152457826631
50,7,00000000000000000517,crop_loss,20.319687848492713,0.29816082301314784,0.26846693274599365
50,7,00000000000000000538,crop_loss,1.0724295022362869,0.27946075424117917,0.048866969338869914
50,7,0000000000000000057e,crop_loss,4.757961472498815,0.5395759829084492,0.05006288575385698
50,7,000000000000000005d1,crop_loss,13.880487518307184,0.1435108011810693,0.1435833686235478
50,7,00000000000000000611,crop_loss,26.27239441375823,0.6575835058936783,0.07433527687568908
50,7,0000000000000000062f,crop_loss,31.90782067853053,0.5108358556274831,0.2431977353548031
50,7,00000000000000000632,crop_loss,12.687973433436698,0.07756421017579403,0.03481827482485926
50,7,0000000000000000063e,crop_loss,28.81702386054228,0.3477093426272143,0.1335524770343402
50,7,00000000000000000655,crop_loss,24.198875740422473,0.579594010172085,0.23531446359080038
50,7,00000000000000000697,crop_loss,34.00260822976751,0.6165880382329432,0.1098045039773724
50,7,00000000000000000698,crop_loss,14.956826482714218,0.3944435377017531,0.09876941637721587
50,7,000000000000000006a8,crop_loss,28.823389146923066,0.31346025380875825,0.09044254269926705
50,7,000000000000000006b4,crop_loss,30.482801324275382,0.526196093138312,0.1995735550844721
50,7,000000000000000006be,crop_loss,13.498137132153124,0.37050781278184713,0.11340739550951762
50,7,000000000000000006c0,crop_loss,3.170769438144933,0.2011984358498057,0.09454413821510543
50,7,000000000000000006ce,crop_loss,18.053118826327935,0.5791755090243149,0.2014181045567348
50,7,000000000000000006d9,crop_loss,24.276150142874915,0.19545608766178568,0.07643213640048616
50,7,000000000000000006e5,crop_loss,32.70137113138811,0.49468973059520943,0.134137951575227
50,7,00000000000000000151,built_loss,6.989938774552355,0.2482870017243833,0.06857522184608941
50,7,000000000000000001be,built_loss,5.493672782897339,0.513890501629499,0.11352300447068026
50,7,0000000000000000034d,built_loss,4.567729899131593,0.40210438948236515,0.05006636898191286
50,7,000000000000000003c7,crop_loss,20.935854424040908,0.7148715613309001,0.1009388909133947
50,7,0000000000000000004a,built_loss,10.454438560311765,0.44125366898016904,0.05002313786489565
50,7,00000000000000000206,built_loss,31.136296351250856,0.7360297210634948,0.14633678269398143
50,7,000000000000000002a4,built_loss,8.562032603308428,0.41123685972142593,0.08473116348833626
50,7,000000000000000004f5,built_loss,7.979884727197212,0.46111216017287726,0.10504037237485747
50,7,000000000000000002cc,crop_loss,17.78463101004708,0.3603439438815911,0.2720925171485709
50,7,000000000000000006cc,crop_loss,16.720286188522813,0.32503742824631165,0.05295935681895719
50,7,0000000000000000016c,crop_loss,28.983696014840035,0.4780214530098237,0.10395818383343469
75,0,00000000000000000085,built_loss,13.813728635561043,0.3496852877459892,0.11721393752541792
75,0,00000000000000000114,built_loss,24.409610125740492,0.7029841179732561,0.09300260929771853
75,0,0000000000000000024c,built_loss,22.16495419744768,0.7274366642330122,0.05863289566341734
75,0,00000000000000000375,built_loss,25.61375315539902,0.6457986409316567,0.08512096034168182
75,0,000000000000000004d2,built_loss,23.85324435253529,0.6504453510713901,0.11288667714686829
75,0,000000000000000005bd,built_loss,5.111533379936118,0.555377559076303,0.08107658177690902
75,0,00000000000000000281,crop_loss,34.32695902904232,0.5299022860745455,0.06361019819444336
75,0,000000000000000003a2,crop_loss,25.1709779172615,0.3557504719845151,0.15204576573620032
75,0,00000000000000000001,built_loss,22.35654334419156,0.47587073301082056,0.0888310719653892
75,0,00000000000000000049,built_loss,4.486121229316523,0.4859579349477369,0.07800407534298093
75,0,0000000000000000004f,built_loss,32.81206630958148,0.4192444510214813,0.1490908914141701
75,0,0000000000000000005a,built_loss,29.098281297241073,0.4603589105821806,0.05256536078138252
75,0,00000000000000000079,built_loss,45.68787557689916,0.6463410640441878,0.09881835276045492
75,0,00000000000000000087,built_loss,37.71267931212895,0.6340493710792517,0.12366022803999899
75,0,000000000000000000a1,built_loss,7.60264781179338,0.46136536845093573,0.05427676590633812
75,0,000000000000000000b8,built_loss,11.144843561436675,0.517684382529698,0.29005444853259166
75,0,000000000000000000c0,built_loss,29.434667521554523,0.6248351065646861,0.0684290587205032
75,0,000000000000000000e2,built_loss,17.14155064100033,0.3617336963814747,0.11521753190610823
75,0,000000000000000000f0,built_loss,28.423942244539287,0.690375735143181,0.12061614684404709
75,0,000000000000000000f8,built_loss,35.256158315165266,0.5273831763769004,0.08995789580187907
75,0,0000000000000000011c,built_loss,7.283153042730857,0.7267660911811391,0.07155947325606837
75,0,00000000000000000161,built_loss,32.90357009147176,0.659135105924387,0.07828136684443499
75,0,0000000000000000016a,built_loss,8.809568262842129,0.23348620296079153,0.07788229604318336
75,0,00000000000000000176,built_loss,23.237052745899387,0.6568790952372221,0.060432655939550495
75,0,000000000000000001a8,built_loss,36.1017232504566,0.5406776892111659,0.07822921074033828
75,0,000000000000000001cd,built_loss,43.57091913787348,0.7676768479813799,0.11134989950768148
75,0,000000000000000001e5,built_loss,18.51283213020566,0.5535114035244256,0.08490076428869797
75,0,00000000000000000209,built_loss,41.376429671399094,0.5884856287659066,0.08888195587684489
75,0,00000000000000000231,built_loss,35.674799064437444,0.5122930949440638,0.10183476131411001
75,0,0000000000000000026d,built_loss,26.558355172572835,0.6194082250678129,0.09126129452153386
75,0,00000000000000000278,built_loss,31.54160559781394,0.7441240661874856,0.11692421280028142
75,0,00000000000000000293,built_loss,28.88509555395937,0.5017970815280505,0.08051498908128102
75,0,00000000000000000316,built_loss,2.085721307157574,0.12925806620254726,0.024243119522739137
75,0,00000000000000000356,built_loss,28.832634773422097,0.5295707031086576,0.164468629864928
75,0,00000000000000000362,built_loss,39.38224682735982,0.5475919405578827,0.10916444642295875
75,0,00000000000000000363,built_loss,23.63768333071611,0.22964260019077884,0.059334310117404976
75,0,00000000000000000364,built_loss,41.88158527040983,0.6264456705298821,0.09055024578201054
75,0,00000000000000000380,built_loss,28.405019983731705,0.5104394615746478,0.08883295671556546
75,0,00000000000000000384,built_loss,16.342483945762144,0.5812403578422973,0.059186806200422604
75,0,0000000000000000039e,built_loss,12.790295254365974,0.48177773755533243,0.07657785779752141
75,0,000000000000000003a1,built_loss,18.123087505480637,0.65639928405266,0.07491195277424023
75,0,000000000000000003a5,built_loss,20.53086022273645,0.41046851356586145,0.1166336958484468
75,0,000000000000000003b7,built_loss,13.65094975181234,0.5010499548483053,0.057193029267289086
75,0,000000000000000003bf,built_loss,38.33366921929926,0.5472917500274214,0.07342249695256509
75,0,000000000000000003d2,built_loss,37.689468412241034,0.5967295251018476,0.11723337072787032
75,0,000000000000000003f8,built_loss,7.514158297782123,0.2214726222180668,0.054689102289860514
75,0,000000000000000003fa,built_loss,38.490509885026164,0.44089071892156123,0.07076638721456363
75,0,00000000000000000407,built_loss,37.057301912916955,0.5703914897230409,0.08350714580152374
75,0,0000000000000000040f,built_loss,28.131058679296405,0.5274615558017393,0.031023780590411998
75,0,00000000000000000426,built_loss,28.593769850017893,0.543612802204682,0.08095597393348153
75,0,0000000000000000042b,built_loss,27.407700319898403,0.5500087392930981,0.09188381870975104
75,0,00000000000000000442,built_loss,3.8527070945744506,0.569784500655797,0.3611056319768828
75,0,00000000000000000465,built_loss,41.37401109419416,0.5973299170962231,0.08243597408326409
75,0,0000000000000000047e,built_loss,17.98184105295133,0.5135358703593751,0.07747141513029537
75,0,00000000000000000490,built_loss,36.75701307064523,0.6533540981364172,0.14730466273148912
75,0,000000000000000004c0,built_loss,33.97091250292652,0.6307206861386422,0.07099330177084362
75,0,000000000000000004c5,built_loss,13.658049968955007,0.5719255760191737,0.0964581242274144
75,0,000000000000000004d9,built_loss,34.24772859073208,0.56025975385288,0.07048111501812016
75,0,000000000000000004eb,built_loss,37.745288251639096,0.4513864110354167,0.06061766616476422
75,0,000000000000000004f7,built_loss,8.436909657380026,0.47581159093190145,0.039733577790965646
75,0,000000000000000004fe,built_loss,15.154637428919713,0.5044305107714898,0.052436564135072805
75,0,0000000000000000051d,built_loss,25.445293591515153,0.5247443926667034,0.23590099004112453
75,0,00000000000000000559,built_loss,35.911886596763054,0.6986123564771964,0.07413214460388873
75,0,00000000000000000576,built_loss,7.537577436466597,0.2539202678778391,0.06850759975332421
75,0,00000000000000000577,built_loss,10.661343537852357,0.47460705194867747,0.13318555463448023
75,0,0000000000000000057f,built_loss,2.439847703866849,0.3895957932503599,0.09417289973055742
75,0,00000000000000000594,built_loss,18.40262177564208,0.4994418073305561,0.23518524914204136
75,0,000000000000000005ad,built_loss,30.452480792815507,0.6727389925960263,0.07674455943983405
75,0,000000000000000005bf,built_loss,24.59700832762542,0.42500211177148317,0.06866950769498165
75,0,000000000000000005cc,built_loss,10.300006021680794,0.34309128605363826,0.05864626495534331
75,0,000000000000000005de,built_loss,27.39188197605139,0.44033708450931247,0.04633436560655396
75,0,000000000000000005e7,built_loss,31.349089153989866,0.6179103101489857,0.1402040788575103
75,0,000000000000000005f9,built_loss,17.705139425594687,0.64008935618438,0.10317018109746778
75,0,0000000000000000061c,built_loss,19.030210000872206,0.3977591740400409,0.06799006597234997
75,0,00000000000000000624,built_loss,3.924494318766261,0.5381428591646669,0.09223621466776016
75,0,00000000000000000626,built_loss,28.723928408232897,0.49957294298972643,0.06119016736358773
75,0,0000000000000000062a,built_loss,32.80486811309097,0.563721146332372,0.09224362887770943
75,0,00000000000000000636,built_loss,22.285007838102864,0.44255348339859607,0.1886327973969854
75,0,0000000000000000064a,built_loss,3.4892637098587853,0.3047839460684568,0.050305306045045295
75,0,0000000000000000064d,built_loss,13.49391462388702,0.44092910013031544,0.09141867994704028
75,0,00000000000000000694,built_loss,26.348150165194085,0.3697421759674839,0.04338995935773732
75,0,0000000000000000069d,built_loss,31.992356712080092,0.6467673593904144,0.10162955465082923
75,0,000000000000000006b7,built_loss,27.618392204238944,0.47713143021464033,0.06318223279614521
75,0,000000000000000006df,built_loss,17.476864676370823,0.24108378510543357,0.08674311643181859
75,0,000000000000000006e3,built_loss,27.455356960413855,0.3985265295284973,0.07506422021243198
75,0,00000000000000000011,crop_loss,33.001280439687804,0.821879347198727,0.30261005699858323
75,0,0000000000000000002b,crop_loss,32.673749388027076,0.1692328193410634,0.1260717689864993
75,0,0000000000000000002d,crop_loss,42.368218238134986,0.48076193754892,0.0831531741071369
75,0,0000000000000000003a,crop_loss,39.47937109126605,0.2826870233850389,0.08572343646532321
75,0,0000000000000000009b,crop_loss,16.01746685583637,0.48971128544858855,0.016710717333507208
75,0,0000000000000000009d,crop_loss,6.692635708029352,0.38765844185198817,0.08203098577630435
75,0,000000000000000000a8,crop_loss,30.037029647213643,0.20820541130425183,0.03273720337726127
75,0,000000000000000000da,crop_loss,24.711226162561218,0.7617500966781142,0.06935314101553258
75,0,000000000000000000e3,crop_loss,40.5367898121748,0.49169507791922057,0.1032206578917576
75,0,000000000000000000e9,crop_loss,4.8422502544346235,0.4019021662842791,0.09867312338882034
75,0,0000000000000000011b,crop_loss,26.467771589742856,0.4715365247549807,0.042799914634952085
75,0,00000000000000000128,crop_loss,29.461467851225226,0.5535766206010015,0.04731693030271755
75,0,00000000000000000192,crop_loss,36.822785014769735,0.5321099550729127,0.0464966175788879
75,0,00000000000000000196,crop_loss,23.884711968644563,0.2711499443378709,0.07980648925890277
75,0,000000000000000001a6,crop_loss,33.75652873545788,0.2633634494501133,0.1184023669670457
75,0,000000000000000001e4,crop_loss,34.98778058658426,0.5177427604637753,0.06701703750665394
75,0,000000000000000001f9,crop_loss,38.75907659360879,0.6952509866542356,0.37327783580419827
75,0,00000000000000000228,crop_loss,22.460515460223128,0.5335919144573903,0.19270306214750282
75,0,0000000000000000028c,crop_loss,3.6298404946484544,0.3275657495497073,0.0855224175915672
75,0,0000000000000000028d,crop_loss,23.604825372320846,0.6962372691917847,0.10576668523659005
75,0,00000000000000000291,crop_loss,15.294143043153117,0.8872457573826957,0.022976795595197053
75,0,000000000000000002c5,crop_loss,26.03210688927091,0.3464745595210765,0.10895341857486912
75,0,000000000000000002dc,crop_loss,37.09314999292445,0.6495453164578945,0.07726027648745704
75,0,000000000000000002e4,crop_loss,38.846406058727425,0.37186511063244027,0.09172056232784176
75,0,000000000000000002ec,crop_loss,39.143609651355995,0.4666836670552868,0.07980204815584091
75,0,00000000000000000314,crop_loss,28.347426186584304,0.07810459761063046,0.08126862330867525
75,0,00000000000000000335,crop_loss,40.72919672767963,0.5043958833324823,0.08010846225743656
75,0,0000000000000000033a,crop_loss,24.05816412200161,0.5023283973044657,0.10886719365019054
75,0,000000000000000003b0,crop_loss,37.237229418732426,0.19776273177695233,0.10174347102428502
75,0,000000000000000003c8,crop_loss,31.26311253442899,0.17932677713510864,0.049159593636972865
75,0,000000000000000003f1,crop_loss,44.01860580436362,0.4575796451314577,0.09796543266138968
75,0,000000000000000003f2,crop_loss,35.19109562080524,0.47267755748167256,0.08213988702385755
75,0,0000000000000000044b,crop_loss,13.078990234771481,0.5648302190763188,0.057193339350319894
75,0,0000000000000000046c,crop_loss,38.108548947250796,0.4205921460054965,0.2799990976046536
75,0,00000000000000000480,crop_loss,10.459628958417666,0.8586763827172571,0.08363486759839378
75,0,00000000000000000483,crop_loss,11.810464321449551,0.7376940643789235,0.10382179279944015
75,0,00000000000000000485,crop_loss,38.01962940628398,0.7108615149313018,0.052931801035258075
75,0,00000000000000000497,crop_loss,35.0312437710376,0.2258175367810826,0.06967307740870443
75,0,0000000000000000049b,crop_loss,31.86920779829855,0.3451146908981802,0.06048213645221023
75,0,000000000000000004a1,crop_loss,35.4059541968209,0.35816853729583925,0.08666468288089596
75,0,000000000000000004e7,crop_loss,26.017586019877264,0.4899445346413208,0.04109123659069147
75,0,000000000000000004e9,crop_loss,15.030688842506082,0.4171834838776436,0.17201436709135925
75,0,000000000000000004ee,crop_loss,18.149890733783735,0.36308809998201513,0.15441126395791732
75,0,000000000000000004f9,crop_loss,38.01583125329998,0.37228719637523083,0.1710734735924339
75,0,00000000000000000517,crop_loss,26.956506618549533,0.3005784573328156,0.20219011963982042
75,0,00000000000000000538,crop_loss,1.0667755743469955,0.2980149339318807,0.059697331368056716
75,0,0000000000000000057e,crop_loss,3.95972893314851,0.5334459130252757,0.04601094198019062
75,0,000000000000000005d1,crop_loss,16.821303560273986,0.19192036370974588,0.14885495643601
75,0,00000000000000000611,crop_loss,41.7824167359936,0.6709119668908077,0.08177810347318704
75,0,0000000000000000062f,crop_loss,37.6774068410671,0.49269983079038976,0.1855557777561374
75,0,00000000000000000632,crop_loss,13.019166274061234,0.07959152262688275,0.02811714305779099
75,0,0000000000000000063e,crop_loss,37.180715317214855,0.30734161965849544,0.08795527257091768
75,0,00000000000000000655,crop_loss,29.98210753424582,0.4628195324406657,0.2531160933087598
75,0,00000000000000000697,crop_loss,43.8119837609509,0.6040244923692564,0.07052224072713342
75,0,00000000000000000698,crop_loss,20.25889214707598,0.4135336068272494,0.056943371624578965
75,0,000000000000000006a8,crop_loss,38.57777934268424,0.27992942832313633,0.09750527412693699
75,0,000000000000000006b4,crop_loss,36.7713188503935,0.5172489466962195,0.10561601862698583
75,0,000000000000000006be,crop_loss,14.6788576010974,0.3984223193632228,0.12703884074517496
75,0,000000000000000006c0,crop_loss,2.8159873277054617,0.18295635465106935,0.07558484032167845
75,0,000000000000000006ce,crop_loss,20.54071669892087,0.5764931330104676,0.1317990298356061
75,0,000000000000000006d9,crop_loss,31.690740005669657,0.18799283288019014,0.07400579000248209
75,0,000000000000000006e5,crop_loss,38.01787621208305,0.517049034520719,0.112960030052145
75,0,00000000000000000151,built_loss,7.896403921181345,0.2615283260978823,0.05605828246646721
75,0,000000000000000001be,built_loss,6.38078516965632,0.5308097516172811,0.1174114998441469
75,0,0000000000000000034d,built_loss,5.406820193916309,0.40470369296976666,0.0475845646646314
75,0,000000000000000003c7,crop_loss,27.88871507278995,0.7247987205993768,0.0922912250803315
75,0,0000000000000000004a,built_loss,10.99189189291484,0.44913689214212876,0.03685054285812378
75,0,00000000000000000206,built_loss,33.48659116290661,0.7216965271749436,0.1155272596061121
75,0,000000000000000002a4,built_loss,9.308645532081497,0.42310666838795186,0.06648846200479203
75,0,000000000000000004f5,built_loss,8.58344541601107,0.488678469791793,0.12294346484775953
75,0,000000000000000002cc,crop_loss,17.349807553482368,0.45236986568591214,0.23573354136190539
75,0,000000000000000006cc,crop_loss,19.052869572948506,0.34019382643749974,0.04573286322281295
75,0,0000000000000000016c,crop_loss,35.05999366838638,0.4604238077264924,0.0942382168158093
75,1,00000000000000000085,built_loss,13.033712640295976,0.3600988655393625,0.09031418781758332
75,1,00000000000000000114,built_loss,26.564820385848275,0.6986115024453858,0.07876508343716482
75,1,0000000000000000024c,built_loss,20.91168079428266,0.7219622366889253,0.04949191864813318
75,1,00000000000000000375,built_loss,31.730637744115118,0.6543311380232543,0.10916490004446833
75,1,000000000000000004d2,built_loss,26.371752578218164,0.623912004872714,0.08437037678949677
75,1,000000000000000005bd,built_loss,4.40433806052798,0.5463825568025186,0.11827074341441424
75,1,00000000000000000281,crop_loss,34.30525082879939,0.5141039930527518,0.06699559158317853
75,1,000000000000000003a2,crop_loss,27.428716403764383,0.3891443197562844,0.1536583482429938
75,1,00000000000000000001,built_loss,24.907243970863252,0.45737436094483674,0.0811742071934734
75,1,00000000000000000049,built_loss,4.65643640710079,0.48713368551268954,0.08470659854853685
75,1,0000000000000000004f,built_loss,33.391117785932906,0.42017683871968303,0.12416551920901597
75,1,0000000000000000005a,built_loss,27.087948198599264,0.447207150666682,0.05266204357082116
75,1,00000000000000000079,built_loss,42.72174494814779,0.6437992928452895,0.08953387516544686
75,1,00000000000000000087,built_loss,37.797399746963656,0.610934837919324,0.13647697120062718
75,1,000000000000000000a1,built_loss,8.137260238936028,0.4532804996202152,0.047844179756119876
75,1,000000000000000000b8,built_loss,9.812419695482474,0.5138082333510279,0.17883397401224882
75,1,000000000000000000c0,built_loss,30.545537471996333,0.6448201782210501,0.06597528014550869
75,1,000000000000000000e2,built_loss,18.636362765695484,0.36979357197063967,0.12351705771776628
75,1,000000000000000000f0,built_loss,29.28959369299341,0.69151161403895,0.11813395141694438
75,1,000000000000000000f8,built_loss,38.334203380605864,0.561710477443472,0.09240902514109295
75,1,0000000000000000011c,built_loss,7.136069812180681,0.7370448202015321,0.06731273747225741
75,1,00000000000000000161,built_loss,31.795366466907538,0.6694907718133181,0.0965575518074917
75,1,0000000000000000016a,built_loss,8.708483427123518,0.26679938218440746,0.07939661799089248
75,1,00000000000000000176,built_loss,23.551130383995307,0.6541925679824626,0.0735696604033027
75,1,000000000000000001a8,built_loss,35.16315471270755,0.5563798302855412,0.0893953600501618
75,1,000000000000000001cd,built_loss,39.810866169834135,0.8140953481063671,0.09752122258363571
75,1,000000000000000001e5,built_loss,19.167341162719648,0.6017550263946417,0.0943881291558567
75,1,00000000000000000209,built_loss,40.74525694235095,0.6805044671600492,0.0806548585870428
75,1,00000000000000000231,built_loss,39.86005291052227,0.5666416687811953,0.07251963042868215
75,1,0000000000000000026d,built_loss,26.473269214491744,0.6140183105824047,0.06730303093609324
75,1,00000000000000000278,built_loss,37.74358811481264,0.7612548043731223,0.09900359190964081
75,1,00000000000000000293,built_loss,22.286379350619008,0.49118475175136306,0.09581313311026662
75,1,00000000000000000316,built_loss,1.9336392891300993,0.12196542156997275,0.02938067956734601
75,1,00000000000000000356,built_loss,32.77529618555104,0.5511160631779929,0.21081573490877797
75,1,00000000000000000362,built_loss,34.96711857298784,0.5834218426935526,0.11482354429981623
75,1,00000000000000000363,built_loss,24.42093799991854,0.2571406010104672,0.0565121288603766
75,1,00000000000000000364,built_loss,46.640616024177625,0.6297563806455228,0.11275433095323972
75,1,00000000000000000380,built_loss,25.495378898744725,0.5003111733712452,0.0821826069564906
75,1,00000000000000000384,built_loss,17.92314314773259,0.608919794790876,0.056306059879828396
75,1,0000000000000000039e,built_loss,8.300312775507361,0.488529247089793,0.06789969829017733
75,1,000000000000000003a1,built_loss,19.690811611083834,0.6496886738767486,0.09580665451754644
75,1,000000000000000003a5,built_loss,19.996677483780374,0.4423798442644241,0.13476975203894737
75,1,000000000000000003b7,built_loss,14.392065394526695,0.4971933192434275,0.02321791886768393
75,1,000000000000000003bf,built_loss,36.21676096550859,0.5199234969012985,0.04900473725350851
75,1,000000000000000003d2,built_loss,31.086675197785016,0.5486003731703547,0.13185221045945106
75,1,000000000000000003f8,built_loss,6.31208127106084,0.22245341214881412,0.053397336794440003
75,1,000000000000000003fa,built_loss,37.459590353531844,0.39095163769231117,0.08377383303983937
75,1,00000000000000000407,built_loss,36.8961196745538,0.5357658324781359,0.10553300239940755
75,1,0000000000000000040f,built_loss,27.385152899426362,0.5159556606945335,0.02770006467111291
75,1,00000000000000000426,built_loss,25.721240770292724,0.5824707745422393,0.07933841831747412
75,1,0000000000000000042b,built_loss,31.334694462647786,0.5781732591309039,0.1099945902206283
75,1,00000000000000000442,built_loss,4.0936116276764185,0.3376221352573745,0.2938284188513558
75,1,00000000000000000465,built_loss,36.636659308017485,0.6488699096287686,0.06178283217620317
75,1,0000000000000000047e,built_loss,19.127354330151235,0.5349466687851075,0.07013591602582603
75,1,00000000000000000490,built_loss,42.3456665192019,0.6474312135137094,0.12007605674720434
75,1,000000000000000004c0,built_loss,31.745302212092138,0.6445071901077875,0.06630515182194407
75,1,000000000000000004c5,built_loss,13.07857125202118,0.589230527026372,0.09844591608123898
75,1,000000000000000004d9,built_loss,34.26683300379613,0.5547150968193497,0.0825044423761695
75,1,000000000000000004eb,built_loss,40.76648451564063,0.4644058017109238,0.05147505696185306
75,1,000000000000000004f7,built_loss,8.22057746399716,0.4819555502343715,0.054333162620196995
75,1,000000000000000004fe,built_loss,16.13287943661447,0.5043245610302731,0.044083320463969344
75,1,0000000000000000051d,built_loss,22.570583607162366,0.5173736811536918,0.22794125572747037
75,1,00000000000000000559,built_loss,30.13720268805847,0.7157413819363454,0.08456945017631878
75,1,00000000000000000576,built_loss,7.510469029714849,0.2522557183677826,0.05928667861301595
75,1,00000000000000000577,built_loss,9.96972126858632,0.4602893620936818,0.09816904602548038
75,1,0000000000000000057f,built_loss,2.260862362154263,0.3882388858801985,0.09157194487794346
75,1,00000000000000000594,built_loss,21.86029375732136,0.5551766411083127,0.1994032224037734
75,1,000000000000000005ad,built_loss,32.74894053783795,0.6470170106308908,0.06731789865329374
75,1,000000000000000005bf,built_loss,25.140687745373402,0.38812024819513635,0.07248509294136696
75,1,000000000000000005cc,built_loss,8.526355670557201,0.35420011990251926,0.053373643834137285
75,1,000000000000000005de,built_loss,28.68199942426832,0.4459864384604902,0.04290799206769519
75,1,000000000000000005e7,built_loss,38.994500608136384,0.6496321216788946,0.1518420663016925
75,1,000000000000000005f9,built_loss,15.174315501683834,0.669915626813733,0.10934790036341091
75,1,0000000000000000061c,built_loss,17.0990081397702,0.4176328501600898,0.07132289902210903
75,1,00000000000000000624,built_loss,4.6442351633936845,0.5142654791347738,0.08400032875567964
75,1,00000000000000000626,built_loss,27.506791331047793,0.4957666103692242,0.04941516740272078
75,1,0000000000000000062a,built_loss,34.262783442711424,0.5816107204123715,0.08886627730893526
75,1,00000000000000000636,built_loss,17.48339740037077,0.4061594443665755,0.2043766721600313
75,1,0000000000000000064a,built_loss,3.6800179126992956,0.29041715477060615,0.05986376567480062
75,1,0000000000000000064d,built_loss,14.121958538109167,0.4319409499320688,0.07631347290993795
75,1,00000000000000000694,built_loss,22.444895277101754,0.3547087089102603,0.03889253584149788
75,1,0000000000000000069d,built_loss,38.608846603812914,0.6499964917554342,0.10908278813322769
75,1,000000000000000006b7,built_loss,25.996532538226813,0.4562416243192025,0.056380031480167125
75,1,000000000000000006df,built_loss,16.609325958829608,0.23478312881830363,0.10317827897314003
75,1,000000000000000006e3,built_loss,23.891954148866468,0.3882378538761596,0.09997849927808583
75,1,00000000000000000011,crop_loss,38.06053348779263,0.8059123899428295,0.34074894570254355
75,1,0000000000000000002b,crop_loss,37.901386709584806,0.19714152753525513,0.15226246012044573
75,1,0000000000000000002d,crop_loss,40.33387524185915,0.4803659939707805,0.06308377802755105
75,1,0000000000000000003a,crop_loss,33.54573464475069,0.31478022724557003,0.09591856566378176
75,1,0000000000000000009b,crop_loss,15.035363636917568,0.49271406945100726,0.0231502580782183
75,1,0000000000000000009d,crop_loss,6.531426294904146,0.4010783158911449,0.06843810396605682
75,1,000000000000000000a8,crop_loss,25.70473748299596,0.20455452210653738,0.028900810584642583
75,1,000000000000000000da,crop_loss,23.819982284496138,0.75254735216621,0.05558716663665031
75,1,000000000000000000e3,crop_loss,38.544350399997654,0.4621272333249583,0.08836273198712474
75,1,000000000000000000e9,crop_loss,4.5832804492160735,0.43640221906068377,0.14121593401305388
75,1,0000000000000000011b,crop_loss,26.624264348650915,0.4859369596812298,0.04778628630452614
75,1,00000000000000000128,crop_loss,29.397086419219104,0.5434972965331507,0.04881078428869645
75,1,00000000000000000192,crop_loss,34.10684424295409,0.5646408262229438,0.04752740160312119
75,1,00000000000000000196,crop_loss,21.33006456512296,0.25121938899734736,0.057809422746321476
75,1,000000000000000001a6,crop_loss,27.75665458573673,0.2206429851948188,0.11772128345474411
75,1,000000000000000001e4,crop_loss,30.83464215548784,0.49578606408215536,0.051546783803466334
75,1,000000000000000001f9,crop_loss,37.78918969095975,0.5482338919349999,0.3320224744813043
75,1,00000000000000000228,crop_loss,26.90755438935839,0.511560267526304,0.12481443630494926
75,1,0000000000000000028c,crop_loss,4.101753197098462,0.30387880539364,0.09087291769008238
75,1,0000000000000000028d,crop_loss,24.65822573944331,0.6914699378349233,0.11133407458057898
75,1,00000000000000000291,crop_loss,14.89294455495073,0.8763303482082744,0.028579375733220003
75,1,000000000000000002c5,crop_loss,25.23186538477119,0.3718478062173843,0.10286924776803463
75,1,000000000000000002dc,crop_loss,34.84097076724893,0.6238944881680283,0.1134379477106221
75,1,000000000000000002e4,crop_loss,37.3048669962659,0.3425033855076853,0.09151848186488482
75,1,000000000000000002ec,crop_loss,35.707961208442676,0.477227917203633,0.09448416759492939
75,1,00000000000000000314,crop_loss,28.460060110863964,0.061437231028002866,0.05694054414383104
75,1,00000000000000000335,crop_loss,38.687724311611056,0.46263154014782404,0.06550088792911118
75,1,0000000000000000033a,crop_loss,27.139947594072165,0.5069920871364986,0.12414987251018977
75,1,000000000000000003b0,crop_loss,42.5856602054608,0.227594282857121,0.09052228596183315
75,1,000000000000000003c8,crop_loss,32.55891829310979,0.20161097036319836,0.06734563565172799
75,1,000000000000000003f1,crop_loss,38.837628706912916,0.48245707614054406,0.08451589774983759
75,1,000000000000000003f2,crop_loss,31.887669554350964,0.4795705333252743,0.07031019585333381
75,1,0000000000000000044b,crop_loss,14.23453396654529,0.5796013262894619,0.07599797773514705
75,1,0000000000000000046c,crop_loss,35.03301137802329,0.49718466990667165,0.17390464285245055
75,1,00000000000000000480,crop_loss,9.114937535719664,0.8455590609896112,0.11311102716115573
75,1,00000000000000000483,crop_loss,11.90375776036208,0.7308002046950561,0.0917262074792079
75,1,00000000000000000485,crop_loss,38.16309308315319,0.7072490674525669,0.05333752099895739
75,1,00000000000000000497,crop_loss,35.12755649021463,0.23373538114021458,0.10029856972811738
75,1,0000000000000000049b,crop_loss,33.15377647160234,0.3651571830492971,0.0557324466865749
75,1,000000000000000004a1,crop_loss,36.577800859383295,0.38680075826411764,0.09304077647396447
75,1,000000000000000004e7,crop_loss,24.197521245152725,0.4926806563963376,0.04020136960683074
75,1,000000000000000004e9,crop_loss,13.818391743699168,0.3034554967515599,0.14430541348801434
75,1,000000000000000004ee,crop_loss,18.471710877573827,0.38120550018128796,0.19475639214274493
75,1,000000000000000004f9,crop_loss,36.62208043485019,0.331098332655401,0.149897892796642
75,1,00000000000000000517,crop_loss,28.539580710928863,0.2694651830837714,0.16796051908190718
75,1,00000000000000000538,crop_loss,1.0675640405736135,0.2806064626556102,0.04939660391289241
75,1,0000000000000000057e,crop_loss,3.5890134380180565,0.5464086813092374,0.05454969969774848
75,1,000000000000000005d1,crop_loss,17.486508815647476,0.1887416957734952,0.1485265336959391
75,1,00000000000000000611,crop_loss,39.048417885411325,0.6489840039815054,0.09054892936651271
75,1,0000000000000000062f,crop_loss,35.73030426979958,0.5163836929292352,0.1390083022910884
75,1,00000000000000000632,crop_loss,14.041306156685854,0.0774176851880235,0.028143646255689984
75,1,0000000000000000063e,crop_loss,38.723964360307995,0.3172482292020556,0.09956181631248767
75,1,00000000000000000655,crop_loss,26.414204849576368,0.4749662185697341,0.22456790000624094
75,1,00000000000000000697,crop_loss,46.33972951318228,0.6074520683133151,0.10903485531775037
75,1,00000000000000000698,crop_loss,18.42503741275672,0.4575651953321683,0.10512305286487422
75,1,000000000000000006a8,crop_loss,40.357643965158694,0.307686946017235,0.12019412415541908
75,1,000000000000000006b4,crop_loss,37.10472940944681,0.5147569514720379,0.10756056804374575
75,1,000000000000000006be,crop_loss,16.475880255217334,0.3847325750044755,0.097452948407662
75,1,000000000000000006c0,crop_loss,3.021716130231989,0.20227119583073003,0.05883500275905795
75,1,000000000000000006ce,crop_loss,22.04577583956973,0.5882040636268631,0.1911490844094894
75,1,000000000000000006d9,crop_loss,37.2211216125009,0.2325167602473709,0.08464969265299965
75,1,000000000000000006e5,crop_loss,38.982236295636255,0.5548725825910613,0.08037441554786084
75,1,00000000000000000151,built_loss,7.460576584905053,0.2569114027569667,0.055520250587344555
75,1,000000000000000001be,built_loss,5.866446137465901,0.5253576565621616,0.08810674684475311
75,1,0000000000000000034d,built_loss,4.813390045784624,0.38157285234058297,0.059002279472217534
75,1,000000000000000003c7,crop_loss,26.101415632272868,0.7207734185862695,0.07733702680737087
75,1,0000000000000000004a,built_loss,9.383666813575852,0.4328317478568386,0.04790832264918282
75,1,00000000000000000206,built_loss,37.229000687514834,0.6943813495791109,0.1311578797951486
75,1,000000000000000002a4,built_loss,10.702014360340527,0.3978161733476048,0.07518842910584483
75,1,000000000000000004f5,built_loss,8.344899117605886,0.5064049450275314,0.10228509587456841
75,1,000000000000000002cc,crop_loss,19.04323160345935,0.352637805635257,0.24343666965455574
75,1,000000000000000006cc,crop_loss,21.812760142072797,0.3406694436504672,0.07261501873193921
75,1,0000000000000000016c,crop_loss,39.269039389783245,0.44877780600350986,0.1202670443088853
75,2,00000000000000000085,built_loss,13.268838455762431,0.3621672065214719,0.11716984041218564
75,2,00000000000000000114,built_loss,23.454191295227364,0.6946138227990444,0.08188752533786214
75,2,0000000000000000024c,built_loss,24.003555590478605,0.7007632529162955,0.08844382564341535
75,2,00000000000000000375,built_loss,30.874075516863563,0.6575381116258721,0.07280034075599684
75,2,000000000000000004d2,built_loss,23.35716421124802,0.6479193692370756,0.09678062895845396
75,2,000000000000000005bd,built_loss,5.462508562888892,0.5456410737112817,0.13136277792107265
75,2,00000000000000000281,crop_loss,32.594554995196674,0.5132548164029392,0.06432177129263111
75,2,000000000000000003a2,crop_loss,29.80113391273607,0.32310031068213874,0.08756530706203652
75,2,00000000000000000001,built_loss,24.020332578428985,0.4671855119458559,0.09514690447503232
75,2,00000000000000000049,built_loss,4.632170565926829,0.49190921384499414,0.036126280236435826
75,2,0000000000000000004f,built_loss,34.09888777887104,0.4329342931042171,0.14761827337066652
75,2,0000000000000000005a,built_loss,26.9351335046915,0.4450887474376089,0.04848575553695916
75,2,00000000000000000079,built_loss,43.990455305751205,0.6536168190155649,0.09725356774466565
75,2,00000000000000000087,built_loss,38.23860305427155,0.5759170501927676,0.15650206502367892
75,2,000000000000000000a1,built_loss,8.62561858872738,0.4511337773599345,0.10078046787988537
75,2,000000000000000000b8,built_loss,10.18917619392194,0.5303902954766684,0.11682449470395007
75,2,000000000000000000c0,built_loss,31.616994125737087,0.6190776016968147,0.06795287542487916
75,2,000000000000000000e2,built_loss,19.162330823186092,0.38332695493251,0.08921381053300681
75,2,000000000000000000f0,built_loss,28.007870372634876,0.6431867017085544,0.10551015627088955
75,2,000000000000000000f8,built_loss,32.24192415832482,0.5335638603669269,0.09855807902699976
75,2,0000000000000000011c,built_loss,6.5210571371711605,0.7463839479435019,0.05771190818532923
75,2,00000000000000000161,built_loss,31.58996453850005,0.6683100520146785,0.07642875434535468
75,2,0000000000000000016a,built_loss,8.278358193742402,0.22971464837434863,0.07596819845754374
75,2,00000000000000000176,built_loss,19.653136920089832,0.6508643045548669,0.06325616596775241
75,2,000000000000000001a8,built_loss,34.08139737979791,0.518420430447693,0.10143571905463733
75,2,000000000000000001cd,built_loss,38.52819533543744,0.7736798792718736,0.10064490370825818
75,2,000000000000000001e5,built_loss,18.343351827540687,0.5435267956535395,0.08559982605369088
75,2,00000000000000000209,built_loss,35.97036031627845,0.646077058429967,0.08416332921666558
75,2,00000000000000000231,built_loss,37.51159866716459,0.5061888485957983,0.1174875730042011
75,2,0000000000000000026d,built_loss,24.080043307535952,0.6275795254068836,0.09749320825255536
75,2,00000000000000000278,built_loss,33.391189288009095,0.7915707700464533,0.07736289359238979
75,2,00000000000000000293,built_loss,31.46832468676438,0.45779436662465023,0.09112544538183476
75,2,00000000000000000316,built_loss,1.964507154770414,0.12214403900805386,0.03040265544472287
75,2,00000000000000000356,built_loss,29.22569597214786,0.5258502250137068,0.15963561356247785
75,2,00000000000000000362,built_loss,38.43735737579433,0.5523715487061791,0.11289406274531255
75,2,00000000000000000363,built_loss,22.98797014337929,0.24109056478091337,0.07216396431880309
75,2,00000000000000000364,built_loss,40.00633665216399,0.608184384189192,0.09334971295903072
75,2,00000000000000000380,built_loss,32.84222833949711,0.4978010359626262,0.06948311760976472
75,2,00000000000000000384,built_loss,17.713309977110033,0.5633972529939445,0.04987022094762916
75,2,0000000000000000039e,built_loss,9.329510233598562,0.4828156841090945,0.06852512525204218
75,2,000000000000000003a1,built_loss,15.917673088836164,0.6434831870953133,0.06930040070725896
75,2,000000000000000003a5,built_loss,18.754637505541204,0.4046954143078234,0.13313659316439413
75,2,000000000000000003b7,built_loss,14.458847349430584,0.4968551503515101,0.044199428062701884
75,2,000000000000000003bf,built_loss,38.70039146745236,0.5544532654756169,0.070377331463651
75,2,000000000000000003d2,built_loss,35.71151508808233,0.5963381910641157,0.09760506635581978
75,2,000000000000000003f8,built_loss,7.305602581404297,0.22800978071598252,0.037557214707967385
75,2,000000000000000003fa,built_loss,38.35777390977683,0.4080037401561588,0.05831793617381659
75,2,00000000000000000407,built_loss,37.184683424071586,0.5770506814366325,0.07485196392961369
75,2,0000000000000000040f,built_loss,28.414040572623602,0.5256258238036745,0.022500535387161125
75,2,00000000000000000426,built_loss,28.800660191575428,0.5586920557970022,0.07150170322311067
75,2,0000000000000000042b,built_loss,28.99903865655268,0.5602642594464771,0.09199978343406912
75,2,00000000000000000442,built_loss,3.983647225557304,0.48463745982070955,0.2925457480933287
75,2,00000000000000000465,built_loss,33.84564137990337,0.610674240998281,0.0716441909647364
75,2,0000000000000000047e,built_loss,20.88058590505113,0.5073818525386001,0.08786324081009439
75,2,00000000000000000490,built_loss,38.23428009608059,0.673975938221328,0.11885257654735015
75,2,000000000000000004c0,built_loss,34.93031437828002,0.6353826209209708,0.06416214609823079
75,2,000000000000000004c5,built_loss,12.770106609199548,0.5573177523510827,0.1078813547992461
75,2,000000000000000004d9,built_loss,38.892855018161285,0.5619969771534965,0.06307700909714864
75,2,000000000000000004eb,built_loss,39.53278273452092,0.4564575301898326,0.058270808125582385
75,2,000000000000000004f7,built_loss,8.251584167931343,0.4744439962841959,0.053299655056971706
75,2,000000000000000004fe,built_loss,15.60600953957383,0.496960947673481,0.046709242694126796
75,2,0000000000000000051d,built_loss,22.844696200130315,0.5286972028391506,0.26319316298310624
75,2,00000000000000000559,built_loss,33.33033747653236,0.6658551312756125,0.08385437960960618
75,2,00000000000000000576,built_loss,7.5964716974807285,0.2825790873890245,0.08167103440481907
75,2,00000000000000000577,built_loss,10.589106997997742,0.48593827045927235,0.11639462374763404
75,2,0000000000000000057f,built_loss,2.4976680103054463,0.39272561308370335,0.07639964667115745
75,2,00000000000000000594,built_loss,22.843704488217025,0.4801003052385536,0.24157286008234424
75,2,000000000000000005ad,built_loss,31.847570780148995,0.6522845904387631,0.08353610528974531
75,2,000000000000000005bf,built_loss,23.542839615780697,0.3912123578647192,0.06552628114367898
75,2,000000000000000005cc,built_loss,9.819287726055418,0.35298235767700875,0.05595989579945759
75,2,000000000000000005de,built_loss,28.567143993308328,0.4406626106272075,0.039421961255878435
75,2,000000000000000005e7,built_loss,37.63300931027528,0.6431570483348131,0.1054829775945012
75,2,000000000000000005f9,built_loss,16.756927500427516,0.6550514570350641,0.10420148392877693
75,2,0000000000000000061c,built_loss,17.72172728757019,0.4356299953000835,0.09735439239361449
75,2,00000000000000000624,built_loss,4.62281138551233,0.5112863324909308,0.09656650145407747
75,2,00000000000000000626,built_loss,28.11172548578874,0.5056159436789052,0.05054667992107331
75,2,0000000000000000062a,built_loss,31.297600855525005,0.5697407532228366,0.0871154063358468
75,2,00000000000000000636,built_loss,21.303478843741072,0.41631212023519487,0.18472887446904507
75,2,0000000000000000064a,built_loss,3.2668227341345966,0.3021910561169846,0.03894863473376331
75,2,0000000000000000064d,built_loss,15.451883310936598,0.4436698666912824,0.10669567217799686
75,2,00000000000000000694,built_loss,25.338115422708118,0.3626123466171186,0.0531240002282824
75,2,0000000000000000069d,built_loss,33.396125884233015,0.6507784782070549,0.07410973004151356
75,2,000000000000000006b7,built_loss,25.283091897460267,0.46425927884011275,0.08616069785045394
75,2,000000000000000006df,built_loss,16.289421767610644,0.29900427218833797,0.18926367039195008
75,2,000000000000000006e3,built_loss,26.758500119701203,0.4295121534512649,0.09149471361367667
75,2,00000000000000000011,crop_loss,32.28307340791149,0.8010975829222565,0.3471246246903227
75,2,0000000000000000002b,crop_loss,37.71369623301681,0.1501075867557776,0.12640223027290567
75,2,0000000000000000002d,crop_loss,40.19477895617294,0.4927344774658827,0.06641773940139245
75,2,0000000000000000003a,crop_loss,40.58969595962663,0.26831505117382004,0.08664181215518776
75,2,0000000000000000009b,crop_loss,13.624023920912904,0.5050259913641724,0.02153745705767729
75,2,0000000000000000009d,crop_loss,6.9503103199078105,0.4018117617721422,0.07112017197001508
75,2,000000000000000000a8,crop_loss,28.425210006990586,0.20358566839371342,0.03288918897960236
75,2,000000000000000000da,crop_loss,23.0786559043384,0.7503159451788299,0.061677370065822856
75,2,000000000000000000e3,crop_loss,41.0515871177247,0.49035090168040363,0.109389808992431
75,2,000000000000000000e9,crop_loss,5.690799646540947,0.3801029742308405,0.1192961138607796
75,2,0000000000000000011b,crop_loss,24.892758341666028,0.47925018855002804,0.041885952983864716
75,2,00000000000000000128,crop_loss,30.108740741017126,0.557935460754034,0.038812032501066906
75,2,00000000000000000192,crop_loss,31.57903412927415,0.5680633080819094,0.041439840093721925
75,2,00000000000000000196,crop_loss,23.136329613584216,0.24428100003191475,0.05705104015368384
75,2,000000000000000001a6,crop_loss,30.508098528673074,0.26473191630519377,0.13654428517354725
75,2,000000000000000001e4,crop_loss,33.05977929991133,0.4695485203975258,0.0657135093316864
75,2,000000000000000001f9,crop_loss,35.25078649777187,0.5217641266300569,0.27740715258610854
75,2,00000000000000000228,crop_loss,25.213036885631436,0.4696098563051855,0.16315195904734064
75,2,0000000000000000028c,crop_loss,4.054989548740391,0.30823839545115944,0.08561704685123672
75,2,0000000000000000028d,crop_loss,22.79247357747656,0.6664370749686762,0.10654973183952143
75,2,00000000000000000291,crop_loss,15.32768849264469,0.8773314445856549,0.03980203968905782
75,2,000000000000000002c5,crop_loss,22.903849518468803,0.34464256274235794,0.10008890737849019
75,2,000000000000000002dc,crop_loss,38.208099314895534,0.6747287927272555,0.10214320747387773
75,2,000000000000000002e4,crop_loss,36.57045456412251,0.3571873295115646,0.10415011401972063
75,2,000000000000000002ec,crop_loss,43.29558003324094,0.468532064739566,0.08557721833724857
75,2,00000000000000000314,crop_loss,29.664801978658197,0.09162651344247014,0.07810925908838427
75,2,00000000000000000335,crop_loss,37.24517841925599,0.43836806926467525,0.11614197031343448
75,2,0000000000000000033a,crop_loss,27.654663402339068,0.517575503045076,0.08041671297859876
75,2,000000000000000003b0,crop_loss,41.10613952033729,0.22304226184091006,0.11185589542910038
75,2,000000000000000003c8,crop_loss,33.62953693455343,0.20307996170654566,0.07635457698683398
75,2,000000000000000003f1,crop_loss,39.14654132350476,0.4741294879791903,0.12744172724270253
75,2,000000000000000003f2,crop_loss,31.522263828749722,0.4950313771195396,0.05564995907541559
75,2,0000000000000000044b,crop_loss,14.466960614268752,0.5661561510635028,0.04460830184993403
75,2,0000000000000000046c,crop_loss,35.82462419612799,0.49635252405313945,0.12267471301088895
75,2,00000000000000000480,crop_loss,11.23534285168813,0.818848077432297,0.20537851821795006
75,2,00000000000000000483,crop_loss,11.751165764826197,0.7363528837972141,0.09228785456451816
75,2,00000000000000000485,crop_loss,34.0085038517164,0.7120596319108397,0.05611106920902742
75,2,00000000000000000497,crop_loss,31.516419904229277,0.23440146063469844,0.07768946689966977
75,2,0000000000000000049b,crop_loss,35.56709477542738,0.3487278345238249,0.049737456379070344
75,2,000000000000000004a1,crop_loss,28.420206353191396,0.3374877935822204,0.06525577737450128
75,2,000000000000000004e7,crop_loss,21.98343701171847,0.5066972080988082,0.038651315809028974
75,2,000000000000000004e9,crop_loss,18.91056508777106,0.303858973309338,0.1673413991718864
75,2,000000000000000004ee,crop_loss,22.121211150302315,0.38263795614193696,0.1894417021099526
75,2,000000000000000004f9,crop_loss,33.58777176750963,0.3171501186974249,0.08914862529801582
75,2,00000000000000000517,crop_loss,23.599581320745713,0.2727615928908196,0.18037858435975312
75,2,00000000000000000538,crop_loss,1.0719960518307707,0.2972073599762677,0.046764091425021026
75,2,0000000000000000057e,crop_loss,4.049350036465071,0.5522147103503323,0.04926019436995355
75,2,000000000000000005d1,crop_loss,16.562127146496625,0.16786173953285088,0.17111785680248953
75,2,00000000000000000611,crop_loss,37.273084134820245,0.6280772948134749,0.081004072647481
75,2,0000000000000000062f,crop_loss,35.18637027764004,0.5461066153487832,0.19255952957912303
75,2,00000000000000000632,crop_loss,12.839460535749533,0.0839291993309671,0.026619781199766546
75,2,0000000000000000063e,crop_loss,38.48814841859893,0.31248953928089823,0.09050449336985084
75,2,00000000000000000655,crop_loss,27.021812993471734,0.5609344775933492,0.1961423715271879
75,2,00000000000000000697,crop_loss,42.12712119668643,0.6092756588427738,0.09038117242315369
75,2,00000000000000000698,crop_loss,17.923276220328166,0.436215089151589,0.10989625297437872
75,2,000000000000000006a8,crop_loss,38.09303017341254,0.3201150822030405,0.11793690006983182
75,2,000000000000000006b4,crop_loss,38.90839176366256,0.49997961413102177,0.126528471571908
75,2,000000000000000006be,crop_loss,14.296256118573833,0.39629747717080427,0.09810160355600211
75,2,000000000000000006c0,crop_loss,2.8842785054527704,0.17495425025455877,0.056331840741470685
75,2,000000000000000006ce,crop_loss,22.86449970196259,0.5908829809615314,0.15045983755884457
75,2,000000000000000006d9,crop_loss,34.43299731198799,0.23075307479544188,0.07195521556223675
75,2,000000000000000006e5,crop_loss,42.06813756947771,0.550936001209177,0.09771871040107305
75,2,00000000000000000151,built_loss,7.421206784342481,0.246630749867415,0.05594761846006671
75,2,000000000000000001be,built_loss,6.609799737736872,0.5353338096085115,0.09282475151925251
75,2,0000000000000000034d,built_loss,5.621679829408634,0.4226249158556271,0.07530038500965947
75,2,000000000000000003c7,crop_loss,22.78354298400225,0.7516178308885573,0.07944262993154161
75,2,0000000000000000004a,built_loss,10.639488084451916,0.4236631714373447,0.04753275034836818
75,2,00000000000000000206,built_loss,31.866972757525375,0.7386725478914848,0.10533923635337339
75,2,000000000000000002a4,built_loss,11.51257798555019,0.38908434637541706,0.07703975304809291
75,2,000000000000000004f5,built_loss,8.46874653617854,0.4675371272577534,0.11882627948058666
75,2,000000000000000002cc,crop_loss,17.76066210983831,0.38670339845035323,0.2419947443366171
75,2,000000000000000006cc,crop_loss,22.952422100778385,0.3342369086449726,0.05875587401251792
75,2,0000000000000000016c,crop_loss,34.58153967459525,0.44926827050692936,0.11199678097970689
75,3,00000000000000000085,built_loss,12.829127448124918,0.3589454587594328,0.10334110258625934
75,3,00000000000000000114,built_loss,25.026486231633573,0.6986003900400481,0.061061517517560504
75,3,0000000000000000024c,built_loss,23.748565309688136,0.6954369545420386,0.0841463250482476
75,3,00000000000000000375,built_loss,32.86336065918274,0.6676591391410914,0.09161261165383439
75,3,000000000000000004d2,built_loss,24.28849651260845,0.6319249796456271,0.1022420291359748
75,3,000000000000000005bd,built_loss,4.603509789166392,0.5516981525044751,0.09085197967823988
75,3,00000000000000000281,crop_loss,38.991028767841385,0.5286769023339946,0.04904100773261977
75,3,000000000000000003a2,crop_loss,28.324350958086168,0.3595467564330231,0.09220347523614608
75,3,00000000000000000001,built_loss,19.43570240524285,0.4479388463304978,0.0601898457176544
75,3,00000000000000000049,built_loss,4.1666438730341735,0.4943908092171777,0.06405924883264008
75,3,0000000000000000004f,built_loss,32.63104856285888,0.4146161259772231,0.09976600031916766
75,3,0000000000000000005a,built_loss,29.280381519827113,0.4528348991898542,0.04348902186683856
75,3,00000000000000000079,built_loss,45.953633000758984,0.6685388212125006,0.09219163755603266
75,3,00000000000000000087,built_loss,41.12726264112556,0.6403560533368065,0.14786772580383
75,3,000000000000000000a1,built_loss,6.977400890602569,0.4596742843409735,0.07143934555342207
75,3,000000000000000000b8,built_loss,10.305679904940447,0.547007089929938,0.1700113680096616
75,3,000000000000000000c0,built_loss,31.932414126990228,0.6206150117835121,0.06579068253367393
75,3,000000000000000000e2,built_loss,17.65019827376577,0.4325798991493491,0.1316738207430767
75,3,000000000000000000f0,built_loss,26.361763807471434,0.6647128958503754,0.10640280975487204
75,3,000000000000000000f8,built_loss,37.75182802146658,0.5600027117684131,0.09899899772394272
75,3,0000000000000000011c,built_loss,6.101871762509216,0.7590339439594036,0.048453475776990884
75,3,00000000000000000161,built_loss,33.564059528784036,0.6254718967384593,0.08916442115953038
75,3,0000000000000000016a,built_loss,7.6695553965254515,0.25334238339157633,0.09296248192152792
75,3,00000000000000000176,built_loss,22.620464218018263,0.6375488801127351,0.0687498811014422
75,3,000000000000000001a8,built_loss,36.79983937176974,0.5490860763160028,0.11589660054604128
75,3,000000000000000001cd,built_loss,38.22446319803196,0.8121232464497251,0.05858775941418448
75,3,000000000000000001e5,built_loss,19.269622851493082,0.5425926691078803,0.0852932573055254
75,3,00000000000000000209,built_loss,38.82843641068017,0.6229687096556312,0.09237327783941307
75,3,00000000000000000231,built_loss,38.22780021549843,0.5257601075257048,0.12405606707597922
75,3,0000000000000000026d,built_loss,25.88080323186814,0.5826299630541519,0.09428716179672236
75,3,00000000000000000278,built_loss,31.274616099463774,0.7643537159602508,0.08609122955606319
75,3,00000000000000000293,built_loss,29.346556655540155,0.46477427404467003,0.0836767588824216
75,3,00000000000000000316,built_loss,2.125106337310659,0.1188694387761964,0.037282354305417945
75,3,00000000000000000356,built_loss,33.716415999439874,0.5161314953083201,0.1803719891078323
75,3,00000000000000000362,built_loss,37.327487658249645,0.5831425471896071,0.08044907695646042
75,3,00000000000000000363,built_loss,23.252202430484594,0.23220120726102214,0.08210393990034312
75,3,00000000000000000364,built_loss,42.597386221332755,0.5976040667424944,0.1112250913489432
75,3,00000000000000000380,built_loss,29.7045253570368,0.5199703584744978,0.07723537269082176
75,3,00000000000000000384,built_loss,15.790704596222218,0.5842091700777178,0.05982340901450123
75,3,0000000000000000039e,built_loss,6.267047054114862,0.49578331536202364,0.07850414083506713
75,3,000000000000000003a1,built_loss,16.475157479826972,0.6314298483953394,0.09071499624860113
75,3,000000000000000003a5,built_loss,19.840751434298447,0.36833769839456104,0.11514711158617541
75,3,000000000000000003b7,built_loss,16.547320838469552,0.4673863034511319,0.04622122361838177
75,3,000000000000000003bf,built_loss,38.64395721405134,0.5517240714844673,0.059121479340735306
75,3,000000000000000003d2,built_loss,37.94806949785133,0.5570175246865936,0.09938741406013818
75,3,000000000000000003f8,built_loss,6.008911520909948,0.22648515737473687,0.043157701689682526
75,3,000000000000000003fa,built_loss,37.09653118131821,0.44727275046709963,0.0918352361830736
75,3,00000000000000000407,built_loss,37.679967673765695,0.5617444073507426,0.11049255782164258
75,3,0000000000000000040f,built_loss,25.980988817776456,0.523106819081705,0.032966083429520676
75,3,00000000000000000426,built_loss,28.05188441546647,0.5847181792791322,0.07005075508655756
75,3,0000000000000000042b,built_loss,32.56400780943833,0.5738096226197045,0.0949253362987631
75,3,00000000000000000442,built_loss,3.7117703241496316,0.44533776782914014,0.37544941198001636
75,3,00000000000000000465,built_loss,39.071268364750935,0.653314090888547,0.0808071584710085
75,3,0000000000000000047e,built_loss,18.25775994455277,0.5370201355063282,0.09097215804954195
75,3,00000000000000000490,built_loss,38.8960216630346,0.6388287870049723,0.10009445494683156
75,3,000000000000000004c0,built_loss,35.44182221541141,0.645017205522014,0.06813933944454664
75,3,000000000000000004c5,built_loss,11.68083993915649,0.5834760000510066,0.10955157358513445
75,3,000000000000000004d9,built_loss,36.95666485076376,0.5522931770610395,0.07733425495853519
75,3,000000000000000004eb,built_loss,39.29468246887838,0.4418656371446747,0.06059527776516227
75,3,000000000000000004f7,built_loss,7.875329956642884,0.4726128115470815,0.04361166306441849
75,3,000000000000000004fe,built_loss,14.03751175665349,0.4928004861507371,0.04780993451886867
75,3,0000000000000000051d,built_loss,18.722008051539746,0.5201852958612089,0.14599850749828158
75,3,00000000000000000559,built_loss,36.99847147550866,0.6569444703112949,0.07314566254452515
75,3,00000000000000000576,built_loss,8.332663418229243,0.26533252536393465,0.05824398497767658
75,3,00000000000000000577,built_loss,9.577928102316775,0.4728829603539979,0.10526063597238794
75,3,0000000000000000057f,built_loss,2.3755988583726366,0.4041223810227824,0.08649592052435473
75,3,00000000000000000594,built_loss,16.610788783695714,0.580693024105631,0.29747931977054337
75,3,000000000000000005ad,built_loss,26.118834504078528,0.6649010444789021,0.11369289286663053
75,3,000000000000000005bf,built_loss,25.810953561960073,0.4049924654282951,0.06067083453364175
75,3,000000000000000005cc,built_loss,9.390309158253894,0.3737216856719932,0.057286393985496176
75,3,000000000000000005de,built_loss,28.417496754885338,0.43437843460986203,0.038154582355246325
75,3,000000000000000005e7,built_loss,35.76437641482575,0.678066843855421,0.07533581019125479
75,3,000000000000000005f9,built_loss,15.529387279799653,0.6641259858156943,0.07568413668344887
75,3,0000000000000000061c,built_loss,17.05242204696659,0.39879863980887476,0.07570630777762183
75,3,00000000000000000624,built_loss,4.1655055500048075,0.5298641625323285,0.10008819236132344
75,3,00000000000000000626,built_loss,26.87482922246807,0.48997009231220034,0.06040826187902104
75,3,0000000000000000062a,built_loss,31.795318963187395,0.5657087895996993,0.06541688094107412
75,3,00000000000000000636,built_loss,19.377919399477378,0.44643075413155126,0.2198175662574538
75,3,0000000000000000064a,built_loss,3.545285430519903,0.301868158321428,0.04164996429374895
75,3,0000000000000000064d,built_loss,13.60109005323466,0.4331865114841036,0.09436346114926092
75,3,00000000000000000694,built_loss,23.36758592561573,0.3744150772922767,0.055816883222313596
75,3,0000000000000000069d,built_loss,30.831748528398215,0.637264495979434,0.08243342995726433
75,3,000000000000000006b7,built_loss,24.12688533798382,0.46113679623324205,0.046820633714500515
75,3,000000000000000006df,built_loss,14.40984650620719,0.21839503657517137,0.11151272857204853
75,3,000000000000000006e3,built_loss,27.212490027324503,0.4343694540680222,0.0954671249264345
75,3,00000000000000000011,crop_loss,34.80033908417306,0.8222470478322771,0.3424791272802997
75,3,0000000000000000002b,crop_loss,36.19674022434451,0.18076760605574166,0.13413860325960192
75,3,0000000000000000002d,crop_loss,39.472459837784584,0.5046133771313548,0.07139086579610332
75,3,0000000000000000003a,crop_loss,38.289570816435315,0.293866223922521,0.09623891950855346
75,3,0000000000000000009b,crop_loss,14.003720476378605,0.49923039863124014,0.017620094410472853
75,3,0000000000000000009d,crop_loss,7.283914541698543,0.36274953333449705,0.09193608399174974
75,3,000000000000000000a8,crop_loss,27.8839368939292,0.21734067554162642,0.030710476787439267
75,3,000000000000000000da,crop_loss,24.140160873193206,0.7577320566602671,0.08228324667829123
75,3,000000000000000000e3,crop_loss,38.58769879877972,0.48558788066203773,0.09481135621067577
75,3,000000000000000000e9,crop_loss,5.166965445726758,0.4109199182578402,0.08700618711212343
75,3,0000000000000000011b,crop_loss,25.918935827518876,0.478610162304831,0.03690037297992488
75,3,00000000000000000128,crop_loss,30.09794020065587,0.5417406115226324,0.03494237619102469
75,3,00000000000000000192,crop_loss,35.299436876838755,0.5387826851003706,0.04476038710011965
75,3,00000000000000000196,crop_loss,23.805524629349378,0.24627135003026496,0.05330762992687069
75,3,000000000000000001a6,crop_loss,31.720977655910563,0.26309946618313446,0.10500181101615919
75,3,000000000000000001e4,crop_loss,34.20167356828498,0.5058350090603981,0.06551692060336595
75,3,000000000000000001f9,crop_loss,34.56691690186327,0.4954107362353357,0.30606214412548194
75,3,00000000000000000228,crop_loss,24.794982719190727,0.435216570183255,0.27020171708313856
75,3,0000000000000000028c,crop_loss,4.108462286755557,0.30426310380065097,0.06857780531446955
75,3,0000000000000000028d,crop_loss,22.671544334319876,0.6764323458335666,0.10746712369616096
75,3,00000000000000000291,crop_loss,14.353525295438697,0.8844192666373107,0.032988557563668475
75,3,000000000000000002c5,crop_loss,27.193890893303724,0.3498670307122791,0.0758560226707568
75,3,000000000000000002dc,crop_loss,39.71643306770929,0.6094778099342131,0.09872306851543766
75,3,000000000000000002e4,crop_loss,36.13086175542618,0.3575153896714054,0.13682771391370208
75,3,000000000000000002ec,crop_loss,40.972287989835046,0.4690255777403915,0.11072334116303989
75,3,00000000000000000314,crop_loss,24.201410076333612,0.07181919259034876,0.07494334777804439
75,3,00000000000000000335,crop_loss,38.993446420084766,0.45620276832252177,0.09002593004004661
75,3,0000000000000000033a,crop_loss,29.79977964691606,0.5323325046629647,0.09757573035411893
75,3,000000000000000003b0,crop_loss,39.3119142253208,0.19998107781278793,0.10872673792712056
75,3,000000000000000003c8,crop_loss,30.880404149858908,0.21244882127165693,0.06382048155605646
75,3,000000000000000003f1,crop_loss,38.96851395364994,0.48630520968927426,0.07146075373444893
75,3,000000000000000003f2,crop_loss,31.140304642464965,0.430812733152242,0.06421405844837119
75,3,0000000000000000044b,crop_loss,13.994469810717076,0.553263302114688,0.052454609800455576
75,3,0000000000000000046c,crop_loss,37.904065856588915,0.48475360112383586,0.14878508916270755
75,3,00000000000000000480,crop_loss,9.94574653200911,0.8156655443022565,0.20960566507190437
75,3,00000000000000000483,crop_loss,11.11965738622669,0.7505640134178677,0.1073483393011031
75,3,00000000000000000485,crop_loss,31.216831490680697,0.6885119836858185,0.06324201982679745
75,3,00000000000000000497,crop_loss,31.849864111517512,0.20807417551346877,0.08300943912486317
75,3,0000000000000000049b,crop_loss,35.58226922891425,0.3614476912267835,0.055095670377665884
75,3,000000000000000004a1,crop_loss,36.52140748577234,0.3432590603310875,0.09301048167066295
75,3,000000000000000004e7,crop_loss,24.16779896132699,0.4932394552025185,0.04808751436759329
75,3,000000000000000004e9,crop_loss,13.278958117615836,0.38672755061172875,0.17812172635549267
75,3,000000000000000004ee,crop_loss,19.886723045241535,0.39746373066016166,0.18916683319619515
75,3,000000000000000004f9,crop_loss,36.96789811525886,0.3532873212804352,0.16150655900991884
75,3,00000000000000000517,crop_loss,25.938807894957147,0.25587651762213903,0.12323355972507
75,3,00000000000000000538,crop_loss,1.0712090820055309,0.28207928968142715,0.0468536872118252
75,3,0000000000000000057e,crop_loss,4.399738431307859,0.5374927822553982,0.03026269911491608
75,3,000000000000000005d1,crop_loss,17.425074206014926,0.1432856563901505,0.06418908105876396
75,3,00000000000000000611,crop_loss,40.4435832435313,0.6636157213888287,0.09249094824028214
75,3,0000000000000000062f,crop_loss,39.961782681292675,0.5033671069469448,0.22475704502937677
75,3,00000000000000000632,crop_loss,11.993396250031674,0.08248089290037099,0.024023762663067466
75,3,0000000000000000063e,crop_loss,35.84625706527032,0.32054800791512283,0.09045438118325844
75,3,00000000000000000655,crop_loss,27.910683398923005,0.45992213690718936,0.27421862882765696
75,3,00000000000000000697,crop_loss,43.87692476408793,0.6340468972882279,0.10595735580310484
75,3,00000000000000000698,crop_loss,18.477518526485394,0.3974643081214054,0.06875390666112141
75,3,000000000000000006a8,crop_loss,42.072390388217364,0.31322950195861665,0.10363386603532332
75,3,000000000000000006b4,crop_loss,39.314623219465226,0.5594851614747078,0.11207699018679607
75,3,000000000000000006be,crop_loss,12.10115401565616,0.38275252868055126,0.08246151631604653
75,3,000000000000000006c0,crop_loss,2.817493556489742,0.19875659434156884,0.06314122862586094
75,3,000000000000000006ce,crop_loss,22.83391749327662,0.5707697750070413,0.15327571832919729
75,3,000000000000000006d9,crop_loss,28.364657468761507,0.19787042065179236,0.056268012660850325
75,3,000000000000000006e5,crop_loss,36.545801208700475,0.5470776736351846,0.1109890784036805
75,3,00000000000000000151,built_loss,9.907361119616803,0.2636320896547497,0.04405881296027228
75,3,000000000000000001be,built_loss,5.516145881563108,0.5366527630205579,0.08780283899631924
75,3,0000000000000000034d,built_loss,4.833946935470467,0.4050971471984373,0.0435101149843477
75,3,000000000000000003c7,crop_loss,23.216624579056003,0.6822739604527498,0.09734856421963545
75,3,0000000000000000004a,built_loss,11.447190289104768,0.43589277323284376,0.04345120821432863
75,3,00000000000000000206,built_loss,32.56007166976096,0.7315142819130922,0.08313649389520061
75,3,000000000000000002a4,built_loss,9.513520320481668,0.40319345550713936,0.0704863898997583
75,3,000000000000000004f5,built_loss,8.709458512678669,0.4911015339400103,0.09924572343284138
75,3,000000000000000002cc,crop_loss,16.710713389642144,0.4127391590981719,0.2563982468917543
75,3,000000000000000006cc,crop_loss,21.737189429194753,0.3545044705415046,0.06256730879268985
75,3,0000000000000000016c,crop_loss,37.71578875940794,0.4686995857857117,0.10095342726739959
75,4,00000000000000000085,built_loss,14.57371383112483,0.36257873995739137,0.1037046258502613
75,4,00000000000000000114,built_loss,22.4544555833382,0.7097250276097293,0.07402342250408578
75,4,0000000000000000024c,built_loss,21.41601250603197,0.7091884042208961,0.07151519806256779
75,4,00000000000000000375,built_loss,28.874437132590803,0.6405940575261367,0.09499068111337738
75,4,000000000000000004d2,built_loss,22.096972046514882,0.6316106114787816,0.1157326793183645
75,4,000000000000000005bd,built_loss,4.527695244823067,0.5655406442928758,0.11432571396800811
75,4,00000000000000000281,crop_loss,35.32837398139125,0.5390424384142944,0.05772369325268567
75,4,000000000000000003a2,crop_loss,30.43476837911169,0.2906679749639956,0.12416675332869448
75,4,00000000000000000001,built_loss,21.858137109839486,0.44300329348039164,0.0639649694401464
75,4,00000000000000000049,built_loss,4.571174202131954,0.49814091340524647,0.07270466291936184
75,4,0000000000000000004f,built_loss,30.920350633874698,0.4330642515703478,0.1338534767922787
75,4,0000000000000000005a,built_loss,26.80069820748648,0.43405293787632065,0.05473560304410319
75,4,00000000000000000079,built_loss,45.540351153425185,0.6614913898089938,0.09518245526629587
75,4,00000000000000000087,built_loss,37.8591458812108,0.595866578262744,0.15274281653373
75,4,000000000000000000a1,built_loss,8.855171319552149,0.451582926192333,0.07913180637763201
75,4,000000000000000000b8,built_loss,8.971194402213879,0.5242085168144028,0.21557147266823024
75,4,000000000000000000c0,built_loss,30.520283224633303,0.610870826214211,0.0841018289986637
75,4,000000000000000000e2,built_loss,15.745154440569554,0.3779132488268168,0.13260204621230864
75,4,000000000000000000f0,built_loss,27.93073777188851,0.6943486131902148,0.11862084195552747
75,4,000000000000000000f8,built_loss,39.79763643775055,0.5244256315345537,0.10375598491256244
75,4,0000000000000000011c,built_loss,6.866501648094975,0.7414698033389189,0.0647813467734093
75,4,00000000000000000161,built_loss,33.49199080227565,0.657221079839258,0.08779074973116574
75,4,0000000000000000016a,built_loss,8.447064803626018,0.26430914662283156,0.06760250561093675
75,4,00000000000000000176,built_loss,23.20224960879128,0.6645917271299341,0.05773079730696773
75,4,000000000000000001a8,built_loss,40.832474195755225,0.532897052950491,0.09710069413969702
75,4,000000000000000001cd,built_loss,38.41124408188897,0.7507705112704218,0.08493557675245056
75,4,000000000000000001e5,built_loss,19.68920856237095,0.5450232237200823,0.10347679521107084
75,4,00000000000000000209,built_loss,37.507647620213866,0.6311666336414199,0.1083233853330885
75,4,00000000000000000231,built_loss,36.38974776241256,0.5361601552204767,0.09257188768214614
75,4,0000000000000000026d,built_loss,21.852425270523057,0.5958006351713154,0.10892060369543421
75,4,00000000000000000278,built_loss,32.90767651456349,0.7528098784235482,0.08834899840036414
75,4,00000000000000000293,built_loss,29.373535391474174,0.4782976341985034,0.12298291134751921
75,4,00000000000000000316,built_loss,1.9302322011057074,0.12082920693540761,0.015863113163659417
75,4,00000000000000000356,built_loss,30.689344244319603,0.5817590109800568,0.13826380447181064
75,4,00000000000000000362,built_loss,39.002260529022934,0.5572717837505847,0.09270683180267958
75,4,00000000000000000363,built_loss,22.783566602621796,0.22473506034530263,0.06452952519922692
75,4,00000000000000000364,built_loss,43.65476832782496,0.6110620502139023,0.1142030568770559
75,4,00000000000000000380,built_loss,26.682921823852684,0.5352825123035134,0.09223610864014598
75,4,00000000000000000384,built_loss,17.854770883822496,0.5918424688552254,0.07375398270438593
75,4,0000000000000000039e,built_loss,8.454127263493087,0.5111340063990794,0.07625370965977896
75,4,000000000000000003a1,built_loss,18.455267075367193,0.6337994810013152,0.08342381979167868
75,4,000000000000000003a5,built_loss,22.298818715442703,0.3685403815491221,0.09111569420651416
75,4,000000000000000003b7,built_loss,14.970185761234228,0.478866659800781,0.052190878094820536
75,4,000000000000000003bf,built_loss,42.7434363607792,0.570692628316763,0.0649155441186492
75,4,000000000000000003d2,built_loss,37.519902421588746,0.6214890092547528,0.11532364279897067
75,4,000000000000000003f8,built_loss,7.18493979844323,0.21770360246273018,0.04778819836577525
75,4,000000000000000003fa,built_loss,33.324029303605904,0.4235839261642159,0.06828252329493145
75,4,00000000000000000407,built_loss,32.468524317198245,0.5430784507381067,0.08403910641225099
75,4,0000000000000000040f,built_loss,24.135597645685408,0.5094224807643077,0.03516710182373428
75,4,00000000000000000426,built_loss,30.57647278759135,0.5625866359576924,0.06563900857818405
75,4,0000000000000000042b,built_loss,31.841941126219385,0.5826434998881594,0.0731758381125932
75,4,00000000000000000442,built_loss,3.8635998322091325,0.35644327608824256,0.25000834023548857
75,4,00000000000000000465,built_loss,35.517452880550636,0.608805161896922,0.07797653641911872
75,4,0000000000000000047e,built_loss,17.141698774617687,0.5171104143874322,0.0607081057301907
75,4,00000000000000000490,built_loss,36.72025942114447,0.6318632092522636,0.0856922739703978
75,4,000000000000000004c0,built_loss,32.400654062283394,0.6410138005922773,0.050875912453887784
75,4,000000000000000004c5,built_loss,12.374576380687678,0.5652750832368968,0.088659571162638
75,4,000000000000000004d9,built_loss,30.964921461371755,0.5472221033124723,0.06894901158783884
75,4,000000000000000004eb,built_loss,36.59625437005111,0.4539823706198026,0.05206895432560721
75,4,000000000000000004f7,built_loss,8.02136773663264,0.49293347216481664,0.03987013878624268
75,4,000000000000000004fe,built_loss,14.319211210610213,0.5102667912915064,0.05610898361113831
75,4,0000000000000000051d,built_loss,18.747817688936927,0.4780545514356864,0.2490578872365723
75,4,00000000000000000559,built_loss,34.63952583051831,0.696429009416835,0.08195787157080392
75,4,00000000000000000576,built_loss,8.019740710209629,0.27620527998952754,0.09135968605780678
75,4,00000000000000000577,built_loss,9.77515355552043,0.4845423157941419,0.14651364961940982
75,4,0000000000000000057f,built_loss,2.345598425489856,0.40148794345336525,0.0652122366971365
75,4,00000000000000000594,built_loss,22.696499549123278,0.5269391566654669,0.22594718228335076
75,4,000000000000000005ad,built_loss,29.909546076774625,0.6760092977708411,0.08370557003674506
75,4,000000000000000005bf,built_loss,24.783890755165412,0.3887181028017141,0.06367277271833488
75,4,000000000000000005cc,built_loss,10.23637391235051,0.35232017529298026,0.052138164172922385
75,4,000000000000000005de,built_loss,29.252590210127337,0.4317950537480983,0.05858452388558677
75,4,000000000000000005e7,built_loss,34.01144907036363,0.5982069923387783,0.12867458647880736
75,4,000000000000000005f9,built_loss,15.489921851742178,0.6572084230278863,0.10113553703200973
75,4,0000000000000000061c,built_loss,16.203363675820977,0.4011082072703372,0.09118279291038534
75,4,00000000000000000624,built_loss,4.445924477917212,0.5033967366259853,0.10524886030779551
75,4,00000000000000000626,built_loss,27.428060267019724,0.4813361989069697,0.07223080078132371
75,4,0000000000000000062a,built_loss,31.52677941092733,0.5565789368800337,0.08892230972620618
75,4,00000000000000000636,built_loss,19.244047235252687,0.4750175950808881,0.17891244938427436
75,4,0000000000000000064a,built_loss,3.2957863993743843,0.289761630277862,0.0752050931672712
75,4,0000000000000000064d,built_loss,12.621955812653235,0.45502136598485643,0.07539395353909334
75,4,00000000000000000694,built_loss,24.215613577017464,0.36813720509693554,0.0398525243669719
75,4,0000000000000000069d,built_loss,36.06734140525866,0.6687467601278039,0.08409497284149381
75,4,000000000000000006b7,built_loss,24.27341517471783,0.462540888113656,0.05885154755671934
75,4,000000000000000006df,built_loss,16.502555654622526,0.2408411200857124,0.12423320343809677
75,4,000000000000000006e3,built_loss,25.036807494255758,0.4248688074123137,0.11574108249821663
75,4,00000000000000000011,crop_loss,35.973401473689606,0.7075493328150779,0.41600035091327864
75,4,0000000000000000002b,crop_loss,36.524585668974794,0.19372199275502014,0.09906153920461805
75,4,0000000000000000002d,crop_loss,44.175362721484525,0.4820245038516507,0.09786782013532125
75,4,0000000000000000003a,crop_loss,34.01949584236608,0.3023437014337333,0.08933854414044368
75,4,0000000000000000009b,crop_loss,14.766344813776815,0.48706176213891306,0.016026618798283765
75,4,0000000000000000009d,crop_loss,6.174499269069176,0.3769308307463365,0.08872119976664689
75,4,000000000000000000a8,crop_loss,26.705032480788805,0.1958813689105244,0.03009840364932878
75,4,000000000000000000da,crop_loss,25.98774212011518,0.7590182339609691,0.07727444697199404
75,4,000000000000000000e3,crop_loss,41.67298947149668,0.4788954219849789,0.0902109864421447
75,4,000000000000000000e9,crop_loss,4.951701701269349,0.4069699380911171,0.10304526829969257
75,4,0000000000000000011b,crop_loss,24.733343148494807,0.4951512424970386,0.03993094520615614
75,4,00000000000000000128,crop_loss,27.708279641503736,0.5497166870170507,0.04347350765294289
75,4,00000000000000000192,crop_loss,39.076897213179414,0.5596335956838371,0.037096521543033334
75,4,00000000000000000196,crop_loss,23.08493091049649,0.25490018923165725,0.05824018288555077
75,4,000000000000000001a6,crop_loss,29.574236071256312,0.34004710488170203,0.07783037497509004
75,4,000000000000000001e4,crop_loss,32.92299483304305,0.4829508873775393,0.0744428855537082
75,4,000000000000000001f9,crop_loss,37.43585983693176,0.47413315787905497,0.3165591982850298
75,4,00000000000000000228,crop_loss,24.869085911363175,0.4489191512949497,0.278027148427578
75,4,0000000000000000028c,crop_loss,4.447012370313486,0.3240809045314842,0.07570581207178895
75,4,0000000000000000028d,crop_loss,24.793354009322794,0.6340232783983148,0.06420700746626662
75,4,00000000000000000291,crop_loss,15.43414713042226,0.8831961242749549,0.030188411855145536
75,4,000000000000000002c5,crop_loss,27.919507684471352,0.32795107242503285,0.12133556121238731
75,4,000000000000000002dc,crop_loss,41.43875945105328,0.6297945028745556,0.10036132286476973
75,4,000000000000000002e4,crop_loss,31.696000062514656,0.331985558188522,0.09509429309246525
75,4,000000000000000002ec,crop_loss,38.93043311689674,0.4946251326789926,0.10156720413917458
75,4,00000000000000000314,crop_loss,26.98446222208368,0.07882853311440619,0.1069399348126212
75,4,00000000000000000335,crop_loss,37.937561701351285,0.4564332719216403,0.06638417624340393
75,4,0000000000000000033a,crop_loss,26.288140942747276,0.4884276248669357,0.09887233582751559
75,4,000000000000000003b0,crop_loss,41.178700152503076,0.18777100546490524,0.08149272031627519
75,4,000000000000000003c8,crop_loss,32.49715359050834,0.1993029974914805,0.08263765496304112
75,4,000000000000000003f1,crop_loss,39.32652788187242,0.44359970535451326,0.09531196955197646
75,4,000000000000000003f2,crop_loss,31.971243573793185,0.45621029132139695,0.06963944760278001
75,4,0000000000000000044b,crop_loss,13.526703130467396,0.5566225188713269,0.05493632154049899
75,4,0000000000000000046c,crop_loss,37.686252611756466,0.5527194327034423,0.15210517794504624
75,4,00000000000000000480,crop_loss,9.616363479738919,0.8486738872312127,0.15862118576709539
75,4,00000000000000000483,crop_loss,9.876490127737226,0.7553031373506937,0.09946599970553405
75,4,00000000000000000485,crop_loss,37.46701315874134,0.6999988416490754,0.049825677236158494
75,4,00000000000000000497,crop_loss,33.73967514733791,0.22547107581356263,0.05278496692127721
75,4,0000000000000000049b,crop_loss,35.691097621368904,0.34519690927180463,0.045119832738600596
75,4,000000000000000004a1,crop_loss,32.88052559490861,0.3529274183685506,0.07088336429033404
75,4,000000000000000004e7,crop_loss,26.435222119441658,0.49422534892791764,0.04155125965527756
75,4,000000000000000004e9,crop_loss,16.14077346091986,0.4804621917818441,0.23492566440402396
75,4,000000000000000004ee,crop_loss,20.304125999825516,0.37116514900772485,0.17941192362115305
75,4,000000000000000004f9,crop_loss,37.535053219188654,0.3520935976908875,0.20246969930097058
75,4,00000000000000000517,crop_loss,29.643135987873496,0.2676051795295869,0.18025451249921703
75,4,00000000000000000538,crop_loss,1.0637889280414972,0.32229498056384137,0.07347877143453313
75,4,0000000000000000057e,crop_loss,4.177589925222072,0.5360813355478177,0.037787619634638725
75,4,000000000000000005d1,crop_loss,15.588760193533654,0.15453604367179377,0.08559365110544646
75,4,00000000000000000611,crop_loss,39.402675613214825,0.6555836339871651,0.0951070109571297
75,4,0000000000000000062f,crop_loss,33.16662845326381,0.49234788053882456,0.18047828882853495
75,4,00000000000000000632,crop_loss,13.715805650431697,0.07424249110428119,0.029572900178444952
75,4,0000000000000000063e,crop_loss,39.463049101361655,0.28667177181833076,0.06746803942383484
75,4,00000000000000000655,crop_loss,29.09123043989166,0.5439732156199778,0.23151213582240904
75,4,00000000000000000697,crop_loss,45.31556785685863,0.6378409069985358,0.1000916088875956
75,4,00000000000000000698,crop_loss,18.914306855929443,0.40602177975003045,0.058090624008598546
75,4,000000000000000006a8,crop_loss,38.93350663588929,0.2912694886406637,0.08862711296368267
75,4,000000000000000006b4,crop_loss,38.19349623151053,0.5506821910759214,0.17305836269141223
75,4,000000000000000006be,crop_loss,16.947840879814535,0.39657740841514727,0.08816653822608866
75,4,000000000000000006c0,crop_loss,2.8321144352618908,0.1818200828621198,0.05379594497537277
75,4,000000000000000006ce,crop_loss,23.432493165618745,0.5964472141574768,0.146319703706336
75,4,000000000000000006d9,crop_loss,33.43957413583437,0.19902588138902974,0.05582936045805184
75,4,000000000000000006e5,crop_loss,41.675494240617574,0.5593577286028302,0.11147319840101366
75,4,00000000000000000151,built_loss,9.913693236707887,0.2861547478946005,0.05240890613737886
75,4,000000000000000001be,built_loss,5.9028985209376605,0.5537715393704272,0.11044275906898926
75,4,0000000000000000034d,built_loss,6.1105660305367735,0.4084070488811072,0.04993134277969019
75,4,000000000000000003c7,crop_loss,27.256252941738616,0.6934809289963926,0.07724715286504402
75,4,0000000000000000004a,built_loss,10.67693097814243,0.45208610326925885,0.04548922304244213
75,4,00000000000000000206,built_loss,34.100987725974626,0.7391619371690655,0.09258014182827323
75,4,000000000000000002a4,built_loss,9.018116502542908,0.4173015328500196,0.07340931595290162
75,4,000000000000000004f5,built_loss,8.661517543401231,0.4928588400304215,0.10404848504567493
75,4,000000000000000002cc,crop_loss,15.395619709052443,0.4174430525739929,0.1937815773240762
75,4,000000000000000006cc,crop_loss,23.049409277452117,0.34498713647314017,0.05278121815989417
75,4,0000000000000000016c,crop_loss,32.67392454998586,0.5091249828477139,0.09121522627746287
75,5,00000000000000000085,built_loss,12.631315042543223,0.36257666403067573,0.07989193424934088
75,5,00000000000000000114,built_loss,24.638945308503942,0.6937584600625212,0.07949305079403612
75,5,0000000000000000024c,built_loss,18.785528714370983,0.7148105243784927,0.07778526214495185
75,5,00000000000000000375,built_loss,31.277532873221567,0.6330755288846186,0.09427767139348031
75,5,000000000000000004d2,built_loss,24.78835495848651,0.596529111728489,0.10657963134865123
75,5,000000000000000005bd,built_loss,5.204985127887053,0.5728454435449324,0.10478665956181599
75,5,00000000000000000281,crop_loss,36.37871038488648,0.5039521018052305,0.06487556614580148
75,5,000000000000000003a2,crop_loss,24.23925181452132,0.3416382908714796,0.1526911405028385
75,5,00000000000000000001,built_loss,22.96216202835775,0.46086294142460466,0.079465355126622
75,5,00000000000000000049,built_loss,4.186569474912556,0.48330821423225645,0.05715794039087452
75,5,0000000000000000004f,built_loss,35.81165497221599,0.44947912190455996,0.1366297687410884
75,5,0000000000000000005a,built_loss,27.66015095394422,0.43560144671690326,0.05368093598352225
75,5,00000000000000000079,built_loss,42.617066406646025,0.6638530150826185,0.09950437382627286
75,5,00000000000000000087,built_loss,33.35420754599427,0.5589068453829225,0.15061837964560892
75,5,000000000000000000a1,built_loss,8.372872380301992,0.4406041220265352,0.058411467358194746
75,5,000000000000000000b8,built_loss,10.91223326577432,0.4703988759397309,0.17113311069740705
75,5,000000000000000000c0,built_loss,31.460128990378937,0.6101875795381817,0.09953406357542982
75,5,000000000000000000e2,built_loss,17.24606953550773,0.3546005649763909,0.08278907678597558
75,5,000000000000000000f0,built_loss,29.30924993064371,0.6544220163169203,0.09462684377273944
75,5,000000000000000000f8,built_loss,37.44200285884094,0.5168257009411352,0.10008234773670072
75,5,0000000000000000011c,built_loss,6.583217533053477,0.7215955462822514,0.04902754385676533
75,5,00000000000000000161,built_loss,34.69172869034526,0.6350943989343666,0.09589230016038919
75,5,0000000000000000016a,built_loss,8.121904732172824,0.21771836419656657,0.05027168637545626
75,5,00000000000000000176,built_loss,19.931323966439543,0.6478480354637444,0.06805081313592609
75,5,000000000000000001a8,built_loss,38.889756977334244,0.5562527147884293,0.10026245433508418
75,5,000000000000000001cd,built_loss,38.9291896045528,0.7612949372126473,0.08448736033975957
75,5,000000000000000001e5,built_loss,20.086343989193583,0.5591692694354972,0.1074781590224676
75,5,00000000000000000209,built_loss,39.37046036255226,0.6183967274632942,0.10506906765079782
75,5,00000000000000000231,built_loss,38.0011211174823,0.5122229834938216,0.08739397565069001
75,5,0000000000000000026d,built_loss,26.755876124757304,0.5929681015389334,0.10824043130242778
75,5,00000000000000000278,built_loss,36.7472990643139,0.763630424119606,0.09612584130913226
75,5,00000000000000000293,built_loss,27.551910274559447,0.47313429285718706,0.08558316545793276
75,5,00000000000000000316,built_loss,1.9029292577952506,0.11782133932027682,0.029271626217589636
75,5,00000000000000000356,built_loss,31.462060693476953,0.5152939986597652,0.14351302278787764
75,5,00000000000000000362,built_loss,38.42974871763864,0.5385363863075066,0.07949272411393282
75,5,00000000000000000363,built_loss,24.263443280614585,0.2704152559259679,0.06813048626976465
75,5,00000000000000000364,built_loss,41.81283127659074,0.6448708225611254,0.10393955257842591
75,5,00000000000000000380,built_loss,30.288690614453042,0.5121995273042783,0.07825111902370818
75,5,00000000000000000384,built_loss,15.50085337971541,0.599324431991422,0.06317888759842027
75,5,0000000000000000039e,built_loss,8.489411694186854,0.5171891287040763,0.07497133384282306
75,5,000000000000000003a1,built_loss,16.763894504924075,0.6104524182794616,0.07583208842715639
75,5,000000000000000003a5,built_loss,21.077205848291246,0.4186113954541203,0.1452521537017607
75,5,000000000000000003b7,built_loss,13.637253653414696,0.4935120510885047,0.05147455366220827
75,5,000000000000000003bf,built_loss,34.30185400462439,0.5297257387787977,0.07859068146739834
75,5,000000000000000003d2,built_loss,37.117014387038644,0.5969342311957605,0.0871545112869706
75,5,000000000000000003f8,built_loss,6.290883197498345,0.22807929802749777,0.06797685382765745
75,5,000000000000000003fa,built_loss,37.83962146861202,0.414474514773379,0.06821454403058391
75,5,00000000000000000407,built_loss,34.324599756166116,0.5291510021967539,0.08145131379486231
75,5,0000000000000000040f,built_loss,25.194502422056697,0.5291821634894794,0.0333357848436191
75,5,00000000000000000426,built_loss,28.37714559410539,0.5773731551032886,0.09530342956591231
75,5,0000000000000000042b,built_loss,28.30411122957827,0.598924455847969,0.10200506102238904
75,5,00000000000000000442,built_loss,3.619651041677142,0.36059707725774914,0.28548368798379564
75,5,00000000000000000465,built_loss,38.07603883648998,0.6136450703677804,0.07866980729265116
75,5,0000000000000000047e,built_loss,17.088826260608567,0.5088350095135027,0.049725824513142614
75,5,00000000000000000490,built_loss,43.73454001008861,0.6731687949468361,0.1355307979304773
75,5,000000000000000004c0,built_loss,32.644789136328775,0.6560543087696588,0.06867165103122974
75,5,000000000000000004c5,built_loss,13.133689408031929,0.5890472263098512,0.11853849929257665
75,5,000000000000000004d9,built_loss,34.38106438218828,0.5658231984280696,0.06605257904648498
75,5,000000000000000004eb,built_loss,40.90910734406008,0.4501866043127135,0.04705293757322082
75,5,000000000000000004f7,built_loss,7.39381700616402,0.47651257530957386,0.060467204410985964
75,5,000000000000000004fe,built_loss,13.615919755087383,0.5127437355371783,0.05766096836100271
75,5,0000000000000000051d,built_loss,19.002071272053023,0.5146515341758837,0.26734012240133465
75,5,00000000000000000559,built_loss,30.575980045557387,0.665523822611407,0.0811176154885469
75,5,00000000000000000576,built_loss,9.980435632753332,0.2762737015168537,0.09899859626877394
75,5,00000000000000000577,built_loss,10.74336091914937,0.46276610616703245,0.12807259331675586
75,5,0000000000000000057f,built_loss,2.1018497440135198,0.39097715164374136,0.07375474495971901
75,5,00000000000000000594,built_loss,22.362153377922983,0.660572638994406,0.23898975644120246
75,5,000000000000000005ad,built_loss,34.91457187263504,0.6586666372084159,0.0716109335959525
75,5,000000000000000005bf,built_loss,24.78834827783484,0.3929307148071739,0.07287763136278491
75,5,000000000000000005cc,built_loss,10.303975606677264,0.3433255389741115,0.04775854662670098
75,5,000000000000000005de,built_loss,26.778400763979246,0.4217342544756706,0.047751411657756426
75,5,000000000000000005e7,built_loss,32.87506286272341,0.6865935411150973,0.1017265894932472
75,5,000000000000000005f9,built_loss,15.983251318789797,0.651913984861519,0.09468265294252787
75,5,0000000000000000061c,built_loss,18.308082741182353,0.41862652155565677,0.09514323149868253
75,5,00000000000000000624,built_loss,4.676626168897764,0.5297621339937529,0.09271149387998923
75,5,00000000000000000626,built_loss,25.99215204874496,0.49300646975220525,0.051726737637566966
75,5,0000000000000000062a,built_loss,33.02260158993585,0.5477509895474925,0.12953270168625802
75,5,00000000000000000636,built_loss,21.768632212037943,0.4750175950808884,0.21072470372911206
75,5,0000000000000000064a,built_loss,3.398824595717388,0.28660658960101887,0.056840457843757686
75,5,0000000000000000064d,built_loss,17.97625716996596,0.4136975920478316,0.06743121582439837
75,5,00000000000000000694,built_loss,26.159204230317368,0.37846904279882665,0.03943319553539104
75,5,0000000000000000069d,built_loss,30.76653475028842,0.6376814127339402,0.05889027241600642
75,5,000000000000000006b7,built_loss,26.076393304867366,0.4665578298046158,0.07346083470702142
75,5,000000000000000006df,built_loss,17.21307419362257,0.22784520520880472,0.12376223314271045
75,5,000000000000000006e3,built_loss,29.329880278531352,0.4638943301850832,0.1076067084807939
75,5,00000000000000000011,crop_loss,32.26873613394112,0.8370840631286556,0.3331649507542801
75,5,0000000000000000002b,crop_loss,39.30324530708082,0.1898756599997397,0.12283196723415485
75,5,0000000000000000002d,crop_loss,45.23704185267647,0.4962751602370214,0.06331795987819427
75,5,0000000000000000003a,crop_loss,32.95122434016232,0.2817013149809267,0.10351722420486126
75,5,0000000000000000009b,crop_loss,15.907662068804822,0.495785892601567,0.018972504344860197
75,5,0000000000000000009d,crop_loss,6.55813533755811,0.36409274527514845,0.07390373334747086
75,5,000000000000000000a8,crop_loss,29.745393778987953,0.19930894865312646,0.0331378401356793
75,5,000000000000000000da,crop_loss,24.4857529129077,0.7593100175460562,0.05564526247232182
75,5,000000000000000000e3,crop_loss,41.81886748523578,0.4566687838252201,0.10217965419872549
75,5,000000000000000000e9,crop_loss,4.386155108690438,0.39212192219304776,0.14205971962196307
75,5,0000000000000000011b,crop_loss,28.69095689662271,0.4718256453381814,0.03151321691425918
75,5,00000000000000000128,crop_loss,27.280061712356993,0.5407025931936206,0.029623796588676865
75,5,00000000000000000192,crop_loss,35.42373539474319,0.5580227748485445,0.04118788329996603
75,5,00000000000000000196,crop_loss,19.38996991804522,0.2421057226528124,0.06073870677975171
75,5,000000000000000001a6,crop_loss,31.576712803378545,0.25616505127187494,0.11182303209339084
75,5,000000000000000001e4,crop_loss,31.610022441738728,0.48409759118607465,0.06583555809860903
75,5,000000000000000001f9,crop_loss,36.9991362201887,0.7495788868420958,0.26197165267790745
75,5,00000000000000000228,crop_loss,25.095790387649046,0.43390153056254227,0.18473726440152854
75,5,0000000000000000028c,crop_loss,4.002126949634474,0.3007471001638129,0.09238115552227832
75,5,0000000000000000028d,crop_loss,22.46955196425234,0.6746718563991329,0.08916221566885263
75,5,00000000000000000291,crop_loss,13.564085983606846,0.8842942226998434,0.02838923748364386
75,5,000000000000000002c5,crop_loss,26.728860759859653,0.2770398743931066,0.10212623976462565
75,5,000000000000000002dc,crop_loss,39.12729330888744,0.6231166875247836,0.09751186212516227
75,5,000000000000000002e4,crop_loss,35.35552859842949,0.3844423343401132,0.13552796109483473
75,5,000000000000000002ec,crop_loss,40.46161695532571,0.48167083218311674,0.09957823099219937
75,5,00000000000000000314,crop_loss,26.46093959641257,0.06843088185809496,0.06769566475736633
75,5,00000000000000000335,crop_loss,43.89306105142296,0.45904817188204033,0.0828102022518038
75,5,0000000000000000033a,crop_loss,24.918844444789105,0.5000208174643896,0.09851316732702314
75,5,000000000000000003b0,crop_loss,40.377190367249334,0.19427838750506066,0.10032689305844245
75,5,000000000000000003c8,crop_loss,32.25734083841598,0.1936591182275411,0.05271418157744537
75,5,000000000000000003f1,crop_loss,38.05852209401618,0.4785858621128096,0.08128874868858188
75,5,000000000000000003f2,crop_loss,32.67364364498867,0.4667327601464785,0.0653893730764189
75,5,0000000000000000044b,crop_loss,13.039698477377968,0.5576219770477583,0.037548786502590525
75,5,0000000000000000046c,crop_loss,38.60400135926642,0.5439601088590665,0.17078982107047141
75,5,00000000000000000480,crop_loss,9.558657799761837,0.8688838793084446,0.08641976304727694
75,5,00000000000000000483,crop_loss,10.639924572748857,0.7714339893470108,0.07978591171407379
75,5,00000000000000000485,crop_loss,37.39637383351774,0.7032373219379422,0.05297174427663365
75,5,00000000000000000497,crop_loss,32.76776974453138,0.2372902055420379,0.08153614959717265
75,5,0000000000000000049b,crop_loss,32.253682669161684,0.3504269315073061,0.053530973547998406
75,5,000000000000000004a1,crop_loss,30.006739892530465,0.33921377170011324,0.09328273591717512
75,5,000000000000000004e7,crop_loss,27.01988891881326,0.4923746531645378,0.04542255666601569
75,5,000000000000000004e9,crop_loss,15.974970446511122,0.416128776309222,0.20194751870512612
75,5,000000000000000004ee,crop_loss,18.304014704925628,0.4245112107641299,0.21443184198749393
75,5,000000000000000004f9,crop_loss,36.545993399834906,0.35665529314460936,0.1871562306384288
75,5,00000000000000000517,crop_loss,26.633426893034596,0.3130203140893684,0.1865754599439256
75,5,00000000000000000538,crop_loss,1.0658793909691833,0.29411325043286146,0.04451823566634738
75,5,0000000000000000057e,crop_loss,3.773710740767904,0.5477614990544646,0.037078795858189406
75,5,000000000000000005d1,crop_loss,16.67676796459897,0.13883770014345728,0.08600349694882131
75,5,00000000000000000611,crop_loss,38.90037222767011,0.6693880410157916,0.08660603181453597
75,5,0000000000000000062f,crop_loss,37.820451809219165,0.49984825435800334,0.18996938953597498
75,5,00000000000000000632,crop_loss,13.502548505751502,0.08291059184569664,0.03438094360605559
75,5,0000000000000000063e,crop_loss,36.235666362366906,0.3088179084909543,0.10888539799347063
75,5,00000000000000000655,crop_loss,25.922359071011996,0.5762765374954341,0.20205591620408103
75,5,00000000000000000697,crop_loss,46.50630426122089,0.6465408026847775,0.12360187902599706
75,5,00000000000000000698,crop_loss,17.804729091797228,0.41238858554450114,0.07578540596958966
75,5,000000000000000006a8,crop_loss,38.81576558931918,0.2871976963799675,0.10054073100275074
75,5,000000000000000006b4,crop_loss,40.900220091570894,0.5091408881929967,0.11867719711315666
75,5,000000000000000006be,crop_loss,13.603010859366908,0.3997332941127006,0.0922897216136398
75,5,000000000000000006c0,crop_loss,2.971077402186286,0.20322146007407976,0.06381247403373605
75,5,000000000000000006ce,crop_loss,18.073780534274235,0.5108675110616027,0.1794392379396349
75,5,000000000000000006d9,crop_loss,33.64167411121627,0.201567953512936,0.06993794773098208
75,5,000000000000000006e5,crop_loss,38.17168537611209,0.5258124936697788,0.07590925701899298
75,5,00000000000000000151,built_loss,10.4210551411101,0.27608965488928533,0.04297616788270564
75,5,000000000000000001be,built_loss,6.382870646471858,0.49352079345660566,0.07827384599826903
75,5,0000000000000000034d,built_loss,6.592263579784496,0.41669341980409336,0.06191303688022931
75,5,000000000000000003c7,crop_loss,24.02994000620246,0.7336773175752991,0.07659375111103894
75,5,0000000000000000004a,built_loss,9.581638692234725,0.4505978340252741,0.03354715032370692
75,5,00000000000000000206,built_loss,33.63387955543776,0.7331343181771038,0.07572476671979045
75,5,000000000000000002a4,built_loss,9.59687954040512,0.4080232666838918,0.06417670647323448
75,5,000000000000000004f5,built_loss,8.100361972103897,0.47206362045816275,0.1010985452700594
75,5,000000000000000002cc,crop_loss,16.4982311183997,0.4383643042214878,0.158830446722588
75,5,000000000000000006cc,crop_loss,20.687940914696526,0.3239493344495375,0.050908764983613186
75,5,0000000000000000016c,crop_loss,35.44549230860023,0.48510163656856403,0.07956322864401588
75,6,00000000000000000085,built_loss,15.305396424891178,0.350175928640251,0.07969153497930992
75,6,00000000000000000114,built_loss,27.932897292476632,0.6475546075493144,0.07995439259140891
75,6,0000000000000000024c,built_loss,19.260769052501118,0.730291938391755,0.06153070274643879
75,6,00000000000000000375,built_loss,32.422778944250986,0.6472534978323071,0.09911444951928039
75,6,000000000000000004d2,built_loss,22.157509628262876,0.6539714043485766,0.1013213945988467
75,6,000000000000000005bd,built_loss,4.596728595515726,0.5622536848604363,0.11221273836445361
75,6,00000000000000000281,crop_loss,35.78411719903802,0.5273368690278077,0.054225416071251975
75,6,000000000000000003a2,crop_loss,24.256728380639107,0.327087706833973,0.14554610839209742
75,6,00000000000000000001,built_loss,21.504707050979064,0.4530016085487376,0.08507907804169101
75,6,00000000000000000049,built_loss,3.523056758923237,0.49054375203870126,0.07297953508397786
75,6,0000000000000000004f,built_loss,35.4584054207962,0.3879568560066561,0.13755989609279867
75,6,0000000000000000005a,built_loss,27.847293427853952,0.4482581191275594,0.05141702124413572
75,6,00000000000000000079,built_loss,41.685443057133725,0.6203658000313487,0.09074525585845394
75,6,00000000000000000087,built_loss,41.767157559017406,0.5822357991252805,0.12639262586570754
75,6,000000000000000000a1,built_loss,9.194074191462533,0.44016703772422366,0.07557098847631954
75,6,000000000000000000b8,built_loss,10.44930615791126,0.5291376132107192,0.27033669320532944
75,6,000000000000000000c0,built_loss,29.479755534960304,0.6489361273232589,0.0511577728367375
75,6,000000000000000000e2,built_loss,15.902199755767569,0.4467040313601992,0.1452289975449686
75,6,000000000000000000f0,built_loss,30.955425945826466,0.6743815244562988,0.07161707973378117
75,6,000000000000000000f8,built_loss,38.49359077601454,0.5326307038757794,0.09098746486422976
75,6,0000000000000000011c,built_loss,6.947117551908854,0.7321436449668667,0.048584728443837544
75,6,00000000000000000161,built_loss,32.8874741110832,0.640363149646173,0.07092345224211327
75,6,0000000000000000016a,built_loss,11.022095072545955,0.2633239627899786,0.06567050101105171
75,6,00000000000000000176,built_loss,21.02921097605603,0.671845729008186,0.06708150580871763
75,6,000000000000000001a8,built_loss,40.15336815918127,0.5432521878558217,0.12330649316204317
75,6,000000000000000001cd,built_loss,39.81484697490558,0.7618624901657249,0.09853608432019301
75,6,000000000000000001e5,built_loss,18.799550121035725,0.5818431340549304,0.10824756197885221
75,6,00000000000000000209,built_loss,38.98306036155249,0.6283084630710948,0.12398188693650392
75,6,00000000000000000231,built_loss,35.054700973525655,0.5092647131235322,0.11267723867165802
75,6,0000000000000000026d,built_loss,26.54679925567834,0.5832893880824037,0.08013247840585269
75,6,00000000000000000278,built_loss,30.856273680946316,0.7441240661874865,0.09951600978923114
75,6,00000000000000000293,built_loss,26.702034370989885,0.4703948815244956,0.06342104798002096
75,6,00000000000000000316,built_loss,1.9947812144336619,0.12801903572926088,0.023880564476619834
75,6,00000000000000000356,built_loss,32.35685854626772,0.5541566902320387,0.15196079028898563
75,6,00000000000000000362,built_loss,37.607639501179456,0.5806199199402345,0.09418665494058553
75,6,00000000000000000363,built_loss,23.838286066760745,0.233767413531398,0.07590388518669852
75,6,00000000000000000364,built_loss,45.4034024677781,0.6078140909692628,0.0909722887342519
75,6,00000000000000000380,built_loss,28.05856924178214,0.4995708825482681,0.08948162241857366
75,6,00000000000000000384,built_loss,16.101623299076987,0.5832874416064627,0.05983631042928139
75,6,0000000000000000039e,built_loss,8.314125259746069,0.49209819608739563,0.09052122938844692
75,6,000000000000000003a1,built_loss,16.500768237438496,0.6328626108423453,0.08600335019630179
75,6,000000000000000003a5,built_loss,23.027310184345506,0.4068207008045915,0.11911374868247143
75,6,000000000000000003b7,built_loss,17.117579951616012,0.4908887672881777,0.046199723694044736
75,6,000000000000000003bf,built_loss,38.6548112735109,0.5335469456507412,0.06888372061692383
75,6,000000000000000003d2,built_loss,37.12990193255572,0.5691944430375233,0.14315826261117603
75,6,000000000000000003f8,built_loss,6.914436831845841,0.21770360246273018,0.04634045597570477
75,6,000000000000000003fa,built_loss,36.412763764255246,0.4050252989931991,0.06470470415902113
75,6,00000000000000000407,built_loss,35.60899958963022,0.5127525146048278,0.10282504842518675
75,6,0000000000000000040f,built_loss,26.85907663829514,0.5197603361074948,0.03316844515596573
75,6,00000000000000000426,built_loss,30.843977257642713,0.5695705849559799,0.07073263015826281
75,6,0000000000000000042b,built_loss,33.221890792563855,0.5547380765674517,0.08381118898259587
75,6,00000000000000000442,built_loss,3.819590318679334,0.3376010281359757,0.30683849089517434
75,6,00000000000000000465,built_loss,35.21421883049885,0.6261741560536747,0.0846733129188374
75,6,0000000000000000047e,built_loss,19.10662032269161,0.5380145685188896,0.0739647267400495
75,6,00000000000000000490,built_loss,41.23093178855054,0.6552250948780206,0.11471546887525408
75,6,000000000000000004c0,built_loss,36.57268080449504,0.6691028221162068,0.06178738617991819
75,6,000000000000000004c5,built_loss,12.15030918644736,0.607802085337277,0.1371905966030148
75,6,000000000000000004d9,built_loss,31.433018127576865,0.5440604554781925,0.06740231473252833
75,6,000000000000000004eb,built_loss,40.018057417152825,0.4682365688682816,0.05625008644891499
75,6,000000000000000004f7,built_loss,8.579870250553203,0.4745350459767313,0.04815447446343507
75,6,000000000000000004fe,built_loss,14.8748932446639,0.5020710051492594,0.042994868706148937
75,6,0000000000000000051d,built_loss,21.228568711928997,0.5227685509549347,0.23309214146921692
75,6,00000000000000000559,built_loss,28.596982393339466,0.670835730383071,0.09834331883171621
75,6,00000000000000000576,built_loss,7.9292921862998265,0.2897797278298402,0.06502885509890055
75,6,00000000000000000577,built_loss,9.58628528219062,0.46023867729885576,0.13293296007816768
75,6,0000000000000000057f,built_loss,2.3176149327727114,0.37665357554097073,0.09828116664302261
75,6,00000000000000000594,built_loss,21.653002275328586,0.5320163591891341,0.23675827860813092
75,6,000000000000000005ad,built_loss,32.52131647822674,0.6628033617920622,0.08792868199003312
75,6,000000000000000005bf,built_loss,23.948711337143955,0.39550959068852,0.07201023391205685
75,6,000000000000000005cc,built_loss,9.86056126318709,0.34679662361499364,0.04403915746717102
75,6,000000000000000005de,built_loss,27.929312900887098,0.4312404349603487,0.03796381129969356
75,6,000000000000000005e7,built_loss,28.526592814122296,0.6173512927651611,0.15339408678397437
75,6,000000000000000005f9,built_loss,14.88303429899438,0.6381649040587705,0.1010349984680553
75,6,0000000000000000061c,built_loss,18.839985395914283,0.38736589470146526,0.07298027839219806
75,6,00000000000000000624,built_loss,5.054432858563621,0.511483096866783,0.10179197203346685
75,6,00000000000000000626,built_loss,29.770575757538975,0.5131517557878021,0.06494843972601233
75,6,0000000000000000062a,built_loss,31.93285514479584,0.5954220659818027,0.08091092222141372
75,6,00000000000000000636,built_loss,20.132564012421685,0.4586618028052949,0.17213050234346444
75,6,0000000000000000064a,built_loss,3.4869070434863074,0.2999282588513757,0.044956494237516575
75,6,0000000000000000064d,built_loss,13.095472634428448,0.4407860850934286,0.08760325397677232
75,6,00000000000000000694,built_loss,22.662115693527316,0.38237794405283043,0.050069389356566574
75,6,0000000000000000069d,built_loss,31.847255772370055,0.659971044019596,0.08826662140637997
75,6,000000000000000006b7,built_loss,24.74438820744977,0.4659096505521927,0.06554210043919301
75,6,000000000000000006df,built_loss,14.919844615800256,0.24435474549145222,0.13393575087553233
75,6,000000000000000006e3,built_loss,28.57254892456917,0.4277705112364403,0.11864504237039769
75,6,00000000000000000011,crop_loss,34.61749261895424,0.566590382743866,0.35023748512534425
75,6,0000000000000000002b,crop_loss,36.75616962542675,0.17038564212928037,0.1286654273779399
75,6,0000000000000000002d,crop_loss,42.31157485154394,0.45549396354337496,0.0794540810910116
75,6,0000000000000000003a,crop_loss,35.16742737740575,0.2894196344360242,0.07300937409846997
75,6,0000000000000000009b,crop_loss,16.858476657715773,0.49243198984463704,0.014434171501337467
75,6,0000000000000000009d,crop_loss,7.6640252361874825,0.3830326092375797,0.09915089932515797
75,6,000000000000000000a8,crop_loss,29.96453363679634,0.20658331940510263,0.038500166729479396
75,6,000000000000000000da,crop_loss,21.34098858463431,0.767316140419522,0.04133144441759351
75,6,000000000000000000e3,crop_loss,43.11576773582119,0.452324176293663,0.0970341305569225
75,6,000000000000000000e9,crop_loss,4.808621025356548,0.43120928774909556,0.11166024224408827
75,6,0000000000000000011b,crop_loss,25.483136485371674,0.47793745945477356,0.037694556010399394
75,6,00000000000000000128,crop_loss,29.01453749193874,0.553402832896498,0.03764708010895712
75,6,00000000000000000192,crop_loss,35.725484277047215,0.538765548201367,0.05293330801686824
75,6,00000000000000000196,crop_loss,19.89556573825226,0.22149633468641294,0.049749014837190075
75,6,000000000000000001a6,crop_loss,31.73950443585044,0.31239461160087917,0.10121717159900673
75,6,000000000000000001e4,crop_loss,33.714120535818395,0.47294086210535025,0.06802473889531946
75,6,000000000000000001f9,crop_loss,38.01954370479091,0.491925635863051,0.3345688190089545
75,6,00000000000000000228,crop_loss,24.59376977744753,0.5241753168692421,0.14840756312089787
75,6,0000000000000000028c,crop_loss,4.283955954179225,0.29489940226405786,0.08649081030754235
75,6,0000000000000000028d,crop_loss,24.18238059384164,0.6719166907805262,0.09943622234267968
75,6,00000000000000000291,crop_loss,13.381780317820834,0.8831937183204158,0.019863059573909103
75,6,000000000000000002c5,crop_loss,26.36187902529918,0.3764504188582895,0.0922701803988627
75,6,000000000000000002dc,crop_loss,40.58503860322566,0.6358991678852577,0.11123959388664251
75,6,000000000000000002e4,crop_loss,41.32602165129802,0.31635669071675815,0.09249882875388654
75,6,000000000000000002ec,crop_loss,42.15219632192483,0.5339839955016521,0.08390298013433323
75,6,00000000000000000314,crop_loss,27.946837022972353,0.10731460575866997,0.08659043276080702
75,6,00000000000000000335,crop_loss,40.413373523754935,0.4402169913582434,0.06636046085121056
75,6,0000000000000000033a,crop_loss,29.95499449956266,0.5314271512404214,0.08940330532537993
75,6,000000000000000003b0,crop_loss,33.75860740018208,0.21765232938708323,0.08528040661199732
75,6,000000000000000003c8,crop_loss,29.504038147902133,0.17968163957598657,0.05736303968916939
75,6,000000000000000003f1,crop_loss,39.97164935267516,0.46330685829003626,0.08607552556924436
75,6,000000000000000003f2,crop_loss,33.28538699984123,0.49065060686558987,0.04748623797274276
75,6,0000000000000000044b,crop_loss,11.719629533223062,0.5724261966500275,0.055179853674967694
75,6,0000000000000000046c,crop_loss,40.953482011936146,0.5082039077076252,0.11537716086567573
75,6,00000000000000000480,crop_loss,12.262414973521249,0.8625592991666691,0.11743732221732373
75,6,00000000000000000483,crop_loss,11.765220581410244,0.7304130681744724,0.09884190489228106
75,6,00000000000000000485,crop_loss,38.157895341175504,0.6975414422003996,0.06853241570628399
75,6,00000000000000000497,crop_loss,35.36340633087272,0.22480498105255348,0.07983563580243103
75,6,0000000000000000049b,crop_loss,35.872595153925644,0.33812505088737566,0.039998590160536085
75,6,000000000000000004a1,crop_loss,35.42399746986003,0.35832143075340955,0.09167966347021611
75,6,000000000000000004e7,crop_loss,23.618102692252922,0.4807370180903601,0.03885430717787913
75,6,000000000000000004e9,crop_loss,15.4094084927931,0.4442028895623154,0.24330849653597025
75,6,000000000000000004ee,crop_loss,18.989336810101715,0.36683739575957147,0.20105205653512825
75,6,000000000000000004f9,crop_loss,34.83067888659145,0.3911420348481143,0.18821726152134471
75,6,00000000000000000517,crop_loss,25.892600728433255,0.2939738559417652,0.15864026617292556
75,6,00000000000000000538,crop_loss,1.063158412491256,0.29025914962072374,0.03592055991070198
75,6,0000000000000000057e,crop_loss,5.112734467199511,0.5312881332901885,0.04392155855965385
75,6,000000000000000005d1,crop_loss,15.055439556887693,0.15056616461042116,0.07796115299489909
75,6,00000000000000000611,crop_loss,39.653127201625246,0.6599731249912907,0.06658042996652402
75,6,0000000000000000062f,crop_loss,39.73190664823601,0.5833285769790719,0.19308873367783858
75,6,00000000000000000632,crop_loss,13.21010994032684,0.08131471273113174,0.024781473106287408
75,6,0000000000000000063e,crop_loss,43.221461703728814,0.30798845253773943,0.09196630802120825
75,6,00000000000000000655,crop_loss,28.74400547932664,0.5706765387051835,0.21872447010075702
75,6,00000000000000000697,crop_loss,48.239314470786525,0.6339777873730617,0.07603020919417103
75,6,00000000000000000698,crop_loss,19.065889895332763,0.45045715684068993,0.09390402961748806
75,6,000000000000000006a8,crop_loss,42.41398034313582,0.2999091670416806,0.11123756708079724
75,6,000000000000000006b4,crop_loss,38.07333812547443,0.5093313321883829,0.12612772681916462
75,6,000000000000000006be,crop_loss,12.90304074662966,0.38994082933231017,0.07566638311367446
75,6,000000000000000006c0,crop_loss,2.731046700036424,0.17189832067580726,0.053690094237128644
75,6,000000000000000006ce,crop_loss,18.019349249716576,0.5508549512249313,0.14785314257270343
75,6,000000000000000006d9,crop_loss,33.39929039090945,0.2123360252435933,0.08967200700642544
75,6,000000000000000006e5,crop_loss,40.50787383630237,0.5804885080107367,0.09711048142201417
75,6,00000000000000000151,built_loss,5.9017168852246185,0.22665987248204483,0.05596617606552176
75,6,000000000000000001be,built_loss,5.993291950246887,0.52239285089485,0.10610951936350393
75,6,0000000000000000034d,built_loss,6.548981647067434,0.40956970054807995,0.04783903023340241
75,6,000000000000000003c7,crop_loss,23.09539430400917,0.7083419748686628,0.0990776340355295
75,6,0000000000000000004a,built_loss,10.066429563326308,0.43963728490977577,0.04042099858627074
75,6,00000000000000000206,built_loss,35.081377568276146,0.7436317024035258,0.07703821023045576
75,6,000000000000000002a4,built_loss,9.321587027665426,0.4382328622438208,0.06132033931570152
75,6,000000000000000004f5,built_loss,8.819629064136107,0.46069003904060607,0.10575107494853453
75,6,000000000000000002cc,crop_loss,16.69785396205117,0.4289833469038757,0.20699645117184895
75,6,000000000000000006cc,crop_loss,23.423441324393796,0.344855094099708,0.07024260961255463
75,6,0000000000000000016c,crop_loss,36.73696810231977,0.44965798000772544,0.09908442517097427
75,7,00000000000000000085,built_loss,15.097211971400126,0.3864908459693258,0.09792431151366537
75,7,00000000000000000114,built_loss,26.99264607024181,0.7105370688929308,0.08392495212965223
75,7,0000000000000000024c,built_loss,24.52363253925027,0.7189345129749188,0.08142678725039554
75,7,00000000000000000375,built_loss,32.10864405770774,0.609122802635473,0.09644508386788242
75,7,000000000000000004d2,built_loss,23.12108292694811,0.6087746428945857,0.0919216425787952
75,7,000000000000000005bd,built_loss,4.696126289998435,0.5333094440545587,0.10839030602766364
75,7,00000000000000000281,crop_loss,39.74265546761228,0.5040750137073492,0.07275586185622385
75,7,000000000000000003a2,crop_loss,23.837877413979854,0.3480576005457912,0.11171583673998692
75,7,00000000000000000001,built_loss,24.170019123770288,0.4541421770704591,0.07683615101154789
75,7,00000000000000000049,built_loss,5.393179851181632,0.47377957902881523,0.09325904673257812
75,7,0000000000000000004f,built_loss,36.33080262912271,0.44848017280331315,0.13391969001657905
75,7,0000000000000000005a,built_loss,27.908076901817797,0.45421105411488377,0.04523174379921424
75,7,00000000000000000079,built_loss,44.632363944564716,0.6523956857826968,0.0987197230357334
75,7,00000000000000000087,built_loss,34.587041550492856,0.6560538490292869,0.14261933466279308
75,7,000000000000000000a1,built_loss,8.650315653593728,0.4691404752547401,0.0584810704783037
75,7,000000000000000000b8,built_loss,10.754032638510393,0.5049463983704904,0.19892840216676955
75,7,000000000000000000c0,built_loss,29.499395937685648,0.6096036378690152,0.0586816689325792
75,7,000000000000000000e2,built_loss,17.310344206049873,0.4015784829542569,0.12582280154040887
75,7,000000000000000000f0,built_loss,27.434476105132102,0.681193668388815,0.125880511352091
75,7,000000000000000000f8,built_loss,38.922369462694675,0.5561235475693685,0.08008318375635115
75,7,0000000000000000011c,built_loss,6.69538026715515,0.7434806774311716,0.04247248986370211
75,7,00000000000000000161,built_loss,32.275667621933756,0.6422336032358215,0.08498957920656369
75,7,0000000000000000016a,built_loss,8.842351535054549,0.23103155453854302,0.0723451937737579
75,7,00000000000000000176,built_loss,24.666140124301567,0.6658423024444649,0.0645021167661739
75,7,000000000000000001a8,built_loss,38.57264369759287,0.5465334513775684,0.09880105191394029
75,7,000000000000000001cd,built_loss,37.09799540123071,0.7703244677284474,0.09175584698716177
75,7,000000000000000001e5,built_loss,19.67721490616172,0.5638364794782099,0.10250484323981601
75,7,00000000000000000209,built_loss,39.28926788411875,0.6376072966556625,0.1364697899130074
75,7,00000000000000000231,built_loss,37.614026306754305,0.5389871166291506,0.08274654253725355
75,7,0000000000000000026d,built_loss,25.66655358720902,0.575145587462373,0.08111001242648308
75,7,00000000000000000278,built_loss,30.27150611677553,0.7745086666066093,0.0681152630505949
75,7,00000000000000000293,built_loss,27.76553676473136,0.4675588353545605,0.11180225298795088
75,7,00000000000000000316,built_loss,1.9797858907564834,0.12585681438880564,0.027664854314741263
75,7,00000000000000000356,built_loss,32.04768275395868,0.470668390057224,0.1564374584275548
75,7,00000000000000000362,built_loss,36.103088000943956,0.570416708793499,0.0742846614218281
75,7,00000000000000000363,built_loss,23.46040712290612,0.2372364730788711,0.07215525419890767
75,7,00000000000000000364,built_loss,37.60914589403117,0.592734869357576,0.078059758862288
75,7,00000000000000000380,built_loss,27.656583760585725,0.5380604517056854,0.08816226927613052
75,7,00000000000000000384,built_loss,17.052323183052636,0.5785972192084016,0.06000659131854169
75,7,0000000000000000039e,built_loss,6.692163735939746,0.4957814724006376,0.07178180278238405
75,7,000000000000000003a1,built_loss,17.540621481020878,0.6141433056288333,0.10915483262887071
75,7,000000000000000003a5,built_loss,22.601004040231544,0.38543631504739595,0.10920780344673525
75,7,000000000000000003b7,built_loss,17.166859707077638,0.4995161558581223,0.042089482499991226
75,7,000000000000000003bf,built_loss,35.223529143498396,0.5362085296761887,0.07220287863603891
75,7,000000000000000003d2,built_loss,36.37580406208476,0.6008256185883003,0.1321830611167948
75,7,000000000000000003f8,built_loss,6.894514688931314,0.22897791048615,0.044312456996565275
75,7,000000000000000003fa,built_loss,38.3058772430793,0.4006250974629354,0.053942104459379525
75,7,00000000000000000407,built_loss,36.242655199432576,0.5800298461232718,0.0883456052418422
75,7,0000000000000000040f,built_loss,26.21993395269512,0.5231482078486352,0.039536954109832934
75,7,00000000000000000426,built_loss,25.416429937260983,0.564525811109491,0.06890558599717012
75,7,0000000000000000042b,built_loss,30.658866807710144,0.5473413174102415,0.10095603329831726
75,7,00000000000000000442,built_loss,4.215973051572816,0.3213030870468754,0.15754972527000877
75,7,00000000000000000465,built_loss,41.4457026177463,0.6061887833165135,0.07994994355986684
75,7,0000000000000000047e,built_loss,16.431113035509146,0.5370201355063282,0.07056178389086398
75,7,00000000000000000490,built_loss,39.571562772317776,0.6630857814855695,0.12046447325056064
75,7,000000000000000004c0,built_loss,31.112020776475518,0.664046038500566,0.061006160797555165
75,7,000000000000000004c5,built_loss,12.845167119378733,0.5706173872726624,0.09857050499177145
75,7,000000000000000004d9,built_loss,30.18920456998388,0.5469011341725689,0.04678448814721137
75,7,000000000000000004eb,built_loss,35.64296810264376,0.4685003966380393,0.05745933145538612
75,7,000000000000000004f7,built_loss,7.686970689157684,0.47644946400873966,0.040323970758799454
75,7,000000000000000004fe,built_loss,16.303209606781426,0.4998220659602073,0.059543738876604746
75,7,0000000000000000051d,built_loss,24.90927406968877,0.5333127649844762,0.19482368999121563
75,7,00000000000000000559,built_loss,30.581998256213016,0.690562377527145,0.09367394935090334
75,7,00000000000000000576,built_loss,8.27817666876606,0.2641656010703808,0.07678093624657517
75,7,00000000000000000577,built_loss,10.080089950968695,0.4247293407448588,0.15218761501450806
75,7,0000000000000000057f,built_loss,2.6152820545529325,0.39626819486963416,0.08180662772057923
75,7,00000000000000000594,built_loss,20.17950441821072,0.5045442080380481,0.20208787192168337
75,7,000000000000000005ad,built_loss,33.49590278033422,0.653382905868271,0.08187732255686642
75,7,000000000000000005bf,built_loss,24.635478899337976,0.4137393923292983,0.07151825981383303
75,7,000000000000000005cc,built_loss,10.333377627948439,0.3517841498046433,0.06524864362913102
75,7,000000000000000005de,built_loss,28.295809885271876,0.44387636503262057,0.04801341158919331
75,7,000000000000000005e7,built_loss,35.81868491393026,0.6532316897689986,0.11675337554096987
75,7,000000000000000005f9,built_loss,16.093613729222884,0.6536935572511329,0.1104639504558933
75,7,0000000000000000061c,built_loss,17.297179226378386,0.40124789454722426,0.07684167779460283
75,7,00000000000000000624,built_loss,4.589406628468989,0.4961117639153116,0.09855201082785486
75,7,00000000000000000626,built_loss,27.23616002213413,0.4985918332522449,0.05642654066971381
75,7,0000000000000000062a,built_loss,30.006789852418706,0.6160176184104617,0.10062265684436722
75,7,00000000000000000636,built_loss,17.773580481800213,0.4098767644666273,0.21338070359153705
75,7,0000000000000000064a,built_loss,3.5071006676439826,0.30626293921793996,0.06218078978046976
75,7,0000000000000000064d,built_loss,13.731306712177432,0.44534345640005857,0.08042416654487089
75,7,00000000000000000694,built_loss,23.310328641334838,0.3688290802008289,0.0538469099279808
75,7,0000000000000000069d,built_loss,32.96314775855148,0.6627937059132729,0.0852791814752405
75,7,000000000000000006b7,built_loss,28.500084312432953,0.4572240627316548,0.06416308754011651
75,7,000000000000000006df,built_loss,15.696941490623015,0.2378637090870292,0.07849168657461536
75,7,000000000000000006e3,built_loss,24.888908950036118,0.4194995650298934,0.11609567827869366
75,7,00000000000000000011,crop_loss,36.47746593000311,0.6943949245106852,0.39133150365881375
75,7,0000000000000000002b,crop_loss,36.40253829255998,0.18340676345467613,0.1501404103148412
75,7,0000000000000000002d,crop_loss,43.19461181634431,0.48804509992549716,0.07828436219336643
75,7,0000000000000000003a,crop_loss,36.28779889086567,0.2927597824735139,0.09837198568847819
75,7,0000000000000000009b,crop_loss,14.993736218761512,0.4968144592604845,0.02375064368859603
75,7,0000000000000000009d,crop_loss,7.273761008414533,0.3972735581888996,0.09003653205856899
75,7,000000000000000000a8,crop_loss,28.99179210606952,0.22038850305990865,0.034016013899617586
75,7,000000000000000000da,crop_loss,25.497720434653775,0.7527591542825546,0.057207477737451495
75,7,000000000000000000e3,crop_loss,35.265514978140835,0.5060896979521078,0.09872297952020004
75,7,000000000000000000e9,crop_loss,4.838227418766151,0.41704753746897366,0.10096057843204453
75,7,0000000000000000011b,crop_loss,27.88206108154568,0.4829854278747472,0.04244970199929904
75,7,00000000000000000128,crop_loss,31.735810578323218,0.5436408824706689,0.03070261422083531
75,7,00000000000000000192,crop_loss,37.88010017586356,0.5501927847074094,0.04332321230371172
75,7,00000000000000000196,crop_loss,20.667932200169123,0.23513624955557963,0.06663819393788434
75,7,000000000000000001a6,crop_loss,34.62904315814161,0.3194507751803615,0.09576090201173282
75,7,000000000000000001e4,crop_loss,33.318354955003144,0.4542831335161978,0.05658831713570689
75,7,000000000000000001f9,crop_loss,32.731743673950774,0.491925635863051,0.31124165168713247
75,7,00000000000000000228,crop_loss,22.356669462450007,0.4927626905684734,0.2215214230002679
75,7,0000000000000000028c,crop_loss,3.9311339514536456,0.326680305312786,0.06894090554901566
75,7,0000000000000000028d,crop_loss,27.333429274798416,0.644616482320061,0.08942169127493471
75,7,00000000000000000291,crop_loss,17.227244214480155,0.8721744600267614,0.030836229094630574
75,7,000000000000000002c5,crop_loss,25.19154488265938,0.33025239165756126,0.09562130938460295
75,7,000000000000000002dc,crop_loss,42.32276423204685,0.6506684681514766,0.09487753794870368
75,7,000000000000000002e4,crop_loss,33.415226504070986,0.34507070299126547,0.11246184732316855
75,7,000000000000000002ec,crop_loss,39.75475759343474,0.48731677988322314,0.11254845028177579
75,7,00000000000000000314,crop_loss,26.59275619283828,0.10043616416954335,0.10864980157939738
75,7,00000000000000000335,crop_loss,42.08962795367095,0.4498823047297086,0.08826873991160838
75,7,0000000000000000033a,crop_loss,30.512177714479684,0.5140886345994269,0.09828039573974057
75,7,000000000000000003b0,crop_loss,36.33640219324504,0.1844255872992657,0.06876845145214636
75,7,000000000000000003c8,crop_loss,33.18401808639206,0.17737182278166144,0.05740478800976731
75,7,000000000000000003f1,crop_loss,42.90868883772819,0.46447456348451394,0.10426616416434636
75,7,000000000000000003f2,crop_loss,28.37509079032491,0.47123675292129935,0.07451147648232831
75,7,0000000000000000044b,crop_loss,14.223359967688191,0.5622390858914919,0.07190839160817208
75,7,0000000000000000046c,crop_loss,34.03477828613647,0.5379010229632176,0.14805629923606822
75,7,00000000000000000480,crop_loss,10.962371322688819,0.8701785507358515,0.07947670327003842
75,7,00000000000000000483,crop_loss,9.74181882322566,0.7636681252892115,0.11771731799659324
75,7,00000000000000000485,crop_loss,35.829290112754116,0.6908018632094804,0.06515264752779326
75,7,00000000000000000497,crop_loss,32.1800548490096,0.21440425396854074,0.0861737255895294
75,7,0000000000000000049b,crop_loss,31.68048717341297,0.3604412926555565,0.04841943409968891
75,7,000000000000000004a1,crop_loss,32.154889950665584,0.3343730361070278,0.07661573570478075
75,7,000000000000000004e7,crop_loss,23.488660871067438,0.4830817993984504,0.04403245762585489
75,7,000000000000000004e9,crop_loss,13.495949605969868,0.3696477544630437,0.14991790900767948
75,7,000000000000000004ee,crop_loss,20.66036447745413,0.36759255102939176,0.17919461433116884
75,7,000000000000000004f9,crop_loss,35.061354990673756,0.34077290442093405,0.2027775643212938
75,7,00000000000000000517,crop_loss,23.816136953991492,0.4074151577396627,0.2256555389724526
75,7,00000000000000000538,crop_loss,1.065274506721153,0.2971350081035875,0.04859619175414376
75,7,0000000000000000057e,crop_loss,4.455467651935538,0.5396146000456503,0.04820926345041665
75,7,000000000000000005d1,crop_loss,17.259998219103714,0.1362732337333804,0.059897997579696424
75,7,00000000000000000611,crop_loss,38.36084238019776,0.6466452751622271,0.08507510399334484
75,7,0000000000000000062f,crop_loss,36.37178816031446,0.49360058184092764,0.16556620177960818
75,7,00000000000000000632,crop_loss,13.27619340707951,0.08401113301755113,0.02795104667592474
75,7,0000000000000000063e,crop_loss,39.50657407684303,0.30262386777285494,0.07292486944124399
75,7,00000000000000000655,crop_loss,27.313300358250206,0.5390621139834854,0.290848853605757
75,7,00000000000000000697,crop_loss,44.3127926631761,0.5985402026348606,0.09800437554114971
75,7,00000000000000000698,crop_loss,18.25030200888521,0.43687915674573097,0.10222364954650381
75,7,000000000000000006a8,crop_loss,41.76484381675184,0.31522030896443226,0.13311314965899979
75,7,000000000000000006b4,crop_loss,34.105591150945926,0.5450617446703864,0.12729685459366835
75,7,000000000000000006be,crop_loss,13.823227665107234,0.3845369440313541,0.12693026239838018
75,7,000000000000000006c0,crop_loss,3.161031441873715,0.18833379270262463,0.05710279534917273
75,7,000000000000000006ce,crop_loss,19.92722836873016,0.5636935490745881,0.17109313043956553
75,7,000000000000000006d9,crop_loss,31.770693359866414,0.197776325697026,0.06425612148204532
75,7,000000000000000006e5,crop_loss,37.6820067874066,0.5185990341711432,0.0842028874471133
75,7,00000000000000000151,built_loss,7.757723250324146,0.2601342145432268,0.05471346398031543
75,7,000000000000000001be,built_loss,5.385187887769712,0.5516219116589198,0.09672013607707908
75,7,0000000000000000034d,built_loss,6.034338189691149,0.40776406831304124,0.04872755971903964
75,7,000000000000000003c7,crop_loss,25.584415130769393,0.722770533013736,0.07704484346918494
75,7,0000000000000000004a,built_loss,10.254225232240419,0.4417471437323157,0.03431470713566226
75,7,00000000000000000206,built_loss,32.274146071418635,0.734862812582027,0.11517078447673545
75,7,000000000000000002a4,built_loss,9.289977595089079,0.42283972764863154,0.06538557297494874
75,7,000000000000000004f5,built_loss,7.988106553624183,0.5080998424822735,0.10855266113099948
75,7,000000000000000002cc,crop_loss,16.372448626303118,0.40565705025164095,0.21798329996061921
75,7,000000000000000006cc,crop_loss,22.341350717512398,0.32661409729535945,0.050287759359981754
75,7,0000000000000000016c,crop_loss,36.73908386016507,0.4809379340202828,0.11170430376425633
100,0,00000000000000000085,built_loss,14.959258825981612,0.3445196434335603,0.11918139808204287
100,0,00000000000000000114,built_loss,24.673958762161988,0.6962774434895898,0.06367347298789816
100,0,0000000000000000024c,built_loss,25.103948412237646,0.707819279558075,0.06556083657868894
100,0,00000000000000000375,built_loss,36.48941747365355,0.678714829065558,0.07609986638054222
100,0,000000000000000004d2,built_loss,23.92464740978458,0.6062124413610903,0.08488835199069578
100,0,000000000000000005bd,built_loss,4.893723008200917,0.5403880773038816,0.07566491185402735
100,0,00000000000000000281,crop_loss,40.49558694272851,0.5037180434585053,0.06393807676364782
100,0,000000000000000003a2,crop_loss,29.099519982999546,0.3367456957196054,0.11166372381315576
100,0,00000000000000000001,built_loss,26.29042210673545,0.4714360166986346,0.06576282083386842
100,0,00000000000000000049,built_loss,4.444973628966724,0.4788873744041939,0.0447290851140702
100,0,0000000000000000004f,built_loss,35.92261230410082,0.44713651273941957,0.10424516852842358
100,0,0000000000000000005a,built_loss,29.85643195792355,0.438317322852369,0.042099514029149576
100,0,00000000000000000079,built_loss,51.96354294270346,0.6522597731313169,0.07866839598098718
100,0,00000000000000000087,built_loss,46.75697505532051,0.6053252778720327,0.13974101042252818
100,0,000000000000000000a1,built_loss,7.999825466264594,0.4500876224805866,0.05966064824193562
100,0,000000000000000000b8,built_loss,10.39268644882154,0.4853143574393674,0.15797604372382368
100,0,000000000000000000c0,built_loss,33.25543539854479,0.6379454207749471,0.06419807921966081
100,0,000000000000000000e2,built_loss,16.39302926915954,0.380637709540226,0.10465848045123016
100,0,000000000000000000f0,built_loss,29.245913652038052,0.6931794876150874,0.1319200538466565
100,0,000000000000000000f8,built_loss,43.33077333035892,0.5470982697069824,0.07603110129232948
100,0,0000000000000000011c,built_loss,7.100486284661548,0.731359951354466,0.04624972027542229
100,0,00000000000000000161,built_loss,37.08535225345518,0.6312211352242053,0.06187877155396271
100,0,0000000000000000016a,built_loss,8.957234789160886,0.22673501464388873,0.07891524919159162
100,0,00000000000000000176,built_loss,25.826624272619746,0.6419658462836502,0.05355361845312534
100,0,000000000000000001a8,built_loss,44.872248135903035,0.5323470882416073,0.0790131156760408
100,0,000000000000000001cd,built_loss,40.81564170322827,0.7783053913170015,0.06921651976075327
100,0,000000000000000001e5,built_loss,19.10613192681557,0.5607161655908716,0.0904728136089824
100,0,00000000000000000209,built_loss,45.64396904369883,0.5961925917823155,0.10352288473712346
100,0,00000000000000000231,built_loss,45.88496509737744,0.5460378495519546,0.08604976187406765
100,0,0000000000000000026d,built_loss,28.365644029139823,0.6234019396220749,0.0940926709190405
100,0,00000000000000000278,built_loss,40.51362898811487,0.7873534516658411,0.0709028697124724
100,0,00000000000000000293,built_loss,26.485745861175626,0.47935553112418966,0.07916282570025418
100,0,00000000000000000316,built_loss,2.096825037683002,0.12424520609323404,0.015540677719902654
100,0,00000000000000000356,built_loss,33.08345923675743,0.5332380886436314,0.1262825831508791
100,0,00000000000000000362,built_loss,46.64337694592102,0.5710355533618244,0.06951468318631371
100,0,00000000000000000363,built_loss,25.257309272869076,0.250432406073336,0.05490381773259287
100,0,00000000000000000364,built_loss,46.65943347353456,0.6246734613482352,0.10388278733924072
100,0,00000000000000000380,built_loss,29.186087273226068,0.5077968894288087,0.0634688497643277
100,0,00000000000000000384,built_loss,17.215787404893085,0.5949669001703738,0.044756340976832454
100,0,0000000000000000039e,built_loss,8.854673696275448,0.47786171336742117,0.05976213663713342
100,0,000000000000000003a1,built_loss,19.139935999791835,0.618662001424623,0.06388022567219942
100,0,000000000000000003a5,built_loss,22.564584691276107,0.40142084119605187,0.12685618529883363
100,0,000000000000000003b7,built_loss,15.500907489053116,0.5008967307433638,0.03371990120296642
100,0,000000000000000003bf,built_loss,43.533946236153085,0.5329846068498844,0.07043145409251095
100,0,000000000000000003d2,built_loss,46.84035581852946,0.5695685288619536,0.12355109810722198
100,0,000000000000000003f8,built_loss,6.882173304918676,0.22017536095385315,0.040222157724126295
100,0,000000000000000003fa,built_loss,44.201383942170295,0.4313191660739274,0.06267383661978537
100,0,00000000000000000407,built_loss,42.93646834790799,0.5826074638973798,0.07906925760814021
100,0,0000000000000000040f,built_loss,30.24660539534686,0.5189844331871425,0.031712714532531106
100,0,00000000000000000426,built_loss,30.237558663564933,0.5921816001512427,0.0680364113138332
100,0,0000000000000000042b,built_loss,38.1193108234766,0.5594369785811601,0.0644027545832836
100,0,00000000000000000442,built_loss,3.834427256672256,0.3987261627630748,0.25516041018484514
100,0,00000000000000000465,built_loss,41.60860330525238,0.6411785325428971,0.07767554441533231
100,0,0000000000000000047e,built_loss,20.69100455617784,0.5224259368417077,0.05036330444615822
100,0,00000000000000000490,built_loss,43.326431966829254,0.6553645852642214,0.06270828285847296
100,0,000000000000000004c0,built_loss,35.61161107342665,0.6435476620481455,0.07020488770961164
100,0,000000000000000004c5,built_loss,12.589723486450483,0.6336486369276243,0.11487297263561713
100,0,000000000000000004d9,built_loss,40.50127931528912,0.5549769999023072,0.06483177522722583
100,0,000000000000000004eb,built_loss,38.33286713696631,0.4460375129319054,0.03639578117037395
100,0,000000000000000004f7,built_loss,8.476576285066438,0.4866692183628943,0.03870665911161797
100,0,000000000000000004fe,built_loss,15.766012159278167,0.49981035722026607,0.043204213518729884
100,0,0000000000000000051d,built_loss,21.21001169524978,0.5182405150412985,0.22662629182111121
100,0,00000000000000000559,built_loss,36.21048591625691,0.7004232594303905,0.07362352883978363
100,0,00000000000000000576,built_loss,9.45439888171215,0.26911642423548804,0.06076118416883314
100,0,00000000000000000577,built_loss,10.11039824937233,0.44372026748773474,0.11304583722714323
100,0,0000000000000000057f,built_loss,2.4042624502799943,0.3847826689519132,0.09676580346733704
100,0,00000000000000000594,built_loss,22.173120903344383,0.5363939683729658,0.1807849317395998
100,0,000000000000000005ad,built_loss,34.342377080605125,0.6787406689856277,0.05917402709065345
100,0,000000000000000005bf,built_loss,26.248610813529428,0.3909386589880912,0.07079428170937896
100,0,000000000000000005cc,built_loss,10.40178770027437,0.343752250175714,0.0457070154080404
100,0,000000000000000005de,built_loss,29.92530811104591,0.44006070965291083,0.03763426784363022
100,0,000000000000000005e7,built_loss,36.9081022552883,0.6545634177272533,0.09702451907395493
100,0,000000000000000005f9,built_loss,17.950738334129632,0.6103490303251762,0.1001108233888458
100,0,0000000000000000061c,built_loss,19.67654338284588,0.38696929089634663,0.07808516509294805
100,0,00000000000000000624,built_loss,4.436742637164455,0.5209594141640144,0.06896770355108506
100,0,00000000000000000626,built_loss,31.212077939816975,0.4958892672985533,0.04520098685466151
100,0,0000000000000000062a,built_loss,37.62575912704094,0.5673197096668612,0.08149260182366014
100,0,00000000000000000636,built_loss,20.70840112396396,0.5171175933007531,0.18882645758999883
100,0,0000000000000000064a,built_loss,3.4010657737625345,0.2906185247215099,0.05104183980438809
100,0,0000000000000000064d,built_loss,13.293441581668574,0.43045410327682204,0.07073290011969569
100,0,00000000000000000694,built_loss,28.273546620119753,0.3796094687973921,0.03800376923208593
100,0,0000000000000000069d,built_loss,33.38204671815976,0.6575676307174596,0.0801518025227902
100,0,000000000000000006b7,built_loss,29.649724796053206,0.4658173681807236,0.0661056856283993
100,0,000000000000000006df,built_loss,18.129751034136103,0.2753763397111688,0.12171375437381826
100,0,000000000000000006e3,built_loss,31.944004480005773,0.3874497407048153,0.10730675560532754
100,0,00000000000000000011,crop_loss,39.959904503193,0.7861607320199797,0.3504072540319445
100,0,0000000000000000002b,crop_loss,42.35266861012243,0.16409081154583816,0.14184751967730097
100,0,0000000000000000002d,crop_loss,45.86578671198482,0.47211623119514323,0.06938420801727863
100,0,0000000000000000003a,crop_loss,43.6466223785607,0.3063005395810773,0.07400050366663746
100,0,0000000000000000009b,crop_loss,16.854316330475935,0.4946295543560119,0.021095669795332395
100,0,0000000000000000009d,crop_loss,7.628249592877431,0.38700418269349113,0.07950208481192456
100,0,000000000000000000a8,crop_loss,31.61152526409107,0.2181840313595804,0.03059316390715977
100,0,000000000000000000da,crop_loss,25.24807455984612,0.7564339249324384,0.0488447890999657
100,0,000000000000000000e3,crop_loss,44.055429551676454,0.4953641162032899,0.08302183616769337
100,0,000000000000000000e9,crop_loss,4.709334603619853,0.42405522651625616,0.09286415802670189
100,0,0000000000000000011b,crop_loss,28.4768836898787,0.48080603004369626,0.0410361226731325
100,0,00000000000000000128,crop_loss,32.92654341667051,0.5428322492074753,0.033472701279206984
100,0,00000000000000000192,crop_loss,38.588131611709414,0.5516197013403343,0.04152546374321153
100,0,00000000000000000196,crop_loss,22.343724999506804,0.25186806453334276,0.0574653065846463
100,0,000000000000000001a6,crop_loss,35.69870450873042,0.3105151942134622,0.09392844714226384
100,0,000000000000000001e4,crop_loss,42.55902816121077,0.4694323997524164,0.06014752710518334
100,0,000000000000000001f9,crop_loss,43.81806256343859,0.6808463391083907,0.2953197108309551
100,0,00000000000000000228,crop_loss,25.833550828284334,0.5036244541408009,0.18622169199340294
100,0,0000000000000000028c,crop_loss,4.236864536773425,0.31415157693712126,0.04987667483764241
100,0,0000000000000000028d,crop_loss,26.239061306321997,0.6629732328918964,0.06952256383391964
100,0,00000000000000000291,crop_loss,14.672928025532169,0.8881201000351353,0.0265337351357684
100,0,000000000000000002c5,crop_loss,26.964146131034937,0.34192845914290554,0.08467990094274325
100,0,000000000000000002dc,crop_loss,47.596110519853724,0.6362362296382855,0.07434015402454841
100,0,000000000000000002e4,crop_loss,42.83865541212168,0.3389426876674014,0.09340798551095314
100,0,000000000000000002ec,crop_loss,41.453202304350505,0.46816137669107605,0.12091972321974542
100,0,00000000000000000314,crop_loss,28.86872768411162,0.10155058179938559,0.10330793741449812
100,0,00000000000000000335,crop_loss,47.47884469426858,0.43631863323313175,0.088855220557498
100,0,0000000000000000033a,crop_loss,28.252676153401524,0.500431590455159,0.08881817616835214
100,0,000000000000000003b0,crop_loss,47.226616907527585,0.2234418002114559,0.09435462709155079
100,0,000000000000000003c8,crop_loss,37.18091276142682,0.19738645692707124,0.06429806202332197
100,0,000000000000000003f1,crop_loss,48.273737564901495,0.44072126879869694,0.07544578132419377
100,0,000000000000000003f2,crop_loss,36.52127558472619,0.4783248708171341,0.06674065772451093
100,0,0000000000000000044b,crop_loss,13.707445243700565,0.5635610171117412,0.05433284313112341
100,0,0000000000000000046c,crop_loss,41.088453267552715,0.5172215721504472,0.16225922632522422
100,0,00000000000000000480,crop_loss,9.402724194050109,0.8530855438289968,0.14474889928790446
100,0,00000000000000000483,crop_loss,11.51679520385959,0.7557535684750026,0.07632674410061746
100,0,00000000000000000485,crop_loss,40.700425346516255,0.6905747599899948,0.05485112565624395
100,0,00000000000000000497,crop_loss,36.88288381770649,0.24651097104136258,0.09048309784128306
100,0,0000000000000000049b,crop_loss,34.840829489614414,0.3559781432773362,0.049100598189049105
100,0,000000000000000004a1,crop_loss,36.9758822997026,0.3497835680434348,0.0706705097516287
100,0,000000000000000004e7,crop_loss,28.42918028195922,0.4866938747049421,0.039981752596434994
100,0,000000000000000004e9,crop_loss,16.29475694137181,0.40146794520557655,0.18748928039391993
100,0,000000000000000004ee,crop_loss,19.28653220259118,0.3583920102475508,0.14927803118559096
100,0,000000000000000004f9,crop_loss,43.4177984407672,0.4123531094357718,0.17007468853724989
100,0,00000000000000000517,crop_loss,30.53248485796713,0.27939593271131213,0.18276752374160657
100,0,00000000000000000538,crop_loss,1.0703685572615982,0.29377646146391667,0.04766795955168196
100,0,0000000000000000057e,crop_loss,3.9955872233011225,0.5379747659517595,0.03372804085384884
100,0,000000000000000005d1,crop_loss,17.114823770852396,0.15918152344968578,0.08487273703643586
100,0,00000000000000000611,crop_loss,45.19666753366715,0.6720716938279996,0.08499275872375756
100,0,0000000000000000062f,crop_loss,40.66875744435847,0.5701054308258219,0.14600825997048444
100,0,00000000000000000632,crop_loss,13.445975115457266,0.07523817596332462,0.02474250758021279
100,0,0000000000000000063e,crop_loss,41.87480768199676,0.30121160111414114,0.07141496283371945
100,0,00000000000000000655,crop_loss,27.332639839423553,0.4918263277086213,0.2166717648631345
100,0,00000000000000000697,crop_loss,54.08135743950392,0.6232985360124391,0.07040131685238848
100,0,00000000000000000698,crop_loss,20.191177949921784,0.41276071382812973,0.06726579916905173
100,0,000000000000000006a8,crop_loss,45.05581322172316,0.305729863707224,0.093864278646625
100,0,000000000000000006b4,crop_loss,42.95398597751613,0.5331034178125067,0.14416681207110948
100,0,000000000000000006be,crop_loss,13.617031473930801,0.3752871137761954,0.08296601393836828
100,0,000000000000000006c0,crop_loss,2.951831199993453,0.18336446317185812,0.04649437461130013
100,0,000000000000000006ce,crop_loss,22.419804760988097,0.5389227724820232,0.15201757879844374
100,0,000000000000000006d9,crop_loss,35.269087466679515,0.19848047685375733,0.05458648020515386
100,0,000000000000000006e5,crop_loss,45.02808653151849,0.5113652460250225,0.08546021496264927
100,0,00000000000000000151,built_loss,8.78888656241297,0.27368626317523853,0.051899846619604256
100,0,000000000000000001be,built_loss,5.717556564036309,0.5446056356121045,0.07535732815885254
100,0,0000000000000000034d,built_loss,5.942700694285913,0.4133565134703776,0.03552781886863021
100,0,000000000000000003c7,crop_loss,29.71025663288471,0.7382859515426758,0.09325998316472517
100,0,0000000000000000004a,built_loss,11.148823411353316,0.43338463536497474,0.032068481646671754
100,0,00000000000000000206,built_loss,40.166339562778184,0.7096674143898754,0.08837635579575376
100,0,000000000000000002a4,built_loss,9.288898298386457,0.41074092939193035,0.05208770662447637
100,0,000000000000000004f5,built_loss,8.542744339043777,0.46446071018521323,0.06915782300040119
100,0,000000000000000002cc,crop_loss,17.006068175837285,0.3544867252765034,0.1794500563244864
100,0,000000000000000006cc,crop_loss,27.122684141374148,0.3499375808995983,0.05979332824667022
100,0,0000000000000000016c,crop_loss,41.81353228217969,0.46530265221630573,0.07823026550540796
100,1,00000000000000000085,built_loss,16.644726097854747,0.38744502178322,0.0807745086063546
100,1,00000000000000000114,built_loss,28.549276743291035,0.697362745591796,0.06185422545521968
100,1,0000000000000000024c,built_loss,24.404220456099164,0.7157776085511707,0.057101460973960294
100,1,00000000000000000375,built_loss,33.99966437492147,0.648190719788059,0.07858881206932267
100,1,000000000000000004d2,built_loss,26.369319021006994,0.6219651612669498,0.07388811730158762
100,1,000000000000000005bd,built_loss,4.938417868595374,0.5634627492849964,0.07325918937528153
100,1,00000000000000000281,crop_loss,38.03745102211067,0.5118333626890995,0.07248952498949074
100,1,000000000000000003a2,crop_loss,33.85558074332236,0.334375965106608,0.1244232841861706
100,1,00000000000000000001,built_loss,24.87675472889725,0.44535291617595774,0.07260776617445963
100,1,00000000000000000049,built_loss,4.986584209629168,0.49532830379722687,0.07275119724713064
100,1,0000000000000000004f,built_loss,37.37068731519511,0.43724353494666296,0.11087366386377245
100,1,0000000000000000005a,built_loss,30.122618698151776,0.44449065533093757,0.03506730688881543
100,1,00000000000000000079,built_loss,48.317106585754956,0.6467420843367926,0.0880420774104349
100,1,00000000000000000087,built_loss,42.72757905278046,0.6080877572407563,0.11918059078507848
100,1,000000000000000000a1,built_loss,8.306280449565183,0.44020710661226947,0.05190122472272596
100,1,000000000000000000b8,built_loss,9.588690486706202,0.5773891092632759,0.11901405265821097
100,1,000000000000000000c0,built_loss,35.653576895424514,0.6417570490760676,0.061373860823621174
100,1,000000000000000000e2,built_loss,16.835786525744386,0.4039461399901557,0.09775428357980809
100,1,000000000000000000f0,built_loss,30.144286857806915,0.6676708309361216,0.08996861394784061
100,1,000000000000000000f8,built_loss,40.90935078687306,0.5440396808867952,0.09973434906651962
100,1,0000000000000000011c,built_loss,7.40991004296609,0.7357777421662858,0.053790349252257674
100,1,00000000000000000161,built_loss,36.51384246651021,0.6515788678065272,0.08616844115367961
100,1,0000000000000000016a,built_loss,8.085465004127068,0.2461885056095447,0.07055167325448672
100,1,00000000000000000176,built_loss,23.711259511046226,0.6674519594279668,0.05029906537583928
100,1,000000000000000001a8,built_loss,44.17295527202964,0.5419609237066854,0.09520295780645466
100,1,000000000000000001cd,built_loss,44.94413313436852,0.7557226564705675,0.07557520459563105
100,1,000000000000000001e5,built_loss,18.76843837303805,0.5741196731859871,0.09983767440575964
100,1,00000000000000000209,built_loss,43.84679117167955,0.5927555666324692,0.09638167044780444
100,1,00000000000000000231,built_loss,43.4342890842945,0.5572334840247398,0.08866321659747078
100,1,0000000000000000026d,built_loss,26.64034783236287,0.6113267151434062,0.10755803046978063
100,1,00000000000000000278,built_loss,39.295294100215685,0.7887007904913774,0.0832227953379776
100,1,00000000000000000293,built_loss,25.52407305471728,0.4877540513901529,0.06580113057081621
100,1,00000000000000000316,built_loss,2.023800152708632,0.12094999794635763,0.026319684338193455
100,1,00000000000000000356,built_loss,34.3000902048,0.5262156930999058,0.1340393009794285
100,1,00000000000000000362,built_loss,42.80350064660014,0.5521506464215161,0.07557380560401006
100,1,00000000000000000363,built_loss,25.9861849148811,0.25182300742113173,0.07304619027506201
100,1,00000000000000000364,built_loss,47.65184701589146,0.5948915712185856,0.07763984176840355
100,1,00000000000000000380,built_loss,27.26958191713832,0.5053563144007173,0.07109258618596737
100,1,00000000000000000384,built_loss,17.80938605446603,0.596205682523597,0.06003038932397442
100,1,0000000000000000039e,built_loss,7.73240296156594,0.4805807614606736,0.07041957063960813
100,1,000000000000000003a1,built_loss,17.826965199513566,0.6229173951549895,0.07720808992789197
100,1,000000000000000003a5,built_loss,23.72960456691096,0.38774515814666266,0.10121079730116628
100,1,000000000000000003b7,built_loss,16.330322576921695,0.49230262245526835,0.040230020172788816
100,1,000000000000000003bf,built_loss,42.94553603461736,0.5284285348125118,0.05449227375100618
100,1,000000000000000003d2,built_loss,39.296371534186534,0.5848333928393376,0.07893579495122738
100,1,000000000000000003f8,built_loss,6.663175513471374,0.2238336673716939,0.04641693492827112
100,1,000000000000000003fa,built_loss,42.91871411745846,0.4168018329517206,0.05987304709512892
100,1,00000000000000000407,built_loss,44.34862687141998,0.5661685057103104,0.08284084802227643
100,1,0000000000000000040f,built_loss,28.199432891065523,0.5197744196626729,0.026880513387205762
100,1,00000000000000000426,built_loss,30.214708428431972,0.5699700545494434,0.054302420746663804
100,1,0000000000000000042b,built_loss,35.9896521894166,0.5852323504800357,0.07899425095833179
100,1,00000000000000000442,built_loss,4.168056424023909,0.38228448198691606,0.25016591952031975
100,1,00000000000000000465,built_loss,42.54298191245495,0.6369187100727667,0.06676740063906528
100,1,0000000000000000047e,built_loss,20.130915676373508,0.5359091597455099,0.06468531804535688
100,1,00000000000000000490,built_loss,44.92589235315424,0.6342220555068501,0.07201845289351982
100,1,000000000000000004c0,built_loss,37.632552471270735,0.6392960549234425,0.059656606171736404
100,1,000000000000000004c5,built_loss,12.741489502817668,0.5840882602511638,0.056446339730995554
100,1,000000000000000004d9,built_loss,39.52082583152153,0.5415434107851506,0.052050207554286354
100,1,000000000000000004eb,built_loss,44.89632312288738,0.46849236357521284,0.045343253491844315
100,1,000000000000000004f7,built_loss,7.296338737394472,0.4900025372071848,0.03656948302824331
100,1,000000000000000004fe,built_loss,17.555861384159176,0.5063532621664408,0.040740837868197655
100,1,0000000000000000051d,built_loss,21.532178970532936,0.48165601973279676,0.24011746187101285
100,1,00000000000000000559,built_loss,37.56545739664525,0.680255803292471,0.07872551894289892
100,1,00000000000000000576,built_loss,8.975381976471262,0.2484327964453527,0.05997228620225034
100,1,00000000000000000577,built_loss,10.356128011909629,0.500981108948149,0.1334711054721479
100,1,0000000000000000057f,built_loss,2.258604224914371,0.406367233057794,0.07101591040267857
100,1,00000000000000000594,built_loss,17.62807997917994,0.5210382529132412,0.2332949551608665
100,1,000000000000000005ad,built_loss,33.81096518936942,0.6741219487322078,0.0763259926665133
100,1,000000000000000005bf,built_loss,25.554130674032994,0.4029118057614352,0.06045630629639309
100,1,000000000000000005cc,built_loss,11.567019134486253,0.36055977010283663,0.04405821929346937
100,1,000000000000000005de,built_loss,31.831784389885538,0.42333713545057544,0.044254065409497334
100,1,000000000000000005e7,built_loss,37.08553577428148,0.6673462654429809,0.1409837324320532
100,1,000000000000000005f9,built_loss,15.560817396773201,0.6889578352421215,0.07535323688131579
100,1,0000000000000000061c,built_loss,21.486758287460678,0.41843677150188485,0.06691091814104572
100,1,00000000000000000624,built_loss,4.780281995938905,0.5078075239597346,0.09046742868131968
100,1,00000000000000000626,built_loss,30.025352415052836,0.4859327726146644,0.043198291472576145
100,1,0000000000000000062a,built_loss,35.486866759132006,0.5694111262997209,0.06729331069774436
100,1,00000000000000000636,built_loss,22.649722655205693,0.5155425056549418,0.17915912816996926
100,1,0000000000000000064a,built_loss,3.582717764836086,0.3090729012416328,0.03674572229352957
100,1,0000000000000000064d,built_loss,11.980317762770401,0.4385684110083628,0.06523234831435798
100,1,00000000000000000694,built_loss,28.41937284994078,0.3855410050863923,0.04090343629904075
100,1,0000000000000000069d,built_loss,44.719610744825246,0.652303837140119,0.06167228703627825
100,1,000000000000000006b7,built_loss,28.08943400126983,0.46719691508834515,0.05313932098509783
100,1,000000000000000006df,built_loss,18.64972993631554,0.23820268466562872,0.0916502835479491
100,1,000000000000000006e3,built_loss,29.750296941781848,0.38604612454183695,0.07154857311461693
100,1,00000000000000000011,crop_loss,40.35893849569982,0.8128668688511095,0.32729706693234395
100,1,0000000000000000002b,crop_loss,43.291741170723235,0.17573866095302465,0.14519479048733983
100,1,0000000000000000002d,crop_loss,49.11805443943198,0.4847594637120685,0.07717758721982854
100,1,0000000000000000003a,crop_loss,41.8711259068467,0.3154724183914223,0.08641934993257916
100,1,0000000000000000009b,crop_loss,14.696688560376144,0.4950180047205258,0.014986622093731305
100,1,0000000000000000009d,crop_loss,6.9024010567175145,0.3764553557053025,0.07433295688162267
100,1,000000000000000000a8,crop_loss,30.924609605622333,0.19951140683694416,0.029260347405134696
100,1,000000000000000000da,crop_loss,26.04683370601116,0.7510106941072022,0.047993069568323166
100,1,000000000000000000e3,crop_loss,45.48496563206554,0.47176607182271285,0.07417384556885609
100,1,000000000000000000e9,crop_loss,4.6728994262788355,0.42781347446906104,0.09365415815527384
100,1,0000000000000000011b,crop_loss,29.101751655802254,0.4908881298330618,0.034838486709672434
100,1,00000000000000000128,crop_loss,31.78005081009569,0.5405777590949601,0.02886691247379647
100,1,00000000000000000192,crop_loss,42.86241561392995,0.5560806765144634,0.04116467970798876
100,1,00000000000000000196,crop_loss,25.527860345383974,0.24575949208085082,0.05712133273181169
100,1,000000000000000001a6,crop_loss,33.58360226306164,0.2804429427054,0.10209228112780055
100,1,000000000000000001e4,crop_loss,36.862702327564385,0.5022890517521292,0.06135006040867369
100,1,000000000000000001f9,crop_loss,42.2298626124885,0.5236998799572443,0.3276136586447207
100,1,00000000000000000228,crop_loss,26.320327491727152,0.5016440882685121,0.19015404291114607
100,1,0000000000000000028c,crop_loss,4.426656266847751,0.305132237277501,0.08501402910846245
100,1,0000000000000000028d,crop_loss,25.856042193106372,0.6669553757331406,0.08872333318487735
100,1,00000000000000000291,crop_loss,17.284830098609643,0.8863280866739058,0.021853891319918883
100,1,000000000000000002c5,crop_loss,29.439210479977287,0.36614045860657857,0.10085236845293688
100,1,000000000000000002dc,crop_loss,45.287641818169945,0.6333111660417344,0.08127242696920467
100,1,000000000000000002e4,crop_loss,37.654052744416845,0.3326591974822813,0.0836106679954145
100,1,000000000000000002ec,crop_loss,45.391820593538824,0.46980893819134795,0.08403457720777763
100,1,00000000000000000314,crop_loss,28.38263443843307,0.07783293404487612,0.08395414171793822
100,1,00000000000000000335,crop_loss,46.76948732006257,0.4485032654085107,0.10034530171583644
100,1,0000000000000000033a,crop_loss,28.311789441249537,0.5055414041921642,0.07337272475467665
100,1,000000000000000003b0,crop_loss,44.748679662232945,0.2018079680716341,0.08910160966106237
100,1,000000000000000003c8,crop_loss,35.11716645327355,0.19505163853061216,0.056254459565800524
100,1,000000000000000003f1,crop_loss,47.26462432591779,0.48286799444179646,0.07839885246531192
100,1,000000000000000003f2,crop_loss,35.932994661598684,0.4865575549765998,0.07216780151088881
100,1,0000000000000000044b,crop_loss,13.573255728714072,0.5608245342573596,0.038425658259156115
100,1,0000000000000000046c,crop_loss,43.045197491660716,0.48477200429702016,0.15836139682508166
100,1,00000000000000000480,crop_loss,8.876260243875889,0.872862844975627,0.06618613953861774
100,1,00000000000000000483,crop_loss,11.322390963174993,0.7388073574439843,0.07197541208313218
100,1,00000000000000000485,crop_loss,44.49345179021029,0.7032231028211512,0.051670350921567465
100,1,00000000000000000497,crop_loss,35.188715493487045,0.21432659285015915,0.06933924684096232
100,1,0000000000000000049b,crop_loss,35.225200025794976,0.3719263112268261,0.05883520589839358
100,1,000000000000000004a1,crop_loss,37.98437251279905,0.3674407395604897,0.07729735684598271
100,1,000000000000000004e7,crop_loss,24.585317868310682,0.4970734542024896,0.03512132960758285
100,1,000000000000000004e9,crop_loss,15.48935249807226,0.4204487701408649,0.1794968631297889
100,1,000000000000000004ee,crop_loss,18.26522254067626,0.35478109123009677,0.1198916825760511
100,1,000000000000000004f9,crop_loss,39.708051873309785,0.3490082996009077,0.15195338791650415
100,1,00000000000000000517,crop_loss,30.193148563268863,0.28119976037649724,0.13292184702032506
100,1,00000000000000000538,crop_loss,1.066657965910004,0.3093158630749836,0.048124383949539384
100,1,0000000000000000057e,crop_loss,4.396713095330261,0.5454207238553042,0.042793160445806167
100,1,000000000000000005d1,crop_loss,15.835182677019365,0.1602418762095718,0.06339819691107718
100,1,00000000000000000611,crop_loss,44.022583970474535,0.674353171258736,0.07450495226591602
100,1,0000000000000000062f,crop_loss,41.772374212854494,0.5269378575317203,0.16630950878348266
100,1,00000000000000000632,crop_loss,14.54480339605306,0.0765589422170592,0.026049597501357005
100,1,0000000000000000063e,crop_loss,45.10191123097175,0.2999012881461147,0.08078802470000784
100,1,00000000000000000655,crop_loss,29.934849971244702,0.5229838085553113,0.26244782649365705
100,1,00000000000000000697,crop_loss,52.03427516146622,0.6336826179719424,0.07233711379463881
100,1,00000000000000000698,crop_loss,18.543237437753895,0.41261089607112994,0.06746269662595816
100,1,000000000000000006a8,crop_loss,43.95473728186583,0.2955745104914499,0.0943839547233582
100,1,000000000000000006b4,crop_loss,44.77162794256557,0.5717376360868015,0.11101163951066395
100,1,000000000000000006be,crop_loss,14.40706814750343,0.3859064451132231,0.07198698471758025
100,1,000000000000000006c0,crop_loss,2.849338364851697,0.19428814848579073,0.06048100959617764
100,1,000000000000000006ce,crop_loss,24.673675129689883,0.555992075811251,0.12554404491348548
100,1,000000000000000006d9,crop_loss,36.944071870526365,0.19117658601822202,0.05158264363677045
100,1,000000000000000006e5,crop_loss,43.719472972934334,0.49739018813988395,0.0989713232525351
100,1,00000000000000000151,built_loss,8.92083192049597,0.26671159494808255,0.04082334810626259
100,1,000000000000000001be,built_loss,5.4758913752262695,0.5568155745023188,0.09714775846832513
100,1,0000000000000000034d,built_loss,5.708745510559789,0.4079977980112443,0.03451494777449898
100,1,000000000000000003c7,crop_loss,28.194847491621605,0.6995930364582925,0.08465524693138127
100,1,0000000000000000004a,built_loss,11.94642204097666,0.43625977272810995,0.03967126137327959
100,1,00000000000000000206,built_loss,41.897659584399236,0.6949464971496171,0.11081255651017619
100,1,000000000000000002a4,built_loss,10.835405333298862,0.40675981085387625,0.055820585918295584
100,1,000000000000000004f5,built_loss,7.514001704841559,0.48468265996835896,0.08255556578915246
100,1,000000000000000002cc,crop_loss,19.146913184186527,0.35095443595393006,0.15685217562465242
100,1,000000000000000006cc,crop_loss,21.356501874272595,0.3514623512121421,0.050802733951364365
100,1,0000000000000000016c,crop_loss,44.75954389993078,0.45029850108584396,0.09090667818698195
100,2,00000000000000000085,built_loss,14.13906636849377,0.3900986644737155,0.09224523164160708
100,2,00000000000000000114,built_loss,25.22961244926841,0.699764991550735,0.06611444918917797
100,2,0000000000000000024c,built_loss,21.92219570261455,0.7115029849955072,0.05226690647253118
100,2,00000000000000000375,built_loss,31.32353553200335,0.6836820542202272,0.08067305755426268
100,2,000000000000000004d2,built_loss,25.70798977983396,0.6127575267202954,0.10086625388891957
100,2,000000000000000005bd,built_loss,5.06656007687914,0.5451948256118379,0.0760398730920342
100,2,00000000000000000281,crop_loss,38.63064508958131,0.5232625618057009,0.04720748125278207
100,2,000000000000000003a2,crop_loss,30.670589118576995,0.36796408054743995,0.13175719210938347
100,2,00000000000000000001,built_loss,24.95012248670856,0.4440156481695529,0.06974646012418168
100,2,00000000000000000049,built_loss,4.2363090141084205,0.488883031032655,0.05637957869835308
100,2,0000000000000000004f,built_loss,34.35555743801795,0.45111090143462285,0.10090759126319193
100,2,0000000000000000005a,built_loss,30.03925214765491,0.42836446154622265,0.050727558220893254
100,2,00000000000000000079,built_loss,49.06574549559252,0.6564616637535604,0.09150091303587482
100,2,00000000000000000087,built_loss,47.92464133402434,0.6399458071927829,0.11583226153192006
100,2,000000000000000000a1,built_loss,9.498423099218398,0.45377665355406127,0.06555443082449885
100,2,000000000000000000b8,built_loss,10.140907230154856,0.5561999084217885,0.12735811454783225
100,2,000000000000000000c0,built_loss,33.84290401328246,0.6071569953810736,0.07324120937832379
100,2,000000000000000000e2,built_loss,19.05901813732246,0.4009380979938745,0.08477203356772828
100,2,000000000000000000f0,built_loss,27.30384453512945,0.7042919239296221,0.10483010039889906
100,2,000000000000000000f8,built_loss,43.87256022248282,0.5175739754090425,0.08295287246735394
100,2,0000000000000000011c,built_loss,7.201259439205157,0.7225692944063336,0.043594879156426236
100,2,00000000000000000161,built_loss,38.13115029125583,0.6599452437840045,0.06301088003251565
100,2,0000000000000000016a,built_loss,9.651000613185873,0.25457557243504464,0.061520182658167805
100,2,00000000000000000176,built_loss,21.95205144520232,0.6520264173476972,0.0520722489687776
100,2,000000000000000001a8,built_loss,47.82367554965229,0.5330518900639487,0.07751783402217916
100,2,000000000000000001cd,built_loss,46.469710540386025,0.766082441124162,0.0991124736518606
100,2,000000000000000001e5,built_loss,19.291381310208767,0.5699282493852507,0.1106954390079623
100,2,00000000000000000209,built_loss,41.35782560094765,0.6400011764493623,0.09207107279778814
100,2,00000000000000000231,built_loss,42.00578007544361,0.5410223966678286,0.08398718954455037
100,2,0000000000000000026d,built_loss,30.68402702170553,0.5854690686628925,0.08505031188917933
100,2,00000000000000000278,built_loss,37.24745652212008,0.7558471778217828,0.07988039467702612
100,2,00000000000000000293,built_loss,32.00522443150373,0.4706325522768703,0.08995088910095378
100,2,00000000000000000316,built_loss,2.1130190383230936,0.12352525278233777,0.02066927840385971
100,2,00000000000000000356,built_loss,34.43060008458005,0.5626263856885577,0.14027285816045942
100,2,00000000000000000362,built_loss,43.76096681847242,0.5345775440454238,0.06904773870189163
100,2,00000000000000000363,built_loss,27.1280692507388,0.2406887161652253,0.05498719342933128
100,2,00000000000000000364,built_loss,50.91706319453517,0.6130448581727508,0.0987498195555816
100,2,00000000000000000380,built_loss,28.98468358682764,0.4995368787934189,0.06095096691495272
100,2,00000000000000000384,built_loss,17.520392602622458,0.5781043106559435,0.061723929818002565
100,2,0000000000000000039e,built_loss,6.205782682384382,0.48875554268565513,0.07180050270300492
100,2,000000000000000003a1,built_loss,16.002479223432744,0.6023707915786594,0.06738773088696881
100,2,000000000000000003a5,built_loss,24.168650368500824,0.3771149921696889,0.07380558095170053
100,2,000000000000000003b7,built_loss,14.997240563220169,0.48897905132410874,0.0381054541296994
100,2,000000000000000003bf,built_loss,44.29807427237023,0.5240211237095896,0.057887201575916425
100,2,000000000000000003d2,built_loss,39.95573689044794,0.5798573141116911,0.12312564884375676
100,2,000000000000000003f8,built_loss,6.8690990669854655,0.23533132729928785,0.04309805064509306
100,2,000000000000000003fa,built_loss,42.477334979263304,0.42136488289373303,0.07115235388729962
100,2,00000000000000000407,built_loss,41.401607958664904,0.5379112062462239,0.0806673345551926
100,2,0000000000000000040f,built_loss,30.632986862253045,0.5161336278424821,0.031703218979944214
100,2,00000000000000000426,built_loss,28.090202508404133,0.5568102563088129,0.06025989814661947
100,2,0000000000000000042b,built_loss,32.59592684542899,0.567214900186467,0.07169463534823683
100,2,00000000000000000442,built_loss,4.20754438824439,0.3213308908040833,0.19702163109638404
100,2,00000000000000000465,built_loss,46.290377679574824,0.6115020056960984,0.08194780109490529
100,2,0000000000000000047e,built_loss,20.10094816697443,0.5384562723422127,0.05934094222975894
100,2,00000000000000000490,built_loss,47.441051014867305,0.6421350599002221,0.06987985160936694
100,2,000000000000000004c0,built_loss,39.1764410761668,0.6651334529129477,0.05592051819750243
100,2,000000000000000004c5,built_loss,14.47203665400223,0.5851855189536485,0.07460300126124908
100,2,000000000000000004d9,built_loss,33.82207261598845,0.5497767290248231,0.05251365552005749
100,2,000000000000000004eb,built_loss,42.91431467458843,0.4380077139988539,0.03785594331402231
100,2,000000000000000004f7,built_loss,8.058273257538252,0.4749656478949816,0.03305920978164073
100,2,000000000000000004fe,built_loss,16.317884767669725,0.5028556779938719,0.04137330584474691
100,2,0000000000000000051d,built_loss,23.0307803610529,0.48056067262624286,0.2033779594205155
100,2,00000000000000000559,built_loss,35.45908775786122,0.6863287177667072,0.06850896264665707
100,2,00000000000000000576,built_loss,8.286120525127092,0.26505359898988123,0.06473631118143616
100,2,00000000000000000577,built_loss,10.036726908056437,0.4700817036769033,0.13003178833556012
100,2,0000000000000000057f,built_loss,2.24311241106179,0.388691260286516,0.06307036740610039
100,2,00000000000000000594,built_loss,21.094321824119195,0.5388647421824769,0.1965432651671596
100,2,000000000000000005ad,built_loss,37.00281425110569,0.6588993270124153,0.07901817455474014
100,2,000000000000000005bf,built_loss,29.770926907934424,0.39265108349203576,0.04817080151187414
100,2,000000000000000005cc,built_loss,10.495557541067427,0.3545368856249658,0.03102883758420899
100,2,000000000000000005de,built_loss,29.741809380516546,0.44338579555996743,0.03213574216360854
100,2,000000000000000005e7,built_loss,40.21848773942378,0.6492011602705069,0.0976739087640831
100,2,000000000000000005f9,built_loss,16.373117378367773,0.6817981095030446,0.07785112789136173
100,2,0000000000000000061c,built_loss,19.635801862736262,0.40087407097327843,0.05468941661614496
100,2,00000000000000000624,built_loss,4.528991643715123,0.5133719914055286,0.0858261016419653
100,2,00000000000000000626,built_loss,29.53960425224799,0.5092290813838878,0.051529307643797595
100,2,0000000000000000062a,built_loss,35.92908001198468,0.5721926673968724,0.06672930036529345
100,2,00000000000000000636,built_loss,22.05007823813028,0.5235548295971446,0.13860101828184357
100,2,0000000000000000064a,built_loss,3.400249878618178,0.3077787376887474,0.05315276270204594
100,2,0000000000000000064d,built_loss,15.61083846790765,0.4266949644598323,0.08853149023127388
100,2,00000000000000000694,built_loss,26.573897610568228,0.37487170151522964,0.029125401093988257
100,2,0000000000000000069d,built_loss,40.31881713687879,0.6323463450868276,0.0697627290093773
100,2,000000000000000006b7,built_loss,29.420162625103114,0.46620910343268385,0.04462506072342404
100,2,000000000000000006df,built_loss,19.384911712528986,0.21016726761640114,0.05384798763325446
100,2,000000000000000006e3,built_loss,28.263364378886305,0.45294839007068444,0.10438404940948104
100,2,00000000000000000011,crop_loss,42.354214994262776,0.8103059219725369,0.3616276818124028
100,2,0000000000000000002b,crop_loss,40.45084604267634,0.20645576803060126,0.09717654262451811
100,2,0000000000000000002d,crop_loss,41.509550205091195,0.464859697193351,0.06533266398755683
100,2,0000000000000000003a,crop_loss,37.985499507714025,0.2961527881415065,0.0892371993210827
100,2,0000000000000000009b,crop_loss,14.671277516528717,0.49469269695008766,0.012356546627195653
100,2,0000000000000000009d,crop_loss,8.786183694879444,0.3816756530065468,0.0771338573907892
100,2,000000000000000000a8,crop_loss,32.13497115433544,0.20160521321964436,0.03469918961428356
100,2,000000000000000000da,crop_loss,26.11054258652401,0.7498307672196638,0.0668917230239302
100,2,000000000000000000e3,crop_loss,44.586324792021536,0.45906228638069796,0.08977259016632344
100,2,000000000000000000e9,crop_loss,5.710520956645578,0.4248936784654927,0.10115761275591828
100,2,0000000000000000011b,crop_loss,35.26365359667923,0.48219602085337077,0.04102069257123375
100,2,00000000000000000128,crop_loss,33.74360734227037,0.5463208873933115,0.032836123478331425
100,2,00000000000000000192,crop_loss,40.964789908207216,0.5514964119797013,0.03948797427221595
100,2,00000000000000000196,crop_loss,18.893489548286414,0.247448184161805,0.05135674882756963
100,2,000000000000000001a6,crop_loss,34.644244278221755,0.3116745865791896,0.10706629656348665
100,2,000000000000000001e4,crop_loss,36.37650325585764,0.47956640419922664,0.046728525744447635
100,2,000000000000000001f9,crop_loss,43.860245564114116,0.4998107821668861,0.30512221738572226
100,2,00000000000000000228,crop_loss,27.32863016373248,0.5213863548446611,0.16834875558426654
100,2,0000000000000000028c,crop_loss,4.1443987865462155,0.3024191395404119,0.05931114979977248
100,2,0000000000000000028d,crop_loss,27.112313345978563,0.6436452962763269,0.08678884832664635
100,2,00000000000000000291,crop_loss,15.117649441821163,0.8892759592263699,0.02609197649732431
100,2,000000000000000002c5,crop_loss,29.671407373848595,0.34241581455387987,0.0920268596317308
100,2,000000000000000002dc,crop_loss,49.05325283595939,0.644725895768163,0.08063379720520625
100,2,000000000000000002e4,crop_loss,43.019419424427106,0.3577029885724568,0.09913230040929366
100,2,000000000000000002ec,crop_loss,44.15853786351392,0.5067165472879107,0.11574466693300633
100,2,00000000000000000314,crop_loss,32.1070557808336,0.09066266645285896,0.04599427005909512
100,2,00000000000000000335,crop_loss,41.46098840298005,0.43769246093600367,0.05546252669871288
100,2,0000000000000000033a,crop_loss,29.058412704931524,0.5315932740766288,0.052573285741981834
100,2,000000000000000003b0,crop_loss,42.76308259312062,0.22574973834878445,0.09514573348644736
100,2,000000000000000003c8,crop_loss,35.94186614825126,0.20082380150804127,0.03964973664865873
100,2,000000000000000003f1,crop_loss,46.6364534051093,0.44875690924371126,0.07495157793381607
100,2,000000000000000003f2,crop_loss,31.069106565847314,0.4525169133519723,0.06359830578167569
100,2,0000000000000000044b,crop_loss,13.788954136276628,0.5660788376237279,0.048575437901632545
100,2,0000000000000000046c,crop_loss,45.52106031589618,0.5146490506444615,0.132133515386388
100,2,00000000000000000480,crop_loss,11.524667203078806,0.8584865584374743,0.06073410462012352
100,2,00000000000000000483,crop_loss,13.16032591477581,0.7472722319769289,0.0720618315422672
100,2,00000000000000000485,crop_loss,39.93736098793217,0.7141962541783448,0.04851465950207523
100,2,00000000000000000497,crop_loss,36.2038322690686,0.2274269684699549,0.08833426387184079
100,2,0000000000000000049b,crop_loss,37.77433442703037,0.3510817139837572,0.04814218966101552
100,2,000000000000000004a1,crop_loss,38.96487214388876,0.3576197671574075,0.07472331134296045
100,2,000000000000000004e7,crop_loss,26.701278853063425,0.49090388253698064,0.0403869351523366
100,2,000000000000000004e9,crop_loss,14.39754977096799,0.35401052276636313,0.15980465645634617
100,2,000000000000000004ee,crop_loss,22.06975297595165,0.39645750290316134,0.17247093900763943
100,2,000000000000000004f9,crop_loss,43.308041032867,0.3546741492334869,0.15762932421933634
100,2,00000000000000000517,crop_loss,27.35462148894165,0.2677492584149194,0.12190804988787887
100,2,00000000000000000538,crop_loss,1.0738159303652492,0.29916054693257843,0.04954209509240132
100,2,0000000000000000057e,crop_loss,4.405046052010978,0.5400515897986412,0.0437404608917803
100,2,000000000000000005d1,crop_loss,17.20731141224823,0.1716495868907833,0.06205640311662372
100,2,00000000000000000611,crop_loss,43.718612790050216,0.6686820749191849,0.07709656228254957
100,2,0000000000000000062f,crop_loss,45.01082597025791,0.5306220448661002,0.16093750721648592
100,2,00000000000000000632,crop_loss,12.894185705325402,0.08212158778830488,0.02416574801967089
100,2,0000000000000000063e,crop_loss,47.138250364470125,0.3053063043066301,0.07291589652604108
100,2,00000000000000000655,crop_loss,30.5922949154656,0.5436527866349181,0.16533333070364237
100,2,00000000000000000697,crop_loss,53.26154361046202,0.6029361358631808,0.08540313090278606
100,2,00000000000000000698,crop_loss,21.223998031982376,0.40252489176747275,0.055504398086561935
100,2,000000000000000006a8,crop_loss,47.66596732711014,0.29982454388882984,0.06838771194351134
100,2,000000000000000006b4,crop_loss,44.34503237668067,0.5193032194166434,0.11398945003176325
100,2,000000000000000006be,crop_loss,14.989131891949894,0.4098722888532209,0.06783702947541176
100,2,000000000000000006c0,crop_loss,2.891987888855293,0.18084786875919162,0.057221659083888654
100,2,000000000000000006ce,crop_loss,23.299170446130706,0.573072128157756,0.1280092682588811
100,2,000000000000000006d9,crop_loss,37.07864128514594,0.2098122151400603,0.06442216709490214
100,2,000000000000000006e5,crop_loss,43.86450379868219,0.5290485267692346,0.11201604353833827
100,2,00000000000000000151,built_loss,7.932084131616896,0.2592273141102573,0.046075293599269374
100,2,000000000000000001be,built_loss,6.811183888167237,0.5300794924132044,0.094208289339821
100,2,0000000000000000034d,built_loss,6.210143314367268,0.4113950659723635,0.04415936072797355
100,2,000000000000000003c7,crop_loss,26.369158761364265,0.7263052300155951,0.08364532479908737
100,2,0000000000000000004a,built_loss,11.44018855598472,0.44159731244138123,0.04206757586019089
100,2,00000000000000000206,built_loss,37.82071697981746,0.7163833495337613,0.1041663243646106
100,2,000000000000000002a4,built_loss,11.269861818839988,0.41174635219229694,0.05088286803392422
100,2,000000000000000004f5,built_loss,8.181769610287141,0.45374602230367955,0.0887063703752562
100,2,000000000000000002cc,crop_loss,17.63855805803954,0.399179088262081,0.1771237019799471
100,2,000000000000000006cc,crop_loss,24.425612417115964,0.3359020825673123,0.04894075145555837
100,2,0000000000000000016c,crop_loss,44.371882753110796,0.46788789080850235,0.07624911834646053
100,3,00000000000000000085,built_loss,13.795953247772927,0.35497758269940066,0.09897883873901464
100,3,00000000000000000114,built_loss,28.409196777104455,0.6900969499499781,0.06558462591362935
100,3,0000000000000000024c,built_loss,25.251086953371143,0.714606608644483,0.061163209660959894
100,3,00000000000000000375,built_loss,37.20564243538094,0.6549932395795195,0.08061111330272341
100,3,000000000000000004d2,built_loss,26.357840899272635,0.6196675401572876,0.08128090744058092
100,3,000000000000000005bd,built_loss,4.657116062382209,0.5558505122081471,0.07397586709229043
100,3,00000000000000000281,crop_loss,40.68269851488914,0.5207869943989157,0.046576870349264055
100,3,000000000000000003a2,crop_loss,29.234427302873307,0.34233072899978223,0.10958570525808403
100,3,00000000000000000001,built_loss,24.996724645382805,0.47794141368943743,0.06429304019389503
100,3,00000000000000000049,built_loss,3.730454921892562,0.48525709935333217,0.07789422547064134
100,3,0000000000000000004f,built_loss,36.673277419732294,0.4188429290888076,0.13209642979724096
100,3,0000000000000000005a,built_loss,28.374447992560665,0.4464099721829105,0.04713381429354596
100,3,00000000000000000079,built_loss,52.05068033668904,0.6608611955444476,0.06698477935561076
100,3,00000000000000000087,built_loss,45.105967582875216,0.6350304695957846,0.13655080859918967
100,3,000000000000000000a1,built_loss,9.305353460810565,0.4444513042851622,0.045127910433076346
100,3,000000000000000000b8,built_loss,10.51534961582933,0.5815539629373253,0.13601769000271613
100,3,000000000000000000c0,built_loss,34.35793368512231,0.6338874870156805,0.06553390539354298
100,3,000000000000000000e2,built_loss,18.170802118566705,0.37269666787308137,0.08284060755991624
100,3,000000000000000000f0,built_loss,29.234485659963543,0.6705961804868019,0.10717297829742056
100,3,000000000000000000f8,built_loss,41.23180508909068,0.5242348071660603,0.08760202428995051
100,3,0000000000000000011c,built_loss,7.607407087100779,0.7197143946005935,0.05252702652800467
100,3,00000000000000000161,built_loss,38.87604951674766,0.6420973642829853,0.07891806683173463
100,3,0000000000000000016a,built_loss,8.091059741047179,0.2433343823024211,0.06593729289199987
100,3,00000000000000000176,built_loss,26.134350351373012,0.6562568643122543,0.05282833248673002
100,3,000000000000000001a8,built_loss,45.85391445515376,0.5498177872521085,0.09033946253930081
100,3,000000000000000001cd,built_loss,44.12674823024099,0.7578743448726492,0.09721049592006059
100,3,000000000000000001e5,built_loss,18.79668373579054,0.5672466598742857,0.07618658059242367
100,3,00000000000000000209,built_loss,46.427104588298576,0.6321777220290495,0.11534592068208915
100,3,00000000000000000231,built_loss,44.575971087756734,0.5238068723074063,0.07304082723052369
100,3,0000000000000000026d,built_loss,28.43221213685023,0.6048176127888577,0.08760315251799855
100,3,00000000000000000278,built_loss,39.893043310503124,0.7639099588212731,0.08678272906724793
100,3,00000000000000000293,built_loss,28.13833639403534,0.5061133513133584,0.07742667656552743
100,3,00000000000000000316,built_loss,2.087637587823998,0.12218171583972733,0.028545221736673093
100,3,00000000000000000356,built_loss,32.18405287069646,0.5196614830929318,0.14381617127391638
100,3,00000000000000000362,built_loss,42.35277129319688,0.5654132729364515,0.08136589245577475
100,3,00000000000000000363,built_loss,24.87334372499859,0.2334820202443849,0.04663355931833499
100,3,00000000000000000364,built_loss,45.70081547399486,0.6039615134017273,0.08828004778822052
100,3,00000000000000000380,built_loss,28.94237700428035,0.523330544923335,0.08081028569584298
100,3,00000000000000000384,built_loss,18.3081658863043,0.5779473445574641,0.05558256317956489
100,3,0000000000000000039e,built_loss,8.155076147904778,0.48859250582747366,0.06919333860649374
100,3,000000000000000003a1,built_loss,16.516903502021993,0.6124427069364032,0.06941643634438965
100,3,000000000000000003a5,built_loss,21.905835952709104,0.38374038434066293,0.08699242531696727
100,3,000000000000000003b7,built_loss,16.97661770492044,0.489934518153564,0.03559081263590841
100,3,000000000000000003bf,built_loss,45.65787604766057,0.5317556336600877,0.05541448964722273
100,3,000000000000000003d2,built_loss,46.00359495098078,0.5948381503273429,0.09336684361305303
100,3,000000000000000003f8,built_loss,7.035780126999734,0.2261163627989087,0.045579373642829324
100,3,000000000000000003fa,built_loss,44.306264875360554,0.42549772376822215,0.05832404228979149
100,3,00000000000000000407,built_loss,42.30350034714741,0.5463185295389841,0.07995362744310441
100,3,0000000000000000040f,built_loss,30.160589190486263,0.5203068812409108,0.029353824579203436
100,3,00000000000000000426,built_loss,29.171209061811247,0.5606984842337007,0.07973436918000876
100,3,0000000000000000042b,built_loss,32.80963706309857,0.5764616302821625,0.07155276746854544
100,3,00000000000000000442,built_loss,4.472650821872431,0.393083867708599,0.29483919562826333
100,3,00000000000000000465,built_loss,40.78973990874689,0.6253615582577274,0.07728376438467688
100,3,0000000000000000047e,built_loss,16.877501669594746,0.5310337445662302,0.0613096779802208
100,3,00000000000000000490,built_loss,47.080985736952904,0.6498150456306826,0.0842280524796456
100,3,000000000000000004c0,built_loss,37.38276948610353,0.6515842023396261,0.05337512392135513
100,3,000000000000000004c5,built_loss,13.007052213294884,0.6053754941186473,0.07569483923874876
100,3,000000000000000004d9,built_loss,33.94691372163606,0.5595262474317811,0.0531769420376611
100,3,000000000000000004eb,built_loss,39.105573204879725,0.4344908305650431,0.04580126234647813
100,3,000000000000000004f7,built_loss,9.686856062474511,0.4714106653810838,0.0329636953842809
100,3,000000000000000004fe,built_loss,15.92132194770436,0.5098520023951202,0.04439237201388463
100,3,0000000000000000051d,built_loss,20.793106622744887,0.5462222832228689,0.1676778506453579
100,3,00000000000000000559,built_loss,33.90960814714474,0.68638168984584,0.09161075763870719
100,3,00000000000000000576,built_loss,8.325033869987596,0.28130117021354045,0.0907232687398114
100,3,00000000000000000577,built_loss,9.604541833563438,0.46464874821673224,0.1422863356312678
100,3,0000000000000000057f,built_loss,2.3137421410051817,0.3946677708286209,0.075820851481959
100,3,00000000000000000594,built_loss,18.832376246254913,0.5293920536888372,0.1891443135900963
100,3,000000000000000005ad,built_loss,34.83884916563318,0.6504377203840852,0.06660937508172327
100,3,000000000000000005bf,built_loss,29.78777895277366,0.39863876090032235,0.05787816849469868
100,3,000000000000000005cc,built_loss,9.614311777213668,0.34854893943797777,0.050159023183304396
100,3,000000000000000005de,built_loss,32.76496330919428,0.4290402080465497,0.04147508754138074
100,3,000000000000000005e7,built_loss,39.07930279428671,0.6392447871051791,0.10843293185924485
100,3,000000000000000005f9,built_loss,16.76402775292185,0.6543037621564326,0.0722607507218902
100,3,0000000000000000061c,built_loss,19.99282450476824,0.41230156873142126,0.06009708589139351
100,3,00000000000000000624,built_loss,4.433050308572274,0.5183490935971308,0.07034272285912024
100,3,00000000000000000626,built_loss,32.0400945308734,0.5106154249341781,0.04587855831265958
100,3,0000000000000000062a,built_loss,35.83831635459498,0.5653228218812657,0.09146600153735962
100,3,00000000000000000636,built_loss,21.915021084839978,0.4916861643606808,0.17026615107827237
100,3,0000000000000000064a,built_loss,3.4562330256366964,0.29086763450467085,0.05073355871888696
100,3,0000000000000000064d,built_loss,15.449785312111187,0.42029673652179717,0.07460086749194234
100,3,00000000000000000694,built_loss,27.548824025650198,0.3568401682314405,0.04253508474112849
100,3,0000000000000000069d,built_loss,36.110867415451565,0.660435821294767,0.0788632349330971
100,3,000000000000000006b7,built_loss,28.50335424787011,0.47475826998922294,0.06259249683277568
100,3,000000000000000006df,built_loss,17.03990052963575,0.23563652011649378,0.11081685871319905
100,3,000000000000000006e3,built_loss,28.10297314004754,0.42922792709526847,0.09651946888569124
100,3,00000000000000000011,crop_loss,37.68342811581352,0.7997500968465519,0.37918273543995096
100,3,0000000000000000002b,crop_loss,43.76696845720144,0.1501977201040966,0.08021912282297608
100,3,0000000000000000002d,crop_loss,46.268459520927685,0.49451213473715816,0.06207410646705169
100,3,0000000000000000003a,crop_loss,39.17488604440762,0.34361669613287504,0.07505859769711759
100,3,0000000000000000009b,crop_loss,16.012725176233054,0.49741123740796633,0.016282908357080295
100,3,0000000000000000009d,crop_loss,7.427737649232775,0.38476146326743443,0.06763938700075989
100,3,000000000000000000a8,crop_loss,34.227994410716875,0.21777246497654373,0.028157486313776542
100,3,000000000000000000da,crop_loss,28.348939719689838,0.7564249893272017,0.05495173786917529
100,3,000000000000000000e3,crop_loss,49.145286487499796,0.4675782059343708,0.11319643765102189
100,3,000000000000000000e9,crop_loss,5.69588057420755,0.43575819456082554,0.11640223391567484
100,3,0000000000000000011b,crop_loss,35.488095124726,0.466310845397974,0.050921067772383755
100,3,00000000000000000128,crop_loss,32.69729142375981,0.5324478480711671,0.028621536471090336
100,3,00000000000000000192,crop_loss,41.37104524884875,0.5549217256222578,0.037084023801833066
100,3,00000000000000000196,crop_loss,21.93624621805299,0.24817007090237167,0.04498806707551123
100,3,000000000000000001a6,crop_loss,36.695664163470546,0.26058750258502683,0.1165131862706631
100,3,000000000000000001e4,crop_loss,35.39032224347178,0.4660279653058656,0.05993488755644033
100,3,000000000000000001f9,crop_loss,43.108535179427705,0.6420505851705431,0.3738052208653878
100,3,00000000000000000228,crop_loss,24.301056687057525,0.4741983414873865,0.16417381460645325
100,3,0000000000000000028c,crop_loss,3.9836106607817268,0.2929347813349289,0.07249221619877372
100,3,0000000000000000028d,crop_loss,29.73606494920786,0.6450938006230117,0.07718080671119798
100,3,00000000000000000291,crop_loss,16.198819715452547,0.8834496695888207,0.025363344650870867
100,3,000000000000000002c5,crop_loss,29.378584328642688,0.33792524727446643,0.08564292748865115
100,3,000000000000000002dc,crop_loss,40.33174319165212,0.6568650506608273,0.06569454300819799
100,3,000000000000000002e4,crop_loss,39.63289341484968,0.3453655167525474,0.08296089693433029
100,3,000000000000000002ec,crop_loss,48.82432381915038,0.47074062979694986,0.08464049243138522
100,3,00000000000000000314,crop_loss,31.521493228853657,0.10347928484299657,0.0625690981282709
100,3,00000000000000000335,crop_loss,51.23634791618398,0.4528636116859309,0.06241083247744672
100,3,0000000000000000033a,crop_loss,31.945722039606146,0.5240408201257548,0.07993878485395273
100,3,000000000000000003b0,crop_loss,45.449300213039685,0.21184902796653787,0.08817666391940948
100,3,000000000000000003c8,crop_loss,38.464265739221275,0.19630135241745403,0.057690529882364894
100,3,000000000000000003f1,crop_loss,46.02792236989134,0.47662820506928505,0.0863943941819546
100,3,000000000000000003f2,crop_loss,37.82913102767823,0.4719624562081425,0.063471692828173
100,3,0000000000000000044b,crop_loss,13.64603795657788,0.5598987665937996,0.04060281329767712
100,3,0000000000000000046c,crop_loss,43.670724024638176,0.46246429256561766,0.16831725597439234
100,3,00000000000000000480,crop_loss,10.031735324788032,0.8778351935510563,0.0464373810430615
100,3,00000000000000000483,crop_loss,11.175487018817782,0.7340275644620162,0.08604415809083066
100,3,00000000000000000485,crop_loss,39.233519016606095,0.6963860559578073,0.04259936413343335
100,3,00000000000000000497,crop_loss,38.189188392960595,0.20886428739993218,0.07543228301986016
100,3,0000000000000000049b,crop_loss,37.26330653354572,0.34890873732095345,0.04252750282472878
100,3,000000000000000004a1,crop_loss,37.53238633266859,0.37586426951989077,0.08548053610353501
100,3,000000000000000004e7,crop_loss,25.46469598417528,0.48941085728566724,0.03525710684581279
100,3,000000000000000004e9,crop_loss,14.415855726568378,0.41687985638936564,0.18629589095141919
100,3,000000000000000004ee,crop_loss,19.831948658651143,0.38907411694586086,0.18034492331503282
100,3,000000000000000004f9,crop_loss,38.22935601618546,0.3405119309911703,0.12893438366699217
100,3,00000000000000000517,crop_loss,29.938458335130246,0.3204081026312478,0.15127805941714728
100,3,00000000000000000538,crop_loss,1.0647185937618566,0.29440839265151447,0.03448371805650169
100,3,0000000000000000057e,crop_loss,4.271623397192347,0.5283841780303365,0.036602014361418744
100,3,000000000000000005d1,crop_loss,16.557615624226557,0.16429132414478198,0.07564394944976113
100,3,00000000000000000611,crop_loss,44.01123234587582,0.6279288424143096,0.07617736764044669
100,3,0000000000000000062f,crop_loss,39.13490897125593,0.5364729390571297,0.157577906464272
100,3,00000000000000000632,crop_loss,13.822133277804856,0.08272626353952621,0.02267514632129798
100,3,0000000000000000063e,crop_loss,45.255268948371175,0.2901269804708612,0.07195108669953176
100,3,00000000000000000655,crop_loss,31.53971935788216,0.5280580203315157,0.2329950829078168
100,3,00000000000000000697,crop_loss,49.87782393246027,0.627814095475308,0.0904702439607703
100,3,00000000000000000698,crop_loss,17.97232714284065,0.4225907027390134,0.05750959646531845
100,3,000000000000000006a8,crop_loss,43.37643234422505,0.29776730495124437,0.08688968181785622
100,3,000000000000000006b4,crop_loss,43.39456690594238,0.5001840482113826,0.11638827332814294
100,3,000000000000000006be,crop_loss,14.653306240921857,0.3786166769271948,0.07300920042213249
100,3,000000000000000006c0,crop_loss,2.9740519107567462,0.18697225960229807,0.05150534460549577
100,3,000000000000000006ce,crop_loss,20.742708502603406,0.5523860833104663,0.14653326209118028
100,3,000000000000000006d9,crop_loss,32.90835147586713,0.2207807059058915,0.0737840550050207
100,3,000000000000000006e5,crop_loss,43.717403633508496,0.5363813336518022,0.09623636897359189
100,3,00000000000000000151,built_loss,8.943242369252337,0.2982726721463843,0.056562799668648966
100,3,000000000000000001be,built_loss,6.003896999399586,0.49963655385891526,0.09048784288164458
100,3,0000000000000000034d,built_loss,5.7968672102797045,0.4144250201444207,0.05996360065428902
100,3,000000000000000003c7,crop_loss,23.39504534368889,0.7434209380412784,0.093428222276287
100,3,0000000000000000004a,built_loss,12.294147763391605,0.43284993756192625,0.039425379645728065
100,3,00000000000000000206,built_loss,41.39394550617557,0.7190297495292575,0.09168949330224851
100,3,000000000000000002a4,built_loss,11.224337788271542,0.39944026772266716,0.05369709918760285
100,3,000000000000000004f5,built_loss,8.38146684990748,0.49836882648341313,0.08267002670876422
100,3,000000000000000002cc,crop_loss,19.6283381827376,0.38932488137600524,0.2212153859616366
100,3,000000000000000006cc,crop_loss,24.904863694335297,0.3382324911327294,0.04741997766812306
100,3,0000000000000000016c,crop_loss,40.452300565695914,0.4703791500730034,0.0811429792614416
100,4,00000000000000000085,built_loss,16.394004426569865,0.3833849619451829,0.10477785059469163
100,4,00000000000000000114,built_loss,25.35609044319912,0.6946677540211383,0.056560797700002885
100,4,0000000000000000024c,built_loss,19.935911022399385,0.7214791906451892,0.047684714080324375
100,4,00000000000000000375,built_loss,35.6365243573903,0.6571452978296918,0.09006912236728215
100,4,000000000000000004d2,built_loss,26.982584575366158,0.6122180537383195,0.0910403749397396
100,4,000000000000000005bd,built_loss,4.470793217878068,0.597151104418597,0.08866908401816276
100,4,00000000000000000281,crop_loss,42.543581242725296,0.5166189448709899,0.049637352541410884
100,4,000000000000000003a2,crop_loss,28.41317153656929,0.34239203963936193,0.1041342007593885
100,4,00000000000000000001,built_loss,26.193403356967686,0.4613041340953505,0.06100549187398169
100,4,00000000000000000049,built_loss,4.649914637410338,0.49178553525173196,0.05152652227069171
100,4,0000000000000000004f,built_loss,34.1267717522201,0.413381150427234,0.09817997686995467
100,4,0000000000000000005a,built_loss,31.029180255651173,0.43610457705758954,0.04549559279097082
100,4,00000000000000000079,built_loss,50.506351300462576,0.6373570516051392,0.08335492435068781
100,4,00000000000000000087,built_loss,42.679658967151774,0.570624420029731,0.1643909573837956
100,4,000000000000000000a1,built_loss,8.447376948833897,0.4521544091957356,0.05641333916800384
100,4,000000000000000000b8,built_loss,10.642255609465401,0.5812582568552961,0.1260371497163537
100,4,000000000000000000c0,built_loss,35.532407094117204,0.6206980166387275,0.0679020241485443
100,4,000000000000000000e2,built_loss,17.90874131379118,0.38083191548771134,0.1006954342881683
100,4,000000000000000000f0,built_loss,29.61572478468561,0.6809044848212404,0.0918013023977019
100,4,000000000000000000f8,built_loss,45.52713698421294,0.5013215919070761,0.08251468074404539
100,4,0000000000000000011c,built_loss,8.092713184855237,0.7149000758869487,0.05676262576043034
100,4,00000000000000000161,built_loss,37.30191950313453,0.638959862241766,0.06313769712004391
100,4,0000000000000000016a,built_loss,7.624390782681665,0.24426838682568291,0.06075259818021439
100,4,00000000000000000176,built_loss,25.248821401023825,0.6562630490553739,0.06568532564926288
100,4,000000000000000001a8,built_loss,47.9045719681317,0.5330392146322406,0.08366552009518508
100,4,000000000000000001cd,built_loss,43.807849059106026,0.7767250033409323,0.07746015412101515
100,4,000000000000000001e5,built_loss,17.259984314419487,0.5930002892724436,0.08686716313920195
100,4,00000000000000000209,built_loss,45.8004847721896,0.6401358766274013,0.08619940017180228
100,4,00000000000000000231,built_loss,42.80087008481564,0.5698024287073168,0.0681111839537264
100,4,0000000000000000026d,built_loss,28.229822543417033,0.5981578893563942,0.08618225528330736
100,4,00000000000000000278,built_loss,34.83885200535992,0.7461136326774872,0.09836285739832162
100,4,00000000000000000293,built_loss,25.165935480891665,0.4887843490923911,0.07285000970494615
100,4,00000000000000000316,built_loss,2.1261685111460973,0.12231471177230901,0.032796617441197204
100,4,00000000000000000356,built_loss,37.04591037313096,0.5859289828965369,0.11446494106466498
100,4,00000000000000000362,built_loss,43.56625628331116,0.5465922328386086,0.08286108636481149
100,4,00000000000000000363,built_loss,27.450956771774145,0.2534722186127412,0.056800904787859846
100,4,00000000000000000364,built_loss,45.06785844696635,0.6126601148711748,0.0783017745524962
100,4,00000000000000000380,built_loss,26.384905814564636,0.5053681352627003,0.059236036497340605
100,4,00000000000000000384,built_loss,17.93174794329717,0.6071086353552831,0.04981554285712397
100,4,0000000000000000039e,built_loss,10.284781406663274,0.49138282353765045,0.06802278531053707
100,4,000000000000000003a1,built_loss,19.73684190901148,0.603121493752408,0.08690359526026492
100,4,000000000000000003a5,built_loss,23.373254124790467,0.39026751909729135,0.11979820718234091
100,4,000000000000000003b7,built_loss,15.356680477664288,0.4832767518606017,0.036134372506101464
100,4,000000000000000003bf,built_loss,42.157035700202,0.5433746983775255,0.0639273348005952
100,4,000000000000000003d2,built_loss,43.67998436424169,0.574209995892611,0.10091149430069357
100,4,000000000000000003f8,built_loss,6.995387074403836,0.22627032007805872,0.03502122189486084
100,4,000000000000000003fa,built_loss,43.9258705224069,0.42551623981626296,0.06242555440279657
100,4,00000000000000000407,built_loss,41.42271642655187,0.5729428318503463,0.13122443634181924
100,4,0000000000000000040f,built_loss,28.110265093792954,0.5171819078976891,0.02152086003399345
100,4,00000000000000000426,built_loss,30.244341608836923,0.5549710193693618,0.06012985259224235
100,4,0000000000000000042b,built_loss,34.53796769757809,0.5750641698818711,0.07877432899718739
100,4,00000000000000000442,built_loss,3.9180976806158094,0.4398228379139937,0.27462414746023484
100,4,00000000000000000465,built_loss,39.822285662382825,0.6183085451954138,0.07366905268617308
100,4,0000000000000000047e,built_loss,14.681057868232847,0.5547595427306226,0.073741974448151
100,4,00000000000000000490,built_loss,43.344022636626946,0.6585530480659616,0.08403103195158901
100,4,000000000000000004c0,built_loss,35.87771327791644,0.6511813866130778,0.05193534511807407
100,4,000000000000000004c5,built_loss,12.691980574901892,0.58387181141451,0.08042944738954161
100,4,000000000000000004d9,built_loss,37.19588355130183,0.5576318335347858,0.05513822057315154
100,4,000000000000000004eb,built_loss,47.44974039354222,0.45351431548295995,0.029162580294834206
100,4,000000000000000004f7,built_loss,8.1596641860539,0.4730305460460835,0.04456290591611578
100,4,000000000000000004fe,built_loss,14.633801161088883,0.49973903503024814,0.05128063234899827
100,4,0000000000000000051d,built_loss,24.809239261782167,0.4824617280274771,0.20508618237370518
100,4,00000000000000000559,built_loss,36.23252901136206,0.6913519621890636,0.08437806625636501
100,4,00000000000000000576,built_loss,8.314224235085646,0.27978685873273806,0.06552671698952292
100,4,00000000000000000577,built_loss,9.912593890683933,0.4663151151451427,0.1265595545946941
100,4,0000000000000000057f,built_loss,2.333661650506744,0.38653112744258683,0.07932024819814781
100,4,00000000000000000594,built_loss,23.41021041583714,0.5441864036113893,0.17986002566246323
100,4,000000000000000005ad,built_loss,37.06326489620315,0.6600050670252444,0.07089880596380516
100,4,000000000000000005bf,built_loss,29.22182762750194,0.38415989133961875,0.07087976403313279
100,4,000000000000000005cc,built_loss,11.893104545357403,0.3341238326204691,0.05135495864950029
100,4,000000000000000005de,built_loss,30.25638849972258,0.43079264088127106,0.038227166318969275
100,4,000000000000000005e7,built_loss,37.81765358699382,0.665248894523594,0.07510081688017856
100,4,000000000000000005f9,built_loss,16.498084322399063,0.6446785028051724,0.10270758379246869
100,4,0000000000000000061c,built_loss,19.799962973574686,0.40344176210317884,0.047199992037464
100,4,00000000000000000624,built_loss,5.056346763137308,0.4822006910294117,0.08981477158754164
100,4,00000000000000000626,built_loss,31.14492487624603,0.49864942737861667,0.043797923866862376
100,4,0000000000000000062a,built_loss,37.56061891469365,0.5716105156160489,0.08275986258918622
100,4,00000000000000000636,built_loss,21.305143140925317,0.45246554800137906,0.16541064483490697
100,4,0000000000000000064a,built_loss,3.409889032541974,0.27779209965899426,0.04548172639856418
100,4,0000000000000000064d,built_loss,13.110642516465026,0.41707711643187123,0.07382200237114339
100,4,00000000000000000694,built_loss,26.51233343328794,0.3672900564636009,0.040827494680376664
100,4,0000000000000000069d,built_loss,38.674696364752485,0.6767664880401442,0.07101895751589571
100,4,000000000000000006b7,built_loss,28.95631228282605,0.47123480268281387,0.056591792642578354
100,4,000000000000000006df,built_loss,16.52129570676804,0.22231855987745813,0.10177582599539925
100,4,000000000000000006e3,built_loss,30.362552966548574,0.3941580181170782,0.08781465827428953
100,4,00000000000000000011,crop_loss,45.93521865067752,0.7970857413341021,0.3328137243432846
100,4,0000000000000000002b,crop_loss,39.293010794157915,0.18073675245911205,0.10978037416751046
100,4,0000000000000000002d,crop_loss,46.585512313643946,0.48860404288083475,0.07030055707038296
100,4,0000000000000000003a,crop_loss,39.25217564184643,0.26621465192881094,0.07388650900372412
100,4,0000000000000000009b,crop_loss,16.713367147636717,0.49881290826058844,0.017665582452150053
100,4,0000000000000000009d,crop_loss,7.334012929555433,0.36939960510037473,0.08642857931625142
100,4,000000000000000000a8,crop_loss,30.747602101727253,0.20382096078941447,0.031081407321911503
100,4,000000000000000000da,crop_loss,24.76428668142535,0.7499756363529427,0.05184540523491621
100,4,000000000000000000e3,crop_loss,49.53751004674513,0.49436400318399265,0.08906181530282403
100,4,000000000000000000e9,crop_loss,5.48357390743302,0.414307407205592,0.13467196757899713
100,4,0000000000000000011b,crop_loss,27.87692631996946,0.4807774459823351,0.04094699719465289
100,4,00000000000000000128,crop_loss,31.706236787218703,0.5429493999384012,0.027411005514439313
100,4,00000000000000000192,crop_loss,39.25112814547058,0.5553565941192813,0.031912963091728086
100,4,00000000000000000196,crop_loss,21.325276520383788,0.22947721593018724,0.040857626403951075
100,4,000000000000000001a6,crop_loss,36.551731848530544,0.2857367083882524,0.09995027992642258
100,4,000000000000000001e4,crop_loss,39.48502402366995,0.5114220064782383,0.05675618067266608
100,4,000000000000000001f9,crop_loss,42.74580290687664,0.5162872552823993,0.25746864564821337
100,4,00000000000000000228,crop_loss,24.927231754179374,0.49361519941776716,0.17984614918039976
100,4,0000000000000000028c,crop_loss,4.3328087112116815,0.32726932898464384,0.07174299632922704
100,4,0000000000000000028d,crop_loss,26.22115022205608,0.6559076532759908,0.09629024944504616
100,4,00000000000000000291,crop_loss,15.12199441239136,0.875256417167832,0.02747591724354337
100,4,000000000000000002c5,crop_loss,26.45648093002725,0.3153607885730527,0.10068826527629804
100,4,000000000000000002dc,crop_loss,45.56158823781014,0.6556239696843302,0.0895530424543114
100,4,000000000000000002e4,crop_loss,34.50872121818466,0.2966188067933087,0.10320585947694863
100,4,000000000000000002ec,crop_loss,36.69784006269693,0.5055406861103099,0.09140007440654091
100,4,00000000000000000314,crop_loss,28.477292835108944,0.09815474451550166,0.046391304698162966
100,4,00000000000000000335,crop_loss,44.854390092957786,0.4455029877477841,0.08121434784208476
100,4,0000000000000000033a,crop_loss,28.94936173675556,0.5218512958624193,0.08505585360835782
100,4,000000000000000003b0,crop_loss,47.843525729715395,0.21707570125515147,0.07177422293023525
100,4,000000000000000003c8,crop_loss,38.63192608471937,0.18552119432936556,0.05682605829699708
100,4,000000000000000003f1,crop_loss,46.61005795167531,0.46422877269078366,0.06275190292097499
100,4,000000000000000003f2,crop_loss,35.89114931236487,0.47546977736198237,0.06299394100575123
100,4,0000000000000000044b,crop_loss,14.19145988871549,0.556152793518745,0.047616449028192065
100,4,0000000000000000046c,crop_loss,41.114716073078625,0.4868534943625998,0.14001338402586877
100,4,00000000000000000480,crop_loss,11.467195590711649,0.8598057113849594,0.08637896951066293
100,4,00000000000000000483,crop_loss,12.075273176998436,0.7280197496913161,0.08240834406065112
100,4,00000000000000000485,crop_loss,39.34588895283036,0.7051551876760329,0.050241195983461995
100,4,00000000000000000497,crop_loss,34.156103599503204,0.24424001918788293,0.06954601548135442
100,4,0000000000000000049b,crop_loss,36.99650041386015,0.3603982625796197,0.04700000936322746
100,4,000000000000000004a1,crop_loss,34.03288330056534,0.37083408354332187,0.08544729989885858
100,4,000000000000000004e7,crop_loss,27.297579753570595,0.4806665713904954,0.03668124983868609
100,4,000000000000000004e9,crop_loss,14.518661807863927,0.43781952845051436,0.19415100014227027
100,4,000000000000000004ee,crop_loss,21.76143315194004,0.39968140382141504,0.14350684242507628
100,4,000000000000000004f9,crop_loss,42.56771081421736,0.444813869652304,0.15635283240393294
100,4,00000000000000000517,crop_loss,28.42269724388647,0.31418007927988245,0.1994256775072061
100,4,00000000000000000538,crop_loss,1.0673984083867931,0.2996227933294562,0.053214325321964795
100,4,0000000000000000057e,crop_loss,4.930322454555254,0.5521776663093729,0.032597788068420064
100,4,000000000000000005d1,crop_loss,15.450689386633329,0.15913159369508506,0.12203178917537003
100,4,00000000000000000611,crop_loss,46.11581176535353,0.6280850388846536,0.06655894873640655
100,4,0000000000000000062f,crop_loss,42.92686680659435,0.5280151030288858,0.12958051194400705
100,4,00000000000000000632,crop_loss,13.0577566636616,0.07712743215223601,0.01852158238141105
100,4,0000000000000000063e,crop_loss,41.98393350679965,0.31373816568635543,0.07323090617824451
100,4,00000000000000000655,crop_loss,31.38534384078885,0.5115721538868729,0.2048045570701822
100,4,00000000000000000697,crop_loss,54.354870403493514,0.6093266671156098,0.06918306737903612
100,4,00000000000000000698,crop_loss,19.527032240933067,0.41591796599275016,0.049287489181737476
100,4,000000000000000006a8,crop_loss,46.14015877964883,0.3005366012381998,0.09999989970109846
100,4,000000000000000006b4,crop_loss,47.86646789538915,0.5184293031067628,0.12969555914961195
100,4,000000000000000006be,crop_loss,14.902851534756953,0.3961094184050735,0.08345895733021497
100,4,000000000000000006c0,crop_loss,2.937893151545808,0.17953299432405578,0.05358061335837766
100,4,000000000000000006ce,crop_loss,20.04398467979972,0.5502768892675715,0.16525279502060247
100,4,000000000000000006d9,crop_loss,35.48524557664285,0.20563795782342087,0.05830124442710899
100,4,000000000000000006e5,crop_loss,46.2758002100655,0.5104898347017824,0.07627415434856916
100,4,00000000000000000151,built_loss,9.267688048845377,0.2643290065541598,0.04567572698927316
100,4,000000000000000001be,built_loss,6.215901764801733,0.5225291629139083,0.07943866126622257
100,4,0000000000000000034d,built_loss,5.698379932827201,0.3992346127783225,0.04549086618894843
100,4,000000000000000003c7,crop_loss,30.406342132749717,0.715140464086189,0.0866959785123036
100,4,0000000000000000004a,built_loss,11.420909036347968,0.44164556926873316,0.03888036483984286
100,4,00000000000000000206,built_loss,42.17245585858866,0.7204438687512892,0.11074264972218661
100,4,000000000000000002a4,built_loss,9.600386375421666,0.4214198298997864,0.052618589748528954
100,4,000000000000000004f5,built_loss,8.592608497800386,0.48624307798615746,0.08299241451628542
100,4,000000000000000002cc,crop_loss,17.764327722218262,0.46848496996354533,0.2043841816276306
100,4,000000000000000006cc,crop_loss,23.89166080459925,0.3712387799267434,0.055869834027179544
100,4,0000000000000000016c,crop_loss,40.905759048948,0.4568591704471745,0.08163355184921434
100,5,00000000000000000085,built_loss,15.818859668618149,0.32630018790499715,0.08206628064573457
100,5,00000000000000000114,built_loss,23.116546241795643,0.7173870744493367,0.06806119782036057
100,5,0000000000000000024c,built_loss,21.979749286311257,0.744801266401521,0.061938994220004484
100,5,00000000000000000375,built_loss,29.7055415963261,0.658872574756231,0.09762112434338777
100,5,000000000000000004d2,built_loss,29.009920903374965,0.6257179942561034,0.0820383895517458
100,5,000000000000000005bd,built_loss,4.768947485369471,0.567964068132859,0.0967023679785548
100,5,00000000000000000281,crop_loss,40.00351913074904,0.5234105832368705,0.053469224881604105
100,5,000000000000000003a2,crop_loss,30.176432529686608,0.35546159728941384,0.11157043055124055
100,5,00000000000000000001,built_loss,25.33561189027881,0.4705890996172023,0.07245656700231029
100,5,00000000000000000049,built_loss,5.100025362307208,0.4922607293982396,0.03136216770068395
100,5,0000000000000000004f,built_loss,35.28172472946694,0.4770103630386104,0.1235514839489294
100,5,0000000000000000005a,built_loss,30.28863998977519,0.43885347623413146,0.04429251348010049
100,5,00000000000000000079,built_loss,53.81948402530251,0.6461701596875681,0.0839116984692756
100,5,00000000000000000087,built_loss,45.693051038707736,0.6377049957140235,0.11969814196076978
100,5,000000000000000000a1,built_loss,9.189042114005055,0.4261784667456211,0.0710537664830948
100,5,000000000000000000b8,built_loss,10.261119250025706,0.5572909670308032,0.1253204972852206
100,5,000000000000000000c0,built_loss,31.646828966768517,0.6099353564616249,0.06844863311514937
100,5,000000000000000000e2,built_loss,19.86345448639983,0.3848704011388867,0.09176661890779325
100,5,000000000000000000f0,built_loss,30.47644455528699,0.6723584805452638,0.1153953083816821
100,5,000000000000000000f8,built_loss,41.85694903892932,0.5287651110925534,0.0770332496137765
100,5,0000000000000000011c,built_loss,7.506558295534975,0.7189667941380372,0.04753872170672957
100,5,00000000000000000161,built_loss,37.17012988619953,0.6617783626255161,0.06415291053562644
100,5,0000000000000000016a,built_loss,8.426506542405592,0.2614559168780483,0.06966315943270115
100,5,00000000000000000176,built_loss,23.880470625434214,0.6589389136894254,0.050806093008544106
100,5,000000000000000001a8,built_loss,50.33508384315458,0.5531902963247914,0.0693350869741357
100,5,000000000000000001cd,built_loss,43.55431683627907,0.7587901543617342,0.08939413529358176
100,5,000000000000000001e5,built_loss,18.692056963380168,0.5459061881768392,0.0853848020673873
100,5,00000000000000000209,built_loss,48.74161954080599,0.6464306316487872,0.09687971496585823
100,5,00000000000000000231,built_loss,43.289905201520845,0.5506130421026776,0.06772216361085703
100,5,0000000000000000026d,built_loss,28.74103185964638,0.5958309712523653,0.08473047217457974
100,5,00000000000000000278,built_loss,39.818372472585686,0.7730342826757586,0.08029140636501475
100,5,00000000000000000293,built_loss,33.99530705513588,0.4742112963421927,0.0761572252337801
100,5,00000000000000000316,built_loss,2.0779792505616226,0.12680837068695122,0.017980878920331428
100,5,00000000000000000356,built_loss,36.205136504377464,0.5273911962090566,0.14183462736489083
100,5,00000000000000000362,built_loss,42.421316088641746,0.570731656982626,0.07355954141259291
100,5,00000000000000000363,built_loss,24.305914239387388,0.24114963558241065,0.05830263916111375
100,5,00000000000000000364,built_loss,47.32036576389826,0.6046287246013112,0.10050138855939295
100,5,00000000000000000380,built_loss,29.842362574201854,0.4955812471286197,0.06500504919807853
100,5,00000000000000000384,built_loss,18.083329194330524,0.5817295796715332,0.0521238691275443
100,5,0000000000000000039e,built_loss,8.640371815412495,0.5097583370112494,0.05078241766686453
100,5,000000000000000003a1,built_loss,19.1303132887691,0.6153572646044903,0.08192123344622049
100,5,000000000000000003a5,built_loss,22.605930852060954,0.369114635030494,0.07854634505490032
100,5,000000000000000003b7,built_loss,16.31162783208715,0.4935582957464206,0.02836365598543711
100,5,000000000000000003bf,built_loss,38.53981130531248,0.5270853446193415,0.05498792509808198
100,5,000000000000000003d2,built_loss,42.3919668481655,0.5642761567175923,0.09713566283235242
100,5,000000000000000003f8,built_loss,6.8960678423261745,0.2250909858263988,0.038576597823193004
100,5,000000000000000003fa,built_loss,45.34838007505218,0.39943449635363715,0.057005166179297184
100,5,00000000000000000407,built_loss,39.214787213836615,0.546205390647963,0.10040398552791063
100,5,0000000000000000040f,built_loss,28.8119340242285,0.5181857753930856,0.024601057677443028
100,5,00000000000000000426,built_loss,31.42101709571728,0.5733339133827454,0.056498641539838634
100,5,0000000000000000042b,built_loss,35.012250795501636,0.5575618564400124,0.056521116352971856
100,5,00000000000000000442,built_loss,3.9857096277291033,0.39165660562199195,0.2843882677583551
100,5,00000000000000000465,built_loss,35.77068569043681,0.6168532370817936,0.08049570411682094
100,5,0000000000000000047e,built_loss,19.11056328916698,0.5146624146164721,0.052109575120053875
100,5,00000000000000000490,built_loss,46.23986753676082,0.6370574095440733,0.09100665968749011
100,5,000000000000000004c0,built_loss,34.60088413828318,0.6365781630808969,0.06201892482318394
100,5,000000000000000004c5,built_loss,13.444630171478243,0.581184057232795,0.09258528877824734
100,5,000000000000000004d9,built_loss,38.874868813260775,0.5547577840101686,0.04856472693327185
100,5,000000000000000004eb,built_loss,44.105684789582156,0.44370918546268884,0.04256774741235403
100,5,000000000000000004f7,built_loss,7.894856310492258,0.4697188690689953,0.042122332983587696
100,5,000000000000000004fe,built_loss,16.824265106734106,0.49369945319711556,0.04070034705988912
100,5,0000000000000000051d,built_loss,26.496474581023328,0.5200758643818711,0.14408745897485736
100,5,00000000000000000559,built_loss,35.848539766173644,0.6835663647698815,0.08407927090355494
100,5,00000000000000000576,built_loss,8.103282898535417,0.27434019514838687,0.075891910115886
100,5,00000000000000000577,built_loss,10.287793506293118,0.45844273126332236,0.11120149957590497
100,5,0000000000000000057f,built_loss,2.3770309673304855,0.38940752176797655,0.0676106071338633
100,5,00000000000000000594,built_loss,18.060009246590862,0.5073334073996743,0.16460253733653968
100,5,000000000000000005ad,built_loss,37.80536735422409,0.6780144747942227,0.07050877020059221
100,5,000000000000000005bf,built_loss,29.434212541113844,0.3945280091769318,0.05790973386258047
100,5,000000000000000005cc,built_loss,11.144921822809925,0.35359502779886104,0.03666572895375014
100,5,000000000000000005de,built_loss,33.24290163812699,0.4360904699766053,0.03569409048247674
100,5,000000000000000005e7,built_loss,40.794311200434294,0.6546260562246347,0.09612580265914361
100,5,000000000000000005f9,built_loss,14.63112798812677,0.667702229530693,0.08143565756904425
100,5,0000000000000000061c,built_loss,18.843343029374182,0.4213780258819849,0.08083876145072405
100,5,00000000000000000624,built_loss,4.804896799887684,0.5097656874611168,0.09520319303953845
100,5,00000000000000000626,built_loss,33.45859633495127,0.48757461310401046,0.06514733102166181
100,5,0000000000000000062a,built_loss,32.27496599203176,0.5648567381085015,0.05271319192298596
100,5,00000000000000000636,built_loss,21.1343859732654,0.4389889127275696,0.21612968340954936
100,5,0000000000000000064a,built_loss,3.1824356753164813,0.2803084899167754,0.04767800454623
100,5,0000000000000000064d,built_loss,17.103672422666104,0.40676980535439317,0.07272667721357112
100,5,00000000000000000694,built_loss,27.3499775416964,0.3816188877316154,0.04107003369597628
100,5,0000000000000000069d,built_loss,43.70250490213867,0.6353256050739389,0.07436304158095752
100,5,000000000000000006b7,built_loss,28.16699209530492,0.4539323465793438,0.060977863936931886
100,5,000000000000000006df,built_loss,17.045609057660645,0.2322474185472597,0.11596388853027059
100,5,000000000000000006e3,built_loss,30.04855258930527,0.438779895290744,0.09404881834807982
100,5,00000000000000000011,crop_loss,40.860010580581694,0.7311524658401964,0.325739614731653
100,5,0000000000000000002b,crop_loss,41.92054108801171,0.17393370830709104,0.11199665576227996
100,5,0000000000000000002d,crop_loss,49.843652599560144,0.4721554997635608,0.06889149492876351
100,5,0000000000000000003a,crop_loss,45.618650196739694,0.32033227612625015,0.09100918249883705
100,5,0000000000000000009b,crop_loss,16.044156920596617,0.49671849269923835,0.015407814120531715
100,5,0000000000000000009d,crop_loss,6.427077364195081,0.393856744090564,0.06787447144521092
100,5,000000000000000000a8,crop_loss,30.07055645170355,0.20535491547584353,0.03015587339910225
100,5,000000000000000000da,crop_loss,25.495052023391928,0.7615865842576967,0.046152278160704
100,5,000000000000000000e3,crop_loss,47.404223748592706,0.49199631448730924,0.08724699139078562
100,5,000000000000000000e9,crop_loss,4.68765145264996,0.4235720643534894,0.12093136148429512
100,5,0000000000000000011b,crop_loss,27.753377883690828,0.48238152012450086,0.03882351917372523
100,5,00000000000000000128,crop_loss,32.351452237051255,0.5490709426105281,0.03522091242955583
100,5,00000000000000000192,crop_loss,40.498066241242334,0.5664145485766764,0.04219372913466979
100,5,00000000000000000196,crop_loss,21.251824147887493,0.24276981557144786,0.05000486613097624
100,5,000000000000000001a6,crop_loss,35.87146157780997,0.3239818481538477,0.1007725471072547
100,5,000000000000000001e4,crop_loss,36.97762286267927,0.485343870409823,0.054466854270745046
100,5,000000000000000001f9,crop_loss,40.08280520216379,0.45609343045104744,0.28277258715785797
100,5,00000000000000000228,crop_loss,26.830752186474857,0.4831607891702523,0.13782389228050046
100,5,0000000000000000028c,crop_loss,4.025795003352542,0.32194360427126206,0.056449887987215897
100,5,0000000000000000028d,crop_loss,25.020169451214308,0.6755476856742658,0.08804468998781667
100,5,00000000000000000291,crop_loss,16.16061447465988,0.8771017128159617,0.025722019018015074
100,5,000000000000000002c5,crop_loss,28.246927664641447,0.29346902409754105,0.08192685471830063
100,5,000000000000000002dc,crop_loss,47.096639239272676,0.6619869799688389,0.08938796552843309
100,5,000000000000000002e4,crop_loss,42.25224835972503,0.3361136538281898,0.10090840380263383
100,5,000000000000000002ec,crop_loss,45.9398965497127,0.4887245151058157,0.09550141812272989
100,5,00000000000000000314,crop_loss,31.25025375162521,0.06872612948532712,0.06402543971906993
100,5,00000000000000000335,crop_loss,48.242246377241756,0.4463560542340007,0.05250013272989623
100,5,0000000000000000033a,crop_loss,31.17429264267515,0.5100416527966927,0.07958073749815558
100,5,000000000000000003b0,crop_loss,44.249041690802834,0.20322631457873125,0.08881644022411059
100,5,000000000000000003c8,crop_loss,36.85928436765817,0.1878954492291749,0.056572138144825285
100,5,000000000000000003f1,crop_loss,44.652097389235955,0.46065583739570065,0.0736061097922468
100,5,000000000000000003f2,crop_loss,35.03020283617695,0.47330953889033395,0.0628610511876953
100,5,0000000000000000044b,crop_loss,13.523266939097992,0.577312888395901,0.04569093447481376
100,5,0000000000000000046c,crop_loss,42.480900168103766,0.49323483935630763,0.12385109928443333
100,5,00000000000000000480,crop_loss,11.603810437440217,0.8385057984205029,0.05843726161392915
100,5,00000000000000000483,crop_loss,11.446789564794788,0.7268374676678615,0.09223032773453965
100,5,00000000000000000485,crop_loss,43.12621002300036,0.6919705772303748,0.03973048032861792
100,5,00000000000000000497,crop_loss,37.93786836707107,0.20688696330224338,0.0791887418939752
100,5,0000000000000000049b,crop_loss,38.19492315589884,0.3457934474223521,0.04618650088522419
100,5,000000000000000004a1,crop_loss,39.08750026871278,0.334387533510288,0.06193929931879466
100,5,000000000000000004e7,crop_loss,25.345217697770533,0.48669890846497915,0.03628309032212468
100,5,000000000000000004e9,crop_loss,15.191369790667826,0.4015604945570199,0.13501798618660438
100,5,000000000000000004ee,crop_loss,20.655992396601174,0.37227271723595934,0.15505501063932714
100,5,000000000000000004f9,crop_loss,40.6417110912072,0.40521399783654977,0.18498642442879104
100,5,00000000000000000517,crop_loss,28.860566274335323,0.2937737073751919,0.1881957298812437
100,5,00000000000000000538,crop_loss,1.0755475395312615,0.29454365729847315,0.06148397743821188
100,5,0000000000000000057e,crop_loss,3.8048283380846932,0.5345847578456284,0.04714106415851471
100,5,000000000000000005d1,crop_loss,17.733940902903647,0.18263435127151098,0.10938790681942817
100,5,00000000000000000611,crop_loss,43.43670896158529,0.6433011130712116,0.07305842819698649
100,5,0000000000000000062f,crop_loss,41.20186034459239,0.552078520128197,0.1612209950731867
100,5,00000000000000000632,crop_loss,15.119016610200822,0.08360124461890625,0.02173376552417644
100,5,0000000000000000063e,crop_loss,40.40256390327385,0.2935122386099531,0.0539919191890289
100,5,00000000000000000655,crop_loss,31.126782641532362,0.5759433869151522,0.2525863383434301
100,5,00000000000000000697,crop_loss,47.61012000126183,0.639278288964341,0.0743686801698552
100,5,00000000000000000698,crop_loss,19.789353072475716,0.4146683429281289,0.07374345759088552
100,5,000000000000000006a8,crop_loss,48.172301884543,0.32271565154145676,0.08833766999059578
100,5,000000000000000006b4,crop_loss,46.112099505833676,0.5403314896372505,0.10723849540198482
100,5,000000000000000006be,crop_loss,15.496022689003084,0.371436540267073,0.08179318375233507
100,5,000000000000000006c0,crop_loss,2.6318821242052204,0.18020020962650965,0.0547941801111084
100,5,000000000000000006ce,crop_loss,20.89652677702584,0.5331094924435418,0.17185365725164703
100,5,000000000000000006d9,crop_loss,36.72625532786454,0.19640944344370562,0.06215757934675156
100,5,000000000000000006e5,crop_loss,43.12246308690173,0.5139631595941468,0.10011594515300415
100,5,00000000000000000151,built_loss,9.238799194564072,0.27015298189514303,0.050669052396796754
100,5,000000000000000001be,built_loss,6.663329131249199,0.5300696831640072,0.08305606844681013
100,5,0000000000000000034d,built_loss,6.228551395863449,0.41385472210468854,0.039579499942650476
100,5,000000000000000003c7,crop_loss,26.767983214272427,0.6970984185565982,0.07043180059979304
100,5,0000000000000000004a,built_loss,10.618361139537361,0.4392191663181157,0.03967690963819981
100,5,00000000000000000206,built_loss,39.732004620288386,0.6929945249922053,0.11999620691951407
100,5,000000000000000002a4,built_loss,11.011888239220454,0.42210226067293444,0.06971517622480383
100,5,000000000000000004f5,built_loss,8.607828474591889,0.47016884428756,0.09901822973368213
100,5,000000000000000002cc,crop_loss,18.923072152583263,0.37813647246785737,0.23826915126098985
100,5,000000000000000006cc,crop_loss,20.62875607823312,0.358351728349949,0.06671666751739891
100,5,0000000000000000016c,crop_loss,42.89995006248826,0.454453439329392,0.08950755330156634
100,6,00000000000000000085,built_loss,14.77567687195323,0.3862457677926143,0.10604464912011347
100,6,00000000000000000114,built_loss,28.719050676153596,0.6991939862517127,0.07558065923782953
100,6,0000000000000000024c,built_loss,24.151714496166335,0.7161256875383538,0.05008055710297221
100,6,00000000000000000375,built_loss,33.9634649616653,0.64876555513591,0.07698832873893258
100,6,000000000000000004d2,built_loss,27.399411157543557,0.6392470617038938,0.0805730331231016
100,6,000000000000000005bd,built_loss,4.808629559918835,0.5657772591468841,0.06372613291467244
100,6,00000000000000000281,crop_loss,45.00022880384607,0.521248391626082,0.06105192500279616
100,6,000000000000000003a2,crop_loss,25.84121936253658,0.34016560614238206,0.13694238749306026
100,6,00000000000000000001,built_loss,24.877124643886855,0.447961040052679,0.06309098869298657
100,6,00000000000000000049,built_loss,4.259431248125963,0.49649466898841926,0.033513240701572855
100,6,0000000000000000004f,built_loss,36.694785618916015,0.44383776754040766,0.08749703553738802
100,6,0000000000000000005a,built_loss,32.61909131624522,0.4450431292870519,0.040149391401729295
100,6,00000000000000000079,built_loss,52.98745654731658,0.6162986154499577,0.09906226418328967
100,6,00000000000000000087,built_loss,43.68261718900971,0.5962888091548125,0.12108817364821933
100,6,000000000000000000a1,built_loss,8.567853488967122,0.44764714169939346,0.0769637386547739
100,6,000000000000000000b8,built_loss,10.19135451681291,0.5464466093325894,0.14134559174330025
100,6,000000000000000000c0,built_loss,34.14383231955754,0.6460087246413413,0.05134980052960081
100,6,000000000000000000e2,built_loss,20.749168629121538,0.39144989402239266,0.10357731302106193
100,6,000000000000000000f0,built_loss,29.33992675375123,0.6707337921305159,0.08663488875729719
100,6,000000000000000000f8,built_loss,43.46231088517146,0.567118423274618,0.09902882217602771
100,6,0000000000000000011c,built_loss,7.3277886035240245,0.7147266686783176,0.047650422251992675
100,6,00000000000000000161,built_loss,35.82493189388387,0.6577847865019444,0.08289496607284652
100,6,0000000000000000016a,built_loss,8.870372825388747,0.23528594104956876,0.06758780448040091
100,6,00000000000000000176,built_loss,27.976527577958407,0.6629312047800154,0.04964079488499318
100,6,000000000000000001a8,built_loss,42.618229506518844,0.5590197244532426,0.07873910830018771
100,6,000000000000000001cd,built_loss,41.98077700089522,0.7609980360396913,0.08692861896327542
100,6,000000000000000001e5,built_loss,19.052046632803886,0.5928348089322811,0.10401634630964784
100,6,00000000000000000209,built_loss,45.36030973827907,0.6198305070789072,0.10344980970838491
100,6,00000000000000000231,built_loss,47.02916835038807,0.5735017559896703,0.07680803170921857
100,6,0000000000000000026d,built_loss,27.432936703420303,0.5872157758356644,0.08318095566014394
100,6,00000000000000000278,built_loss,39.01697671901384,0.7606581670869995,0.07987960300335095
100,6,00000000000000000293,built_loss,28.819253848063564,0.4738315290241004,0.08071563276876759
100,6,00000000000000000316,built_loss,2.0886183768152673,0.1258564339478568,0.01361562229122712
100,6,00000000000000000356,built_loss,34.845299942841514,0.5283062420887181,0.15012965114746119
100,6,00000000000000000362,built_loss,40.377839869426204,0.5781835145857863,0.07279020625907717
100,6,00000000000000000363,built_loss,26.081358943201604,0.2358391285161792,0.04320694739015557
100,6,00000000000000000364,built_loss,51.190556010694586,0.6155445020026797,0.09076884751055359
100,6,00000000000000000380,built_loss,30.905071168536477,0.5250392750509759,0.07641047568686848
100,6,00000000000000000384,built_loss,18.07149971902441,0.5784756135823392,0.045422097328834954
100,6,0000000000000000039e,built_loss,7.699065319109331,0.46577153204261834,0.0719051620919327
100,6,000000000000000003a1,built_loss,17.97161636103875,0.6215082088790695,0.07346144536113708
100,6,000000000000000003a5,built_loss,22.436797693873924,0.3927760100785328,0.11782398496181273
100,6,000000000000000003b7,built_loss,16.082998198504825,0.499959283110185,0.03173219568622049
100,6,000000000000000003bf,built_loss,41.89912454387279,0.5354884412669564,0.058925118398395204
100,6,000000000000000003d2,built_loss,41.86468916062437,0.5927714302351726,0.1019855810379221
100,6,000000000000000003f8,built_loss,6.711198410674564,0.22280830716061614,0.03514969811429894
100,6,000000000000000003fa,built_loss,43.99753245598154,0.42340228879232167,0.0623285336376988
100,6,00000000000000000407,built_loss,44.93050371697699,0.5740734726612768,0.06982573440192197
100,6,0000000000000000040f,built_loss,27.792160815997622,0.5162539306884049,0.0325279209903061
100,6,00000000000000000426,built_loss,30.593098032455433,0.5622817010208763,0.05427541711862893
100,6,0000000000000000042b,built_loss,37.177147922010576,0.564107782445429,0.0883998095885341
100,6,00000000000000000442,built_loss,3.857405962184649,0.3382230295680597,0.16207301177399053
100,6,00000000000000000465,built_loss,43.86714489038076,0.6177298772527261,0.05324612594931355
100,6,0000000000000000047e,built_loss,17.70485562255396,0.5537154784812072,0.07143685573856118
100,6,00000000000000000490,built_loss,45.72231666171511,0.6459257959145791,0.08103216965709903
100,6,000000000000000004c0,built_loss,38.025891294286424,0.6469166736561893,0.0631095806258607
100,6,000000000000000004c5,built_loss,12.462086803624704,0.5744714647992445,0.09218431868111321
100,6,000000000000000004d9,built_loss,38.2781024227379,0.5742366387322485,0.04819814514192644
100,6,000000000000000004eb,built_loss,44.24370033640276,0.44710921102360873,0.048090268241761214
100,6,000000000000000004f7,built_loss,8.078817353483853,0.4760463687805539,0.028216839457036402
100,6,000000000000000004fe,built_loss,15.324149509883377,0.503951378934648,0.03530195094628824
100,6,0000000000000000051d,built_loss,22.21002812856507,0.3909807311491542,0.18470389915960933
100,6,00000000000000000559,built_loss,35.44699023555517,0.6768165535831464,0.07246489602999218
100,6,00000000000000000576,built_loss,7.674388194687736,0.28284170357566685,0.06765367623983154
100,6,00000000000000000577,built_loss,10.10657168600752,0.4970021828156717,0.11543348765202771
100,6,0000000000000000057f,built_loss,2.382911259945558,0.37614460312059417,0.07591834041487439
100,6,00000000000000000594,built_loss,21.884492546645195,0.5672954195662202,0.19012842300915545
100,6,000000000000000005ad,built_loss,35.09052705578732,0.6610295678851946,0.06595346309600447
100,6,000000000000000005bf,built_loss,28.265110634427373,0.38692916649639253,0.05402498011915491
100,6,000000000000000005cc,built_loss,10.543670729165095,0.34930035842598045,0.05671512306025506
100,6,000000000000000005de,built_loss,34.141102338904496,0.444999864390437,0.048554080958166934
100,6,000000000000000005e7,built_loss,40.176513602709555,0.6360491311097274,0.10085200510355508
100,6,000000000000000005f9,built_loss,16.352329501580535,0.6509993638237357,0.11822725150544311
100,6,0000000000000000061c,built_loss,19.763109183728005,0.39977013796155275,0.05697380810934799
100,6,00000000000000000624,built_loss,4.6889493436625855,0.4992042852387736,0.09866413295473758
100,6,00000000000000000626,built_loss,30.157970103101082,0.489406226943509,0.05302685187013212
100,6,0000000000000000062a,built_loss,33.97846739759313,0.5601181066876146,0.07293147719271831
100,6,00000000000000000636,built_loss,24.02800488427413,0.4616430886878528,0.16479608174732868
100,6,0000000000000000064a,built_loss,3.480543313039759,0.3017044439808896,0.03834644695334777
100,6,0000000000000000064d,built_loss,15.225815767647585,0.42844387224053354,0.0648400725140188
100,6,00000000000000000694,built_loss,26.61311081173527,0.36772699013124843,0.03744666064346491
100,6,0000000000000000069d,built_loss,36.96746094905606,0.6418755892089391,0.07255646856231024
100,6,000000000000000006b7,built_loss,30.64004129832884,0.4584840810305826,0.05362430796812212
100,6,000000000000000006df,built_loss,17.835711328272637,0.2361248628758961,0.10361931373624206
100,6,000000000000000006e3,built_loss,30.168162576686502,0.4024681010100322,0.09239734945466183
100,6,00000000000000000011,crop_loss,43.587506794224936,0.642542237470856,0.3456923004323885
100,6,0000000000000000002b,crop_loss,46.91559804858054,0.18512805295906395,0.09859753637969543
100,6,0000000000000000002d,crop_loss,48.597051359569164,0.4828287695220425,0.06878021193839645
100,6,0000000000000000003a,crop_loss,40.14303771128737,0.27781618973193006,0.09753556812181735
100,6,0000000000000000009b,crop_loss,16.25093146179276,0.49435000748230334,0.01714470874017021
100,6,0000000000000000009d,crop_loss,7.869612279391222,0.3971263578422359,0.07164948432467938
100,6,000000000000000000a8,crop_loss,30.04750590793208,0.21141053848640046,0.032553995560680365
100,6,000000000000000000da,crop_loss,29.524676188640825,0.7514165142016032,0.08454359660665156
100,6,000000000000000000e3,crop_loss,50.06390264697245,0.4747865638271807,0.07612957099210016
100,6,000000000000000000e9,crop_loss,4.247143682410871,0.4561515612746741,0.11910810057203403
100,6,0000000000000000011b,crop_loss,33.60842343253578,0.4865985514340795,0.03940902023244669
100,6,00000000000000000128,crop_loss,32.53870368190626,0.5524169108189916,0.030800008744992446
100,6,00000000000000000192,crop_loss,38.74487700962894,0.5626184763434545,0.038704486098762314
100,6,00000000000000000196,crop_loss,22.878886529193856,0.24383533233150406,0.05305374288324469
100,6,000000000000000001a6,crop_loss,35.06348890248185,0.2957028139177025,0.09919683321348363
100,6,000000000000000001e4,crop_loss,35.08509988049658,0.48051349446347064,0.05046344652714413
100,6,000000000000000001f9,crop_loss,42.4694585659599,0.46139726844932044,0.29879128815203887
100,6,00000000000000000228,crop_loss,29.567386275115975,0.4963276139033431,0.11431327427468163
100,6,0000000000000000028c,crop_loss,3.8979755275209214,0.2907772262851548,0.06253313789842391
100,6,0000000000000000028d,crop_loss,26.987657144005954,0.6531810670308482,0.07733056448975362
100,6,00000000000000000291,crop_loss,13.548753296485934,0.8822700988049108,0.02542502855712303
100,6,000000000000000002c5,crop_loss,29.044757176773874,0.3516391055319568,0.08439338560516219
100,6,000000000000000002dc,crop_loss,45.43948474648588,0.6303446270745248,0.09260442810378655
100,6,000000000000000002e4,crop_loss,39.72078224151509,0.3154315387611184,0.08946228454626359
100,6,000000000000000002ec,crop_loss,42.38489506034574,0.5339913730344404,0.08645223512618405
100,6,00000000000000000314,crop_loss,30.656408371932418,0.07458326927569543,0.06372576324422342
100,6,00000000000000000335,crop_loss,44.65738076248328,0.45310771258102306,0.0679731773317816
100,6,0000000000000000033a,crop_loss,30.48081684527158,0.5158779483562084,0.09196080491314224
100,6,000000000000000003b0,crop_loss,43.153949338434515,0.1817326453901188,0.06983139639737196
100,6,000000000000000003c8,crop_loss,35.403487266595846,0.18907671685598165,0.04350876508933832
100,6,000000000000000003f1,crop_loss,44.50333417433323,0.46705095375603173,0.07148985169342065
100,6,000000000000000003f2,crop_loss,35.029023884098855,0.48410158278368465,0.07600017627719574
100,6,0000000000000000044b,crop_loss,13.491465789589807,0.5546578526122692,0.05042070431458323
100,6,0000000000000000046c,crop_loss,42.38510552493533,0.5132444667289133,0.13486287282976578
100,6,00000000000000000480,crop_loss,10.50242411855253,0.8683882532617082,0.058198554376657
100,6,00000000000000000483,crop_loss,10.908142134908177,0.7365654645440453,0.08311474410303743
100,6,00000000000000000485,crop_loss,42.98015880079965,0.7013523997823796,0.06655859601784808
100,6,00000000000000000497,crop_loss,34.51385690755984,0.261407704374006,0.10406525281920836
100,6,0000000000000000049b,crop_loss,35.31436631591999,0.35937823338955044,0.045054815308390006
100,6,000000000000000004a1,crop_loss,37.61582500593781,0.35084668318702633,0.07725505278796563
100,6,000000000000000004e7,crop_loss,25.800646802166185,0.49371720458502055,0.03834308935552683
100,6,000000000000000004e9,crop_loss,16.465724689534415,0.4232025588855103,0.16968535840233517
100,6,000000000000000004ee,crop_loss,20.7021004798687,0.3509232702478015,0.1745308876818914
100,6,000000000000000004f9,crop_loss,38.23922492562797,0.35239202619367244,0.13990548526434843
100,6,00000000000000000517,crop_loss,25.53817917310904,0.3007537552890109,0.17796867383129283
100,6,00000000000000000538,crop_loss,1.0761484737524936,0.28244733360414837,0.03903429919157664
100,6,0000000000000000057e,crop_loss,4.716626698927197,0.5463164418363838,0.03401818189538164
100,6,000000000000000005d1,crop_loss,17.17521967301657,0.15536366924840775,0.08425847929104346
100,6,00000000000000000611,crop_loss,40.4319471453293,0.6514133464007948,0.06466501622781173
100,6,0000000000000000062f,crop_loss,46.26739774101495,0.48549395106925874,0.1739902464760874
100,6,00000000000000000632,crop_loss,13.613230740289763,0.07632950685946327,0.03453800879282702
100,6,0000000000000000063e,crop_loss,44.39412091134187,0.3169991618119309,0.08057050038015867
100,6,00000000000000000655,crop_loss,28.969986400337756,0.5518335119049975,0.12939561944806505
100,6,00000000000000000697,crop_loss,52.29610283812749,0.6161066527822788,0.08715704250657252
100,6,00000000000000000698,crop_loss,18.083407055417997,0.402945420398784,0.057975617430328696
100,6,000000000000000006a8,crop_loss,47.71780958464903,0.2906630312404017,0.08529996213317537
100,6,000000000000000006b4,crop_loss,43.55997286144734,0.5205272280564313,0.11720290329014343
100,6,000000000000000006be,crop_loss,14.127262671750083,0.4044611692050852,0.07125369495025097
100,6,000000000000000006c0,crop_loss,2.952185588844981,0.18540216472521512,0.061737371980286365
100,6,000000000000000006ce,crop_loss,23.032962295952334,0.5936955229900241,0.12917165402198283
100,6,000000000000000006d9,crop_loss,35.76657521706001,0.2132276556857934,0.07398001777563987
100,6,000000000000000006e5,crop_loss,42.13178001675796,0.5126588619870447,0.10297370944165651
100,6,00000000000000000151,built_loss,7.388322977857335,0.25729681342971583,0.047279943055458906
100,6,000000000000000001be,built_loss,6.363346622263579,0.5395064578499807,0.10133293531706394
100,6,0000000000000000034d,built_loss,5.696725145905012,0.40423848003005075,0.04492156495597582
100,6,000000000000000003c7,crop_loss,23.2604375367437,0.7424227948380658,0.059333387931116977
100,6,0000000000000000004a,built_loss,12.183296940678531,0.4349029253756037,0.037244967627160286
100,6,00000000000000000206,built_loss,39.20865715571767,0.7345615143964067,0.06997430628446244
100,6,000000000000000002a4,built_loss,9.4612032950085,0.43281767010500266,0.06857704789397256
100,6,000000000000000004f5,built_loss,8.526523432271334,0.46212368967130885,0.08710678426132179
100,6,000000000000000002cc,crop_loss,15.307040607604106,0.35173455832203226,0.16663699756295064
100,6,000000000000000006cc,crop_loss,23.841004592029325,0.3338075500436876,0.048058623013945145
100,6,0000000000000000016c,crop_loss,36.8149821844798,0.4532688584304114,0.08250052076308367
100,7,00000000000000000085,built_loss,15.14711629567501,0.3540622815238625,0.07980346470285876
100,7,00000000000000000114,built_loss,25.856937881679205,0.6915925079080398,0.06399976267447183
100,7,0000000000000000024c,built_loss,23.93085950002187,0.7169174702755451,0.06445134852104417
100,7,00000000000000000375,built_loss,34.74309725031871,0.6751790300161372,0.08086781975165325
100,7,000000000000000004d2,built_loss,28.80975896439938,0.6181422527687869,0.07479199333069397
100,7,000000000000000005bd,built_loss,4.975938425474608,0.561453219750596,0.09329974956511122
100,7,00000000000000000281,crop_loss,44.33761021263645,0.5182149884647809,0.05521318606459169
100,7,000000000000000003a2,crop_loss,28.083370380102103,0.3670145443898627,0.12199566796533745
100,7,00000000000000000001,built_loss,23.923466689904682,0.4385768672343854,0.07963035577723099
100,7,00000000000000000049,built_loss,4.743390800911821,0.4819396921418182,0.07036737972378637
100,7,0000000000000000004f,built_loss,32.02595753495148,0.46445341467116746,0.1405649569269366
100,7,0000000000000000005a,built_loss,31.920022702564157,0.4386339676826266,0.040745164427997194
100,7,00000000000000000079,built_loss,53.61361023216634,0.610468965592087,0.09667965357589059
100,7,00000000000000000087,built_loss,42.13839529792255,0.6217596018281216,0.12816751102005208
100,7,000000000000000000a1,built_loss,9.091810728901097,0.4504361645521835,0.0638427361674006
100,7,000000000000000000b8,built_loss,10.546819900237836,0.4776708821279566,0.207460836493075
100,7,000000000000000000c0,built_loss,34.93675099377077,0.6439350053494445,0.07521165638017402
100,7,000000000000000000e2,built_loss,18.120171355879236,0.41080888340685207,0.0944239523438285
100,7,000000000000000000f0,built_loss,29.734298445502894,0.6639793547404574,0.08577728329046697
100,7,000000000000000000f8,built_loss,47.42520659248465,0.5460262744637491,0.09817598867494554
100,7,0000000000000000011c,built_loss,6.501986016291204,0.7279547036865947,0.050959105664809656
100,7,00000000000000000161,built_loss,39.6771745541412,0.6635774763463484,0.09064647132880466
100,7,0000000000000000016a,built_loss,9.401916914318807,0.2665762586386548,0.064961734396275
100,7,00000000000000000176,built_loss,23.935722524996613,0.655815928942842,0.06279633657196637
100,7,000000000000000001a8,built_loss,40.73954311405186,0.5371538483713236,0.0937761549653282
100,7,000000000000000001cd,built_loss,48.62388837256252,0.7528872056093198,0.09445764844964133
100,7,000000000000000001e5,built_loss,18.872382204799138,0.5637242856045938,0.07978274837123289
100,7,00000000000000000209,built_loss,47.59828504810209,0.6237966402980947,0.1092237838135014
100,7,00000000000000000231,built_loss,47.116447006819044,0.5596982885271937,0.08143086567469893
100,7,0000000000000000026d,built_loss,26.799767677008163,0.6173595909578188,0.08533121787023545
100,7,00000000000000000278,built_loss,39.06129288941757,0.7896206502078811,0.07196416061673683
100,7,00000000000000000293,built_loss,29.732274753709902,0.4506433158696995,0.08630585598007412
100,7,00000000000000000316,built_loss,1.8649054921875634,0.12455406627600249,0.0275015128404867
100,7,00000000000000000356,built_loss,38.59499647619255,0.5069916464318787,0.13013243357320042
100,7,00000000000000000362,built_loss,41.06700172745052,0.5766043398835993,0.09674573817342402
100,7,00000000000000000363,built_loss,25.073924144791235,0.24996235570721992,0.05497440730709102
100,7,00000000000000000364,built_loss,47.449266505182024,0.6300813195828652,0.09194310495910252
100,7,00000000000000000380,built_loss,30.89034103270921,0.4828606518975616,0.05745867400064225
100,7,00000000000000000384,built_loss,17.998163673949197,0.5771461006290742,0.054702469674071885
100,7,0000000000000000039e,built_loss,7.7154841398113945,0.48598172754805397,0.05591682912825752
100,7,000000000000000003a1,built_loss,22.00258886892504,0.6058310932372476,0.07792719898807798
100,7,000000000000000003a5,built_loss,20.464892665190924,0.35278899467320673,0.10305848522388916
100,7,000000000000000003b7,built_loss,14.878412107832744,0.4920739670721976,0.047874948135521456
100,7,000000000000000003bf,built_loss,40.34554437497119,0.5231858406711511,0.04991424701925867
100,7,000000000000000003d2,built_loss,43.30964717704234,0.605835046714807,0.08326466917320952
100,7,000000000000000003f8,built_loss,5.764476926214164,0.20739682680416746,0.04151272509995252
100,7,000000000000000003fa,built_loss,43.58256438495903,0.41583009627766543,0.0640367600480381
100,7,00000000000000000407,built_loss,40.59611633147576,0.5492547573909823,0.07999622112960791
100,7,0000000000000000040f,built_loss,25.225534026750662,0.5215073751958754,0.029304202899701703
100,7,00000000000000000426,built_loss,27.925553015231586,0.5826404950462718,0.07692827523069223
100,7,0000000000000000042b,built_loss,35.64837295432652,0.5568322199021095,0.08292395647156514
100,7,00000000000000000442,built_loss,3.9559303504996772,0.3662688849237545,0.25777300953303545
100,7,00000000000000000465,built_loss,44.64992116493314,0.6186012922969549,0.05791424573907744
100,7,0000000000000000047e,built_loss,18.42795720080704,0.5487727498803942,0.06583307499927993
100,7,00000000000000000490,built_loss,43.987220673726256,0.6270038487918193,0.09228314074768351
100,7,000000000000000004c0,built_loss,39.88322684426416,0.6466742136972732,0.06069387330800191
100,7,000000000000000004c5,built_loss,12.545622023697133,0.5736069503728396,0.09121584626680634
100,7,000000000000000004d9,built_loss,33.760953448752566,0.5431802321414637,0.054265831306728685
100,7,000000000000000004eb,built_loss,45.48897491219457,0.4594783298881885,0.03799305231209632
100,7,000000000000000004f7,built_loss,8.336030954221613,0.4717331282368049,0.03211458490730795
100,7,000000000000000004fe,built_loss,15.699039072870653,0.501970912406926,0.02924300435988947
100,7,0000000000000000051d,built_loss,23.04879984086287,0.5230398353927416,0.19055111271604974
100,7,00000000000000000559,built_loss,35.69238360852934,0.6990026153561757,0.07606012870918766
100,7,00000000000000000576,built_loss,8.695127404213274,0.26124197937779886,0.07607200138921383
100,7,00000000000000000577,built_loss,9.507521261097214,0.47627921711232596,0.10002091493505988
100,7,0000000000000000057f,built_loss,2.3611839911206585,0.4126268426625199,0.07185447129508155
100,7,00000000000000000594,built_loss,17.620609846479983,0.5185827204788044,0.18041718571284732
100,7,000000000000000005ad,built_loss,34.73685306164028,0.6690475675848983,0.06324206225465623
100,7,000000000000000005bf,built_loss,26.2999422157659,0.3996035163625906,0.04716356362493773
100,7,000000000000000005cc,built_loss,10.783107574782688,0.3587596773369349,0.03861424519856038
100,7,000000000000000005de,built_loss,31.611957481608954,0.44470813902295264,0.030338427041425253
100,7,000000000000000005e7,built_loss,39.46350778545032,0.641557189591123,0.10621623606385755
100,7,000000000000000005f9,built_loss,15.719846725821718,0.6591849998246764,0.08431599859250072
100,7,0000000000000000061c,built_loss,18.483090410170945,0.4025818361557932,0.0818834522735466
100,7,00000000000000000624,built_loss,4.620184522876042,0.5027700780710967,0.08616906055405843
100,7,00000000000000000626,built_loss,32.03206999890062,0.4994877135324992,0.049698981907219886
100,7,0000000000000000062a,built_loss,38.6973510388923,0.5843326235813667,0.0531333431860983
100,7,00000000000000000636,built_loss,25.018483872199187,0.4910443282723398,0.20081423322823744
100,7,0000000000000000064a,built_loss,3.290464970664733,0.30008156919085605,0.040194958225806765
100,7,0000000000000000064d,built_loss,12.278853893694398,0.4445688077158832,0.061177289665172385
100,7,00000000000000000694,built_loss,27.531383412076536,0.37045771438354164,0.041616905206933175
100,7,0000000000000000069d,built_loss,35.4361863558557,0.662701991728295,0.05376511233568393
100,7,000000000000000006b7,built_loss,29.435708741442113,0.4704610890781683,0.04612395777087025
100,7,000000000000000006df,built_loss,18.791238615916235,0.24535393623710408,0.11818077287641576
100,7,000000000000000006e3,built_loss,27.275745582157928,0.4375218576951362,0.10679908055981152
100,7,00000000000000000011,crop_loss,41.930432175727894,0.6158770340781808,0.36691603890965313
100,7,0000000000000000002b,crop_loss,39.513220595347704,0.1941022115778323,0.10792872629785677
100,7,0000000000000000002d,crop_loss,44.35871359916172,0.4850793704867167,0.07030752178931632
100,7,0000000000000000003a,crop_loss,39.61138536219267,0.3119570970337901,0.09176224475059319
100,7,0000000000000000009b,crop_loss,15.471854800265564,0.49187908357517657,0.014416176666039227
100,7,0000000000000000009d,crop_loss,7.849598363889202,0.4074651195966549,0.06288840039150512
100,7,000000000000000000a8,crop_loss,31.129794177811476,0.20396501950775625,0.030010204167081334
100,7,000000000000000000da,crop_loss,25.98359093885279,0.7477691386869532,0.054481621991442464
100,7,000000000000000000e3,crop_loss,48.18987168977454,0.476858847448398,0.10409929736101614
100,7,000000000000000000e9,crop_loss,5.079734904850307,0.42627643282357236,0.11876743891261343
100,7,0000000000000000011b,crop_loss,27.516036903783945,0.49174436129960064,0.04183969179054381
100,7,00000000000000000128,crop_loss,29.450633143498443,0.5547440343358139,0.030076168574343698
100,7,00000000000000000192,crop_loss,42.76850890113199,0.5585416267573498,0.042840610284312186
100,7,00000000000000000196,crop_loss,22.25762885542443,0.24541063818244005,0.04544458479868155
100,7,000000000000000001a6,crop_loss,35.16761530274893,0.29662467189752595,0.12023243799057742
100,7,000000000000000001e4,crop_loss,37.743778814447936,0.47300688331901797,0.05298396178165243
100,7,000000000000000001f9,crop_loss,40.56651511291674,0.48172313234601316,0.27970781990513505
100,7,00000000000000000228,crop_loss,28.157823474625943,0.4961278818616118,0.1505240225271599
100,7,0000000000000000028c,crop_loss,4.067252670567432,0.30804941554904347,0.06626733706514004
100,7,0000000000000000028d,crop_loss,26.55233061931677,0.6828355365966933,0.07228730733217126
100,7,00000000000000000291,crop_loss,15.157265959018545,0.8825731822249357,0.025010547284052276
100,7,000000000000000002c5,crop_loss,29.97077190420224,0.36261530457870755,0.07790124515591712
100,7,000000000000000002dc,crop_loss,43.943407794718865,0.6452189247401168,0.06758117714218281
100,7,000000000000000002e4,crop_loss,41.11188459413344,0.33185249443579445,0.09208569409199435
100,7,000000000000000002ec,crop_loss,41.40505545910896,0.47014242383651406,0.0942821181314113
100,7,00000000000000000314,crop_loss,26.82406787976407,0.054347425206224056,0.05196604455610156
100,7,00000000000000000335,crop_loss,42.017434534852704,0.4375789033360891,0.06816890198020847
100,7,0000000000000000033a,crop_loss,32.48967543557409,0.5222602289361937,0.07943494056699929
100,7,000000000000000003b0,crop_loss,52.11281579591636,0.23625889805025743,0.09684816931756121
100,7,000000000000000003c8,crop_loss,33.72192263397758,0.18604284296035517,0.04655390764732109
100,7,000000000000000003f1,crop_loss,47.19240062512148,0.45631487369373286,0.0778104693257558
100,7,000000000000000003f2,crop_loss,34.982587888924655,0.46521639991118635,0.06332243933044684
100,7,0000000000000000044b,crop_loss,13.195997205832235,0.5675402609511233,0.04911935546419077
100,7,0000000000000000046c,crop_loss,43.42634750580087,0.512107416708487,0.12375377779925167
100,7,00000000000000000480,crop_loss,11.123912776879703,0.8688567172218573,0.15327477395819966
100,7,00000000000000000483,crop_loss,13.217890006197788,0.7153359783993143,0.07730403925126206
100,7,00000000000000000485,crop_loss,40.436450648420504,0.7041584504182582,0.04103563091219742
100,7,00000000000000000497,crop_loss,36.675784309251846,0.2290493826795995,0.07807427671275596
100,7,0000000000000000049b,crop_loss,36.293889830190274,0.36403888153606273,0.05198660601594818
100,7,000000000000000004a1,crop_loss,37.70784427726588,0.3653722755403619,0.07233732243634944
100,7,000000000000000004e7,crop_loss,28.686806147246422,0.49621429407032286,0.04217620921285353
100,7,000000000000000004e9,crop_loss,15.774370661081017,0.3789725857786677,0.16065125070213082
100,7,000000000000000004ee,crop_loss,21.085699313839665,0.38067145440338324,0.195066347057333
100,7,000000000000000004f9,crop_loss,40.09061578096452,0.35390242424691065,0.13079033555515562
100,7,00000000000000000517,crop_loss,26.852766486508244,0.30031931554833047,0.12168418457358526
100,7,00000000000000000538,crop_loss,1.068091350631401,0.3009064776636643,0.04228386976193527
100,7,0000000000000000057e,crop_loss,3.8775497863057153,0.537014458787745,0.029615585517836385
100,7,000000000000000005d1,crop_loss,16.791904769192634,0.16202703744504507,0.11548710786849457
100,7,00000000000000000611,crop_loss,45.54939486703116,0.6414219597323176,0.06537816282296771
100,7,0000000000000000062f,crop_loss,42.643524091005155,0.48935199962268283,0.13141376449617492
100,7,00000000000000000632,crop_loss,12.906035813153206,0.07745822680622076,0.023536552938892022
100,7,0000000000000000063e,crop_loss,43.03146263678595,0.2967529863560373,0.07009371145935822
100,7,00000000000000000655,crop_loss,28.330569198983905,0.46878509649972966,0.19456069544729965
100,7,00000000000000000697,crop_loss,53.47198539453295,0.6282478516376162,0.08718419149052736
100,7,00000000000000000698,crop_loss,20.820665952644127,0.4227161311513262,0.06806941114903803
100,7,000000000000000006a8,crop_loss,47.03473011945158,0.27684447907134135,0.09641835141879432
100,7,000000000000000006b4,crop_loss,42.40412867214031,0.505060553914253,0.10110590708600081
100,7,000000000000000006be,crop_loss,13.096446607737336,0.40041468873738434,0.08871833777950311
100,7,000000000000000006c0,crop_loss,2.9270101387964997,0.19857293876671547,0.056947352214275965
100,7,000000000000000006ce,crop_loss,21.73643979485839,0.5518486346068914,0.13410540378275154
100,7,000000000000000006d9,crop_loss,38.745602428291704,0.20057477782205835,0.07262665142792177
100,7,000000000000000006e5,crop_loss,39.98964207081144,0.530083761318107,0.09482979478419401
100,7,00000000000000000151,built_loss,7.335493529086284,0.25592418769991904,0.0410350461538313
100,7,000000000000000001be,built_loss,5.6733509905564246,0.5183674700048592,0.0869074342139588
100,7,0000000000000000034d,built_loss,6.220809517377104,0.40623504311974445,0.035226602018777975
100,7,000000000000000003c7,crop_loss,28.919246813722808,0.7091860138386243,0.09581277378622777
100,7,0000000000000000004a,built_loss,11.635503296811795,0.44360627201540553,0.0354951806847808
100,7,00000000000000000206,built_loss,35.32453792472921,0.7319616555603932,0.07578177736876957
100,7,000000000000000002a4,built_loss,10.245599058079225,0.41418156427965896,0.058289725086643374
100,7,000000000000000004f5,built_loss,8.634141283007363,0.48112418011793273,0.10339795253185458
100,7,000000000000000002cc,crop_loss,17.924858035730875,0.3594424613477784,0.19516342108551055
100,7,000000000000000006cc,crop_loss,25.878245867324967,0.3315733579713103,0.05899915544373169
100,7,0000000000000000016c,crop_loss,39.72811257857688,0.4654170837229146,0.11086764537889277
150,0,00000000000000000085,built_loss,15.40761549829679,0.3551746641144153,0.07117709870190181
150,0,00000000000000000114,built_loss,29.73674689135364,0.6871825487568505,0.04562920201324394
150,0,0000000000000000024c,built_loss,26.76509836316067,0.7098130362201548,0.0515970622869667
150,0,00000000000000000375,built_loss,38.37197211454194,0.6519219903462873,0.05926887346285614
150,0,000000000000000004d2,built_loss,27.8580117534356,0.6175932067320243,0.0639231705112343
150,0,000000000000000005bd,built_loss,4.76421041888629,0.5761381800696329,0.062134876478717294
150,0,00000000000000000281,crop_loss,46.87679951116254,0.5268277483328373,0.04289719132290798
150,0,000000000000000003a2,crop_loss,29.211151953788708,0.34526636630485474,0.09867835350598342
150,0,00000000000000000001,built_loss,26.260941077887548,0.4656523815194086,0.051935428545695606
150,0,00000000000000000049,built_loss,4.842935750639984,0.4859718405758747,0.05262480267255831
150,0,0000000000000000004f,built_loss,41.63754904868143,0.45705353669263915,0.08418240717811154
150,0,0000000000000000005a,built_loss,33.22824060402585,0.44393475455270076,0.034336262676967155
150,0,00000000000000000079,built_loss,64.38123335924094,0.6262850808139736,0.07311370454035648
150,0,00000000000000000087,built_loss,49.381935151231886,0.5693925644768432,0.1251649137539924
150,0,000000000000000000a1,built_loss,9.36241991032959,0.4388912389933506,0.050656180867630685
150,0,000000000000000000b8,built_loss,10.50313793238639,0.5611352300843578,0.11959876351441728
150,0,000000000000000000c0,built_loss,34.904686837622144,0.6217943477961505,0.057345303775622525
150,0,000000000000000000e2,built_loss,17.70075825297572,0.39178521323167226,0.08269044198975778
150,0,000000000000000000f0,built_loss,33.82634062975613,0.6845065466090303,0.08026388171795629
150,0,000000000000000000f8,built_loss,47.749288122572594,0.5530920338450114,0.07255039142982811
150,0,0000000000000000011c,built_loss,7.427734166574683,0.7314052527058112,0.047686436784577846
150,0,00000000000000000161,built_loss,41.484278418351735,0.6665801095241609,0.05699558055500331
150,0,0000000000000000016a,built_loss,8.687697794889164,0.23015635456419858,0.04800816451863357
150,0,00000000000000000176,built_loss,26.567635085953814,0.6609373311490487,0.04473878516868213
150,0,000000000000000001a8,built_loss,51.153160246360784,0.5529043215089113,0.06560652525504251
150,0,000000000000000001cd,built_loss,55.8659516661151,0.7479311485217611,0.06869408152906786
150,0,000000000000000001e5,built_loss,21.4879862562749,0.5625700443561857,0.06140965085176153
150,0,00000000000000000209,built_loss,51.25059235091828,0.6401183052636928,0.08250664890560189
150,0,00000000000000000231,built_loss,52.08311388319846,0.5442706393359069,0.06320573412943387
150,0,0000000000000000026d,built_loss,30.034349066653277,0.59883612379295,0.0732688162963816
150,0,00000000000000000278,built_loss,42.23317536430892,0.771251644200046,0.0699928837689372
150,0,00000000000000000293,built_loss,30.942701404207263,0.49827088473677383,0.06670360443293266
150,0,00000000000000000316,built_loss,2.0176770671957827,0.12167590214022585,0.011808052714223888
150,0,00000000000000000356,built_loss,40.26792979898591,0.5471351673574033,0.10868684601126705
150,0,00000000000000000362,built_loss,49.45613890985735,0.581471254776808,0.07076416309588629
150,0,00000000000000000363,built_loss,28.897996554158762,0.2530868168950495,0.038386897177367874
150,0,00000000000000000364,built_loss,56.059731611492914,0.6040748534320236,0.06780703781460207
150,0,00000000000000000380,built_loss,31.57109941296058,0.5101218645075669,0.06893477335634951
150,0,00000000000000000384,built_loss,18.81237956244696,0.5732208122717541,0.0417129636020126
150,0,0000000000000000039e,built_loss,8.153774684883917,0.4891853879418293,0.04909768124475816
150,0,000000000000000003a1,built_loss,19.531406148270666,0.6115768826116825,0.06030607884242578
150,0,000000000000000003a5,built_loss,25.789057019463137,0.3965914788954056,0.07870932308789813
150,0,000000000000000003b7,built_loss,16.74078230293269,0.4953847175056738,0.02540595117001121
150,0,000000000000000003bf,built_loss,50.29719145226162,0.5358903911060722,0.04757259539371561
150,0,000000000000000003d2,built_loss,49.63332862339789,0.5801246123961612,0.09188669363272439
150,0,000000000000000003f8,built_loss,7.325559023379046,0.22407344124615192,0.036369696258352596
150,0,000000000000000003fa,built_loss,51.01197786216019,0.411926763858624,0.0492359347869154
150,0,00000000000000000407,built_loss,50.21154863956039,0.5498211093295163,0.06838123554753017
150,0,0000000000000000040f,built_loss,32.38521409059981,0.5207952994618483,0.023474065623397045
150,0,00000000000000000426,built_loss,33.21481303131157,0.5715991425087749,0.05596950569540604
150,0,0000000000000000042b,built_loss,38.432465189456465,0.551320398207031,0.05725720085538333
150,0,00000000000000000442,built_loss,4.149125991555599,0.3385754925311467,0.15995873485635942
150,0,00000000000000000465,built_loss,50.490326142588074,0.6182623495340397,0.061824779959537834
150,0,0000000000000000047e,built_loss,20.358115889231524,0.5355204393014431,0.051755076745513606
150,0,00000000000000000490,built_loss,57.64102218636138,0.6388102857577734,0.06854565364395004
150,0,000000000000000004c0,built_loss,43.05866798823515,0.6423761447076802,0.051830524712293546
150,0,000000000000000004c5,built_loss,13.247302089657879,0.5823711300779781,0.0747947585729738
150,0,000000000000000004d9,built_loss,41.960570862218255,0.557873232719133,0.03891928913215004
150,0,000000000000000004eb,built_loss,53.14510055778641,0.4511896000269575,0.034737102109681894
150,0,000000000000000004f7,built_loss,8.11208798773705,0.47822941326917295,0.03386403806585048
150,0,000000000000000004fe,built_loss,16.810258669467053,0.5007920286374407,0.03236302269146574
150,0,0000000000000000051d,built_loss,22.23273612686033,0.5158648469941972,0.1593515650735574
150,0,00000000000000000559,built_loss,40.03352793150678,0.6919272445297613,0.05367458339702291
150,0,00000000000000000576,built_loss,8.940826012616691,0.26459907023335927,0.057288936998481865
150,0,00000000000000000577,built_loss,10.105540457469358,0.47915960394733165,0.10555348783969865
150,0,0000000000000000057f,built_loss,2.3288352371260106,0.40133278754894064,0.060897286048704424
150,0,00000000000000000594,built_loss,21.39572062415243,0.5204702685481503,0.17801481980029132
150,0,000000000000000005ad,built_loss,39.84728640574148,0.6714953047558349,0.05412177670658458
150,0,000000000000000005bf,built_loss,27.620430034340163,0.4070751519736778,0.0510569396856666
150,0,000000000000000005cc,built_loss,11.724589916746119,0.3587152448678003,0.03447555192782609
150,0,000000000000000005de,built_loss,35.861105311003755,0.42516269736358475,0.031093566139580364
150,0,000000000000000005e7,built_loss,43.789780407604844,0.6385574872295096,0.0845913198292001
150,0,000000000000000005f9,built_loss,17.965399659260438,0.6385011421506563,0.07679719992588463
150,0,0000000000000000061c,built_loss,21.7240789134248,0.4125815826736655,0.05019857833338842
150,0,00000000000000000624,built_loss,4.89117502797299,0.513961646906773,0.0652789802284025
150,0,00000000000000000626,built_loss,34.579258099330076,0.5062247589513483,0.04151368167362102
150,0,0000000000000000062a,built_loss,38.974679259669806,0.5644757684302,0.04782112156113538
150,0,00000000000000000636,built_loss,23.61055734098405,0.4902525738016449,0.1453105591734739
150,0,0000000000000000064a,built_loss,3.555837891834203,0.302392395833986,0.024172780953781725
150,0,0000000000000000064d,built_loss,13.926974328867725,0.44506632198333596,0.05826182431393012
150,0,00000000000000000694,built_loss,26.94686860987549,0.3691199460810202,0.035218321258852325
150,0,0000000000000000069d,built_loss,40.464813644371446,0.6559216190005346,0.05763013259948824
150,0,000000000000000006b7,built_loss,32.38283004849976,0.467881733049164,0.04212434993342018
150,0,000000000000000006df,built_loss,19.458481294915018,0.2201621090760914,0.06477655388166068
150,0,000000000000000006e3,built_loss,30.64961024969484,0.40940495843697655,0.07611485410378754
150,0,00000000000000000011,crop_loss,46.96053002423255,0.6620088391075517,0.3382167884930748
150,0,0000000000000000002b,crop_loss,48.605600168445264,0.16634693862909708,0.07929533467334937
150,0,0000000000000000002d,crop_loss,56.23920443508538,0.4782024580452838,0.0625903281248949
150,0,0000000000000000003a,crop_loss,45.62877563423338,0.2912353383729017,0.06742506911370044
150,0,0000000000000000009b,crop_loss,18.376970417226648,0.49338598957082386,0.01127530191736048
150,0,0000000000000000009d,crop_loss,7.622093758830728,0.39098420907530407,0.07098978986476645
150,0,000000000000000000a8,crop_loss,34.886198372159335,0.2056028217896119,0.026085925883330696
150,0,000000000000000000da,crop_loss,29.375572503612556,0.7522405803070165,0.042598882116472336
150,0,000000000000000000e3,crop_loss,58.2910699336538,0.49109085376569817,0.054446142153102006
150,0,000000000000000000e9,crop_loss,5.123619571025068,0.40908863506118304,0.08339315392281804
150,0,0000000000000000011b,crop_loss,31.992250933313933,0.485495709032746,0.03140124434154773
150,0,00000000000000000128,crop_loss,34.68161397111894,0.5428371463560236,0.02635339869786757
150,0,00000000000000000192,crop_loss,48.79882338731804,0.5573752544534121,0.0335990503950685
150,0,00000000000000000196,crop_loss,25.218370600049987,0.2396468859381563,0.036645889197260195
150,0,000000000000000001a6,crop_loss,40.79501365331655,0.28326161760662755,0.08780117444528285
150,0,000000000000000001e4,crop_loss,45.74810533058787,0.48899091642154935,0.04923284896751606
150,0,000000000000000001f9,crop_loss,47.577069322620424,0.49609773999653617,0.24281851498669083
150,0,00000000000000000228,crop_loss,30.74340884042929,0.4927154853761067,0.10838399497346723
150,0,0000000000000000028c,crop_loss,4.027787336410623,0.29774855299300496,0.050636240385270925
150,0,0000000000000000028d,crop_loss,29.1064978031066,0.6660684520565892,0.07355164891727017
150,0,00000000000000000291,crop_loss,16.167319650598714,0.8808872206038288,0.01962028833156637
150,0,000000000000000002c5,crop_loss,30.22421056240034,0.337843477839786,0.08036389387812282
150,0,000000000000000002dc,crop_loss,56.82027080395849,0.6426098648492725,0.06866294916898508
150,0,000000000000000002e4,crop_loss,48.89234621736266,0.3286419781455298,0.08023295381671675
150,0,000000000000000002ec,crop_loss,50.75892185586117,0.490425401799596,0.08183700263176524
150,0,00000000000000000314,crop_loss,34.58232685201868,0.09667197685805005,0.048934482629362105
150,0,00000000000000000335,crop_loss,52.36642476692897,0.4475034182972741,0.053690719696352085
150,0,0000000000000000033a,crop_loss,34.32356451404973,0.5180218168778131,0.06697772669029789
150,0,000000000000000003b0,crop_loss,53.59179210692198,0.19610007974611357,0.06197126022321919
150,0,000000000000000003c8,crop_loss,40.77719395474004,0.19545440590543517,0.04362073702468161
150,0,000000000000000003f1,crop_loss,52.84624339975614,0.46117080974416497,0.06380363315842974
150,0,000000000000000003f2,crop_loss,40.51594040988696,0.46579826183018774,0.05350194463531882
150,0,0000000000000000044b,crop_loss,14.271161187146173,0.5670055846762571,0.03975623818195473
150,0,0000000000000000046c,crop_loss,50.97806219723212,0.5153953011258295,0.10902576307704054
150,0,00000000000000000480,crop_loss,10.532565742155562,0.8525605344242093,0.0674802031296664
150,0,00000000000000000483,crop_loss,10.990114018024657,0.7454579848995133,0.06856680648605529
150,0,00000000000000000485,crop_loss,47.633210361661604,0.703906949688858,0.0305084436043751
150,0,00000000000000000497,crop_loss,38.8591871771873,0.23813168370885537,0.07109621834756166
150,0,0000000000000000049b,crop_loss,41.683654298676316,0.34708291790910417,0.03897635300029367
150,0,000000000000000004a1,crop_loss,41.11625192226245,0.3615624258673739,0.06953575577550075
150,0,000000000000000004e7,crop_loss,29.911446674953734,0.4902547301433119,0.027187734220909532
150,0,000000000000000004e9,crop_loss,16.518169352604417,0.40278671803453503,0.15192276394249493
150,0,000000000000000004ee,crop_loss,22.43634027017671,0.38221787661540463,0.12473600249029887
150,0,000000000000000004f9,crop_loss,48.91121129125288,0.3440602491759563,0.1364531050754752
150,0,00000000000000000517,crop_loss,31.311992523836636,0.2741234045640794,0.1037467735719588
150,0,00000000000000000538,crop_loss,1.0657933156035928,0.29946797640772355,0.04046406678099923
150,0,0000000000000000057e,crop_loss,4.609152428800299,0.5372122830300178,0.03353125020037129
150,0,000000000000000005d1,crop_loss,18.786092092435016,0.13691831881824681,0.06524757656103466
150,0,00000000000000000611,crop_loss,52.45214958342669,0.6455701749952539,0.058218910356731546
150,0,0000000000000000062f,crop_loss,50.413189155297125,0.560114951108326,0.11953486797237622
150,0,00000000000000000632,crop_loss,14.678457910954508,0.08289486328549528,0.01955422169372603
150,0,0000000000000000063e,crop_loss,50.195204409583496,0.30479749906853204,0.05958935062840326
150,0,00000000000000000655,crop_loss,32.76950749603106,0.5115721538868729,0.13245008818027443
150,0,00000000000000000697,crop_loss,63.667505139696836,0.6183251245462428,0.068613660244356
150,0,00000000000000000698,crop_loss,20.025881009970135,0.4235026312537781,0.060851367011828805
150,0,000000000000000006a8,crop_loss,55.3321463756409,0.3075956737962449,0.07148467529405089
150,0,000000000000000006b4,crop_loss,53.668182714815174,0.533602853809686,0.09609985261580117
150,0,000000000000000006be,crop_loss,14.584419273318272,0.41326911472139327,0.05967606565421435
150,0,000000000000000006c0,crop_loss,2.9121052787647677,0.19216865930937602,0.0515695266681534
150,0,000000000000000006ce,crop_loss,24.588069588686107,0.5603343473363975,0.11870131771314085
150,0,000000000000000006d9,crop_loss,38.97401234643927,0.20899732930441794,0.05378441675063067
150,0,000000000000000006e5,crop_loss,50.39763066634394,0.5163905476028452,0.07277507974037267
150,0,00000000000000000151,built_loss,8.542423116859977,0.2631599788678093,0.04187908240769592
150,0,000000000000000001be,built_loss,6.388953992824172,0.5257699897202561,0.06801503211078191
150,0,0000000000000000034d,built_loss,5.915611712147691,0.4080864412625658,0.036499232231051115
150,0,000000000000000003c7,crop_loss,27.14243891939698,0.7272954897748304,0.05933182619956656
150,0,0000000000000000004a,built_loss,12.022120742655828,0.4430710630726011,0.02354723330629005
150,0,00000000000000000206,built_loss,45.19304809308608,0.7310382973597068,0.0682526793188395
150,0,000000000000000002a4,built_loss,11.26263244279652,0.4070689260807153,0.046332620939905256
150,0,000000000000000004f5,built_loss,8.594992157787841,0.4756987626826807,0.06672063700161796
150,0,000000000000000002cc,crop_loss,18.549899993626525,0.4087613101981099,0.1699084406855358
150,0,000000000000000006cc,crop_loss,27.28864047324361,0.3407146592286587,0.04145278376190936
150,0,0000000000000000016c,crop_loss,45.77083900764013,0.47758265729243965,0.06709230598599397
150,1,00000000000000000085,built_loss,15.825559000897986,0.3588848156684161,0.07311880869359955
150,1,00000000000000000114,built_loss,29.919576498668295,0.683563572542631,0.05881545726429893
150,1,0000000000000000024c,built_loss,25.895717198689677,0.716761491495228,0.04789663551085721
150,1,00000000000000000375,built_loss,37.74352964504128,0.6606734804943206,0.06663618766462165
150,1,000000000000000004d2,built_loss,28.3802375384352,0.6087579429653309,0.0631001691447095
150,1,000000000000000005bd,built_loss,4.987782620776478,0.5594816129508945,0.06106346774141025
150,1,00000000000000000281,crop_loss,46.24196483846288,0.5123683310499849,0.046196775005064306
150,1,000000000000000003a2,crop_loss,31.298753998506808,0.3381448837389267,0.10277772895100185
150,1,00000000000000000001,built_loss,25.581176744181118,0.47285740781917396,0.055500008055304084
150,1,00000000000000000049,built_loss,4.991173117902906,0.49391532376983366,0.03054083145936054
150,1,0000000000000000004f,built_loss,38.76699364119948,0.4464204675239309,0.09012300492893055
150,1,0000000000000000005a,built_loss,31.533264021046914,0.43979708477750207,0.038311907886738106
150,1,00000000000000000079,built_loss,64.20901181759773,0.6180149864684094,0.08115260030197435
150,1,00000000000000000087,built_loss,51.25432600172226,0.6189161612199339,0.10834104858772176
150,1,000000000000000000a1,built_loss,9.080360186419286,0.4522616393697416,0.04422207770347092
150,1,000000000000000000b8,built_loss,10.734307903714814,0.5408963475518256,0.12626116223827394
150,1,000000000000000000c0,built_loss,39.01575702688871,0.6288501191784568,0.05633142263381885
150,1,000000000000000000e2,built_loss,19.56547755951391,0.37075935504130186,0.07362177772886436
150,1,000000000000000000f0,built_loss,33.30206029121928,0.677712960289531,0.08937317490571006
150,1,000000000000000000f8,built_loss,46.27307423816346,0.5318579595544155,0.06886878583503986
150,1,0000000000000000011c,built_loss,7.229126212653744,0.7352735026219729,0.04554346772311102
150,1,00000000000000000161,built_loss,41.054220127381356,0.6605294122786766,0.05398509092929904
150,1,0000000000000000016a,built_loss,9.524891713165939,0.2550776473949623,0.05085103863427809
150,1,00000000000000000176,built_loss,28.280753642320512,0.6555717832964362,0.052950788129250026
150,1,000000000000000001a8,built_loss,52.20109951102989,0.5492605322807241,0.0663640685875384
150,1,000000000000000001cd,built_loss,49.13084722809763,0.7579264707410523,0.07050387939405356
150,1,000000000000000001e5,built_loss,23.065547986378046,0.570782547721831,0.07163884493744443
150,1,00000000000000000209,built_loss,57.48505227546171,0.6347921317885183,0.08411768744172765
150,1,00000000000000000231,built_loss,52.95745848062773,0.5507237277645161,0.06209897831150002
150,1,0000000000000000026d,built_loss,31.294649259044565,0.5873574636347771,0.06825658362138998
150,1,00000000000000000278,built_loss,44.268507443318384,0.7738282266275274,0.06008224901828474
150,1,00000000000000000293,built_loss,32.95438399131962,0.47981550386316624,0.06917234410394074
150,1,00000000000000000316,built_loss,2.0315614649195277,0.12384970590015468,0.012865039134996356
150,1,00000000000000000356,built_loss,38.71355153310673,0.5393681731140321,0.10237730096188818
150,1,00000000000000000362,built_loss,48.681224346669666,0.5614434024589929,0.06748371994065361
150,1,00000000000000000363,built_loss,27.121675286222317,0.23655409502612004,0.04217063093202719
150,1,00000000000000000364,built_loss,56.270006971902674,0.6192219222932203,0.06955544599464303
150,1,00000000000000000380,built_loss,35.6384765668503,0.5052306744899152,0.05827782337588966
150,1,00000000000000000384,built_loss,19.156201866360576,0.5890702534868397,0.04200056998131407
150,1,0000000000000000039e,built_loss,8.74403768365028,0.49485358641829247,0.04404346895696537
150,1,000000000000000003a1,built_loss,20.49381855113672,0.6110666691780178,0.067482095856917
150,1,000000000000000003a5,built_loss,25.581812113247693,0.4010906116140475,0.08850979831416755
150,1,000000000000000003b7,built_loss,15.74275129727362,0.4942650676141142,0.02754655154866087
150,1,000000000000000003bf,built_loss,50.594308410204924,0.5352050102652672,0.054798221678279524
150,1,000000000000000003d2,built_loss,54.6235222857964,0.6072728924942824,0.07316836384164083
150,1,000000000000000003f8,built_loss,6.6455693775736036,0.22229349626768233,0.03803963976281058
150,1,000000000000000003fa,built_loss,49.82626495537778,0.4105776740820712,0.04975448026000073
150,1,00000000000000000407,built_loss,47.857708157785986,0.5710834549796148,0.06677859198680969
150,1,0000000000000000040f,built_loss,30.809168349984652,0.5212755418701053,0.02424223340252074
150,1,00000000000000000426,built_loss,34.31193633579365,0.5724954968966227,0.05362305578041415
150,1,0000000000000000042b,built_loss,37.25783974066104,0.5655604330468654,0.058356919528165574
150,1,00000000000000000442,built_loss,4.393148503850593,0.3867407522144747,0.21728517391600766
150,1,00000000000000000465,built_loss,51.755425880764115,0.6170908875131256,0.0627790969710259
150,1,0000000000000000047e,built_loss,20.838524163221347,0.5388820990224291,0.05522780065313038
150,1,00000000000000000490,built_loss,57.00035983711741,0.6381857909477341,0.06955259982872752
150,1,000000000000000004c0,built_loss,42.927615371271415,0.6544773650349968,0.058942830074872554
150,1,000000000000000004c5,built_loss,13.69634004403196,0.5883730876789405,0.07277888733564053
150,1,000000000000000004d9,built_loss,39.97398564584256,0.5503295297392792,0.04871326648102958
150,1,000000000000000004eb,built_loss,52.111658550358236,0.4540175902951055,0.032371734385101936
150,1,000000000000000004f7,built_loss,8.071020060416286,0.4788836270586483,0.027489686661743062
150,1,000000000000000004fe,built_loss,18.337296183735702,0.49814045979581273,0.028913369906678144
150,1,0000000000000000051d,built_loss,20.446549536719814,0.5207681822568287,0.16471211246367362
150,1,00000000000000000559,built_loss,43.38163283394431,0.6773181833951999,0.06198022611351017
150,1,00000000000000000576,built_loss,8.148090812584098,0.28275275165127267,0.05086733422979972
150,1,00000000000000000577,built_loss,10.601711346007784,0.46260716857309087,0.09894677711180477
150,1,0000000000000000057f,built_loss,2.333357914309178,0.39634497326736345,0.05431405969709274
150,1,00000000000000000594,built_loss,21.769082683906177,0.5001731984201909,0.15906417611605644
150,1,000000000000000005ad,built_loss,39.83457632101521,0.663293950406218,0.0621452690858848
150,1,000000000000000005bf,built_loss,29.319047599862163,0.406267027792467,0.05148744660063542
150,1,000000000000000005cc,built_loss,11.114084638854425,0.35969816679242644,0.034564949958139135
150,1,000000000000000005de,built_loss,37.09690938452448,0.4354161072562869,0.024546350023019914
150,1,000000000000000005e7,built_loss,41.742987455234314,0.6254961340090128,0.08673030466355525
150,1,000000000000000005f9,built_loss,16.832119080389575,0.6652919044949908,0.0717170374678906
150,1,0000000000000000061c,built_loss,22.050568298005945,0.40940151161158805,0.04921557092319473
150,1,00000000000000000624,built_loss,4.868709094724233,0.5140658045915023,0.06655292542146024
150,1,00000000000000000626,built_loss,33.515862361338066,0.5038438531439396,0.041656201189974984
150,1,0000000000000000062a,built_loss,39.22609772309072,0.5651460147593327,0.051619256652880696
150,1,00000000000000000636,built_loss,23.463492592787293,0.48138360616563824,0.15834496406988652
150,1,0000000000000000064a,built_loss,3.4234231919343423,0.29383613694943306,0.03540575380577793
150,1,0000000000000000064d,built_loss,14.771839045035566,0.434186730113599,0.0726846219558594
150,1,00000000000000000694,built_loss,29.058245845113493,0.37233305338247663,0.034756118225257704
150,1,0000000000000000069d,built_loss,45.228810062696944,0.6597558779136783,0.05826023327370622
150,1,000000000000000006b7,built_loss,31.721866313967396,0.4698790887602785,0.044465391458268055
150,1,000000000000000006df,built_loss,19.31828197194446,0.23174115820229618,0.07774497023647955
150,1,000000000000000006e3,built_loss,30.789945677064406,0.40892447622567324,0.087133533487531
150,1,00000000000000000011,crop_loss,46.555413963574786,0.7763864018375656,0.33690334138514255
150,1,0000000000000000002b,crop_loss,48.841235148476464,0.1757219617020771,0.08254479744958132
150,1,0000000000000000002d,crop_loss,55.62744132442482,0.4602868458148346,0.055512507441404235
150,1,0000000000000000003a,crop_loss,49.03840980466659,0.29633661068863454,0.0620961466835413
150,1,0000000000000000009b,crop_loss,17.80674026606077,0.4941888721079874,0.011244249644958237
150,1,0000000000000000009d,crop_loss,7.868512115740659,0.39279663719954094,0.06584555106354417
150,1,000000000000000000a8,crop_loss,34.60994795810853,0.20359063355987023,0.023885888187392845
150,1,000000000000000000da,crop_loss,29.679646172375232,0.7495424248477062,0.04341795315339936
150,1,000000000000000000e3,crop_loss,55.25420409259948,0.48174759214706503,0.07354539165980462
150,1,000000000000000000e9,crop_loss,4.653942384163074,0.45383098805762623,0.08784971508532036
150,1,0000000000000000011b,crop_loss,33.3272156513532,0.4779291628332351,0.028317535483844025
150,1,00000000000000000128,crop_loss,35.92856990864378,0.5348062823712253,0.02595495510893442
150,1,00000000000000000192,crop_loss,48.1013794474147,0.5553807387976186,0.03154643663631107
150,1,00000000000000000196,crop_loss,22.605939785299274,0.2415210060544915,0.0405695448740144
150,1,000000000000000001a6,crop_loss,40.97039812237882,0.2947685978514527,0.09819246668948128
150,1,000000000000000001e4,crop_loss,44.9219413732332,0.4938690028989759,0.05434620327198264
150,1,000000000000000001f9,crop_loss,49.53897953152755,0.5592154838368669,0.26997366016070096
150,1,00000000000000000228,crop_loss,28.001991229576863,0.49342168303233214,0.11377199772889846
150,1,0000000000000000028c,crop_loss,4.15868975907573,0.2933814245522615,0.05601745105321104
150,1,0000000000000000028d,crop_loss,30.88570266034225,0.6722515437274933,0.06963834393150292
150,1,00000000000000000291,crop_loss,17.166650521566403,0.8835830152995106,0.023620826423274233
150,1,000000000000000002c5,crop_loss,32.06153503008589,0.3299388296180124,0.0931966858366145
150,1,000000000000000002dc,crop_loss,58.939084376296016,0.6552673660737526,0.061471512854609944
150,1,000000000000000002e4,crop_loss,47.140072122721854,0.3245960292268183,0.05898305487530314
150,1,000000000000000002ec,crop_loss,56.089390414225555,0.49621624399691777,0.07886253768319001
150,1,00000000000000000314,crop_loss,32.70542223260008,0.08388439821396483,0.054908556456112534
150,1,00000000000000000335,crop_loss,55.7807537522351,0.45563045303810257,0.05850122904069455
150,1,0000000000000000033a,crop_loss,31.493923473026452,0.5005466063201536,0.069057500756467
150,1,000000000000000003b0,crop_loss,53.31871566590172,0.20060452463738848,0.06928102408225348
150,1,000000000000000003c8,crop_loss,42.35653615120956,0.20123968049118335,0.04253619136447803
150,1,000000000000000003f1,crop_loss,52.84624339975614,0.46117080974416497,0.06845181389332955
150,1,000000000000000003f2,crop_loss,41.75894325772765,0.4735377769029875,0.049343021365580664
150,1,0000000000000000044b,crop_loss,14.233537970680613,0.5615837862045329,0.03671077734402772
150,1,0000000000000000046c,crop_loss,50.30066508316253,0.5357463684239784,0.09690879976451966
150,1,00000000000000000480,crop_loss,11.766305287228953,0.8567300922853651,0.06733443965895591
150,1,00000000000000000483,crop_loss,10.897298851035293,0.7408760136529803,0.06536830462323195
150,1,00000000000000000485,crop_loss,44.92971927820077,0.7060141217107646,0.041073747326210386
150,1,00000000000000000497,crop_loss,37.65192857453983,0.21259789640252566,0.056132797276006424
150,1,0000000000000000049b,crop_loss,42.72708974354201,0.35161480968741043,0.03729410502535829
150,1,000000000000000004a1,crop_loss,41.887487880774664,0.3416695132810947,0.05293273571247192
150,1,000000000000000004e7,crop_loss,29.312812917262313,0.49166479358293025,0.03132217414039373
150,1,000000000000000004e9,crop_loss,15.928547218673321,0.4010421286605131,0.13254681476804414
150,1,000000000000000004ee,crop_loss,21.293581234419772,0.3721790002454772,0.1401397536336132
150,1,000000000000000004f9,crop_loss,46.997589291613465,0.3837547872339989,0.152438956603285
150,1,00000000000000000517,crop_loss,31.967762663265834,0.29120649843351804,0.10871287129463947
150,1,00000000000000000538,crop_loss,1.0685986317845808,0.2983043046405202,0.03546996440217154
150,1,0000000000000000057e,crop_loss,4.158952815208491,0.5358085061666811,0.031483256191279896
150,1,000000000000000005d1,crop_loss,18.275985127453893,0.16050577499238275,0.07431851548401491
150,1,00000000000000000611,crop_loss,51.79353999600893,0.6609959646068169,0.054394525462694965
150,1,0000000000000000062f,crop_loss,48.68038900434183,0.5189866075066791,0.1361446642756718
150,1,00000000000000000632,crop_loss,14.457531963776711,0.07760612022770436,0.02147312796622758
150,1,0000000000000000063e,crop_loss,51.98967950278331,0.30669227292205414,0.06615544389569084
150,1,00000000000000000655,crop_loss,35.38795572720319,0.49831877957148857,0.2031302288270112
150,1,00000000000000000697,crop_loss,60.76281515842893,0.6132550711777822,0.06294811022659752
150,1,00000000000000000698,crop_loss,20.97627144562872,0.42099302482708684,0.04522668830669446
150,1,000000000000000006a8,crop_loss,54.535135326094824,0.3037153456781688,0.07602901693168101
150,1,000000000000000006b4,crop_loss,51.16472120355664,0.5110158297569112,0.07975746433708464
150,1,000000000000000006be,crop_loss,14.105658320654207,0.38453575747042557,0.050216397697227355
150,1,000000000000000006c0,crop_loss,2.9024138407949147,0.189895288625073,0.04642338200472351
150,1,000000000000000006ce,crop_loss,24.45701589863822,0.5757479885896909,0.11298049928279497
150,1,000000000000000006d9,crop_loss,40.41274600834852,0.19525570418023974,0.04956349093507095
150,1,000000000000000006e5,crop_loss,49.66214585649895,0.5256739526012502,0.08291328921058516
150,1,00000000000000000151,built_loss,9.360094126487255,0.265442856733288,0.043956898501156444
150,1,000000000000000001be,built_loss,6.071961033789559,0.5206204401588753,0.07134563812087541
150,1,0000000000000000034d,built_loss,6.247690128637943,0.4163067919364979,0.036379858969318335
150,1,000000000000000003c7,crop_loss,28.376599875834952,0.7228751326751425,0.06422359531170652
150,1,0000000000000000004a,built_loss,11.646809811328142,0.4380304112559874,0.028415386317433344
150,1,00000000000000000206,built_loss,40.62288140824974,0.7308194495942426,0.07064035412675174
150,1,000000000000000002a4,built_loss,10.504744996609903,0.41455546867861365,0.04602275055811478
150,1,000000000000000004f5,built_loss,8.549070367673387,0.4730860167823041,0.058758757002776996
150,1,000000000000000002cc,crop_loss,18.53345196322363,0.4275820775507934,0.14346407203651218
150,1,000000000000000006cc,crop_loss,24.607570481941607,0.3526536136100478,0.056124961246843685
150,1,0000000000000000016c,crop_loss,47.54058911507445,0.46753752703895085,0.06654923802800672
150,2,00000000000000000085,built_loss,16.035613538030827,0.3631663640492771,0.07826544611973973
150,2,00000000000000000114,built_loss,30.904657376238806,0.6923681393354556,0.04971688158434129
150,2,0000000000000000024c,built_loss,23.250517987269845,0.7217661874542202,0.04232679223976499
150,2,00000000000000000375,built_loss,37.263303631716866,0.6606734804943206,0.06962872689341515
150,2,000000000000000004d2,built_loss,28.33779858523623,0.6174197367774683,0.06340726332005131
150,2,000000000000000005bd,built_loss,5.018135706320348,0.5558227410704947,0.0534611074971022
150,2,00000000000000000281,crop_loss,46.46472109645384,0.5210575056903117,0.04425432257524192
150,2,000000000000000003a2,crop_loss,31.32321530795358,0.3460042648533932,0.10194667339596197
150,2,00000000000000000001,built_loss,26.78933335091252,0.4590845982756166,0.05736355714169322
150,2,00000000000000000049,built_loss,4.637268502563602,0.4872316804767936,0.037497419089975836
150,2,0000000000000000004f,built_loss,40.27727880058287,0.4249975312910619,0.07419955151181629
150,2,0000000000000000005a,built_loss,34.00519398019149,0.4369201573476987,0.03695684662338955
150,2,00000000000000000079,built_loss,65.32789349653204,0.6239126116383638,0.07970254868295323
150,2,00000000000000000087,built_loss,52.351852948075205,0.6178139691359287,0.11393003003762492
150,2,000000000000000000a1,built_loss,9.312042761848742,0.43488896720159975,0.05622168478847289
150,2,000000000000000000b8,built_loss,10.904206783643787,0.5220421199428794,0.13313068350074914
150,2,000000000000000000c0,built_loss,38.3459235055909,0.6351171825175534,0.05183459647353861
150,2,000000000000000000e2,built_loss,18.909881833977934,0.4135663564849569,0.08174645085167914
150,2,000000000000000000f0,built_loss,34.0910090813812,0.6630193931033378,0.06222847816583099
150,2,000000000000000000f8,built_loss,48.16467369975936,0.5400743607569853,0.07551152953793283
150,2,0000000000000000011c,built_loss,6.761284026194774,0.7389828009292023,0.04871389352510391
150,2,00000000000000000161,built_loss,43.093749600843196,0.65711722070094,0.06769254527885937
150,2,0000000000000000016a,built_loss,8.638922085799217,0.23317583264173908,0.057384146205974845
150,2,00000000000000000176,built_loss,27.629574286067207,0.6615548550344538,0.05060487972341832
150,2,000000000000000001a8,built_loss,52.69810436585362,0.5497113111374576,0.0666374506716012
150,2,000000000000000001cd,built_loss,52.24321145043397,0.753679259872356,0.07497348080759636
150,2,000000000000000001e5,built_loss,19.636224294264313,0.5709472819128658,0.06386340268653057
150,2,00000000000000000209,built_loss,51.902697208312404,0.6349915164565934,0.07882430529437645
150,2,00000000000000000231,built_loss,52.158795373171486,0.5622993171698476,0.07256665022013087
150,2,0000000000000000026d,built_loss,29.86659497019178,0.601262292090199,0.06770695462121878
150,2,00000000000000000278,built_loss,45.2997665704087,0.7750635107714446,0.0739686204241472
150,2,00000000000000000293,built_loss,30.89623724077132,0.48795977468129315,0.06195581143029416
150,2,00000000000000000316,built_loss,2.061422599149194,0.12162384246097079,0.019776706144006007
150,2,00000000000000000356,built_loss,39.52581528205804,0.535080073713655,0.12824945308003816
150,2,00000000000000000362,built_loss,50.30331946317412,0.5667466220102385,0.07763440623151674
150,2,00000000000000000363,built_loss,27.785497718865233,0.24287680760112684,0.05095513289255882
150,2,00000000000000000364,built_loss,56.23115526927675,0.6175855292717897,0.062221951757353455
150,2,00000000000000000380,built_loss,30.818286039448964,0.525685485951883,0.05789632094979247
150,2,00000000000000000384,built_loss,18.94153688485066,0.58885538517103,0.0485315165896546
150,2,0000000000000000039e,built_loss,9.024993106168385,0.487881240830049,0.05087998197828497
150,2,000000000000000003a1,built_loss,19.495298105187132,0.6130149084019404,0.06934436702707858
150,2,000000000000000003a5,built_loss,24.38546561082554,0.3921134355949531,0.08347314670348649
150,2,000000000000000003b7,built_loss,16.026210987808227,0.49445163660029096,0.028225624038289432
150,2,000000000000000003bf,built_loss,50.92748854759738,0.5377054476445713,0.053180616214020815
150,2,000000000000000003d2,built_loss,49.262570163777546,0.5954813221363031,0.0838146752038893
150,2,000000000000000003f8,built_loss,6.589711618575405,0.22420808734390568,0.03238737510448203
150,2,000000000000000003fa,built_loss,52.02777000107098,0.4130077840029607,0.053005035546480284
150,2,00000000000000000407,built_loss,48.4959686831356,0.5682527547252434,0.077475974964057
150,2,0000000000000000040f,built_loss,32.04368093449414,0.5250682124811523,0.023591055330115074
150,2,00000000000000000426,built_loss,33.91791859765618,0.5768263526395556,0.05549944335784607
150,2,0000000000000000042b,built_loss,40.63652545202007,0.5581481967435377,0.06727567466219375
150,2,00000000000000000442,built_loss,3.668098005344926,0.3522317433248658,0.19281922449986316
150,2,00000000000000000465,built_loss,50.740155947619655,0.6372457325106243,0.05674404177795356
150,2,0000000000000000047e,built_loss,18.717619611087777,0.5294646582891822,0.04938435266760921
150,2,00000000000000000490,built_loss,53.379599230633545,0.6458684614178537,0.06256650531748009
150,2,000000000000000004c0,built_loss,42.734860412396316,0.654097765164651,0.057068741170081205
150,2,000000000000000004c5,built_loss,13.34350425328964,0.5857275105207864,0.06722658608026832
150,2,000000000000000004d9,built_loss,43.22808365163201,0.555273898572005,0.04187986757712636
150,2,000000000000000004eb,built_loss,51.26894729049658,0.4467209164811979,0.032148876023302686
150,2,000000000000000004f7,built_loss,8.099991670425634,0.4781604416634002,0.03322393984554273
150,2,000000000000000004fe,built_loss,16.982999280975243,0.5043838390403447,0.02938658954534279
150,2,0000000000000000051d,built_loss,22.489895242196685,0.4904702946980422,0.1531991369217816
150,2,00000000000000000559,built_loss,39.98289123631242,0.6810919980426854,0.06978914494447641
150,2,00000000000000000576,built_loss,8.786155596418372,0.2788356567206948,0.04569419437835881
150,2,00000000000000000577,built_loss,10.288874955878578,0.48067875614312006,0.09224925164155595
150,2,0000000000000000057f,built_loss,2.355760254500327,0.40587015311680086,0.061225513486127536
150,2,00000000000000000594,built_loss,20.28685126159103,0.5250198885417601,0.15894648860211547
150,2,000000000000000005ad,built_loss,40.27766534030667,0.6725776043044409,0.06401696133437185
150,2,000000000000000005bf,built_loss,31.492427380136075,0.40258851967896486,0.048509012830371345
150,2,000000000000000005cc,built_loss,10.985993475790739,0.35845561986159946,0.030317622128991473
150,2,000000000000000005de,built_loss,35.34462297655743,0.4339816490240664,0.02946446484442744
150,2,000000000000000005e7,built_loss,39.9985651869368,0.6521733575547827,0.06796967512444141
150,2,000000000000000005f9,built_loss,16.95399123402857,0.6597518526819456,0.08022206916261176
150,2,0000000000000000061c,built_loss,20.875701417368987,0.3909313587689479,0.04654121136658412
150,2,00000000000000000624,built_loss,4.6138460104647665,0.5099008333604312,0.06847615229983961
150,2,00000000000000000626,built_loss,34.92733920049575,0.5026534080799426,0.051565894290930725
150,2,0000000000000000062a,built_loss,39.05226567881952,0.5625683101871305,0.04940458837285144
150,2,00000000000000000636,built_loss,23.606894210372285,0.49220980541367976,0.14493020064255024
150,2,0000000000000000064a,built_loss,3.466101135619444,0.2887673015865728,0.039915160768904556
150,2,0000000000000000064d,built_loss,15.928201751654493,0.4185874766232653,0.05584877123908111
150,2,00000000000000000694,built_loss,30.357998601747997,0.3728617198270508,0.03141717966637869
150,2,0000000000000000069d,built_loss,45.50861036522315,0.6542827768083687,0.07128879064191762
150,2,000000000000000006b7,built_loss,28.99862726008232,0.45981113485030506,0.03387855886206664
150,2,000000000000000006df,built_loss,18.510675716981254,0.22688738256828853,0.060398436531247324
150,2,000000000000000006e3,built_loss,31.767440716837136,0.40641446986790536,0.06004217861339223
150,2,00000000000000000011,crop_loss,46.20809555280344,0.6790975844843522,0.32466112687121806
150,2,0000000000000000002b,crop_loss,48.91659257353273,0.17438623625133176,0.08730993753806904
150,2,0000000000000000002d,crop_loss,57.304474238895764,0.4783397759887843,0.06515356300383796
150,2,0000000000000000003a,crop_loss,45.52809369449322,0.3023905604641528,0.05972932040191886
150,2,0000000000000000009b,crop_loss,17.401642068198047,0.49576633413891497,0.013292990569339413
150,2,0000000000000000009d,crop_loss,7.049637598632418,0.38517613140190565,0.05998749101352713
150,2,000000000000000000a8,crop_loss,34.14851261038785,0.20503469978114078,0.0289197604719911
150,2,000000000000000000da,crop_loss,27.494722951495092,0.7612762233189898,0.040537870383058894
150,2,000000000000000000e3,crop_loss,55.98915339965962,0.4768480723616143,0.06784074967341752
150,2,000000000000000000e9,crop_loss,5.331778489168599,0.41970445681316637,0.09125566856407474
150,2,0000000000000000011b,crop_loss,33.97003081713882,0.47638962684174196,0.02868604957469717
150,2,00000000000000000128,crop_loss,34.830193854894866,0.5395815877593501,0.02685280439403004
150,2,00000000000000000192,crop_loss,43.83469048926729,0.5609364714145779,0.030090392067069538
150,2,00000000000000000196,crop_loss,25.790134544017015,0.2396113197162778,0.03568392507049331
150,2,000000000000000001a6,crop_loss,40.273000436357556,0.2653153155452928,0.09495802774555212
150,2,000000000000000001e4,crop_loss,45.55048396114623,0.48316896560235223,0.046054108905154656
150,2,000000000000000001f9,crop_loss,47.41732790959297,0.498182938519541,0.26269582752745274
150,2,00000000000000000228,crop_loss,28.690257519934487,0.4851843500636897,0.14375994957221389
150,2,0000000000000000028c,crop_loss,4.239498595344154,0.29662299769488143,0.04906864550745227
150,2,0000000000000000028d,crop_loss,29.330729269221926,0.6780090677000267,0.08595302838898455
150,2,00000000000000000291,crop_loss,16.341460543134886,0.8808872206038288,0.016190832199051708
150,2,000000000000000002c5,crop_loss,32.622219321825945,0.32813103215247236,0.08309492867303342
150,2,000000000000000002dc,crop_loss,52.97297893396069,0.6439047461333781,0.060841827510152324
150,2,000000000000000002e4,crop_loss,49.266987983720554,0.34975243080377993,0.07820750233703677
150,2,000000000000000002ec,crop_loss,50.222750517603096,0.5067165472879107,0.08789147918122331
150,2,00000000000000000314,crop_loss,33.50576093965511,0.09472598711462848,0.05572093564447162
150,2,00000000000000000335,crop_loss,55.20998228736293,0.4441795771478599,0.056216324634531856
150,2,0000000000000000033a,crop_loss,34.38686434104333,0.5243428622704908,0.05507218682624615
150,2,000000000000000003b0,crop_loss,52.48377203900583,0.20923891220231808,0.06276095117237046
150,2,000000000000000003c8,crop_loss,41.22675560808023,0.19571557680894608,0.040946296454054426
150,2,000000000000000003f1,crop_loss,52.84624339975614,0.46117080974416497,0.06323375294097094
150,2,000000000000000003f2,crop_loss,37.331446680773496,0.4728760249605541,0.05397616744676703
150,2,0000000000000000044b,crop_loss,14.552998698129672,0.5672505455572817,0.03622262521852948
150,2,0000000000000000046c,crop_loss,50.11191195353699,0.5130329530640949,0.09891353534599445
150,2,00000000000000000480,crop_loss,10.653450122604045,0.8690726354436378,0.051302685065675924
150,2,00000000000000000483,crop_loss,11.633771216557669,0.7400727220906742,0.06750625833364277
150,2,00000000000000000485,crop_loss,45.11800184719386,0.7061954244355924,0.03783062201950149
150,2,00000000000000000497,crop_loss,43.055125923143805,0.21689179361316716,0.05454147101083273
150,2,0000000000000000049b,crop_loss,41.84298951996957,0.35623903236120225,0.037801906060423274
150,2,000000000000000004a1,crop_loss,42.8064532825626,0.3490359202739767,0.05286718312848798
150,2,000000000000000004e7,crop_loss,26.831121468507348,0.4833408059941008,0.029260282414672878
150,2,000000000000000004e9,crop_loss,16.365499917295992,0.4092864938997345,0.1427762965539478
150,2,000000000000000004ee,crop_loss,21.57080163584883,0.34795958220625656,0.14144280050802782
150,2,000000000000000004f9,crop_loss,46.15081973606665,0.3590042759508618,0.14867394059004085
150,2,00000000000000000517,crop_loss,30.942159716956958,0.28023932213373565,0.09921797767920176
150,2,00000000000000000538,crop_loss,1.070172934748598,0.29440839265151447,0.03587464986465727
150,2,0000000000000000057e,crop_loss,4.256707277651304,0.5392607674433546,0.030823626654212677
150,2,000000000000000005d1,crop_loss,17.498960408650355,0.15241258019460535,0.061697386904932094
150,2,00000000000000000611,crop_loss,54.69836765293221,0.6492523320903071,0.05561936095923958
150,2,0000000000000000062f,crop_loss,47.164336560971606,0.49241799648961426,0.11024975491475114
150,2,00000000000000000632,crop_loss,14.755354393756123,0.08227426560881279,0.02105766177645052
150,2,0000000000000000063e,crop_loss,52.47679869122656,0.3006472877583271,0.06619247192897737
150,2,00000000000000000655,crop_loss,34.46259380923492,0.4932394308052459,0.1615495196306675
150,2,00000000000000000697,crop_loss,62.621855660269304,0.6113393902181522,0.06421888535577591
150,2,00000000000000000698,crop_loss,20.968219117125265,0.42336629208562737,0.04524575951110765
150,2,000000000000000006a8,crop_loss,57.26519311147558,0.2952507204066736,0.07255598916038308
150,2,000000000000000006b4,crop_loss,52.29718595112741,0.5282260237581818,0.11356483075716728
150,2,000000000000000006be,crop_loss,14.468865370462494,0.4016681020258391,0.07741776968237829
150,2,000000000000000006c0,crop_loss,2.9107693119585805,0.18960312936049092,0.04397625316144044
150,2,000000000000000006ce,crop_loss,24.926659305442076,0.5782983994931953,0.11335518405258227
150,2,000000000000000006d9,crop_loss,42.1556514523769,0.2091625411279813,0.05441999222555435
150,2,000000000000000006e5,crop_loss,52.16232244971834,0.520265886665866,0.08130763498677918
150,2,00000000000000000151,built_loss,8.576140272777025,0.2600840665502627,0.03330710910577811
150,2,000000000000000001be,built_loss,6.379728173963257,0.4963125785188395,0.07067309478937611
150,2,0000000000000000034d,built_loss,5.606190514924771,0.400681849579296,0.03794234837556015
150,2,000000000000000003c7,crop_loss,32.85247069174136,0.7173948927127861,0.06495476399708111
150,2,0000000000000000004a,built_loss,11.771250052696516,0.43830827825044527,0.030181548001825598
150,2,00000000000000000206,built_loss,46.22398080751554,0.7086790408979335,0.07817261939881615
150,2,000000000000000002a4,built_loss,10.608607876423507,0.40786317529047167,0.04470988737190956
150,2,000000000000000004f5,built_loss,8.632776171286993,0.4756987626826807,0.06278786723888835
150,2,000000000000000002cc,crop_loss,18.907914964486977,0.38807732758115115,0.17436158699316356
150,2,000000000000000006cc,crop_loss,25.138740281936418,0.3422579225573536,0.04415171371177795
150,2,0000000000000000016c,crop_loss,48.39897879516639,0.4663058081423486,0.08522698912693677
150,3,00000000000000000085,built_loss,15.988643697455169,0.3611355492022479,0.0702758783629715
150,3,00000000000000000114,built_loss,30.433161001443082,0.6965024391517285,0.0546465030319101
150,3,0000000000000000024c,built_loss,25.876493131861817,0.7146077771549769,0.04241933263681186
150,3,00000000000000000375,built_loss,39.27493931366431,0.652664514092622,0.04689433125823983
150,3,000000000000000004d2,built_loss,27.717891306685743,0.6146418548651771,0.06646354925250109
150,3,000000000000000005bd,built_loss,4.642580107701274,0.5707908506416141,0.06615136950451295
150,3,00000000000000000281,crop_loss,45.27639527071853,0.5241536764555343,0.04683824135136805
150,3,000000000000000003a2,crop_loss,31.874718395736355,0.36629264306708365,0.11139166887783475
150,3,00000000000000000001,built_loss,28.10143837251517,0.45940515036201796,0.05304844315132501
150,3,00000000000000000049,built_loss,4.878559834116311,0.48846146957457753,0.03608671269353386
150,3,0000000000000000004f,built_loss,40.09037133271539,0.431942793161853,0.0694400354225383
150,3,0000000000000000005a,built_loss,34.2298078195842,0.4340399872108469,0.036493140502393495
150,3,00000000000000000079,built_loss,64.77948920307952,0.6374262660727618,0.07181554346409968
150,3,00000000000000000087,built_loss,54.2136439944158,0.5652045289856535,0.12537570563265332
150,3,000000000000000000a1,built_loss,9.018637296482108,0.45030090942020756,0.05823778649185424
150,3,000000000000000000b8,built_loss,10.85167423888663,0.5020387403425647,0.12767342129058862
150,3,000000000000000000c0,built_loss,39.184608510769884,0.6420567895178109,0.04937763827632746
150,3,000000000000000000e2,built_loss,20.504721774997414,0.38105975835121497,0.06653310402816698
150,3,000000000000000000f0,built_loss,33.74827103756746,0.6810086489249768,0.08132024069219224
150,3,000000000000000000f8,built_loss,50.30893143639163,0.5459496681532778,0.06961135759572923
150,3,0000000000000000011c,built_loss,7.4893035771352,0.7293556659351338,0.04610172870734519
150,3,00000000000000000161,built_loss,42.7983457325477,0.6534590885840392,0.05810063255890552
150,3,0000000000000000016a,built_loss,8.753183203767358,0.2517478622701141,0.04764286018444369
150,3,00000000000000000176,built_loss,26.099006818205535,0.657697684861151,0.04502838327391778
150,3,000000000000000001a8,built_loss,53.224566014494606,0.5374020437386389,0.06644055051332054
150,3,000000000000000001cd,built_loss,51.87495354172854,0.7822088789478683,0.07099635622775635
150,3,000000000000000001e5,built_loss,21.07577837277021,0.5663263572915532,0.07916194838753232
150,3,00000000000000000209,built_loss,56.94305226151268,0.6205872429734074,0.08286996790306767
150,3,00000000000000000231,built_loss,54.105173982565596,0.5384299705887364,0.06265510580981049
150,3,0000000000000000026d,built_loss,31.32932252838861,0.583936103132937,0.0779457538609224
150,3,00000000000000000278,built_loss,44.44357390393327,0.7712516442000461,0.0682604836730748
150,3,00000000000000000293,built_loss,34.55608345854483,0.4610473300010798,0.06966522525976365
150,3,00000000000000000316,built_loss,1.9729372117344268,0.12238458210793254,0.017172262310631056
150,3,00000000000000000356,built_loss,40.393682750321055,0.5291076331781241,0.10349339774556554
150,3,00000000000000000362,built_loss,50.92909578713601,0.5607173968653555,0.06848309934880858
150,3,00000000000000000363,built_loss,26.696665001542154,0.24168959472629248,0.03474809814330693
150,3,00000000000000000364,built_loss,56.45933897272158,0.6107538142901517,0.06777071819385416
150,3,00000000000000000380,built_loss,35.446327786142064,0.5088290911956594,0.06259482347507239
150,3,00000000000000000384,built_loss,17.965726281629816,0.5798122899808184,0.049275808381095354
150,3,0000000000000000039e,built_loss,9.010533274768688,0.49332371085937526,0.04741517132791123
150,3,000000000000000003a1,built_loss,18.647701850085507,0.618167528281296,0.06256644893836272
150,3,000000000000000003a5,built_loss,24.330967500211962,0.393582664683952,0.0765348337603125
150,3,000000000000000003b7,built_loss,16.299873017252704,0.49282643310769536,0.029892929169281324
150,3,000000000000000003bf,built_loss,48.695853140782134,0.5252117978905456,0.03793952291563951
150,3,000000000000000003d2,built_loss,50.49780866578454,0.6088475388213717,0.09016583604723494
150,3,000000000000000003f8,built_loss,6.637183516116124,0.2231120528948819,0.03247384456929989
150,3,000000000000000003fa,built_loss,51.94835452485648,0.41589495432545004,0.048948612648053835
150,3,00000000000000000407,built_loss,45.692809428256794,0.5551822034048405,0.07386615295937482
150,3,0000000000000000040f,built_loss,31.09306148657481,0.5225260038864845,0.021749048388768344
150,3,00000000000000000426,built_loss,34.098332093058175,0.5691983867368943,0.05515652041967811
150,3,0000000000000000042b,built_loss,40.6051302669052,0.584782562401886,0.0598360703998857
150,3,00000000000000000442,built_loss,4.164355433843818,0.40252487103512224,0.2264536671872503
150,3,00000000000000000465,built_loss,49.34122602848118,0.6165560834687588,0.059677096576639777
150,3,0000000000000000047e,built_loss,20.304992208956907,0.5326811785326627,0.050263965354212736
150,3,00000000000000000490,built_loss,54.58407099386364,0.6539975735510796,0.06450786777153483
150,3,000000000000000004c0,built_loss,42.275925899116785,0.632212781858508,0.050247206288200674
150,3,000000000000000004c5,built_loss,14.18436892145515,0.591539693766617,0.0749546631226975
150,3,000000000000000004d9,built_loss,41.8852770707944,0.5600386826455863,0.04806856317721098
150,3,000000000000000004eb,built_loss,52.95208204008766,0.4584442123223945,0.03604596995296355
150,3,000000000000000004f7,built_loss,8.125460704678861,0.4825969445245762,0.033807709623147164
150,3,000000000000000004fe,built_loss,17.553059027646757,0.5061118924352862,0.0379528581073888
150,3,0000000000000000051d,built_loss,25.171204130750926,0.562560961254444,0.17385292376439782
150,3,00000000000000000559,built_loss,39.69935466871385,0.6860016947789346,0.06534362132277927
150,3,00000000000000000576,built_loss,8.55023483606555,0.2786555944794905,0.050332612891564654
150,3,00000000000000000577,built_loss,10.395311607702077,0.46866163994224475,0.09718278266613717
150,3,0000000000000000057f,built_loss,2.2860522608425136,0.4067992474299404,0.057206160816579976
150,3,00000000000000000594,built_loss,23.045937700947857,0.5536840283130663,0.1585810900089556
150,3,000000000000000005ad,built_loss,42.20802616239985,0.6519884085580495,0.06080198700653683
150,3,000000000000000005bf,built_loss,30.158251168182886,0.40147421217562734,0.04357802802533278
150,3,000000000000000005cc,built_loss,11.460827034157115,0.3570329234021526,0.03711183401978457
150,3,000000000000000005de,built_loss,38.54322899716241,0.4334395223416715,0.030319662011976833
150,3,000000000000000005e7,built_loss,41.129411900743435,0.6618669997877802,0.06101968966305593
150,3,000000000000000005f9,built_loss,17.24786690978371,0.6530724496377631,0.08212205183100074
150,3,0000000000000000061c,built_loss,21.937225039555596,0.40598514262826096,0.050151002734755756
150,3,00000000000000000624,built_loss,4.526969136226708,0.5200530529264609,0.06292905190166481
150,3,00000000000000000626,built_loss,35.70617728087117,0.5037534192654171,0.046542175279044085
150,3,0000000000000000062a,built_loss,40.68383383092814,0.5694111262997209,0.049627955489126685
150,3,00000000000000000636,built_loss,23.45725542513856,0.47806811959709805,0.1352358980352053
150,3,0000000000000000064a,built_loss,3.5516122803110997,0.29764043651441663,0.03434528431673162
150,3,0000000000000000064d,built_loss,13.583200659534157,0.4396350828258304,0.06322638149185511
150,3,00000000000000000694,built_loss,30.1498253033836,0.3660636354057041,0.027437601121130972
150,3,0000000000000000069d,built_loss,41.03714159633837,0.6407889501422539,0.05485477697638608
150,3,000000000000000006b7,built_loss,29.660196595544967,0.46850910288593933,0.0496502038602768
150,3,000000000000000006df,built_loss,18.388185882939943,0.22928794584381154,0.0805591055304922
150,3,000000000000000006e3,built_loss,31.208247609535224,0.4193056248395971,0.08068449687546408
150,3,00000000000000000011,crop_loss,45.7269432838558,0.7755392661873154,0.3402961525638972
150,3,0000000000000000002b,crop_loss,50.61361064352484,0.18491830864403655,0.08998997480136253
150,3,0000000000000000002d,crop_loss,55.27714661676391,0.46809953888180816,0.05871522920007394
150,3,0000000000000000003a,crop_loss,45.909577729615066,0.3094329614981764,0.07732392510469077
150,3,0000000000000000009b,crop_loss,17.528954347512034,0.49572942330841446,0.012286945452097908
150,3,0000000000000000009d,crop_loss,7.9679126059457035,0.37600330429336604,0.057910709584178044
150,3,000000000000000000a8,crop_loss,34.673149286773516,0.21053058284719953,0.027201869593880768
150,3,000000000000000000da,crop_loss,29.71798287465332,0.7604043336872773,0.04313985972711687
150,3,000000000000000000e3,crop_loss,57.772688824709746,0.4939890857875201,0.0774516682727463
150,3,000000000000000000e9,crop_loss,5.283130089100397,0.4156717660661172,0.0902959653727135
150,3,0000000000000000011b,crop_loss,32.5110267051348,0.4809255879789229,0.034879427407641106
150,3,00000000000000000128,crop_loss,33.86978387957183,0.5355510611579958,0.024017027085456277
150,3,00000000000000000192,crop_loss,48.24478675581974,0.5608467292225602,0.029463798082632775
150,3,00000000000000000196,crop_loss,26.012244959052087,0.23459673362506536,0.042887855266309255
150,3,000000000000000001a6,crop_loss,39.387971896580595,0.28238112887365696,0.0875148390815397
150,3,000000000000000001e4,crop_loss,42.87510173627581,0.5029919147549757,0.04683232917647456
150,3,000000000000000001f9,crop_loss,48.18079895931922,0.5161064762969055,0.26520217531832585
150,3,00000000000000000228,crop_loss,27.975541733280963,0.49441296485082875,0.1374592263332432
150,3,0000000000000000028c,crop_loss,4.267774844239624,0.30456603051732994,0.05141913356075484
150,3,0000000000000000028d,crop_loss,28.374307859743066,0.6722515437274933,0.07414610037506997
150,3,00000000000000000291,crop_loss,16.259113285840613,0.8844702685418224,0.021248430908149873
150,3,000000000000000002c5,crop_loss,31.80399899275431,0.3200799581916303,0.08128518050392403
150,3,000000000000000002dc,crop_loss,55.47253288942605,0.6517880362718016,0.05727637541647268
150,3,000000000000000002e4,crop_loss,50.171890442286106,0.3272220967691951,0.06303828765066422
150,3,000000000000000002ec,crop_loss,52.67085535246517,0.4740996354237567,0.08136049587283678
150,3,00000000000000000314,crop_loss,32.61713473369033,0.0811647675367735,0.05810797685438086
150,3,00000000000000000335,crop_loss,51.732545557807846,0.46155631883339626,0.05499839889886682
150,3,0000000000000000033a,crop_loss,34.05384080024518,0.5235439960558488,0.06661959074539142
150,3,000000000000000003b0,crop_loss,53.47608736967953,0.19697191724849977,0.07135669939391079
150,3,000000000000000003c8,crop_loss,42.96767715795195,0.19445782072709175,0.04276419789296837
150,3,000000000000000003f1,crop_loss,52.84624339975614,0.45923536478513016,0.0694817668911844
150,3,000000000000000003f2,crop_loss,41.04060802902845,0.4653765214323448,0.05421497041955359
150,3,0000000000000000044b,crop_loss,13.846955038061914,0.5617770072462855,0.0361572861369468
150,3,0000000000000000046c,crop_loss,51.87004780326431,0.5343002858571053,0.09898530548206436
150,3,00000000000000000480,crop_loss,11.507785206144195,0.8517225413733578,0.09421690065991906
150,3,00000000000000000483,crop_loss,11.159758090530014,0.7473234435617084,0.07286330640273542
150,3,00000000000000000485,crop_loss,45.41354154747494,0.6927773199419729,0.041647693066076186
150,3,00000000000000000497,crop_loss,42.12025952127419,0.21659158945118048,0.06764781705555867
150,3,0000000000000000049b,crop_loss,41.48874582312262,0.3593125953789491,0.0390462302879061
150,3,000000000000000004a1,crop_loss,42.36544598991162,0.37153327955226506,0.0510908951963443
150,3,000000000000000004e7,crop_loss,27.839900691389904,0.48549847070701,0.026276166257920952
150,3,000000000000000004e9,crop_loss,16.163034111499744,0.34318524386727534,0.1203054274896444
150,3,000000000000000004ee,crop_loss,22.51770082445756,0.3881377475527857,0.1592874987770515
150,3,000000000000000004f9,crop_loss,46.314794664204484,0.34410764437275787,0.12171301522324657
150,3,00000000000000000517,crop_loss,32.964626749711364,0.28519143814497755,0.18102493783129495
150,3,00000000000000000538,crop_loss,1.0636810224579456,0.30226748814901505,0.03661656992803325
150,3,0000000000000000057e,crop_loss,4.220757583649063,0.5369000227630525,0.029318854648768933
150,3,000000000000000005d1,crop_loss,17.167591673108404,0.1563952459373987,0.05321764827036585
150,3,00000000000000000611,crop_loss,54.693712083086794,0.6526720850042346,0.06617588671556651
150,3,0000000000000000062f,crop_loss,50.55901573429566,0.49499964771111826,0.12999897452944487
150,3,00000000000000000632,crop_loss,14.734521917586422,0.07951301629404947,0.021413491325503686
150,3,0000000000000000063e,crop_loss,50.9339884114474,0.31708984016969344,0.06894260922067785
150,3,00000000000000000655,crop_loss,37.88331185385093,0.5023718880013578,0.13549086131238397
150,3,00000000000000000697,crop_loss,60.74014073330339,0.6181218430013746,0.07304084268585131
150,3,00000000000000000698,crop_loss,20.946715510706074,0.42319412577851034,0.056523198899151084
150,3,000000000000000006a8,crop_loss,58.085342669542605,0.29712821508137316,0.0630175172215105
150,3,000000000000000006b4,crop_loss,52.44910534803705,0.5131975148102497,0.0996418474101336
150,3,000000000000000006be,crop_loss,15.671227646437792,0.38497378980729363,0.06436267152945768
150,3,000000000000000006c0,crop_loss,2.8746497840582386,0.18570246012261385,0.041725220699950105
150,3,000000000000000006ce,crop_loss,25.07758752713909,0.580923745407804,0.10894275571280221
150,3,000000000000000006d9,crop_loss,42.442345844303844,0.19038565114608064,0.045857439747251705
150,3,000000000000000006e5,crop_loss,50.19096023666446,0.5229472113222173,0.0881179248063989
150,3,00000000000000000151,built_loss,8.90132083513893,0.2671521298820681,0.03995420995551874
150,3,000000000000000001be,built_loss,5.923015879294655,0.5230131288102737,0.07205028626165327
150,3,0000000000000000034d,built_loss,5.774092886452522,0.3992442967645289,0.04193602155428611
150,3,000000000000000003c7,crop_loss,28.365829516615175,0.7376588766637668,0.0616387723219034
150,3,0000000000000000004a,built_loss,11.65291998174779,0.44340551440550724,0.020901817507127385
150,3,00000000000000000206,built_loss,47.32975535264834,0.7078073421266486,0.08427295071456298
150,3,000000000000000002a4,built_loss,10.896716465174737,0.4057437368486271,0.051593500438292694
150,3,000000000000000004f5,built_loss,8.286423744564855,0.48172125731436083,0.07191964027049791
150,3,000000000000000002cc,crop_loss,18.017065062619732,0.4254823149873187,0.13228852695481463
150,3,000000000000000006cc,crop_loss,25.20280349023492,0.34486888671059934,0.04084370823957384
150,3,0000000000000000016c,crop_loss,46.55105145383337,0.4651231736147512,0.06863421617109139
150,4,00000000000000000085,built_loss,15.531081063863201,0.3676127242655157,0.07839559647382655
150,4,00000000000000000114,built_loss,29.33759716391067,0.6946650737310048,0.047993999713272006
150,4,0000000000000000024c,built_loss,24.274244353351648,0.7238312981089765,0.047000827116308486
150,4,00000000000000000375,built_loss,38.45593435748816,0.6591563501805335,0.06528045587433917
150,4,000000000000000004d2,built_loss,28.188025630944875,0.6100627181056387,0.0634377279222077
150,4,000000000000000005bd,built_loss,4.867567843808743,0.56065592389904,0.059458805451585106
150,4,00000000000000000281,crop_loss,47.207183847507565,0.5261180337924944,0.0382384247223535
150,4,000000000000000003a2,crop_loss,32.12225595984129,0.33256126644456685,0.07918483016471789
150,4,00000000000000000001,built_loss,26.350981289362664,0.44824453126606567,0.054061002795691704
150,4,00000000000000000049,built_loss,4.02380710327598,0.49376828218761304,0.0309189874253622
150,4,0000000000000000004f,built_loss,43.03537227797919,0.4568142651394395,0.09812904555990709
150,4,0000000000000000005a,built_loss,32.17787339538939,0.4453075858478968,0.03298463095943549
150,4,00000000000000000079,built_loss,65.02732668396452,0.6245524179235877,0.07657536770879414
150,4,00000000000000000087,built_loss,52.877837352690776,0.62463041985307,0.10869685981010646
150,4,000000000000000000a1,built_loss,9.152282245451568,0.4527060246019506,0.04257722213574194
150,4,000000000000000000b8,built_loss,11.109314687169737,0.5328105981019151,0.12419487970073562
150,4,000000000000000000c0,built_loss,39.77265079456202,0.6364491319099822,0.043738111444699745
150,4,000000000000000000e2,built_loss,19.244896719024112,0.39154320249005337,0.06742130526094803
150,4,000000000000000000f0,built_loss,31.773904767096806,0.6816858623884048,0.07933873640679423
150,4,000000000000000000f8,built_loss,47.39562143709963,0.5319966028766672,0.0833055644627213
150,4,0000000000000000011c,built_loss,6.802427689254452,0.7365225205351091,0.04290677637760265
150,4,00000000000000000161,built_loss,43.01150546735538,0.6534590885840392,0.05119462346074699
150,4,0000000000000000016a,built_loss,9.47789357682374,0.2542377164920675,0.06170759442491497
150,4,00000000000000000176,built_loss,26.041359320298778,0.6510910402324337,0.04322968181168352
150,4,000000000000000001a8,built_loss,48.541875814468504,0.5600327980661378,0.0771055559902607
150,4,000000000000000001cd,built_loss,51.329480418792826,0.7652861552901833,0.07821571503052394
150,4,000000000000000001e5,built_loss,21.400092453634056,0.5639615301452595,0.07016497112392495
150,4,00000000000000000209,built_loss,58.084881767602276,0.6310449206938467,0.08442226359437932
150,4,00000000000000000231,built_loss,49.70642469617555,0.5547614895835071,0.06827978008496538
150,4,0000000000000000026d,built_loss,31.00259033271666,0.5822006373671869,0.07210969480523988
150,4,00000000000000000278,built_loss,42.57708200116703,0.7808372995661473,0.06706419342725345
150,4,00000000000000000293,built_loss,29.001262661491097,0.4833606710932437,0.07104790826800411
150,4,00000000000000000316,built_loss,2.06224285416464,0.12113909395643173,0.017295549451466344
150,4,00000000000000000356,built_loss,38.91800340604227,0.5243966236321467,0.1102400326375283
150,4,00000000000000000362,built_loss,49.38564278571129,0.5564483771975598,0.06284614065955008
150,4,00000000000000000363,built_loss,27.261128769482525,0.248371180346346,0.04271256640613938
150,4,00000000000000000364,built_loss,56.00788334161694,0.6128106434393079,0.06864634242184475
150,4,00000000000000000380,built_loss,32.36565315026423,0.5090052462488465,0.058042148072688815
150,4,00000000000000000384,built_loss,17.898410872648945,0.5845456364456243,0.04231083016360937
150,4,0000000000000000039e,built_loss,8.547664243517652,0.48729767797509466,0.05698312854425919
150,4,000000000000000003a1,built_loss,20.587035828564126,0.6073637973720005,0.050778991019479136
150,4,000000000000000003a5,built_loss,24.528844264115605,0.3823166645478162,0.0706817937614243
150,4,000000000000000003b7,built_loss,16.539886961344745,0.48774329687580387,0.026924283123089143
150,4,000000000000000003bf,built_loss,52.33724576125887,0.5318702895389278,0.04251703256209982
150,4,000000000000000003d2,built_loss,51.18463206522225,0.5967853154275988,0.08668067570570614
150,4,000000000000000003f8,built_loss,6.663871526334903,0.22210814586227096,0.03651153649618441
150,4,000000000000000003fa,built_loss,49.803317110285725,0.4151087901334898,0.04412893962438563
150,4,00000000000000000407,built_loss,47.52062342600624,0.5643502925209818,0.07265193476682252
150,4,0000000000000000040f,built_loss,31.585676642863582,0.5212056471332102,0.022967694246462722
150,4,00000000000000000426,built_loss,31.246215451636797,0.5789264471831489,0.05689038161351523
150,4,0000000000000000042b,built_loss,41.16221390093488,0.5748906132441031,0.06962508553986202
150,4,00000000000000000442,built_loss,4.0816510105400186,0.35738478381164684,0.19584657931570887
150,4,00000000000000000465,built_loss,45.42203775216912,0.6171826506016085,0.061382584531060935
150,4,0000000000000000047e,built_loss,20.703748054168592,0.5322840632994854,0.05590972148734519
150,4,00000000000000000490,built_loss,55.57133644097059,0.6527149897214952,0.053555028002478466
150,4,000000000000000004c0,built_loss,41.313552464981186,0.6460529912014273,0.04423029613123253
150,4,000000000000000004c5,built_loss,14.023592816519356,0.58387181141451,0.0631587354054094
150,4,000000000000000004d9,built_loss,42.13093573841075,0.5520979380396841,0.03581425571803476
150,4,000000000000000004eb,built_loss,51.83672049221364,0.44729028272588345,0.0320060749125714
150,4,000000000000000004f7,built_loss,8.299310651965364,0.4801821084494384,0.03106334488702156
150,4,000000000000000004fe,built_loss,16.33208618688723,0.494685108239043,0.02848186108962031
150,4,0000000000000000051d,built_loss,23.5128608204592,0.49162102414722,0.1413901823822012
150,4,00000000000000000559,built_loss,42.07943916440728,0.6853158425806496,0.07533508798227373
150,4,00000000000000000576,built_loss,9.297796538262528,0.27163492304440395,0.0454920378654263
150,4,00000000000000000577,built_loss,10.077545440013203,0.4851211826475642,0.08807604420865911
150,4,0000000000000000057f,built_loss,2.34141445463651,0.3964967231493701,0.06919532465681888
150,4,00000000000000000594,built_loss,23.313408464810234,0.5160637828298875,0.17855656256889918
150,4,000000000000000005ad,built_loss,41.24809154261294,0.6592483148365994,0.05579880592417352
150,4,000000000000000005bf,built_loss,30.8804525770968,0.40499410211320547,0.050278981583586124
150,4,000000000000000005cc,built_loss,10.389027424508669,0.35706256161303473,0.0341270326039077
150,4,000000000000000005de,built_loss,36.53501334882047,0.4349508180498624,0.028085335438669534
150,4,000000000000000005e7,built_loss,41.639176589875596,0.6629014065744561,0.07205039107067868
150,4,000000000000000005f9,built_loss,17.63693018633098,0.6528126932926857,0.07458229850215659
150,4,0000000000000000061c,built_loss,21.79191136057499,0.4068126253798731,0.05062997832852706
150,4,00000000000000000624,built_loss,4.624724051196277,0.5170924516893968,0.08053550154396494
150,4,00000000000000000626,built_loss,33.12608613971782,0.5031604306689388,0.04080398764680537
150,4,0000000000000000062a,built_loss,38.85538087201524,0.5703040960270622,0.05372738288713241
150,4,00000000000000000636,built_loss,26.12671338476984,0.4805169853439446,0.14178629661290826
150,4,0000000000000000064a,built_loss,3.5912250463237085,0.2964054171449866,0.030655443481570788
150,4,0000000000000000064d,built_loss,14.518116069952818,0.42531969636845623,0.06347040069814736
150,4,00000000000000000694,built_loss,28.612534317577605,0.3757608912186886,0.033461796875654815
150,4,0000000000000000069d,built_loss,42.91710589394608,0.6589756780297952,0.06012658309094754
150,4,000000000000000006b7,built_loss,32.30492643938244,0.46462428411691564,0.04693103452930997
150,4,000000000000000006df,built_loss,19.05640690281135,0.2148401400196831,0.06222381237477076
150,4,000000000000000006e3,built_loss,30.543526300010896,0.431337658927323,0.08376170117753495
150,4,00000000000000000011,crop_loss,45.16900595304525,0.7721403094174925,0.29099960321282126
150,4,0000000000000000002b,crop_loss,48.11373387132406,0.16083893495052526,0.09215420972217436
150,4,0000000000000000002d,crop_loss,56.737328091783134,0.4679724126928582,0.053737499663371435
150,4,0000000000000000003a,crop_loss,48.289260632612915,0.296789006676627,0.0695951415602708
150,4,0000000000000000009b,crop_loss,18.463733117550444,0.4944065274402692,0.015038686876835683
150,4,0000000000000000009d,crop_loss,7.755937302026231,0.37527250017722247,0.06667061401908358
150,4,000000000000000000a8,crop_loss,34.917710182491426,0.20818125362885853,0.02562837301277826
150,4,000000000000000000da,crop_loss,28.320018548590408,0.7621306004993247,0.03748569375004662
150,4,000000000000000000e3,crop_loss,57.817741793940876,0.49133861738588175,0.055625519058984774
150,4,000000000000000000e9,crop_loss,5.106515758595853,0.425667214754078,0.09636867611850691
150,4,0000000000000000011b,crop_loss,32.670607954655374,0.4889699635942672,0.03711362204662405
150,4,00000000000000000128,crop_loss,36.173419198644496,0.5429074267456888,0.025430519872086665
150,4,00000000000000000192,crop_loss,45.30133125188318,0.561039319990933,0.029444069103334747
150,4,00000000000000000196,crop_loss,22.444449762784046,0.23965555598393018,0.04046102337063456
150,4,000000000000000001a6,crop_loss,39.06202064743363,0.2947685978514528,0.0840832966847877
150,4,000000000000000001e4,crop_loss,44.00819020752215,0.497158148773362,0.054397480816473665
150,4,000000000000000001f9,crop_loss,48.23036688475055,0.4856983082406409,0.2908322865679184
150,4,00000000000000000228,crop_loss,28.028727892607687,0.5002864583375413,0.12884789325874463
150,4,0000000000000000028c,crop_loss,3.956460419778719,0.30976900824723885,0.05797081448879826
150,4,0000000000000000028d,crop_loss,28.699613918080683,0.666923185054105,0.06052282196862191
150,4,00000000000000000291,crop_loss,16.008551842995445,0.8846230390768367,0.01814612959825168
150,4,000000000000000002c5,crop_loss,33.309685661097106,0.34736631136161333,0.07616343309629281
150,4,000000000000000002dc,crop_loss,57.08540959912983,0.6443708624610802,0.06079809554133475
150,4,000000000000000002e4,crop_loss,46.65219969951262,0.3133729470500514,0.07878968769639194
150,4,000000000000000002ec,crop_loss,52.08311191141425,0.48795479092234106,0.07746093131433429
150,4,00000000000000000314,crop_loss,32.06343070628989,0.07638913702153144,0.05370941847533556
150,4,00000000000000000335,crop_loss,53.98681090110614,0.4391268314457975,0.06215090265155959
150,4,0000000000000000033a,crop_loss,34.09280438084592,0.5266223199805969,0.05087505324088415
150,4,000000000000000003b0,crop_loss,50.71131065723382,0.18828058286643448,0.05434454892529811
150,4,000000000000000003c8,crop_loss,43.08788426040893,0.19424283748538382,0.03458323277080458
150,4,000000000000000003f1,crop_loss,52.84624339975614,0.46117080974416497,0.06775793115626877
150,4,000000000000000003f2,crop_loss,37.97758645263504,0.4603779456723071,0.05840088032732288
150,4,0000000000000000044b,crop_loss,13.72175757903051,0.5681893402394959,0.03888526565531447
150,4,0000000000000000046c,crop_loss,50.56791622145262,0.5396806058832985,0.09512653197226706
150,4,00000000000000000480,crop_loss,11.312337977258426,0.862127708829204,0.05246560442783055
150,4,00000000000000000483,crop_loss,10.4736764746817,0.7432622573281925,0.057534622303315075
150,4,00000000000000000485,crop_loss,44.29754347414756,0.6982729399295661,0.039956145292270095
150,4,00000000000000000497,crop_loss,41.32835004651023,0.21894137070832795,0.06019935718776029
150,4,0000000000000000049b,crop_loss,39.88953509122631,0.36267327998354154,0.042187901765031344
150,4,000000000000000004a1,crop_loss,42.39639399616563,0.3540926909082535,0.06083095900477464
150,4,000000000000000004e7,crop_loss,29.62517046300255,0.49014822974217925,0.031497223470039026
150,4,000000000000000004e9,crop_loss,16.779855561716012,0.4036066512573871,0.14657213919251294
150,4,000000000000000004ee,crop_loss,22.989107828843657,0.3967039477534387,0.13219797893661067
150,4,000000000000000004f9,crop_loss,47.39181627090269,0.36366937014303485,0.12108787409500443
150,4,00000000000000000517,crop_loss,31.11845051217485,0.2906243611366573,0.13735127022845375
150,4,00000000000000000538,crop_loss,1.0696592627721544,0.30021188870548204,0.03463438291039295
150,4,0000000000000000057e,crop_loss,4.0554672368502995,0.5369000227630525,0.03485015101336919
150,4,000000000000000005d1,crop_loss,17.809471799331533,0.1442016326706473,0.053712810557060967
150,4,00000000000000000611,crop_loss,52.1595942878761,0.646645112909769,0.05974729324708339
150,4,0000000000000000062f,crop_loss,49.807988120873986,0.5235338959702579,0.11255090213848407
150,4,00000000000000000632,crop_loss,15.00816762925296,0.08009322846249675,0.024226265015330706
150,4,0000000000000000063e,crop_loss,52.93017957893195,0.3081839952544501,0.07766537241765137
150,4,00000000000000000655,crop_loss,32.58436488581217,0.5261538660533984,0.13763169691300448
150,4,00000000000000000697,crop_loss,64.02840622373442,0.6226293692694767,0.06736070478876788
150,4,00000000000000000698,crop_loss,21.386114294195732,0.4274662521324717,0.07021165708670679
150,4,000000000000000006a8,crop_loss,54.55467071419561,0.3028398007268563,0.06425218285717821
150,4,000000000000000006b4,crop_loss,52.18725291641921,0.5169806318606142,0.1053954890898553
150,4,000000000000000006be,crop_loss,16.1773714062115,0.4029338482591014,0.06315276219486787
150,4,000000000000000006c0,crop_loss,3.0137355727803836,0.1883291675570818,0.04341086250054316
150,4,000000000000000006ce,crop_loss,23.946850472247316,0.5952069241459008,0.10325571647913712
150,4,000000000000000006d9,crop_loss,40.51506942607455,0.20172401286879765,0.05093204499384246
150,4,000000000000000006e5,crop_loss,47.65307199286638,0.5243503035892784,0.07438567084765879
150,4,00000000000000000151,built_loss,10.153732933473856,0.2671454263011403,0.04309855520282113
150,4,000000000000000001be,built_loss,5.948562773666952,0.5181080928946795,0.0646072948611835
150,4,0000000000000000034d,built_loss,5.65655747464,0.40628487344414665,0.03759468698458879
150,4,000000000000000003c7,crop_loss,29.087889868680563,0.7304026549368052,0.06695478737522453
150,4,0000000000000000004a,built_loss,11.769979624340193,0.43711421969633246,0.03001293578859432
150,4,00000000000000000206,built_loss,47.68360959061409,0.7138979146754715,0.07744432064164186
150,4,000000000000000002a4,built_loss,11.82683974341024,0.41051457289900994,0.04694486085019295
150,4,000000000000000004f5,built_loss,8.456326535220406,0.4724654863412744,0.05453705449551177
150,4,000000000000000002cc,crop_loss,18.72704006584517,0.3694492634377636,0.14975832471123618
150,4,000000000000000006cc,crop_loss,26.665500465198765,0.3420131474501166,0.04206958528643007
150,4,0000000000000000016c,crop_loss,46.74855712316795,0.4594531215338426,0.07474869687114954
150,5,00000000000000000085,built_loss,15.867095998054651,0.3487880457687008,0.08424749531261072
150,5,00000000000000000114,built_loss,29.29477014596155,0.6954889070846936,0.053817478999308666
150,5,0000000000000000024c,built_loss,25.541013167231444,0.7195699368047638,0.04721541049970879
150,5,00000000000000000375,built_loss,36.15192528817214,0.6641918269782062,0.07534023676910095
150,5,000000000000000004d2,built_loss,28.400184505891275,0.6408105238188924,0.0759240138121412
150,5,000000000000000005bd,built_loss,4.842729775703545,0.5710713820281361,0.05870025767315534
150,5,00000000000000000281,crop_loss,46.11382423607509,0.5232625618057009,0.03379025755045095
150,5,000000000000000003a2,crop_loss,30.52283158105891,0.34608449167184785,0.09109774087646266
150,5,00000000000000000001,built_loss,30.251620135398337,0.4552169925242723,0.04967586143794572
150,5,00000000000000000049,built_loss,4.52200031797292,0.49205558491728113,0.029680321523167186
150,5,0000000000000000004f,built_loss,41.19290287798283,0.4555674651330496,0.09257334324961142
150,5,0000000000000000005a,built_loss,32.649605904723394,0.4467914440160147,0.03747057246592461
150,5,00000000000000000079,built_loss,65.25866983023668,0.6493329882974659,0.07659404069573239
150,5,00000000000000000087,built_loss,52.84501639497748,0.5930427809942215,0.10280885303641318
150,5,000000000000000000a1,built_loss,9.260740190117117,0.4383018169824415,0.051505123994633084
150,5,000000000000000000b8,built_loss,10.86201423363269,0.5431813582520554,0.12084915589699458
150,5,000000000000000000c0,built_loss,38.816596074929315,0.6316815000560887,0.04806366842666521
150,5,000000000000000000e2,built_loss,19.263778429328376,0.3796697735500511,0.08065685930084793
150,5,000000000000000000f0,built_loss,33.98873446368077,0.6654447598769855,0.08914311287574606
150,5,000000000000000000f8,built_loss,47.47717696869632,0.5268663590062733,0.06696784147833834
150,5,0000000000000000011c,built_loss,7.143949145044305,0.7366602902411693,0.04141658996775199
150,5,00000000000000000161,built_loss,41.111158548803,0.6464908262588863,0.05735558747476677
150,5,0000000000000000016a,built_loss,9.229884370933583,0.24994692596445264,0.051922532709955255
150,5,00000000000000000176,built_loss,28.861932353134357,0.6612428417371626,0.04332812249366824
150,5,000000000000000001a8,built_loss,53.64199499939124,0.5568110662857179,0.07022016082701266
150,5,000000000000000001cd,built_loss,50.272286469392654,0.7747491113477779,0.06667908744732931
150,5,000000000000000001e5,built_loss,19.986079246502687,0.5637301052261856,0.07371993055883774
150,5,00000000000000000209,built_loss,58.38687680137631,0.6377956487206327,0.07675497426134248
150,5,00000000000000000231,built_loss,49.81062176409451,0.5469475792868813,0.06578156108087652
150,5,0000000000000000026d,built_loss,29.46648760735335,0.5839295402559193,0.05917748969582848
150,5,00000000000000000278,built_loss,40.411274641400055,0.7803050492146508,0.06450470410855857
150,5,00000000000000000293,built_loss,32.978288622589176,0.49711588678516705,0.07616261238849492
150,5,00000000000000000316,built_loss,2.0387622694045975,0.12182497402121557,0.012310024499600183
150,5,00000000000000000356,built_loss,41.36571864004005,0.5533518170216676,0.1019165269902299
150,5,00000000000000000362,built_loss,47.88085507513766,0.554566536463536,0.06353629530415028
150,5,00000000000000000363,built_loss,28.40252871988492,0.24966505209985682,0.03639612700387451
150,5,00000000000000000364,built_loss,57.18844048929258,0.6133385675927545,0.06381745324551613
150,5,00000000000000000380,built_loss,33.70400919745376,0.4963999536043208,0.05258291052039893
150,5,00000000000000000384,built_loss,18.758526225452343,0.5818963453249127,0.038490857369109954
150,5,0000000000000000039e,built_loss,7.919686488272874,0.4941532803023494,0.039944601568950466
150,5,000000000000000003a1,built_loss,20.32927717667731,0.6126074592782076,0.062293132801816586
150,5,000000000000000003a5,built_loss,24.544518383178865,0.38182461188820704,0.07710005803952646
150,5,000000000000000003b7,built_loss,15.337069501850413,0.49622692145448155,0.030781334061918852
150,5,000000000000000003bf,built_loss,51.56277555129443,0.5273324916422607,0.03650775942409201
150,5,000000000000000003d2,built_loss,50.82488668978591,0.5872546685388478,0.08402039883921031
150,5,000000000000000003f8,built_loss,6.8063992780665705,0.2276375932541125,0.030981876799488994
150,5,000000000000000003fa,built_loss,52.4153784786654,0.40808828386994994,0.04984740627205386
150,5,00000000000000000407,built_loss,45.83340107384149,0.5634974497334057,0.06828619471587904
150,5,0000000000000000040f,built_loss,31.558328908083563,0.5153593913592829,0.02119082725827759
150,5,00000000000000000426,built_loss,33.729261847033044,0.5649466679698107,0.05001252609136686
150,5,0000000000000000042b,built_loss,38.83112259223302,0.5705515093741542,0.06050814395475235
150,5,00000000000000000442,built_loss,4.045450273934246,0.35054379794624496,0.18447514226984907
150,5,00000000000000000465,built_loss,51.48917361234291,0.6335609537695259,0.05979379029474441
150,5,0000000000000000047e,built_loss,19.884717907421457,0.518328633772172,0.04517885508872699
150,5,00000000000000000490,built_loss,54.20840227381136,0.642025705752698,0.05572568274452594
150,5,000000000000000004c0,built_loss,42.26456784275571,0.6441667685474052,0.05333721068320019
150,5,000000000000000004c5,built_loss,13.15575480171579,0.5842484875068132,0.06688267226886713
150,5,000000000000000004d9,built_loss,38.486855724153074,0.5509848650322656,0.04460191954133674
150,5,000000000000000004eb,built_loss,52.668468661092874,0.45129761209595853,0.03350971023966598
150,5,000000000000000004f7,built_loss,8.416777461481814,0.480530980702709,0.03189886333821873
150,5,000000000000000004fe,built_loss,16.58306420678436,0.5034901260938324,0.02907462897217583
150,5,0000000000000000051d,built_loss,22.730784816895145,0.5102156948464911,0.15213635320602847
150,5,00000000000000000559,built_loss,39.60277348294145,0.6783594649360677,0.05966106912897495
150,5,00000000000000000576,built_loss,8.49544881238236,0.2820138446391548,0.05993019635196184
150,5,00000000000000000577,built_loss,10.252066859346007,0.4683818447743662,0.09979362934097946
150,5,0000000000000000057f,built_loss,2.4085286476022865,0.40789350481370806,0.06184254544633161
150,5,00000000000000000594,built_loss,23.324007079757145,0.5029390795204837,0.19994326289501713
150,5,000000000000000005ad,built_loss,40.537424869188655,0.6671739380714894,0.06193493757205781
150,5,000000000000000005bf,built_loss,28.92939113320518,0.3999801748882841,0.0455969266755924
150,5,000000000000000005cc,built_loss,11.066982486397627,0.35776142096152425,0.035259251900577326
150,5,000000000000000005de,built_loss,36.85442000913441,0.43655369351937257,0.027358196677686963
150,5,000000000000000005e7,built_loss,43.65387422224913,0.643075212384572,0.09733889156604525
150,5,000000000000000005f9,built_loss,17.997449757165747,0.641528914250219,0.07958203292647748
150,5,0000000000000000061c,built_loss,21.05809365103461,0.3976778191134146,0.05220218382299607
150,5,00000000000000000624,built_loss,4.484301949919325,0.5245665907137486,0.06526209608806427
150,5,00000000000000000626,built_loss,35.249277708695935,0.4984077887641045,0.04435594717200081
150,5,0000000000000000062a,built_loss,41.081171276022985,0.569038567792838,0.04529828835975547
150,5,00000000000000000636,built_loss,23.715754580899958,0.49305529044573704,0.13059510444865086
150,5,0000000000000000064a,built_loss,3.4722966566826905,0.29255328830512994,0.038136127193428904
150,5,0000000000000000064d,built_loss,14.518825631782676,0.43997775155699365,0.0779519825669226
150,5,00000000000000000694,built_loss,29.945760864827793,0.3763062859860877,0.03145353396566347
150,5,0000000000000000069d,built_loss,39.032646493056426,0.6583058221886541,0.05739530988683883
150,5,000000000000000006b7,built_loss,29.658246665386436,0.46681109365824375,0.04349519837802712
150,5,000000000000000006df,built_loss,18.190828176333444,0.23563652011649378,0.09239612045079287
150,5,000000000000000006e3,built_loss,32.055461597007124,0.42842311983422665,0.08020540212684713
150,5,00000000000000000011,crop_loss,47.84359421167258,0.7572346738716558,0.3038623905286487
150,5,0000000000000000002b,crop_loss,46.82686759817976,0.16934771725221592,0.08080396337489501
150,5,0000000000000000002d,crop_loss,56.316361120368086,0.4815071461626588,0.06058043151673492
150,5,0000000000000000003a,crop_loss,45.5752492216652,0.28395344835345665,0.07762183321914218
150,5,0000000000000000009b,crop_loss,17.732511295731744,0.4955932080589514,0.01157882231353341
150,5,0000000000000000009d,crop_loss,7.718260462802435,0.3785145576896586,0.0666673592441655
150,5,000000000000000000a8,crop_loss,35.68074559003924,0.21183501644996755,0.0267137567403605
150,5,000000000000000000da,crop_loss,28.96434323839521,0.7547003456514478,0.03973434803912956
150,5,000000000000000000e3,crop_loss,57.71424156695763,0.4967460050785928,0.05654830076016237
150,5,000000000000000000e9,crop_loss,4.935720353492061,0.43182147338377164,0.08935306445757857
150,5,0000000000000000011b,crop_loss,34.45992823070905,0.48443348268232794,0.03194703442733232
150,5,00000000000000000128,crop_loss,35.7960933566712,0.5366059514919623,0.030661373185706164
150,5,00000000000000000192,crop_loss,44.69034331390064,0.5605558738264804,0.02834198489989248
150,5,00000000000000000196,crop_loss,23.06083911581276,0.2409351408743793,0.04162929745080929
150,5,000000000000000001a6,crop_loss,40.46666654795558,0.2712753498352072,0.08628712834137331
150,5,000000000000000001e4,crop_loss,43.99984790834043,0.4998069320597269,0.05154732866939937
150,5,000000000000000001f9,crop_loss,47.447082090931715,0.4899825296870551,0.21605137188588747
150,5,00000000000000000228,crop_loss,28.720076821160152,0.4868886584364191,0.13644286746146794
150,5,0000000000000000028c,crop_loss,4.143716938883944,0.30774898587713934,0.05127490127621448
150,5,0000000000000000028d,crop_loss,27.021386137710426,0.6696840575763653,0.07296689113410082
150,5,00000000000000000291,crop_loss,16.0320812814447,0.8849048316931257,0.018597745117357567
150,5,000000000000000002c5,crop_loss,33.247935467819964,0.3494522596006612,0.08644604003834971
150,5,000000000000000002dc,crop_loss,55.75372695230806,0.6505174858804688,0.06579887640265636
150,5,000000000000000002e4,crop_loss,47.822808425023176,0.3240009082743476,0.06969377884724459
150,5,000000000000000002ec,crop_loss,53.4490514037417,0.4883665233900961,0.0889046448264248
150,5,00000000000000000314,crop_loss,33.45878829943004,0.07829020315665751,0.05317230574734865
150,5,00000000000000000335,crop_loss,55.78728669256854,0.46272900704942393,0.04964881602916449
150,5,0000000000000000033a,crop_loss,33.49637664541512,0.5082603106019605,0.07015310930001589
150,5,000000000000000003b0,crop_loss,53.313619682047566,0.21362199474845261,0.06663172405940462
150,5,000000000000000003c8,crop_loss,41.75784126436474,0.18504065185449092,0.039247020918628917
150,5,000000000000000003f1,crop_loss,52.84624339975614,0.45858638480100644,0.06641892960508544
150,5,000000000000000003f2,crop_loss,39.71114792147556,0.4805310777974953,0.05806206472404757
150,5,0000000000000000044b,crop_loss,14.529297502649092,0.5543161261333706,0.035574073647744786
150,5,0000000000000000046c,crop_loss,51.85982351758773,0.5153064505718142,0.10348141774232977
150,5,00000000000000000480,crop_loss,10.064656193187956,0.8525124478141292,0.059731981108568366
150,5,00000000000000000483,crop_loss,11.2347003167364,0.7531287440313589,0.07360916889959612
150,5,00000000000000000485,crop_loss,47.50542936455603,0.6946461622093395,0.034057934643725196
150,5,00000000000000000497,crop_loss,41.575476620415834,0.2201394838353611,0.057752361828282694
150,5,0000000000000000049b,crop_loss,39.932644798421656,0.34578293990060843,0.03417354657430943
150,5,000000000000000004a1,crop_loss,39.501483909569075,0.34814154352507226,0.05343989214823419
150,5,000000000000000004e7,crop_loss,26.835136252500792,0.49142717756928317,0.03505866607388508
150,5,000000000000000004e9,crop_loss,15.990376347238659,0.40404607981335594,0.13775585975040539
150,5,000000000000000004ee,crop_loss,20.84732048327928,0.3811300224852839,0.138153973543098
150,5,000000000000000004f9,crop_loss,50.072701362555286,0.36152043865609124,0.15593561027662922
150,5,00000000000000000517,crop_loss,32.08611080133116,0.2921473606060582,0.10325290788133848
150,5,00000000000000000538,crop_loss,1.0686548082001914,0.29789440188897465,0.03691279767470451
150,5,0000000000000000057e,crop_loss,4.55918979809908,0.5372754364601758,0.029015279118247084
150,5,000000000000000005d1,crop_loss,17.501331477144223,0.15972885392875313,0.051404472207960045
150,5,00000000000000000611,crop_loss,50.72081192282242,0.6535638841041636,0.06629524305693857
150,5,0000000000000000062f,crop_loss,50.208014006725335,0.5023109030329188,0.11928942253261715
150,5,00000000000000000632,crop_loss,15.200758290882158,0.08246753115143816,0.023067826915311562
150,5,0000000000000000063e,crop_loss,51.9912061614058,0.29774271413205416,0.05945029709768507
150,5,00000000000000000655,crop_loss,32.25476161857974,0.5119056713746449,0.14777427813525396
150,5,00000000000000000697,crop_loss,60.905248033730366,0.6158419514512141,0.0661499990812352
150,5,00000000000000000698,crop_loss,19.18130410609581,0.41189263621632144,0.05472523965832238
150,5,000000000000000006a8,crop_loss,55.98685121033117,0.30879238579519125,0.07549929142359857
150,5,000000000000000006b4,crop_loss,52.00752045743577,0.5454216102163112,0.10064296012557233
150,5,000000000000000006be,crop_loss,12.864848663512683,0.4009580749740732,0.05413267798569349
150,5,000000000000000006c0,crop_loss,2.8417218799648127,0.19956492678135,0.04612178777733941
150,5,000000000000000006ce,crop_loss,24.358797628257115,0.5865522998322011,0.1136483720883451
150,5,000000000000000006d9,crop_loss,40.63445749527372,0.2163560503855989,0.05304806223764916
150,5,000000000000000006e5,crop_loss,47.811440546143544,0.5510738200275975,0.08634746426781292
150,5,00000000000000000151,built_loss,8.305186147767126,0.26006021396420564,0.035766910509097916
150,5,000000000000000001be,built_loss,6.403750215297974,0.5240718076884374,0.06519458459690258
150,5,0000000000000000034d,built_loss,5.5455916596086325,0.40995838526670975,0.031965387183332084
150,5,000000000000000003c7,crop_loss,30.16072280380591,0.7200496674346086,0.0634782717226895
150,5,0000000000000000004a,built_loss,12.155273917609449,0.4379015426959652,0.0285470535109974
150,5,00000000000000000206,built_loss,47.310805600963675,0.7191405920129552,0.07825256905113187
150,5,000000000000000002a4,built_loss,10.919414075455432,0.4194244136190796,0.03717685495312889
150,5,000000000000000004f5,built_loss,8.356205145974489,0.4804513796197498,0.06669477475592633
150,5,000000000000000002cc,crop_loss,17.566748979002252,0.3823453649658831,0.15939126226965822
150,5,000000000000000006cc,crop_loss,27.30857501012523,0.34380432894178714,0.03922144961230212
150,5,0000000000000000016c,crop_loss,49.11338337108228,0.4676328931554596,0.05489858641525436
150,6,00000000000000000085,built_loss,15.536532334889905,0.35936565159994754,0.07432415180441654
150,6,00000000000000000114,built_loss,30.861212874660627,0.6963762462569925,0.05698709526684309
150,6,0000000000000000024c,built_loss,25.35225075461637,0.7172958648925651,0.050348332121676
150,6,00000000000000000375,built_loss,39.959826267146624,0.6571178041860749,0.06268124094695182
150,6,000000000000000004d2,built_loss,30.007282338551388,0.6109717635240335,0.06419012393632761
150,6,000000000000000005bd,built_loss,5.049035884835869,0.5530431566034675,0.060980178940326146
150,6,00000000000000000281,crop_loss,45.13922932462924,0.5186063465317108,0.04898201290677545
150,6,000000000000000003a2,crop_loss,32.06205198337997,0.3419399679756367,0.10092096757871333
150,6,00000000000000000001,built_loss,28.110748764085322,0.4699681911971142,0.048442168586898426
150,6,00000000000000000049,built_loss,4.853435914396192,0.491635182147753,0.03315945903435974
150,6,0000000000000000004f,built_loss,41.949241957064984,0.44181598977284003,0.09772841501764468
150,6,0000000000000000005a,built_loss,33.87815903662766,0.443145056678975,0.03640763851028961
150,6,00000000000000000079,built_loss,65.0940096596974,0.6479682065120304,0.06526118989242347
150,6,00000000000000000087,built_loss,53.72606937491237,0.6379364159925993,0.09266313838023987
150,6,000000000000000000a1,built_loss,9.30330056529224,0.4434246014582515,0.05993567706548486
150,6,000000000000000000b8,built_loss,10.654661658695124,0.5141543529078662,0.10890324920029959
150,6,000000000000000000c0,built_loss,38.62742127826005,0.6250980702182427,0.04956252249399218
150,6,000000000000000000e2,built_loss,19.667322260106207,0.38889576552456834,0.06563657209250501
150,6,000000000000000000f0,built_loss,36.01379890787503,0.6793489000827263,0.08248888543018629
150,6,000000000000000000f8,built_loss,50.306025260800986,0.5206722942227415,0.05954563237827337
150,6,0000000000000000011c,built_loss,7.151197130976938,0.7263791814563566,0.045049981516716575
150,6,00000000000000000161,built_loss,41.284632560598176,0.6599452437840045,0.0577046220102303
150,6,0000000000000000016a,built_loss,8.83590687955925,0.23661545892543076,0.05852976250549513
150,6,00000000000000000176,built_loss,25.305478513816258,0.6622639957196422,0.04029668847888768
150,6,000000000000000001a8,built_loss,56.533953977605115,0.5497775928697238,0.06531479804556706
150,6,000000000000000001cd,built_loss,48.462205502247215,0.7677702505586417,0.07772092941724629
150,6,000000000000000001e5,built_loss,19.19943012722475,0.5784318781231386,0.08358949983191866
150,6,00000000000000000209,built_loss,55.34386145418863,0.634347585016128,0.08475577870899864
150,6,00000000000000000231,built_loss,51.5136109615759,0.5416700964704564,0.06774709763056241
150,6,0000000000000000026d,built_loss,30.177354975607955,0.5999960753255866,0.06853600549670935
150,6,00000000000000000278,built_loss,42.529096384388716,0.7783176909817209,0.06802297109872324
150,6,00000000000000000293,built_loss,32.74430739403131,0.4637770483067063,0.0694175773298486
150,6,00000000000000000316,built_loss,1.940735347006796,0.12410478880886369,0.018404586150440702
150,6,00000000000000000356,built_loss,41.82737673166443,0.5414537714926371,0.09593495704773636
150,6,00000000000000000362,built_loss,50.835297536282795,0.5697352387939764,0.08367326165386457
150,6,00000000000000000363,built_loss,28.381078034552704,0.250196907196303,0.038059808137974854
150,6,00000000000000000364,built_loss,58.01998877008989,0.6161847623285873,0.06140376743148779
150,6,00000000000000000380,built_loss,35.44499762596787,0.5144422017935473,0.06250833503202902
150,6,00000000000000000384,built_loss,18.513862999243315,0.5919673277773492,0.04631819635165768
150,6,0000000000000000039e,built_loss,8.8149311817814,0.4952117778395031,0.046116928288447656
150,6,000000000000000003a1,built_loss,18.733336848481727,0.6291547202604671,0.06323652834782578
150,6,000000000000000003a5,built_loss,24.753628121540096,0.37770572127481417,0.07362933052484683
150,6,000000000000000003b7,built_loss,16.057771462499197,0.49904666436024736,0.026769246497605037
150,6,000000000000000003bf,built_loss,52.18266872981758,0.5286791200564406,0.046465147288377584
150,6,000000000000000003d2,built_loss,53.78515941606325,0.6082336197936361,0.08460072320218948
150,6,000000000000000003f8,built_loss,6.740918188571266,0.2239501873992224,0.025849199889805496
150,6,000000000000000003fa,built_loss,51.774886680514165,0.4220921407027756,0.04646951392003407
150,6,00000000000000000407,built_loss,48.32555731847351,0.5607128362216611,0.07547553650062544
150,6,0000000000000000040f,built_loss,32.193700963603916,0.5214508351080225,0.02224307569085937
150,6,00000000000000000426,built_loss,32.86243866418947,0.569102307655011,0.046044942306328274
150,6,0000000000000000042b,built_loss,39.786161998053345,0.5670135503297123,0.05489921484301097
150,6,00000000000000000442,built_loss,3.9114232168982848,0.3511504418118801,0.19306923533336418
150,6,00000000000000000465,built_loss,48.4934890350002,0.6177683471875278,0.06091541622285013
150,6,0000000000000000047e,built_loss,19.162215618643316,0.5331848829025473,0.052382488952543826
150,6,00000000000000000490,built_loss,55.453607869010064,0.6595319648178775,0.07739629609692711
150,6,000000000000000004c0,built_loss,40.74213770474276,0.6454094468533212,0.04661896132118282
150,6,000000000000000004c5,built_loss,13.723854236055303,0.5646765833660402,0.06266423975794666
150,6,000000000000000004d9,built_loss,40.26490836004268,0.5510868176394059,0.0390381748197427
150,6,000000000000000004eb,built_loss,53.29123996211611,0.454152131303985,0.034040933077599034
150,6,000000000000000004f7,built_loss,8.420897881305041,0.47977376383141973,0.030749894347558482
150,6,000000000000000004fe,built_loss,17.158476678648636,0.4953375392238624,0.029643551495710352
150,6,0000000000000000051d,built_loss,23.923561882705464,0.49953645275698527,0.17539163051383116
150,6,00000000000000000559,built_loss,44.94109276734038,0.686904827839731,0.05955069261310497
150,6,00000000000000000576,built_loss,8.881486113195585,0.2749541487452729,0.06462898537044603
150,6,00000000000000000577,built_loss,10.253825301757937,0.47330364974081957,0.0892169729303971
150,6,0000000000000000057f,built_loss,2.341993766460123,0.40261593895367803,0.05568532614495031
150,6,00000000000000000594,built_loss,23.990284057010847,0.5175621833105879,0.17486175239793783
150,6,000000000000000005ad,built_loss,40.317948587883514,0.6596743687517537,0.055228354472601104
150,6,000000000000000005bf,built_loss,31.031865444201465,0.40760700219418206,0.04580801722978872
150,6,000000000000000005cc,built_loss,10.827203463680055,0.355388626274197,0.029626373214389434
150,6,000000000000000005de,built_loss,36.17625563481479,0.4401992549701175,0.027686550466670512
150,6,000000000000000005e7,built_loss,46.037984966164885,0.6368799661417113,0.09005702015966177
150,6,000000000000000005f9,built_loss,16.448748566559694,0.6647273930297174,0.07319893721584148
150,6,0000000000000000061c,built_loss,21.90233080483954,0.407565352648961,0.04425855947852353
150,6,00000000000000000624,built_loss,4.482222187819052,0.5306265130341618,0.0586404267453155
150,6,00000000000000000626,built_loss,35.21417259884492,0.5087004461714975,0.04211334846517856
150,6,0000000000000000062a,built_loss,40.752385563785644,0.5701251825785343,0.05573291603827846
150,6,00000000000000000636,built_loss,24.459068620133387,0.4842442124347281,0.14265978215469738
150,6,0000000000000000064a,built_loss,3.553715020454594,0.29383613694943306,0.03458529541243427
150,6,0000000000000000064d,built_loss,14.602824436402798,0.4384933322288136,0.0650443591537419
150,6,00000000000000000694,built_loss,27.770467935399704,0.3720150745863824,0.032677666914592673
150,6,0000000000000000069d,built_loss,43.479721767411014,0.651022548599732,0.05606877869582161
150,6,000000000000000006b7,built_loss,30.63164996935883,0.46633238858581194,0.045432231599402795
150,6,000000000000000006df,built_loss,18.721469035331253,0.22690269937962682,0.06758072150403507
150,6,000000000000000006e3,built_loss,31.485299577078226,0.4219952474185032,0.0740368571718324
150,6,00000000000000000011,crop_loss,46.2233378872226,0.6871784864873558,0.31141860285718925
150,6,0000000000000000002b,crop_loss,49.5446446329682,0.19089051200701226,0.081392692037491
150,6,0000000000000000002d,crop_loss,54.53726119016158,0.4697828530485332,0.06242923335402489
150,6,0000000000000000003a,crop_loss,45.7457580058718,0.2957509793437242,0.07391767060022697
150,6,0000000000000000009b,crop_loss,16.273522058701726,0.49517635465568116,0.014050621946112674
150,6,0000000000000000009d,crop_loss,6.953811829523075,0.38265238219084,0.06387563654193662
150,6,000000000000000000a8,crop_loss,35.20194979584727,0.2107042325411228,0.02414014721518104
150,6,000000000000000000da,crop_loss,27.749278382912316,0.745834724482442,0.04584677635940515
150,6,000000000000000000e3,crop_loss,57.35431388416854,0.49822358072683093,0.06381704589995307
150,6,000000000000000000e9,crop_loss,5.318684120190927,0.4268758487565766,0.09092680962835731
150,6,0000000000000000011b,crop_loss,31.192072446304046,0.486787520201482,0.030514413108059635
150,6,00000000000000000128,crop_loss,34.94657773617003,0.5485311113166531,0.023603014824048696
150,6,00000000000000000192,crop_loss,44.048995505161294,0.5568075593352891,0.03040919088622185
150,6,00000000000000000196,crop_loss,25.30519495647192,0.24160260999280225,0.042017891783035805
150,6,000000000000000001a6,crop_loss,41.11061841105991,0.29313369084808394,0.09842204133289581
150,6,000000000000000001e4,crop_loss,44.72646825928298,0.5084921453723134,0.050906898078203644
150,6,000000000000000001f9,crop_loss,46.03717272931743,0.5358538513497787,0.2581734018003238
150,6,00000000000000000228,crop_loss,28.67764838057653,0.4835752471028277,0.13254376946909258
150,6,0000000000000000028c,crop_loss,4.16764499992228,0.2980079701696659,0.05815513125685967
150,6,0000000000000000028d,crop_loss,27.802318693234543,0.6733237589576541,0.07527198538007851
150,6,00000000000000000291,crop_loss,16.17804382914423,0.8787900557281311,0.02224914991323035
150,6,000000000000000002c5,crop_loss,32.430953556219805,0.3361393109685658,0.07451323908796881
150,6,000000000000000002dc,crop_loss,55.63142489889222,0.6403904764484509,0.0608742678368287
150,6,000000000000000002e4,crop_loss,50.23068400877912,0.3287103952330966,0.07401301033026075
150,6,000000000000000002ec,crop_loss,53.37326958387379,0.49969552317108235,0.08369676323386455
150,6,00000000000000000314,crop_loss,33.66275186444696,0.09611308708205117,0.050095250607161274
150,6,00000000000000000335,crop_loss,55.54784705393043,0.4444974987136633,0.055591221048168216
150,6,0000000000000000033a,crop_loss,31.703759646809,0.5083407458115017,0.06481440513399628
150,6,000000000000000003b0,crop_loss,52.18500190327872,0.1960267142084681,0.06409150623446541
150,6,000000000000000003c8,crop_loss,39.453818781086206,0.1884039841587935,0.04215836702968612
150,6,000000000000000003f1,crop_loss,52.846243399756126,0.45858638480100644,0.06929745361020812
150,6,000000000000000003f2,crop_loss,40.99589308869872,0.4771176426331556,0.05268646114994463
150,6,0000000000000000044b,crop_loss,13.976327319654597,0.5570944301276389,0.032910699117764675
150,6,0000000000000000046c,crop_loss,53.58655191988653,0.5107459484166665,0.11420295082229426
150,6,00000000000000000480,crop_loss,11.237625205860933,0.8623972154574879,0.0634580316532598
150,6,00000000000000000483,crop_loss,11.565314475466591,0.7493663613870781,0.08233380145990588
150,6,00000000000000000485,crop_loss,45.26736749777094,0.70192312197223,0.03199115905686889
150,6,00000000000000000497,crop_loss,41.17709620239333,0.2183307135633516,0.06204310083794476
150,6,0000000000000000049b,crop_loss,39.06897073825254,0.3483006283314537,0.0423369949530239
150,6,000000000000000004a1,crop_loss,43.14834523480189,0.35365646647612914,0.06311328539226668
150,6,000000000000000004e7,crop_loss,27.31081014783085,0.48714755992739417,0.03165241949141273
150,6,000000000000000004e9,crop_loss,16.18617876030127,0.40216808728942993,0.12783861189417733
150,6,000000000000000004ee,crop_loss,22.031550727282283,0.3774115534225192,0.1534377558145077
150,6,000000000000000004f9,crop_loss,47.01413135072276,0.36152043865609124,0.14182543786236818
150,6,00000000000000000517,crop_loss,31.26164867383462,0.29633297553017957,0.10957921408027477
150,6,00000000000000000538,crop_loss,1.0706381524630244,0.29239671191245553,0.03245897724747687
150,6,0000000000000000057e,crop_loss,4.20136548415807,0.5350997349900742,0.030177180222959565
150,6,000000000000000005d1,crop_loss,18.51214862936688,0.13651739142810201,0.04715853202649699
150,6,00000000000000000611,crop_loss,51.57428597483019,0.6498420060615903,0.06658461682223549
150,6,0000000000000000062f,crop_loss,48.84379098085575,0.519181965186421,0.11014950250534233
150,6,00000000000000000632,crop_loss,14.64977205947265,0.08333883940860201,0.02071916643709744
150,6,0000000000000000063e,crop_loss,51.50227390965969,0.3114223581722559,0.07709295395666149
150,6,00000000000000000655,crop_loss,33.73459709170231,0.48426457229672776,0.1820770770086068
150,6,00000000000000000697,crop_loss,62.12614306078407,0.6127498060261024,0.06535499067376283
150,6,00000000000000000698,crop_loss,20.535655071072213,0.4238647310895776,0.04486045886530471
150,6,000000000000000006a8,crop_loss,53.560987464024656,0.2935075629417388,0.07014412391659947
150,6,000000000000000006b4,crop_loss,52.86151464287258,0.5116518692434067,0.10197590479633556
150,6,000000000000000006be,crop_loss,14.804772307253458,0.39543407838098876,0.06393132841975502
150,6,000000000000000006c0,crop_loss,2.7596427217182873,0.18179650768959765,0.04337031395958493
150,6,000000000000000006ce,crop_loss,24.521103706331857,0.58453169882238,0.09597003693670736
150,6,000000000000000006d9,crop_loss,41.522132894217506,0.2030584117140234,0.05812021235787451
150,6,000000000000000006e5,crop_loss,51.30111533358499,0.5308344352153962,0.07451567988753505
150,6,00000000000000000151,built_loss,8.90450801156833,0.2647809624934943,0.04760054684998602
150,6,000000000000000001be,built_loss,5.975152354408939,0.5167652722008883,0.06836924953614948
150,6,0000000000000000034d,built_loss,5.68073072239778,0.413294207517766,0.037135633197522666
150,6,000000000000000003c7,crop_loss,30.062819907811622,0.7119373494894166,0.06144019749874596
150,6,0000000000000000004a,built_loss,11.699566923372736,0.4379067291790888,0.031063395531890692
150,6,00000000000000000206,built_loss,43.101642705179444,0.7191405920129552,0.0787056954266726
150,6,000000000000000002a4,built_loss,10.690851968577519,0.4140249502899277,0.04642139125636402
150,6,000000000000000004f5,built_loss,8.807382974467467,0.4826786078939746,0.05785619637572986
150,6,000000000000000002cc,crop_loss,18.51428577085479,0.3677510154463453,0.15011087962838343
150,6,000000000000000006cc,crop_loss,26.385949177279358,0.34465238131283,0.04249064130264585
150,6,0000000000000000016c,crop_loss,46.66787996915147,0.4695009416121177,0.0745746737322861
150,7,00000000000000000085,built_loss,15.914318545093664,0.38019415053090316,0.07779075380190792
150,7,00000000000000000114,built_loss,30.879247026435266,0.6945779563948095,0.04980485058793338
150,7,0000000000000000024c,built_loss,25.453674414225215,0.7201968166025374,0.05524491538440823
150,7,00000000000000000375,built_loss,38.20595237361968,0.6662762131117774,0.07436210852847658
150,7,000000000000000004d2,built_loss,28.254908591666304,0.6069987010863265,0.06840101871605075
150,7,000000000000000005bd,built_loss,4.795503676637161,0.5685280412312337,0.06505216365055722
150,7,00000000000000000281,crop_loss,47.4588437678728,0.5332056337269435,0.04175080589859381
150,7,000000000000000003a2,crop_loss,32.794679303246824,0.3388886495812539,0.08679828441158277
150,7,00000000000000000001,built_loss,26.98348780916401,0.44729155414075283,0.044769908877241416
150,7,00000000000000000049,built_loss,4.601793824726172,0.49605625948562393,0.03544129972198529
150,7,0000000000000000004f,built_loss,38.00144294014109,0.446348316786568,0.07215949780148195
150,7,0000000000000000005a,built_loss,34.12702416440743,0.45311340261896066,0.03782427716420084
150,7,00000000000000000079,built_loss,63.56755845608315,0.6243223674663008,0.07031253413634941
150,7,00000000000000000087,built_loss,52.382957503781505,0.603263587204794,0.10348067114511228
150,7,000000000000000000a1,built_loss,8.50053377503228,0.4540970360694046,0.05174035912926628
150,7,000000000000000000b8,built_loss,10.60600689492396,0.523575841722364,0.11707359908396908
150,7,000000000000000000c0,built_loss,36.86499360991446,0.6364958134352331,0.050694665829689844
150,7,000000000000000000e2,built_loss,18.65629962128887,0.38091842264302594,0.06704245168981104
150,7,000000000000000000f0,built_loss,34.490112012835546,0.6880793293979888,0.0843705759317972
150,7,000000000000000000f8,built_loss,49.677422337364035,0.5438273320602917,0.06889381180821452
150,7,0000000000000000011c,built_loss,7.028326393177421,0.7317366389840493,0.03619601848731835
150,7,00000000000000000161,built_loss,43.25065160731082,0.652722861902502,0.07266483237868626
150,7,0000000000000000016a,built_loss,9.734717768267275,0.2520145717990391,0.06104461828232291
150,7,00000000000000000176,built_loss,27.188663958940605,0.6526064905753536,0.03988658309111914
150,7,000000000000000001a8,built_loss,53.90018901543683,0.5355824958736433,0.07443191386364922
150,7,000000000000000001cd,built_loss,50.024507185740674,0.7560121937927645,0.08088014052002779
150,7,000000000000000001e5,built_loss,19.760138548203848,0.5718172207628923,0.07354119491913125
150,7,00000000000000000209,built_loss,56.14124080561021,0.6235284269039739,0.08212317621951848
150,7,00000000000000000231,built_loss,49.29669397421414,0.5279840770871109,0.06087837069781299
150,7,0000000000000000026d,built_loss,31.29525073254156,0.5966529853297082,0.07303220175803093
150,7,00000000000000000278,built_loss,42.5183622709205,0.7799883662507265,0.06448161348108505
150,7,00000000000000000293,built_loss,29.339628083172023,0.4774340503388075,0.06920576481001695
150,7,00000000000000000316,built_loss,2.0908466561414443,0.12488419702045428,0.014863319790909546
150,7,00000000000000000356,built_loss,38.13019878281923,0.5469355993932349,0.11680282682774168
150,7,00000000000000000362,built_loss,49.845134223867994,0.5792495398976897,0.07849110367374867
150,7,00000000000000000363,built_loss,26.904051965329238,0.24535437312394887,0.041532529511654565
150,7,00000000000000000364,built_loss,56.90044268579395,0.6218573791523077,0.06846594939619843
150,7,00000000000000000380,built_loss,35.791080166186255,0.49289118842589413,0.05932379287203682
150,7,00000000000000000384,built_loss,18.426257502570017,0.5869362113389949,0.0464252509618609
150,7,0000000000000000039e,built_loss,9.190432390952335,0.49850344865956264,0.04916650538343226
150,7,000000000000000003a1,built_loss,19.71801978079277,0.6144640764261572,0.06214821440717988
150,7,000000000000000003a5,built_loss,24.370394792810497,0.3945891884639575,0.08377003466976685
150,7,000000000000000003b7,built_loss,16.32113731357856,0.49162373418444827,0.0316008545217808
150,7,000000000000000003bf,built_loss,50.30947349947529,0.5305516015431524,0.041264353502221796
150,7,000000000000000003d2,built_loss,49.95963985993361,0.5974813895761693,0.08858506810754563
150,7,000000000000000003f8,built_loss,6.915012177706829,0.21744016086217988,0.03447957752227973
150,7,000000000000000003fa,built_loss,50.695840958801426,0.42273253586103243,0.0584253436095904
150,7,00000000000000000407,built_loss,47.56353506498533,0.5600987970121015,0.06932963584533136
150,7,0000000000000000040f,built_loss,30.78146719083168,0.5228264107485799,0.023224278048184832
150,7,00000000000000000426,built_loss,35.90806769788544,0.5701369257305965,0.05109680065621747
150,7,0000000000000000042b,built_loss,36.80812373921964,0.5623912147591384,0.05538445933209346
150,7,00000000000000000442,built_loss,3.9252343453117153,0.3502102086889035,0.19252480841546238
150,7,00000000000000000465,built_loss,48.677370345879986,0.6486192693016288,0.061930713593803643
150,7,0000000000000000047e,built_loss,20.578162821528426,0.5156208880086688,0.040805932049011506
150,7,00000000000000000490,built_loss,55.90851725392055,0.6495971529418869,0.07372382206093453
150,7,000000000000000004c0,built_loss,42.55102213496864,0.6500062299941166,0.05233658268347463
150,7,000000000000000004c5,built_loss,14.002970480900169,0.5805031432249025,0.07121114503603343
150,7,000000000000000004d9,built_loss,41.70185657152892,0.5546672367882867,0.036224169829705444
150,7,000000000000000004eb,built_loss,50.89781356183354,0.4463418602363877,0.03377888919351524
150,7,000000000000000004f7,built_loss,8.609642704267406,0.47692770022345743,0.03483330481628044
150,7,000000000000000004fe,built_loss,18.358314169412772,0.49466940353768235,0.031430743425139074
150,7,0000000000000000051d,built_loss,21.32131482484116,0.4958015463080552,0.17754066870962892
150,7,00000000000000000559,built_loss,41.65847205822462,0.6890504798462199,0.060991070166605765
150,7,00000000000000000576,built_loss,8.613880904283134,0.27934436206230145,0.0513677609300317
150,7,00000000000000000577,built_loss,10.30870938245041,0.48193385092929936,0.08872368374907846
150,7,0000000000000000057f,built_loss,2.3852641833347854,0.3986111188506935,0.055825747433235096
150,7,00000000000000000594,built_loss,26.129257208670637,0.5471556793651461,0.175095631240077
150,7,000000000000000005ad,built_loss,38.17608479138351,0.6653276912628073,0.05629692809550424
150,7,000000000000000005bf,built_loss,30.36586957346714,0.4053041129588268,0.05284620598397227
150,7,000000000000000005cc,built_loss,10.457786640253738,0.3519105720943541,0.03416085712179617
150,7,000000000000000005de,built_loss,35.600180292695235,0.4393531627845773,0.028139250349804912
150,7,000000000000000005e7,built_loss,45.55632129300064,0.6523197656656564,0.077601152138698
150,7,000000000000000005f9,built_loss,17.928163748316898,0.6295373924890211,0.06735776295813045
150,7,0000000000000000061c,built_loss,19.44992062125553,0.3982992256596958,0.04646449699847888
150,7,00000000000000000624,built_loss,4.903269271560622,0.5089925481622584,0.07828241598855573
150,7,00000000000000000626,built_loss,34.09639441011482,0.5025961825992648,0.03923191095283235
150,7,0000000000000000062a,built_loss,40.05287132765575,0.5675052753069799,0.0638457114952975
150,7,00000000000000000636,built_loss,23.54107472501092,0.47806811959709794,0.1439318520454123
150,7,0000000000000000064a,built_loss,3.6025275596667576,0.3044604237670244,0.0277845188340074
150,7,0000000000000000064d,built_loss,14.696797874250853,0.44278611335168133,0.07037084639587948
150,7,00000000000000000694,built_loss,29.487719070659658,0.3692342144378025,0.027675574589176744
150,7,0000000000000000069d,built_loss,45.350323579495715,0.6417126018050913,0.06276704034353309
150,7,000000000000000006b7,built_loss,31.420195270854403,0.4663100304218791,0.04639122590959949
150,7,000000000000000006df,built_loss,19.188442513632634,0.25807880157567803,0.10609941582003565
150,7,000000000000000006e3,built_loss,29.301485950421167,0.4203330551002095,0.07472616038174129
150,7,00000000000000000011,crop_loss,45.457105197101775,0.8166286469442341,0.2641114843296669
150,7,0000000000000000002b,crop_loss,47.44119526900109,0.17513325639654143,0.09724068123447205
150,7,0000000000000000002d,crop_loss,54.42318996300346,0.4711503541595008,0.06263108249535043
150,7,0000000000000000003a,crop_loss,43.65610149622548,0.2944433952331654,0.057327224534665266
150,7,0000000000000000009b,crop_loss,18.64247843445053,0.49187908357517657,0.011001738604150657
150,7,0000000000000000009d,crop_loss,7.636049029776238,0.3811003035541174,0.07714802572928131
150,7,000000000000000000a8,crop_loss,35.824032311809276,0.2107042325411228,0.02961532420456553
150,7,000000000000000000da,crop_loss,28.361912188504245,0.7579915076558379,0.036970056865872736
150,7,000000000000000000e3,crop_loss,56.46765411870877,0.4849654885805945,0.07308838696259584
150,7,000000000000000000e9,crop_loss,5.362765285137557,0.4244329526737146,0.09241129595185366
150,7,0000000000000000011b,crop_loss,30.810853849706785,0.47761245353678494,0.03143182692606944
150,7,00000000000000000128,crop_loss,34.69465079850548,0.544198308558853,0.03237433561045899
150,7,00000000000000000192,crop_loss,47.02184074996894,0.5497048385931711,0.03091698435052459
150,7,00000000000000000196,crop_loss,25.30257346181512,0.232728867826815,0.032608282863644616
150,7,000000000000000001a6,crop_loss,40.46789239558666,0.30011033061503845,0.08664093147750412
150,7,000000000000000001e4,crop_loss,43.38981476156973,0.47830879211819705,0.042810209015807565
150,7,000000000000000001f9,crop_loss,48.47300927582983,0.5789128540264326,0.2871496912033833
150,7,00000000000000000228,crop_loss,27.84750330832414,0.4936383823144926,0.11636871350166422
150,7,0000000000000000028c,crop_loss,4.054714842257479,0.29942795104129816,0.0566892009982265
150,7,0000000000000000028d,crop_loss,27.492832935793036,0.6734158552645602,0.06982916889121249
150,7,00000000000000000291,crop_loss,17.41277358711166,0.8804523274414032,0.02271583321367121
150,7,000000000000000002c5,crop_loss,31.25463665832541,0.31639837984095187,0.09484999503537422
150,7,000000000000000002dc,crop_loss,52.68882764528325,0.6494821389672571,0.0590713767321116
150,7,000000000000000002e4,crop_loss,45.626121290256556,0.33496381992672264,0.0914998910872108
150,7,000000000000000002ec,crop_loss,50.48523026119081,0.49315823475420006,0.09253397841486571
150,7,00000000000000000314,crop_loss,33.00859762575646,0.09168331641510008,0.06341706378857245
150,7,00000000000000000335,crop_loss,53.2730347797982,0.44325846758643306,0.05521896189165226
150,7,0000000000000000033a,crop_loss,35.03622888620471,0.5139465925621113,0.06611701389293917
150,7,000000000000000003b0,crop_loss,53.137861378236735,0.21607884970036267,0.06738246863175462
150,7,000000000000000003c8,crop_loss,40.251239296238936,0.19869805335517804,0.03655578801189102
150,7,000000000000000003f1,crop_loss,52.84624339975614,0.4635287182939278,0.06319366135403276
150,7,000000000000000003f2,crop_loss,39.71955613615616,0.4658536419198672,0.0534653289777533
150,7,0000000000000000044b,crop_loss,14.33128262552872,0.5655917979838156,0.040596874360074864
150,7,0000000000000000046c,crop_loss,50.27225235065781,0.5128274441595188,0.110132743959663
150,7,00000000000000000480,crop_loss,10.648979026105934,0.8481875695291241,0.0646112920202414
150,7,00000000000000000483,crop_loss,11.747917640987133,0.7495874566477397,0.06484541749426054
150,7,00000000000000000485,crop_loss,47.82554687969997,0.7018289978050299,0.028710192029050563
150,7,00000000000000000497,crop_loss,39.18906826010701,0.2212904253263338,0.05870281724307014
150,7,0000000000000000049b,crop_loss,42.68155441394886,0.352591341249174,0.03751572825721439
150,7,000000000000000004a1,crop_loss,41.71534743987112,0.3644112350948673,0.06278034048477715
150,7,000000000000000004e7,crop_loss,29.18047621295218,0.4902547301433119,0.03270803116494653
150,7,000000000000000004e9,crop_loss,16.913303376957526,0.41067164779666715,0.13717740881658236
150,7,000000000000000004ee,crop_loss,22.579998050562125,0.407102894855947,0.12091196406757959
150,7,000000000000000004f9,crop_loss,48.099583833967124,0.34446211959834866,0.14602523467390227
150,7,00000000000000000517,crop_loss,30.715658178413502,0.2884017256287495,0.0936436284883552
150,7,00000000000000000538,crop_loss,1.0676168093853458,0.29450455638543077,0.03174416240421529
150,7,0000000000000000057e,crop_loss,4.545982143534188,0.5371705437616187,0.033348386825269416
150,7,000000000000000005d1,crop_loss,17.588278419164496,0.14278393495783473,0.043431311987101706
150,7,00000000000000000611,crop_loss,53.06874577075762,0.668425572044482,0.05999210667717436
150,7,0000000000000000062f,crop_loss,49.21904344013533,0.5139458535295585,0.12929972248546084
150,7,00000000000000000632,crop_loss,14.39168544991953,0.08355404521288803,0.017292911007764936
150,7,0000000000000000063e,crop_loss,50.40878704828592,0.31093396796126094,0.06577712120201906
150,7,00000000000000000655,crop_loss,32.911631604744976,0.4955368707751511,0.1940423019674083
150,7,00000000000000000697,crop_loss,60.543930615364005,0.6105603662437638,0.07334755513804958
150,7,00000000000000000698,crop_loss,20.361125073781103,0.42696256805753263,0.05808371762735132
150,7,000000000000000006a8,crop_loss,54.8042241551879,0.3138274856402777,0.06360884775096565
150,7,000000000000000006b4,crop_loss,50.989254670976635,0.5017035674553535,0.10219080562648297
150,7,000000000000000006be,crop_loss,13.956574497344048,0.4013025445070148,0.06270818328145733
150,7,000000000000000006c0,crop_loss,3.0048723569713895,0.18941137055444424,0.04907421387101532
150,7,000000000000000006ce,crop_loss,24.090694783453547,0.5561987411858319,0.11647717605419144
150,7,000000000000000006d9,crop_loss,41.64343799137137,0.2104127780632356,0.05612741010328495
150,7,000000000000000006e5,crop_loss,47.41607240817635,0.5223725977606741,0.08986838658473945
150,7,00000000000000000151,built_loss,8.592497476986614,0.2652681059289309,0.038654183622895605
150,7,000000000000000001be,built_loss,6.32462860766864,0.5185272101241515,0.06417723132079695
150,7,0000000000000000034d,built_loss,6.004427509480746,0.40576156775243283,0.03779218332418699
150,7,000000000000000003c7,crop_loss,31.259495737232132,0.713038525239639,0.06941343057496474
150,7,0000000000000000004a,built_loss,11.920723360927427,0.44178011098620207,0.02932419927588026
150,7,00000000000000000206,built_loss,46.320857039661306,0.7193055943147091,0.07165712852913031
150,7,000000000000000002a4,built_loss,11.282927841110729,0.40616591638757754,0.04963226406153726
150,7,000000000000000004f5,built_loss,8.39930784100826,0.4678004926020222,0.0724941287255279
150,7,000000000000000002cc,crop_loss,18.53835822807685,0.42304561978446303,0.1629520449337135
150,7,000000000000000006cc,crop_loss,26.561165986110506,0.34421819704749057,0.04727002780466083
150,7,0000000000000000016c,crop_loss,45.93187173165185,0.4650522952101202,0.06996218719876124
200,0,00000000000000000085,built_loss,16.25286218611575,0.35991470256723596,0.06425219623024647
200,0,00000000000000000114,built_loss,31.705150358097995,0.6924485329739907,0.04661210855224063
200,0,0000000000000000024c,built_loss,26.620846205910404,0.7180272821464494,0.03894928402701492
200,0,00000000000000000375,built_loss,41.425215372158505,0.652664514092622,0.053967047040349825
200,0,000000000000000004d2,built_loss,30.325231851454767,0.6145007105605818,0.05610260008615231
200,0,000000000000000005bd,built_loss,4.989810296310336,0.557790824233098,0.05013928821831959
200,0,00000000000000000281,crop_loss,50.98863497311486,0.5214739964443655,0.04001714841957371
200,0,000000000000000003a2,crop_loss,33.48299628291632,0.33892274484211304,0.08829875048823754
200,0,00000000000000000001,built_loss,28.805735180595235,0.4597185945150216,0.04409409637807088
200,0,00000000000000000049,built_loss,4.687775601304783,0.48898259692340235,0.02806262163946105
200,0,0000000000000000004f,built_loss,43.6038990098781,0.4424675076364737,0.0744605295792582
200,0,0000000000000000005a,built_loss,35.084978763724095,0.44413708886590064,0.02914730616943617
200,0,00000000000000000079,built_loss,66.63467211288093,0.6285656778827687,0.06937562517310447
200,0,00000000000000000087,built_loss,57.66210046278294,0.6189161612199339,0.10086856853478476
200,0,000000000000000000a1,built_loss,9.168086611716566,0.44838368138284757,0.04633176631805852
200,0,000000000000000000b8,built_loss,10.898432788995365,0.5390706736081693,0.10435462419515618
200,0,000000000000000000c0,built_loss,41.49490490886228,0.6323537750954216,0.04617164411754693
200,0,000000000000000000e2,built_loss,20.018669106043454,0.3887760596565668,0.06756663954891534
200,0,000000000000000000f0,built_loss,35.591111881537756,0.6800571723317154,0.06931661331230232
200,0,000000000000000000f8,built_loss,53.4947828773936,0.5340598044969568,0.06303908646957734
200,0,0000000000000000011c,built_loss,7.236914728655377,0.728280888669927,0.032020451918673754
200,0,00000000000000000161,built_loss,45.20826957708365,0.6558809060800027,0.04580712211784321
200,0,0000000000000000016a,built_loss,9.002496983858661,0.24091558459698398,0.05121611191013875
200,0,00000000000000000176,built_loss,28.414331851824446,0.657697684861151,0.037011278170813844
200,0,000000000000000001a8,built_loss,57.80187103224154,0.5502024405018302,0.06249850230448761
200,0,000000000000000001cd,built_loss,56.22404784658333,0.7645390151438535,0.07014668210190456
200,0,000000000000000001e5,built_loss,20.951010188329732,0.5687660957226895,0.061029122802709
200,0,00000000000000000209,built_loss,61.65448842105803,0.6304462100330996,0.0750904177941143
200,0,00000000000000000231,built_loss,56.341354286981,0.5335142436243089,0.060367996979110106
200,0,0000000000000000026d,built_loss,32.233775669013745,0.593458647088699,0.05558721541460554
200,0,00000000000000000278,built_loss,44.55341434816523,0.7796458866588776,0.059518472992938
200,0,00000000000000000293,built_loss,33.12719196238863,0.47942197388933994,0.06067676392359028
200,0,00000000000000000316,built_loss,2.0289477304834733,0.12294446523545764,0.009742214580582054
200,0,00000000000000000356,built_loss,42.698067017022886,0.5406531317246686,0.09056980763699951
200,0,00000000000000000362,built_loss,54.194457795552246,0.5648568748492845,0.05940181947966394
200,0,00000000000000000363,built_loss,29.099787957823736,0.24775782458450318,0.03960305373978473
200,0,00000000000000000364,built_loss,58.03333598517073,0.6157520075880053,0.05557336538714963
200,0,00000000000000000380,built_loss,35.69393543595575,0.5018639442758772,0.05205018595676303
200,0,00000000000000000384,built_loss,19.174078905509354,0.584179487276464,0.03870940758068464
200,0,0000000000000000039e,built_loss,8.909167345966715,0.4949980595341841,0.0443831868827978
200,0,000000000000000003a1,built_loss,20.28158106656328,0.6160283645214796,0.05540433001548706
200,0,000000000000000003a5,built_loss,25.549183026139232,0.3933392852579359,0.0726447190289719
200,0,000000000000000003b7,built_loss,16.904897615853987,0.49232896087299666,0.023753386788674224
200,0,000000000000000003bf,built_loss,56.905570924630595,0.5342655540835044,0.0439622049245062
200,0,000000000000000003d2,built_loss,55.00654970622997,0.5959975707071276,0.06932335661098576
200,0,000000000000000003f8,built_loss,6.921457787154442,0.22322765067025102,0.025803572958094878
200,0,000000000000000003fa,built_loss,56.357118442422376,0.4172185576203561,0.04303379378565386
200,0,00000000000000000407,built_loss,51.52920418024862,0.5585889054061548,0.06142789992920217
200,0,0000000000000000040f,built_loss,33.21880043412433,0.5215232277956281,0.022073819403033768
200,0,00000000000000000426,built_loss,35.47600480572801,0.566311052776416,0.04150999090578944
200,0,0000000000000000042b,built_loss,42.238474763227394,0.5657546229617553,0.049564711845792475
200,0,00000000000000000442,built_loss,4.03419505433687,0.3537968879039432,0.18500428843010774
200,0,00000000000000000465,built_loss,54.397203425252606,0.6317561665322977,0.04996048785698104
200,0,0000000000000000047e,built_loss,20.936626506087546,0.5305926790655608,0.04238681699677893
200,0,00000000000000000490,built_loss,60.15512755663799,0.6469253458653569,0.06367812328755906
200,0,000000000000000004c0,built_loss,45.66240014567201,0.6464726745294347,0.04451806897743338
200,0,000000000000000004c5,built_loss,14.042721457670519,0.584661907907965,0.06100932853815211
200,0,000000000000000004d9,built_loss,44.41410684963211,0.5543945183555384,0.03617077103807631
200,0,000000000000000004eb,built_loss,56.372063523380426,0.44811746526554375,0.031427163584705986
200,0,000000000000000004f7,built_loss,8.402926099344459,0.4773619895402901,0.02621916888750303
200,0,000000000000000004fe,built_loss,17.3746741527766,0.50085794271182,0.02572759921044182
200,0,0000000000000000051d,built_loss,24.283889310693088,0.4947551431473503,0.15924967180322097
200,0,00000000000000000559,built_loss,44.387035403450824,0.6880400735118792,0.05394700054953716
200,0,00000000000000000576,built_loss,8.922351858071034,0.2735494574446032,0.04204485187852572
200,0,00000000000000000577,built_loss,10.445254607258157,0.47355598156254,0.0747727242625007
200,0,0000000000000000057f,built_loss,2.3301666736702087,0.40102456450434465,0.050381652668605115
200,0,00000000000000000594,built_loss,23.870969776973524,0.5214212349665552,0.1486183168184605
200,0,000000000000000005ad,built_loss,41.86956878735009,0.6635452917828042,0.049702215985525044
200,0,000000000000000005bf,built_loss,30.940319100678174,0.3998992798552043,0.0398637108724999
200,0,000000000000000005cc,built_loss,11.058870138778833,0.3558345094694623,0.028258011241848235
200,0,000000000000000005de,built_loss,38.153899432901184,0.43630504145346294,0.025590897180305716
200,0,000000000000000005e7,built_loss,46.63681143011245,0.6417234180681689,0.0739710514358356
200,0,000000000000000005f9,built_loss,17.763820382182598,0.6554622415250153,0.06139535181432787
200,0,0000000000000000061c,built_loss,21.488901292312804,0.4038550624813583,0.04259953803051525
200,0,00000000000000000624,built_loss,4.7352708912197325,0.5131376761508757,0.06266511704459354
200,0,00000000000000000626,built_loss,36.61351912508096,0.5024132932755273,0.0376604435823093
200,0,0000000000000000062a,built_loss,43.714907559640565,0.568098650094264,0.03979362195031011
200,0,00000000000000000636,built_loss,24.684815297481034,0.47971328089039633,0.13162918986233801
200,0,0000000000000000064a,built_loss,3.5330094708719906,0.29691333769025263,0.02967823869933861
200,0,0000000000000000064d,built_loss,14.792587402945077,0.43844310969216416,0.04963303702969113
200,0,00000000000000000694,built_loss,30.39899445392936,0.3717281146816144,0.025774096285060943
200,0,0000000000000000069d,built_loss,46.478739511828074,0.6518098782044757,0.05032795126539902
200,0,000000000000000006b7,built_loss,32.72814141970359,0.46704169497805,0.03528873931824028
200,0,000000000000000006df,built_loss,19.38884435761397,0.23220487254214778,0.0648446794709372
200,0,000000000000000006e3,built_loss,32.522105900175596,0.4203690446560001,0.059869837231396494
200,0,00000000000000000011,crop_loss,49.89263769019037,0.7962915912655607,0.2798074464367325
200,0,0000000000000000002b,crop_loss,52.56120187923271,0.18039942347623822,0.07372699651960496
200,0,0000000000000000002d,crop_loss,58.70615864553747,0.4742459613639172,0.06258471157572054
200,0,0000000000000000003a,crop_loss,49.771883836121184,0.2979624304783811,0.06388077693601274
200,0,0000000000000000009b,crop_loss,17.927832232310596,0.4960188760814392,0.010411713393416122
200,0,0000000000000000009d,crop_loss,7.436841291983762,0.38109739426948014,0.05700340435967821
200,0,000000000000000000a8,crop_loss,35.73820553255381,0.20817482120638459,0.024553710842638854
200,0,000000000000000000da,crop_loss,30.48962587589533,0.7541763210677107,0.03490783574802969
200,0,000000000000000000e3,crop_loss,62.43025407973033,0.48993449655631904,0.05623188028321502
200,0,000000000000000000e9,crop_loss,5.131696909002667,0.42383655063892317,0.07215374786153822
200,0,0000000000000000011b,crop_loss,34.06451363942164,0.48275000469604595,0.026316663751270952
200,0,00000000000000000128,crop_loss,37.21917019694363,0.5439916622111378,0.022546480577964267
200,0,00000000000000000192,crop_loss,50.64553922618672,0.5576970035530296,0.025504357486132556
200,0,00000000000000000196,crop_loss,25.347691788631423,0.24383533233150406,0.03539140632316087
200,0,000000000000000001a6,crop_loss,43.079073832470485,0.29190758846318904,0.07531548108703631
200,0,000000000000000001e4,crop_loss,46.94352809836523,0.4837868901135964,0.0452653933740757
200,0,000000000000000001f9,crop_loss,52.65171168230645,0.498182938519541,0.2366413497347864
200,0,00000000000000000228,crop_loss,29.595529519196635,0.5033729263863393,0.09881481068586667
200,0,0000000000000000028c,crop_loss,4.0915167959099294,0.3004209818841105,0.046642385108545736
200,0,0000000000000000028d,crop_loss,30.011800310308686,0.6700841075507462,0.054485415759517264
200,0,00000000000000000291,crop_loss,16.75156750206899,0.8825576303620036,0.01603261373318876
200,0,000000000000000002c5,crop_loss,33.61304951291741,0.3397260983834447,0.07429528840484517
200,0,000000000000000002dc,crop_loss,62.05427245152627,0.64676595678349,0.05488241967804264
200,0,000000000000000002e4,crop_loss,50.95118784971179,0.32445453386871687,0.06346438795511294
200,0,000000000000000002ec,crop_loss,57.75091610377493,0.4883083578670176,0.07115426580676687
200,0,00000000000000000314,crop_loss,35.004035277448544,0.09132639086077407,0.04498125869007853
200,0,00000000000000000335,crop_loss,59.85288933002528,0.4499387865811609,0.0461483010920643
200,0,0000000000000000033a,crop_loss,34.53372610240564,0.5140373546522389,0.053897802659709004
200,0,000000000000000003b0,crop_loss,57.56763104242937,0.2024598354181838,0.054233145760685025
200,0,000000000000000003c8,crop_loss,44.64358800183272,0.19494956779611586,0.030920881112895954
200,0,000000000000000003f1,crop_loss,52.846243399756126,0.4611708097441651,0.06299506805951965
200,0,000000000000000003f2,crop_loss,42.02357542292388,0.4701966745357988,0.046675052006623696
200,0,0000000000000000044b,crop_loss,14.588870342093168,0.5633126809291097,0.028970965879130284
200,0,0000000000000000046c,crop_loss,55.738127981817264,0.5040883764301555,0.09060004337669908
200,0,00000000000000000480,crop_loss,11.037920086396568,0.8618081497714292,0.050695514976146105
200,0,00000000000000000483,crop_loss,11.830891096758863,0.7403034947385077,0.05825544996335685
200,0,00000000000000000485,crop_loss,49.75879902708774,0.6995175764619903,0.03479682272774909
200,0,00000000000000000497,crop_loss,43.02421520649167,0.2227044461843127,0.056756400208517854
200,0,0000000000000000049b,crop_loss,44.699375797054834,0.356963295875075,0.03479791311636021
200,0,000000000000000004a1,crop_loss,45.177156129821,0.3527773178839155,0.05158681457053266
200,0,000000000000000004e7,crop_loss,29.720531256096404,0.4902547301433119,0.027800596418415646
200,0,000000000000000004e9,crop_loss,16.72276989450006,0.40278671803453503,0.12594227386134543
200,0,000000000000000004ee,crop_loss,22.6021656545125,0.38206559554208075,0.1174181422493869
200,0,000000000000000004f9,crop_loss,50.9873856960187,0.3579097146426206,0.127241067615892
200,0,00000000000000000517,crop_loss,33.120173891494254,0.2927744989209896,0.09175672035007654
200,0,00000000000000000538,crop_loss,1.0691114461425388,0.2994533229538328,0.03225566522233031
200,0,0000000000000000057e,crop_loss,4.403862285556028,0.5377704547533146,0.025879197543297483
200,0,000000000000000005d1,crop_loss,18.198881017402194,0.15122800186110796,0.04983953410448605
200,0,00000000000000000611,crop_loss,56.92010775517315,0.6570763389372598,0.04779433049061199
200,0,0000000000000000062f,crop_loss,53.9953116569244,0.5119844109299803,0.10154304157424904
200,0,00000000000000000632,crop_loss,14.790146834513221,0.08211724584025878,0.020563885021930184
200,0,0000000000000000063e,crop_loss,57.16792337415818,0.3056183531920004,0.05733421033398295
200,0,00000000000000000655,crop_loss,35.586080024097186,0.49831877957148946,0.13834825251161398
200,0,00000000000000000697,crop_loss,66.19197223805743,0.6170683264631075,0.06288621318012377
200,0,00000000000000000698,crop_loss,21.205732495490835,0.42319412577851023,0.04191359770672903
200,0,000000000000000006a8,crop_loss,61.12511890408253,0.2977751201888123,0.05774703295014494
200,0,000000000000000006b4,crop_loss,56.971394465711306,0.5205949108190587,0.09368609673022205
200,0,000000000000000006be,crop_loss,15.040157253386903,0.3928221219727449,0.052882554887331845
200,0,000000000000000006c0,crop_loss,2.942596106899259,0.18960312936049106,0.040754964768438484
200,0,000000000000000006ce,crop_loss,25.412594916721602,0.5841973243144265,0.09486068764821176
200,0,000000000000000006d9,crop_loss,44.63118250597432,0.20403458435348143,0.04802141308261618
200,0,000000000000000006e5,crop_loss,54.07804911546696,0.5242702204156796,0.07552769206278931
200,0,00000000000000000151,built_loss,8.715958946715388,0.26295971863394507,0.038767426773893054
200,0,000000000000000001be,built_loss,6.267339447049538,0.5212819741231616,0.061369940590403294
200,0,0000000000000000034d,built_loss,5.8297335504045655,0.4079600112494091,0.031030368111191753
200,0,000000000000000003c7,crop_loss,31.084016307842756,0.724207818532728,0.058023063948539844
200,0,0000000000000000004a,built_loss,11.947401070281433,0.4399635974690063,0.02220103395201234
200,0,00000000000000000206,built_loss,47.41315088699199,0.7216670298387968,0.06171297465562409
200,0,000000000000000002a4,built_loss,11.040841529122037,0.4096343217633991,0.034942284103264276
200,0,000000000000000004f5,built_loss,8.745475141861988,0.4745786953623484,0.05417835401282317
200,0,000000000000000002cc,crop_loss,19.252360857213798,0.3920532888734069,0.13831632139465988
200,0,000000000000000006cc,crop_loss,26.876147433031846,0.34380432894178714,0.03591545076945046
200,0,0000000000000000016c,crop_loss,50.7147075997485,0.46561124320297237,0.0580556676876412
200,1,00000000000000000085,built_loss,16.25286218611575,0.35991470256723596,0.06837912108192401
200,1,00000000000000000114,built_loss,31.705150358097995,0.6924485329739907,0.04441332149607502
200,1,0000000000000000024c,built_loss,26.620846205910404,0.7180272821464494,0.037878882577580986
200,1,00000000000000000375,built_loss,41.42521537215851,0.652664514092622,0.04941989984545625
200,1,000000000000000004d2,built_loss,30.325231851454767,0.6145007105605818,0.06095287480398126
200,1,000000000000000005bd,built_loss,4.989810296310336,0.557790824233098,0.047735426083512444
200,1,00000000000000000281,crop_loss,50.98863497311487,0.5214739964443655,0.03552682380648431
200,1,000000000000000003a2,crop_loss,33.482996282916325,0.33892274484211304,0.08557633546769938
200,1,00000000000000000001,built_loss,28.805735180595235,0.4597185945150216,0.045247881243762
200,1,00000000000000000049,built_loss,4.687775601304783,0.48898259692340235,0.026590371063164753
200,1,0000000000000000004f,built_loss,43.6038990098781,0.4424675076364737,0.07591125968810986
200,1,0000000000000000005a,built_loss,35.084978763724095,0.44413708886590064,0.03181720552545042
200,1,00000000000000000079,built_loss,66.63467211288093,0.6285656778827687,0.07156223662863426
200,1,00000000000000000087,built_loss,57.66210046278294,0.6189161612199339,0.0971413692976012
200,1,000000000000000000a1,built_loss,9.168086611716568,0.44838368138284757,0.044554839530944246
200,1,000000000000000000b8,built_loss,10.898432788995365,0.5390706736081693,0.1200049010735168
200,1,000000000000000000c0,built_loss,41.49490490886228,0.6323537750954216,0.04810244568634403
200,1,000000000000000000e2,built_loss,20.01866910604345,0.3887760596565668,0.05421764255880296
200,1,000000000000000000f0,built_loss,35.591111881537756,0.6800571723317154,0.07000389631223514
200,1,000000000000000000f8,built_loss,53.4947828773936,0.5340598044969568,0.06628099512402985
200,1,0000000000000000011c,built_loss,7.236914728655377,0.728280888669927,0.033896980811507604
200,1,00000000000000000161,built_loss,45.208269577083655,0.6558809060800027,0.052227015329335935
200,1,0000000000000000016a,built_loss,9.002496983858661,0.24091558459698398,0.05346457165092894
200,1,00000000000000000176,built_loss,28.414331851824446,0.657697684861151,0.041803575537354476
200,1,000000000000000001a8,built_loss,57.80187103224154,0.5502024405018302,0.05467331422021726
200,1,000000000000000001cd,built_loss,56.22404784658333,0.7645390151438535,0.0648734781112641
200,1,000000000000000001e5,built_loss,20.951010188329732,0.5687660957226895,0.06256946079821035
200,1,00000000000000000209,built_loss,61.65448842105803,0.6304462100330996,0.07240333131788135
200,1,00000000000000000231,built_loss,56.34135428698099,0.5335142436243089,0.05735053084716468
200,1,0000000000000000026d,built_loss,32.23377566901375,0.593458647088699,0.06039752653933117
200,1,00000000000000000278,built_loss,44.55341434816523,0.7796458866588776,0.06428400827266267
200,1,00000000000000000293,built_loss,33.12719196238863,0.47942197388933994,0.05942824509398126
200,1,00000000000000000316,built_loss,2.0289477304834733,0.12294446523545764,0.012931658920803252
200,1,00000000000000000356,built_loss,42.698067017022886,0.5406531317246686,0.0847754332644518
200,1,00000000000000000362,built_loss,54.194457795552246,0.5648568748492845,0.053328971269147596
200,1,00000000000000000363,built_loss,29.099787957823736,0.24775782458450318,0.036285066996452314
200,1,00000000000000000364,built_loss,58.03333598517073,0.6157520075880051,0.058404235262145
200,1,00000000000000000380,built_loss,35.69393543595575,0.5018639442758772,0.047329621905087826
200,1,00000000000000000384,built_loss,19.174078905509354,0.584179487276464,0.040467301808909784
200,1,0000000000000000039e,built_loss,8.909167345966715,0.4949980595341841,0.042247368336363056
200,1,000000000000000003a1,built_loss,20.28158106656328,0.6160283645214796,0.06188377771914044
200,1,000000000000000003a5,built_loss,25.549183026139232,0.3933392852579364,0.07462204531993905
200,1,000000000000000003b7,built_loss,16.904897615853987,0.49232896087299666,0.02550554114229825
200,1,000000000000000003bf,built_loss,56.905570924630595,0.5342655540835044,0.04107100214336523
200,1,000000000000000003d2,built_loss,55.00654970622997,0.5959975707071276,0.07270310273507441
200,1,000000000000000003f8,built_loss,6.921457787154442,0.22322765067025102,0.029918137620738194
200,1,000000000000000003fa,built_loss,56.357118442422376,0.4172185576203561,0.04190412404632715
200,1,00000000000000000407,built_loss,51.52920418024862,0.5585889054061548,0.06418699835461728
200,1,0000000000000000040f,built_loss,33.21880043412433,0.5215232277956281,0.021186839174932914
200,1,00000000000000000426,built_loss,35.476004805728,0.566311052776416,0.04507841201278873
200,1,0000000000000000042b,built_loss,42.238474763227394,0.5657546229617553,0.04678482685901153
200,1,00000000000000000442,built_loss,4.03419505433687,0.3537968879039432,0.17441918038510013
200,1,00000000000000000465,built_loss,54.39720342525261,0.6317561665322977,0.05058099167589991
200,1,0000000000000000047e,built_loss,20.936626506087546,0.5305926790655608,0.0393026426335118
200,1,00000000000000000490,built_loss,60.15512755663799,0.6469253458653569,0.05300313564874781
200,1,000000000000000004c0,built_loss,45.66240014567201,0.6464726745294347,0.04654074998960456
200,1,000000000000000004c5,built_loss,14.042721457670519,0.584661907907965,0.061561084338553895
200,1,000000000000000004d9,built_loss,44.41410684963211,0.5543945183555384,0.03505669494016095
200,1,000000000000000004eb,built_loss,56.372063523380426,0.44811746526554375,0.02845577827175122
200,1,000000000000000004f7,built_loss,8.402926099344459,0.4773619895402901,0.024193824641573325
200,1,000000000000000004fe,built_loss,17.3746741527766,0.50085794271182,0.027730155409400548
200,1,0000000000000000051d,built_loss,24.283889310693088,0.4947551431473503,0.1462606499099262
200,1,00000000000000000559,built_loss,44.387035403450824,0.6880400735118792,0.051768550404103775
200,1,00000000000000000576,built_loss,8.922351858071034,0.2735494574446032,0.04657949216238469
200,1,00000000000000000577,built_loss,10.445254607258157,0.47355598156254,0.08237986395461022
200,1,0000000000000000057f,built_loss,2.3301666736702087,0.40102456450434465,0.0543610190315994
200,1,00000000000000000594,built_loss,23.870969776973528,0.5214212349665552,0.1391009399378988
200,1,000000000000000005ad,built_loss,41.86956878735009,0.6635452917828042,0.05081367550113325
200,1,000000000000000005bf,built_loss,30.94031910067818,0.3998992798552043,0.039534337757879845
200,1,000000000000000005cc,built_loss,11.058870138778833,0.3558345094694623,0.028812520082971027
200,1,000000000000000005de,built_loss,38.153899432901184,0.43630504145346294,0.026646260082339335
200,1,000000000000000005e7,built_loss,46.63681143011245,0.6417234180681689,0.07239500846556812
200,1,000000000000000005f9,built_loss,17.763820382182598,0.6554622415250153,0.07248970395702059
200,1,0000000000000000061c,built_loss,21.4889012923128,0.4038550624813583,0.04427153416050389
200,1,00000000000000000624,built_loss,4.7352708912197325,0.5131376761508757,0.06073438187475749
200,1,00000000000000000626,built_loss,36.61351912508098,0.5024132932755273,0.03638001207637642
200,1,0000000000000000062a,built_loss,43.714907559640565,0.568098650094264,0.0466628198892588
200,1,00000000000000000636,built_loss,24.68481529748103,0.47971328089039633,0.1235127826304982
200,1,0000000000000000064a,built_loss,3.5330094708719906,0.29691333769025263,0.030480069657126574
200,1,0000000000000000064d,built_loss,14.792587402945077,0.43844310969216416,0.05282362162398657
200,1,00000000000000000694,built_loss,30.39899445392936,0.3717281146816144,0.028578289431960113
200,1,0000000000000000069d,built_loss,46.47873951182808,0.6518098782044757,0.04880306974935433
200,1,000000000000000006b7,built_loss,32.72814141970359,0.46704169497805,0.03819329028501339
200,1,000000000000000006df,built_loss,19.38884435761397,0.23220487254214778,0.05808754836377869
200,1,000000000000000006e3,built_loss,32.52210590017559,0.4203690446560001,0.06368649141917304
200,1,00000000000000000011,crop_loss,49.89263769019037,0.7962915912655607,0.2868252875293966
200,1,0000000000000000002b,crop_loss,52.56120187923271,0.18039942347623822,0.0673093500873197
200,1,0000000000000000002d,crop_loss,58.70615864553747,0.4742459613639172,0.058320133603221636
200,1,0000000000000000003a,crop_loss,49.771883836121184,0.2979624304783811,0.06200883687825248
200,1,0000000000000000009b,crop_loss,17.927832232310596,0.4960188760814392,0.010892958593694657
200,1,0000000000000000009d,crop_loss,7.436841291983762,0.38109739426948014,0.05410316656448533
200,1,000000000000000000a8,crop_loss,35.73820553255382,0.20817482120638459,0.02593811422116951
200,1,000000000000000000da,crop_loss,30.489625875895328,0.7541763210677107,0.03471573911373094
200,1,000000000000000000e3,crop_loss,62.43025407973033,0.48993449655631904,0.05767591086764884
200,1,000000000000000000e9,crop_loss,5.131696909002667,0.42383655063892317,0.07056457526937238
200,1,0000000000000000011b,crop_loss,34.06451363942164,0.48275000469604595,0.025881004410925
200,1,00000000000000000128,crop_loss,37.21917019694363,0.5439916622111378,0.022210916204056796
200,1,00000000000000000192,crop_loss,50.64553922618672,0.5576970035530296,0.02599806030428653
200,1,00000000000000000196,crop_loss,25.347691788631423,0.24383533233150406,0.03197560381412007
200,1,000000000000000001a6,crop_loss,43.079073832470485,0.29190758846318904,0.07438807025980204
200,1,000000000000000001e4,crop_loss,46.94352809836523,0.4837868901135964,0.044273048184666264
200,1,000000000000000001f9,crop_loss,52.65171168230645,0.498182938519541,0.23324900186026304
200,1,00000000000000000228,crop_loss,29.595529519196635,0.5033729263863393,0.10350614900017024
200,1,0000000000000000028c,crop_loss,4.0915167959099294,0.3004209818841105,0.04627900354757747
200,1,0000000000000000028d,crop_loss,30.011800310308686,0.6700841075507462,0.05041247639011104
200,1,00000000000000000291,crop_loss,16.75156750206899,0.8825576303620036,0.01764172594187252
200,1,000000000000000002c5,crop_loss,33.61304951291741,0.3397260983834447,0.07154615415405302
200,1,000000000000000002dc,crop_loss,62.054272451526266,0.64676595678349,0.05313913225778344
200,1,000000000000000002e4,crop_loss,50.95118784971179,0.32445453386871687,0.05852232566043508
200,1,000000000000000002ec,crop_loss,57.75091610377492,0.4883083578670176,0.07410182379313607
200,1,00000000000000000314,crop_loss,35.004035277448544,0.09132639086077407,0.049760842824732025
200,1,00000000000000000335,crop_loss,59.85288933002526,0.4499387865811609,0.04809132607645933
200,1,0000000000000000033a,crop_loss,34.53372610240564,0.5140373546522389,0.0574674922278004
200,1,000000000000000003b0,crop_loss,57.56763104242937,0.2024598354181838,0.06335716793654067
200,1,000000000000000003c8,crop_loss,44.64358800183271,0.19494956779611586,0.03295096983471679
200,1,000000000000000003f1,crop_loss,52.846243399756126,0.46117080974416497,0.06939755798690889
200,1,000000000000000003f2,crop_loss,42.02357542292387,0.4701966745357988,0.04504980899444294
200,1,0000000000000000044b,crop_loss,14.588870342093168,0.5633126809291097,0.032318703910847124
200,1,0000000000000000046c,crop_loss,55.738127981817264,0.5040883764301555,0.10045382640482464
200,1,00000000000000000480,crop_loss,11.037920086396568,0.8618081497714292,0.05083941147904103
200,1,00000000000000000483,crop_loss,11.830891096758863,0.7403034947385077,0.0552537989427937
200,1,00000000000000000485,crop_loss,49.75879902708774,0.6995175764619903,0.02816322658685544
200,1,00000000000000000497,crop_loss,43.02421520649167,0.2227044461843127,0.058035058178584314
200,1,0000000000000000049b,crop_loss,44.699375797054834,0.356963295875075,0.034436637304721573
200,1,000000000000000004a1,crop_loss,45.177156129821,0.3527773178839155,0.050122829974290906
200,1,000000000000000004e7,crop_loss,29.7205312560964,0.4902547301433119,0.030022437886411013
200,1,000000000000000004e9,crop_loss,16.722769894500065,0.40278671803453503,0.1276500481215188
200,1,000000000000000004ee,crop_loss,22.6021656545125,0.38206559554208075,0.13379170997047474
200,1,000000000000000004f9,crop_loss,50.987385696018706,0.3579097146426206,0.12034205118846925
200,1,00000000000000000517,crop_loss,33.120173891494254,0.2927744989209896,0.09491828524848017
200,1,00000000000000000538,crop_loss,1.0691114461425388,0.2994533229538328,0.03307211779846775
200,1,0000000000000000057e,crop_loss,4.403862285556028,0.5377704547533146,0.024201869794536868
200,1,000000000000000005d1,crop_loss,18.198881017402194,0.15122800186110796,0.05293895893433301
200,1,00000000000000000611,crop_loss,56.92010775517315,0.6570763389372598,0.05134985711169804
200,1,0000000000000000062f,crop_loss,53.9953116569244,0.5119844109299803,0.09883520861278794
200,1,00000000000000000632,crop_loss,14.790146834513221,0.08211724584025878,0.01943831697327693
200,1,0000000000000000063e,crop_loss,57.167923374158185,0.3056183531920004,0.053142531912136526
200,1,00000000000000000655,crop_loss,35.58608002409719,0.49831877957148946,0.1362280010227061
200,1,00000000000000000697,crop_loss,66.19197223805743,0.6170683264631075,0.062098980788963365
200,1,00000000000000000698,crop_loss,21.205732495490835,0.42319412577851023,0.04363105599468964
200,1,000000000000000006a8,crop_loss,61.12511890408253,0.2977751201888123,0.062034849765758515
200,1,000000000000000006b4,crop_loss,56.97139446571131,0.5205949108190587,0.08336548734845378
200,1,000000000000000006be,crop_loss,15.040157253386901,0.3928221219727449,0.05311102269697626
200,1,000000000000000006c0,crop_loss,2.9425961068992597,0.18960312936049106,0.041565387787313834
200,1,000000000000000006ce,crop_loss,25.412594916721602,0.5841973243144265,0.09548772909916592
200,1,000000000000000006d9,crop_loss,44.63118250597432,0.20403458435348143,0.04713646056075527
200,1,000000000000000006e5,crop_loss,54.07804911546697,0.5242702204156796,0.06857082789203162
200,1,00000000000000000151,built_loss,8.715958946715388,0.26295971863394507,0.032519902664072176
200,1,000000000000000001be,built_loss,6.2673394470495385,0.5212819741231616,0.059769380044704834
200,1,0000000000000000034d,built_loss,5.829733550404566,0.4079600112494091,0.02974288341301845
200,1,000000000000000003c7,crop_loss,31.084016307842752,0.724207818532728,0.0661555623149821
200,1,0000000000000000004a,built_loss,11.947401070281433,0.4399635974690063,0.0204544546070759
200,1,00000000000000000206,built_loss,47.413150886992,0.7216670298387968,0.059685107073536026
200,1,000000000000000002a4,built_loss,11.040841529122035,0.4096343217633991,0.038858190753427335
200,1,000000000000000004f5,built_loss,8.745475141861988,0.4745786953623484,0.055674758207922614
200,1,000000000000000002cc,crop_loss,19.252360857213798,0.3920532888734069,0.13581171966111916
200,1,000000000000000006cc,crop_loss,26.876147433031846,0.34380432894178714,0.035436661374486755
200,1,0000000000000000016c,crop_loss,50.71470759974851,0.46561124320297237,0.05727598696528169
200,2,00000000000000000085,built_loss,16.25286218611575,0.35991470256723596,0.0656750128418595
200,2,00000000000000000114,built_loss,31.705150358097995,0.6924485329739907,0.04186561417508472
200,2,0000000000000000024c,built_loss,26.620846205910404,0.7180272821464494,0.03951905453471871
200,2,00000000000000000375,built_loss,41.42521537215851,0.652664514092622,0.05588312334353984
200,2,000000000000000004d2,built_loss,30.325231851454767,0.6145007105605818,0.06006795085731076
200,2,000000000000000005bd,built_loss,4.989810296310335,0.557790824233098,0.04910634209086284
200,2,00000000000000000281,crop_loss,50.98863497311486,0.5214739964443655,0.03468523192812989
200,2,000000000000000003a2,crop_loss,33.48299628291632,0.33892274484211304,0.08013317413820442
200,2,00000000000000000001,built_loss,28.805735180595235,0.4597185945150216,0.042619591593043904
200,2,00000000000000000049,built_loss,4.687775601304783,0.48898259692340235,0.028349471465656362
200,2,0000000000000000004f,built_loss,43.6038990098781,0.4424675076364737,0.06278839694594146
200,2,0000000000000000005a,built_loss,35.08497876372409,0.44413708886590064,0.028048557237277283
200,2,00000000000000000079,built_loss,66.63467211288093,0.6285656778827687,0.07307648994356952
200,2,00000000000000000087,built_loss,57.66210046278294,0.6189161612199339,0.10052227210393783
200,2,000000000000000000a1,built_loss,9.168086611716568,0.44838368138284757,0.04641695781441091
200,2,000000000000000000b8,built_loss,10.898432788995365,0.5390706736081693,0.106825419483564
200,2,000000000000000000c0,built_loss,41.49490490886228,0.6323537750954216,0.04535608912179612
200,2,000000000000000000e2,built_loss,20.01866910604345,0.3887760596565668,0.06382260646933341
200,2,000000000000000000f0,built_loss,35.59111188153775,0.6800571723317154,0.07112161675671902
200,2,000000000000000000f8,built_loss,53.494782877393604,0.5340598044969568,0.06860361548604083
200,2,0000000000000000011c,built_loss,7.236914728655377,0.728280888669927,0.034105750225339015
200,2,00000000000000000161,built_loss,45.20826957708365,0.6558809060800027,0.04911070902547221
200,2,0000000000000000016a,built_loss,9.002496983858663,0.24091558459698398,0.05253565718051295
200,2,00000000000000000176,built_loss,28.414331851824446,0.657697684861151,0.03654267101896169
200,2,000000000000000001a8,built_loss,57.80187103224154,0.5502024405018302,0.06040134795360785
200,2,000000000000000001cd,built_loss,56.22404784658333,0.7645390151438535,0.06723848477879757
200,2,000000000000000001e5,built_loss,20.951010188329732,0.5687660957226895,0.06686851630889357
200,2,00000000000000000209,built_loss,61.65448842105803,0.6304462100330996,0.07129892768154011
200,2,00000000000000000231,built_loss,56.34135428698099,0.5335142436243089,0.05952378502431144
200,2,0000000000000000026d,built_loss,32.23377566901375,0.593458647088699,0.04760655231198796
200,2,00000000000000000278,built_loss,44.55341434816523,0.7796458866588776,0.05977672867696471
200,2,00000000000000000293,built_loss,33.12719196238863,0.47942197388933994,0.06306473786222966
200,2,00000000000000000316,built_loss,2.0289477304834733,0.12294446523545764,0.011084023963972497
200,2,00000000000000000356,built_loss,42.698067017022886,0.5406531317246686,0.0828879429293442
200,2,00000000000000000362,built_loss,54.194457795552246,0.5648568748492845,0.05891098740478262
200,2,00000000000000000363,built_loss,29.099787957823736,0.24775782458450318,0.03433343007488812
200,2,00000000000000000364,built_loss,58.03333598517073,0.6157520075880053,0.06935561150685832
200,2,00000000000000000380,built_loss,35.693935435955744,0.5018639442758772,0.05411569524343074
200,2,00000000000000000384,built_loss,19.174078905509354,0.584179487276464,0.03509575036438439
200,2,0000000000000000039e,built_loss,8.909167345966713,0.4949980595341841,0.04231608170522072
200,2,000000000000000003a1,built_loss,20.28158106656328,0.6160283645214796,0.06050397610238023
200,2,000000000000000003a5,built_loss,25.54918302613923,0.3933392852579359,0.07358564397957118
200,2,000000000000000003b7,built_loss,16.904897615853987,0.49232896087299666,0.023845242558964475
200,2,000000000000000003bf,built_loss,56.905570924630595,0.5342655540835044,0.04116084018500654
200,2,000000000000000003d2,built_loss,55.00654970622997,0.5959975707071276,0.06832160805849052
200,2,000000000000000003f8,built_loss,6.921457787154441,0.22322765067025102,0.028611683364686058
200,2,000000000000000003fa,built_loss,56.357118442422376,0.4172185576203561,0.04334965654754386
200,2,00000000000000000407,built_loss,51.52920418024861,0.5585889054061548,0.05799713421406805
200,2,0000000000000000040f,built_loss,33.21880043412433,0.5215232277956281,0.021064588733625822
200,2,00000000000000000426,built_loss,35.476004805728,0.566311052776416,0.04619908524172067
200,2,0000000000000000042b,built_loss,42.238474763227394,0.5657546229617553,0.04921109160210024
200,2,00000000000000000442,built_loss,4.03419505433687,0.3537968879039432,0.19544823390838295
200,2,00000000000000000465,built_loss,54.397203425252606,0.6317561665322977,0.05405127771667928
200,2,0000000000000000047e,built_loss,20.936626506087546,0.5305926790655608,0.04413832967645803
200,2,00000000000000000490,built_loss,60.15512755663799,0.6469253458653569,0.059792536372777705
200,2,000000000000000004c0,built_loss,45.66240014567201,0.6464726745294347,0.041547818827534444
200,2,000000000000000004c5,built_loss,14.042721457670519,0.584661907907965,0.0624466699324443
200,2,000000000000000004d9,built_loss,44.41410684963211,0.5543945183555384,0.03341000970068031
200,2,000000000000000004eb,built_loss,56.37206352338043,0.44811746526554375,0.029992337395157775
200,2,000000000000000004f7,built_loss,8.402926099344459,0.4773619895402901,0.02728830659885484
200,2,000000000000000004fe,built_loss,17.3746741527766,0.50085794271182,0.026917007007154825
200,2,0000000000000000051d,built_loss,24.283889310693088,0.4947551431473503,0.14521508683746548
200,2,00000000000000000559,built_loss,44.387035403450824,0.6880400735118792,0.054228328192986175
200,2,00000000000000000576,built_loss,8.922351858071034,0.2735494574446032,0.04166119485503378
200,2,00000000000000000577,built_loss,10.445254607258159,0.47355598156254,0.08090685364202377
200,2,0000000000000000057f,built_loss,2.3301666736702087,0.40102456450434465,0.047160527983159284
200,2,00000000000000000594,built_loss,23.870969776973524,0.5214212349665552,0.13944961638838926
200,2,000000000000000005ad,built_loss,41.86956878735009,0.6635452917828042,0.047993832368502076
200,2,000000000000000005bf,built_loss,30.940319100678174,0.3998992798552043,0.04228787332749051
200,2,000000000000000005cc,built_loss,11.058870138778833,0.3558345094694623,0.034112380062032543
200,2,000000000000000005de,built_loss,38.153899432901184,0.43630504145346294,0.024832177600042138
200,2,000000000000000005e7,built_loss,46.63681143011245,0.6417234180681689,0.0730863356094027
200,2,000000000000000005f9,built_loss,17.763820382182598,0.6554622415250153,0.06658568389628516
200,2,0000000000000000061c,built_loss,21.4889012923128,0.4038550624813583,0.04630489909628138
200,2,00000000000000000624,built_loss,4.7352708912197325,0.5131376761508757,0.06120944326340011
200,2,00000000000000000626,built_loss,36.61351912508098,0.5024132932755273,0.03714804075855643
200,2,0000000000000000062a,built_loss,43.714907559640565,0.568098650094264,0.04493531330856826
200,2,00000000000000000636,built_loss,24.684815297481034,0.47971328089039633,0.1322478162759475
200,2,0000000000000000064a,built_loss,3.5330094708719906,0.29691333769025263,0.03209220117337497
200,2,0000000000000000064d,built_loss,14.792587402945077,0.43844310969216416,0.04969311774385343
200,2,00000000000000000694,built_loss,30.39899445392936,0.3717281146816144,0.027442479633585926
200,2,0000000000000000069d,built_loss,46.47873951182808,0.6518098782044757,0.04905680495182507
200,2,000000000000000006b7,built_loss,32.7281414197036,0.46704169497805,0.03489181076706965
200,2,000000000000000006df,built_loss,19.38884435761397,0.23220487254214778,0.06377661710910948
200,2,000000000000000006e3,built_loss,32.522105900175596,0.4203690446560001,0.063144264780914
200,2,00000000000000000011,crop_loss,49.89263769019037,0.7962915912655607,0.29617721686142884
200,2,0000000000000000002b,crop_loss,52.56120187923271,0.18039942347623822,0.07422341952995767
200,2,0000000000000000002d,crop_loss,58.706158645537485,0.4742459613639172,0.05798919558657173
200,2,0000000000000000003a,crop_loss,49.771883836121184,0.2979624304783811,0.06206262013862118
200,2,0000000000000000009b,crop_loss,17.927832232310596,0.4960188760814392,0.010720906772637151
200,2,0000000000000000009d,crop_loss,7.436841291983762,0.38109739426948014,0.05874572431132802
200,2,000000000000000000a8,crop_loss,35.73820553255381,0.20817482120638459,0.027620486979705705
200,2,000000000000000000da,crop_loss,30.48962587589533,0.7541763210677107,0.03140387487791829
200,2,000000000000000000e3,crop_loss,62.43025407973032,0.48993449655631904,0.05640317262001332
200,2,000000000000000000e9,crop_loss,5.131696909002667,0.42383655063892317,0.07362745741485416
200,2,0000000000000000011b,crop_loss,34.06451363942165,0.48275000469604595,0.025380966942543826
200,2,00000000000000000128,crop_loss,37.21917019694363,0.5439916622111378,0.022003828209110066
200,2,00000000000000000192,crop_loss,50.64553922618671,0.5576970035530296,0.02542931256934211
200,2,00000000000000000196,crop_loss,25.347691788631423,0.24383533233150406,0.03187878109012013
200,2,000000000000000001a6,crop_loss,43.079073832470485,0.29190758846318904,0.07130286640083822
200,2,000000000000000001e4,crop_loss,46.94352809836522,0.4837868901135964,0.044301158238061744
200,2,000000000000000001f9,crop_loss,52.65171168230645,0.498182938519541,0.22864617092938772
200,2,00000000000000000228,crop_loss,29.595529519196635,0.5033729263863393,0.10134094759450102
200,2,0000000000000000028c,crop_loss,4.0915167959099294,0.3004209818841105,0.046696994285097604
200,2,0000000000000000028d,crop_loss,30.011800310308686,0.6700841075507462,0.05969193550266272
200,2,00000000000000000291,crop_loss,16.75156750206899,0.8825576303620036,0.015763669830684446
200,2,000000000000000002c5,crop_loss,33.61304951291741,0.3397260983834447,0.07697978106266634
200,2,000000000000000002dc,crop_loss,62.05427245152627,0.64676595678349,0.057535172864022543
200,2,000000000000000002e4,crop_loss,50.95118784971179,0.32445453386871687,0.061875847255584704
200,2,000000000000000002ec,crop_loss,57.75091610377493,0.4883083578670176,0.07047793297876814
200,2,00000000000000000314,crop_loss,35.004035277448544,0.09132639086077407,0.05043100404961072
200,2,00000000000000000335,crop_loss,59.85288933002526,0.4499387865811609,0.04574302187749635
200,2,0000000000000000033a,crop_loss,34.53372610240564,0.5140373546522389,0.06249220676413014
200,2,000000000000000003b0,crop_loss,57.56763104242937,0.2024598354181838,0.0613659309107098
200,2,000000000000000003c8,crop_loss,44.64358800183272,0.19494956779611586,0.03493940793681333
200,2,000000000000000003f1,crop_loss,52.84624339975614,0.46117080974416497,0.07039135808586178
200,2,000000000000000003f2,crop_loss,42.02357542292388,0.4701966745357988,0.0499501462452262
200,2,0000000000000000044b,crop_loss,14.588870342093166,0.5633126809291097,0.03154417479044813
200,2,0000000000000000046c,crop_loss,55.738127981817264,0.5040883764301555,0.0913190312579899
200,2,00000000000000000480,crop_loss,11.037920086396568,0.8618081497714292,0.05710019499630248
200,2,00000000000000000483,crop_loss,11.830891096758863,0.7403034947385077,0.05158689495272084
200,2,00000000000000000485,crop_loss,49.75879902708774,0.6995175764619903,0.029357098041481122
200,2,00000000000000000497,crop_loss,43.02421520649167,0.2227044461843127,0.0579528364739712
200,2,0000000000000000049b,crop_loss,44.69937579705483,0.356963295875075,0.03380107382275688
200,2,000000000000000004a1,crop_loss,45.177156129821,0.3527773178839155,0.05464086340491714
200,2,000000000000000004e7,crop_loss,29.7205312560964,0.4902547301433119,0.025685528684601056
200,2,000000000000000004e9,crop_loss,16.722769894500065,0.40278671803453503,0.12371970464152748
200,2,000000000000000004ee,crop_loss,22.6021656545125,0.38206559554208075,0.12271438074629726
200,2,000000000000000004f9,crop_loss,50.987385696018706,0.3579097146426206,0.12265793811442094
200,2,00000000000000000517,crop_loss,33.12017389149425,0.2927744989209896,0.10095258651608985
200,2,00000000000000000538,crop_loss,1.0691114461425388,0.2994533229538328,0.027480699414957954
200,2,0000000000000000057e,crop_loss,4.403862285556028,0.5377704547533146,0.026248734248734307
200,2,000000000000000005d1,crop_loss,18.198881017402194,0.15122800186110796,0.052363348522617204
200,2,00000000000000000611,crop_loss,56.92010775517315,0.6570763389372598,0.04920824284882752
200,2,0000000000000000062f,crop_loss,53.9953116569244,0.5119844109299803,0.10544904235039876
200,2,00000000000000000632,crop_loss,14.79014683451322,0.08211724584025878,0.020291512018515076
200,2,0000000000000000063e,crop_loss,57.167923374158185,0.3056183531920004,0.05489703420947051
200,2,00000000000000000655,crop_loss,35.586080024097186,0.49831877957148946,0.1332291547252043
200,2,00000000000000000697,crop_loss,66.19197223805743,0.6170683264631075,0.06429007881453386
200,2,00000000000000000698,crop_loss,21.205732495490835,0.42319412577851023,0.039788911825793805
200,2,000000000000000006a8,crop_loss,61.125118904082534,0.2977751201888123,0.052208033791732555
200,2,000000000000000006b4,crop_loss,56.97139446571131,0.5205949108190587,0.09068424746193005
200,2,000000000000000006be,crop_loss,15.040157253386901,0.3928221219727449,0.05351852908937754
200,2,000000000000000006c0,crop_loss,2.942596106899259,0.18960312936049106,0.04023471307084048
200,2,000000000000000006ce,crop_loss,25.412594916721602,0.5841973243144265,0.09325589767407028
200,2,000000000000000006d9,crop_loss,44.63118250597432,0.20403458435348143,0.04832603540015995
200,2,000000000000000006e5,crop_loss,54.07804911546696,0.5242702204156796,0.07490905844427392
200,2,00000000000000000151,built_loss,8.715958946715388,0.26295971863394507,0.03526702835920448
200,2,000000000000000001be,built_loss,6.267339447049538,0.5212819741231616,0.06388049885448732
200,2,0000000000000000034d,built_loss,5.8297335504045655,0.4079600112494091,0.030071416261713613
200,2,000000000000000003c7,crop_loss,31.084016307842756,0.724207818532728,0.057271039413897884
200,2,0000000000000000004a,built_loss,11.947401070281433,0.4399635974690063,0.021118294304006635
200,2,00000000000000000206,built_loss,47.413150886992,0.7216670298387968,0.06385081497228606
200,2,000000000000000002a4,built_loss,11.040841529122035,0.4096343217633991,0.03976530375452558
200,2,000000000000000004f5,built_loss,8.745475141861988,0.4745786953623484,0.05849479090851323
200,2,000000000000000002cc,crop_loss,19.252360857213795,0.3920532888734069,0.13138771089660323
200,2,000000000000000006cc,crop_loss,26.876147433031846,0.34380432894178714,0.03634915394613003
200,2,0000000000000000016c,crop_loss,50.71470759974851,0.46561124320297237,0.06032482032324604
200,3,00000000000000000085,built_loss,16.25286218611575,0.35991470256723596,0.07075070402801603
200,3,00000000000000000114,built_loss,31.705150358097995,0.6924485329739907,0.04992763003362333
200,3,0000000000000000024c,built_loss,26.62084620591041,0.7180272821464494,0.04049428587773718
200,3,00000000000000000375,built_loss,41.42521537215851,0.652664514092622,0.04577622765528544
200,3,000000000000000004d2,built_loss,30.325231851454767,0.6145007105605818,0.05812399642238808
200,3,000000000000000005bd,built_loss,4.989810296310336,0.557790824233098,0.05185913599390657
200,3,00000000000000000281,crop_loss,50.98863497311486,0.5214739964443655,0.03522026502013276
200,3,000000000000000003a2,crop_loss,33.48299628291632,0.33892274484211304,0.08413176191169669
200,3,00000000000000000001,built_loss,28.805735180595235,0.4597185945150216,0.041654395759260054
200,3,00000000000000000049,built_loss,4.687775601304782,0.48898259692340235,0.029282278710742293
200,3,0000000000000000004f,built_loss,43.6038990098781,0.4424675076364737,0.06794609145394626
200,3,0000000000000000005a,built_loss,35.084978763724095,0.44413708886590064,0.03138218301915052
200,3,00000000000000000079,built_loss,66.63467211288093,0.6285656778827687,0.07336605210799818
200,3,00000000000000000087,built_loss,57.66210046278294,0.6189161612199339,0.09712601384681219
200,3,000000000000000000a1,built_loss,9.168086611716568,0.44838368138284757,0.04496294031747633
200,3,000000000000000000b8,built_loss,10.898432788995366,0.5390706736081693,0.10282685505123318
200,3,000000000000000000c0,built_loss,41.49490490886228,0.6323537750954216,0.045166989779298006
200,3,000000000000000000e2,built_loss,20.018669106043454,0.3887760596565668,0.06945820750205406
200,3,000000000000000000f0,built_loss,35.591111881537756,0.6800571723317154,0.06784241574873862
200,3,000000000000000000f8,built_loss,53.494782877393604,0.5340598044969568,0.06232309698229399
200,3,0000000000000000011c,built_loss,7.236914728655377,0.728280888669927,0.033448486400203814
200,3,00000000000000000161,built_loss,45.20826957708365,0.6558809060800027,0.051418855901414706
200,3,0000000000000000016a,built_loss,9.002496983858663,0.24091558459698398,0.05362043928447904
200,3,00000000000000000176,built_loss,28.414331851824446,0.657697684861151,0.03820006079201144
200,3,000000000000000001a8,built_loss,57.80187103224154,0.5502024405018302,0.05716618042435362
200,3,000000000000000001cd,built_loss,56.224047846583346,0.7645390151438535,0.06640454031025078
200,3,000000000000000001e5,built_loss,20.951010188329732,0.5687660957226895,0.06077066281224697
200,3,00000000000000000209,built_loss,61.65448842105803,0.6304462100330996,0.07684413872786933
200,3,00000000000000000231,built_loss,56.341354286981,0.5335142436243089,0.06027469032996258
200,3,0000000000000000026d,built_loss,32.23377566901375,0.593458647088699,0.05209581555981646
200,3,00000000000000000278,built_loss,44.55341434816523,0.7796458866588776,0.06468364559900797
200,3,00000000000000000293,built_loss,33.12719196238863,0.47942197388933994,0.061260798239321346
200,3,00000000000000000316,built_loss,2.0289477304834738,0.12294446523545764,0.011491241683970449
200,3,00000000000000000356,built_loss,42.698067017022886,0.5406531317246686,0.09449596411834521
200,3,00000000000000000362,built_loss,54.194457795552246,0.5648568748492845,0.0597890016855086
200,3,00000000000000000363,built_loss,29.099787957823736,0.24775782458450318,0.037244414360085965
200,3,00000000000000000364,built_loss,58.03333598517072,0.6157520075880053,0.05721578742423972
200,3,00000000000000000380,built_loss,35.69393543595575,0.5018639442758772,0.05230425888842938
200,3,00000000000000000384,built_loss,19.174078905509354,0.584179487276464,0.03630615849469443
200,3,0000000000000000039e,built_loss,8.909167345966715,0.4949980595341841,0.04204253192889568
200,3,000000000000000003a1,built_loss,20.28158106656328,0.6160283645214796,0.05213818629201883
200,3,000000000000000003a5,built_loss,25.549183026139232,0.3933392852579359,0.0730254248367666
200,3,000000000000000003b7,built_loss,16.90489761585399,0.49232896087299666,0.026081139669420494
200,3,000000000000000003bf,built_loss,56.905570924630595,0.5342655540835044,0.04137244685978381
200,3,000000000000000003d2,built_loss,55.00654970622997,0.5959975707071276,0.07347102234227065
200,3,000000000000000003f8,built_loss,6.921457787154442,0.22322765067025102,0.029096690235536737
200,3,000000000000000003fa,built_loss,56.357118442422376,0.4172185576203561,0.04585138458879462
200,3,00000000000000000407,built_loss,51.52920418024862,0.5585889054061548,0.059641995758479616
200,3,0000000000000000040f,built_loss,33.21880043412433,0.5215232277956281,0.02175585864688201
200,3,00000000000000000426,built_loss,35.476004805728,0.566311052776416,0.04658765277953747
200,3,0000000000000000042b,built_loss,42.238474763227394,0.5657546229617553,0.051353958409707134
200,3,00000000000000000442,built_loss,4.0341950543368705,0.3537968879039432,0.19597699640259875
200,3,00000000000000000465,built_loss,54.39720342525262,0.6317561665322977,0.053454341694805674
200,3,0000000000000000047e,built_loss,20.936626506087546,0.5305926790655608,0.04195404840499983
200,3,00000000000000000490,built_loss,60.15512755663799,0.6469253458653569,0.061109111303562336
200,3,000000000000000004c0,built_loss,45.66240014567201,0.6464726745294347,0.04078403810343245
200,3,000000000000000004c5,built_loss,14.042721457670517,0.584661907907965,0.0639552877369377
200,3,000000000000000004d9,built_loss,44.41410684963211,0.5543945183555384,0.034043624957901586
200,3,000000000000000004eb,built_loss,56.372063523380426,0.44811746526554375,0.028249601520492607
200,3,000000000000000004f7,built_loss,8.402926099344459,0.4773619895402901,0.023769158110529875
200,3,000000000000000004fe,built_loss,17.3746741527766,0.50085794271182,0.026882592714739473
200,3,0000000000000000051d,built_loss,24.283889310693088,0.4947551431473503,0.15896694661043692
200,3,00000000000000000559,built_loss,44.387035403450824,0.6880400735118792,0.05047130933538069
200,3,00000000000000000576,built_loss,8.922351858071034,0.2735494574446032,0.04363182412030431
200,3,00000000000000000577,built_loss,10.445254607258157,0.47355598156254,0.081238894625493
200,3,0000000000000000057f,built_loss,2.3301666736702087,0.40102456450434465,0.0500454106836401
200,3,00000000000000000594,built_loss,23.870969776973528,0.5214212349665552,0.1427635410509121
200,3,000000000000000005ad,built_loss,41.86956878735009,0.6635452917828042,0.0482784769035185
200,3,000000000000000005bf,built_loss,30.94031910067818,0.3998992798552043,0.04413225102033441
200,3,000000000000000005cc,built_loss,11.058870138778833,0.3558345094694623,0.028068990996428345
200,3,000000000000000005de,built_loss,38.153899432901184,0.43630504145346294,0.025904037481307873
200,3,000000000000000005e7,built_loss,46.63681143011245,0.6417234180681689,0.07632879503704582
200,3,000000000000000005f9,built_loss,17.763820382182594,0.6554622415250153,0.061357845885004036
200,3,0000000000000000061c,built_loss,21.4889012923128,0.4038550624813583,0.03911149693188848
200,3,00000000000000000624,built_loss,4.7352708912197325,0.5131376761508757,0.06167611880673424
200,3,00000000000000000626,built_loss,36.61351912508096,0.5024132932755273,0.034093080644884644
200,3,0000000000000000062a,built_loss,43.714907559640565,0.568098650094264,0.04787827816772694
200,3,00000000000000000636,built_loss,24.684815297481034,0.47971328089039633,0.1257497314402123
200,3,0000000000000000064a,built_loss,3.5330094708719906,0.29691333769025263,0.030022639389609806
200,3,0000000000000000064d,built_loss,14.792587402945077,0.43844310969216416,0.051505605934783205
200,3,00000000000000000694,built_loss,30.39899445392936,0.3717281146816144,0.030994265403035348
200,3,0000000000000000069d,built_loss,46.47873951182808,0.6518098782044757,0.04978234637860057
200,3,000000000000000006b7,built_loss,32.72814141970359,0.46704169497805,0.036767559204924194
200,3,000000000000000006df,built_loss,19.38884435761397,0.23220487254214778,0.06920769648272396
200,3,000000000000000006e3,built_loss,32.522105900175596,0.4203690446560001,0.061088584771278376
200,3,00000000000000000011,crop_loss,49.89263769019037,0.7962915912655607,0.29502624906122066
200,3,0000000000000000002b,crop_loss,52.56120187923271,0.18039942347623822,0.07067923762090245
200,3,0000000000000000002d,crop_loss,58.706158645537485,0.4742459613639172,0.06308826167516474
200,3,0000000000000000003a,crop_loss,49.771883836121184,0.2979624304783811,0.06660197081110114
200,3,0000000000000000009b,crop_loss,17.927832232310596,0.4960188760814392,0.011232288070795515
200,3,0000000000000000009d,crop_loss,7.436841291983762,0.38109739426948014,0.05648408050497844
200,3,000000000000000000a8,crop_loss,35.73820553255382,0.20817482120638459,0.024805860371708593
200,3,000000000000000000da,crop_loss,30.48962587589533,0.7541763210677107,0.036670407988631526
200,3,000000000000000000e3,crop_loss,62.43025407973033,0.48993449655631904,0.05790460417309362
200,3,000000000000000000e9,crop_loss,5.131696909002667,0.42383655063892317,0.07544045102417868
200,3,0000000000000000011b,crop_loss,34.06451363942164,0.48275000469604595,0.0275487078751116
200,3,00000000000000000128,crop_loss,37.21917019694363,0.5439916622111378,0.02239374708717201
200,3,00000000000000000192,crop_loss,50.64553922618672,0.5576970035530296,0.026491767871446026
200,3,00000000000000000196,crop_loss,25.347691788631423,0.24383533233150406,0.03586373941422766
200,3,000000000000000001a6,crop_loss,43.079073832470485,0.29190758846318904,0.07895105673580396
200,3,000000000000000001e4,crop_loss,46.943528098365235,0.4837868901135964,0.0440855734072953
200,3,000000000000000001f9,crop_loss,52.65171168230645,0.498182938519541,0.22574254630611845
200,3,00000000000000000228,crop_loss,29.595529519196635,0.5033729263863393,0.10212102756560976
200,3,0000000000000000028c,crop_loss,4.0915167959099294,0.3004209818841105,0.041673519384368085
200,3,0000000000000000028d,crop_loss,30.011800310308683,0.6700841075507462,0.05573775799505809
200,3,00000000000000000291,crop_loss,16.75156750206899,0.8825576303620036,0.019002246816244628
200,3,000000000000000002c5,crop_loss,33.61304951291741,0.3397260983834447,0.07213002534518381
200,3,000000000000000002dc,crop_loss,62.054272451526266,0.64676595678349,0.057904550865247595
200,3,000000000000000002e4,crop_loss,50.95118784971179,0.32445453386871687,0.06211650566404192
200,3,000000000000000002ec,crop_loss,57.75091610377492,0.4883083578670176,0.07221911014309246
200,3,00000000000000000314,crop_loss,35.004035277448544,0.09132639086077407,0.047968349278921574
200,3,00000000000000000335,crop_loss,59.85288933002528,0.4499387865811609,0.0507507477194738
200,3,0000000000000000033a,crop_loss,34.53372610240564,0.5140373546522389,0.057269411645802126
200,3,000000000000000003b0,crop_loss,57.567631042429355,0.2024598354181838,0.06181443043519122
200,3,000000000000000003c8,crop_loss,44.64358800183272,0.19494956779611586,0.034576102629007316
200,3,000000000000000003f1,crop_loss,52.84624339975614,0.46117080974416497,0.06776287229405903
200,3,000000000000000003f2,crop_loss,42.02357542292388,0.4701966745357988,0.047530885217212215
200,3,0000000000000000044b,crop_loss,14.588870342093168,0.5633126809291097,0.02922918610841385
200,3,0000000000000000046c,crop_loss,55.738127981817264,0.5040883764301555,0.08915529603263744
200,3,00000000000000000480,crop_loss,11.037920086396568,0.8618081497714292,0.04713940056578625
200,3,00000000000000000483,crop_loss,11.830891096758863,0.7403034947385077,0.057572611007779995
200,3,00000000000000000485,crop_loss,49.75879902708774,0.6995175764619903,0.03153523778711531
200,3,00000000000000000497,crop_loss,43.02421520649167,0.2227044461843127,0.05397003947075141
200,3,0000000000000000049b,crop_loss,44.699375797054834,0.356963295875075,0.036378825816904437
200,3,000000000000000004a1,crop_loss,45.177156129821,0.3527773178839155,0.05078900216659876
200,3,000000000000000004e7,crop_loss,29.7205312560964,0.4902547301433119,0.027146971348285198
200,3,000000000000000004e9,crop_loss,16.72276989450006,0.40278671803453503,0.1285299823611134
200,3,000000000000000004ee,crop_loss,22.6021656545125,0.38206559554208075,0.11920738465778952
200,3,000000000000000004f9,crop_loss,50.9873856960187,0.3579097146426206,0.12017443565023356
200,3,00000000000000000517,crop_loss,33.120173891494254,0.2927744989209896,0.0894468428671979
200,3,00000000000000000538,crop_loss,1.0691114461425388,0.2994533229538328,0.034478742876114576
200,3,0000000000000000057e,crop_loss,4.403862285556028,0.5377704547533146,0.027893729923510913
200,3,000000000000000005d1,crop_loss,18.198881017402194,0.15122800186110796,0.05456853495664993
200,3,00000000000000000611,crop_loss,56.92010775517316,0.6570763389372598,0.05355505358140822
200,3,0000000000000000062f,crop_loss,53.9953116569244,0.5119844109299803,0.10672567382395254
200,3,00000000000000000632,crop_loss,14.790146834513221,0.08211724584025878,0.020264312987039568
200,3,0000000000000000063e,crop_loss,57.167923374158185,0.3056183531920004,0.0564041448186231
200,3,00000000000000000655,crop_loss,35.586080024097186,0.49831877957148946,0.14973758645720991
200,3,00000000000000000697,crop_loss,66.19197223805743,0.6170683264631075,0.06493294484550849
200,3,00000000000000000698,crop_loss,21.205732495490835,0.42319412577851023,0.043802773537904405
200,3,000000000000000006a8,crop_loss,61.125118904082534,0.2977751201888123,0.05910377360921565
200,3,000000000000000006b4,crop_loss,56.971394465711306,0.5205949108190587,0.08744450539275594
200,3,000000000000000006be,crop_loss,15.040157253386901,0.3928221219727449,0.045282135447800076
200,3,000000000000000006c0,crop_loss,2.942596106899259,0.18960312936049106,0.04362276789836589
200,3,000000000000000006ce,crop_loss,25.412594916721602,0.5841973243144265,0.09750737407008736
200,3,000000000000000006d9,crop_loss,44.63118250597432,0.20403458435348143,0.05271207179463899
200,3,000000000000000006e5,crop_loss,54.07804911546696,0.5242702204156796,0.06594955620758824
200,3,00000000000000000151,built_loss,8.715958946715388,0.26295971863394507,0.03530528858599047
200,3,000000000000000001be,built_loss,6.2673394470495385,0.5212819741231616,0.06363793947392032
200,3,0000000000000000034d,built_loss,5.8297335504045655,0.4079600112494091,0.029884832191330146
200,3,000000000000000003c7,crop_loss,31.084016307842763,0.724207818532728,0.06062997830127215
200,3,0000000000000000004a,built_loss,11.947401070281432,0.4399635974690063,0.022533253633939376
200,3,00000000000000000206,built_loss,47.41315088699199,0.7216670298387968,0.057293592411207794
200,3,000000000000000002a4,built_loss,11.040841529122037,0.4096343217633991,0.038885898987603695
200,3,000000000000000004f5,built_loss,8.745475141861988,0.4745786953623484,0.05020181685262087
200,3,000000000000000002cc,crop_loss,19.252360857213798,0.3920532888734069,0.12289398556300918
200,3,000000000000000006cc,crop_loss,26.876147433031846,0.34380432894178714,0.03752438730834401
200,3,0000000000000000016c,crop_loss,50.7147075997485,0.46561124320297237,0.06076505061940052
200,4,00000000000000000085,built_loss,16.25286218611575,0.35991470256723596,0.07148258552398007
200,4,00000000000000000114,built_loss,31.705150358097995,0.6924485329739907,0.039495078565828345
200,4,0000000000000000024c,built_loss,26.620846205910404,0.7180272821464494,0.042099921634385695
200,4,00000000000000000375,built_loss,41.425215372158505,0.652664514092622,0.049097334533208525
200,4,000000000000000004d2,built_loss,30.325231851454767,0.6145007105605818,0.05763667805355566
200,4,000000000000000005bd,built_loss,4.989810296310336,0.557790824233098,0.05346647490827483
200,4,00000000000000000281,crop_loss,50.98863497311486,0.5214739964443655,0.0362585305329024
200,4,000000000000000003a2,crop_loss,33.482996282916325,0.33892274484211304,0.09227698477499596
200,4,00000000000000000001,built_loss,28.805735180595235,0.4597185945150216,0.045145890137322175
200,4,00000000000000000049,built_loss,4.687775601304783,0.48898259692340235,0.03156090049599897
200,4,0000000000000000004f,built_loss,43.6038990098781,0.4424675076364737,0.07015259589971062
200,4,0000000000000000005a,built_loss,35.084978763724095,0.44413708886590064,0.03003907061655342
200,4,00000000000000000079,built_loss,66.63467211288093,0.6285656778827687,0.06935085902610383
200,4,00000000000000000087,built_loss,57.662100462782945,0.6189161612199339,0.09960164227184776
200,4,000000000000000000a1,built_loss,9.168086611716568,0.44838368138284757,0.04484889359555311
200,4,000000000000000000b8,built_loss,10.898432788995365,0.5390706736081693,0.12066136637418817
200,4,000000000000000000c0,built_loss,41.49490490886228,0.6323537750954216,0.04549700352534991
200,4,000000000000000000e2,built_loss,20.018669106043454,0.3887760596565668,0.06464324521894887
200,4,000000000000000000f0,built_loss,35.591111881537756,0.6800571723317154,0.07277610174139337
200,4,000000000000000000f8,built_loss,53.494782877393604,0.5340598044969568,0.06626899534267994
200,4,0000000000000000011c,built_loss,7.236914728655377,0.728280888669927,0.03274517832840951
200,4,00000000000000000161,built_loss,45.20826957708365,0.6558809060800027,0.04839364818525693
200,4,0000000000000000016a,built_loss,9.002496983858661,0.24091558459698398,0.05026055177490643
200,4,00000000000000000176,built_loss,28.414331851824446,0.657697684861151,0.038561621582217764
200,4,000000000000000001a8,built_loss,57.80187103224154,0.5502024405018302,0.06124584358682228
200,4,000000000000000001cd,built_loss,56.224047846583346,0.7645390151438535,0.0724931920227253
200,4,000000000000000001e5,built_loss,20.951010188329732,0.5687660957226895,0.058233429049707075
200,4,00000000000000000209,built_loss,61.65448842105803,0.6304462100330996,0.0776965933656314
200,4,00000000000000000231,built_loss,56.341354286981,0.5335142436243089,0.059543915548797344
200,4,0000000000000000026d,built_loss,32.23377566901375,0.593458647088699,0.05404806520843497
200,4,00000000000000000278,built_loss,44.55341434816523,0.7796458866588776,0.06851147703152816
200,4,00000000000000000293,built_loss,33.12719196238863,0.47942197388933994,0.061255616895631526
200,4,00000000000000000316,built_loss,2.0289477304834733,0.12294446523545764,0.012639824915331707
200,4,00000000000000000356,built_loss,42.698067017022886,0.5406531317246686,0.09387462173201022
200,4,00000000000000000362,built_loss,54.194457795552246,0.5648568748492845,0.052344515801019176
200,4,00000000000000000363,built_loss,29.099787957823732,0.24775782458450318,0.03740867263512243
200,4,00000000000000000364,built_loss,58.03333598517073,0.6157520075880053,0.0659972216481497
200,4,00000000000000000380,built_loss,35.69393543595575,0.5018639442758772,0.05282796963993763
200,4,00000000000000000384,built_loss,19.174078905509354,0.584179487276464,0.042375467456354676
200,4,0000000000000000039e,built_loss,8.909167345966715,0.4949980595341841,0.044854313669149326
200,4,000000000000000003a1,built_loss,20.28158106656328,0.6160283645214796,0.060719848763482576
200,4,000000000000000003a5,built_loss,25.549183026139232,0.3933392852579359,0.07400095336088264
200,4,000000000000000003b7,built_loss,16.904897615853987,0.49232896087299666,0.024011305469323785
200,4,000000000000000003bf,built_loss,56.905570924630595,0.5342655540835044,0.04818766280120468
200,4,000000000000000003d2,built_loss,55.00654970622997,0.5959975707071276,0.07500839110507296
200,4,000000000000000003f8,built_loss,6.921457787154442,0.22322765067025102,0.028759722997789644
200,4,000000000000000003fa,built_loss,56.357118442422376,0.4172185576203561,0.042033098099515
200,4,00000000000000000407,built_loss,51.52920418024862,0.5585889054061548,0.05654232498999234
200,4,0000000000000000040f,built_loss,33.21880043412433,0.5215232277956281,0.019936078827242243
200,4,00000000000000000426,built_loss,35.476004805727996,0.566311052776416,0.04386745283179849
200,4,0000000000000000042b,built_loss,42.238474763227394,0.5657546229617553,0.05063512841875806
200,4,00000000000000000442,built_loss,4.03419505433687,0.3537968879039432,0.16458288065994403
200,4,00000000000000000465,built_loss,54.39720342525261,0.6317561665322977,0.051501640676411276
200,4,0000000000000000047e,built_loss,20.936626506087546,0.5305926790655608,0.04596916999710987
200,4,00000000000000000490,built_loss,60.15512755663799,0.6469253458653569,0.06036483898244416
200,4,000000000000000004c0,built_loss,45.66240014567201,0.6464726745294347,0.04541533770803208
200,4,000000000000000004c5,built_loss,14.042721457670519,0.584661907907965,0.058223495220285026
200,4,000000000000000004d9,built_loss,44.41410684963211,0.5543945183555384,0.03614075208279188
200,4,000000000000000004eb,built_loss,56.372063523380426,0.44811746526554375,0.028406494647785496
200,4,000000000000000004f7,built_loss,8.402926099344459,0.4773619895402901,0.023986046760498814
200,4,000000000000000004fe,built_loss,17.3746741527766,0.50085794271182,0.024861558239656023
200,4,0000000000000000051d,built_loss,24.283889310693088,0.4947551431473503,0.15330933697902138
200,4,00000000000000000559,built_loss,44.387035403450824,0.6880400735118792,0.05308990017332993
200,4,00000000000000000576,built_loss,8.922351858071034,0.2735494574446032,0.045281911735037816
200,4,00000000000000000577,built_loss,10.445254607258159,0.47355598156254,0.08251635108958161
200,4,0000000000000000057f,built_loss,2.3301666736702087,0.40102456450434465,0.048054707112635986
200,4,00000000000000000594,built_loss,23.870969776973524,0.5214212349665552,0.1377208575688928
200,4,000000000000000005ad,built_loss,41.86956878735009,0.6635452917828042,0.05045541992415903
200,4,000000000000000005bf,built_loss,30.940319100678174,0.3998992798552043,0.037835871422230605
200,4,000000000000000005cc,built_loss,11.058870138778833,0.3558345094694623,0.027953795766412826
200,4,000000000000000005de,built_loss,38.153899432901184,0.43630504145346294,0.022740701972661592
200,4,000000000000000005e7,built_loss,46.63681143011245,0.6417234180681689,0.07008351240170718
200,4,000000000000000005f9,built_loss,17.763820382182594,0.6554622415250153,0.06690297744882423
200,4,0000000000000000061c,built_loss,21.488901292312804,0.4038550624813583,0.04522378730946336
200,4,00000000000000000624,built_loss,4.7352708912197325,0.5131376761508757,0.0614080440957559
200,4,00000000000000000626,built_loss,36.61351912508098,0.5024132932755273,0.0357302656888176
200,4,0000000000000000062a,built_loss,43.71490755964056,0.568098650094264,0.0410847220782764
200,4,00000000000000000636,built_loss,24.68481529748103,0.47971328089039633,0.12549186162657916
200,4,0000000000000000064a,built_loss,3.5330094708719906,0.29691333769025263,0.031503532672996604
200,4,0000000000000000064d,built_loss,14.792587402945077,0.43844310969216416,0.055059105893435434
200,4,00000000000000000694,built_loss,30.39899445392936,0.3717281146816144,0.028002240522877586
200,4,0000000000000000069d,built_loss,46.478739511828074,0.6518098782044757,0.052361309202931916
200,4,000000000000000006b7,built_loss,32.72814141970359,0.46704169497805,0.03267507408740061
200,4,000000000000000006df,built_loss,19.38884435761397,0.23220487254214778,0.061978772070220706
200,4,000000000000000006e3,built_loss,32.522105900175596,0.4203690446560001,0.06039425548268923
200,4,00000000000000000011,crop_loss,49.89263769019037,0.7962915912655607,0.2890878428329918
200,4,0000000000000000002b,crop_loss,52.56120187923271,0.18039942347623822,0.07067996685129463
200,4,0000000000000000002d,crop_loss,58.706158645537485,0.4742459613639172,0.056799656274267585
200,4,0000000000000000003a,crop_loss,49.771883836121184,0.2979624304783811,0.06283869476460852
200,4,0000000000000000009b,crop_loss,17.927832232310593,0.4960188760814392,0.010777929610592873
200,4,0000000000000000009d,crop_loss,7.436841291983762,0.38109739426948014,0.053868469921721895
200,4,000000000000000000a8,crop_loss,35.73820553255382,0.20817482120638459,0.02594628961999279
200,4,000000000000000000da,crop_loss,30.48962587589533,0.7541763210677107,0.036244085295927375
200,4,000000000000000000e3,crop_loss,62.43025407973033,0.48993449655631904,0.05734253403094258
200,4,000000000000000000e9,crop_loss,5.131696909002668,0.42383655063892317,0.07377306339441275
200,4,0000000000000000011b,crop_loss,34.06451363942164,0.48275000469604595,0.024352784505966896
200,4,00000000000000000128,crop_loss,37.21917019694363,0.5439916622111378,0.022148711400381105
200,4,00000000000000000192,crop_loss,50.64553922618671,0.5576970035530296,0.028082056969110814
200,4,00000000000000000196,crop_loss,25.347691788631423,0.24383533233150406,0.034361211199679303
200,4,000000000000000001a6,crop_loss,43.079073832470485,0.29190758846318904,0.07910012668334018
200,4,000000000000000001e4,crop_loss,46.94352809836523,0.4837868901135964,0.045066073920734806
200,4,000000000000000001f9,crop_loss,52.65171168230645,0.498182938519541,0.23901632011870994
200,4,00000000000000000228,crop_loss,29.595529519196635,0.5033729263863393,0.09760790420634374
200,4,0000000000000000028c,crop_loss,4.0915167959099294,0.3004209818841105,0.04627606015933711
200,4,0000000000000000028d,crop_loss,30.011800310308683,0.6700841075507462,0.05914969865241593
200,4,00000000000000000291,crop_loss,16.75156750206899,0.8825576303620036,0.01575327555947925
200,4,000000000000000002c5,crop_loss,33.61304951291741,0.3397260983834447,0.07391876989886981
200,4,000000000000000002dc,crop_loss,62.054272451526266,0.64676595678349,0.05162163216290805
200,4,000000000000000002e4,crop_loss,50.95118784971179,0.32445453386871687,0.05738018658853067
200,4,000000000000000002ec,crop_loss,57.75091610377492,0.4883083578670176,0.06702173157470054
200,4,00000000000000000314,crop_loss,35.004035277448544,0.09132639086077407,0.04790649512699812
200,4,00000000000000000335,crop_loss,59.85288933002526,0.4499387865811609,0.05302897672558904
200,4,0000000000000000033a,crop_loss,34.53372610240564,0.5140373546522389,0.0515426407267372
200,4,000000000000000003b0,crop_loss,57.56763104242937,0.2024598354181838,0.05823019605344054
200,4,000000000000000003c8,crop_loss,44.64358800183271,0.19494956779611586,0.0306146644561896
200,4,000000000000000003f1,crop_loss,52.84624339975614,0.46117080974416497,0.0638935681525119
200,4,000000000000000003f2,crop_loss,42.02357542292387,0.4701966745357988,0.04766140376066452
200,4,0000000000000000044b,crop_loss,14.588870342093166,0.5633126809291097,0.03179180278377236
200,4,0000000000000000046c,crop_loss,55.738127981817264,0.5040883764301555,0.09363262757890589
200,4,00000000000000000480,crop_loss,11.037920086396568,0.8618081497714292,0.05025938207110481
200,4,00000000000000000483,crop_loss,11.830891096758862,0.7403034947385077,0.05458310132287503
200,4,00000000000000000485,crop_loss,49.75879902708774,0.6995175764619903,0.03184241094035667
200,4,00000000000000000497,crop_loss,43.02421520649167,0.2227044461843127,0.05635400177127217
200,4,0000000000000000049b,crop_loss,44.699375797054834,0.356963295875075,0.03443989971774469
200,4,000000000000000004a1,crop_loss,45.177156129821,0.3527773178839155,0.05744512488179215
200,4,000000000000000004e7,crop_loss,29.7205312560964,0.4902547301433119,0.027644128263058843
200,4,000000000000000004e9,crop_loss,16.72276989450006,0.40278671803453503,0.12312704000219682
200,4,000000000000000004ee,crop_loss,22.6021656545125,0.38206559554208075,0.12383813060153298
200,4,000000000000000004f9,crop_loss,50.987385696018706,0.3579097146426206,0.12504612160943523
200,4,00000000000000000517,crop_loss,33.12017389149425,0.2927744989209896,0.08936074003636227
200,4,00000000000000000538,crop_loss,1.0691114461425388,0.2994533229538328,0.027241654068272225
200,4,0000000000000000057e,crop_loss,4.403862285556028,0.5377704547533146,0.02487233687317536
200,4,000000000000000005d1,crop_loss,18.198881017402194,0.15122800186110796,0.04669924743962686
200,4,00000000000000000611,crop_loss,56.92010775517316,0.6570763389372598,0.051209393340496234
200,4,0000000000000000062f,crop_loss,53.99531165692439,0.5119844109299803,0.10684302572447912
200,4,00000000000000000632,crop_loss,14.790146834513221,0.08211724584025878,0.020664885384740483
200,4,0000000000000000063e,crop_loss,57.167923374158185,0.3056183531920004,0.058944386386431846
200,4,00000000000000000655,crop_loss,35.586080024097186,0.49831877957148946,0.15174280185200095
200,4,00000000000000000697,crop_loss,66.19197223805743,0.6170683264631075,0.06396596348880534
200,4,00000000000000000698,crop_loss,21.205732495490835,0.42319412577851023,0.04198931308270293
200,4,000000000000000006a8,crop_loss,61.12511890408253,0.2977751201888123,0.0654546182030416
200,4,000000000000000006b4,crop_loss,56.97139446571131,0.5205949108190587,0.0833922661736346
200,4,000000000000000006be,crop_loss,15.040157253386901,0.3928221219727449,0.045925346812750234
200,4,000000000000000006c0,crop_loss,2.942596106899259,0.18960312936049106,0.03950461927602539
200,4,000000000000000006ce,crop_loss,25.412594916721602,0.5841973243144265,0.10439000684486444
200,4,000000000000000006d9,crop_loss,44.63118250597432,0.20403458435348143,0.044887140818879206
200,4,000000000000000006e5,crop_loss,54.07804911546697,0.5242702204156796,0.07299131189473734
200,4,00000000000000000151,built_loss,8.715958946715388,0.26295971863394507,0.03546814513053961
200,4,000000000000000001be,built_loss,6.2673394470495385,0.5212819741231616,0.06742052978480284
200,4,0000000000000000034d,built_loss,5.8297335504045655,0.4079600112494091,0.030126354505159325
200,4,000000000000000003c7,crop_loss,31.084016307842756,0.724207818532728,0.06230457026272962
200,4,0000000000000000004a,built_loss,11.947401070281435,0.4399635974690063,0.022517425144382763
200,4,00000000000000000206,built_loss,47.41315088699199,0.7216670298387968,0.060542026313217145
200,4,000000000000000002a4,built_loss,11.040841529122037,0.4096343217633991,0.040261907688651954
200,4,000000000000000004f5,built_loss,8.745475141861988,0.4745786953623484,0.054492067542777356
200,4,000000000000000002cc,crop_loss,19.252360857213798,0.3920532888734069,0.13150101729403646
200,4,000000000000000006cc,crop_loss,26.876147433031846,0.34380432894178714,0.03581823676544632
200,4,0000000000000000016c,crop_loss,50.7147075997485,0.46561124320297237,0.05810521875008673
200,5,00000000000000000085,built_loss,16.25286218611575,0.35991470256723596,0.06642599306517044
200,5,00000000000000000114,built_loss,31.705150358097995,0.6924485329739907,0.04308714830477045
200,5,0000000000000000024c,built_loss,26.620846205910404,0.7180272821464494,0.04207854947210321
200,5,00000000000000000375,built_loss,41.42521537215852,0.652664514092622,0.05305503734999095
200,5,000000000000000004d2,built_loss,30.325231851454767,0.6145007105605818,0.0600119813756379
200,5,000000000000000005bd,built_loss,4.989810296310335,0.557790824233098,0.05112788870792184
200,5,00000000000000000281,crop_loss,50.98863497311486,0.5214739964443655,0.036441856287463215
200,5,000000000000000003a2,crop_loss,33.48299628291632,0.33892274484211304,0.08840925112273396
200,5,00000000000000000001,built_loss,28.80573518059524,0.4597185945150216,0.047661976988756405
200,5,00000000000000000049,built_loss,4.687775601304782,0.48898259692340235,0.02932817879166877
200,5,0000000000000000004f,built_loss,43.6038990098781,0.4424675076364737,0.07282957734473361
200,5,0000000000000000005a,built_loss,35.084978763724095,0.44413708886590064,0.0317629086132139
200,5,00000000000000000079,built_loss,66.63467211288093,0.6285656778827687,0.07058367998326665
200,5,00000000000000000087,built_loss,57.66210046278294,0.6189161612199339,0.09950537822810634
200,5,000000000000000000a1,built_loss,9.168086611716568,0.44838368138284757,0.04330547295880155
200,5,000000000000000000b8,built_loss,10.898432788995366,0.5390706736081693,0.11258893515406782
200,5,000000000000000000c0,built_loss,41.49490490886228,0.6323537750954216,0.046213848323788276
200,5,000000000000000000e2,built_loss,20.018669106043454,0.3887760596565668,0.06891694671582893
200,5,000000000000000000f0,built_loss,35.591111881537756,0.6800571723317154,0.07651425234576759
200,5,000000000000000000f8,built_loss,53.4947828773936,0.5340598044969568,0.06220301707746356
200,5,0000000000000000011c,built_loss,7.236914728655378,0.728280888669927,0.03699352957048796
200,5,00000000000000000161,built_loss,45.20826957708365,0.6558809060800027,0.05247030468133451
200,5,0000000000000000016a,built_loss,9.002496983858663,0.24091558459698398,0.05086877614569721
200,5,00000000000000000176,built_loss,28.414331851824446,0.657697684861151,0.03510296053298656
200,5,000000000000000001a8,built_loss,57.80187103224153,0.5502024405018302,0.06279405273051952
200,5,000000000000000001cd,built_loss,56.22404784658333,0.7645390151438535,0.06772985189928815
200,5,000000000000000001e5,built_loss,20.951010188329732,0.5687660957226895,0.06305753983657558
200,5,00000000000000000209,built_loss,61.65448842105804,0.6304462100330996,0.07540634691260828
200,5,00000000000000000231,built_loss,56.34135428698099,0.5335142436243089,0.06333758820932456
200,5,0000000000000000026d,built_loss,32.23377566901375,0.593458647088699,0.05631415226015746
200,5,00000000000000000278,built_loss,44.55341434816522,0.7796458866588776,0.06425583589504469
200,5,00000000000000000293,built_loss,33.12719196238863,0.47942197388933994,0.05773307861770299
200,5,00000000000000000316,built_loss,2.0289477304834738,0.12294446523545764,0.012825461320905548
200,5,00000000000000000356,built_loss,42.698067017022886,0.5406531317246686,0.09487291357171795
200,5,00000000000000000362,built_loss,54.194457795552246,0.5648568748492845,0.05012553979183343
200,5,00000000000000000363,built_loss,29.099787957823743,0.24775782458450318,0.03439734469725966
200,5,00000000000000000364,built_loss,58.03333598517073,0.6157520075880053,0.06316450505427929
200,5,00000000000000000380,built_loss,35.69393543595575,0.5018639442758772,0.05429738034016862
200,5,00000000000000000384,built_loss,19.174078905509354,0.584179487276464,0.037407959752065234
200,5,0000000000000000039e,built_loss,8.909167345966713,0.4949980595341841,0.0476131310858976
200,5,000000000000000003a1,built_loss,20.28158106656328,0.6160283645214796,0.05961004465543973
200,5,000000000000000003a5,built_loss,25.549183026139232,0.3933392852579359,0.07374695897641842
200,5,000000000000000003b7,built_loss,16.904897615853987,0.49232896087299666,0.025191388625241673
200,5,000000000000000003bf,built_loss,56.905570924630595,0.5342655540835044,0.04263660882510889
200,5,000000000000000003d2,built_loss,55.00654970622997,0.5959975707071276,0.07144465847365566
200,5,000000000000000003f8,built_loss,6.921457787154442,0.22322765067025102,0.02798387761061355
200,5,000000000000000003fa,built_loss,56.357118442422376,0.4172185576203561,0.04459133246430236
200,5,00000000000000000407,built_loss,51.52920418024862,0.5585889054061548,0.05703209165875178
200,5,0000000000000000040f,built_loss,33.21880043412433,0.5215232277956281,0.020737219539902152
200,5,00000000000000000426,built_loss,35.47600480572801,0.566311052776416,0.04295321265972463
200,5,0000000000000000042b,built_loss,42.238474763227394,0.5657546229617553,0.050029463956848486
200,5,00000000000000000442,built_loss,4.034195054336869,0.3537968879039432,0.16799832072931942
200,5,00000000000000000465,built_loss,54.397203425252606,0.6317561665322977,0.054319782377262094
200,5,0000000000000000047e,built_loss,20.936626506087546,0.5305926790655608,0.04007214483697208
200,5,00000000000000000490,built_loss,60.15512755663799,0.6469253458653569,0.05886895595944741
200,5,000000000000000004c0,built_loss,45.66240014567201,0.6464726745294347,0.04585594896949152
200,5,000000000000000004c5,built_loss,14.042721457670519,0.584661907907965,0.06613916387720264
200,5,000000000000000004d9,built_loss,44.41410684963211,0.5543945183555384,0.03565163777529079
200,5,000000000000000004eb,built_loss,56.372063523380426,0.44811746526554375,0.029697758828431342
200,5,000000000000000004f7,built_loss,8.402926099344459,0.4773619895402901,0.024367746979789717
200,5,000000000000000004fe,built_loss,17.3746741527766,0.50085794271182,0.02631979320285166
200,5,0000000000000000051d,built_loss,24.283889310693088,0.4947551431473503,0.1532643918834779
200,5,00000000000000000559,built_loss,44.387035403450824,0.6880400735118792,0.04795492204479457
200,5,00000000000000000576,built_loss,8.922351858071034,0.2735494574446032,0.047950377165044744
200,5,00000000000000000577,built_loss,10.445254607258159,0.47355598156254,0.08407528729484742
200,5,0000000000000000057f,built_loss,2.3301666736702087,0.40102456450434465,0.04868047815908183
200,5,00000000000000000594,built_loss,23.870969776973524,0.5214212349665552,0.13070840000872386
200,5,000000000000000005ad,built_loss,41.86956878735009,0.6635452917828042,0.04839312686745767
200,5,000000000000000005bf,built_loss,30.940319100678174,0.3998992798552043,0.040593120781990566
200,5,000000000000000005cc,built_loss,11.058870138778833,0.3558345094694623,0.02555776845834784
200,5,000000000000000005de,built_loss,38.153899432901184,0.43630504145346294,0.023847891273402255
200,5,000000000000000005e7,built_loss,46.63681143011245,0.6417234180681689,0.07237941590738528
200,5,000000000000000005f9,built_loss,17.763820382182594,0.6554622415250153,0.0649231138627755
200,5,0000000000000000061c,built_loss,21.4889012923128,0.4038550624813583,0.041741684164542714
200,5,00000000000000000624,built_loss,4.7352708912197325,0.5131376761508757,0.06080205199040506
200,5,00000000000000000626,built_loss,36.613519125080984,0.5024132932755273,0.03647496085802204
200,5,0000000000000000062a,built_loss,43.714907559640565,0.568098650094264,0.04524743252505037
200,5,00000000000000000636,built_loss,24.68481529748103,0.47971328089039633,0.12740073998279672
200,5,0000000000000000064a,built_loss,3.5330094708719906,0.29691333769025263,0.029334869231123273
200,5,0000000000000000064d,built_loss,14.792587402945077,0.43844310969216416,0.05249419236416064
200,5,00000000000000000694,built_loss,30.39899445392936,0.3717281146816144,0.026198415792547114
200,5,0000000000000000069d,built_loss,46.478739511828074,0.6518098782044757,0.052470690948172805
200,5,000000000000000006b7,built_loss,32.72814141970359,0.46704169497805,0.032177651062868295
200,5,000000000000000006df,built_loss,19.38884435761397,0.23220487254214778,0.063157462278668
200,5,000000000000000006e3,built_loss,32.52210590017559,0.4203690446560001,0.060501308368121565
200,5,00000000000000000011,crop_loss,49.89263769019037,0.7962915912655607,0.28831782933607564
200,5,0000000000000000002b,crop_loss,52.56120187923271,0.18039942347623822,0.07637134627685821
200,5,0000000000000000002d,crop_loss,58.706158645537485,0.4742459613639172,0.05852910887937174
200,5,0000000000000000003a,crop_loss,49.77188383612119,0.2979624304783811,0.06599461883257407
200,5,0000000000000000009b,crop_loss,17.927832232310596,0.4960188760814392,0.011930935892195127
200,5,0000000000000000009d,crop_loss,7.436841291983762,0.38109739426948014,0.05122200433564661
200,5,000000000000000000a8,crop_loss,35.73820553255381,0.20817482120638459,0.025474783792481304
200,5,000000000000000000da,crop_loss,30.48962587589533,0.7541763210677107,0.034901962594293345
200,5,000000000000000000e3,crop_loss,62.43025407973034,0.48993449655631904,0.05544973132619779
200,5,000000000000000000e9,crop_loss,5.131696909002667,0.42383655063892317,0.07131318086006394
200,5,0000000000000000011b,crop_loss,34.06451363942164,0.48275000469604595,0.026373787632125167
200,5,00000000000000000128,crop_loss,37.21917019694364,0.5439916622111378,0.023734578946544405
200,5,00000000000000000192,crop_loss,50.64553922618672,0.5576970035530296,0.02705170492274478
200,5,00000000000000000196,crop_loss,25.347691788631423,0.24383533233150406,0.03599990812393877
200,5,000000000000000001a6,crop_loss,43.079073832470485,0.29190758846318904,0.08294146942015768
200,5,000000000000000001e4,crop_loss,46.94352809836523,0.4837868901135964,0.04447869730924414
200,5,000000000000000001f9,crop_loss,52.65171168230645,0.498182938519541,0.22802847575220114
200,5,00000000000000000228,crop_loss,29.595529519196635,0.5033729263863393,0.0972848923532923
200,5,0000000000000000028c,crop_loss,4.0915167959099294,0.3004209818841105,0.043374217145398464
200,5,0000000000000000028d,crop_loss,30.011800310308686,0.6700841075507462,0.05839083622390395
200,5,00000000000000000291,crop_loss,16.75156750206899,0.8825576303620036,0.017119660470645948
200,5,000000000000000002c5,crop_loss,33.61304951291741,0.3397260983834447,0.06917062684995062
200,5,000000000000000002dc,crop_loss,62.05427245152627,0.64676595678349,0.05457345293001259
200,5,000000000000000002e4,crop_loss,50.95118784971179,0.32445453386871687,0.056940729768274856
200,5,000000000000000002ec,crop_loss,57.75091610377493,0.4883083578670176,0.06983112467058517
200,5,00000000000000000314,crop_loss,35.004035277448544,0.09132639086077407,0.05304825307242681
200,5,00000000000000000335,crop_loss,59.85288933002528,0.4499387865811609,0.050897639734741484
200,5,0000000000000000033a,crop_loss,34.53372610240564,0.5140373546522389,0.0605196283357724
200,5,000000000000000003b0,crop_loss,57.56763104242937,0.2024598354181838,0.05913239541364082
200,5,000000000000000003c8,crop_loss,44.64358800183272,0.19494956779611586,0.0318442463352937
200,5,000000000000000003f1,crop_loss,52.84624339975614,0.46117080974416497,0.06958777926555054
200,5,000000000000000003f2,crop_loss,42.02357542292387,0.4701966745357988,0.047717457700389876
200,5,0000000000000000044b,crop_loss,14.588870342093168,0.5633126809291097,0.030102519953387752
200,5,0000000000000000046c,crop_loss,55.738127981817264,0.5040883764301555,0.088975078466488
200,5,00000000000000000480,crop_loss,11.037920086396568,0.8618081497714292,0.048705097433605626
200,5,00000000000000000483,crop_loss,11.830891096758863,0.7403034947385077,0.058602833197406
200,5,00000000000000000485,crop_loss,49.75879902708774,0.6995175764619903,0.03325511380763735
200,5,00000000000000000497,crop_loss,43.02421520649166,0.2227044461843127,0.056304220037052294
200,5,0000000000000000049b,crop_loss,44.69937579705483,0.356963295875075,0.036239838269702285
200,5,000000000000000004a1,crop_loss,45.177156129821,0.3527773178839155,0.052921163014681916
200,5,000000000000000004e7,crop_loss,29.7205312560964,0.4902547301433119,0.026553751343207255
200,5,000000000000000004e9,crop_loss,16.72276989450006,0.40278671803453503,0.12311316411419204
200,5,000000000000000004ee,crop_loss,22.6021656545125,0.38206559554208075,0.12526687819998467
200,5,000000000000000004f9,crop_loss,50.987385696018706,0.3579097146426206,0.12326112358968622
200,5,00000000000000000517,crop_loss,33.120173891494254,0.2927744989209896,0.09006286355031826
200,5,00000000000000000538,crop_loss,1.069111446142539,0.2994533229538328,0.03191646754281635
200,5,0000000000000000057e,crop_loss,4.403862285556029,0.5377704547533146,0.026392282104564124
200,5,000000000000000005d1,crop_loss,18.198881017402194,0.15122800186110796,0.05360568161771706
200,5,00000000000000000611,crop_loss,56.92010775517315,0.6570763389372598,0.04804432213103782
200,5,0000000000000000062f,crop_loss,53.99531165692439,0.5119844109299803,0.10828494514139869
200,5,00000000000000000632,crop_loss,14.790146834513221,0.08211724584025878,0.018888830310267307
200,5,0000000000000000063e,crop_loss,57.167923374158185,0.3056183531920004,0.0622353379720022
200,5,00000000000000000655,crop_loss,35.58608002409719,0.49831877957148946,0.13713361793937778
200,5,00000000000000000697,crop_loss,66.19197223805743,0.6170683264631075,0.0690587637311727
200,5,00000000000000000698,crop_loss,21.205732495490835,0.42319412577851023,0.040491012504076884
200,5,000000000000000006a8,crop_loss,61.12511890408253,0.2977751201888123,0.06093665791103098
200,5,000000000000000006b4,crop_loss,56.97139446571131,0.5205949108190587,0.08709687515173636
200,5,000000000000000006be,crop_loss,15.040157253386901,0.3928221219727449,0.05210736114851816
200,5,000000000000000006c0,crop_loss,2.9425961068992597,0.18960312936049106,0.04199432167623218
200,5,000000000000000006ce,crop_loss,25.412594916721602,0.5841973243144265,0.10095489510242539
200,5,000000000000000006d9,crop_loss,44.63118250597432,0.20403458435348143,0.04481602002426943
200,5,000000000000000006e5,crop_loss,54.07804911546697,0.5242702204156796,0.07232449933875268
200,5,00000000000000000151,built_loss,8.715958946715388,0.26295971863394507,0.0333759235785408
200,5,000000000000000001be,built_loss,6.2673394470495385,0.5212819741231616,0.06430894932310394
200,5,0000000000000000034d,built_loss,5.8297335504045655,0.4079600112494091,0.03008371152644801
200,5,000000000000000003c7,crop_loss,31.084016307842752,0.724207818532728,0.058960946936692626
200,5,0000000000000000004a,built_loss,11.947401070281433,0.4399635974690063,0.0218562326290348
200,5,00000000000000000206,built_loss,47.41315088699199,0.7216670298387968,0.058573452126004066
200,5,000000000000000002a4,built_loss,11.040841529122037,0.4096343217633991,0.04001221418323386
200,5,000000000000000004f5,built_loss,8.745475141861988,0.4745786953623484,0.060388713930983495
200,5,000000000000000002cc,crop_loss,19.252360857213798,0.3920532888734069,0.13249311952736953
200,5,000000000000000006cc,crop_loss,26.876147433031846,0.34380432894178714,0.03556611775420404
200,5,0000000000000000016c,crop_loss,50.71470759974851,0.46561124320297237,0.057793369914612536
200,6,00000000000000000085,built_loss,16.25286218611575,0.35991470256723596,0.0654986873507768
200,6,00000000000000000114,built_loss,31.705150358097995,0.6924485329739907,0.04164589505596927
200,6,0000000000000000024c,built_loss,26.620846205910404,0.7180272821464494,0.0414257892413854
200,6,00000000000000000375,built_loss,41.425215372158505,0.652664514092622,0.05320304567249112
200,6,000000000000000004d2,built_loss,30.325231851454767,0.6145007105605818,0.061040992805459715
200,6,000000000000000005bd,built_loss,4.989810296310336,0.557790824233098,0.05168433482490453
200,6,00000000000000000281,crop_loss,50.98863497311486,0.5214739964443655,0.03375530743360222
200,6,000000000000000003a2,crop_loss,33.48299628291632,0.33892274484211304,0.08427840516827795
200,6,00000000000000000001,built_loss,28.805735180595235,0.4597185945150216,0.044770586360748044
200,6,00000000000000000049,built_loss,4.687775601304783,0.48898259692340235,0.03183063922478041
200,6,0000000000000000004f,built_loss,43.6038990098781,0.4424675076364737,0.0630010536296593
200,6,0000000000000000005a,built_loss,35.084978763724095,0.44413708886590064,0.031417870171188134
200,6,00000000000000000079,built_loss,66.63467211288093,0.6285656778827687,0.07167459306559298
200,6,00000000000000000087,built_loss,57.66210046278294,0.6189161612199339,0.0983337895395332
200,6,000000000000000000a1,built_loss,9.168086611716566,0.44838368138284757,0.04652179144921442
200,6,000000000000000000b8,built_loss,10.898432788995365,0.5390706736081693,0.10953672272973769
200,6,000000000000000000c0,built_loss,41.49490490886228,0.6323537750954216,0.04460961246484896
200,6,000000000000000000e2,built_loss,20.018669106043454,0.3887760596565668,0.061899286832350964
200,6,000000000000000000f0,built_loss,35.591111881537756,0.6800571723317154,0.06764525413335964
200,6,000000000000000000f8,built_loss,53.4947828773936,0.5340598044969568,0.06131550180101697
200,6,0000000000000000011c,built_loss,7.236914728655377,0.728280888669927,0.03528458232921805
200,6,00000000000000000161,built_loss,45.20826957708365,0.6558809060800027,0.05363892962458083
200,6,0000000000000000016a,built_loss,9.002496983858663,0.24091558459698398,0.05003357352065832
200,6,00000000000000000176,built_loss,28.414331851824446,0.657697684861151,0.0352021271450349
200,6,000000000000000001a8,built_loss,57.80187103224153,0.5502024405018302,0.05670306018230764
200,6,000000000000000001cd,built_loss,56.224047846583346,0.7645390151438535,0.0690845293023492
200,6,000000000000000001e5,built_loss,20.951010188329732,0.5687660957226895,0.059808501967602345
200,6,00000000000000000209,built_loss,61.65448842105803,0.6304462100330996,0.07722417836848994
200,6,00000000000000000231,built_loss,56.341354286981,0.5335142436243089,0.06377309724515978
200,6,0000000000000000026d,built_loss,32.23377566901375,0.593458647088699,0.05912333245086876
200,6,00000000000000000278,built_loss,44.55341434816523,0.7796458866588776,0.06183339330795212
200,6,00000000000000000293,built_loss,33.12719196238863,0.47942197388933994,0.06498542301410948
200,6,00000000000000000316,built_loss,2.0289477304834733,0.12294446523545764,0.01254602129913153
200,6,00000000000000000356,built_loss,42.698067017022886,0.5406531317246686,0.09114593342301419
200,6,00000000000000000362,built_loss,54.194457795552246,0.5648568748492845,0.058399762246793885
200,6,00000000000000000363,built_loss,29.099787957823736,0.24775782458450318,0.03734363060354012
200,6,00000000000000000364,built_loss,58.03333598517073,0.6157520075880053,0.059506296080001686
200,6,00000000000000000380,built_loss,35.69393543595575,0.5018639442758772,0.0529091775908081
200,6,00000000000000000384,built_loss,19.174078905509354,0.584179487276464,0.03770251378754286
200,6,0000000000000000039e,built_loss,8.909167345966715,0.4949980595341841,0.04420003069944489
200,6,000000000000000003a1,built_loss,20.28158106656328,0.6160283645214796,0.057037757932811406
200,6,000000000000000003a5,built_loss,25.549183026139232,0.3933392852579359,0.07120091150381408
200,6,000000000000000003b7,built_loss,16.904897615853987,0.49232896087299666,0.025046768229017025
200,6,000000000000000003bf,built_loss,56.9055709246306,0.5342655540835044,0.040714509694553036
200,6,000000000000000003d2,built_loss,55.00654970622997,0.5959975707071276,0.07226775733870294
200,6,000000000000000003f8,built_loss,6.921457787154442,0.22322765067025102,0.026146030485218075
200,6,000000000000000003fa,built_loss,56.357118442422376,0.4172185576203561,0.04242229519711066
200,6,00000000000000000407,built_loss,51.52920418024862,0.5585889054061548,0.0633908332157237
200,6,0000000000000000040f,built_loss,33.21880043412433,0.5215232277956281,0.021158266854783836
200,6,00000000000000000426,built_loss,35.47600480572801,0.566311052776416,0.04596297164886376
200,6,0000000000000000042b,built_loss,42.238474763227394,0.5657546229617553,0.04977505317485742
200,6,00000000000000000442,built_loss,4.034195054336869,0.3537968879039432,0.18257179099850368
200,6,00000000000000000465,built_loss,54.39720342525261,0.6317561665322977,0.049611324071507146
200,6,0000000000000000047e,built_loss,20.936626506087546,0.5305926790655608,0.04176081988101321
200,6,00000000000000000490,built_loss,60.15512755663799,0.6469253458653569,0.0589305932283577
200,6,000000000000000004c0,built_loss,45.66240014567201,0.6464726745294347,0.041806318765269856
200,6,000000000000000004c5,built_loss,14.042721457670519,0.584661907907965,0.06110501448008532
200,6,000000000000000004d9,built_loss,44.41410684963211,0.5543945183555384,0.0389555660982106
200,6,000000000000000004eb,built_loss,56.372063523380426,0.44811746526554375,0.027665932434174312
200,6,000000000000000004f7,built_loss,8.402926099344459,0.4773619895402901,0.02441641690865065
200,6,000000000000000004fe,built_loss,17.3746741527766,0.50085794271182,0.02663651952226076
200,6,0000000000000000051d,built_loss,24.283889310693088,0.4947551431473503,0.135664108379641
200,6,00000000000000000559,built_loss,44.387035403450824,0.6880400735118792,0.05788873470305622
200,6,00000000000000000576,built_loss,8.922351858071034,0.2735494574446032,0.04537525622047847
200,6,00000000000000000577,built_loss,10.445254607258159,0.47355598156254,0.07705151105720748
200,6,0000000000000000057f,built_loss,2.3301666736702082,0.40102456450434465,0.047605474265733305
200,6,00000000000000000594,built_loss,23.870969776973524,0.5214212349665552,0.14444290948080457
200,6,000000000000000005ad,built_loss,41.86956878735009,0.6635452917828042,0.04716156596142018
200,6,000000000000000005bf,built_loss,30.940319100678174,0.3998992798552043,0.03853191676801787
200,6,000000000000000005cc,built_loss,11.058870138778833,0.3558345094694623,0.02908474645828696
200,6,000000000000000005de,built_loss,38.153899432901184,0.43630504145346294,0.024061970785628883
200,6,000000000000000005e7,built_loss,46.63681143011245,0.6417234180681689,0.07168690739172923
200,6,000000000000000005f9,built_loss,17.763820382182594,0.6554622415250153,0.0649728431790142
200,6,0000000000000000061c,built_loss,21.4889012923128,0.4038550624813583,0.04175007654039714
200,6,00000000000000000624,built_loss,4.7352708912197325,0.5131376761508757,0.062582240952545
200,6,00000000000000000626,built_loss,36.61351912508096,0.5024132932755273,0.03462585208257268
200,6,0000000000000000062a,built_loss,43.714907559640565,0.568098650094264,0.04110558800112041
200,6,00000000000000000636,built_loss,24.68481529748103,0.47971328089039633,0.12727694890875396
200,6,0000000000000000064a,built_loss,3.5330094708719906,0.29691333769025263,0.030802999902296346
200,6,0000000000000000064d,built_loss,14.792587402945077,0.43844310969216416,0.05437047522942806
200,6,00000000000000000694,built_loss,30.39899445392936,0.3717281146816144,0.02980183191311986
200,6,0000000000000000069d,built_loss,46.478739511828074,0.6518098782044757,0.05054706020711475
200,6,000000000000000006b7,built_loss,32.72814141970359,0.46704169497805,0.03182343707748386
200,6,000000000000000006df,built_loss,19.38884435761397,0.23220487254214778,0.0640745009125035
200,6,000000000000000006e3,built_loss,32.522105900175596,0.4203690446560001,0.06093637262575735
200,6,00000000000000000011,crop_loss,49.89263769019037,0.7962915912655607,0.2875167858768046
200,6,0000000000000000002b,crop_loss,52.56120187923271,0.18039942347623822,0.07537349561635337
200,6,0000000000000000002d,crop_loss,58.70615864553747,0.4742459613639172,0.0562585438076601
200,6,0000000000000000003a,crop_loss,49.77188383612119,0.2979624304783811,0.05922738014727752
200,6,0000000000000000009b,crop_loss,17.927832232310596,0.4960188760814392,0.01145113875053333
200,6,0000000000000000009d,crop_loss,7.436841291983762,0.38109739426948014,0.05635223144473861
200,6,000000000000000000a8,crop_loss,35.73820553255381,0.20817482120638459,0.024198869228317543
200,6,000000000000000000da,crop_loss,30.489625875895328,0.7541763210677107,0.035958873226359045
200,6,000000000000000000e3,crop_loss,62.43025407973033,0.48993449655631904,0.05436138055798789
200,6,000000000000000000e9,crop_loss,5.131696909002667,0.42383655063892317,0.07366193085583728
200,6,0000000000000000011b,crop_loss,34.06451363942164,0.48275000469604595,0.026701596317506515
200,6,00000000000000000128,crop_loss,37.21917019694363,0.5439916622111378,0.02125317009937422
200,6,00000000000000000192,crop_loss,50.64553922618672,0.5576970035530296,0.027184248096900454
200,6,00000000000000000196,crop_loss,25.347691788631423,0.24383533233150406,0.03323905597089433
200,6,000000000000000001a6,crop_loss,43.079073832470485,0.29190758846318904,0.07607968502297074
200,6,000000000000000001e4,crop_loss,46.94352809836523,0.4837868901135964,0.045217669230682656
200,6,000000000000000001f9,crop_loss,52.65171168230645,0.498182938519541,0.22596484382571108
200,6,00000000000000000228,crop_loss,29.595529519196635,0.5033729263863393,0.10423629111750599
200,6,0000000000000000028c,crop_loss,4.0915167959099294,0.3004209818841105,0.04546373884266641
200,6,0000000000000000028d,crop_loss,30.011800310308686,0.6700841075507462,0.058058084147482814
200,6,00000000000000000291,crop_loss,16.75156750206899,0.8825576303620036,0.01628808787787972
200,6,000000000000000002c5,crop_loss,33.61304951291741,0.3397260983834447,0.07085444966270288
200,6,000000000000000002dc,crop_loss,62.054272451526266,0.64676595678349,0.058428539610221764
200,6,000000000000000002e4,crop_loss,50.95118784971179,0.32445453386871687,0.05673970750616525
200,6,000000000000000002ec,crop_loss,57.75091610377492,0.4883083578670176,0.06999044375122693
200,6,00000000000000000314,crop_loss,35.004035277448544,0.09132639086077407,0.05053907220599875
200,6,00000000000000000335,crop_loss,59.85288933002526,0.4499387865811609,0.051164551122633184
200,6,0000000000000000033a,crop_loss,34.53372610240564,0.5140373546522389,0.06004052693365525
200,6,000000000000000003b0,crop_loss,57.56763104242937,0.2024598354181838,0.060671045034677074
200,6,000000000000000003c8,crop_loss,44.64358800183271,0.19494956779611586,0.03552959397014527
200,6,000000000000000003f1,crop_loss,52.846243399756126,0.4611708097441648,0.06865215393745511
200,6,000000000000000003f2,crop_loss,42.02357542292388,0.4701966745357988,0.04847125040719702
200,6,0000000000000000044b,crop_loss,14.588870342093168,0.5633126809291097,0.03195614053515661
200,6,0000000000000000046c,crop_loss,55.73812798181728,0.5040883764301555,0.09235865584380837
200,6,00000000000000000480,crop_loss,11.037920086396568,0.8618081497714292,0.048232110681700746
200,6,00000000000000000483,crop_loss,11.830891096758863,0.7403034947385077,0.05024698367168112
200,6,00000000000000000485,crop_loss,49.75879902708774,0.6995175764619903,0.031422589431742254
200,6,00000000000000000497,crop_loss,43.02421520649167,0.2227044461843127,0.05624695007422831
200,6,0000000000000000049b,crop_loss,44.699375797054834,0.356963295875075,0.03541178133531764
200,6,000000000000000004a1,crop_loss,45.177156129821,0.3527773178839155,0.05172998943399698
200,6,000000000000000004e7,crop_loss,29.7205312560964,0.4902547301433119,0.026847393442526624
200,6,000000000000000004e9,crop_loss,16.722769894500065,0.40278671803453503,0.12295011779245202
200,6,000000000000000004ee,crop_loss,22.6021656545125,0.38206559554208075,0.11699794375401457
200,6,000000000000000004f9,crop_loss,50.98738569601869,0.3579097146426206,0.12984525401530406
200,6,00000000000000000517,crop_loss,33.120173891494254,0.2927744989209896,0.09130663121527685
200,6,00000000000000000538,crop_loss,1.0691114461425388,0.2994533229538328,0.031774107894658066
200,6,0000000000000000057e,crop_loss,4.403862285556028,0.5377704547533146,0.02754608607924658
200,6,000000000000000005d1,crop_loss,18.198881017402194,0.15122800186110796,0.0499532249364521
200,6,00000000000000000611,crop_loss,56.92010775517315,0.6570763389372598,0.05255196759532177
200,6,0000000000000000062f,crop_loss,53.9953116569244,0.5119844109299803,0.1059051565290613
200,6,00000000000000000632,crop_loss,14.790146834513221,0.08211724584025878,0.020867177198454365
200,6,0000000000000000063e,crop_loss,57.167923374158185,0.3056183531920004,0.05355644771557522
200,6,00000000000000000655,crop_loss,35.58608002409719,0.49831877957148946,0.1349127584110778
200,6,00000000000000000697,crop_loss,66.19197223805743,0.6170683264631075,0.0670545637618214
200,6,00000000000000000698,crop_loss,21.205732495490835,0.42319412577851023,0.04573550245758079
200,6,000000000000000006a8,crop_loss,61.12511890408253,0.2977751201888123,0.06141420695194871
200,6,000000000000000006b4,crop_loss,56.971394465711306,0.5205949108190587,0.08323652036154378
200,6,000000000000000006be,crop_loss,15.040157253386901,0.3928221219727449,0.05313592716902105
200,6,000000000000000006c0,crop_loss,2.942596106899259,0.18960312936049106,0.0397292939323762
200,6,000000000000000006ce,crop_loss,25.412594916721602,0.5841973243144265,0.09858898730702548
200,6,000000000000000006d9,crop_loss,44.63118250597433,0.20403458435348143,0.04667161729960986
200,6,000000000000000006e5,crop_loss,54.07804911546697,0.5242702204156796,0.06532157523166426
200,6,00000000000000000151,built_loss,8.715958946715388,0.26295971863394507,0.03641583426949116
200,6,000000000000000001be,built_loss,6.2673394470495385,0.5212819741231616,0.06214450478246514
200,6,0000000000000000034d,built_loss,5.8297335504045655,0.4079600112494091,0.03084878281157566
200,6,000000000000000003c7,crop_loss,31.084016307842763,0.724207818532728,0.057124926276354016
200,6,0000000000000000004a,built_loss,11.947401070281433,0.4399635974690063,0.02300268022712937
200,6,00000000000000000206,built_loss,47.41315088699199,0.7216670298387968,0.06106577113514855
200,6,000000000000000002a4,built_loss,11.040841529122037,0.4096343217633991,0.03843556218177896
200,6,000000000000000004f5,built_loss,8.745475141861988,0.4745786953623484,0.05602318965116082
200,6,000000000000000002cc,crop_loss,19.252360857213798,0.3920532888734069,0.1378851583948154
200,6,000000000000000006cc,crop_loss,26.876147433031846,0.34380432894178714,0.03617082489348816
200,6,0000000000000000016c,crop_loss,50.71470759974851,0.46561124320297237,0.05808360325488887
200,7,00000000000000000085,built_loss,16.25286218611575,0.35991470256723596,0.06621967110487859
200,7,00000000000000000114,built_loss,31.705150358097995,0.6924485329739907,0.04129127247765241
200,7,0000000000000000024c,built_loss,26.620846205910404,0.7180272821464494,0.041198569846009336
200,7,00000000000000000375,built_loss,41.42521537215851,0.652664514092622,0.05088428926036259
200,7,000000000000000004d2,built_loss,30.325231851454767,0.6145007105605818,0.058837872891139065
200,7,000000000000000005bd,built_loss,4.989810296310336,0.557790824233098,0.051038261421741615
200,7,00000000000000000281,crop_loss,50.98863497311486,0.5214739964443655,0.03648067869652205
200,7,000000000000000003a2,crop_loss,33.482996282916325,0.33892274484211304,0.08340611248717722
200,7,00000000000000000001,built_loss,28.805735180595235,0.4597185945150216,0.04723955203402208
200,7,00000000000000000049,built_loss,4.687775601304783,0.48898259692340235,0.03091619503877513
200,7,0000000000000000004f,built_loss,43.6038990098781,0.4424675076364737,0.0692248409113822
200,7,0000000000000000005a,built_loss,35.084978763724095,0.44413708886590064,0.03382907474913527
200,7,00000000000000000079,built_loss,66.63467211288093,0.6285656778827687,0.07430426174586646
200,7,00000000000000000087,built_loss,57.66210046278294,0.6189161612199339,0.09671672410169352
200,7,000000000000000000a1,built_loss,9.168086611716566,0.44838368138284757,0.04780377164219407
200,7,000000000000000000b8,built_loss,10.898432788995365,0.5390706736081693,0.1038771527772453
200,7,000000000000000000c0,built_loss,41.49490490886228,0.6323537750954216,0.04701273207095713
200,7,000000000000000000e2,built_loss,20.018669106043454,0.3887760596565668,0.07067008547152637
200,7,000000000000000000f0,built_loss,35.591111881537756,0.6800571723317154,0.07145801240436456
200,7,000000000000000000f8,built_loss,53.4947828773936,0.5340598044969568,0.06573098560979673
200,7,0000000000000000011c,built_loss,7.236914728655377,0.728280888669927,0.03222693179563385
200,7,00000000000000000161,built_loss,45.20826957708365,0.6558809060800027,0.05141868393124138
200,7,0000000000000000016a,built_loss,9.002496983858663,0.24091558459698398,0.054335645773213814
200,7,00000000000000000176,built_loss,28.414331851824446,0.657697684861151,0.03945108334176883
200,7,000000000000000001a8,built_loss,57.80187103224153,0.5502024405018302,0.06198439993212912
200,7,000000000000000001cd,built_loss,56.22404784658333,0.7645390151438535,0.06957273960522159
200,7,000000000000000001e5,built_loss,20.951010188329732,0.5687660957226895,0.05926813893228089
200,7,00000000000000000209,built_loss,61.65448842105803,0.6304462100330996,0.07738994338011185
200,7,00000000000000000231,built_loss,56.34135428698099,0.5335142436243089,0.06123130336175653
200,7,0000000000000000026d,built_loss,32.233775669013745,0.593458647088699,0.061473690654703206
200,7,00000000000000000278,built_loss,44.55341434816523,0.7796458866588776,0.06254684495942442
200,7,00000000000000000293,built_loss,33.12719196238863,0.47942197388933994,0.06278119308163299
200,7,00000000000000000316,built_loss,2.0289477304834733,0.12294446523545764,0.011767830387947972
200,7,00000000000000000356,built_loss,42.698067017022886,0.5406531317246686,0.09783641584824865
200,7,00000000000000000362,built_loss,54.194457795552246,0.5648568748492845,0.059318227567737636
200,7,00000000000000000363,built_loss,29.099787957823732,0.24775782458450318,0.0328975248231326
200,7,00000000000000000364,built_loss,58.03333598517073,0.6157520075880053,0.06003808620526463
200,7,00000000000000000380,built_loss,35.693935435955744,0.5018639442758772,0.05523173839995782
200,7,00000000000000000384,built_loss,19.174078905509354,0.584179487276464,0.03816376133209032
200,7,0000000000000000039e,built_loss,8.909167345966715,0.4949980595341841,0.043850518280746986
200,7,000000000000000003a1,built_loss,20.28158106656328,0.6160283645214796,0.06013840776539403
200,7,000000000000000003a5,built_loss,25.549183026139232,0.3933392852579359,0.07113735221256123
200,7,000000000000000003b7,built_loss,16.904897615853987,0.49232896087299666,0.02348225465071957
200,7,000000000000000003bf,built_loss,56.905570924630595,0.5342655540835044,0.04494621205740257
200,7,000000000000000003d2,built_loss,55.00654970622997,0.5959975707071276,0.07313685307516049
200,7,000000000000000003f8,built_loss,6.921457787154442,0.22322765067025102,0.027097277651937285
200,7,000000000000000003fa,built_loss,56.357118442422376,0.4172185576203561,0.04120645796894423
200,7,00000000000000000407,built_loss,51.52920418024862,0.5585889054061548,0.05896223062049266
200,7,0000000000000000040f,built_loss,33.21880043412433,0.5215232277956281,0.023726792927356133
200,7,00000000000000000426,built_loss,35.476004805728,0.566311052776416,0.045228683450260876
200,7,0000000000000000042b,built_loss,42.238474763227394,0.5657546229617553,0.05371827762326564
200,7,00000000000000000442,built_loss,4.034195054336869,0.3537968879039432,0.16917550568395195
200,7,00000000000000000465,built_loss,54.39720342525261,0.6317561665322977,0.052230098077475584
200,7,0000000000000000047e,built_loss,20.936626506087546,0.5305926790655608,0.04436481794382485
200,7,00000000000000000490,built_loss,60.15512755663799,0.6469253458653569,0.05611185308703237
200,7,000000000000000004c0,built_loss,45.662400145672,0.6464726745294347,0.04444788580612924
200,7,000000000000000004c5,built_loss,14.042721457670519,0.584661907907965,0.06660804900582318
200,7,000000000000000004d9,built_loss,44.41410684963211,0.5543945183555384,0.03336480954317944
200,7,000000000000000004eb,built_loss,56.372063523380426,0.44811746526554375,0.02825921666815301
200,7,000000000000000004f7,built_loss,8.402926099344459,0.4773619895402901,0.026712192133806323
200,7,000000000000000004fe,built_loss,17.3746741527766,0.50085794271182,0.02874661809737622
200,7,0000000000000000051d,built_loss,24.283889310693088,0.4947551431473503,0.15311120717522736
200,7,00000000000000000559,built_loss,44.387035403450824,0.6880400735118792,0.0548102208948168
200,7,00000000000000000576,built_loss,8.922351858071034,0.2735494574446032,0.04813341442782487
200,7,00000000000000000577,built_loss,10.445254607258159,0.47355598156254,0.07742405411746373
200,7,0000000000000000057f,built_loss,2.3301666736702082,0.40102456450434465,0.04693876791859508
200,7,00000000000000000594,built_loss,23.870969776973528,0.5214212349665552,0.14036377173468134
200,7,000000000000000005ad,built_loss,41.86956878735009,0.6635452917828042,0.04997132199208776
200,7,000000000000000005bf,built_loss,30.940319100678174,0.3998992798552043,0.0347513206881786
200,7,000000000000000005cc,built_loss,11.058870138778833,0.3558345094694623,0.029884667981468604
200,7,000000000000000005de,built_loss,38.153899432901184,0.43630504145346294,0.02339614063377443
200,7,000000000000000005e7,built_loss,46.63681143011245,0.6417234180681689,0.07053121957941932
200,7,000000000000000005f9,built_loss,17.763820382182598,0.6554622415250153,0.06553510370152238
200,7,0000000000000000061c,built_loss,21.4889012923128,0.4038550624813583,0.04107941150115596
200,7,00000000000000000624,built_loss,4.7352708912197325,0.5131376761508757,0.06566205674166647
200,7,00000000000000000626,built_loss,36.61351912508096,0.5024132932755273,0.03558228642472949
200,7,0000000000000000062a,built_loss,43.71490755964057,0.568098650094264,0.04203057730082682
200,7,00000000000000000636,built_loss,24.684815297481034,0.47971328089039633,0.12947521455934508
200,7,0000000000000000064a,built_loss,3.5330094708719906,0.29691333769025263,0.028775359367481324
200,7,0000000000000000064d,built_loss,14.792587402945076,0.43844310969216416,0.048824339947066475
200,7,00000000000000000694,built_loss,30.39899445392936,0.3717281146816144,0.02602385184837125
200,7,0000000000000000069d,built_loss,46.478739511828074,0.6518098782044757,0.05175733254515047
200,7,000000000000000006b7,built_loss,32.72814141970359,0.46704169497805,0.03547447759647726
200,7,000000000000000006df,built_loss,19.38884435761397,0.23220487254214778,0.06444998956964751
200,7,000000000000000006e3,built_loss,32.52210590017559,0.4203690446560001,0.05958618511620012
200,7,00000000000000000011,crop_loss,49.89263769019037,0.7962915912655607,0.29167876352021715
200,7,0000000000000000002b,crop_loss,52.56120187923271,0.18039942347623822,0.06745349399430423
200,7,0000000000000000002d,crop_loss,58.706158645537485,0.4742459613639172,0.05701077546976724
200,7,0000000000000000003a,crop_loss,49.77188383612119,0.2979624304783811,0.06476644455355601
200,7,0000000000000000009b,crop_loss,17.927832232310596,0.4960188760814392,0.01219076176504319
200,7,0000000000000000009d,crop_loss,7.436841291983762,0.38109739426948014,0.05834102578689543
200,7,000000000000000000a8,crop_loss,35.73820553255382,0.20817482120638459,0.025401765787420205
200,7,000000000000000000da,crop_loss,30.489625875895328,0.7541763210677107,0.035400844414882005
200,7,000000000000000000e3,crop_loss,62.43025407973034,0.48993449655631904,0.062454191587993424
200,7,000000000000000000e9,crop_loss,5.131696909002667,0.42383655063892317,0.07265464405635008
200,7,0000000000000000011b,crop_loss,34.06451363942164,0.48275000469604595,0.028819540691058187
200,7,00000000000000000128,crop_loss,37.21917019694363,0.5439916622111378,0.021124215802567514
200,7,00000000000000000192,crop_loss,50.64553922618671,0.5576970035530296,0.025511077114703795
200,7,00000000000000000196,crop_loss,25.347691788631423,0.24383533233150406,0.034647389444855015
200,7,000000000000000001a6,crop_loss,43.079073832470485,0.29190758846318904,0.07592801184768772
200,7,000000000000000001e4,crop_loss,46.94352809836523,0.4837868901135964,0.045457334625456425
200,7,000000000000000001f9,crop_loss,52.65171168230645,0.498182938519541,0.2415397026056888
200,7,00000000000000000228,crop_loss,29.59552951919663,0.5033729263863393,0.10232487113486322
200,7,0000000000000000028c,crop_loss,4.0915167959099294,0.3004209818841105,0.04432437035299314
200,7,0000000000000000028d,crop_loss,30.011800310308686,0.6700841075507462,0.051953541988076
200,7,00000000000000000291,crop_loss,16.75156750206899,0.8825576303620036,0.017153563072547562
200,7,000000000000000002c5,crop_loss,33.61304951291741,0.3397260983834447,0.07362065811510216
200,7,000000000000000002dc,crop_loss,62.054272451526266,0.64676595678349,0.05640124806717017
200,7,000000000000000002e4,crop_loss,50.95118784971179,0.32445453386871687,0.060637867067412476
200,7,000000000000000002ec,crop_loss,57.75091610377492,0.4883083578670176,0.07280948717687147
200,7,00000000000000000314,crop_loss,35.004035277448544,0.09132639086077407,0.05197521614879518
200,7,00000000000000000335,crop_loss,59.85288933002526,0.4499387865811609,0.05443200942149329
200,7,0000000000000000033a,crop_loss,34.53372610240564,0.5140373546522389,0.057721342028564826
200,7,000000000000000003b0,crop_loss,57.56763104242937,0.2024598354181838,0.05991959499759408
200,7,000000000000000003c8,crop_loss,44.64358800183271,0.19494956779611586,0.03470665095479855
200,7,000000000000000003f1,crop_loss,52.84624339975614,0.46117080974416497,0.0693723606500537
200,7,000000000000000003f2,crop_loss,42.02357542292387,0.4701966745357988,0.044039951963952384
200,7,0000000000000000044b,crop_loss,14.588870342093168,0.5633126809291097,0.03140402979207768
200,7,0000000000000000046c,crop_loss,55.738127981817264,0.5040883764301555,0.0828964527583464
200,7,00000000000000000480,crop_loss,11.037920086396568,0.8618081497714292,0.05233991408049954
200,7,00000000000000000483,crop_loss,11.830891096758863,0.7403034947385077,0.05817100607728143
200,7,00000000000000000485,crop_loss,49.75879902708774,0.6995175764619903,0.028511267895539816
200,7,00000000000000000497,crop_loss,43.02421520649167,0.2227044461843127,0.060014369913280685
200,7,0000000000000000049b,crop_loss,44.699375797054834,0.356963295875075,0.034509586144764626
200,7,000000000000000004a1,crop_loss,45.17715612982099,0.3527773178839155,0.051824672040813036
200,7,000000000000000004e7,crop_loss,29.7205312560964,0.4902547301433119,0.02786329357081252
200,7,000000000000000004e9,crop_loss,16.722769894500065,0.40278671803453503,0.12272861788167938
200,7,000000000000000004ee,crop_loss,22.6021656545125,0.38206559554208075,0.1119077938139692
200,7,000000000000000004f9,crop_loss,50.987385696018706,0.3579097146426206,0.12618466494546737
200,7,00000000000000000517,crop_loss,33.120173891494254,0.2927744989209896,0.08370144763375825
200,7,00000000000000000538,crop_loss,1.069111446142539,0.2994533229538328,0.033606955428647445
200,7,0000000000000000057e,crop_loss,4.403862285556028,0.5377704547533146,0.027530985979051903
200,7,000000000000000005d1,crop_loss,18.198881017402194,0.15122800186110796,0.048953907298950355
200,7,00000000000000000611,crop_loss,56.92010775517314,0.6570763389372598,0.049200173173982065
200,7,0000000000000000062f,crop_loss,53.99531165692439,0.5119844109299803,0.1156866056265825
200,7,00000000000000000632,crop_loss,14.790146834513221,0.08211724584025878,0.019366731473654877
200,7,0000000000000000063e,crop_loss,57.167923374158185,0.3056183531920004,0.053745859090928494
200,7,00000000000000000655,crop_loss,35.58608002409719,0.49831877957148946,0.14131471291540637
200,7,00000000000000000697,crop_loss,66.19197223805743,0.6170683264631075,0.06938595329412478
200,7,00000000000000000698,crop_loss,21.205732495490835,0.42319412577851023,0.04096865791573917
200,7,000000000000000006a8,crop_loss,61.125118904082534,0.2977751201888123,0.05840696841843118
200,7,000000000000000006b4,crop_loss,56.97139446571131,0.5205949108190587,0.08826718712954262
200,7,000000000000000006be,crop_loss,15.040157253386901,0.3928221219727449,0.05256624186485248
200,7,000000000000000006c0,crop_loss,2.942596106899259,0.18960312936049106,0.04375018213019169
200,7,000000000000000006ce,crop_loss,25.412594916721602,0.5841973243144265,0.09836513350424425
200,7,000000000000000006d9,crop_loss,44.63118250597432,0.20403458435348143,0.05105363730230475
200,7,000000000000000006e5,crop_loss,54.07804911546697,0.5242702204156796,0.07183121468516396
200,7,00000000000000000151,built_loss,8.715958946715388,0.26295971863394507,0.03240587839604811
200,7,000000000000000001be,built_loss,6.2673394470495385,0.5212819741231616,0.06244174770258232
200,7,0000000000000000034d,built_loss,5.8297335504045655,0.4079600112494091,0.029263295274892243
200,7,000000000000000003c7,crop_loss,31.084016307842756,0.724207818532728,0.05788470785507305
200,7,0000000000000000004a,built_loss,11.947401070281433,0.4399635974690063,0.022881390931988932
200,7,00000000000000000206,built_loss,47.41315088699199,0.7216670298387968,0.05867179801456224
200,7,000000000000000002a4,built_loss,11.040841529122037,0.4096343217633991,0.039800073715253625
200,7,000000000000000004f5,built_loss,8.745475141861988,0.4745786953623484,0.05018423209988382
200,7,000000000000000002cc,crop_loss,19.252360857213795,0.3920532888734069,0.1264565278358336
200,7,000000000000000006cc,crop_loss,26.876147433031843,0.34380432894178714,0.03496278277663617
200,7,0000000000000000016c,crop_loss,50.7147075997485,0.46561124320297237,0.0630783143529764
