parent_id,parent_label,min_dist_m,n_good,n_bad,m_g,m_b,dor
00000000000000000001,built_loss,0,200,200,0.06029474272301534,0.0629725057481553,0.5108616159496109
00000000000000000001,built_loss,500,194,197,0.06628203175046728,0.0629725057481553,0.4871976409210328
00000000000000000001,built_loss,1000,177,192,0.07045486485113957,0.0629725057481553,0.471960928742278
00000000000000000001,built_loss,2000,120,139,0.07363278642859102,0.06606208409995058,0.47290271897263597
00000000000000000049,built_loss,0,200,200,0.10009366713229625,0.007913404489284837,0.07326746638347315
00000000000000000049,built_loss,500,198,174,0.10009366713229617,0.1341509242293669,0.5726959305611937
00000000000000000049,built_loss,1000,187,173,0.10009366713229617,0.1341509242293669,0.5726959305611937
00000000000000000049,built_loss,2000,146,68,0.10009366713229617,0.1679702941077544,0.6266052822994391
0000000000000000004a,built_loss,0,200,200,0.21144775881769054,0.09538639527644414,0.3108728086602425
0000000000000000004a,built_loss,500,198,183,0.21144775881769054,0.177598488916606,0.4564971130050389
0000000000000000004a,built_loss,1000,184,69,0.21144775881769054,0.24175387775317275,0.533435579760618
0000000000000000004f,built_loss,0,200,200,0.02804758243613239,0.021276171429244074,0.4313575054908349
0000000000000000004f,built_loss,500,200,194,0.02804758243613239,0.021276171429244074,0.4313575054908349
0000000000000000004f,built_loss,1000,186,185,0.02804758243613239,0.021276171429244074,0.4313575054908349
0000000000000000004f,built_loss,2000,128,130,0.0299940276015916,0.027914467559653877,0.48204443029376515
0000000000000000005a,built_loss,0,200,200,0.15162219236368618,0.13335457675887494,0.4679489390275692
0000000000000000005a,built_loss,500,193,197,0.1705201763959166,0.13335457675887494,0.43884717428468395
0000000000000000005a,built_loss,1000,181,195,0.1705201763959166,0.15382005256130976,0.4742552382582215
0000000000000000005a,built_loss,2000,129,124,0.1787858137883756,0.15382005256130976,0.4624694514531758
00000000000000000079,built_loss,0,164,158,0.07800324967785614,0.14586703233796242,0.6515694312968434
00000000000000000079,built_loss,500,161,155,0.07800324967785614,0.14586703233796242,0.6515694312968434
00000000000000000079,built_loss,1000,151,149,0.07800324967785614,0.14586703233796242,0.6515694312968434
00000000000000000079,built_loss,2000,110,107,0.07800324967785614,0.14586703233796242,0.6515694312968434
00000000000000000085,built_loss,0,200,200,0.08365368684015355,0.02260258669528705,0.2127176677952619
00000000000000000085,built_loss,500,196,155,0.08494758833192448,0.06772782083705939,0.44360661094841686
00000000000000000085,built_loss,1000,185,97,0.08494758833192448,0.06997166400509972,0.4516653866391369
00000000000000000087,built_loss,0,200,200,0.0433150768657085,0.02979524278471777,0.4075381276784844
00000000000000000087,built_loss,500,200,189,0.0433150768657085,0.041554870774794805,0.4896299800999705
00000000000000000087,built_loss,1000,193,169,0.0433150768657085,0.04974522494135234,0.5345482872380221
00000000000000000087,built_loss,2000,152,105,0.051002823938557415,0.05544476873021988,0.5208644680412938
000000000000000000a1,built_loss,0,200,200,0.10738258948173171,0.072737042995845,0.4038262903101153
000000000000000000a1,built_loss,500,195,197,0.10738258948173171,0.072737042995845,0.4038262903101153
000000000000000000a1,built_loss,1000,190,155,0.10738258948173171,0.072737042995845,0.4038262903101153
000000000000000000b8,built_loss,0,200,200,0.05469100768548163,0.02656825700967873,0.32695665053112555
000000000000000000b8,built_loss,500,195,173,0.05469100768548163,0.04039016967998177,0.42479669266514575
000000000000000000b8,built_loss,1000,179,81,0.05478221941316175,0.053502578600340155,0.4940913182769652
000000000000000000c0,built_loss,0,200,200,0.10586400466131632,0.16967544520107994,0.6157936559908197
000000000000000000c0,built_loss,500,191,199,0.10899649656796861,0.16967544520107994,0.6088716507422584
000000000000000000c0,built_loss,1000,171,181,0.11097037228013369,0.16967544520107994,0.604589253185052
000000000000000000c0,built_loss,2000,134,114,0.11097037228013369,0.20696186272497963,0.650962186080314
000000000000000000e2,built_loss,0,200,200,0.041661274751568736,0.05429660666712279,0.5658379057958295
000000000000000000e2,built_loss,500,197,194,0.041661274751568736,0.06630557603451806,0.6141290178526577
000000000000000000e2,built_loss,1000,182,167,0.046153206941122106,0.07528396543447358,0.6199416863973596
000000000000000000e2,built_loss,2000,143,78,0.06894725387466649,0.08934858070614551,0.5644405043391556
000000000000000000f0,built_loss,0,200,200,0.024168652913078792,0.04052467662459682,0.6264119796210202
000000000000000000f0,built_loss,500,196,192,0.0331215456739196,0.04359711869023528,0.5682726498303952
000000000000000000f0,built_loss,1000,189,151,0.03497106941841912,0.06256487330038896,0.641454540303356
000000000000000000f0,built_loss,2000,163,15,0.0360932701651278,0.2081027304029126,0.8521954901717429
000000000000000000f8,built_loss,0,200,200,0.06082141759936914,0.072463641579115,0.5436741524159441
000000000000000000f8,built_loss,500,197,197,0.06082141759936914,0.07360984582831254,0.5475649335644601
000000000000000000f8,built_loss,1000,190,184,0.06082141759936914,0.07360984582831254,0.5475649335644601
000000000000000000f8,built_loss,2000,143,101,0.06623811601564836,0.08506414249110647,0.5622133028949241
00000000000000000114,built_loss,0,200,200,0.04108885906827538,0.05087037455658694,0.553183976755982
00000000000000000114,built_loss,500,189,190,0.047508769036007384,0.05944693124886726,0.55580891051132
00000000000000000114,built_loss,1000,172,174,0.04881906797686564,0.0803564305293171,0.6220717663795113
00000000000000000114,built_loss,2000,59,85,0.0621259648134556,0.09449418987196245,0.6033335240994809
0000000000000000011c,built_loss,0,200,200,0.04384119512548701,0.08323825030139867,0.6550095495076286
0000000000000000011c,built_loss,500,194,200,0.04384119512548701,0.08323825030139867,0.6550095495076286
0000000000000000011c,built_loss,1000,182,151,0.04384119512548701,0.08323825030139867,0.6550095495076286
0000000000000000011c,built_loss,2000,126,106,0.04386714714377125,0.11892670389864775,0.7305356015377302
00000000000000000151,built_loss,0,200,200,0.17341271921669457,0.0272654499789307,0.13586654735830234
00000000000000000151,built_loss,500,196,129,0.17341271921669457,0.10969595636368361,0.3874694272028837
00000000000000000151,built_loss,1000,189,128,0.17341271921669457,0.10969595636368361,0.3874694272028837
00000000000000000151,built_loss,2000,128,128,0.18629395345459604,0.10969595636368361,0.37060708059494274
00000000000000000161,built_loss,0,200,200,0.03583814216340049,0.09689755138519474,0.730003729923557
00000000000000000161,built_loss,500,194,192,0.0383523964681568,0.09689755138519474,0.7164331884958811
00000000000000000161,built_loss,1000,183,167,0.0383523964681568,0.11243084434635245,0.7456454957346165
00000000000000000161,built_loss,2000,112,90,0.04308104751146587,0.13433988131069136,0.7571817045586177
0000000000000000016a,built_loss,0,200,200,0.08998086245128505,0.005942238257653809,0.06194793760496232
0000000000000000016a,built_loss,500,197,161,0.08998086245128505,0.037506838699887045,0.29419966287664145
0000000000000000016a,built_loss,1000,182,133,0.12250985508849996,0.042978344573516035,0.25970639997917033
00000000000000000176,built_loss,0,200,200,0.04361209523310885,0.040856893788913176,0.48369104758407405
00000000000000000176,built_loss,500,193,196,0.04429119640542791,0.05363195213517256,0.5476943187992798
00000000000000000176,built_loss,1000,184,191,0.04429119640542791,0.05363195213517256,0.5476943187992798
00000000000000000176,built_loss,2000,116,170,0.04549090605942909,0.05584023252671466,0.551066861631014
000000000000000001a8,built_loss,0,200,200,0.04959483854920439,0.05176902964654213,0.5107246849149326
000000000000000001a8,built_loss,500,198,198,0.04959483854920439,0.06296060400369778,0.5593741410909232
000000000000000001a8,built_loss,1000,189,189,0.04959483854920439,0.06340433235065246,0.5611044032020563
000000000000000001a8,built_loss,2000,119,140,0.04974866429291258,0.07379516097817367,0.5973197026694874
000000000000000001be,built_loss,0,200,200,0.04394992847130037,0.056524167395890904,0.5625745313502809
000000000000000001be,built_loss,500,192,196,0.04394992847130037,0.056524167395890904,0.5625745313502809
000000000000000001be,built_loss,1000,167,188,0.05489650670482034,0.08902314052636251,0.6185614142226402
000000000000000001be,built_loss,2000,108,185,0.06107424210699217,0.08902314052636251,0.593102550916745
000000000000000001cd,built_loss,0,200,200,0.029377277045408157,0.05020962502474957,0.6308779927111339
000000000000000001cd,built_loss,500,193,199,0.029377277045408157,0.05020962502474957,0.6308779927111339
000000000000000001cd,built_loss,1000,179,182,0.029825622868697232,0.05020962502474957,0.6273439059121516
000000000000000001cd,built_loss,2000,94,150,0.032678002315588706,0.05396571084749435,0.6228462386566448
000000000000000001e5,built_loss,0,200,200,0.05528950392019434,0.11051353091753738,0.6665350307069369
000000000000000001e5,built_loss,500,187,185,0.06048515749186978,0.11468080399603638,0.6546979962388383
000000000000000001e5,built_loss,1000,145,166,0.06304278752206646,0.15456088044581712,0.7102861908923276
000000000000000001e5,built_loss,2000,44,120,0.141848829245416,0.1644240013784517,0.5368546764105343
00000000000000000206,built_loss,0,200,200,0.030427004092279296,0.02325794315283487,0.43323025067363424
00000000000000000206,built_loss,500,196,195,0.030427004092279296,0.025249462984457717,0.45350332572653584
00000000000000000206,built_loss,1000,178,180,0.030750562062551577,0.034054627899547565,0.5254922934249353
00000000000000000206,built_loss,2000,133,114,0.03511070418939146,0.036831252651455614,0.5119578931168532
00000000000000000209,built_loss,0,200,200,0.04518713529397918,0.06849613232309412,0.6025172724029323
00000000000000000209,built_loss,500,198,196,0.04518713529397918,0.0894362981542457,0.6643442071173876
00000000000000000209,built_loss,1000,183,191,0.04530120724618323,0.09911306974398999,0.6863107430164117
00000000000000000209,built_loss,2000,125,137,0.05747995683150706,0.10037298078499006,0.6358638762124897
00000000000000000231,built_loss,0,200,200,0.05660323097150457,0.05904646199039627,0.5105630674638949
00000000000000000231,built_loss,500,197,197,0.05809534504179455,0.05904646199039627,0.5040596819004689
00000000000000000231,built_loss,1000,185,181,0.06038751145300405,0.060260552113812274,0.4994738442688705
00000000000000000231,built_loss,2000,151,128,0.07285393249659688,0.06297192569360073,0.4636225129161872
0000000000000000024c,built_loss,0,200,200,0.03289895178609166,0.05866517999122012,0.6407004451618222
0000000000000000024c,built_loss,500,193,194,0.03413305248899727,0.059037630854077164,0.6336502935805922
0000000000000000024c,built_loss,1000,179,183,0.036002506219452265,0.0680008898678696,0.6538333595387771
0000000000000000024c,built_loss,2000,100,44,0.03944493386485437,0.07600146741295358,0.6583268648574572
0000000000000000026d,built_loss,0,200,200,0.04443318717849738,0.0672983980791618,0.6023220553379393
0000000000000000026d,built_loss,500,196,193,0.05187921560251683,0.0672983980791618,0.5646899279117132
0000000000000000026d,built_loss,1000,187,171,0.05479334554860711,0.07469429291011016,0.5768449699030309
0000000000000000026d,built_loss,2000,144,74,0.05479334554860711,0.10127737110288,0.6489197542956632
00000000000000000278,built_loss,0,172,172,0.03793860423974584,0.06049765800017257,0.6145871107144155
00000000000000000278,built_loss,500,166,171,0.044079971075759096,0.0712407784634771,0.6177620137529605
00000000000000000278,built_loss,1000,127,163,0.044079971075759096,0.0712407784634771,0.6177620137529605
00000000000000000278,built_loss,2000,91,111,0.046259041858011975,0.0783927350091003,0.6288938431422737
00000000000000000293,built_loss,0,200,200,0.04799115412340686,0.04731717569783165,0.4964642207673124
00000000000000000293,built_loss,500,192,196,0.05385833559633191,0.04751700248129172,0.46872349214203335
00000000000000000293,built_loss,1000,171,192,0.05385833559633189,0.04751700248129172,0.4687234921420334
00000000000000000293,built_loss,2000,123,170,0.05796356676669605,0.05168090579110429,0.47134985088636144
000000000000000002a4,built_loss,0,200,200,0.12406786490178665,0.11387097552448944,0.4785724571911289
000000000000000002a4,built_loss,500,197,181,0.12406786490178665,0.12216070281544951,0.4961272526071801
000000000000000002a4,built_loss,1000,183,126,0.12415509452741078,0.12990455438717258,0.5113151771312417
00000000000000000316,built_loss,0,200,200,0.033319942175286596,0.005843406333099765,0.14920599375457552
00000000000000000316,built_loss,500,195,29,0.033319942175286596,0.032566118503778906,0.49427933871954977
0000000000000000034d,built_loss,0,200,200,0.036240587654911935,0.04868192431719642,0.5732511107609733
0000000000000000034d,built_loss,500,197,200,0.04219646263314662,0.04868192431719642,0.5356820906522151
0000000000000000034d,built_loss,1000,186,200,0.04219646263314662,0.04868192431719642,0.5356820906522151
0000000000000000034d,built_loss,2000,132,200,0.04219646263314662,0.04868192431719642,0.5356820906522151
00000000000000000356,built_loss,0,200,200,0.04627370985588506,0.03318507433562443,0.41763883846026373
00000000000000000356,built_loss,500,190,191,0.04627370985588506,0.04263447382622558,0.4795337398656654
00000000000000000356,built_loss,1000,172,184,0.049101006663496885,0.048849934621705796,0.4987183786113015
00000000000000000356,built_loss,2000,80,154,0.06351820819306972,0.051336298863048954,0.4469680831725544
00000000000000000362,built_loss,0,200,200,0.06914704933269436,0.0577055644224457,0.4549024471295339
00000000000000000362,built_loss,500,200,199,0.06914704933269436,0.0577055644224457,0.4549024471295339
00000000000000000362,built_loss,1000,195,178,0.06914704933269436,0.06752036291406147,0.4940487406877801
00000000000000000362,built_loss,2000,141,105,0.07508435147407304,0.10914387066446476,0.592438386458494
00000000000000000363,built_loss,0,198,195,0.05922343287733991,0.026177829636289607,0.3065274313925424
00000000000000000363,built_loss,500,197,170,0.05990924430619191,0.03258385625212856,0.3522841817939804
00000000000000000363,built_loss,1000,188,128,0.05990924430619191,0.03258385625212856,0.3522841817939804
00000000000000000363,built_loss,2000,137,12,0.08590613434905063,0.08007312169780041,0.4824284889836818
00000000000000000364,built_loss,0,161,187,0.056695324724838604,0.11866244223071779,0.6766876899163271
00000000000000000364,built_loss,500,159,187,0.056695324724838604,0.11866244223071779,0.6766876899163271
00000000000000000364,built_loss,1000,150,187,0.056695324724838604,0.11866244223071779,0.6766876899163271
00000000000000000364,built_loss,2000,106,161,0.06874196532157664,0.11866244223071779,0.6331891751103683
00000000000000000375,built_loss,0,200,200,0.05950130622489502,0.04316064515271103,0.42041520322888937
00000000000000000375,built_loss,500,195,192,0.05950130622489502,0.054630246948885006,0.4786603303752884
00000000000000000375,built_loss,1000,174,179,0.05950130622489502,0.054630246948885006,0.4786603303752884
00000000000000000375,built_loss,2000,84,104,0.06763905081543509,0.08262497885177882,0.5498653206240807
00000000000000000380,built_loss,0,200,200,0.10161599148192495,0.11651246254823229,0.534146097838248
00000000000000000380,built_loss,500,192,197,0.10161599148192495,0.11651246254823229,0.534146097838248
00000000000000000380,built_loss,1000,168,184,0.10161599148192495,0.11950592303589687,0.5404526425883698
00000000000000000380,built_loss,2000,114,127,0.1137620187297123,0.12079819281627295,0.5149986522419026
00000000000000000384,built_loss,0,200,200,0.08905794100013605,0.15462419930927088,0.6345323424700211
00000000000000000384,built_loss,500,195,191,0.09447453271629933,0.15462419930927088,0.6207345900611724
00000000000000000384,built_loss,1000,189,129,0.09447453271629933,0.16552838010706755,0.6366404834044407
0000000000000000039e,built_loss,0,200,200,0.13510406775965228,0.1075070369636526,0.44312496365663057
0000000000000000039e,built_loss,500,193,200,0.13510406775965228,0.1075070369636526,0.44312496365663057
0000000000000000039e,built_loss,1000,179,200,0.13510406775965228,0.1075070369636526,0.44312496365663057
0000000000000000039e,built_loss,2000,127,141,0.1506404474054488,0.12000471588059998,0.44340240343893333
000000000000000003a1,built_loss,0,200,200,0.11097132423811407,0.08185864715979227,0.42451205362911
000000000000000003a1,built_loss,500,197,197,0.11097132423811407,0.20800174354557383,0.6520981379091807
000000000000000003a1,built_loss,1000,194,185,0.11097132423811407,0.22380346983024535,0.6685194757639885
000000000000000003a1,built_loss,2000,138,86,0.12505014296317513,0.26797001921881747,0.6818225755401551
000000000000000003a5,built_loss,0,195,191,0.05332342286874183,0.03831918622197654,0.41813722461377845
000000000000000003a5,built_loss,500,195,171,0.05332342286874183,0.06294282578718735,0.5413679938441542
000000000000000003a5,built_loss,1000,191,106,0.05332342286874183,0.06873915557978041,0.5631468419963519
000000000000000003b7,built_loss,0,200,200,0.12805619766788928,0.14068094267799153,0.5234890216380336
000000000000000003b7,built_loss,500,198,196,0.14785669344899827,0.1576667390778556,0.5160544897435371
000000000000000003b7,built_loss,1000,185,180,0.17615391176615308,0.16586414299448346,0.48495727253369586
000000000000000003b7,built_loss,2000,128,154,0.19837358921116732,0.16586414299448346,0.4553733134390926
000000000000000003bf,built_loss,0,200,200,0.0691160214332153,0.10178558627891912,0.5955800395381331
000000000000000003bf,built_loss,500,197,197,0.0691160214332153,0.10178558627891912,0.5955800395381331
000000000000000003bf,built_loss,1000,172,179,0.0691160214332153,0.10178558627891912,0.5955800395381331
000000000000000003bf,built_loss,2000,104,118,0.07892252711002426,0.10678859474209787,0.5750253063817921
000000000000000003d2,built_loss,0,200,200,0.040348066044628525,0.04433828652543244,0.523558816495584
000000000000000003d2,built_loss,500,195,197,0.04301659369180697,0.04433828652543244,0.5075650772419552
000000000000000003d2,built_loss,1000,181,189,0.04301659369180697,0.044861192197483635,0.5104952490893405
000000000000000003d2,built_loss,2000,133,122,0.043210044328364575,0.05009625842250067,0.5369011196995395
000000000000000003f8,built_loss,0,200,200,0.0892407549336528,0.050530285842961174,0.36152185432573675
000000000000000003f8,built_loss,500,198,143,0.0892407549336528,0.05898663182147912,0.3979469186657501
000000000000000003f8,built_loss,1000,190,62,0.0892407549336528,0.06210287893576716,0.41034351658913837
000000000000000003fa,built_loss,0,200,200,0.09217073876434334,0.06564683937226146,0.4159665871632022
000000000000000003fa,built_loss,500,198,189,0.09217073876434334,0.06564683937226146,0.4159665871632022
000000000000000003fa,built_loss,1000,191,169,0.09217073876434334,0.06564683937226146,0.4159665871632022
000000000000000003fa,built_loss,2000,113,124,0.10385146644725425,0.0760274291900909,0.4226589724174622
00000000000000000407,built_loss,0,200,200,0.052683050456199386,0.05336698440539347,0.5032245814396961
00000000000000000407,built_loss,500,193,194,0.052683050456199386,0.07022429114844109,0.5713596131121458
00000000000000000407,built_loss,1000,170,191,0.05478595553466992,0.07702149403361061,0.5843485651630534
00000000000000000407,built_loss,2000,89,172,0.05901294536568617,0.07746577069508347,0.5676033079035036
0000000000000000040f,built_loss,0,200,200,0.1544485873074749,0.24117756655426872,0.6096097646717805
0000000000000000040f,built_loss,500,200,186,0.1544485873074749,0.2559939539538986,0.6237022925707296
0000000000000000040f,built_loss,1000,192,153,0.21308239814287386,0.2884768608100571,0.5751600746275011
0000000000000000040f,built_loss,2000,173,51,0.23425226368362342,0.3403338866741944,0.592311329574621
00000000000000000426,built_loss,0,200,200,0.06445598092209484,0.10043731395360704,0.6091049004067056
00000000000000000426,built_loss,500,191,194,0.06445598092209484,0.1102736500194105,0.6311101867759107
00000000000000000426,built_loss,1000,148,184,0.06734559977485403,0.12275799311358673,0.6457426251011444
00000000000000000426,built_loss,2000,29,116,0.10625371930957242,0.13886988771622108,0.5665300433549909
0000000000000000042b,built_loss,0,200,200,0.06007832018748591,0.08543850608478054,0.5871383280744135
0000000000000000042b,built_loss,500,199,190,0.06007832018748591,0.08543850608478054,0.5871383280744135
0000000000000000042b,built_loss,1000,196,151,0.06007832018748591,0.08543850608478054,0.5871383280744135
0000000000000000042b,built_loss,2000,150,44,0.06007832018748591,0.12382399105108546,0.6733139470432142
00000000000000000442,built_loss,0,200,200,0.020369141917977583,0.015593336069831177,0.43360015610391756
00000000000000000442,built_loss,500,195,117,0.020369141917977583,0.06336462298163584,0.756739208571901
00000000000000000465,built_loss,0,200,200,0.045885553665397816,0.09932564432736342,0.6840081598364803
00000000000000000465,built_loss,500,192,197,0.045885553665397816,0.09932564432736342,0.6840081598364803
00000000000000000465,built_loss,1000,179,190,0.045885553665397816,0.09932564432736342,0.6840081598364803
00000000000000000465,built_loss,2000,107,180,0.053795520502993674,0.10600589125084645,0.6633601673899837
0000000000000000047e,built_loss,0,200,200,0.06360363513849335,0.062063132649456156,0.49387068468004053
0000000000000000047e,built_loss,500,194,168,0.06360363513849335,0.06682138920402261,0.5123356467852913
0000000000000000047e,built_loss,1000,189,118,0.06360363513849335,0.07516928000509518,0.541671117355831
0000000000000000047e,built_loss,2000,129,61,0.0660482596859445,0.08065386419591251,0.549779799100355
00000000000000000490,built_loss,0,200,200,0.03196821107245522,0.032688727263751535,0.5055718396882527
00000000000000000490,built_loss,500,198,193,0.03919289717148189,0.04035780642546201,0.5073218035811956
00000000000000000490,built_loss,1000,189,175,0.03919289717148189,0.05099212898828202,0.5654168009818327
00000000000000000490,built_loss,2000,153,102,0.03919289717148189,0.05099212898828202,0.5654168009818327
000000000000000004c0,built_loss,0,200,200,0.05330846049130746,0.07467396675080726,0.5834704682460584
000000000000000004c0,built_loss,500,199,192,0.05330846049130746,0.07467396675080726,0.5834704682460584
000000000000000004c0,built_loss,1000,183,171,0.05330846049130746,0.07467396675080726,0.5834704682460584
000000000000000004c0,built_loss,2000,140,75,0.06024026740500752,0.08125281799020319,0.574252923827889
000000000000000004c5,built_loss,0,200,200,0.05371779021824248,0.07314977200631823,0.5765837281263716
000000000000000004c5,built_loss,500,193,156,0.0539362590677606,0.07314977200631823,0.5755925445740249
000000000000000004c5,built_loss,1000,181,100,0.0539362590677606,0.09590684204699633,0.6400484328798447
000000000000000004d2,built_loss,0,200,200,0.01186162466210725,0.06562770015916546,0.8469256934382544
000000000000000004d2,built_loss,500,198,198,0.015413419053992693,0.06562770015916546,0.8098074261010462
000000000000000004d2,built_loss,1000,184,188,0.0166901325109333,0.06562770015916546,0.797247668331857
000000000000000004d2,built_loss,2000,133,134,0.02593135072154944,0.15544276436737084,0.8570283818631264
000000000000000004d9,built_loss,0,200,200,0.08215187075507055,0.10597456532144194,0.5633156484066808
000000000000000004d9,built_loss,500,195,185,0.09368808302447765,0.11651937240559027,0.5543065642778773
000000000000000004d9,built_loss,1000,178,172,0.09368808302447765,0.12374497346759943,0.569117573304864
000000000000000004d9,built_loss,2000,114,135,0.1043376839462522,0.12374497346759943,0.5425444217028916
000000000000000004eb,built_loss,0,200,200,0.12858446022720676,0.16041876900279872,0.5550760433703429
000000000000000004eb,built_loss,500,199,198,0.12858446022720676,0.16041876900279872,0.5550760433703429
000000000000000004eb,built_loss,1000,184,181,0.1318672139846629,0.16041876900279872,0.5488418136326828
000000000000000004eb,built_loss,2000,122,121,0.14403060591643432,0.17223320151169136,0.5445871372755438
000000000000000004f5,built_loss,0,185,200,0.03868037289603179,0.039020892134309995,0.502191207808141
000000000000000004f5,built_loss,500,184,124,0.043627492760795694,0.0445327903006423,0.5051343842567148
000000000000000004f7,built_loss,0,200,200,0.08651158522721043,0.06264944489135618,0.4200121495616968
000000000000000004f7,built_loss,500,197,192,0.08651158522721043,0.06979978352699859,0.44654323023879555
000000000000000004f7,built_loss,1000,184,162,0.0933635705937712,0.10363445124421207,0.5260684867633741
000000000000000004f7,built_loss,2000,127,20,0.12799497994906936,0.1667484095062133,0.5657409647551943
000000000000000004fe,built_loss,0,200,200,0.10259186937732637,0.11947151530964066,0.5380063691162611
000000000000000004fe,built_loss,500,198,178,0.10259186937732637,0.11947151530964066,0.5380063691162611
000000000000000004fe,built_loss,1000,189,120,0.10259186937732637,0.13557937684040872,0.5692516581783067
0000000000000000051d,built_loss,0,200,200,0.019670486631926366,0.006919020600829962,0.2602162025795656
0000000000000000051d,built_loss,500,194,167,0.0200934852795702,0.026376615699654084,0.5676040108214712
0000000000000000051d,built_loss,1000,183,155,0.0200934852795702,0.036676028444266914,0.6460514814700775
0000000000000000051d,built_loss,2000,123,98,0.0200934852795702,0.04218232965943254,0.6773468914067443
00000000000000000559,built_loss,0,200,200,0.04124366146711158,0.05399681452572995,0.5669523798812336
00000000000000000559,built_loss,500,195,195,0.04124366146711158,0.09907502867829773,0.7060715046222444
00000000000000000559,built_loss,1000,178,189,0.04356325942603247,0.09907502867829773,0.6945892999300194
00000000000000000559,built_loss,2000,105,106,0.049579806457509056,0.1411168106707196,0.7400068905002625
00000000000000000576,built_loss,0,200,200,0.07911486936844754,0.0200800154425812,0.2024299486876991
00000000000000000576,built_loss,500,197,123,0.07911486936844754,0.04374321661778537,0.3560467043441573
00000000000000000576,built_loss,1000,189,18,0.07911486936844754,0.04522136872137132,0.36370224333424256
00000000000000000577,built_loss,0,200,200,0.021161283899599082,0.011820041208077513,0.3583858795584882
00000000000000000577,built_loss,500,196,150,0.023656362796264173,0.032232643996075595,0.5767260118839099
00000000000000000577,built_loss,1000,187,24,0.023656362796264173,0.04537361852659945,0.6573030682671476
0000000000000000057f,built_loss,0,200,200,0.020843573686531537,0.018354087304928622,0.46824445235288686
0000000000000000057f,built_loss,500,194,182,0.0266010663652666,0.022959788039336515,0.4632645727096422
00000000000000000594,built_loss,0,200,200,0.015529881714154148,0.0065939033239187815,0.29804589550446525
00000000000000000594,built_loss,500,192,167,0.01648458300980977,0.03391015364417105,0.6728907797719288
00000000000000000594,built_loss,1000,178,153,0.01648458300980977,0.03391015364417105,0.6728907797719288
00000000000000000594,built_loss,2000,129,83,0.01648458300980977,0.050779794296419545,0.7549284826422071
000000000000000005ad,built_loss,0,200,200,0.05727107164208518,0.06795834755640406,0.5426707876696856
000000000000000005ad,built_loss,500,191,199,0.05844116640835299,0.06795834755640406,0.5376472220835807
000000000000000005ad,built_loss,1000,179,181,0.06219739215428004,0.06795834755640406,0.5221310078752018
000000000000000005ad,built_loss,2000,143,90,0.07522211522998974,0.0997751257431346,0.5701525646217912
000000000000000005bd,built_loss,0,200,200,0.02829484567373237,0.04728365934058869,0.6256231097850304
000000000000000005bd,built_loss,500,196,121,0.03170944967473062,0.04810896274061607,0.6027301381249149
000000000000000005bd,built_loss,1000,181,121,0.03351893826839898,0.04810896274061607,0.5893691022964501
000000000000000005bf,built_loss,0,200,200,0.09207979588587907,0.06896553850833805,0.42823679908100615
000000000000000005bf,built_loss,500,196,199,0.09207979588587907,0.06896553850833805,0.42823679908100615
000000000000000005bf,built_loss,1000,189,196,0.09207979588587907,0.06896553850833805,0.42823679908100615
000000000000000005bf,built_loss,2000,147,111,0.10788295284459717,0.07820636409325947,0.4202625136130503
000000000000000005cc,built_loss,0,200,200,0.09254116980691937,0.04503039912415552,0.32732343952833015
000000000000000005cc,built_loss,500,193,197,0.10758700680293196,0.05666344541183479,0.3449819750718199
000000000000000005cc,built_loss,1000,166,195,0.16024834966123175,0.05666344541183479,0.261228050749783
000000000000000005cc,built_loss,2000,97,179,0.1872574212683129,0.07347917709996254,0.28181382114947906
000000000000000005de,built_loss,0,200,200,0.22147994045762048,0.11364872408495796,0.33911967584073865
000000000000000005de,built_loss,500,196,187,0.24829877727248334,0.17987565720153395,0.4200990127354957
000000000000000005de,built_loss,1000,188,166,0.28326920069595596,0.17987565720153395,0.38837882820877245
000000000000000005de,built_loss,2000,171,129,0.28326920069595596,0.2082310329297453,0.42366415859712203
000000000000000005e7,built_loss,0,200,200,0.04680705900030746,0.04138624713021326,0.46926744155043765
000000000000000005e7,built_loss,500,195,191,0.04680705900030746,0.04272081490711201,0.47717892810469625
000000000000000005e7,built_loss,1000,185,177,0.04680705900030746,0.04498133643656754,0.4900547201199545
000000000000000005e7,built_loss,2000,91,130,0.04938012765749018,0.04498133643656754,0.4766918028238127
000000000000000005f9,built_loss,0,200,200,0.07055979799175878,0.0674088088408273,0.48858077491594837
000000000000000005f9,built_loss,500,198,179,0.07055979799175878,0.10379376028750845,0.5953062347065129
000000000000000005f9,built_loss,1000,189,108,0.07055979799175878,0.10502486800775042,0.5981437354412591
0000000000000000061c,built_loss,0,200,200,0.03154403340678143,0.018169872706531743,0.3654887359836817
0000000000000000061c,built_loss,500,196,180,0.03154403340678143,0.0370423979532742,0.5400834715874634
0000000000000000061c,built_loss,1000,186,165,0.03154403340678143,0.038980459629709155,0.5527222947776068
0000000000000000061c,built_loss,2000,121,67,0.06637620557395194,0.11221129041039624,0.6283266910220991
00000000000000000624,built_loss,0,200,200,0.05475389357957272,0.05218332631036293,0.48798095147399806
00000000000000000624,built_loss,500,189,179,0.07455544300034662,0.0578064164757474,0.43673016308562157
00000000000000000626,built_loss,0,200,200,0.18008953615439188,0.16334732730589346,0.4756254924402055
00000000000000000626,built_loss,500,196,198,0.18541013389187844,0.16650394659593648,0.47313806359967053
00000000000000000626,built_loss,1000,194,177,0.21353643037854902,0.18181103468459817,0.4598765661874128
00000000000000000626,built_loss,2000,168,96,0.21353643037854902,0.31421323909805193,0.5953831092098637
0000000000000000062a,built_loss,0,200,200,0.05799417229114721,0.06433915193910493,0.5259331612495198
0000000000000000062a,built_loss,500,194,196,0.06501384427107126,0.06433915193910493,0.49739204984527424
0000000000000000062a,built_loss,1000,169,194,0.06501384427107126,0.06433915193910493,0.49739204984527424
0000000000000000062a,built_loss,2000,93,132,0.06991729455511812,0.07306038470159684,0.5109915413433637
00000000000000000636,built_loss,0,200,200,0.03617545656377665,0.0513153582201175,0.5865228063800981
00000000000000000636,built_loss,500,191,197,0.03617545656377665,0.055898105799320086,0.6071026727333083
00000000000000000636,built_loss,1000,175,194,0.03617545656377665,0.055898105799320086,0.6071026727333083
00000000000000000636,built_loss,2000,131,170,0.03690732624334845,0.06349485050586365,0.6324051187040576
0000000000000000064a,built_loss,0,200,200,0.1890986476602076,0.00957025248338661,0.048171870264652576
0000000000000000064a,built_loss,500,197,7,0.2176087802473164,0.1833301718366552,0.45725208509499415
0000000000000000064d,built_loss,0,200,200,0.09063969860295222,0.06018888932916229,0.3990549149465834
0000000000000000064d,built_loss,500,198,183,0.09063969860295222,0.09415043385463599,0.5094992497812905
0000000000000000064d,built_loss,1000,186,165,0.09521596026899368,0.09599605569148964,0.502039870291554
0000000000000000064d,built_loss,2000,124,99,0.1166972606778464,0.1247859411063443,0.5167479153160581
00000000000000000694,built_loss,0,200,200,0.31242841053436343,0.030209648710653993,0.0881678140984425
00000000000000000694,built_loss,500,198,179,0.3327944643421099,0.09741948997874403,0.2264442819673442
00000000000000000694,built_loss,1000,183,153,0.3327944643421099,0.19434849319518027,0.36868270820266696
00000000000000000694,built_loss,2000,109,104,0.4147325016051144,0.2001405480316328,0.3254989760073982
0000000000000000069d,built_loss,0,200,200,0.038398715397314744,0.07982047242337727,0.675190499056457
0000000000000000069d,built_loss,500,191,196,0.038398715397314744,0.07982047242337727,0.675190499056457
0000000000000000069d,built_loss,1000,174,187,0.038398715397314744,0.0822776537815751,0.681804187022941
0000000000000000069d,built_loss,2000,115,135,0.05647635108611526,0.09085273119760892,0.6166652896271314
000000000000000006b7,built_loss,0,200,200,0.10067263180310157,0.06333054793119579,0.38615439062469326
000000000000000006b7,built_loss,500,196,188,0.10557440910940719,0.0805293512449992,0.4327121122711897
000000000000000006b7,built_loss,1000,192,155,0.10858097922132241,0.10426508525899254,0.48986146637513056
000000000000000006b7,built_loss,2000,169,46,0.10858097922132241,0.16017777618173248,0.5959909136389602
000000000000000006df,built_loss,0,200,200,0.01955689961751239,0.0086422721576233,0.30647255267748874
000000000000000006df,built_loss,500,198,182,0.01955689961751239,0.02855357088357364,0.593500138027866
000000000000000006df,built_loss,1000,181,166,0.03003283960246874,0.02855357088357364,0.4873753255439479
000000000000000006df,built_loss,2000,124,123,0.03315947207780403,0.029962570146960153,0.47467681796154704
000000000000000006e3,built_loss,0,190,190,0.026085956736991944,0.08086834001125014,0.7561018347944324
000000000000000006e3,built_loss,500,185,187,0.03412944487657692,0.08086834001125014,0.7032165018606992
000000000000000006e3,built_loss,1000,170,179,0.04117753717438433,0.08487326594795142,0.6733258642144967
000000000000000006e3,built_loss,2000,95,160,0.0523428171635232,0.10749350513339488,0.6725223878277072
00000000000000000011,crop_loss,0,200,200,0.009482638550823697,0.01147924470476409,0.5476246844928142
00000000000000000011,crop_loss,500,192,199,0.012497016505062653,0.011936637809797724,0.4885326466311432
00000000000000000011,crop_loss,1000,176,184,0.01325490843640682,0.012412515121592827,0.4835902245140099
00000000000000000011,crop_loss,2000,109,140,0.01325490843640682,0.012649695167298747,0.4883184224830575
0000000000000000002b,crop_loss,0,198,200,0.023313765075585514,0.013381532173885335,0.36466613371591183
0000000000000000002b,crop_loss,500,196,199,0.02331376507558549,0.015218412935772373,0.3949533538148712
0000000000000000002b,crop_loss,1000,180,187,0.02331376507558549,0.015467625130308037,0.39884143007226736
0000000000000000002b,crop_loss,2000,131,141,0.02869722175101923,0.015889234201806168,0.35636907805054896
0000000000000000002d,crop_loss,0,175,173,0.07249241313815905,0.08131606618628198,0.5286838966415275
0000000000000000002d,crop_loss,500,168,170,0.07249241313815905,0.08131606618628198,0.5286838966415275
0000000000000000002d,crop_loss,1000,157,167,0.08587268843330353,0.08131606618628198,0.48637282077265825
0000000000000000002d,crop_loss,2000,104,131,0.08879641023521892,0.09719584290791398,0.5225800605393656
0000000000000000003a,crop_loss,0,200,200,0.062452736392337616,0.01202380658339719,0.16144420918077818
0000000000000000003a,crop_loss,500,199,194,0.062452736392337616,0.01804963425472541,0.2242124562223647
0000000000000000003a,crop_loss,1000,186,182,0.0663538139900435,0.019178244185460568,0.22422287729688808
0000000000000000003a,crop_loss,2000,120,124,0.06720727340331414,0.019178244185460568,0.22200763184094943
0000000000000000009b,crop_loss,0,200,200,0.317948315001666,0.5103956416976574,0.6161638985462018
0000000000000000009b,crop_loss,500,193,194,0.34542245640509817,0.5252534143209079,0.6032708979086859
0000000000000000009b,crop_loss,1000,177,186,0.37897305383621144,0.5339656085373943,0.5848866200370123
0000000000000000009b,crop_loss,2000,120,140,0.40745266964564586,0.5673983309054269,0.5820359527600636
0000000000000000009d,crop_loss,0,200,200,0.06846717261365906,0.04577544756639214,0.4006862543405203
0000000000000000009d,crop_loss,500,195,154,0.06846717261365906,0.04577544756639214,0.4006862543405203
0000000000000000009d,crop_loss,1000,184,131,0.06846717261365906,0.048574930548558194,0.4150209987325638
0000000000000000009d,crop_loss,2000,123,13,0.06846717261365906,0.04987935105188705,0.42146866258976406
000000000000000000a8,crop_loss,0,174,167,0.11933104251830946,0.047195502252348275,0.28341128627308665
000000000000000000a8,crop_loss,500,174,156,0.11933104251830946,0.047195502252348275,0.28341128627308665
000000000000000000a8,crop_loss,1000,172,125,0.11933104251830946,0.052394022677463646,0.3051041070645532
000000000000000000a8,crop_loss,2000,149,59,0.15543063266423024,0.057110527441947265,0.26870337685720874
000000000000000000da,crop_loss,0,200,200,0.029822011530089586,0.07146368806145287,0.7055654287716906
000000000000000000da,crop_loss,500,178,196,0.03219733664872073,0.07146368806145287,0.6893978547922824
000000000000000000da,crop_loss,1000,166,185,0.03404695041479886,0.07168446180522425,0.6779864214371183
000000000000000000da,crop_loss,2000,70,134,0.04500386223379409,0.10681953606858716,0.7035775596007602
000000000000000000e3,crop_loss,0,200,200,0.027142857711343348,0.020241791222801297,0.42718035645903446
000000000000000000e3,crop_loss,500,190,195,0.027142857711343348,0.020241791222801297,0.42718035645903446
000000000000000000e3,crop_loss,1000,170,191,0.027142857711343348,0.020241791222801297,0.42718035645903446
000000000000000000e3,crop_loss,2000,112,136,0.027288987972870292,0.021300163279544936,0.4383728204770359
000000000000000000e9,crop_loss,0,200,200,0.038542279607844884,0.023866640077265532,0.3824235413351857
000000000000000000e9,crop_loss,500,198,156,0.038542279607844884,0.03979906596089662,0.5080212201035844
000000000000000000e9,crop_loss,1000,186,13,0.043087961549194254,0.08548883198995412,0.6648853936714486
0000000000000000011b,crop_loss,0,200,200,0.065106620204372,0.05734885237546359,0.4683241276751134
0000000000000000011b,crop_loss,500,196,190,0.065106620204372,0.05734885237546359,0.4683241276751134
0000000000000000011b,crop_loss,1000,186,172,0.065106620204372,0.05734885237546359,0.4683241276751134
0000000000000000011b,crop_loss,2000,137,88,0.07911033060432796,0.07561073748354959,0.48869063804624174
00000000000000000128,crop_loss,0,200,200,0.08000560513332185,0.13060512587650888,0.620125694686433
00000000000000000128,crop_loss,500,193,199,0.09467275496858271,0.13203770931313635,0.5824067703750933
00000000000000000128,crop_loss,1000,176,190,0.09467275496858271,0.14991748495556115,0.6129332266137969
00000000000000000128,crop_loss,2000,93,152,0.1533597921596446,0.17093976397078273,0.5271045264752283
0000000000000000016c,crop_loss,0,186,192,0.016349778336550557,0.02013773130023433,0.5519075294571643
0000000000000000016c,crop_loss,500,179,188,0.018810163822958127,0.02013773130023433,0.5170428655007289
0000000000000000016c,crop_loss,1000,173,175,0.019655608078378163,0.02013773130023433,0.5060578381755915
0000000000000000016c,crop_loss,2000,122,134,0.029866997904579494,0.02013773130023433,0.40271653541707425
00000000000000000192,crop_loss,0,200,200,0.17319905333294897,0.16342126005752172,0.485476525201472
00000000000000000192,crop_loss,500,200,193,0.17319905333294897,0.16342126005752172,0.485476525201472
00000000000000000192,crop_loss,1000,196,168,0.17319905333294897,0.19726497066172294,0.5324807751481627
00000000000000000192,crop_loss,2000,134,115,0.18879567516300466,0.22724420529182407,0.5462077458604374
00000000000000000196,crop_loss,0,200,200,0.05015019245007566,0.04096228666858857,0.44957932288056834
00000000000000000196,crop_loss,500,193,200,0.05571821458332826,0.04096228666858857,0.4236871565387415
00000000000000000196,crop_loss,1000,177,189,0.05571821458332826,0.04096228666858857,0.4236871565387415
00000000000000000196,crop_loss,2000,119,161,0.055777273029415195,0.04165553023617541,0.4275308606506958
000000000000000001a6,crop_loss,0,200,200,0.054069749326033235,0.02494811158684085,0.31572749879971024
000000000000000001a6,crop_loss,500,200,190,0.054069749326033235,0.02494811158684085,0.31572749879971024
000000000000000001a6,crop_loss,1000,194,168,0.054069749326033235,0.02494811158684085,0.31572749879971024
000000000000000001a6,crop_loss,2000,165,45,0.05791560184644513,0.04073988271295896,0.412951017315363
000000000000000001e4,crop_loss,0,200,200,0.09909122322731256,0.13405945234084665,0.5749906236110423
000000000000000001e4,crop_loss,500,196,200,0.09909122322731256,0.13405945234084665,0.5749906236110423
000000000000000001e4,crop_loss,1000,177,192,0.10039353987448754,0.1743473958562572,0.6345883455332221
000000000000000001e4,crop_loss,2000,96,153,0.11407308846630797,0.22162822978109437,0.6601946960991689
000000000000000001f9,crop_loss,0,200,200,0.010263392362969715,0.01616086659816123,0.6115920458288591
000000000000000001f9,crop_loss,500,190,198,0.011754937919470621,0.01616086659816123,0.5789145925339526
000000000000000001f9,crop_loss,1000,172,184,0.012639460004562286,0.01616086659816123,0.5611348378275626
000000000000000001f9,crop_loss,2000,109,146,0.014806756587729054,0.01616086659816123,0.5218633183641523
00000000000000000228,crop_loss,0,200,200,0.011559403992003992,0.01119078680682919,0.4918985913257153
00000000000000000228,crop_loss,500,196,200,0.011559403992003992,0.01119078680682919,0.4918985913257153
00000000000000000228,crop_loss,1000,181,200,0.01221193533296947,0.01119078680682919,0.47818312500151255
00000000000000000228,crop_loss,2000,116,185,0.014700110777218334,0.01119078680682919,0.432228615097998
00000000000000000281,crop_loss,0,200,200,0.027947755284094787,0.029180365232541083,0.5107881191983709
00000000000000000281,crop_loss,500,199,198,0.027947755284094787,0.029180365232541083,0.5107881191983709
00000000000000000281,crop_loss,1000,176,171,0.028043613534779667,0.031476062961515526,0.5288345773005995
00000000000000000281,crop_loss,2000,82,112,0.02823839146060636,0.031476062961515526,0.5271096130006299
0000000000000000028c,crop_loss,0,200,200,0.0468031143248552,0.06405505688716531,0.5778108747985725
0000000000000000028c,crop_loss,500,194,198,0.06326809777075644,0.06405505688716531,0.5030904006326147
0000000000000000028c,crop_loss,1000,177,191,0.0702986938833217,0.06405505688716531,0.47676418796905884
0000000000000000028d,crop_loss,0,200,200,0.025356988808005722,0.05865727724284984,0.698182344491889
0000000000000000028d,crop_loss,500,194,200,0.025356988808005722,0.05865727724284984,0.698182344491889
0000000000000000028d,crop_loss,1000,182,198,0.025356988808005722,0.05865727724284984,0.698182344491889
0000000000000000028d,crop_loss,2000,121,155,0.027658460209192316,0.10809893014584812,0.7962655282511352
00000000000000000291,crop_loss,0,200,200,0.008984337677457876,0.025965435645158675,0.7429357382301847
00000000000000000291,crop_loss,500,195,200,0.009901102883231361,0.025965435645158675,0.7239459593760875
00000000000000000291,crop_loss,1000,181,195,0.013062873440785628,0.025965435645158675,0.6652974789995346
00000000000000000291,crop_loss,2000,108,120,0.01643534870689689,0.025965435645158675,0.6123810217507806
000000000000000002c5,crop_loss,0,200,200,0.02240819661719482,0.012379433067546608,0.35585733145310056
000000000000000002c5,crop_loss,500,196,186,0.02240819661719482,0.017777797780431693,0.4423879027126751
000000000000000002c5,crop_loss,1000,193,142,0.02240819661719482,0.01936327633890369,0.4635526345645218
000000000000000002c5,crop_loss,2000,160,43,0.026713768297723206,0.021936726332665902,0.4509044871768357
000000000000000002cc,crop_loss,0,200,200,0.033781853839679375,0.01745338342142564,0.3406519488167695
000000000000000002cc,crop_loss,500,195,188,0.033781853839679375,0.023489546515632287,0.410144441544873
000000000000000002cc,crop_loss,1000,184,148,0.033781853839679375,0.025497079316814532,0.4301204147698338
000000000000000002cc,crop_loss,2000,135,12,0.051968976971119706,0.1486998980880911,0.7410212373168166
000000000000000002dc,crop_loss,0,200,200,0.07675775744908316,0.07249672024365095,0.4857255967382911
000000000000000002dc,crop_loss,500,192,197,0.07675775744908316,0.0745262530725391,0.49262478443744595
000000000000000002dc,crop_loss,1000,183,182,0.07675775744908316,0.07821972990939821,0.504716725261921
000000000000000002dc,crop_loss,2000,158,114,0.07675775744908316,0.12573338330560616,0.6209327619784939
000000000000000002e4,crop_loss,0,200,200,0.03155637275999057,0.018949814325213477,0.37519788007100796
000000000000000002e4,crop_loss,500,200,193,0.03155637275999057,0.02399285195790557,0.43192055477497854
000000000000000002e4,crop_loss,1000,197,184,0.03155637275999057,0.025928773428725682,0.4510517089606738
000000000000000002e4,crop_loss,2000,169,112,0.03442147101771664,0.03043361564598044,0.469255646875059
000000000000000002ec,crop_loss,0,200,200,0.02303580225272146,0.019080524931343556,0.4530434206074302
000000000000000002ec,crop_loss,500,198,193,0.02303580225272146,0.02093600558115747,0.47612337568142465
000000000000000002ec,crop_loss,1000,193,175,0.02341818636997588,0.024066076013943283,0.5068221512815705
000000000000000002ec,crop_loss,2000,144,112,0.026248563824268035,0.029856253923710496,0.5321513396102971
00000000000000000314,crop_loss,0,200,200,0.01810861909405186,0.008686705549013452,0.3241873597130462
00000000000000000314,crop_loss,500,199,183,0.01810861909405186,0.008686705549013452,0.3241873597130462
00000000000000000314,crop_loss,1000,183,159,0.018450052543668716,0.01178027372845849,0.38968397568802915
00000000000000000314,crop_loss,2000,131,73,0.03567907116480442,0.013111881297009598,0.2687359158852824
00000000000000000335,crop_loss,0,200,200,0.013940879216036307,0.012037608247115906,0.46336832595533656
00000000000000000335,crop_loss,500,196,197,0.0156549417339114,0.015795351493205923,0.5022322487945676
00000000000000000335,crop_loss,1000,182,196,0.018117578619516926,0.015795351493205923,0.46576192149242635
00000000000000000335,crop_loss,2000,127,132,0.019033343482099396,0.015795351493205923,0.45351545626248213
0000000000000000033a,crop_loss,0,200,200,0.06792673134059488,0.06767457457325132,0.49907022736011886
0000000000000000033a,crop_loss,500,196,197,0.06792673134059488,0.06767457457325132,0.49907022736011886
0000000000000000033a,crop_loss,1000,185,189,0.06792673134059488,0.06767457457325132,0.49907022736011886
0000000000000000033a,crop_loss,2000,152,113,0.07082949982459374,0.07994163043538885,0.5302184197797752
000000000000000003a2,crop_loss,0,200,200,0.010162869558278697,0.011135939772477422,0.5228433007226346
000000000000000003a2,crop_loss,500,181,195,0.02113674283682394,0.01582540050966159,0.4281515917755393
000000000000000003a2,crop_loss,1000,170,177,0.02113674283682394,0.018136472486032628,0.46180258826466913
000000000000000003a2,crop_loss,2000,121,81,0.021621352154912055,0.023103532935549433,0.5165699786215923
000000000000000003b0,crop_loss,0,200,200,0.009749653265875824,0.008523509352544378,0.46644959770050065
000000000000000003b0,crop_loss,500,195,193,0.011504911736247214,0.008523509352544378,0.42557070846132644
000000000000000003b0,crop_loss,1000,181,187,0.011504911736247214,0.008523509352544378,0.42557070846132644
000000000000000003b0,crop_loss,2000,143,134,0.014372755243509472,0.012113142674367538,0.4573431005234777
000000000000000003c7,crop_loss,0,200,200,0.01910110344520275,0.033131759974089195,0.6343087053737483
000000000000000003c7,crop_loss,500,194,197,0.01910110344520275,0.033131759974089195,0.6343087053737483
000000000000000003c7,crop_loss,1000,177,191,0.019406148609949735,0.033131759974089195,0.6306257874818418
000000000000000003c7,crop_loss,2000,121,167,0.02052601621649073,0.033131759974089195,0.6174642768607375
000000000000000003c8,crop_loss,0,200,200,0.22908750976189834,0.00718430202310123,0.030406936692085502
000000000000000003c8,crop_loss,500,199,197,0.22908750976189834,0.010737329467241619,0.044771548692410026
000000000000000003c8,crop_loss,1000,190,160,0.22908750976189834,0.028562326295471462,0.11085714911536274
000000000000000003c8,crop_loss,2000,161,52,0.23267475550715755,0.05411985728637232,0.18870597588646398
000000000000000003f1,crop_loss,0,152,138,0.05639757834038646,0.08512896954894185,0.6015053063748149
000000000000000003f1,crop_loss,500,151,129,0.05639757834038646,0.08702880493508444,0.6067837935181449
000000000000000003f1,crop_loss,1000,144,120,0.05856224848521081,0.08928463861001175,0.6038993472476901
000000000000000003f1,crop_loss,2000,126,70,0.06106004069589819,0.09116236332287686,0.5988761241153047
000000000000000003f2,crop_loss,0,200,200,0.12839258042822166,0.10406966323266591,0.44768415547099977
000000000000000003f2,crop_loss,500,199,182,0.12839258042822166,0.1204327312963747,0.4840051458638881
000000000000000003f2,crop_loss,1000,184,153,0.13724075797165297,0.1204327312963747,0.46738502916237223
000000000000000003f2,crop_loss,2000,114,91,0.1420706960682308,0.12160078041152558,0.4611829160838351
0000000000000000044b,crop_loss,0,200,200,0.050531779847357974,0.10023376182468151,0.6648320346439329
0000000000000000044b,crop_loss,500,194,200,0.05534132377158596,0.10023376182468151,0.6442790080421592
0000000000000000044b,crop_loss,1000,182,200,0.05534132377158596,0.10023376182468151,0.6442790080421592
0000000000000000044b,crop_loss,2000,122,158,0.06582320234753183,0.1066947715722912,0.6184559738758505
0000000000000000046c,crop_loss,0,200,200,0.02096542048940613,0.01735710922633136,0.4529218022564566
0000000000000000046c,crop_loss,500,195,196,0.02096542048940613,0.017725424346450837,0.45812967954541967
0000000000000000046c,crop_loss,1000,191,182,0.02096542048940613,0.018363304942689694,0.46691838447519696
0000000000000000046c,crop_loss,2000,111,129,0.04025220343533224,0.03074560466568681,0.4330500544679838
00000000000000000480,crop_loss,0,200,200,0.005493962019089649,0.15237835737206867,0.9651999663953595
00000000000000000480,crop_loss,500,196,199,0.0059021878415930875,0.1556473706085148,0.9634651564561264
00000000000000000480,crop_loss,1000,176,178,0.020038705966433513,0.16518111634355687,0.8918112234564838
00000000000000000480,crop_loss,2000,129,164,0.02245974701521729,0.1775419030282264,0.8877021914007891
00000000000000000483,crop_loss,0,200,200,0.014011947389460832,0.022759444360349646,0.6189443280957133
00000000000000000483,crop_loss,500,199,198,0.014011947389460832,0.04011103264506886,0.7411090930088751
00000000000000000483,crop_loss,1000,189,196,0.014011947389460832,0.0445932427300332,0.7609094457052039
00000000000000000483,crop_loss,2000,124,146,0.014070766507792465,0.05151578523447735,0.7854626270966236
00000000000000000485,crop_loss,0,195,196,0.0527939657743562,0.07359470096044511,0.5822887673487769
00000000000000000485,crop_loss,500,185,195,0.05330126096226388,0.07359470096044511,0.5799609368554289
00000000000000000485,crop_loss,1000,151,184,0.05435210832600059,0.08245164326739843,0.602700162140686
00000000000000000485,crop_loss,2000,68,152,0.06631077871509579,0.1215305676629114,0.6469851819401856
00000000000000000497,crop_loss,0,190,187,0.056396093674662806,0.017050795064650993,0.2321513593984559
00000000000000000497,crop_loss,500,190,180,0.056396093674662806,0.028462397185126376,0.33541012686425326
00000000000000000497,crop_loss,1000,189,150,0.056396093674662806,0.041526333308538964,0.4240737754103927
00000000000000000497,crop_loss,2000,173,64,0.06316141046929305,0.059013188335435986,0.48302338548517276
0000000000000000049b,crop_loss,0,200,200,0.07402079489410365,0.05627712181462059,0.43191114052877694
0000000000000000049b,crop_loss,500,195,198,0.08689787717048988,0.05627712181462059,0.3930652852323755
0000000000000000049b,crop_loss,1000,187,180,0.09318327996336802,0.0801852493758776,0.4625132928163074
0000000000000000049b,crop_loss,2000,154,96,0.11355950185441852,0.08672805603408026,0.43301769190240585
000000000000000004a1,crop_loss,0,200,200,0.04039930369036719,0.03605167900907913,0.4715659333031524
000000000000000004a1,crop_loss,500,193,193,0.053386526706833325,0.03803746174771374,0.4160555931795584
000000000000000004a1,crop_loss,1000,178,176,0.06418969399101274,0.045724557380391585,0.4160020817088642
000000000000000004a1,crop_loss,2000,148,106,0.08970142297127734,0.06615596257609895,0.4244647267970816
000000000000000004e7,crop_loss,0,200,200,0.23822950461517603,0.162438211540862,0.4054187671990918
000000000000000004e7,crop_loss,500,196,196,0.23822950461517603,0.1993943248662335,0.45562949600359515
000000000000000004e7,crop_loss,1000,184,182,0.24212565484873289,0.23251326838253808,0.48987400105986373
000000000000000004e7,crop_loss,2000,113,141,0.2819551991400494,0.2562987129121182,0.47616693009153926
000000000000000004e9,crop_loss,0,200,200,0.0181933251222975,0.012245657987756653,0.40230180959328926
000000000000000004e9,crop_loss,500,197,172,0.0214131008533043,0.026142312226642074,0.5497231657339192
000000000000000004e9,crop_loss,1000,189,89,0.0214131008533043,0.03280352522129633,0.6050454924206186
000000000000000004ee,crop_loss,0,200,200,0.013656228003752612,0.012991041877936626,0.487518681468226
000000000000000004ee,crop_loss,500,197,198,0.013656228003752612,0.012991041877936626,0.487518681468226
000000000000000004ee,crop_loss,1000,184,183,0.013656228003752612,0.012991041877936626,0.487518681468226
000000000000000004ee,crop_loss,2000,128,142,0.01593420247038837,0.012991041877936626,0.44912470646906694
000000000000000004f9,crop_loss,0,200,200,0.02585333291202725,0.01990981690781235,0.4350622058524876
000000000000000004f9,crop_loss,500,192,188,0.02585333291202725,0.02324212381643247,0.47340681530896195
000000000000000004f9,crop_loss,1000,164,183,0.02585333291202725,0.02590127282738095,0.5004631463583566
000000000000000004f9,crop_loss,2000,108,125,0.02601533122584341,0.02590127282738095,0.49890152291795387
00000000000000000517,crop_loss,0,200,200,0.0090476413261249,0.03596153589067759,0.7989822990244246
00000000000000000517,crop_loss,500,193,200,0.014855611027015603,0.03596153589067759,0.7076653860205022
00000000000000000517,crop_loss,1000,179,200,0.014924673329772209,0.03596153589067759,0.7067049489612779
00000000000000000517,crop_loss,2000,116,186,0.020362890315046588,0.03596153589067759,0.6384714112965858
00000000000000000538,crop_loss,0,157,199,0.13533157052680822,0.09651244799182282,0.4162818114009302
0000000000000000057e,crop_loss,0,200,200,0.18338340734764527,0.2129508752685238,0.5373011738028711
0000000000000000057e,crop_loss,500,198,198,0.18338340734764527,0.21696867769851522,0.541944667711564
0000000000000000057e,crop_loss,1000,188,189,0.18338340734764527,0.21964326382920202,0.544984437846988
0000000000000000057e,crop_loss,2000,112,18,0.2016759398584568,0.28278705762111145,0.5837123972145138
000000000000000005d1,crop_loss,0,200,200,0.032080709438583654,0.024039219997602234,0.42835442308438637
000000000000000005d1,crop_loss,500,198,175,0.03320102505005753,0.02492643066622611,0.42882370058413677
000000000000000005d1,crop_loss,1000,186,110,0.03410945435505859,0.026202506567682547,0.43444958788213134
00000000000000000611,crop_loss,0,200,200,0.04028762398264929,0.13125244139819142,0.7651416076240218
00000000000000000611,crop_loss,500,195,197,0.04028762398264929,0.13125244139819142,0.7651416076240218
00000000000000000611,crop_loss,1000,173,183,0.04354854585398542,0.13125244139819142,0.7508678495510386
00000000000000000611,crop_loss,2000,118,130,0.04722492291854652,0.1336113970003763,0.738852665546067
0000000000000000062f,crop_loss,0,200,200,0.00658092239358612,0.013659653982601206,0.6748648718322409
0000000000000000062f,crop_loss,500,191,195,0.013323016456098102,0.014759751186973324,0.5255803620940213
0000000000000000062f,crop_loss,1000,183,174,0.013323016456098102,0.020653207477625758,0.6078723614874131
0000000000000000062f,crop_loss,2000,118,101,0.013323016456098102,0.02149338022242737,0.617334999375941
00000000000000000632,crop_loss,0,181,168,0.052551419147897,0.006521797618378522,0.11040193805716988
00000000000000000632,crop_loss,500,178,131,0.052551419147897,0.014005919587328775,0.21043388833252197
00000000000000000632,crop_loss,1000,169,77,0.052551419147897,0.019157700250669252,0.267158492686568
00000000000000000632,crop_loss,2000,120,37,0.052551419147897,0.019157700250669252,0.267158492686568
0000000000000000063e,crop_loss,0,200,200,0.04518466494583875,0.024571041390097536,0.35224417729230195
0000000000000000063e,crop_loss,500,199,197,0.04518466494583875,0.03517263113865234,0.4377030195395404
0000000000000000063e,crop_loss,1000,195,174,0.04518466494583875,0.04564160671501623,0.5025154713488552
0000000000000000063e,crop_loss,2000,148,118,0.050477469713876656,0.04597538012740965,0.47666170779386746
00000000000000000655,crop_loss,0,200,200,0.013631338306457842,0.026661473054478656,0.661693045317384
00000000000000000655,crop_loss,500,195,200,0.013631338306457842,0.026661473054478656,0.661693045317384
00000000000000000655,crop_loss,1000,179,200,0.01371300452652957,0.026661473054478656,0.6603546262691361
00000000000000000655,crop_loss,2000,106,173,0.01542881851811626,0.026661473054478656,0.6334352188523342
00000000000000000697,crop_loss,0,171,165,0.04904345053247383,0.0670017859475075,0.5773764436982162
00000000000000000697,crop_loss,500,166,163,0.04904345053247383,0.0670017859475075,0.5773764436982162
00000000000000000697,crop_loss,1000,165,154,0.05959899997644491,0.07750401171561774,0.5652976601938454
00000000000000000697,crop_loss,2000,129,107,0.0706900942165378,0.09696892665124932,0.5783698732628225
00000000000000000698,crop_loss,0,200,200,0.02995195208763184,0.034382928432265716,0.5344368117866838
00000000000000000698,crop_loss,500,192,196,0.037134639373687994,0.034382928432265716,0.4807619929843676
00000000000000000698,crop_loss,1000,145,180,0.043313194199379956,0.034382928432265716,0.44253081450191956
00000000000000000698,crop_loss,2000,75,134,0.05097350455899554,0.03479234009008399,0.40566661742836024
000000000000000006a8,crop_loss,0,200,200,0.026083437235505748,0.009943677835932797,0.2760053869409018
000000000000000006a8,crop_loss,500,200,186,0.026083437235505748,0.011842790933260617,0.3122586005718683
000000000000000006a8,crop_loss,1000,192,174,0.030251454517880583,0.013865037282171033,0.3142824081456207
000000000000000006a8,crop_loss,2000,154,112,0.037270624401076466,0.023907230647447285,0.39078242655114787
000000000000000006b4,crop_loss,0,200,200,0.014147563234786342,0.019925515801276904,0.5847876494989719
000000000000000006b4,crop_loss,500,196,200,0.014147563234786342,0.019925515801276904,0.5847876494989719
000000000000000006b4,crop_loss,1000,172,200,0.018394410214693457,0.019925515801276904,0.5199779298230558
000000000000000006b4,crop_loss,2000,83,187,0.025327580970620222,0.02194689533431613,0.4642440709927064
000000000000000006be,crop_loss,0,200,200,0.07985175089143551,0.04983628749465476,0.3842782118880108
000000000000000006be,crop_loss,500,193,188,0.09461030380867172,0.06936707993706685,0.4230283369089704
000000000000000006be,crop_loss,1000,172,164,0.09461030380867172,0.07221015678226421,0.4328615118675367
000000000000000006be,crop_loss,2000,110,89,0.0982370080268975,0.10043630470306712,0.5055349574760144
000000000000000006c0,crop_loss,0,200,200,0.012190624422863162,0.0057564625429549435,0.3207463447186674
000000000000000006c0,crop_loss,500,199,200,0.01438449394511041,0.0057564625429549435,0.2858087969198564
000000000000000006c0,crop_loss,1000,185,103,0.019810361207191752,0.012093968890444496,0.37906982698130537
000000000000000006cc,crop_loss,0,200,200,0.057490187929365597,0.03366575937985337,0.3693204927735888
000000000000000006cc,crop_loss,500,188,198,0.057490187929365597,0.03366575937985337,0.3693204927735888
000000000000000006cc,crop_loss,1000,164,183,0.057490187929365597,0.03366575937985337,0.3693204927735888
000000000000000006cc,crop_loss,2000,108,130,0.06319179425560413,0.03633897430689814,0.3651029207487057
000000000000000006ce,crop_loss,0,200,200,0.007593752763299566,0.010621947526400399,0.5831204596522396
000000000000000006ce,crop_loss,500,193,196,0.010216521355938802,0.010621947526400399,0.5097278300946991
000000000000000006ce,crop_loss,1000,174,182,0.011810674210127426,0.011059655015512338,0.4835809273191335
000000000000000006ce,crop_loss,2000,118,78,0.011810674210127426,0.013812478190901145,0.5390624063028099
000000000000000006d9,crop_loss,0,200,200,0.05795121230237303,0.01204199197716509,0.17204515925431652
000000000000000006d9,crop_loss,500,198,197,0.05795121230237301,0.014183773529519716,0.19662821536248332
000000000000000006d9,crop_loss,1000,196,181,0.06111905685298848,0.016164328016426265,0.2091565741268951
000000000000000006d9,crop_loss,2000,172,106,0.06696860309491297,0.017373604897216864,0.20598944835108
000000000000000006e5,crop_loss,0,200,200,0.009402081418624576,0.009185916160649033,0.49418535380042905
000000000000000006e5,crop_loss,500,195,194,0.012222255245806668,0.01097872348598521,0.47320087710213987
000000000000000006e5,crop_loss,1000,171,188,0.012374667827403218,0.011793981669923315,0.48798678928005246
000000000000000006e5,crop_loss,2000,100,151,0.012374667827403218,0.014247159507192885,0.5351683536818294
00000000000000000000,stable_crop,0,100,100,0.03147238615077987,0.036330317713907226,0.5358240253349675
00000000000000000000,stable_crop,500,96,97,0.03376809998752635,0.03793082093911084,0.529029174335732
00000000000000000000,stable_crop,1000,74,96,0.036855769297079344,0.03793082093911084,0.5071874626027333
00000000000000000000,stable_crop,2000,40,67,0.0427576708807889,0.046385349177699944,0.520347517357445
00000000000000000002,stable_built,0,100,100,0.08264769539779519,0.034701715763349614,0.29571273873203613
00000000000000000002,stable_built,500,98,95,0.08264769539779522,0.034701715763349614,0.2957127387320361
00000000000000000002,stable_built,1000,94,86,0.08264769539779522,0.034701715763349614,0.2957127387320361
00000000000000000002,stable_built,2000,67,69,0.08462401911491009,0.034701715763349614,0.2908150182227053
00000000000000000003,stable_crop,0,100,100,0.2082205432610816,0.024292291299205116,0.10447720593592458
00000000000000000003,stable_crop,500,100,97,0.2082205432610816,0.029395862679257624,0.12371141867415768
00000000000000000003,stable_crop,1000,96,94,0.2082205432610816,0.030229710658080933,0.12677575368907926
00000000000000000003,stable_crop,2000,84,55,0.2082205432610816,0.03425763511652733,0.1412813117683397
00000000000000000004,stable_nature,0,100,100,0.019124116391297095,0.09194143928795646,0.8278123557284179
00000000000000000004,stable_nature,500,85,99,0.02513292785623329,0.10459787301335502,0.8062686140178508
00000000000000000004,stable_nature,1000,34,98,0.02733137331448454,0.10459787301335502,0.7928330974668053
00000000000000000005,stable_crop,0,100,100,0.08987101875951826,0.006339952275947214,0.0658963547259519
00000000000000000005,stable_crop,500,98,94,0.08987101875951826,0.007540396088955181,0.07740772578457154
00000000000000000005,stable_crop,1000,93,80,0.0900511766237319,0.01826625463399254,0.16863633509146095
00000000000000000005,stable_crop,2000,79,32,0.13741479603554166,0.1558488099983495,0.5314290856118278
00000000000000000006,stable_crop,0,100,100,0.06313936309260053,0.028793698668212287,0.313202868656906
00000000000000000006,stable_crop,500,100,94,0.06313936309260053,0.029212534205937658,0.3163176400284278
00000000000000000006,stable_crop,1000,100,83,0.06313936309260053,0.031604982152122665,0.3335817253278166
00000000000000000006,stable_crop,2000,78,45,0.06740046538983895,0.0489278261700538,0.42060126142609283
00000000000000000007,stable_crop,0,100,100,0.04432703565910412,0.06485063225118741,0.5939917337662818
00000000000000000007,stable_crop,500,96,100,0.04432703565910412,0.06485063225118741,0.5939917337662818
00000000000000000007,stable_crop,1000,90,95,0.04432703565910412,0.06485063225118741,0.5939917337662818
00000000000000000007,stable_crop,2000,67,72,0.04863878511258131,0.06757820497931741,0.5814830079947724
00000000000000000008,stable_crop,0,100,100,0.03892427260667366,0.0280004469101921,0.41838721345283025
00000000000000000008,stable_crop,500,97,97,0.03892427260667366,0.0280004469101921,0.41838721345283025
00000000000000000008,stable_crop,1000,93,88,0.03892427260667366,0.02885162432408985,0.4256915161615278
00000000000000000008,stable_crop,2000,84,63,0.03965941568846345,0.02885162432408985,0.42112372426958095
00000000000000000009,stable_crop,0,100,100,0.09033921808697964,0.03889898057573497,0.30098671273616556
00000000000000000009,stable_crop,500,99,91,0.09033921808697964,0.05982245739206778,0.39838698656513477
00000000000000000009,stable_crop,1000,95,79,0.09033921808697964,0.06259016678832245,0.40927495287415755
00000000000000000009,stable_crop,2000,81,34,0.09205368457493243,0.07754109797445555,0.45721393552550743
0000000000000000000a,stable_crop,0,100,100,0.05077305988417054,0.014214521188348738,0.2187267313776167
0000000000000000000a,stable_crop,500,100,96,0.05077305988417054,0.016763593276917742,0.24821474698612972
0000000000000000000a,stable_crop,1000,98,94,0.06092476915155072,0.016763593276917742,0.2157799798153428
0000000000000000000a,stable_crop,2000,73,69,0.12027339752477251,0.01788920053085057,0.12947932930096645
0000000000000000000b,stable_nature,0,100,100,0.06144219835599629,0.06829678211705992,0.5264168245157219
0000000000000000000b,stable_nature,500,99,98,0.06795856409029896,0.06829678211705992,0.501241118367729
0000000000000000000b,stable_nature,1000,85,82,0.07052683766840942,0.07452051332600526,0.5137667997008856
0000000000000000000b,stable_nature,2000,42,34,0.09032414656227009,0.07738108190591017,0.4614112667341838
0000000000000000000c,stable_crop,0,100,100,0.07948908887726962,0.05896320538676414,0.4258738051237576
0000000000000000000c,stable_crop,500,100,96,0.07948908887726962,0.05896320538676414,0.4258738051237576
0000000000000000000c,stable_crop,1000,93,95,0.08607695811564002,0.05896320538676414,0.406530191103792
0000000000000000000c,stable_crop,2000,61,69,0.09170550271578035,0.059493258143451674,0.39347715421059026
0000000000000000000d,stable_nature,0,100,100,0.0850141332422579,0.08628540980036001,0.5037106828614785
0000000000000000000d,stable_nature,500,99,97,0.08501413324225793,0.08628540980036001,0.5037106828614785
0000000000000000000d,stable_nature,1000,95,90,0.09778374013573524,0.08923736787941408,0.47715131637284713
0000000000000000000d,stable_nature,2000,76,52,0.1093753205150223,0.09729332082053455,0.47076963486731305
0000000000000000000f,stable_nature,0,100,100,0.08637326378762031,0.08645738243712262,0.5002433557078542
0000000000000000000f,stable_nature,500,99,96,0.08637326378762031,0.09607613269765229,0.5265905755127067
0000000000000000000f,stable_nature,1000,96,81,0.08637326378762031,0.09607613269765229,0.5265905755127067
0000000000000000000f,stable_nature,2000,83,33,0.08637326378762031,0.10627526219020877,0.5516536482707778
00000000000000000012,stable_crop,0,98,75,0.13384502902583645,0.08143585769341795,0.37827723089620746
00000000000000000012,stable_crop,500,97,74,0.13384502902583645,0.08367028727296007,0.3846638880254261
00000000000000000012,stable_crop,1000,89,70,0.1405335481638365,0.08367028727296007,0.373188474271992
00000000000000000012,stable_crop,2000,62,52,0.1572853144663853,0.09208804396486805,0.36927779512535774
00000000000000000013,stable_nature,0,100,100,0.07911307447092744,0.1158166770786246,0.5941457174052228
00000000000000000013,stable_nature,500,96,98,0.07911307447092744,0.1158166770786246,0.5941457174052228
00000000000000000013,stable_nature,1000,85,95,0.07911307447092744,0.12147568964947539,0.6055956831956667
00000000000000000013,stable_nature,2000,59,73,0.09326521283878922,0.12475271395571866,0.5722131009562884
00000000000000000014,stable_crop,0,100,100,0.013716359516048571,0.011040016884750226,0.4459463980337631
00000000000000000014,stable_crop,500,98,99,0.014960991683830471,0.011040016884750226,0.42459956332871834
00000000000000000014,stable_crop,1000,89,92,0.014960991683830471,0.011311860080469183,0.4305531878122773
00000000000000000014,stable_crop,2000,67,72,0.014960991683830471,0.01304686904580008,0.46582883181547263
00000000000000000015,stable_crop,0,100,100,0.031209030220185265,0.01884180087829963,0.3764533068561482
00000000000000000015,stable_crop,500,98,97,0.031209030220185265,0.03214650979228413,0.5073985603382084
00000000000000000015,stable_crop,1000,92,95,0.033506530841708626,0.03214650979228413,0.4896423605268663
00000000000000000015,stable_crop,2000,58,80,0.03959065897374494,0.03214650979228413,0.44811511723695047
00000000000000000016,stable_nature,0,100,100,0.03652566929055743,0.06594643366021449,0.64355499458474
00000000000000000016,stable_nature,500,97,99,0.03652566929055743,0.06983805810546875,0.656596565526354
00000000000000000016,stable_nature,1000,92,87,0.03652566929055743,0.06983805810546881,0.6565965655263541
00000000000000000016,stable_nature,2000,69,58,0.041361872832304414,0.09744630021241318,0.7020213440913055
00000000000000000017,stable_crop,0,100,100,0.18535291840037169,0.01860021107533223,0.09119845879813673
00000000000000000017,stable_crop,500,100,97,0.18535291840037169,0.02487698181558422,0.1183322723832877
00000000000000000017,stable_crop,1000,89,91,0.18535291840037166,0.02487698181558422,0.11833227238328771
00000000000000000017,stable_crop,2000,66,70,0.19742733268851376,0.03219837437633333,0.14022112239854823
00000000000000000018,stable_nature,0,100,54,0.04324711240048338,0.5315987953007,0.9247674692956345
00000000000000000018,stable_nature,500,97,54,0.050339796355129994,0.5315987953007,0.9134963773191117
00000000000000000018,stable_nature,1000,91,54,0.050339796355130015,0.5315987953007,0.9134963773191117
00000000000000000018,stable_nature,2000,59,54,0.056145907764423984,0.5315987953007,0.9044722862281461
00000000000000000019,stable_nature,0,100,100,0.16027890610274848,0.09355577843739231,0.3685697193293892
00000000000000000019,stable_nature,500,97,97,0.19264773069961366,0.09355577843739231,0.32688550437122754
00000000000000000019,stable_nature,1000,93,96,0.19264773069961366,0.09355577843739231,0.32688550437122754
00000000000000000019,stable_nature,2000,63,96,0.19264773069961366,0.09355577843739231,0.32688550437122754
0000000000000000001a,stable_nature,0,100,100,0.10425003362998644,0.15488434087777683,0.597698939677102
0000000000000000001a,stable_nature,500,97,90,0.10425003362998644,0.15488434087777683,0.597698939677102
0000000000000000001a,stable_nature,1000,85,81,0.10425003362998644,0.15488434087777683,0.597698939677102
0000000000000000001a,stable_nature,2000,45,64,0.11129160394561917,0.2191663769417998,0.6632201054808314
0000000000000000001b,stable_nature,0,100,100,0.08067828030235642,0.06511893912475322,0.4466404735301715
0000000000000000001b,stable_nature,500,98,95,0.0836780701713931,0.06511893912475322,0.4376360750283043
0000000000000000001b,stable_nature,1000,94,91,0.08687269082110641,0.06511893912475322,0.4284376655972474
0000000000000000001b,stable_nature,2000,77,80,0.08687269082110641,0.06511893912475322,0.4284376655972474
0000000000000000001c,stable_nature,0,100,100,0.030404551351383424,0.03339341533085316,0.5234244454318564
0000000000000000001c,stable_nature,500,98,100,0.03385763029334739,0.03339341533085316,0.49654864129487764
0000000000000000001c,stable_nature,1000,87,97,0.047639733721374936,0.03339341533085316,0.4120957376211319
0000000000000000001c,stable_nature,2000,62,80,0.07313747556371666,0.03339341533085316,0.31346227418287603
0000000000000000001d,stable_nature,0,100,100,0.028873412489704896,0.07178102281467891,0.7131431674808619
0000000000000000001d,stable_nature,500,98,96,0.028873412489704896,0.07178102281467891,0.7131431674808619
0000000000000000001d,stable_nature,1000,94,90,0.0332864655208468,0.07178102281467891,0.6831896712403367
0000000000000000001d,stable_nature,2000,73,66,0.034188698791498065,0.0886481564711263,0.7216739331276062
0000000000000000001e,stable_crop,0,100,100,0.030804504953132472,0.02529376325149335,0.4508831388302422
0000000000000000001e,stable_crop,500,99,98,0.030804504953132472,0.030513542812162474,0.49762743472297943
0000000000000000001e,stable_crop,1000,93,96,0.030804504953132472,0.0343377876768169,0.527119729594885
0000000000000000001e,stable_crop,2000,61,78,0.033205678936147565,0.03735853699595844,0.5294260908584865
0000000000000000001f,stable_nature,0,100,100,0.06634459418220948,0.2524354421326411,0.791879708183876
0000000000000000001f,stable_nature,500,98,100,0.07738767929880001,0.2524354421326411,0.7653661181675172
0000000000000000001f,stable_nature,1000,95,100,0.07738767929880001,0.2524354421326411,0.7653661181675172
0000000000000000001f,stable_nature,2000,72,100,0.07991108093569328,0.2524354421326411,0.7595549362193202
00000000000000000020,stable_nature,0,100,100,0.031879492338485485,0.038308541572734375,0.5457987556774231
00000000000000000020,stable_nature,500,98,100,0.031879492338485485,0.038308541572734375,0.5457987556774231
00000000000000000020,stable_nature,1000,89,93,0.031879492338485485,0.038308541572734375,0.5457987556774231
00000000000000000020,stable_nature,2000,71,68,0.031879492338485485,0.038308541572734375,0.5457987556774231
00000000000000000021,stable_nature,0,100,100,0.03750606388353732,0.059488607861920076,0.6133183069831134
00000000000000000021,stable_nature,500,95,98,0.03750606388353732,0.06909750258991816,0.6481725225063217
00000000000000000021,stable_nature,1000,92,97,0.03750606388353732,0.06909750258991816,0.6481725225063217
00000000000000000021,stable_nature,2000,64,78,0.05310303637371243,0.06909750258991816,0.5654435174784095
00000000000000000022,stable_crop,0,100,100,0.03291735771824049,0.048834631479684386,0.5973509875197828
00000000000000000022,stable_crop,500,100,96,0.03291735771824049,0.049741423458534405,0.6017681696945801
00000000000000000022,stable_crop,1000,96,89,0.03291735771824049,0.05158447528105485,0.610453920932988
00000000000000000022,stable_crop,2000,75,59,0.03311748799262937,0.05751229970135459,0.6345849545064938
00000000000000000023,stable_built,0,100,100,0.22280321456562885,0.039229850001337586,0.14971335799174346
00000000000000000023,stable_built,500,100,68,0.22280321456562885,0.056865652411130306,0.20333207991882984
00000000000000000023,stable_built,1000,100,59,0.22280321456562885,0.0628425822547537,0.22000177476460422
00000000000000000023,stable_built,2000,92,57,0.22280321456562885,0.0628425822547537,0.22000177476460422
00000000000000000024,stable_nature,0,100,100,0.008898176850954908,0.08754300119634198,0.9077346727608534
00000000000000000024,stable_nature,500,93,100,0.010960788637533336,0.08754300119634198,0.8887272392574213
00000000000000000024,stable_nature,1000,80,100,0.014915543596848834,0.08754300119634198,0.8544236244247876
00000000000000000024,stable_nature,2000,46,84,0.015369556900095848,0.08754300119634198,0.8506542137788089
00000000000000000025,stable_crop,0,100,100,0.04072012316640461,0.014646981037582529,0.2645430214907865
00000000000000000025,stable_crop,500,100,98,0.04072012316640461,0.014993499243475882,0.269117292946792
00000000000000000025,stable_crop,1000,94,89,0.04072012316640461,0.01923375117994568,0.3208091451857228
00000000000000000025,stable_crop,2000,77,63,0.04072012316640461,0.021808940342537997,0.34878085674624254
00000000000000000026,stable_built,0,100,100,0.08605169916965807,0.03523099968169463,0.29048660703522267
00000000000000000026,stable_built,500,100,99,0.08605169916965807,0.03523099968169463,0.29048660703522267
00000000000000000026,stable_built,1000,100,96,0.08605169916965807,0.03523099968169463,0.29048660703522267
00000000000000000026,stable_built,2000,80,69,0.09327136687729379,0.03853600460942306,0.2923660807014442
00000000000000000027,stable_built,0,100,100,0.07486842044428932,0.05438965463715913,0.4207834179989621
00000000000000000027,stable_built,500,100,95,0.07486842044428932,0.05816402164547372,0.43721682268893924
00000000000000000027,stable_built,1000,93,81,0.07486842044428932,0.06235424623000252,0.4544019420461383
00000000000000000027,stable_built,2000,73,54,0.08127506510093459,0.08779944088570397,0.5192943807395966
00000000000000000028,stable_built,0,100,100,0.15824395046484735,0.024564838017188673,0.1343744916260861
00000000000000000028,stable_built,500,100,15,0.15824395046484735,0.03534905224127636,0.1825946792857695
00000000000000000029,stable_built,0,100,100,0.02254304585654785,0.03459478124403668,0.6054619679976824
00000000000000000029,stable_built,500,98,99,0.02254304585654785,0.03459478124403666,0.6054619679976821
00000000000000000029,stable_built,1000,93,94,0.02323832220367448,0.03804412799867376,0.6207997211670753
00000000000000000029,stable_built,2000,79,78,0.02323832220367448,0.050584154588438256,0.6852134578226112
0000000000000000002a,stable_built,0,100,100,0.16956930394557185,0.16958706939856427,0.5000261906503735
0000000000000000002a,stable_built,500,100,100,0.16956930394557185,0.16958706939856427,0.5000261906503735
0000000000000000002a,stable_built,1000,93,92,0.1902678722383172,0.22485122847377567,0.5416547397783564
0000000000000000002a,stable_built,2000,63,42,0.22059133284352211,0.2977741365447968,0.5744482496019682
0000000000000000002c,stable_nature,0,100,100,0.09734919190683064,0.07733170703095482,0.44270270819967933
0000000000000000002c,stable_nature,500,98,97,0.09734919190683064,0.08192186708144455,0.4569720709149461
0000000000000000002c,stable_nature,1000,95,83,0.09970716749470028,0.097410656724634,0.49417477648165575
0000000000000000002c,stable_nature,2000,78,10,0.11187616412371462,0.1253104892636862,0.5283201540791851
0000000000000000002e,stable_nature,0,100,100,0.13226173960200865,0.18117148875967182,0.5780225973681206
0000000000000000002e,stable_nature,500,98,100,0.13226173960200865,0.18117148875967182,0.5780225973681206
0000000000000000002e,stable_nature,1000,94,99,0.13226173960200865,0.18580565703855634,0.5841707103603064
0000000000000000002e,stable_nature,2000,68,81,0.14346992909473638,0.19540671106726742,0.5766308087015807
0000000000000000002f,stable_nature,0,100,100,0.0741627603828348,0.11028121447612509,0.5979117212142967
0000000000000000002f,stable_nature,500,97,97,0.0741627603828348,0.11028121447612509,0.5979117212142967
0000000000000000002f,stable_nature,1000,92,94,0.0741627603828348,0.11028121447612509,0.5979117212142967
0000000000000000002f,stable_nature,2000,68,86,0.0741627603828348,0.11028121447612509,0.5979117212142967
00000000000000000030,stable_nature,0,100,100,0.03095846938175053,0.3328841217754501,0.9149124645242822
00000000000000000030,stable_nature,500,96,100,0.05631833471625414,0.3328841217754501,0.8552981005701596
00000000000000000030,stable_nature,1000,89,100,0.0730063884765538,0.3328841217754501,0.8201328027303553
00000000000000000030,stable_nature,2000,66,19,0.0860847386245901,0.34006131702000025,0.7979924078021187
00000000000000000031,stable_nature,0,100,100,0.11123484846083972,0.08252750359088608,0.4259212520728951
00000000000000000031,stable_nature,500,99,88,0.11123484846083972,0.0967779802608653,0.46525005623512194
00000000000000000031,stable_nature,1000,95,38,0.11123484846083972,0.1200028972863733,0.5189589480648216
00000000000000000032,stable_nature,0,100,100,0.06735232189824443,0.1314328760478524,0.6611803967558536
00000000000000000032,stable_nature,500,95,99,0.06885861766531802,0.15414095161197072,0.6912163647258572
00000000000000000032,stable_nature,1000,82,99,0.08255671761974526,0.15414095161197072,0.6512144885568041
00000000000000000032,stable_nature,2000,48,75,0.10244694052274159,0.1705189413619658,0.6246895772613927
00000000000000000033,stable_nature,0,100,99,0.1016924783860135,0.04372491570671846,0.3006855952771001
00000000000000000033,stable_nature,500,98,98,0.10338235266258737,0.04372491570671846,0.29723151133941184
00000000000000000033,stable_nature,1000,91,96,0.10338235266258737,0.04372491570671846,0.29723151133941184
00000000000000000033,stable_nature,2000,73,78,0.11293907851675736,0.04775109330725873,0.2971625007611379
00000000000000000034,stable_built,0,100,100,0.11667741750730391,0.01645230840978913,0.12358102817631633
00000000000000000034,stable_built,500,99,98,0.11667741750730391,0.017846284252862145,0.1326627502753865
00000000000000000034,stable_built,1000,98,78,0.11667741750730391,0.02097070210288283,0.15235008049596727
00000000000000000035,stable_crop,0,100,100,0.14466685439615348,0.22249599594029065,0.6059872226610177
00000000000000000035,stable_crop,500,95,99,0.14466685439615348,0.26694598629621646,0.6485365856092845
00000000000000000035,stable_crop,1000,85,97,0.17236410610659422,0.26694598629621646,0.6076481986460753
00000000000000000035,stable_crop,2000,81,70,0.17236410610659422,0.2861849981121823,0.6241098182911674
00000000000000000036,stable_nature,0,100,100,0.040944843271923846,0.04986116976155135,0.5490954629031138
00000000000000000036,stable_nature,500,100,92,0.040944843271923846,0.05364244694129625,0.5671210880426695
00000000000000000036,stable_nature,1000,97,79,0.04298990868856447,0.07631170341740286,0.639653581118257
00000000000000000036,stable_nature,2000,76,42,0.0688991128658504,0.09377227524117301,0.5764521735002511
00000000000000000037,stable_nature,0,100,100,0.11004737361331354,0.07216799550536077,0.39605877294556147
00000000000000000037,stable_nature,500,99,89,0.11004737361331354,0.07475917903248827,0.4045266683555661
00000000000000000037,stable_nature,1000,92,84,0.11004737361331354,0.07613804033480262,0.40893665470277324
00000000000000000037,stable_nature,2000,72,47,0.11278747560753491,0.07792660670640854,0.4086043660778089
00000000000000000038,stable_nature,0,100,100,0.05923364604123886,0.06251975576787172,0.5134949400870045
00000000000000000038,stable_nature,500,97,94,0.05923364604123886,0.06485126626837154,0.5226361937222094
00000000000000000038,stable_nature,1000,88,73,0.05923364604123886,0.0679778214968049,0.5343686604035217
00000000000000000038,stable_nature,2000,61,53,0.05923364604123886,0.07682217490779511,0.5646371788532869
00000000000000000039,stable_built,0,100,100,0.10623822632377769,0.09192158997505899,0.46387603547215617
00000000000000000039,stable_built,500,97,97,0.10623822632377769,0.10859040266464415,0.505474541151548
00000000000000000039,stable_built,1000,90,95,0.10623822632377769,0.10896768937091865,0.5063415149098421
00000000000000000039,stable_built,2000,67,78,0.12384397997407932,0.10896768937091865,0.4680508055159985
0000000000000000003b,stable_crop,0,100,100,0.08065230336464746,0.040158573104173236,0.3324085900014565
0000000000000000003b,stable_crop,500,99,98,0.08065230336464746,0.049534217739705386,0.3804865305496568
0000000000000000003b,stable_crop,1000,93,92,0.08065230336464746,0.05459739180477772,0.403678483237842
0000000000000000003b,stable_crop,2000,76,73,0.08858308108298885,0.0629647668076663,0.4154778024474566
0000000000000000003c,stable_nature,0,100,100,0.026919937098709833,0.023103946092666906,0.46185830883652335
0000000000000000003c,stable_nature,500,96,100,0.026919937098709833,0.023103946092666906,0.46185830883652335
0000000000000000003c,stable_nature,1000,92,93,0.026919937098709833,0.023103946092666906,0.46185830883652335
0000000000000000003c,stable_nature,2000,70,64,0.03030133119804823,0.029081751821055834,0.48973125580580323
0000000000000000003d,stable_crop,0,100,100,0.07239699905578796,0.0258946265611812,0.2634469253955169
0000000000000000003d,stable_crop,500,100,98,0.07239699905578796,0.0258946265611812,0.2634469253955169
0000000000000000003d,stable_crop,1000,97,87,0.07239699905578796,0.03257089281592753,0.31029386448403795
0000000000000000003d,stable_crop,2000,67,61,0.08991817983836518,0.039675702893562016,0.30615413364323263
0000000000000000003e,stable_nature,0,100,100,0.048554416726171556,0.1510892593753294,0.7567946169141727
0000000000000000003e,stable_nature,500,97,97,0.05648750193314671,0.1510892593753294,0.7278717445160948
0000000000000000003e,stable_nature,1000,94,85,0.05648750193314671,0.1510892593753294,0.7278717445160948
0000000000000000003e,stable_nature,2000,74,36,0.05648750193314671,0.1709656372478074,0.7516521331061569
0000000000000000003f,stable_crop,0,100,100,0.16924714099751761,0.014277789915292226,0.07779754959830286
0000000000000000003f,stable_crop,500,100,90,0.16924714099751761,0.023146736123996713,0.1203091099892806
0000000000000000003f,stable_crop,1000,93,80,0.19225009993414563,0.024050904612667123,0.11119183039832224
0000000000000000003f,stable_crop,2000,76,42,0.2225127841379265,0.02826517314338244,0.11270995844169596
00000000000000000040,stable_built,0,100,100,0.22936739214123847,0.06804929938965036,0.22880121165746395
00000000000000000040,stable_built,500,98,93,0.22936739214123847,0.06804929938965036,0.22880121165746395
00000000000000000040,stable_built,1000,94,76,0.22936739214123847,0.06804929938965036,0.22880121165746395
00000000000000000040,stable_built,2000,73,36,0.24630601809557415,0.07468891856493876,0.23267942897086175
00000000000000000041,stable_crop,0,100,100,0.02428239416361322,0.011665273719286917,0.32450710730281995
00000000000000000041,stable_crop,500,99,97,0.02428239416361322,0.013922816936126048,0.3644219344689511
00000000000000000041,stable_crop,1000,97,89,0.02639750639341183,0.028336074649315403,0.5177091304637534
00000000000000000041,stable_crop,2000,85,67,0.03739319317891854,0.0921959398176101,0.7114480796732264
00000000000000000042,stable_crop,0,100,100,0.1026676859413805,0.09765542864075145,0.48748956826060874
00000000000000000042,stable_crop,500,100,98,0.1026676859413805,0.09765542864075152,0.4874895682606089
00000000000000000042,stable_crop,1000,97,88,0.1026676859413805,0.10166540653383416,0.49754743738177654
00000000000000000042,stable_crop,2000,72,58,0.12448756594263628,0.1081795224733739,0.4649541248373009
00000000000000000043,stable_nature,0,100,100,0.12840068879274744,0.09656274914443733,0.42923752423703065
00000000000000000043,stable_nature,500,100,97,0.12840068879274744,0.10443600676135896,0.4485375748542251
00000000000000000043,stable_nature,1000,100,90,0.12840068879274744,0.10443600676135896,0.4485375748542251
00000000000000000043,stable_nature,2000,90,56,0.14282622762111824,0.11083166673832182,0.43693363858344353
00000000000000000044,stable_crop,0,100,100,0.04881128313231538,0.04532937192120372,0.48150686751597804
00000000000000000044,stable_crop,500,100,98,0.04881128313231538,0.04532937192120372,0.48150686751597804
00000000000000000044,stable_crop,1000,93,95,0.04881128313231538,0.04532937192120372,0.48150686751597804
00000000000000000044,stable_crop,2000,54,70,0.0648981724926897,0.0470202112318268,0.42012946994611183
00000000000000000045,stable_built,0,100,100,0.1686852777896662,0.03967761976224775,0.1904255519012044
00000000000000000045,stable_built,500,99,73,0.1686852777896662,0.06237310461253938,0.269945214554891
00000000000000000045,stable_built,1000,94,44,0.1686852777896662,0.06627894688896789,0.28208101458567586
00000000000000000045,stable_built,2000,67,5,0.18144037021008713,0.1748367650634128,0.49073248814776393
00000000000000000046,stable_crop,0,100,100,0.040975726854099184,0.0207398870650388,0.3360557523072992
00000000000000000046,stable_crop,500,99,99,0.045817372624455954,0.0207398870650388,0.31160969008465245
00000000000000000046,stable_crop,1000,98,92,0.04598854168952693,0.022348483802610696,0.32703331234185656
00000000000000000046,stable_crop,2000,73,62,0.0951319583359395,0.02609147354107355,0.215234572531566
00000000000000000047,stable_nature,0,100,100,0.07441141312886479,0.09651941059549515,0.564669428789368
00000000000000000047,stable_nature,500,98,100,0.08019836242387199,0.09651941059549515,0.5461782872533769
00000000000000000047,stable_nature,1000,94,91,0.08019836242387199,0.09651941059549515,0.5461782872533769
00000000000000000047,stable_nature,2000,62,65,0.08268837602075692,0.09651941059549515,0.5385893794985545
00000000000000000048,stable_crop,0,100,100,0.02444700351162723,0.01449300192920704,0.3721879790401063
00000000000000000048,stable_crop,500,95,95,0.04401435916634244,0.02056735475699516,0.31847025275748153
00000000000000000048,stable_crop,1000,83,86,0.05820166979558354,0.020649015432311745,0.2618749015607133
00000000000000000048,stable_crop,2000,41,59,0.06166122408039763,0.03066934975332016,0.33216894988892604
0000000000000000004b,stable_crop,0,100,100,0.12059054209653682,0.062355205233462455,0.34083987271179744
0000000000000000004b,stable_crop,500,99,98,0.12059054209653682,0.06424190742758162,0.34756833874482224
0000000000000000004b,stable_crop,1000,98,86,0.12059054209653682,0.06877458584681162,0.3631850626004564
0000000000000000004b,stable_crop,2000,83,52,0.15819654446340864,0.07828333407594035,0.331035919669518
0000000000000000004c,stable_nature,0,100,100,0.04187777094820955,0.053051966902491324,0.5588550869630446
0000000000000000004c,stable_nature,500,93,99,0.043351405549642986,0.053051966902491324,0.5503123547703903
0000000000000000004c,stable_nature,1000,88,91,0.05226317165511034,0.053051966902491324,0.5037449281137396
0000000000000000004c,stable_nature,2000,64,72,0.05410680754837873,0.0570567032792616,0.5132682735004211
0000000000000000004d,stable_crop,0,100,100,0.050725334097240136,0.02503973753799833,0.33049183478923566
0000000000000000004d,stable_crop,500,99,78,0.06436760325115332,0.028178806143836388,0.30448297592253704
0000000000000000004d,stable_crop,1000,97,64,0.06436760325115332,0.028178806143836388,0.30448297592253704
0000000000000000004e,stable_crop,0,100,100,0.044719737147212155,0.04463332789861178,0.49951647294049123
0000000000000000004e,stable_crop,500,100,98,0.044719737147212155,0.04463332789861178,0.49951647294049123
0000000000000000004e,stable_crop,1000,92,92,0.045947601637583754,0.04463332789861178,0.49274530661869453
0000000000000000004e,stable_crop,2000,77,65,0.05119748805203221,0.05250763840104113,0.5063167096594262
00000000000000000050,stable_crop,0,100,100,0.06311640229270135,0.004832221350321464,0.07111580913893222
00000000000000000050,stable_crop,500,97,88,0.06946059579078676,0.009118783296037413,0.11604549949224992
00000000000000000050,stable_crop,1000,85,65,0.09298278013260888,0.01122680708799415,0.10773295804463941
00000000000000000050,stable_crop,2000,52,18,0.11310354035184841,0.026395920215619317,0.1892187977505758
00000000000000000051,stable_crop,0,100,100,0.04812429467225765,0.02321947340611481,0.3254590279039134
00000000000000000051,stable_crop,500,100,100,0.04812429467225765,0.02321947340611481,0.3254590279039134
00000000000000000051,stable_crop,1000,90,89,0.06113756100503407,0.02321947340611481,0.2752523671312324
00000000000000000051,stable_crop,2000,74,49,0.07531539669353937,0.02706613605706023,0.26436541170690125
00000000000000000052,stable_built,0,100,100,0.06796765013597181,0.03526120300615902,0.34158282236525467
00000000000000000052,stable_built,500,99,98,0.06796765013597181,0.03526120300615902,0.34158282236525467
00000000000000000052,stable_built,1000,88,93,0.06796765013597181,0.03526120300615902,0.34158282236525467
00000000000000000052,stable_built,2000,53,50,0.07736150674145452,0.042799787619558806,0.35618614002787513
00000000000000000053,stable_nature,0,100,100,0.06949177742727368,0.0514067049344961,0.42520554377386127
00000000000000000053,stable_nature,500,97,93,0.06949177742727368,0.0514067049344961,0.42520554377386127
00000000000000000053,stable_nature,1000,90,53,0.06949177742727368,0.06657160621578359,0.48926907763763516
00000000000000000054,stable_built,0,100,100,0.08547545685538718,0.03224212627957364,0.2738938858635485
00000000000000000054,stable_built,500,100,100,0.08547545685538718,0.03224212627957364,0.2738938858635485
00000000000000000054,stable_built,1000,99,94,0.08547545685538718,0.032417001060776184,0.2749709492320013
00000000000000000054,stable_built,2000,83,88,0.08547545685538718,0.032417001060776184,0.2749709492320013
00000000000000000055,stable_crop,0,100,100,0.02829994142449772,0.0210494687067861,0.4265394186143631
00000000000000000055,stable_crop,500,100,98,0.02829994142449772,0.024431899609434104,0.4633234707896766
00000000000000000055,stable_crop,1000,96,94,0.02829994142449772,0.025137330415532077,0.47040819168899495
00000000000000000055,stable_crop,2000,77,70,0.02829994142449772,0.028359642247934615,0.5005268378142433
00000000000000000056,stable_nature,0,100,100,0.030505487410334875,0.03868085741353289,0.5590822511500818
00000000000000000056,stable_nature,500,97,98,0.030505487410334896,0.043679102557099767,0.5887894315475102
00000000000000000056,stable_nature,1000,89,95,0.03250535796912479,0.047679014802817464,0.5946172945422908
00000000000000000056,stable_nature,2000,58,85,0.03430590538332803,0.052021870864694855,0.6026087213764374
00000000000000000057,stable_crop,0,100,100,0.07697353246221669,0.01827487712336695,0.19186543064275044
00000000000000000057,stable_crop,500,100,97,0.07697353246221669,0.02615347762005178,0.25360453676427264
00000000000000000057,stable_crop,1000,99,93,0.07697353246221672,0.04049489705061937,0.344730045495753
00000000000000000057,stable_crop,2000,70,67,0.08122503245480917,0.0489872095343558,0.3762104759555237
00000000000000000058,stable_built,0,100,100,0.03490254633092234,0.04833035295012415,0.5806640567253327
00000000000000000058,stable_built,500,97,100,0.03868728603528839,0.04833035295012415,0.5554086908479641
00000000000000000058,stable_built,1000,96,100,0.03878059711236215,0.04833035295012415,0.5548137509107761
00000000000000000058,stable_built,2000,76,93,0.03878059711236215,0.04870279772464303,0.5567090510699432
00000000000000000059,stable_nature,0,100,100,0.018179209860029612,0.006795965932996184,0.27210883274830916
00000000000000000059,stable_nature,500,99,96,0.023311613443505408,0.014035603493970261,0.3758139064844366
00000000000000000059,stable_nature,1000,95,89,0.027448313868887374,0.019712167590073614,0.417980626572041
00000000000000000059,stable_nature,2000,76,64,0.027448313868887374,0.028471015932112098,0.5091444413393895
0000000000000000005b,stable_built,0,100,100,0.3088182496353026,0.15440574309097446,0.33332846639029945
0000000000000000005b,stable_built,500,96,93,0.3088182496353026,0.17061476013445204,0.35586777851619583
0000000000000000005b,stable_built,1000,91,75,0.3088182496353026,0.29136257952645606,0.4854579909406663
0000000000000000005b,stable_built,2000,63,34,0.32428036396249266,0.3656667208286917,0.5299924137498638
0000000000000000005c,stable_nature,0,98,97,0.008822588404259157,0.010599857464721385,0.5457529672462413
0000000000000000005c,stable_nature,500,95,95,0.01577253679625794,0.010599857464721385,0.4019300393974102
0000000000000000005c,stable_nature,1000,93,82,0.0195762310936747,0.011853886483892318,0.37715056121761953
0000000000000000005c,stable_nature,2000,68,52,0.02200696294359279,0.02181905785069076,0.4978562382519308
0000000000000000005d,stable_nature,0,100,100,0.06390728081324717,0.07356657539071369,0.5351313873165288
0000000000000000005d,stable_nature,500,97,100,0.06390728081324717,0.07356657539071369,0.5351313873165288
0000000000000000005d,stable_nature,1000,92,94,0.06438243213598752,0.08981889034976923,0.5824780806110346
0000000000000000005d,stable_nature,2000,63,83,0.06850879861510573,0.08981889034976923,0.5672974255888259
0000000000000000005e,stable_nature,0,100,100,0.029808671370648333,0.03438347016949008,0.5356336358938104
0000000000000000005e,stable_nature,500,99,87,0.029808671370648333,0.03438347016949006,0.5356336358938104
0000000000000000005e,stable_nature,1000,91,87,0.029808671370648333,0.03438347016949006,0.5356336358938104
0000000000000000005e,stable_nature,2000,68,82,0.03329983777590793,0.03438347016949006,0.5080051671930716
0000000000000000005f,stable_crop,0,100,100,0.02267925272767877,0.009069606973939126,0.28566717226670285
0000000000000000005f,stable_crop,500,100,95,0.02267925272767877,0.009093599174134704,0.2862065766696086
0000000000000000005f,stable_crop,1000,96,79,0.024197788878755545,0.009864356792036188,0.2895988082220337
0000000000000000005f,stable_crop,2000,80,41,0.024197788878755545,0.011541959719909189,0.3229446253020779
00000000000000000060,stable_nature,0,100,100,0.015358381715298974,0.058426869206055956,0.7918502475181554
00000000000000000060,stable_nature,500,98,100,0.015358381715298974,0.058426869206055956,0.7918502475181554
00000000000000000060,stable_nature,1000,94,100,0.017190055689934324,0.058426869206055956,0.7726692044889208
00000000000000000060,stable_nature,2000,71,100,0.02170212823983504,0.058426869206055956,0.7291601176562944
00000000000000000061,stable_nature,0,100,100,0.027629285330821807,0.007845214387590515,0.22115081113596266
00000000000000000061,stable_nature,500,98,92,0.027629285330821807,0.009533799522803133,0.25653950849606755
00000000000000000061,stable_nature,1000,93,82,0.027629285330821807,0.013099651991528561,0.32163009526934994
00000000000000000061,stable_nature,2000,79,39,0.03424571465231816,0.03000442797052665,0.46699395122262755
00000000000000000062,stable_nature,0,98,97,0.08941483526341243,0.15475225121252562,0.6337965261634155
00000000000000000062,stable_nature,500,96,69,0.08941483526341247,0.1790028802577301,0.6668817663898329
00000000000000000062,stable_nature,1000,89,14,0.08941483526341247,0.27887212392103633,0.7572142237613466
00000000000000000063,stable_crop,0,100,100,0.04817501185377913,0.06958666510374449,0.5909109559322371
00000000000000000063,stable_crop,500,99,97,0.04817501185377913,0.06958666510374449,0.5909109559322371
00000000000000000063,stable_crop,1000,89,85,0.04817501185377913,0.07138464490513725,0.5970629796009057
00000000000000000063,stable_crop,2000,64,66,0.06370568247792448,0.07138464490513725,0.5284215849310272
00000000000000000064,stable_nature,0,100,100,0.02242151697573689,0.020621932143071554,0.47909571757764674
00000000000000000064,stable_nature,500,97,96,0.02242151697573689,0.020621932143071554,0.47909571757764674
00000000000000000064,stable_nature,1000,92,89,0.02242151697573689,0.020621932143071554,0.47909571757764674
00000000000000000064,stable_nature,2000,70,45,0.027100184753463985,0.02389933216693354,0.4686187950322772
00000000000000000065,stable_nature,0,100,100,0.04457987548208273,0.020250473035040618,0.31236100835366615
00000000000000000065,stable_nature,500,100,97,0.04457987548208273,0.028002962956723464,0.3858069422284532
00000000000000000065,stable_nature,1000,94,90,0.05745547117324388,0.033376456859772044,0.3674529164158311
00000000000000000065,stable_nature,2000,72,61,0.07196770097684498,0.06802222153639419,0.4859079876230038
00000000000000000066,stable_nature,0,100,100,0.012358371106479504,0.010701874858604233,0.4640832918410413
00000000000000000066,stable_nature,500,100,100,0.012358371106479504,0.010701874858604233,0.4640832918410413
00000000000000000066,stable_nature,1000,92,96,0.012496590251646577,0.010701874858604233,0.4613182297743496
00000000000000000066,stable_nature,2000,77,80,0.012496590251646577,0.012249281422785963,0.4950030285232155
00000000000000000067,stable_built,0,100,100,0.16726931768373637,0.15500336922262742,0.48096961213217126
00000000000000000067,stable_built,500,96,96,0.20115441695109865,0.15500336922262742,0.43520982901265265
00000000000000000067,stable_built,1000,90,81,0.20246819945703573,0.16696677735206963,0.4519517312457744
00000000000000000067,stable_built,2000,52,60,0.2673824597451061,0.17723197294714418,0.39861947772041983
00000000000000000068,stable_nature,0,100,100,0.025229764854501992,0.037871233445897864,0.6001685308528266
00000000000000000068,stable_nature,500,99,98,0.025229764854501992,0.04265261396765163,0.6283311620349917
00000000000000000068,stable_nature,1000,93,96,0.025229764854501992,0.04720777235270217,0.6517031662329277
00000000000000000068,stable_nature,2000,71,73,0.02738887605242084,0.04763949666985372,0.6349530842893446
00000000000000000069,stable_nature,0,100,100,0.03856232445143437,0.08291999530977845,0.6825684220723186
00000000000000000069,stable_nature,500,100,98,0.03856232445143437,0.08676315722167974,0.6923026032909364
00000000000000000069,stable_nature,1000,98,90,0.03856232445143437,0.0932799883172869,0.7075117718862518
00000000000000000069,stable_nature,2000,89,48,0.03856232445143437,0.09332053561129039,0.7076016971894501
0000000000000000006a,stable_built,0,100,100,0.07589764139725456,0.01987151823427833,0.2074939188202707
0000000000000000006a,stable_built,500,100,83,0.07589764139725456,0.02189522359578302,0.22389387607283995
0000000000000000006a,stable_built,1000,100,58,0.07589764139725456,0.024527551192420026,0.24423703415130554
0000000000000000006b,stable_crop,0,100,100,0.10884230946646078,0.04031402876007737,0.2702803597831577
0000000000000000006b,stable_crop,500,100,97,0.10884230946646078,0.0418647385462068,0.2777888565796212
0000000000000000006b,stable_crop,1000,96,82,0.10884230946646078,0.04789073226656178,0.3055560699691696
0000000000000000006b,stable_crop,2000,73,46,0.11049202555685719,0.05564141740579254,0.3349200282207296
0000000000000000006c,stable_nature,0,100,100,0.07493344559169364,0.14471458168967968,0.6588476276349101
0000000000000000006c,stable_nature,500,98,98,0.07493344559169364,0.14471458168967968,0.6588476276349101
0000000000000000006c,stable_nature,1000,89,96,0.07493344559169364,0.14471458168967968,0.6588476276349101
0000000000000000006c,stable_nature,2000,64,81,0.08463158448927441,0.14471458168967968,0.6309875769893223
0000000000000000006d,stable_nature,0,100,100,0.10940740652155749,0.07514054176635825,0.4071599953456178
0000000000000000006d,stable_nature,500,100,84,0.10940740652155749,0.07514054176635825,0.4071599953456178
0000000000000000006d,stable_nature,1000,98,69,0.10940740652155749,0.07514054176635825,0.4071599953456178
0000000000000000006d,stable_nature,2000,75,55,0.18790687682446466,0.08086006901984943,0.3008557051743542
0000000000000000006e,stable_crop,0,100,100,0.0846441126554833,0.1145618360397008,0.5750924447262518
0000000000000000006e,stable_crop,500,98,100,0.0846441126554833,0.1145618360397008,0.5750924447262518
0000000000000000006e,stable_crop,1000,87,99,0.0846441126554833,0.1145618360397008,0.5750924447262518
0000000000000000006e,stable_crop,2000,75,76,0.08881886525260604,0.11518049192643429,0.5646120336780344
0000000000000000006f,stable_nature,0,100,100,0.08867191492764928,0.07717932603231374,0.4653527196126299
0000000000000000006f,stable_nature,500,98,97,0.09263377140566778,0.07717932603231374,0.4544957202729688
0000000000000000006f,stable_nature,1000,95,90,0.09263377140566778,0.07916194003136152,0.46079113016693124
0000000000000000006f,stable_nature,2000,77,55,0.09745363170751727,0.09280074979050779,0.48777194543077235
00000000000000000070,stable_nature,0,100,100,0.08481590339978118,0.09063593338793867,0.5165858337355738
00000000000000000070,stable_nature,500,99,97,0.08998231708355948,0.1042457088528171,0.536718160778858
00000000000000000070,stable_nature,1000,97,80,0.08998231708355948,0.1042457088528171,0.536718160778858
00000000000000000070,stable_nature,2000,75,54,0.09117083568322641,0.11074133756873716,0.5484629073354385
00000000000000000071,stable_built,0,100,100,0.07730507435664968,0.08945092764129632,0.5364180393450648
00000000000000000071,stable_built,500,99,98,0.07847518312075283,0.08945092764129632,0.532680279647013
00000000000000000071,stable_built,1000,92,91,0.07847518312075283,0.09236638742019465,0.5406552230068356
00000000000000000071,stable_built,2000,75,61,0.08569965900849745,0.10136292371423916,0.5418663756179235
00000000000000000072,stable_nature,0,100,100,0.03100800350582058,0.022078875476039463,0.4159008007076096
00000000000000000072,stable_nature,500,91,97,0.03384278474165903,0.02469889956375222,0.42190278357001926
00000000000000000072,stable_nature,1000,87,90,0.03384278474165903,0.02469889956375222,0.42190278357001926
00000000000000000072,stable_nature,2000,72,69,0.03817429544542124,0.02469889956375222,0.3928367177738575
00000000000000000074,stable_crop,0,100,100,0.04367441152037397,0.029231610342935466,0.4009491890442258
00000000000000000074,stable_crop,500,98,91,0.043899554723480505,0.03067396186464182,0.41132513615585725
00000000000000000074,stable_crop,1000,92,74,0.043899554723480505,0.031338627360234114,0.41652557905968945
00000000000000000074,stable_crop,2000,74,15,0.043899554723480505,0.05130869123243229,0.5389101617905283
00000000000000000075,stable_nature,0,100,100,0.0310883707835486,0.1123794646121001,0.7833077309726052
00000000000000000075,stable_nature,500,97,99,0.03231793776920675,0.13197054478023254,0.8032854326213367
00000000000000000075,stable_nature,1000,90,99,0.03410396833546394,0.13197054478023254,0.7946465854607087
00000000000000000075,stable_nature,2000,43,96,0.03644847413930863,0.13197054478023254,0.7835845715411467
00000000000000000077,stable_crop,0,100,100,0.05177928063706048,0.011361509228175738,0.17993929522017538
00000000000000000077,stable_crop,500,96,66,0.05177928063706048,0.013514590632887869,0.2069809979072417
0000000000000000007a,stable_crop,0,100,100,0.08813223189369127,0.010946701936627324,0.11048465615570745
0000000000000000007a,stable_crop,500,100,96,0.08813223189369127,0.016214369190839916,0.15538952895599603
0000000000000000007a,stable_crop,1000,96,87,0.08813223189369127,0.018830121858179383,0.176044385688119
0000000000000000007a,stable_crop,2000,76,59,0.09096551563194658,0.023627574195471502,0.2061867275840927
0000000000000000007b,stable_nature,0,100,100,0.08814089249131558,0.038755580296336654,0.30541101296711837
0000000000000000007b,stable_nature,500,99,92,0.08814089249131558,0.038755580296336654,0.30541101296711837
0000000000000000007b,stable_nature,1000,95,91,0.08814089249131558,0.038755580296336654,0.30541101296711837
0000000000000000007b,stable_nature,2000,72,78,0.08814089249131558,0.038755580296336654,0.30541101296711837
0000000000000000007c,stable_nature,0,100,100,0.0689934077994897,0.09473659869225244,0.5786147617141391
0000000000000000007c,stable_nature,500,99,100,0.0689934077994897,0.09473659869225244,0.5786147617141391
0000000000000000007c,stable_nature,1000,94,97,0.06930009643843422,0.09473659869225244,0.5775329636835164
0000000000000000007c,stable_nature,2000,77,69,0.06930009643843422,0.10668630622202493,0.6062190294738555
0000000000000000007d,stable_nature,0,100,100,0.14996658964119908,0.1181232882925283,0.4406107727845216
0000000000000000007d,stable_nature,500,97,100,0.14996658964119908,0.1181232882925283,0.4406107727845216
0000000000000000007d,stable_nature,1000,95,96,0.14996658964119908,0.1181232882925283,0.4406107727845216
0000000000000000007d,stable_nature,2000,72,76,0.17591496100340387,0.1433786806813001,0.4490495956146681
0000000000000000007e,stable_nature,0,100,9,0.014716715802331536,0.08045489126477509,0.8453665304527224
0000000000000000007e,stable_nature,500,99,9,0.014716715802331536,0.08045489126477509,0.8453665304527224
0000000000000000007e,stable_nature,1000,94,9,0.014727097984943916,0.08045489126477509,0.8452743202587283
0000000000000000007e,stable_nature,2000,72,9,0.014727097984943916,0.08045489126477509,0.8452743202587283
0000000000000000007f,stable_crop,0,100,100,0.0686933168999964,0.05176833634960516,0.42974950909821286
0000000000000000007f,stable_crop,500,95,97,0.0686933168999964,0.06417457600939178,0.4829953618115542
0000000000000000007f,stable_crop,1000,87,94,0.07559527254236305,0.06417457600939178,0.45914463436775976
0000000000000000007f,stable_crop,2000,72,59,0.09700419787425343,0.15786716682617316,0.6193993860828947
00000000000000000080,stable_nature,0,100,100,0.08745732697422208,0.10311114819913507,0.5410713818473669
00000000000000000080,stable_nature,500,99,91,0.08745732697422208,0.10824767338019214,0.5531165436938589
00000000000000000080,stable_nature,1000,96,63,0.09104957284099002,0.10891711479719239,0.5446762962525097
00000000000000000081,stable_crop,0,100,100,0.06568878779766843,0.05483533398139597,0.4549739352713221
00000000000000000081,stable_crop,500,99,99,0.06568878779766847,0.05483533398139597,0.454973935271322
00000000000000000081,stable_crop,1000,94,97,0.06568878779766847,0.05483533398139597,0.454973935271322
00000000000000000081,stable_crop,2000,66,88,0.0692003189147105,0.05714318754190424,0.4522843250442351
00000000000000000082,stable_built,0,100,100,0.15711347520230295,0.06812394710504692,0.3024539457381344
00000000000000000082,stable_built,500,100,96,0.15711347520230295,0.06812394710504692,0.3024539457381344
00000000000000000082,stable_built,1000,97,86,0.15711347520230295,0.06967046592995636,0.30721075567258826
00000000000000000082,stable_built,2000,82,52,0.16493749159076138,0.06967046592995636,0.29696548516904825
00000000000000000083,stable_built,0,100,100,0.05773306230230515,0.026574312112912012,0.31520744533826023
00000000000000000083,stable_built,500,98,100,0.05773306230230515,0.026574312112912012,0.31520744533826023
00000000000000000083,stable_built,1000,90,98,0.05773306230230515,0.027815225961060498,0.3251406489292279
00000000000000000083,stable_built,2000,66,82,0.05850561393040847,0.027815225961060498,0.3222307150360249
00000000000000000084,stable_crop,0,100,100,0.03692924203899954,0.03961546373374776,0.5175467504028836
00000000000000000084,stable_crop,500,98,99,0.04207191033272919,0.04457376352599753,0.5144372654791667
00000000000000000084,stable_crop,1000,95,77,0.04228185226686378,0.04457376352599753,0.5131938000622392
00000000000000000086,stable_nature,0,100,100,0.11067116778959518,0.18289693736162432,0.6230136522044502
00000000000000000086,stable_nature,500,98,99,0.11067116778959518,0.18289693736162432,0.6230136522044502
00000000000000000086,stable_nature,1000,93,90,0.11067116778959518,0.18289693736162432,0.6230136522044502
00000000000000000086,stable_nature,2000,67,55,0.11199802948907862,0.22005672117533495,0.6627121603722196
00000000000000000088,stable_nature,0,100,100,0.07526216934813128,0.09904735058182537,0.5682268565770685
00000000000000000088,stable_nature,500,98,99,0.07854829313537941,0.09904735058182537,0.5577127259888546
00000000000000000088,stable_nature,1000,91,94,0.07854829313537941,0.10050315482813281,0.5613088080027837
00000000000000000088,stable_nature,2000,66,60,0.08530164128251443,0.11062591842293057,0.5646266333775581
00000000000000000089,stable_nature,0,100,100,0.04798824044929258,0.1395473839334263,0.7441113356036118
00000000000000000089,stable_nature,500,90,99,0.06042627687555398,0.1395473839334263,0.6978288208967057
00000000000000000089,stable_nature,1000,80,95,0.06042627687555398,0.1395473839334263,0.6978288208967057
00000000000000000089,stable_nature,2000,51,68,0.07237694744276338,0.17032676820955642,0.7017888776488809
0000000000000000008a,stable_nature,0,100,100,0.019643920169159633,0.015421298790603744,0.43978903448056555
0000000000000000008a,stable_nature,500,98,97,0.023721679661009177,0.01614417188624706,0.40496242421173667
0000000000000000008a,stable_nature,1000,96,89,0.023721679661009177,0.01707658524289053,0.41856155605381395
0000000000000000008a,stable_nature,2000,70,52,0.024140931458292103,0.021412288036263473,0.4700499388051502
0000000000000000008d,stable_nature,0,100,100,0.03010966494172542,0.029268598636769182,0.49291772565199526
0000000000000000008d,stable_nature,500,96,100,0.03010966494172542,0.029268598636769182,0.49291772565199526
0000000000000000008d,stable_nature,1000,89,66,0.030950191225485146,0.029268598636769182,0.4860376421252025
0000000000000000008f,stable_crop,0,100,100,0.09085910065354574,0.04080109571892725,0.3098969684291606
0000000000000000008f,stable_crop,500,100,92,0.09085910065354574,0.041338370529087266,0.3127016739349342
0000000000000000008f,stable_crop,1000,98,73,0.09495606844089717,0.044608283250042534,0.31962519589892385
0000000000000000008f,stable_crop,2000,86,29,0.12565448642403082,0.05858971350498916,0.3180003144047022
00000000000000000090,stable_nature,0,100,100,0.051035671199791285,0.016557131349301014,0.24495405908093099
00000000000000000090,stable_nature,500,96,94,0.059135000348459046,0.024531039678239643,0.2932018734258049
00000000000000000090,stable_nature,1000,94,83,0.059135000348459046,0.024531039678239643,0.2932018734258049
00000000000000000090,stable_nature,2000,71,44,0.059135000348459046,0.024531039678239643,0.2932018734258049
00000000000000000091,stable_nature,0,100,100,0.08423194386602592,0.05025641674930299,0.37368599423020327
00000000000000000091,stable_nature,500,100,100,0.08423194386602592,0.05025641674930299,0.37368599423020327
00000000000000000091,stable_nature,1000,95,96,0.08423194386602592,0.05025641674930299,0.37368599423020327
00000000000000000091,stable_nature,2000,72,74,0.08951574413814048,0.0522001530078219,0.36834366545123187
00000000000000000092,stable_nature,0,100,100,0.08951185159497714,0.1616572604370747,0.64361918998942
00000000000000000092,stable_nature,500,98,100,0.11642389258995187,0.1616572604370747,0.5813312361401997
00000000000000000092,stable_nature,1000,93,96,0.11900820120514725,0.1616572604370747,0.575978460230248
00000000000000000092,stable_nature,2000,74,63,0.11900820120514725,0.1616572604370747,0.575978460230248
00000000000000000093,stable_nature,0,98,97,0.061865995377904916,0.11317081862097647,0.6465543792464891
00000000000000000093,stable_nature,500,98,96,0.061865995377904916,0.11317081862097647,0.6465543792464891
00000000000000000093,stable_nature,1000,92,91,0.062298431561609635,0.11317081862097647,0.6449609746583552
00000000000000000093,stable_nature,2000,75,58,0.06599911155490959,0.119649669947041,0.6444947765258527
00000000000000000094,stable_built,0,100,100,0.07780374883156116,0.020079570121003365,0.2051378144475162
00000000000000000094,stable_built,500,99,7,0.07780374883156116,0.033771376200411,0.3026783630350496
00000000000000000095,stable_nature,0,100,100,0.015298674974906269,0.38301913419040645,0.961591787703576
00000000000000000095,stable_nature,500,97,100,0.015298674974906269,0.38301913419040645,0.961591787703576
00000000000000000095,stable_nature,1000,90,100,0.016069022461333328,0.38301913419040645,0.9597356569107223
00000000000000000095,stable_nature,2000,61,72,0.017478658406264568,0.38662807662037435,0.9567474211829974
00000000000000000096,stable_crop,0,82,86,0.21786346594803535,0.06708974736532469,0.23544127327075048
00000000000000000096,stable_crop,500,78,84,0.2680456701046606,0.06708974736532462,0.20018698074826127
00000000000000000096,stable_crop,1000,74,80,0.27092437251597745,0.07298346767560711,0.21221809783323692
00000000000000000096,stable_crop,2000,48,71,0.27092437251597745,0.07298346767560718,0.21221809783323708
00000000000000000097,stable_nature,0,96,99,0.11721687768204088,0.20039547494742904,0.6309435803984038
00000000000000000097,stable_nature,500,91,97,0.1501736482113835,0.2003954749474291,0.5716289932815206
00000000000000000097,stable_nature,1000,80,95,0.15457780343423222,0.20039547494742904,0.5645367895309649
00000000000000000097,stable_nature,2000,48,69,0.18797072572899712,0.24466475657209932,0.5655217072585305
00000000000000000098,stable_nature,0,100,100,0.07003134201668207,0.03727793156954977,0.3473877915988919
00000000000000000098,stable_nature,500,98,82,0.07551023677964681,0.04443336183138839,0.3704521320484203
00000000000000000098,stable_nature,1000,93,45,0.07603845470212225,0.055650068130102356,0.4225885971898989
00000000000000000099,stable_nature,0,100,100,0.0357976471317172,0.10725378442022866,0.7497568060374995
00000000000000000099,stable_nature,500,100,100,0.0357976471317172,0.10725378442022866,0.7497568060374995
00000000000000000099,stable_nature,1000,94,100,0.0357976471317172,0.10725378442022866,0.7497568060374995
00000000000000000099,stable_nature,2000,68,48,0.0357976471317172,0.11195362418776625,0.7577168249532725
0000000000000000009a,stable_nature,0,100,100,0.009438496319485633,0.04381656762737318,0.8227680971385798
0000000000000000009a,stable_nature,500,96,100,0.010657928943252081,0.04381656762737318,0.8043501158337717
0000000000000000009a,stable_nature,1000,87,100,0.012232234856406876,0.04381656762737318,0.781757427186272
0000000000000000009a,stable_nature,2000,51,100,0.015281659833034155,0.04381656762737318,0.7414193201646619
0000000000000000009c,stable_nature,0,100,100,0.011365633055124502,0.0243840201055187,0.6820771098188163
0000000000000000009c,stable_nature,500,99,97,0.012434152198832593,0.0316191099488901,0.7177472996697677
0000000000000000009c,stable_nature,1000,95,94,0.013882788864665851,0.0316191099488901,0.6948964938310491
0000000000000000009c,stable_nature,2000,67,73,0.014707301181941168,0.0316191099488901,0.6825288032546156
0000000000000000009e,stable_nature,0,100,100,0.022392564678933802,0.016500277149819942,0.42424971726280297
0000000000000000009e,stable_nature,500,99,99,0.022392564678933802,0.016500277149819942,0.42424971726280297
0000000000000000009e,stable_nature,1000,88,94,0.02381646250779059,0.019653887287793693,0.452121673272986
0000000000000000009e,stable_nature,2000,57,76,0.025451536098219173,0.02278090285471135,0.47231496786780064
0000000000000000009f,stable_nature,0,100,100,0.01926785101521089,0.03371532304873588,0.6363401899517692
0000000000000000009f,stable_nature,500,100,100,0.01926785101521089,0.03371532304873588,0.6363401899517692
0000000000000000009f,stable_nature,1000,92,99,0.024612736142011583,0.03371532304873588,0.5780292284010384
0000000000000000009f,stable_nature,2000,68,91,0.024612736142011583,0.03536286137324216,0.58962082643126
000000000000000000a0,stable_nature,0,95,94,0.12440956720390872,0.08899293589146647,0.41701917550271733
000000000000000000a0,stable_nature,500,94,88,0.12440956720390872,0.08899293589146647,0.41701917550271733
000000000000000000a0,stable_nature,1000,88,81,0.1378598813115018,0.08899293589146647,0.39229372149013697
000000000000000000a0,stable_nature,2000,71,45,0.14780507283213604,0.09672529726234538,0.39555535463581554
000000000000000000a2,stable_nature,0,100,100,0.13682923049471482,0.18909390741440898,0.5801794515937476
000000000000000000a2,stable_nature,500,93,99,0.14356669480075074,0.20385111527963323,0.5867606937936783
000000000000000000a2,stable_nature,1000,77,94,0.16566713006519213,0.2599640647885494,0.610773054069191
000000000000000000a2,stable_nature,2000,58,73,0.17244563477595737,0.2710978114020399,0.6112091470124781
000000000000000000a3,stable_nature,0,100,100,0.06074189391892833,0.07090674372513169,0.5386059817520062
000000000000000000a3,stable_nature,500,99,95,0.06074189391892833,0.07090674372513169,0.5386059817520062
000000000000000000a3,stable_nature,1000,94,76,0.06086015866451424,0.07638306455648528,0.5565525405427915
000000000000000000a3,stable_nature,2000,67,36,0.06229746387403221,0.08273125921176809,0.5704474082851373
000000000000000000a4,stable_nature,0,97,99,0.09958862937992803,0.05885114168833516,0.3714417238245562
000000000000000000a4,stable_nature,500,95,95,0.09958862937992803,0.0650774950199395,0.3952087611020293
000000000000000000a4,stable_nature,1000,88,70,0.09985119433830181,0.06549924425997389,0.39612380115126467
000000000000000000a4,stable_nature,2000,75,5,0.09985119433830181,0.17700851830270958,0.639343718930993
000000000000000000a5,stable_crop,0,100,100,0.0983652369838804,0.14424213386642615,0.5945496765423166
000000000000000000a5,stable_crop,500,97,99,0.0983652369838804,0.14424213386642615,0.5945496765423166
000000000000000000a5,stable_crop,1000,95,92,0.0983652369838804,0.14565966424611249,0.5969049204049537
000000000000000000a5,stable_crop,2000,82,66,0.0983652369838804,0.16935400270565398,0.6325806202849521
000000000000000000a6,stable_nature,0,100,99,0.005672581090707385,0.1627607175462715,0.9663214985541563
000000000000000000a6,stable_nature,500,95,99,0.005672581090707296,0.1627607175462715,0.9663214985541569
000000000000000000a6,stable_nature,1000,90,99,0.007749530439742425,0.1627607175462715,0.9545509402969573
000000000000000000a6,stable_nature,2000,72,99,0.010122050693617223,0.1627607175462715,0.9414513615346932
000000000000000000a7,stable_nature,0,100,100,0.056708304856894355,0.20928140397038558,0.786802635682027
000000000000000000a7,stable_nature,500,95,100,0.06918610988989335,0.20928140397038558,0.7515469257740456
000000000000000000a7,stable_nature,1000,85,95,0.07946789164876282,0.21985325369489866,0.7345062556196712
000000000000000000a7,stable_nature,2000,62,80,0.1041626068529972,0.2366330945209582,0.6943546927565444
000000000000000000a9,stable_built,0,100,100,0.09604162684149323,0.03952467763360303,0.2915523720023822
000000000000000000a9,stable_built,500,98,92,0.1058819235969872,0.04245191932941865,0.28619173137848586
000000000000000000a9,stable_built,1000,95,83,0.12804885554945683,0.04245191932941865,0.24898373253334302
000000000000000000a9,stable_built,2000,75,63,0.1307713960088013,0.061569343549733827,0.32010557768847664
000000000000000000aa,stable_nature,0,100,100,0.03820728314032433,0.2849085815915937,0.8817536143794555
000000000000000000aa,stable_nature,500,98,100,0.03820728314032433,0.2849085815915937,0.8817536143794555
000000000000000000aa,stable_nature,1000,94,100,0.03977706722592591,0.2849085815915937,0.8774905285414726
000000000000000000ab,stable_crop,0,100,100,0.02930231514381725,0.0248507209166434,0.4588980179881185
000000000000000000ab,stable_crop,500,98,98,0.03311929779338689,0.0248507209166434,0.42868229938857877
000000000000000000ab,stable_crop,1000,96,94,0.03311929779338689,0.025487750527938523,0.43489224005552546
000000000000000000ab,stable_crop,2000,79,60,0.03311929779338689,0.027967848165399746,0.4578352405563495
000000000000000000ac,stable_nature,0,100,100,0.0715385065323663,0.059576743410889275,0.4543845466962743
000000000000000000ac,stable_nature,500,97,97,0.08318490388911186,0.059576743410889275,0.4173161667522415
000000000000000000ac,stable_nature,1000,95,92,0.08760054628324243,0.059576743410889275,0.40479576390011435
000000000000000000ac,stable_nature,2000,65,60,0.11290598962146599,0.09442239184103896,0.45542434265160986
000000000000000000ad,stable_crop,0,100,100,0.012932015232224581,0.0026521548508300795,0.17018261713812394
000000000000000000ad,stable_crop,500,100,94,0.012932015232224581,0.0035052543436140614,0.2132504019130544
000000000000000000ad,stable_crop,1000,100,77,0.012932015232224581,0.003946644891043105,0.23382453713661341
000000000000000000ad,stable_crop,2000,95,26,0.012932015232224581,0.0050779214416745155,0.2819510991813615
000000000000000000ae,stable_nature,0,100,100,0.05232938401099738,0.08540211813611417,0.6200623445192355
000000000000000000ae,stable_nature,500,96,96,0.06997002728614203,0.1002242227849142,0.5888813678633774
000000000000000000ae,stable_nature,1000,89,88,0.07200498620209547,0.10377293575267302,0.5903638784555987
000000000000000000ae,stable_nature,2000,60,52,0.08040310571734925,0.1172925392008652,0.5932985486291068
000000000000000000b0,stable_crop,0,100,100,0.05470334983466609,0.06630196299607809,0.5479260492328121
000000000000000000b0,stable_crop,500,98,97,0.05470334983466609,0.06843135783669349,0.5557438607705768
000000000000000000b0,stable_crop,1000,87,91,0.05470334983466609,0.06843135783669349,0.5557438607705768
000000000000000000b0,stable_crop,2000,58,69,0.07059061477368626,0.08778632475941732,0.55428729092542
000000000000000000b1,stable_built,0,100,100,0.10567016808691118,0.033394702116136335,0.24013758519413891
000000000000000000b1,stable_built,500,100,33,0.10567016808691118,0.04536061373758253,0.30034019018714864
000000000000000000b2,stable_crop,0,100,100,0.040549109371960365,0.022458935034843842,0.35644551812279485
000000000000000000b2,stable_crop,500,96,95,0.04794566184612152,0.022531116887803404,0.3196956116928491
000000000000000000b2,stable_crop,1000,89,81,0.05163649811705755,0.03370541699567016,0.3949456366283074
000000000000000000b2,stable_crop,2000,72,39,0.057149011093845736,0.05392001832697506,0.4854640272599865
000000000000000000b3,stable_nature,0,100,100,0.00748356044505456,0.08245323633424124,0.9167908941171659
000000000000000000b3,stable_nature,500,99,100,0.008111683468180208,0.08245323633424124,0.9104323894197964
000000000000000000b3,stable_nature,1000,97,100,0.008111683468180208,0.08245323633424124,0.9104323894197964
000000000000000000b3,stable_nature,2000,72,100,0.009713737794794407,0.08245323633424124,0.8946071747772734
000000000000000000b4,stable_crop,0,100,100,0.11555072691037334,0.04832595382035838,0.29489219335280903
000000000000000000b4,stable_crop,500,96,99,0.11555072691037334,0.051662237539299216,0.308960717902585
000000000000000000b4,stable_crop,1000,84,94,0.11555072691037334,0.051662237539299216,0.308960717902585
000000000000000000b4,stable_crop,2000,55,82,0.12428178338362786,0.051662237539299216,0.29362883301181586
000000000000000000b5,stable_crop,0,98,100,0.029442691506200158,0.05991009829090963,0.6704893985545933
000000000000000000b5,stable_crop,500,95,100,0.03725981878305575,0.05991009829090963,0.6165498550821005
000000000000000000b5,stable_crop,1000,80,95,0.0411572338922233,0.06777785363071967,0.622185699495791
000000000000000000b5,stable_crop,2000,46,74,0.04668146253096439,0.08057462522054626,0.6331691209716338
000000000000000000b6,stable_crop,0,100,100,0.04095963686614772,0.03937377606356922,0.4901295068532304
000000000000000000b6,stable_crop,500,100,98,0.04095963686614772,0.03937377606356922,0.4901295068532304
000000000000000000b6,stable_crop,1000,97,89,0.04095963686614772,0.039999750285430104,0.49407180182880706
000000000000000000b6,stable_crop,2000,82,62,0.042088531699856754,0.042131844349529456,0.5002571387751035
000000000000000000b7,stable_nature,0,100,100,0.06748798162335708,0.09609690904938481,0.5874436731509822
000000000000000000b7,stable_nature,500,95,99,0.07311361801690112,0.09609690904938473,0.5679133013466248
000000000000000000b7,stable_nature,1000,88,96,0.07311361801690112,0.09609690904938481,0.5679133013466251
000000000000000000b7,stable_nature,2000,72,56,0.0848022132535976,0.11723380714606561,0.580261910294887
000000000000000000b9,stable_nature,0,100,100,0.12815600322897647,0.1227445100425713,0.48921585867477524
000000000000000000b9,stable_nature,500,98,97,0.12815600322897647,0.1227445100425713,0.48921585867477524
000000000000000000b9,stable_nature,1000,94,73,0.13032327338879685,0.1227445100425713,0.48502621857979217
000000000000000000b9,stable_nature,2000,69,49,0.13032327338879685,0.1637138378339678,0.5567795070241329
000000000000000000ba,stable_crop,0,99,98,0.06287628098140774,0.00908908886128521,0.12629809144351642
000000000000000000ba,stable_crop,500,99,93,0.06287628098140774,0.014975144200076462,0.19235542785471985
000000000000000000ba,stable_crop,1000,95,82,0.06287628098140774,0.04301570215478323,0.4062224625546315
000000000000000000ba,stable_crop,2000,78,65,0.11391130964508747,0.07739338517643761,0.40455559780295036
000000000000000000bb,stable_built,0,100,100,0.17346311610859652,0.021793893843467547,0.1116164477203987
000000000000000000bb,stable_built,500,99,91,0.17346311610859652,0.027988509825738306,0.13893414707271962
000000000000000000bb,stable_built,1000,96,75,0.17346311610859652,0.04455598297047427,0.20436733826750844
000000000000000000bb,stable_built,2000,81,32,0.17346311610859652,0.0689829854133565,0.284529159182317
000000000000000000bc,stable_nature,0,100,100,0.05375876882350002,0.11475382857814512,0.6809807121063569
000000000000000000bc,stable_nature,500,81,99,0.05384191777928051,0.13549016457784213,0.7156217947339836
000000000000000000bc,stable_nature,1000,61,97,0.05948066395951779,0.13549016457784213,0.6949253157181144
000000000000000000bc,stable_nature,2000,25,77,0.10193150921179508,0.15649329782848115,0.6055660817557877
000000000000000000bd,stable_built,0,100,100,0.06713630350797406,0.04607405576291688,0.4069773831585802
000000000000000000bd,stable_built,500,94,83,0.10303451217501661,0.05002088457243352,0.32681555590387923
000000000000000000bd,stable_built,1000,85,38,0.12235015703851156,0.07804111826398404,0.3894436928243986
000000000000000000be,stable_built,0,100,100,0.06841811229226494,0.05886240609423297,0.462462023567738
000000000000000000be,stable_built,500,99,95,0.07048694925697878,0.06473525815727858,0.4787324463538848
000000000000000000be,stable_built,1000,92,91,0.07048694925697878,0.0884355875734015,0.5564697703462491
000000000000000000be,stable_built,2000,74,60,0.07130403744677827,0.0884355875734015,0.5536233577715979
000000000000000000c1,stable_nature,0,100,100,0.0516590906117429,0.05670431551972337,0.5232791912281396
000000000000000000c1,stable_nature,500,97,96,0.0516590906117429,0.05670431551972337,0.5232791912281396
000000000000000000c1,stable_nature,1000,88,84,0.057075975632979434,0.05845632626122821,0.5059738731272783
000000000000000000c1,stable_nature,2000,68,45,0.06412879985755793,0.06115408358207419,0.48812800202713497
000000000000000000c2,stable_built,0,100,100,0.18874725326531458,0.02288792342731403,0.1081480110485011
000000000000000000c3,stable_crop,0,98,93,0.07116822938698401,0.04576571501586768,0.3913809223591041
000000000000000000c3,stable_crop,500,96,91,0.07116822938698401,0.05593095196481803,0.4400575312091494
000000000000000000c3,stable_crop,1000,88,87,0.07116822938698401,0.05593095196481803,0.4400575312091494
000000000000000000c3,stable_crop,2000,71,53,0.07365902883376563,0.06059321498044197,0.45133856432109926
000000000000000000c4,stable_nature,0,100,100,0.02797541770837355,0.02166586759599043,0.43644856217389943
000000000000000000c4,stable_nature,500,97,99,0.02797541770837355,0.02166586759599043,0.43644856217389943
000000000000000000c4,stable_nature,1000,84,96,0.030998911144512344,0.02166586759599043,0.41139197987205295
000000000000000000c4,stable_nature,2000,63,72,0.0321094692152639,0.02166586759599043,0.4028959906217307
000000000000000000c5,stable_nature,0,100,100,0.021859264585512593,0.4505321915872815,0.9537263760789305
000000000000000000c5,stable_nature,500,98,100,0.021859264585512593,0.4505321915872815,0.9537263760789305
000000000000000000c5,stable_nature,1000,92,100,0.02326800117542809,0.4505321915872815,0.9508906886662409
000000000000000000c5,stable_nature,2000,60,92,0.033045464933668556,0.4505321915872815,0.9316646158295601
000000000000000000c6,stable_nature,0,100,100,0.02811863334902418,0.05754252654013705,0.6717458252248835
000000000000000000c6,stable_nature,500,100,96,0.02811863334902418,0.05754252654013705,0.6717458252248835
000000000000000000c6,stable_nature,1000,98,77,0.02811863334902418,0.05754252654013705,0.6717458252248835
000000000000000000c6,stable_nature,2000,75,30,0.030053158699398043,0.09125810651612523,0.752264073359078
000000000000000000c7,stable_crop,0,100,100,0.14522343441495209,0.18602938520407641,0.5615933636956385
000000000000000000c7,stable_crop,500,99,95,0.14522343441495209,0.19329151493951388,0.570998460503862
000000000000000000c7,stable_crop,1000,96,88,0.14522343441495209,0.19329151493951388,0.570998460503862
000000000000000000c7,stable_crop,2000,68,65,0.21902718833536414,0.37061402842637725,0.628541590869663
000000000000000000c8,stable_built,0,100,100,0.12137215902387777,0.052512590768906554,0.30199652833950635
000000000000000000c8,stable_built,500,99,96,0.12137215902387777,0.0543128901985479,0.30914918735899966
000000000000000000c8,stable_built,1000,88,77,0.1285172431038616,0.0543128901985479,0.2970674976668906
000000000000000000c8,stable_built,2000,59,22,0.13376307282398717,0.09652515680236433,0.41914932846789305
000000000000000000c9,stable_nature,0,100,100,0.03359895539279665,0.10088895473160739,0.7501711836962363
000000000000000000c9,stable_nature,500,95,100,0.041903635143673346,0.10088895473160739,0.7065419488435656
000000000000000000c9,stable_nature,1000,91,93,0.0691240629808203,0.11206779857032198,0.6185034891209603
000000000000000000c9,stable_nature,2000,75,59,0.10301338891878944,0.1505930847915602,0.5938061540296585
000000000000000000ca,stable_crop,0,100,100,0.045763104973869304,0.02880292448224129,0.3862740807301313
000000000000000000ca,stable_crop,500,97,100,0.04813435998530737,0.02880292448224129,0.3743688730529044
000000000000000000ca,stable_crop,1000,93,88,0.05406143930283107,0.035306090989527306,0.3950662043991965
000000000000000000ca,stable_crop,2000,70,55,0.05832965613688339,0.03689820065536538,0.3874727616255803
000000000000000000cb,stable_crop,0,100,100,0.02056756376339941,0.022865870189219838,0.5264578023841575
000000000000000000cb,stable_crop,500,100,99,0.02056756376339941,0.024361404738716508,0.5422204326152512
000000000000000000cb,stable_crop,1000,90,97,0.021048881706594823,0.025738410711315197,0.5501154134089731
000000000000000000cb,stable_crop,2000,68,71,0.02473249852133348,0.03073243969266908,0.5540876936261753
000000000000000000cc,stable_crop,0,100,100,0.027439169690735742,0.0055182882602047515,0.16743670789936763
000000000000000000cc,stable_crop,500,100,94,0.027439169690735742,0.009723483065544093,0.2616466356438817
000000000000000000cc,stable_crop,1000,95,90,0.027439169690735742,0.011435684672789371,0.2941666241513923
000000000000000000cc,stable_crop,2000,64,69,0.027439169690735742,0.02245379594419561,0.45003931231590466
000000000000000000cd,stable_nature,0,100,100,0.04728907285823567,0.051724716390991035,0.5223991201899446
000000000000000000cd,stable_nature,500,100,92,0.04728907285823567,0.051724716390991035,0.5223991201899446
000000000000000000cd,stable_nature,1000,96,43,0.048227398113008,0.06908356373728028,0.5888926545914398
000000000000000000ce,stable_built,0,100,100,0.4211082960128148,0.03831414838122158,0.08339633565720397
000000000000000000ce,stable_built,500,99,34,0.4211082960128148,0.044760696958609604,0.09608000883042042
000000000000000000cf,stable_crop,0,100,100,0.046685917935040774,0.010527977880057571,0.18401085487863775
000000000000000000cf,stable_crop,500,97,95,0.046685917935040774,0.011711654424046803,0.20055036452253716
000000000000000000cf,stable_crop,1000,91,86,0.046685917935040844,0.011711654424046803,0.2005503645225369
000000000000000000cf,stable_crop,2000,66,60,0.06464936382973688,0.011711654424046803,0.15337216149960284
000000000000000000d0,stable_nature,0,100,100,0.02224966395105219,0.04937247268290386,0.6893465484637192
000000000000000000d0,stable_nature,500,100,97,0.02224966395105219,0.04937247268290386,0.6893465484637192
000000000000000000d0,stable_nature,1000,97,92,0.02224966395105219,0.049694833393292746,0.6907384890709529
000000000000000000d0,stable_nature,2000,76,67,0.024049918263801894,0.05241847591993898,0.6854920451618295
000000000000000000d1,stable_nature,0,100,100,0.014299469809815491,0.013653810381174348,0.48845109723784474
000000000000000000d1,stable_nature,500,99,97,0.014299469809815491,0.01480551756461972,0.508693488632662
000000000000000000d1,stable_nature,1000,89,91,0.014299469809815491,0.01480551756461972,0.508693488632662
000000000000000000d1,stable_nature,2000,64,73,0.014880710489324578,0.016781314216239917,0.5300139322031622
000000000000000000d2,stable_nature,0,100,100,0.057327296388064906,0.1264345558023671,0.6880348358192168
000000000000000000d2,stable_nature,500,96,100,0.057327296388064906,0.1264345558023671,0.6880348358192168
000000000000000000d2,stable_nature,1000,91,100,0.057327296388064906,0.1264345558023671,0.6880348358192168
000000000000000000d2,stable_nature,2000,66,100,0.06067992905782889,0.1264345558023671,0.6757069389692515
000000000000000000d3,stable_crop,0,100,100,0.053757280499983316,0.03219965130226399,0.37460214815447307
000000000000000000d3,stable_crop,500,100,99,0.053757280499983316,0.03219965130226399,0.37460214815447307
000000000000000000d3,stable_crop,1000,99,86,0.061139779561619666,0.032920584945699514,0.3499942310215888
000000000000000000d3,stable_crop,2000,71,51,0.0805319762426538,0.041121719327268866,0.3380227713945228
000000000000000000d4,stable_crop,0,100,100,0.02119171544890317,0.012044225216271087,0.36238556739659394
000000000000000000d4,stable_crop,500,99,99,0.02119171544890317,0.012044225216271087,0.36238556739659394
000000000000000000d4,stable_crop,1000,91,92,0.021485235241122513,0.01300803051043411,0.3771179743822883
000000000000000000d4,stable_crop,2000,73,71,0.021635009123814507,0.013906145771759281,0.391268820954939
000000000000000000d5,stable_crop,0,100,100,0.09711233166796711,0.011081014844306236,0.10241863479975451
000000000000000000d5,stable_crop,500,97,94,0.09860184290798672,0.011081014844306236,0.10102777290167346
000000000000000000d5,stable_crop,1000,93,76,0.09860184290798672,0.011081014844306236,0.10102777290167346
000000000000000000d5,stable_crop,2000,78,40,0.10379635493761044,0.06026160362171458,0.36731898988951545
000000000000000000d6,stable_crop,0,100,100,0.04692703571036749,0.015851143821730185,0.2524944804009999
000000000000000000d6,stable_crop,500,96,98,0.04839329360951987,0.01666834529016803,0.256193135798671
000000000000000000d6,stable_crop,1000,84,95,0.054833439458289154,0.01830198806160561,0.25024791242762257
000000000000000000d6,stable_crop,2000,60,74,0.10862580147568013,0.01830198806160561,0.1441921278876846
000000000000000000d7,stable_nature,0,100,100,0.030296847542665973,0.05099620306924661,0.6273131920226693
000000000000000000d7,stable_nature,500,96,97,0.03631321413806832,0.05099620306924661,0.5840859405529278
000000000000000000d7,stable_nature,1000,89,94,0.03631321413806832,0.05099620306924661,0.5840859405529278
000000000000000000d7,stable_nature,2000,68,69,0.05738757346949199,0.06549588158291635,0.5329918625290129
000000000000000000d8,stable_crop,0,100,100,0.04925480167468492,0.058027735673717815,0.5408870549428785
000000000000000000d8,stable_crop,500,99,98,0.04925480167468492,0.06681508045008525,0.575645285636512
000000000000000000d8,stable_crop,1000,89,95,0.053915415545476054,0.06681508045008525,0.5534233906567261
000000000000000000d8,stable_crop,2000,55,69,0.07570762795225601,0.07248487224627187,0.48912645477117606
000000000000000000db,stable_nature,0,100,100,0.1451927274024908,0.22319212389143087,0.6058667263512083
000000000000000000db,stable_nature,500,99,100,0.1451927274024908,0.22319212389143087,0.6058667263512083
000000000000000000db,stable_nature,1000,91,100,0.1451927274024908,0.22319212389143087,0.6058667263512083
000000000000000000db,stable_nature,2000,71,98,0.14608641093689115,0.22319212389143087,0.6044004805061002
000000000000000000dc,stable_crop,0,100,100,0.01683010522635884,0.011175329862500184,0.3990414655813312
000000000000000000dc,stable_crop,500,100,99,0.01683010522635884,0.012184062414259933,0.4199349285065396
000000000000000000dc,stable_crop,1000,96,95,0.018117651830283042,0.012726042023071548,0.4125978581931377
000000000000000000dc,stable_crop,2000,81,71,0.020290576009355354,0.012726042023071548,0.3854435366513725
000000000000000000dd,stable_crop,0,100,100,0.016838532626603085,0.011524253821629516,0.4063159958651144
000000000000000000dd,stable_crop,500,100,96,0.016838532626603085,0.015963940064271664,0.48666880128905565
000000000000000000dd,stable_crop,1000,96,85,0.017042341329329847,0.01748965515518528,0.5064768022469113
000000000000000000dd,stable_crop,2000,81,71,0.020213615118711982,0.018845385520384905,0.4824850920798715
000000000000000000de,stable_nature,0,100,100,0.021994715979327915,0.021498085061262762,0.4942906537729055
000000000000000000de,stable_nature,500,98,95,0.02204058195732157,0.021498085061262762,0.49376994136252744
000000000000000000de,stable_nature,1000,93,87,0.02204058195732157,0.022044044466807744,0.500039271156035
000000000000000000de,stable_nature,2000,60,72,0.024171504187349212,0.022355173519849593,0.4804807611679144
000000000000000000df,stable_crop,0,100,100,0.058830212955995574,0.04329006916178087,0.42391254962878033
000000000000000000df,stable_crop,500,100,97,0.058830212955995574,0.04329006916178087,0.42391254962878033
000000000000000000df,stable_crop,1000,100,82,0.058830212955995574,0.04329006916178087,0.42391254962878033
000000000000000000df,stable_crop,2000,99,30,0.058830212955995574,0.06937453386713559,0.5411229738810082
000000000000000000e0,stable_nature,0,100,100,0.00771763677904822,0.051723327070492583,0.8701629940010133
000000000000000000e0,stable_nature,500,95,100,0.00822920711743753,0.051723327070492583,0.8627379604587756
000000000000000000e0,stable_nature,1000,92,100,0.00822920711743753,0.051723327070492583,0.8627379604587756
000000000000000000e0,stable_nature,2000,77,100,0.00822920711743753,0.051723327070492583,0.8627379604587756
000000000000000000e1,stable_built,0,100,100,0.10567743748910714,0.050299319618409236,0.32247958318183856
000000000000000000e1,stable_built,500,99,95,0.10567743748910714,0.0546120239098147,0.3407087617167658
000000000000000000e1,stable_built,1000,98,68,0.10567743748910714,0.06069708660683297,0.3648219998601894
000000000000000000e5,stable_crop,0,99,100,0.19534489262828686,0.33137474880892814,0.6291292800551446
000000000000000000e5,stable_crop,500,98,96,0.19534489262828686,0.3808255598172098,0.6609598916434773
000000000000000000e5,stable_crop,1000,92,88,0.2119498589085551,0.38103064605268716,0.6425685884512327
000000000000000000e5,stable_crop,2000,85,59,0.21842748407065518,0.3931529248603297,0.6428474802633076
000000000000000000e6,stable_nature,0,100,100,0.1590721119041114,0.18074648703861412,0.5318910960154539
000000000000000000e6,stable_nature,500,99,96,0.1590721119041114,0.18074648703861412,0.5318910960154539
000000000000000000e6,stable_nature,1000,96,87,0.18073277935769239,0.18074648703861412,0.5000189605341108
000000000000000000e6,stable_nature,2000,81,60,0.1989559207877384,0.1852272650692011,0.4821326697459714
000000000000000000e7,stable_nature,0,100,100,0.025924241072288922,0.05135190258660065,0.6645246534637185
000000000000000000e7,stable_nature,500,98,98,0.025924241072288922,0.055709479741740696,0.6824322006339811
000000000000000000e7,stable_nature,1000,92,84,0.02597668011831955,0.05990406624963114,0.6975261485534648
000000000000000000e7,stable_nature,2000,75,44,0.02597668011831955,0.07607286999357958,0.7454503220192434
000000000000000000e8,stable_crop,0,100,100,0.10321911514209225,0.11564184866187337,0.5283804231298447
000000000000000000e8,stable_crop,500,98,94,0.11678306408769143,0.11948507468496168,0.5057181019207562
000000000000000000e8,stable_crop,1000,92,90,0.13015426058317445,0.11948507468496168,0.47863079973412376
000000000000000000e8,stable_crop,2000,68,65,0.13015426058317445,0.13148192533361633,0.502537234566359
000000000000000000ea,stable_nature,0,100,100,0.0487196050589906,0.05668392943806788,0.537780158018439
000000000000000000ea,stable_nature,500,100,100,0.0487196050589906,0.05668392943806788,0.537780158018439
000000000000000000ea,stable_nature,1000,95,98,0.0487196050589906,0.05668392943806784,0.5377801580184388
000000000000000000ea,stable_nature,2000,63,73,0.05392209164613937,0.058227803129706546,0.5191962350528041
000000000000000000eb,stable_nature,0,100,100,0.09964734529088122,0.09125520081343605,0.47801982045379476
000000000000000000eb,stable_nature,500,98,98,0.09964734529088122,0.09975448874746666,0.500268662161764
000000000000000000eb,stable_nature,1000,95,89,0.10189858440308361,0.12071488775152897,0.5422622745273302
000000000000000000eb,stable_nature,2000,64,70,0.10918436930967745,0.13348643685287087,0.5500720872164059
000000000000000000ec,stable_nature,0,100,100,0.009950524645475389,0.03203464695181775,0.7629990716322351
000000000000000000ec,stable_nature,500,99,100,0.009950524645475389,0.03203464695181775,0.7629990716322351
000000000000000000ec,stable_nature,1000,93,100,0.010551051883960948,0.03203464695181775,0.7522395505260878
000000000000000000ec,stable_nature,2000,60,100,0.01670687609362729,0.03203464695181775,0.6572352472714575
000000000000000000ee,stable_crop,0,100,100,0.05723991622715903,0.041449620648296735,0.42000015361492005
000000000000000000ee,stable_crop,500,98,98,0.05894826182192634,0.041449620648296694,0.4128535346368223
000000000000000000ee,stable_crop,1000,96,90,0.05894826182192634,0.0433113480360412,0.42354305962808303
000000000000000000ee,stable_crop,2000,69,65,0.05928889734569347,0.0433113480360412,0.4221368854867235
000000000000000000ef,stable_crop,0,100,100,0.03481075528736577,0.00964508976158156,0.21695886673046133
000000000000000000ef,stable_crop,500,100,94,0.03481075528736577,0.011295145668120976,0.24498264720563578
000000000000000000ef,stable_crop,1000,98,75,0.03481075528736581,0.012706302678497084,0.26740507982119
000000000000000000f1,stable_nature,0,100,100,0.05640738859286998,0.17636722297550553,0.7576737934881765
000000000000000000f1,stable_nature,500,99,100,0.05640738859286998,0.17636722297550553,0.7576737934881765
000000000000000000f1,stable_nature,1000,89,93,0.05640738859286998,0.17636722297550553,0.7576737934881765
000000000000000000f1,stable_nature,2000,60,72,0.07148773507818677,0.18738098747276377,0.7238456064739903
000000000000000000f3,stable_nature,0,100,100,0.07714787175575348,0.08206329129960359,0.5154367930253426
000000000000000000f3,stable_nature,500,100,100,0.07714787175575348,0.08206329129960359,0.5154367930253426
000000000000000000f3,stable_nature,1000,93,91,0.07714787175575348,0.08206329129960359,0.5154367930253426
000000000000000000f3,stable_nature,2000,76,63,0.08501291682986653,0.08906598497994622,0.5116414686297955
000000000000000000f4,stable_crop,0,100,100,0.1442420095020687,0.014447872060552536,0.09104469622255128
000000000000000000f4,stable_crop,500,97,97,0.1442420095020687,0.014447872060552536,0.09104469622255128
000000000000000000f4,stable_crop,1000,92,89,0.1442420095020687,0.01576224657063452,0.09851142061729852
000000000000000000f4,stable_crop,2000,76,55,0.1442420095020687,0.017272560457832143,0.10694119089078745
000000000000000000f5,stable_nature,0,100,100,0.11368322452804473,0.1984878631127382,0.6358303858700185
000000000000000000f5,stable_nature,500,99,98,0.11368322452804473,0.20930328761381628,0.6480248547383266
000000000000000000f5,stable_nature,1000,91,96,0.11368322452804473,0.22674393079614852,0.6660571204419672
000000000000000000f5,stable_nature,2000,65,87,0.12747622955607202,0.24269162377826436,0.6556258778052484
000000000000000000f6,stable_nature,0,100,100,0.14503896963484372,0.08015281503382674,0.3559313460364523
000000000000000000f6,stable_nature,500,97,91,0.16739953388892992,0.11946278176038325,0.41644641084892126
000000000000000000f6,stable_nature,1000,92,81,0.16739953388892992,0.13232964494248514,0.4414973725880505
000000000000000000f6,stable_nature,2000,77,34,0.16739953388892992,0.14774098411714692,0.46880986631439514
000000000000000000f7,stable_nature,0,100,100,0.03887123666898571,0.14546291659519223,0.7891262363406599
000000000000000000f7,stable_nature,500,97,100,0.041415321906694724,0.14546291659519223,0.778383388887439
000000000000000000f7,stable_nature,1000,91,100,0.04201773635392834,0.14546291659519223,0.7758822806846785
000000000000000000f7,stable_nature,2000,64,100,0.05778082155368407,0.14546291659519223,0.7157067564262409
000000000000000000f9,stable_nature,0,100,100,0.03326017081002217,0.11459268048036295,0.7750454555287962
000000000000000000f9,stable_nature,500,95,100,0.03326017081002217,0.11459268048036295,0.7750454555287962
000000000000000000f9,stable_nature,1000,93,100,0.034297758771520345,0.11459268048036295,0.7696443173609876
000000000000000000f9,stable_nature,2000,67,98,0.03904676218985605,0.11459268048036295,0.745854570206856
000000000000000000fa,stable_built,0,100,100,0.0442805951617455,0.026862596869921384,0.37758492559044665
000000000000000000fa,stable_built,500,99,98,0.0442805951617455,0.026862596869921384,0.37758492559044665
000000000000000000fa,stable_built,1000,99,89,0.0442805951617455,0.026862596869921384,0.37758492559044665
000000000000000000fa,stable_built,2000,89,43,0.04719247446070631,0.03756594638100199,0.4432119665220704
000000000000000000fb,stable_crop,0,99,97,0.07914775456817058,0.030710328451040138,0.27954546089603916
000000000000000000fb,stable_crop,500,96,96,0.09688686965235689,0.03277638105196288,0.25278080623207866
000000000000000000fb,stable_crop,1000,92,92,0.09688686965235689,0.03458125025434884,0.26303905675859546
000000000000000000fb,stable_crop,2000,70,65,0.10794975642311125,0.04347496119688758,0.2871061071132464
000000000000000000fc,stable_crop,0,100,100,0.04704521559608872,0.015574718251668207,0.2487182162997028
000000000000000000fc,stable_crop,500,96,98,0.05319200593469655,0.018917050610690135,0.26233945521837576
000000000000000000fc,stable_crop,1000,91,93,0.05319200593469655,0.021971172767808668,0.2923129801957677
000000000000000000fc,stable_crop,2000,69,64,0.08219014928731742,0.02607170447364886,0.24082078375428825
000000000000000000fd,stable_nature,0,100,100,0.041027194395114576,0.05270594827006998,0.5622978892084488
000000000000000000fd,stable_nature,500,98,99,0.041027194395114576,0.05270594827006998,0.5622978892084488
000000000000000000fd,stable_nature,1000,88,87,0.041027194395114576,0.05270594827006998,0.5622978892084488
000000000000000000fd,stable_nature,2000,63,59,0.04114191838358154,0.05500411237177285,0.5720892681587646
000000000000000000fe,stable_nature,0,100,100,0.011419657997994204,0.02583903364038138,0.6935035156487963
000000000000000000fe,stable_nature,500,95,98,0.011419657997994225,0.02583903364038138,0.6935035156487959
000000000000000000fe,stable_nature,1000,83,97,0.01400920562442105,0.02583903364038138,0.6484360191682627
000000000000000000fe,stable_nature,2000,59,83,0.01877759625492099,0.02631301089958078,0.5835585848031806
000000000000000000ff,stable_nature,0,100,100,0.022419994963672217,0.2747500799805544,0.9245550045077569
000000000000000000ff,stable_nature,500,97,99,0.022419994963672217,0.28328718112111856,0.9266618623359354
000000000000000000ff,stable_nature,1000,93,96,0.02265401307024999,0.28328718112111856,0.9259530475094973
000000000000000000ff,stable_nature,2000,64,69,0.03232446202820551,0.35422208438859853,0.9163762751762704
00000000000000000100,stable_nature,0,100,100,0.06877854154892675,0.03812453785324259,0.3566271249255736
00000000000000000100,stable_nature,500,99,85,0.06877854154892675,0.051691851818464626,0.4290834484153628
00000000000000000100,stable_nature,1000,91,80,0.06877854154892675,0.051691851818464626,0.4290834484153628
00000000000000000100,stable_nature,2000,67,47,0.09664928156605317,0.06357350614618187,0.3967819250527898
00000000000000000101,stable_nature,0,100,100,0.06544698816942045,0.06611879930933058,0.5025531376803165
00000000000000000101,stable_nature,500,98,97,0.06962919142216675,0.07595911968396865,0.5217391362420017
00000000000000000101,stable_nature,1000,94,94,0.06962919142216675,0.07975672560913298,0.5338972186507263
00000000000000000101,stable_nature,2000,60,78,0.11181494064319317,0.09435963586206335,0.4576686294743035
00000000000000000102,stable_nature,0,100,100,0.011680830052835134,0.11011571160233632,0.9040955523449112
00000000000000000102,stable_nature,500,99,100,0.011680830052835134,0.11011571160233632,0.9040955523449112
00000000000000000102,stable_nature,1000,95,100,0.011680830052835134,0.11011571160233632,0.9040955523449112
00000000000000000102,stable_nature,2000,75,100,0.01499659189691338,0.11011571160233632,0.8801349549296449
00000000000000000103,stable_crop,0,100,100,0.05143976144118443,0.018518195173452635,0.26470463217208134
00000000000000000103,stable_crop,500,94,99,0.05143976144118443,0.019851154629500024,0.2784527920715633
00000000000000000103,stable_crop,1000,84,92,0.05395860158828651,0.019851154629500024,0.2689502803756365
00000000000000000103,stable_crop,2000,67,63,0.05665356927307339,0.024636237426432017,0.30306674878929
00000000000000000104,stable_crop,0,100,100,0.18652660381523964,0.005244176068796125,0.027346064254105573
00000000000000000104,stable_crop,500,100,98,0.18652660381523964,0.007985143756837365,0.04105224417788643
00000000000000000104,stable_crop,1000,96,83,0.2105137704640327,0.010762039163528381,0.048636311314796676
00000000000000000104,stable_crop,2000,75,58,0.22492244164898018,0.018973768389121126,0.07779443717505599
00000000000000000105,stable_nature,0,100,100,0.05197592805061775,0.10299445044186646,0.6646073362090736
00000000000000000105,stable_nature,500,98,97,0.05197592805061779,0.11382756206760972,0.6865209048721322
00000000000000000105,stable_nature,1000,91,95,0.052343757791016146,0.11382756206760972,0.6850012515021615
00000000000000000105,stable_nature,2000,49,74,0.05302060081712654,0.12087672718003126,0.6951039936698267
00000000000000000106,stable_nature,0,100,100,0.025347826357029635,0.048855792519093263,0.6584017499199838
00000000000000000106,stable_nature,500,97,99,0.02667809062004358,0.05785314226664244,0.6843996034401875
00000000000000000106,stable_nature,1000,94,80,0.02667809062004358,0.06928547248373033,0.7219977066512611
00000000000000000106,stable_nature,2000,71,22,0.027253103032194394,0.11610356030156332,0.8098930150909371
00000000000000000107,stable_built,0,100,100,0.111517379500787,0.03358436715688451,0.2314539137553342
00000000000000000107,stable_built,500,100,95,0.111517379500787,0.04394967192895658,0.28269444570083063
00000000000000000107,stable_built,1000,99,82,0.111517379500787,0.048517005393493705,0.303166131611285
00000000000000000107,stable_built,2000,90,36,0.12113143256989882,0.06280445166434738,0.341447520832983
00000000000000000108,stable_nature,0,100,17,0.015542168111575449,0.2962911998962106,0.9501587395479194
00000000000000000108,stable_nature,500,97,17,0.015542168111575449,0.2962911998962106,0.9501587395479194
00000000000000000108,stable_nature,1000,89,17,0.016392770828152603,0.2962911998962106,0.94757399686615
00000000000000000108,stable_nature,2000,68,17,0.0199511047646417,0.2962911998962106,0.9369119675908802
00000000000000000109,stable_nature,0,100,100,0.03325617377975261,0.04498677939629654,0.5749626972092922
00000000000000000109,stable_nature,500,99,94,0.03325617377975261,0.04900434994474774,0.5957213463443661
00000000000000000109,stable_nature,1000,91,87,0.03848902907649221,0.04908339199721223,0.5604891516627273
00000000000000000109,stable_nature,2000,74,70,0.04257748026237344,0.053975993233927565,0.5590269441257997
0000000000000000010a,stable_nature,0,100,100,0.0511628202319049,0.1882478173438433,0.7862967963714496
0000000000000000010a,stable_nature,500,99,100,0.0511628202319049,0.1882478173438433,0.7862967963714496
0000000000000000010a,stable_nature,1000,93,97,0.0511628202319049,0.1882478173438433,0.7862967963714496
0000000000000000010a,stable_nature,2000,62,89,0.056969144279178166,0.1882478173438433,0.7676786144690675
0000000000000000010b,stable_crop,0,100,100,0.175035514490291,0.02472320031733861,0.1237653152755995
0000000000000000010b,stable_crop,500,99,95,0.175035514490291,0.028914433845247056,0.14177220480357913
0000000000000000010b,stable_crop,1000,96,79,0.175035514490291,0.03660849387384033,0.1729720305177873
0000000000000000010b,stable_crop,2000,91,30,0.19382229341909715,0.054709016826310665,0.22012927374047597
0000000000000000010c,stable_nature,0,100,100,0.032585983392029116,0.020456260591741614,0.3856597884059153
0000000000000000010c,stable_nature,500,98,99,0.042463111316047054,0.02153494114336594,0.3364936949712136
0000000000000000010c,stable_nature,1000,92,93,0.05048207576409787,0.026072493509704066,0.3405739690875103
0000000000000000010c,stable_nature,2000,70,59,0.05048207576409787,0.028101649045404888,0.35760138773224814
0000000000000000010e,stable_nature,0,99,100,0.057509271423098876,0.24565169743387147,0.8103012018969971
0000000000000000010e,stable_nature,500,98,96,0.057509271423098876,0.24565169743387147,0.8103012018969971
0000000000000000010e,stable_nature,1000,91,90,0.057509271423098876,0.24644437971134234,0.8107959183603528
0000000000000000010e,stable_nature,2000,71,63,0.05891194474232111,0.25857831461498415,0.8144448750572983
0000000000000000010f,stable_nature,0,100,100,0.11963105651324697,0.2154243986451995,0.6429514736379479
0000000000000000010f,stable_nature,500,98,100,0.1458335294105276,0.2154243986451995,0.5963174283925256
0000000000000000010f,stable_nature,1000,93,97,0.1458335294105276,0.2154243986451995,0.5963174283925256
0000000000000000010f,stable_nature,2000,67,88,0.15929737690707862,0.2810105334928577,0.6382136837763707
00000000000000000110,stable_built,0,100,99,0.17852253445116445,0.08121366386355924,0.3126774950514966
00000000000000000110,stable_built,500,98,88,0.17852253445116445,0.08121366386355924,0.3126774950514966
00000000000000000110,stable_built,1000,97,66,0.17852253445116445,0.08587635964032303,0.32479848274358986
00000000000000000111,stable_nature,0,100,100,0.06528851283335732,0.08510100663032098,0.5658705934645166
00000000000000000111,stable_nature,500,98,99,0.06528851283335732,0.08510100663032098,0.5658705934645166
00000000000000000111,stable_nature,1000,91,80,0.06528851283335732,0.10129610344545285,0.6080759778880603
00000000000000000111,stable_nature,2000,61,33,0.07156943572218635,0.12253037885754667,0.6312750948382896
00000000000000000112,stable_nature,0,100,100,0.16460548450286477,0.09954721933127417,0.3768548187695359
00000000000000000112,stable_nature,500,100,96,0.16460548450286477,0.125260364421109,0.43213219110033985
00000000000000000112,stable_nature,1000,98,82,0.1646054845028647,0.14958268210018574,0.47609266675117795
00000000000000000112,stable_nature,2000,77,44,0.1646054845028647,0.1551809254590646,0.4852642908654364
00000000000000000115,stable_nature,0,100,100,0.04876588760214222,0.09507819993349802,0.6609809381930941
00000000000000000115,stable_nature,500,83,98,0.07100588910532632,0.11331409749753352,0.6147683687774346
00000000000000000115,stable_nature,1000,63,93,0.08134392700600683,0.12291131511982992,0.6017535405211557
00000000000000000115,stable_nature,2000,41,74,0.09938536456877851,0.12291131511982992,0.5529156588908583
00000000000000000116,stable_nature,0,99,95,0.02719755762530949,0.07089634811332102,0.7227395787613999
00000000000000000116,stable_nature,500,97,95,0.028449621866423146,0.07089634811332102,0.7136308410604131
00000000000000000116,stable_nature,1000,95,92,0.028449621866423146,0.07563950778754895,0.7266801830150169
00000000000000000116,stable_nature,2000,68,68,0.030267281998106865,0.07563950778754895,0.7142082952369827
00000000000000000118,stable_nature,0,100,100,0.020572100646313717,0.013353866187808362,0.39361785185687576
00000000000000000118,stable_nature,500,98,100,0.021541325731367578,0.013353866187808362,0.3826849904810907
00000000000000000118,stable_nature,1000,95,99,0.021541325731367578,0.013353866187808362,0.3826849904810907
00000000000000000118,stable_nature,2000,70,75,0.024400481581382548,0.013353866187808362,0.3537040626179737
00000000000000000119,stable_crop,0,100,100,0.03947762968918846,0.04435662546176759,0.5290990583904848
00000000000000000119,stable_crop,500,100,100,0.03947762968918846,0.04435662546176759,0.5290990583904848
00000000000000000119,stable_crop,1000,100,95,0.03947762968918846,0.045990362023233436,0.5381004174924483
00000000000000000119,stable_crop,2000,88,71,0.039850200264502166,0.04714499178952121,0.5419264062283188
0000000000000000011a,stable_nature,0,100,100,0.011062579580217124,0.04681456313983652,0.8088609931120019
0000000000000000011a,stable_nature,500,97,100,0.012083267500709738,0.04681456313983652,0.7948435898216893
0000000000000000011a,stable_nature,1000,92,98,0.01795313007456183,0.04681456313983652,0.7228073259324678
0000000000000000011a,stable_nature,2000,60,92,0.018423114441412113,0.04681456313983652,0.7176000874772848
0000000000000000011d,stable_crop,0,100,100,0.1873014222558025,0.1704778495060733,0.4764888940213964
0000000000000000011d,stable_crop,500,100,98,0.1873014222558025,0.18670443197664643,0.49920189714492624
0000000000000000011d,stable_crop,1000,99,89,0.21584403323193815,0.20841039376057494,0.4912391727706393
0000000000000000011d,stable_crop,2000,91,68,0.21584403323193815,0.20841039376057494,0.4912391727706393
0000000000000000011e,stable_built,0,100,100,0.1140826784511955,0.029114344713391405,0.203316689619482
0000000000000000011e,stable_built,500,97,98,0.1140826784511955,0.03167961812973794,0.21733753427746472
0000000000000000011e,stable_built,1000,90,91,0.1140826784511955,0.03199727209966012,0.21903945051173668
0000000000000000011e,stable_built,2000,69,63,0.12632214183611687,0.03199727209966012,0.20210580183449808
0000000000000000011f,stable_nature,0,100,100,0.06244648847015666,0.10761531065967264,0.632801200561707
0000000000000000011f,stable_nature,500,98,100,0.06244648847015666,0.10761531065967264,0.632801200561707
0000000000000000011f,stable_nature,1000,90,94,0.06244648847015666,0.10761531065967263,0.632801200561707
0000000000000000011f,stable_nature,2000,65,40,0.08128523874114495,0.1402623164716765,0.6331025243600887
00000000000000000120,stable_built,0,99,100,0.0407207568254188,0.012241393839323034,0.23113475728320995
00000000000000000120,stable_built,500,96,82,0.046458006236556514,0.01264080768468403,0.21389274751463228
00000000000000000120,stable_built,1000,85,50,0.059206872616622316,0.01608350002905352,0.21361960983418807
00000000000000000120,stable_built,2000,67,38,0.07220105653479159,0.01822519452180682,0.20154760712348893
00000000000000000121,stable_crop,0,100,100,0.11798786420724987,0.07131646151948434,0.3767291700563399
00000000000000000121,stable_crop,500,100,98,0.11798786420724987,0.08448997151101945,0.4172800998730684
00000000000000000121,stable_crop,1000,97,89,0.13433133860100696,0.08896910755306889,0.3984278091915784
00000000000000000121,stable_crop,2000,70,70,0.1488937840233609,0.09101303196527362,0.37936826258911277
00000000000000000122,stable_crop,0,100,100,0.05669509772252559,0.018688116298324252,0.24790819204004086
00000000000000000122,stable_crop,500,100,94,0.05669509772252559,0.020706615310798426,0.26752140875249125
00000000000000000122,stable_crop,1000,96,88,0.05669509772252559,0.0212117353165052,0.272270537625448
00000000000000000122,stable_crop,2000,75,31,0.056695097722525636,0.021543233787426265,0.2753539521022456
00000000000000000123,stable_nature,0,100,100,0.05300524684395884,0.04874924876648721,0.4790869285288222
00000000000000000123,stable_nature,500,98,95,0.05395167997604737,0.054591339450394516,0.5029465712153638
00000000000000000123,stable_nature,1000,94,91,0.05395167997604737,0.054591339450394516,0.5029465712153638
00000000000000000123,stable_nature,2000,77,61,0.0647254386649609,0.06419923006631072,0.49795924005535774
00000000000000000124,stable_crop,0,100,100,0.05620301506631964,0.026615539942974432,0.3213717015428029
00000000000000000124,stable_crop,500,97,96,0.05620301506631964,0.035994515687154435,0.3904065043022611
00000000000000000124,stable_crop,1000,91,84,0.05620301506631964,0.037632207089909706,0.4010456438932234
00000000000000000124,stable_crop,2000,74,52,0.06021267434709869,0.06580565151524584,0.522191126285919
00000000000000000125,stable_built,0,100,100,0.03498394006619414,0.04121819364618604,0.5409060302854566
00000000000000000125,stable_built,500,96,93,0.03498394006619414,0.04121819364618604,0.5409060302854566
00000000000000000125,stable_built,1000,89,80,0.03813238477001759,0.049280884670370506,0.563768921873058
00000000000000000125,stable_built,2000,55,56,0.04392968240495456,0.05705007871372338,0.5649654750728661
00000000000000000126,stable_crop,0,100,98,0.05194735694116408,0.01060571592491888,0.1695474808640437
00000000000000000126,stable_crop,500,100,95,0.05194735694116408,0.01060571592491888,0.1695474808640437
00000000000000000126,stable_crop,1000,97,81,0.05194735694116408,0.013795005834088946,0.20983434807536117
00000000000000000126,stable_crop,2000,68,66,0.05800214700249782,0.014695423468132063,0.20214462976953168
00000000000000000127,stable_crop,0,100,100,0.14338063716576527,0.029055004322403977,0.1684976729374648
00000000000000000127,stable_crop,500,99,98,0.14338063716576524,0.029055004322403977,0.16849767293746482
00000000000000000127,stable_crop,1000,95,88,0.14338063716576524,0.04950262723023189,0.2566455279828962
00000000000000000127,stable_crop,2000,70,64,0.16681941620033183,0.07612777391186684,0.31335111913167596
00000000000000000129,stable_crop,0,100,100,0.03444035880822745,0.006031215072453544,0.14902348720328634
00000000000000000129,stable_crop,500,100,93,0.03444035880822745,0.013510842189712635,0.2817623314588362
00000000000000000129,stable_crop,1000,99,82,0.03444035880822745,0.016721361973253735,0.3268334551206001
00000000000000000129,stable_crop,2000,87,49,0.03444035880822745,0.020348127534886528,0.3713942270112115
0000000000000000012a,stable_nature,0,99,97,0.08238803642999322,0.1306675769822298,0.6133026719591707
0000000000000000012a,stable_nature,500,96,96,0.08238803642999319,0.1306675769822298,0.6133026719591707
0000000000000000012a,stable_nature,1000,95,90,0.08238803642999322,0.13066757698222975,0.6133026719591707
0000000000000000012a,stable_nature,2000,82,63,0.08238803642999319,0.1365915934307893,0.6237639250600815
0000000000000000012b,stable_nature,0,100,100,0.19509045137493608,0.12867647201482696,0.3974355090607074
0000000000000000012b,stable_nature,500,96,97,0.1995706705508,0.12867647201482696,0.3920109433662731
0000000000000000012b,stable_nature,1000,93,93,0.1995706705508,0.12867647201482696,0.3920109433662731
0000000000000000012b,stable_nature,2000,69,55,0.1995706705508,0.1514804582194949,0.43150540136329374
0000000000000000012c,stable_crop,0,100,100,0.06454503522431954,0.0160782107404742,0.1994240066605077
0000000000000000012c,stable_crop,500,100,95,0.06454503522431954,0.0160782107404742,0.1994240066605077
0000000000000000012c,stable_crop,1000,96,85,0.0688383727556137,0.030580717107881527,0.30759401589334584
0000000000000000012c,stable_crop,2000,78,40,0.0729605007371075,0.03446669672975462,0.32083771653882776
0000000000000000012d,stable_nature,0,100,100,0.049546247414964606,0.06309838004709697,0.5601543674844873
0000000000000000012d,stable_nature,500,96,99,0.05424737817807705,0.06729930056919653,0.5536909873825115
0000000000000000012d,stable_nature,1000,79,98,0.07006015514260577,0.07209447735552028,0.5071553145196553
0000000000000000012d,stable_nature,2000,49,91,0.07985210944456096,0.0720944773555203,0.4744725029585677
0000000000000000012e,stable_crop,0,100,100,0.05290915761481161,0.022446924559655513,0.29787807316452175
0000000000000000012e,stable_crop,500,99,99,0.05290915761481161,0.022446924559655513,0.29787807316452175
0000000000000000012e,stable_crop,1000,97,94,0.05290915761481161,0.023426099917333354,0.30688440275663814
0000000000000000012e,stable_crop,2000,75,70,0.05751073835637197,0.027432409931386313,0.3229502377064217
00000000000000000130,stable_crop,0,99,98,0.05959978652210522,0.01964881500768323,0.24793894943432626
00000000000000000130,stable_crop,500,93,96,0.05959978652210522,0.022579719858829717,0.27476095748116214
00000000000000000130,stable_crop,1000,87,90,0.05959978652210522,0.022579719858829717,0.27476095748116214
00000000000000000130,stable_crop,2000,55,64,0.07342283640779575,0.03298601217111639,0.3099931313169334
00000000000000000131,stable_crop,0,100,100,0.04674205727140599,0.04056189198085702,0.46460546547773734
00000000000000000131,stable_crop,500,100,100,0.04674205727140599,0.04056189198085702,0.46460546547773734
00000000000000000131,stable_crop,1000,95,97,0.04674205727140599,0.04056189198085702,0.46460546547773734
00000000000000000131,stable_crop,2000,77,70,0.05872514684290311,0.04132264782113941,0.41302907234973635
00000000000000000132,stable_nature,0,100,100,0.04004779336159929,0.04629109150826782,0.5361557724251728
00000000000000000132,stable_nature,500,96,100,0.04004779336159929,0.04629109150826782,0.5361557724251728
00000000000000000132,stable_nature,1000,83,99,0.04004779336159929,0.04629109150826782,0.5361557724251728
00000000000000000132,stable_nature,2000,45,81,0.06501455828291133,0.0555465259585729,0.4607334639331237
00000000000000000133,stable_nature,0,100,100,0.016635953938913796,0.29856781416055894,0.9472215892590122
00000000000000000133,stable_nature,500,97,100,0.021175417077845936,0.29856781416055894,0.9337736814732099
00000000000000000133,stable_nature,1000,95,100,0.02371792132521249,0.29856781416055894,0.9264071638467349
00000000000000000133,stable_nature,2000,74,98,0.02442008109041536,0.322567922634532,0.9296226934960482
00000000000000000134,stable_built,0,100,100,0.0540587163160414,0.06468307872172707,0.544737248587226
00000000000000000134,stable_built,500,87,98,0.0540587163160414,0.06468307872172707,0.544737248587226
00000000000000000134,stable_built,1000,69,74,0.05666831528925516,0.06468307872172707,0.5330229557588787
00000000000000000135,stable_crop,0,100,100,0.08954661093200544,0.07187657735773952,0.44526798236867987
00000000000000000135,stable_crop,500,99,100,0.08954661093200544,0.07187657735773952,0.44526798236867987
00000000000000000135,stable_crop,1000,91,100,0.08954661093200544,0.07187657735773952,0.44526798236867987
00000000000000000135,stable_crop,2000,67,79,0.09659053799335045,0.07761021604220616,0.44552169978506173
00000000000000000136,stable_crop,0,100,100,0.08673063678417922,0.005222213042767043,0.05679229140302197
00000000000000000136,stable_crop,500,99,97,0.08673063678417922,0.005802781055870465,0.06271011264101642
00000000000000000136,stable_crop,1000,94,68,0.08673063678417922,0.010602647637939566,0.10893136608694573
00000000000000000136,stable_crop,2000,71,21,0.08700415790917634,0.030152548718312876,0.2573693780410572
00000000000000000137,stable_nature,0,100,100,0.009111211736005265,0.005350387592274952,0.3699720529140985
00000000000000000137,stable_nature,500,99,95,0.009111211736005265,0.0069611205191213886,0.4331120342828815
00000000000000000137,stable_nature,1000,95,84,0.009444982467811025,0.007729637018053981,0.45006161702537506
00000000000000000137,stable_nature,2000,75,62,0.009754271792919655,0.007729637018053981,0.44210005332219743
00000000000000000138,stable_crop,0,100,100,0.016201356331009366,0.0113649718537276,0.4122773180799584
00000000000000000138,stable_crop,500,99,97,0.019105092099770116,0.02440066078432581,0.560860556735358
00000000000000000138,stable_crop,1000,95,94,0.019165298412349974,0.02440066078432581,0.5600854711728135
00000000000000000138,stable_crop,2000,73,83,0.02163957259319025,0.02440066078432581,0.5299856015871542
00000000000000000139,stable_crop,0,100,100,0.0858276496480233,0.02289726495396276,0.21059814153520523
00000000000000000139,stable_crop,500,98,96,0.0858276496480233,0.02289726495396276,0.21059814153520523
00000000000000000139,stable_crop,1000,89,95,0.0858276496480233,0.02289726495396276,0.21059814153520523
00000000000000000139,stable_crop,2000,71,72,0.0858276496480233,0.025816167564001312,0.23123687642050225
0000000000000000013a,stable_nature,0,100,100,0.05249523745675959,0.03124335940132219,0.3731058385644985
0000000000000000013a,stable_nature,500,97,97,0.06720684474505442,0.05386302631792139,0.44489207632391925
0000000000000000013a,stable_nature,1000,94,96,0.06720684474505442,0.06660099986661665,0.4977361384110495
0000000000000000013a,stable_nature,2000,57,88,0.0706852326492349,0.07683346933694948,0.520838838072371
0000000000000000013b,stable_nature,0,100,100,0.08891535044390038,0.18487725585252712,0.6752456114599769
0000000000000000013b,stable_nature,500,97,100,0.11113334098181027,0.18487725585252712,0.6245629643974175
0000000000000000013b,stable_nature,1000,81,100,0.11470105310686882,0.18487725585252712,0.6171249730799695
0000000000000000013b,stable_nature,2000,58,67,0.13331167372266758,0.20774661583704815,0.6091234906051588
0000000000000000013d,stable_built,0,100,100,0.08280712620070543,0.03599066479350799,0.30295735713602717
0000000000000000013d,stable_built,500,100,94,0.08280712620070543,0.03599066479350799,0.30295735713602717
0000000000000000013d,stable_built,1000,93,84,0.09028898191442683,0.03599066479350799,0.2850076455825363
0000000000000000013d,stable_built,2000,75,58,0.09182263171518486,0.03599687601507533,0.281622708880702
0000000000000000013e,stable_crop,0,100,100,0.11907914977771394,0.10700104462024174,0.47328800696013557
0000000000000000013e,stable_crop,500,96,99,0.11907914977771394,0.10700104462024174,0.47328800696013557
0000000000000000013e,stable_crop,1000,90,92,0.12203946358682687,0.12495343829877928,0.505898903751271
0000000000000000013e,stable_crop,2000,63,74,0.1277534211834681,0.13545542443370312,0.5146309734217825
0000000000000000013f,stable_crop,0,100,100,0.013123436066163419,0.0028895215727041236,0.18044896125310836
0000000000000000013f,stable_crop,500,100,97,0.013123436066163419,0.00423547020783106,0.24399407086679528
0000000000000000013f,stable_crop,1000,98,89,0.013123436066163419,0.005466711803705037,0.29406499838936756
0000000000000000013f,stable_crop,2000,76,63,0.014142159087302875,0.008710751143760498,0.38116594583822555
00000000000000000140,stable_nature,0,97,98,0.08949437216439171,0.17075292091338995,0.656117951865497
00000000000000000140,stable_nature,500,96,97,0.08949437216439171,0.17075292091338995,0.656117951865497
00000000000000000140,stable_nature,1000,90,93,0.08949437216439171,0.17075292091338995,0.656117951865497
00000000000000000140,stable_nature,2000,63,62,0.12118690570749113,0.17075292091338995,0.5848908074284371
00000000000000000141,stable_crop,0,100,100,0.16226148416795555,0.031148002956023713,0.16104692390759603
00000000000000000141,stable_crop,500,100,96,0.16226148416795555,0.03532849242697746,0.178796986748085
00000000000000000141,stable_crop,1000,97,85,0.1661346219343279,0.03569330700894826,0.1768501871651422
00000000000000000141,stable_crop,2000,82,53,0.1661346219343279,0.03595161575228132,0.17790234586808615
00000000000000000142,stable_built,0,100,100,0.10575374345590416,0.06449559424759907,0.3788302211168784
00000000000000000142,stable_built,500,96,98,0.10575374345590416,0.06449559424759907,0.3788302211168784
00000000000000000142,stable_built,1000,92,96,0.10575374345590416,0.06449559424759907,0.3788302211168784
00000000000000000142,stable_built,2000,68,78,0.10575374345590416,0.06582914442371005,0.3836579814970439
00000000000000000143,stable_crop,0,100,100,0.03277300788444841,0.012301399932116697,0.2729131790683881
00000000000000000143,stable_crop,500,99,76,0.03277300788444841,0.014356894376450735,0.3046238945430016
00000000000000000143,stable_crop,1000,97,31,0.03277300788444841,0.01802548026464701,0.35484284909005015
00000000000000000145,stable_nature,0,100,100,0.09603979917139224,0.07309855068424294,0.4321820021668807
00000000000000000145,stable_nature,500,99,95,0.09603979917139224,0.08322840684869606,0.46426752794583914
00000000000000000145,stable_nature,1000,95,84,0.09735961981181204,0.08898504350791966,0.4775293368866747
00000000000000000145,stable_nature,2000,82,53,0.10660101197832647,0.10251944571075891,0.4902411119561138
00000000000000000146,stable_crop,0,100,100,0.23689664259582796,0.04467014148981574,0.15864847707345284
00000000000000000146,stable_crop,500,100,96,0.23689664259582796,0.05534333472622606,0.18937633116856997
00000000000000000146,stable_crop,1000,94,89,0.23689664259582796,0.061656431676116785,0.20651749048729914
00000000000000000146,stable_crop,2000,53,69,0.2557587391219466,0.06302778362933478,0.19771156912524693
00000000000000000147,stable_nature,0,96,97,0.04968326922877921,0.04122261172145838,0.45346474056579916
00000000000000000147,stable_nature,500,95,95,0.04968326922877921,0.04122261172145838,0.45346474056579916
00000000000000000147,stable_nature,1000,93,92,0.04968326922877921,0.044319505177315,0.47147018220315723
00000000000000000147,stable_nature,2000,72,75,0.05361894626485495,0.045230253759893715,0.4575682327030663
00000000000000000148,stable_built,0,100,100,0.03562949012508423,0.016370918464565287,0.31482288136307135
00000000000000000148,stable_built,500,97,75,0.038303295347802725,0.019313573767016014,0.33520692921013756
00000000000000000148,stable_built,1000,88,74,0.039784807783771955,0.019313573767016014,0.3268037678847687
00000000000000000148,stable_built,2000,63,67,0.04513211721094523,0.019573102091579454,0.30249649568088627
0000000000000000014a,stable_nature,0,100,100,0.1020739137062433,0.053774646097264255,0.3450442286070387
0000000000000000014a,stable_nature,500,96,97,0.1020739137062433,0.053774646097264255,0.3450442286070387
0000000000000000014a,stable_nature,1000,93,89,0.1020739137062433,0.06702651331626538,0.39637104705210013
0000000000000000014a,stable_nature,2000,73,73,0.10487001511457883,0.0871794014112192,0.4539425476414005
0000000000000000014b,stable_nature,0,100,100,0.147658648327219,0.09689598589988295,0.3962140656451668
0000000000000000014b,stable_nature,500,99,97,0.147658648327219,0.11305101244250775,0.43362801404558254
0000000000000000014b,stable_nature,1000,95,84,0.147658648327219,0.137105763984472,0.48147085118880795
0000000000000000014b,stable_nature,2000,77,55,0.147658648327219,0.13827510183012254,0.48359139749522373
0000000000000000014d,stable_nature,0,100,100,0.020476538251493804,0.024420753111127968,0.5439248642717674
0000000000000000014d,stable_nature,500,95,100,0.024910110855613878,0.024420753111127968,0.4950400448509689
0000000000000000014d,stable_nature,1000,86,100,0.030076474627989257,0.024420753111127968,0.4481100071288771
0000000000000000014d,stable_nature,2000,67,5,0.037909667895012114,0.15820809137207015,0.8066994644570069
0000000000000000014e,stable_nature,0,100,100,0.035870269882735006,0.023163168566152637,0.3923736982695902
0000000000000000014e,stable_nature,500,100,95,0.035870269882735006,0.02955959426517074,0.45177526577005883
0000000000000000014e,stable_nature,1000,93,78,0.04041981686745535,0.033129728818498606,0.45044097157999274
0000000000000000014e,stable_nature,2000,69,5,0.04041981686745535,0.053197468790443424,0.5682440845836118
0000000000000000014f,stable_crop,0,100,100,0.019411248330080854,0.016168533161738184,0.45443036700496414
0000000000000000014f,stable_crop,500,98,97,0.019411248330080854,0.016168533161738184,0.45443036700496414
0000000000000000014f,stable_crop,1000,87,94,0.019477630186101446,0.016168533161738184,0.4535841067525297
0000000000000000014f,stable_crop,2000,63,68,0.021253829152262683,0.01785290623670892,0.4565174274630722
00000000000000000150,stable_crop,0,82,56,0.048192275087427114,0.10372201753711847,0.6827666820842425
00000000000000000150,stable_crop,500,72,56,0.05421402495318928,0.10372201753711847,0.656734307767823
00000000000000000150,stable_crop,1000,59,56,0.05421402495318928,0.10372201753711847,0.656734307767823
00000000000000000150,stable_crop,2000,17,42,0.08207662663713629,0.1339560619889273,0.6200731141210539
00000000000000000152,stable_nature,0,100,100,0.07248163016091,0.07088946120351995,0.4944473849531777
00000000000000000152,stable_nature,500,99,93,0.07248163016091,0.07088946120351995,0.4944473849531777
00000000000000000152,stable_nature,1000,95,85,0.07248163016091,0.07088946120351995,0.4944473849531777
00000000000000000152,stable_nature,2000,73,64,0.07248163016091,0.07290725588179718,0.5014637491608513
00000000000000000153,stable_crop,0,100,100,0.09158950634885354,0.024854765314313142,0.21344772876415938
00000000000000000153,stable_crop,500,96,98,0.14895869161614617,0.025744189431866495,0.1473598447677803
00000000000000000153,stable_crop,1000,87,96,0.14895869161614617,0.02750289403037043,0.15585768386615131
00000000000000000153,stable_crop,2000,66,86,0.16345751375642054,0.028035811345528305,0.1464062067461409
00000000000000000154,stable_built,0,100,100,0.1263718555753543,0.15284782481470446,0.5474106431202655
00000000000000000154,stable_built,500,100,100,0.1263718555753543,0.15284782481470446,0.5474106431202655
00000000000000000154,stable_built,1000,93,100,0.1263718555753543,0.15284782481470446,0.5474106431202655
00000000000000000154,stable_built,2000,60,97,0.1402958838957889,0.15284782481470446,0.5214091937587325
00000000000000000155,stable_nature,0,100,100,0.017378001043150702,0.05386037650299349,0.7560584386884684
00000000000000000155,stable_nature,500,99,100,0.017378001043150702,0.05386037650299349,0.7560584386884684
00000000000000000155,stable_nature,1000,95,97,0.017861653738369697,0.05386037650299349,0.7509600093721333
00000000000000000155,stable_nature,2000,68,65,0.020535241003229076,0.05386037650299349,0.7239724369216312
00000000000000000156,stable_nature,0,62,88,0.11828265640076485,0.1042839529018961,0.46855165394380993
00000000000000000156,stable_nature,500,60,81,0.11828265640076485,0.13119529290531226,0.525879314262868
00000000000000000156,stable_nature,1000,48,51,0.11828265640076485,0.13119529290531226,0.525879314262868
00000000000000000158,stable_crop,0,99,100,0.05577379280175012,0.03803540552921991,0.4054549682283928
00000000000000000158,stable_crop,500,96,97,0.05577379280175012,0.03942621430356228,0.4141408756360067
00000000000000000158,stable_crop,1000,91,88,0.05577379280175012,0.042439937436997165,0.4321181705795921
00000000000000000158,stable_crop,2000,75,65,0.0628460666559717,0.04882971792829536,0.4372453536783772
00000000000000000159,stable_crop,0,100,100,0.04503315468874865,0.013631703164638732,0.23236574097689144
00000000000000000159,stable_crop,500,99,90,0.04503315468874865,0.017595217158957333,0.2809464247523925
00000000000000000159,stable_crop,1000,97,76,0.05186414376216737,0.023670472397633535,0.3133725118459985
00000000000000000159,stable_crop,2000,88,25,0.06364869366810626,0.04226021558736379,0.3990241792125914
0000000000000000015a,stable_nature,0,100,100,0.014722656437438997,0.04288251202024511,0.7444212588493955
0000000000000000015a,stable_nature,500,99,100,0.014722656437438997,0.04288251202024511,0.7444212588493955
0000000000000000015a,stable_nature,1000,95,99,0.015543997111611318,0.04288251202024511,0.7339564293107822
0000000000000000015a,stable_nature,2000,71,82,0.01730972952853549,0.04479225194796914,0.7212692877471931
0000000000000000015b,stable_nature,0,100,100,0.14074658673283,0.13832396844812125,0.49565948782355557
0000000000000000015b,stable_nature,500,98,98,0.14074658673283,0.15857588730680333,0.5297827629383971
0000000000000000015b,stable_nature,1000,85,90,0.14074658673283,0.15857588730680333,0.5297827629383971
0000000000000000015b,stable_nature,2000,52,67,0.16036837177990249,0.15857588730680333,0.4971899721925921
0000000000000000015d,stable_nature,0,100,100,0.007756800858796886,0.20769239939139822,0.9639970774978365
0000000000000000015d,stable_nature,500,96,100,0.008282765358348643,0.20769239939139822,0.961649454607859
0000000000000000015d,stable_nature,1000,86,95,0.010284177466069754,0.238302491551575,0.9586294087785601
0000000000000000015d,stable_nature,2000,62,61,0.010284177466069754,0.26954931709109275,0.9632489402910551
0000000000000000015e,stable_crop,0,100,100,0.11624621085424328,0.0725271924875582,0.38420238870119355
0000000000000000015e,stable_crop,500,99,98,0.12548723677477072,0.08915037511465418,0.41535299582147106
0000000000000000015e,stable_crop,1000,95,95,0.12548723677477072,0.08915037511465418,0.41535299582147106
0000000000000000015e,stable_crop,2000,58,78,0.15633489181718163,0.08915037511465418,0.3631597782975933
0000000000000000015f,stable_nature,0,100,100,0.06736520697466045,0.08276898570981805,0.5513000351839489
0000000000000000015f,stable_nature,500,97,100,0.08097820696193869,0.08276898570981805,0.5054681204533936
0000000000000000015f,stable_nature,1000,90,99,0.08097820696193869,0.08276898570981805,0.5054681204533936
0000000000000000015f,stable_nature,2000,63,83,0.14661030398262564,0.08731243195371707,0.3732532949559213
00000000000000000160,stable_nature,0,100,100,0.0083842759748733,0.0035621166866258713,0.29817508826808314
00000000000000000160,stable_nature,500,97,76,0.0083842759748733,0.014258163574245631,0.6297096893064572
00000000000000000160,stable_nature,1000,92,57,0.00858495644380437,0.016856897965673003,0.6625656170224391
00000000000000000162,stable_nature,0,100,100,0.03971538135377972,0.1019126277770167,0.719579611418379
00000000000000000162,stable_nature,500,94,100,0.04094927335222522,0.1019126277770167,0.7133646337528906
00000000000000000162,stable_nature,1000,89,100,0.04294550046190164,0.1019126277770167,0.7035340647797544
00000000000000000162,stable_nature,2000,42,93,0.06265136247955871,0.1019126277770167,0.6192887497289239
00000000000000000163,stable_nature,0,100,100,0.016649398495842814,0.1725031581314265,0.911978993075082
00000000000000000163,stable_nature,500,97,100,0.017583182888028116,0.1725031581314265,0.9074989670765662
00000000000000000163,stable_nature,1000,86,98,0.02072449033546333,0.17250315813142647,0.8927457302265556
00000000000000000163,stable_nature,2000,55,76,0.0329615008245175,0.1725031581314265,0.8395758132184439
00000000000000000164,stable_built,0,100,100,0.14917275447834777,0.048051137773328215,0.24363750874446222
00000000000000000164,stable_built,500,97,97,0.14917275447834777,0.10575396865473614,0.41484065442253654
00000000000000000164,stable_built,1000,86,97,0.1557684258299516,0.10575396865473614,0.40437825167023594
00000000000000000164,stable_built,2000,64,89,0.1557684258299516,0.10575396865473614,0.40437825167023594
00000000000000000165,stable_nature,0,100,100,0.07673365496277396,0.13358225499893636,0.6351504982320212
00000000000000000165,stable_nature,500,98,99,0.07673365496277396,0.13358225499893636,0.6351504982320212
00000000000000000165,stable_nature,1000,94,94,0.07673365496277396,0.13358225499893636,0.6351504982320212
00000000000000000165,stable_nature,2000,71,86,0.07673365496277396,0.1535703118353685,0.6668157477691362
00000000000000000166,stable_crop,0,100,100,0.03883336193114524,0.027638773453493727,0.4157948784576727
00000000000000000166,stable_crop,500,99,98,0.04202876312724661,0.027638773453493814,0.3967238517335177
00000000000000000166,stable_crop,1000,93,95,0.04364765590440922,0.027638773453493814,0.38771437568210837
00000000000000000166,stable_crop,2000,65,80,0.0443058615686782,0.029768665798451388,0.40187452902007037
00000000000000000167,stable_crop,0,100,100,0.13311969307905083,0.02017945507930552,0.13163448930798186
00000000000000000167,stable_crop,500,95,99,0.13311969307905083,0.02017945507930552,0.13163448930798186
00000000000000000167,stable_crop,1000,87,95,0.13311969307905083,0.02017945507930552,0.13163448930798186
00000000000000000167,stable_crop,2000,66,73,0.16053534765611155,0.02017945507930552,0.11166464934661946
00000000000000000168,stable_built,0,100,100,0.08375257769582498,0.041749544284024664,0.3326600668185931
00000000000000000168,stable_built,500,99,97,0.08375257769582498,0.041749544284024664,0.3326600668185931
00000000000000000168,stable_built,1000,93,92,0.08375257769582498,0.041749544284024664,0.3326600668185931
00000000000000000168,stable_built,2000,74,59,0.08597550003789164,0.049972783181595724,0.367586717520717
00000000000000000169,stable_nature,0,100,100,0.011204326910604755,0.013754955521566048,0.5510957920523291
00000000000000000169,stable_nature,500,98,99,0.011204326910604755,0.013754955521566048,0.5510957920523291
00000000000000000169,stable_nature,1000,91,99,0.011204326910604755,0.013754955521566048,0.5510957920523291
00000000000000000169,stable_nature,2000,51,85,0.01470181718004131,0.013754955521566048,0.48336315805431257
0000000000000000016b,stable_crop,0,100,100,0.05464694881789571,0.07224420978919315,0.5693399806705511
0000000000000000016b,stable_crop,500,97,100,0.05665233508278986,0.07224420978919315,0.5604821282089748
0000000000000000016b,stable_crop,1000,95,94,0.05665233508278986,0.07224420978919315,0.5604821282089748
0000000000000000016b,stable_crop,2000,80,76,0.06529411688861883,0.07999723989939403,0.5505987532043167
0000000000000000016d,stable_built,0,85,92,0.010417942173777872,0.021282069014004135,0.6713584070132893
0000000000000000016d,stable_built,500,76,89,0.013240998057355503,0.023695571025582663,0.641520628830864
0000000000000000016d,stable_built,1000,68,86,0.015478931079802517,0.02471464786780888,0.6148904505221404
0000000000000000016d,stable_built,2000,28,72,0.025642411587698134,0.07484873838638777,0.744829155651463
0000000000000000016e,stable_built,0,100,100,0.12820968693223445,0.08113424063676404,0.38756433768366705
0000000000000000016e,stable_built,500,98,99,0.13626605187499946,0.08113424063676404,0.3732020766807417
0000000000000000016e,stable_built,1000,92,97,0.13626605187499946,0.08113424063676404,0.3732020766807417
0000000000000000016e,stable_built,2000,58,90,0.1510084922679117,0.08113424063676404,0.34950153132611955
00000000000000000170,stable_crop,0,100,100,0.08902949761245071,0.029353474975825234,0.2479535218098105
00000000000000000170,stable_crop,500,100,96,0.08902949761245071,0.03612501285441063,0.2886433155254699
00000000000000000170,stable_crop,1000,96,89,0.08902949761245071,0.03612501285441063,0.2886433155254699
00000000000000000170,stable_crop,2000,83,50,0.08902949761245071,0.03612501285441063,0.2886433155254699
00000000000000000171,stable_crop,0,100,100,0.05479694413912071,0.004369795930291099,0.07385561423682954
00000000000000000171,stable_crop,500,100,81,0.05479694413912071,0.016869004419176225,0.23538381558179874
00000000000000000171,stable_crop,1000,95,63,0.06523734971540666,0.023261554393459383,0.26284567732704994
00000000000000000171,stable_crop,2000,71,21,0.10225270323971516,0.04950409356076897,0.3262067637440067
00000000000000000172,stable_nature,0,100,100,0.010937648874548022,0.04584960216110092,0.8073925277966149
00000000000000000172,stable_nature,500,97,100,0.012642038940579914,0.04584960216110092,0.783865887445574
00000000000000000172,stable_nature,1000,85,99,0.034995793768185825,0.04584960216110092,0.5671269419057231
00000000000000000172,stable_nature,2000,69,73,0.03842895173790965,0.04584960216110092,0.544024547638746
00000000000000000173,stable_crop,0,100,100,0.03459686739336587,0.01780780681820371,0.33981332936008213
00000000000000000173,stable_crop,500,97,92,0.03459686739336587,0.02167465584334627,0.38517983157812075
00000000000000000173,stable_crop,1000,93,73,0.03583465896808084,0.027059166934328572,0.4302356637658724
00000000000000000173,stable_crop,2000,81,7,0.03735624312224286,0.07084272688964435,0.6547449285442043
00000000000000000174,stable_nature,0,100,100,0.06490553055378459,0.15226778170237998,0.7011348683675871
00000000000000000174,stable_nature,500,97,100,0.06525012053694856,0.15226778170237998,0.7000241365611563
00000000000000000174,stable_nature,1000,93,100,0.06525012053694856,0.15226778170237998,0.7000241365611563
00000000000000000174,stable_nature,2000,64,99,0.08655555212167287,0.15226778170237998,0.6375749775519083
00000000000000000175,stable_built,0,100,100,0.051440541114285934,0.037014566119556516,0.41845595213948805
00000000000000000175,stable_built,500,98,90,0.051440541114285934,0.060072349522411785,0.5387031865005201
00000000000000000175,stable_built,1000,91,89,0.051440541114285934,0.060072349522411785,0.5387031865005201
00000000000000000175,stable_built,2000,58,29,0.051440541114285934,0.0684739789236118,0.5710232497399005
00000000000000000177,stable_crop,0,100,100,0.08249652075455591,0.013330433962218691,0.13910943952543317
00000000000000000177,stable_crop,500,100,95,0.08249652075455591,0.026687409595597233,0.2444261670171262
00000000000000000177,stable_crop,1000,95,85,0.09823537208244873,0.03325928193079588,0.2529325787434138
00000000000000000177,stable_crop,2000,61,54,0.129124962686389,0.03849616305679589,0.22966176182080317
00000000000000000178,stable_built,0,100,100,0.14337664208554912,0.014837401541250173,0.09378055955737635
00000000000000000178,stable_built,500,99,59,0.14337664208554912,0.034428918084638147,0.19363240413567911
00000000000000000179,stable_built,0,99,100,0.06491483574239801,0.027777763349350493,0.2996761728685154
00000000000000000179,stable_built,500,98,86,0.06688526052295955,0.04195741960312236,0.38548682882609975
00000000000000000179,stable_built,1000,95,68,0.06688526052295955,0.0597633432765897,0.4718831592546187
0000000000000000017a,stable_nature,0,100,99,0.061553865314532774,0.06031573332499633,0.49492025901312564
0000000000000000017a,stable_nature,500,96,93,0.061553865314532774,0.06031573332499627,0.4949202590131254
0000000000000000017a,stable_nature,1000,93,92,0.061553865314532774,0.06031573332499627,0.4949202590131254
0000000000000000017a,stable_nature,2000,74,77,0.06622641145567942,0.0615218682032995,0.48158666689719126
0000000000000000017b,stable_built,0,100,100,0.06881758983476376,0.042347261767577415,0.38094110824418737
0000000000000000017b,stable_built,500,94,85,0.07042542163593565,0.04564129174372193,0.39323325710132506
0000000000000000017b,stable_built,1000,85,52,0.07042542163593565,0.051481224080970354,0.4223003904159479
0000000000000000017c,stable_crop,0,100,100,0.01118053427711132,0.00935217240130375,0.45547684225576107
0000000000000000017c,stable_crop,500,98,98,0.01118053427711132,0.00935217240130375,0.45547684225576107
0000000000000000017c,stable_crop,1000,90,88,0.011324158656928951,0.00935217240130375,0.4523129550649983
0000000000000000017c,stable_crop,2000,58,59,0.013733086861820865,0.011528728266927458,0.4563697504599035
0000000000000000017d,stable_crop,0,100,100,0.0509538998131406,0.0945355863928689,0.6497760687556424
0000000000000000017d,stable_crop,500,97,100,0.06412252585600582,0.0945355863928689,0.595844643884218
0000000000000000017d,stable_crop,1000,95,95,0.06412252585600582,0.10761947240801881,0.6266345651920575
0000000000000000017d,stable_crop,2000,74,67,0.06412252585600582,0.10963813010713326,0.6309721236881178
0000000000000000017e,stable_crop,0,100,99,0.025748999430792806,0.016850366731838907,0.39555440020195753
0000000000000000017e,stable_crop,500,100,99,0.025748999430792806,0.016850366731838907,0.39555440020195753
0000000000000000017e,stable_crop,1000,99,95,0.02574899943079283,0.016850366731838907,0.3955544002019573
0000000000000000017e,stable_crop,2000,81,67,0.02659982124406639,0.022416642343552295,0.45732883815709013
0000000000000000017f,stable_crop,0,100,100,0.022894864639701296,0.0158531897615277,0.4091351167457775
0000000000000000017f,stable_crop,500,100,95,0.022894864639701296,0.01856031279838686,0.4477200182210849
0000000000000000017f,stable_crop,1000,96,84,0.023433864806181037,0.01857571445912114,0.4421780647068175
0000000000000000017f,stable_crop,2000,87,24,0.02730887137654603,0.03985465837085522,0.5933973172665767
00000000000000000180,stable_nature,0,100,100,0.053739444189038046,0.0703928594020242,0.5670792965653586
00000000000000000180,stable_nature,500,100,100,0.053739444189038046,0.0703928594020242,0.5670792965653586
00000000000000000180,stable_nature,1000,86,99,0.07472357660810466,0.0703928594020242,0.4850784744784238
00000000000000000180,stable_nature,2000,50,96,0.09404369945412841,0.0703928594020242,0.42808521347843975
00000000000000000181,stable_nature,0,100,98,0.11363694065125943,0.27413158748711164,0.7069464579873893
00000000000000000181,stable_nature,500,97,98,0.11363694065125943,0.27413158748711164,0.7069464579873893
00000000000000000181,stable_nature,1000,87,92,0.15367606603252498,0.27693699020124374,0.6431226043695681
00000000000000000181,stable_nature,2000,67,66,0.20872665187122047,0.3382489642626279,0.6183986164736782
00000000000000000183,stable_crop,0,100,100,0.047684875293085315,0.05176504648543554,0.5205136973380226
00000000000000000183,stable_crop,500,97,97,0.056258734558585766,0.05176504648543554,0.4792004684955557
00000000000000000183,stable_crop,1000,93,89,0.056258734558585766,0.05176504648543554,0.4792004684955557
00000000000000000183,stable_crop,2000,75,51,0.07206052293929521,0.06315522074959064,0.46707002473347825
00000000000000000184,stable_nature,0,100,100,0.03711188054670909,0.047008537766406636,0.5588243461994105
00000000000000000184,stable_nature,500,100,99,0.03711188054670909,0.047008537766406636,0.5588243461994105
00000000000000000184,stable_nature,1000,90,90,0.03980078264218316,0.047008537766406636,0.5415148689634669
00000000000000000184,stable_nature,2000,72,63,0.04014118650384775,0.05351242745671261,0.5713866789879193
00000000000000000185,stable_built,0,100,100,0.049615347083200256,0.05049011063111038,0.5043692100654384
00000000000000000185,stable_built,500,98,95,0.06298254323359416,0.05049011063111038,0.44495399473837705
00000000000000000185,stable_built,1000,86,89,0.06298254323359416,0.05049011063111038,0.44495399473837705
00000000000000000185,stable_built,2000,65,68,0.0701922311766372,0.05380666848444793,0.43392859639141035
00000000000000000186,stable_crop,0,100,100,0.020768926840920264,0.009917364581707555,0.3231855047192632
00000000000000000186,stable_crop,500,99,92,0.020768926840920264,0.02543448336575609,0.5504893091534256
00000000000000000186,stable_crop,1000,99,83,0.020768926840920264,0.03268784701005876,0.6114818507486236
00000000000000000186,stable_crop,2000,71,56,0.03313114631653578,0.03387402763013536,0.5055434623091923
00000000000000000187,stable_crop,0,100,100,0.039050975319096494,0.02053978905305809,0.34468074489595213
00000000000000000187,stable_crop,500,98,97,0.0393216876161989,0.022367075541920745,0.3625794131133289
00000000000000000187,stable_crop,1000,96,89,0.039811328101843804,0.022367075541920745,0.35972418445651205
00000000000000000187,stable_crop,2000,91,55,0.039811328101843804,0.024624069708290786,0.38215127933974957
00000000000000000188,stable_nature,0,100,100,0.01905627322100789,0.24799886850434008,0.9286429270793264
00000000000000000188,stable_nature,500,99,96,0.01905627322100789,0.24799886850434008,0.9286429270793264
00000000000000000188,stable_nature,1000,92,80,0.021178914732944108,0.2515113401003596,0.922333437449706
00000000000000000189,stable_nature,0,100,100,0.12112620456286775,0.1618045156986349,0.5718874060353466
00000000000000000189,stable_nature,500,98,98,0.13742484916641223,0.1618045156986349,0.5407374231839454
00000000000000000189,stable_nature,1000,94,91,0.13742484916641223,0.1772826678079767,0.5633251773323252
00000000000000000189,stable_nature,2000,64,77,0.14799405537708193,0.1910419324574414,0.5634857045032095
0000000000000000018a,stable_crop,0,100,100,0.10069605257412413,0.069304436042364,0.40767198145120254
0000000000000000018a,stable_crop,500,99,94,0.10069605257412413,0.08895948399403437,0.4690581967882335
0000000000000000018a,stable_crop,1000,95,90,0.10069605257412413,0.09216500076955539,0.4778829067413571
0000000000000000018a,stable_crop,2000,85,69,0.10069605257412413,0.09216500076955539,0.4778829067413571
0000000000000000018b,stable_crop,0,99,100,0.06115612003800919,0.0923465167539053,0.6015956382461822
0000000000000000018b,stable_crop,500,93,98,0.06298492570732421,0.09542486462808601,0.6023924684543488
0000000000000000018b,stable_crop,1000,78,93,0.09340343062636206,0.09941553340618688,0.5155900193971034
0000000000000000018b,stable_crop,2000,61,70,0.09491337405083052,0.1130684602133687,0.5436458458636068
0000000000000000018c,stable_crop,0,100,100,0.059197208865586305,0.015355573324322714,0.20596915196271742
0000000000000000018c,stable_crop,500,98,97,0.059197208865586305,0.015355573324322714,0.20596915196271742
0000000000000000018c,stable_crop,1000,96,92,0.062470638653045876,0.015355573324322714,0.19730593246129874
0000000000000000018c,stable_crop,2000,81,75,0.07872957877193736,0.016492107684735812,0.17319697117595884
0000000000000000018d,stable_nature,0,100,100,0.2003963950725574,0.21284610956034777,0.5150634486375254
0000000000000000018d,stable_nature,500,99,96,0.22598544499410508,0.21284610956034777,0.48502918113071
0000000000000000018d,stable_nature,1000,92,92,0.22598544499410508,0.21284610956034777,0.48502918113071
0000000000000000018d,stable_nature,2000,74,70,0.22853941245078638,0.21284610956034777,0.48222268050399814
0000000000000000018e,stable_nature,0,100,100,0.05760683568455445,0.04488581771211031,0.437941805818572
0000000000000000018e,stable_nature,500,97,100,0.05760683568455445,0.04488581771211031,0.437941805818572
0000000000000000018e,stable_nature,1000,90,100,0.06334102822385226,0.04488581771211031,0.4147382964320548
0000000000000000018e,stable_nature,2000,73,93,0.08598315288926565,0.04488581771211031,0.34298288972172436
0000000000000000018f,stable_crop,0,100,100,0.10272305105039266,0.0077940948185077465,0.0705238518164672
0000000000000000018f,stable_crop,500,100,95,0.10272305105039266,0.008825269531477642,0.07911611295771383
0000000000000000018f,stable_crop,1000,96,91,0.11837991960872118,0.00916509465406674,0.07185772573682528
0000000000000000018f,stable_crop,2000,76,67,0.12142463131914201,0.011868062445999205,0.0890376067185005
00000000000000000190,stable_built,0,100,100,0.1802369289597882,0.056386669060079206,0.2382968965551211
00000000000000000190,stable_built,500,99,78,0.1802369289597882,0.1183893116790961,0.396446445648635
00000000000000000190,stable_built,1000,83,62,0.18687187840090988,0.12394299977545338,0.3987679113119115
00000000000000000190,stable_built,2000,46,19,0.21584850408440745,0.13784314853263646,0.3897268920889547
00000000000000000191,stable_crop,0,100,100,0.1159436739546776,0.16555133828166782,0.5881146417687909
00000000000000000191,stable_crop,500,97,100,0.135467498412618,0.16555133828166782,0.5499700287834529
00000000000000000191,stable_crop,1000,91,90,0.135467498412618,0.16555133828166782,0.5499700287834529
00000000000000000191,stable_crop,2000,59,67,0.14774046601475685,0.17273423166126103,0.5389949125885338
00000000000000000193,stable_nature,0,100,100,0.017240789459006665,0.04022025819706367,0.699956924508228
00000000000000000193,stable_nature,500,99,100,0.017240789459006665,0.04022025819706367,0.699956924508228
00000000000000000193,stable_nature,1000,88,97,0.020506376095490685,0.04022025819706367,0.6623166039902318
00000000000000000193,stable_nature,2000,62,63,0.02050637609549071,0.04022025819706367,0.6623166039902315
00000000000000000194,stable_nature,0,99,100,0.02600027802503113,0.04079113191647059,0.6107242226445913
00000000000000000194,stable_nature,500,96,100,0.028429431810599336,0.04079113191647059,0.5892921080030038
00000000000000000194,stable_nature,1000,90,98,0.032696782835596475,0.04079113191647059,0.555072654511103
00000000000000000194,stable_nature,2000,65,94,0.03899741923768938,0.04079113191647059,0.511240413892797
00000000000000000195,stable_nature,0,100,100,0.01919081500306512,0.017618708745638423,0.47864538714061255
00000000000000000195,stable_nature,500,97,99,0.019748410918940418,0.017618708745638423,0.47150299255920713
00000000000000000195,stable_nature,1000,91,95,0.021286820261959005,0.017901698154197242,0.45680977177131815
00000000000000000195,stable_nature,2000,60,86,0.024935326465983974,0.018157985050263004,0.42136434659925687
00000000000000000197,stable_crop,0,100,100,0.04969309015367214,0.02094784992737255,0.29653979552145027
00000000000000000197,stable_crop,500,100,97,0.04969309015367214,0.02094784992737255,0.29653979552145027
00000000000000000197,stable_crop,1000,95,79,0.06285044508438994,0.022230111589053837,0.2612830998992658
00000000000000000197,stable_crop,2000,70,21,0.082146993810425,0.03389996843596397,0.29212284216191714
00000000000000000198,stable_crop,0,100,100,0.07280477019594582,0.02328954203014757,0.24236129579770466
00000000000000000198,stable_crop,500,100,94,0.07280477019594582,0.02857337804011284,0.28184947680537603
00000000000000000198,stable_crop,1000,100,86,0.07280477019594582,0.02857337804011284,0.28184947680537603
00000000000000000198,stable_crop,2000,95,54,0.07280477019594582,0.033243113233562174,0.31347267062945217
00000000000000000199,stable_nature,0,100,100,0.025164395357536874,0.12034614199652667,0.8270613536589954
00000000000000000199,stable_nature,500,96,94,0.025164395357536874,0.12034614199652667,0.8270613536589954
00000000000000000199,stable_nature,1000,85,87,0.025164395357536874,0.12034614199652667,0.8270613536589954
00000000000000000199,stable_nature,2000,57,50,0.026434247573792646,0.12702025012949733,0.8277388543818898
0000000000000000019a,stable_nature,0,100,100,0.010387395873901894,0.10063719387421485,0.9064405831323098
0000000000000000019a,stable_nature,500,99,100,0.010387395873901894,0.10063719387421485,0.9064405831323098
0000000000000000019a,stable_nature,1000,90,100,0.014854779854000456,0.10063719387421485,0.8713782492813807
0000000000000000019a,stable_nature,2000,69,100,0.015114002489921096,0.10063719387421485,0.8694268140154324
0000000000000000019b,stable_nature,0,100,100,0.1154925681067214,0.13083971446692255,0.5311513095214198
0000000000000000019b,stable_nature,500,98,100,0.1154925681067214,0.13083971446692255,0.5311513095214198
0000000000000000019b,stable_nature,1000,92,97,0.1264689264242276,0.13083971446692255,0.5084932787848485
0000000000000000019b,stable_nature,2000,62,71,0.12935101576386476,0.15411763262199685,0.5436849312932344
0000000000000000019c,stable_nature,0,100,100,0.027454851647558853,0.03333310046259992,0.5483504428911499
0000000000000000019c,stable_nature,500,99,93,0.027454851647558898,0.03333310046259992,0.5483504428911494
0000000000000000019c,stable_nature,1000,87,86,0.029562628745081154,0.033530814070281446,0.5314468916821511
0000000000000000019c,stable_nature,2000,71,48,0.030648483020610205,0.03864854202721772,0.5577229614111899
0000000000000000019d,stable_built,0,100,100,0.08803770594401947,0.08253217639384977,0.4838613667440072
0000000000000000019d,stable_built,500,99,98,0.08803770594401947,0.09311339884622474,0.51400955546767
0000000000000000019d,stable_built,1000,88,97,0.11243204494681261,0.09407655485830749,0.4555575648986577
0000000000000000019d,stable_built,2000,64,89,0.11243204494681261,0.09472608312599148,0.4572646219908083
0000000000000000019f,stable_crop,0,100,100,0.068798532089859,0.06817316484227931,0.49771716616431727
0000000000000000019f,stable_crop,500,95,94,0.07753657061958374,0.07385480183785478,0.48784022919225556
0000000000000000019f,stable_crop,1000,89,87,0.07753657061958374,0.07385480183785478,0.48784022919225556
0000000000000000019f,stable_crop,2000,69,38,0.07986559070491857,0.08286804575741573,0.5092250597871131
000000000000000001a0,stable_nature,0,100,100,0.06304330775675097,0.07650864397025425,0.5482448867456471
000000000000000001a0,stable_nature,500,95,100,0.07398370724919809,0.07650864397025425,0.5083889204321004
000000000000000001a0,stable_nature,1000,90,100,0.07527303254435344,0.07650864397025425,0.5040703576784308
000000000000000001a0,stable_nature,2000,64,92,0.09313228516207635,0.10299911526311792,0.5251536217010659
000000000000000001a1,stable_nature,0,100,100,0.1667160721484755,0.10932821814495113,0.396053176931653
000000000000000001a1,stable_nature,500,100,91,0.1667160721484755,0.16729580645877046,0.5008678348681949
000000000000000001a1,stable_nature,1000,96,79,0.1798366760096876,0.20920984553345115,0.537750201963226
000000000000000001a1,stable_nature,2000,69,69,0.22771155200841342,0.20920984553345115,0.4788271911377983
000000000000000001a2,stable_nature,0,100,100,0.00832341808908923,0.011426109774116155,0.5785510343680249
000000000000000001a2,stable_nature,500,98,97,0.00832341808908923,0.012201137060799106,0.5944653597167499
000000000000000001a2,stable_nature,1000,89,94,0.011251757996840684,0.012837177073039352,0.5329076206676152
000000000000000001a2,stable_nature,2000,70,51,0.01227430045738247,0.017687103725905096,0.5903295992776136
000000000000000001a3,stable_crop,0,100,100,0.25153405080273195,0.3370266051045193,0.5726284992401145
000000000000000001a3,stable_crop,500,97,97,0.25153405080273195,0.3370266051045193,0.5726284992401145
000000000000000001a3,stable_crop,1000,84,95,0.25153405080273195,0.3370266051045193,0.5726284992401145
000000000000000001a3,stable_crop,2000,63,72,0.26301957631890527,0.34235151342834513,0.5655233942055532
000000000000000001a4,stable_built,0,100,100,0.10669293499514625,0.04155979267060879,0.28033071178310853
000000000000000001a4,stable_built,500,97,89,0.1078711102699876,0.05493615723955707,0.33743062014107555
000000000000000001a4,stable_built,1000,92,73,0.11530989113171697,0.05493615723955707,0.32268682747589617
000000000000000001a5,stable_crop,0,100,100,0.05081700608791717,0.012587616033523963,0.198528366105801
000000000000000001a5,stable_crop,500,97,97,0.05474268150449328,0.012883349976987235,0.19050873893620165
000000000000000001a5,stable_crop,1000,97,84,0.05474268150449328,0.012883349976987302,0.19050873893620246
000000000000000001a5,stable_crop,2000,78,64,0.05474268150449328,0.014074561434935063,0.2045208560174186
000000000000000001a7,stable_built,0,100,100,0.05701041236480235,0.06737664116801426,0.5416692433324408
000000000000000001a7,stable_built,500,100,96,0.05701041236480235,0.06737664116801426,0.5416692433324408
000000000000000001a7,stable_built,1000,94,92,0.05701041236480235,0.0684761122061712,0.5456849844215449
000000000000000001a7,stable_built,2000,82,46,0.05845696518246864,0.06847611220617118,0.5394662574513469
000000000000000001a9,stable_crop,0,100,100,0.05731337527557678,0.05074012049874166,0.46958333124407536
000000000000000001a9,stable_crop,500,96,97,0.07104096836866916,0.05074012049874166,0.41665024487971464
000000000000000001a9,stable_crop,1000,89,90,0.07241076263762466,0.05074012049874166,0.4120158882023164
000000000000000001a9,stable_crop,2000,57,74,0.0842488811235439,0.05074012049874166,0.37588336744901896
000000000000000001aa,stable_nature,0,100,100,0.01561430306816991,0.007866462275603813,0.33501728585498197
000000000000000001aa,stable_nature,500,99,98,0.01561430306816991,0.007866462275603813,0.33501728585498197
000000000000000001aa,stable_nature,1000,89,95,0.017148942215086605,0.007866462275603813,0.31446472425488403
000000000000000001aa,stable_nature,2000,73,24,0.031134962308230384,0.015534206266469331,0.33285800327194764
000000000000000001ab,stable_nature,0,100,100,0.02016322556136174,0.06414408769407232,0.7608365777114484
000000000000000001ab,stable_nature,500,91,100,0.02448123304192995,0.06414408769407232,0.7237670584507266
000000000000000001ab,stable_nature,1000,84,97,0.02789379085983954,0.06710442576003577,0.7063756367957958
000000000000000001ab,stable_nature,2000,63,83,0.03250876981808191,0.07980940998122696,0.7105653788471338
000000000000000001ac,stable_built,0,100,100,0.13691909291738244,0.07396191912778365,0.3507282064427493
000000000000000001ac,stable_built,500,97,95,0.13691909291738244,0.08674694025294245,0.3878413678776856
000000000000000001ac,stable_built,1000,90,89,0.13691909291738244,0.08674694025294247,0.38784136787768564
000000000000000001ac,stable_built,2000,60,58,0.13691909291738244,0.08967567028843453,0.39575349853335307
000000000000000001ad,stable_crop,0,100,100,0.07632538033476763,0.014204250713096233,0.1569016746067308
000000000000000001ad,stable_crop,500,98,98,0.07632538033476763,0.016105465949822585,0.17424341112338593
000000000000000001ad,stable_crop,1000,89,93,0.07664652938939487,0.016105465949822585,0.17364010219669335
000000000000000001ad,stable_crop,2000,63,64,0.08128670505302153,0.017994978564131438,0.18125174662973964
000000000000000001ae,stable_nature,0,100,100,0.009138962455604615,0.06920104534610132,0.883342334103151
000000000000000001ae,stable_nature,500,97,100,0.009138962455604615,0.06920104534610132,0.883342334103151
000000000000000001ae,stable_nature,1000,86,99,0.010421798894806277,0.06920104534610132,0.8691104419211262
000000000000000001ae,stable_nature,2000,46,68,0.011963069277816318,0.07006629032952987,0.854161127967661
000000000000000001af,stable_nature,0,100,100,0.08231828033440813,0.21416716594170823,0.7223530484580089
000000000000000001af,stable_nature,500,98,100,0.09667027601252605,0.21416716594170823,0.6890005418734332
000000000000000001af,stable_nature,1000,91,100,0.1048562296317396,0.21416716594170823,0.6713211912125417
000000000000000001af,stable_nature,2000,72,81,0.13160005175157377,0.21416716594170823,0.6193969670400306
000000000000000001b0,stable_built,0,96,97,0.07474705220497187,0.02025464777035644,0.21320300347681476
000000000000000001b0,stable_built,500,94,82,0.0949629309009545,0.02025464777035644,0.17579477024042017
000000000000000001b0,stable_built,1000,84,82,0.0949629309009545,0.02025464777035644,0.17579477024042017
000000000000000001b0,stable_built,2000,70,74,0.0949629309009545,0.02025464777035644,0.17579477024042017
000000000000000001b1,stable_crop,0,100,100,0.07195103537542838,0.06344663328229623,0.46859472478965697
000000000000000001b1,stable_crop,500,97,98,0.07195103537542838,0.06344663328229623,0.46859472478965697
000000000000000001b1,stable_crop,1000,93,96,0.07195103537542838,0.06344663328229623,0.46859472478965697
000000000000000001b1,stable_crop,2000,80,69,0.07647158729928824,0.0719388176023085,0.4847289356128546
000000000000000001b2,stable_nature,0,100,100,0.08946047694158528,0.041510263725708964,0.31694303257275447
000000000000000001b2,stable_nature,500,98,70,0.0981336821472204,0.05736064366621165,0.36889219825722913
000000000000000001b3,stable_crop,0,100,100,0.07549561085893967,0.10229294402122827,0.5753629309243209
000000000000000001b3,stable_crop,500,97,99,0.09015361813454906,0.10229294402122827,0.5315394719178975
000000000000000001b3,stable_crop,1000,87,92,0.09079624062343798,0.10229294402122827,0.5297704488676764
000000000000000001b3,stable_crop,2000,52,70,0.12442455941371885,0.10754734617256803,0.46362229038162506
000000000000000001b5,stable_nature,0,100,100,0.06990247973598715,0.04421921044245565,0.3874741985763284
000000000000000001b5,stable_nature,500,99,69,0.06990247973598715,0.0473198498396777,0.40367607443537395
000000000000000001b5,stable_nature,1000,93,39,0.06990247973598715,0.06291859483239359,0.47370942477601535
000000000000000001b6,stable_nature,0,97,99,0.09464209348151034,0.03521261873832382,0.27116935639917605
000000000000000001b6,stable_nature,500,97,80,0.09464209348151034,0.042006084641802575,0.30740318106245357
000000000000000001b6,stable_nature,1000,87,65,0.11846756825489205,0.04229865241287847,0.263106591900466
000000000000000001b6,stable_nature,2000,67,39,0.14405041197598004,0.04632899573036568,0.24335087648546191
000000000000000001b7,stable_nature,0,100,100,0.058261611257648595,0.22294871839423328,0.7928183814208921
000000000000000001b7,stable_nature,500,95,100,0.06164584529336823,0.22294871839423328,0.7833906435337955
000000000000000001b7,stable_nature,1000,84,100,0.06194680194656179,0.22294871839423328,0.7825630888360655
000000000000000001b7,stable_nature,2000,53,100,0.06931026449743527,0.22294871839423328,0.7628464185688032
000000000000000001b8,stable_nature,0,100,100,0.210793934056929,0.0791681825044136,0.2730293992987606
000000000000000001b8,stable_nature,500,100,95,0.210793934056929,0.09452337713287537,0.3095906247969154
000000000000000001b8,stable_nature,1000,94,88,0.210793934056929,0.09452337713287537,0.3095906247969154
000000000000000001b8,stable_nature,2000,69,51,0.210793934056929,0.10625014554468451,0.3351273604536618
000000000000000001b9,stable_built,0,100,100,0.2013130234748564,0.054673545132910874,0.2135797414295992
000000000000000001b9,stable_built,500,100,92,0.2013130234748564,0.07628654808699405,0.2748078740089923
000000000000000001b9,stable_built,1000,97,76,0.20319838118727898,0.08449907984398897,0.29370811803762015
000000000000000001b9,stable_built,2000,74,43,0.20319838118727898,0.08449907984398897,0.29370811803762015
000000000000000001ba,stable_crop,0,100,100,0.051988949649532844,0.09185224150141107,0.6385670249656421
000000000000000001ba,stable_crop,500,93,99,0.05544879714541222,0.09185224150141107,0.6235681862435285
000000000000000001ba,stable_crop,1000,85,93,0.06917406208915847,0.09542869477469844,0.5797514974372383
000000000000000001ba,stable_crop,2000,41,85,0.08182202803539633,0.09895789982923371,0.5473942876157527
000000000000000001bb,stable_crop,0,100,100,0.016046146398818538,0.008381694696778474,0.3431205673736804
000000000000000001bb,stable_crop,500,100,97,0.016046146398818538,0.011160222413225762,0.4102062458211957
000000000000000001bb,stable_crop,1000,100,84,0.016046146398818538,0.011430978944177328,0.4160180077453101
000000000000000001bb,stable_crop,2000,95,45,0.016046146398818538,0.020320841163501458,0.5587716367246541
000000000000000001bc,stable_crop,0,100,100,0.05339760100904345,0.018115067104632197,0.2533127008432044
000000000000000001bc,stable_crop,500,99,94,0.05339760100904345,0.02150385362127496,0.28709527374497196
000000000000000001bc,stable_crop,1000,97,91,0.05339760100904345,0.02150385362127496,0.28709527374497196
000000000000000001bc,stable_crop,2000,90,60,0.05339760100904345,0.024645863502475173,0.3157966353290458
000000000000000001bd,stable_nature,0,100,100,0.02298035883149374,0.1618500763775761,0.875667885506111
000000000000000001bd,stable_nature,500,96,100,0.02298035883149374,0.1618500763775761,0.875667885506111
000000000000000001bd,stable_nature,1000,90,99,0.026587370133863697,0.1618500763775761,0.8589061217558553
000000000000000001bd,stable_nature,2000,68,93,0.030889777539673834,0.1618500763775761,0.8397333145547798
000000000000000001bf,stable_nature,0,100,100,0.008896520672453412,0.016405527349844195,0.648387329544957
000000000000000001bf,stable_nature,500,99,100,0.009045412450338297,0.016405527349844195,0.6445941673667378
000000000000000001bf,stable_nature,1000,94,100,0.009993075529103756,0.016405527349844195,0.6214543786446225
000000000000000001bf,stable_nature,2000,71,100,0.012906434023101921,0.016405527349844195,0.5596871236472841
000000000000000001c0,stable_built,0,100,100,0.08473704623982661,0.012819492582972058,0.13140577492325684
000000000000000001c0,stable_built,500,100,74,0.08473704623982661,0.018167945805955023,0.1765506749924794
000000000000000001c0,stable_built,1000,96,30,0.08473704623982661,0.02339676314942609,0.2163686203358253
000000000000000001c1,stable_crop,0,100,100,0.06529611319679825,0.008749319192424231,0.11816149774526209
000000000000000001c1,stable_crop,500,100,98,0.06529611319679825,0.008749319192424231,0.11816149774526209
000000000000000001c1,stable_crop,1000,95,85,0.06529611319679825,0.010005548610653881,0.13287287916839602
000000000000000001c1,stable_crop,2000,78,61,0.06610449601777066,0.010828668894402394,0.1407542365717523
000000000000000001c2,stable_crop,0,100,100,0.07089377917847087,0.0359164388432313,0.33626407199728187
000000000000000001c2,stable_crop,500,97,96,0.07822675924125781,0.0359164388432313,0.31466122770041177
000000000000000001c2,stable_crop,1000,94,92,0.0825728182814542,0.036954264164818465,0.3091706365469115
000000000000000001c2,stable_crop,2000,74,61,0.09233254069217993,0.03936899894428014,0.29892588235986234
000000000000000001c3,stable_crop,0,100,100,0.1117403509748355,0.04622590648504103,0.2926315228838652
000000000000000001c3,stable_crop,500,96,100,0.1117403509748355,0.04622590648504103,0.2926315228838652
000000000000000001c3,stable_crop,1000,86,95,0.1117403509748355,0.048135598465260124,0.3010809232629145
000000000000000001c3,stable_crop,2000,60,74,0.13233755288242793,0.05014856064091859,0.2748075438311528
000000000000000001c4,stable_nature,0,100,100,0.2927334987848408,0.16472951294242763,0.3600936222583094
000000000000000001c4,stable_nature,500,98,94,0.30853733431360253,0.18743924598817366,0.3779195498984017
000000000000000001c4,stable_nature,1000,92,82,0.30853733431360253,0.19450958079303374,0.38666290350158455
000000000000000001c4,stable_nature,2000,75,52,0.3250968595085991,0.20610290356555244,0.38799509693379514
000000000000000001c5,stable_crop,0,100,100,0.04234441497056305,0.006824686403864555,0.13880030777367858
000000000000000001c5,stable_crop,500,96,96,0.04912102668064713,0.009443797716342517,0.1612537528015997
000000000000000001c5,stable_crop,1000,92,78,0.05090573326540491,0.009443797716342494,0.15648502254379187
000000000000000001c5,stable_crop,2000,79,37,0.0625798262064847,0.011721459887820983,0.15775581425045532
000000000000000001c6,stable_nature,0,100,100,0.04540545130458786,0.11641769135162613,0.719413116319406
000000000000000001c6,stable_nature,500,98,99,0.04540545130458786,0.12179700201479837,0.728440280606506
000000000000000001c6,stable_nature,1000,93,95,0.0490937897285745,0.12179700201479837,0.7127183435195765
000000000000000001c6,stable_nature,2000,75,76,0.0562136525606773,0.12234226003050863,0.6851761907763487
000000000000000001c7,stable_built,0,99,100,0.09253128983990935,0.12410731695836727,0.5728771929989243
000000000000000001c7,stable_built,500,92,97,0.09253128983990935,0.12677904205968196,0.5780805717678098
000000000000000001c7,stable_built,1000,83,87,0.09435101994446768,0.12677904205968196,0.5733234138772573
000000000000000001c7,stable_built,2000,47,64,0.12941629173719912,0.13439278832157123,0.5094320039747013
000000000000000001c8,stable_built,0,100,100,0.10636734131650438,0.05479042737526174,0.33998005693237865
000000000000000001c8,stable_built,500,100,94,0.10636734131650438,0.060230734232942854,0.3615331931892845
000000000000000001c8,stable_built,1000,97,75,0.10636734131650438,0.08471193374873123,0.4433339707792315
000000000000000001c8,stable_built,2000,84,12,0.11783642506183215,0.1459136165983257,0.5532268949772615
000000000000000001c9,stable_nature,0,100,100,0.026876961207331296,0.030158984586869365,0.5287715346241724
000000000000000001c9,stable_nature,500,99,97,0.026876961207331296,0.030257351919251208,0.5295828419549861
000000000000000001c9,stable_nature,1000,98,87,0.026876961207331296,0.030624453360895344,0.5325860866262029
000000000000000001c9,stable_nature,2000,75,57,0.026876961207331296,0.03473490416640641,0.5637697212239987
000000000000000001ca,stable_nature,0,100,100,0.06762391660492881,0.14096718470742978,0.6758063206908336
000000000000000001ca,stable_nature,500,100,76,0.06762391660492881,0.14096718470742978,0.6758063206908336
000000000000000001cb,stable_crop,0,100,100,0.005659588368736324,0.011449391687265243,0.6692036374535236
000000000000000001cb,stable_crop,500,96,97,0.07345114677556511,0.10770942599410456,0.5945522491279237
000000000000000001cb,stable_crop,1000,89,94,0.1347471298031501,0.3001988727524411,0.6901980268536483
000000000000000001cb,stable_crop,2000,54,78,0.4055820731030476,0.39720765279042647,0.4947841757041109
000000000000000001cc,stable_nature,0,100,100,0.059512004254603255,0.20808186968882328,0.7776032635636397
000000000000000001cc,stable_nature,500,97,100,0.059512004254603255,0.20808186968882328,0.7776032635636397
000000000000000001cc,stable_nature,1000,91,100,0.06818663226383008,0.20808186968882328,0.7531870923299501
000000000000000001cc,stable_nature,2000,65,85,0.0937084505882034,0.20808186968882328,0.6894915300700375
000000000000000001ce,stable_nature,0,100,100,0.03194470306279127,0.05424233988776752,0.6293560845132404
000000000000000001ce,stable_nature,500,96,100,0.03727326524552273,0.05424233988776752,0.5927113721006616
000000000000000001ce,stable_nature,1000,89,91,0.037641392717345366,0.058374799525925905,0.6079682828643811
000000000000000001ce,stable_nature,2000,57,81,0.04346874927348203,0.0649240237422036,0.5989700414086593
000000000000000001cf,stable_crop,0,100,100,0.12655461341575588,0.044960930029017666,0.2621390990329255
000000000000000001cf,stable_crop,500,100,99,0.12655461341575588,0.044960930029017666,0.2621390990329255
000000000000000001cf,stable_crop,1000,92,92,0.12655461341575588,0.05588035501307866,0.3063028732595776
000000000000000001cf,stable_crop,2000,69,73,0.13434985697423593,0.06532669916439235,0.32716258947650917
000000000000000001d0,stable_crop,0,100,100,0.1328353509977691,0.12042771083879589,0.47550444176511797
000000000000000001d0,stable_crop,500,99,90,0.1328353509977691,0.12689594814466626,0.4885662550611145
000000000000000001d0,stable_crop,1000,97,71,0.13775483221074308,0.13514466457428975,0.4952177126227906
000000000000000001d0,stable_crop,2000,76,16,0.1389082515167675,0.19882082612416893,0.5886991653557313
000000000000000001d1,stable_built,0,100,100,0.02747359656374666,0.02190929097908727,0.4436616015950837
000000000000000001d1,stable_built,500,98,87,0.0307623731355972,0.03264383685050069,0.5148365886739354
000000000000000001d1,stable_built,1000,86,78,0.0330106534410302,0.03322272744272805,0.5016009601039908
000000000000000001d2,stable_built,0,100,100,0.1259118668560118,0.12244454489458181,0.49301946356452836
000000000000000001d2,stable_built,500,99,80,0.1259118668560118,0.12244454489458181,0.49301946356452836
000000000000000001d2,stable_built,1000,92,69,0.1259118668560118,0.12244454489458176,0.49301946356452825
000000000000000001d2,stable_built,2000,68,64,0.12703304897738346,0.12244454489458181,0.4908037751756213
000000000000000001d3,stable_nature,0,100,100,0.026457136298867413,0.0543899903414341,0.6727510624186916
000000000000000001d3,stable_nature,500,98,99,0.026457136298867413,0.0543899903414341,0.6727510624186916
000000000000000001d3,stable_nature,1000,94,91,0.030278622564886226,0.05645042101551993,0.6508825496563222
000000000000000001d3,stable_nature,2000,63,60,0.03887569818729686,0.05826786589315034,0.5998119015305774
000000000000000001d4,stable_crop,0,100,100,0.025403056803009895,0.03651381012589498,0.5897231551982709
000000000000000001d4,stable_crop,500,94,99,0.025403056803009895,0.04179070969838763,0.6219432526809835
000000000000000001d4,stable_crop,1000,83,96,0.030760043699633966,0.04273041654047842,0.5814416782843056
000000000000000001d4,stable_crop,2000,62,71,0.03444894420343712,0.05153582208456653,0.5993599134915286
000000000000000001d5,stable_crop,0,100,100,0.0201083876555872,0.017041725437175904,0.45872607155096207
000000000000000001d5,stable_crop,500,100,99,0.0201083876555872,0.02001326822869647,0.498814612385856
000000000000000001d5,stable_crop,1000,89,92,0.0201083876555872,0.02001326822869647,0.498814612385856
000000000000000001d5,stable_crop,2000,71,64,0.02215521601455468,0.023246462980210335,0.5120176939354759
000000000000000001d6,stable_built,0,100,100,0.07454633404781252,0.01758333683428288,0.1908542238970398
000000000000000001d6,stable_built,500,100,90,0.07454633404781252,0.02641683454522705,0.261648231856172
000000000000000001d6,stable_built,1000,88,82,0.07838264139196074,0.02641683454522705,0.25207029242024137
000000000000000001d6,stable_built,2000,59,75,0.07857421997297395,0.02641683454522705,0.2516103363872384
000000000000000001d9,stable_nature,0,100,100,0.021815811565845045,0.02842151494170573,0.5657449732494855
000000000000000001d9,stable_nature,500,98,91,0.026782155025394338,0.030556130765934754,0.5329097363776204
000000000000000001d9,stable_nature,1000,92,90,0.026782155025394338,0.030556130765934754,0.5329097363776204
000000000000000001d9,stable_nature,2000,65,85,0.03157411828295655,0.03754146114191641,0.5431693035602767
000000000000000001da,stable_nature,0,100,100,0.020526983016356158,0.04447700075601899,0.6842196150789797
000000000000000001da,stable_nature,500,95,100,0.027832257249268477,0.04447700075601899,0.6150941384594433
000000000000000001da,stable_nature,1000,82,100,0.027832257249268477,0.04447700075601899,0.6150941384594433
000000000000000001da,stable_nature,2000,49,86,0.03252222881410323,0.04447700075601899,0.5776291659507673
000000000000000001db,stable_built,0,100,100,0.07611739675070742,0.08133765190108777,0.5165769697257899
000000000000000001db,stable_built,500,99,96,0.07611739675070742,0.08133765190108777,0.5165769697257899
000000000000000001db,stable_built,1000,94,87,0.07611739675070742,0.08133765190108777,0.5165769697257899
000000000000000001db,stable_built,2000,66,70,0.08820778886887626,0.08676787496270733,0.4958853880716045
000000000000000001dc,stable_nature,0,100,100,0.06732502565178773,0.056436485577667096,0.45600999063899106
000000000000000001dc,stable_nature,500,99,98,0.06732502565178773,0.059226763805939366,0.4680041590818852
000000000000000001dc,stable_nature,1000,96,93,0.06732502565178773,0.0662717590776876,0.4960580392064635
000000000000000001dc,stable_nature,2000,72,77,0.07368024815070273,0.0662717590776876,0.47353203708657016
000000000000000001dd,stable_crop,0,100,100,0.1350298070764812,0.0396311200028717,0.22690318129732226
000000000000000001dd,stable_crop,500,98,98,0.13614102110330634,0.0396311200028717,0.2254687219102964
000000000000000001dd,stable_crop,1000,93,93,0.13614102110330634,0.0396311200028717,0.2254687219102964
000000000000000001dd,stable_crop,2000,67,73,0.13614102110330634,0.0396311200028717,0.2254687219102964
000000000000000001de,stable_nature,0,100,100,0.034846851793234365,0.015417789695686301,0.306732311992675
000000000000000001de,stable_nature,500,100,93,0.034846851793234365,0.018486362662940525,0.3466200725213097
000000000000000001de,stable_nature,1000,98,82,0.034846851793234365,0.0190829170402945,0.35384755864328027
000000000000000001de,stable_nature,2000,93,46,0.03976320772615183,0.021780622700124284,0.35390424269840626
000000000000000001df,stable_crop,0,100,100,0.030744609736802243,0.002322341489330837,0.07023149710352614
000000000000000001df,stable_crop,500,100,70,0.030744609736802243,0.004757130458005787,0.13399710638881582
000000000000000001e0,stable_nature,0,100,100,0.1926049732240115,0.0794495925638283,0.2920355052063143
000000000000000001e0,stable_nature,500,98,87,0.1926049732240115,0.12477078500166276,0.3931326882015661
000000000000000001e0,stable_nature,1000,92,87,0.1926049732240115,0.12477078500166276,0.3931326882015661
000000000000000001e0,stable_nature,2000,65,33,0.19663504083448355,0.13141739304145714,0.40059874419573593
000000000000000001e1,stable_nature,0,100,100,0.09337003387739999,0.07614757881483243,0.44920157619629125
000000000000000001e1,stable_nature,500,98,100,0.09337003387739999,0.07614757881483243,0.44920157619629125
000000000000000001e1,stable_nature,1000,89,98,0.09337003387739999,0.07614757881483243,0.44920157619629125
000000000000000001e1,stable_nature,2000,56,78,0.09752661756170414,0.07614757881483243,0.4384507336328837
000000000000000001e3,stable_crop,0,100,100,0.11928093534946656,0.04614940763436237,0.27896579794067516
000000000000000001e3,stable_crop,500,96,99,0.14958132848403893,0.04953902748398516,0.24878936783184355
000000000000000001e3,stable_crop,1000,89,90,0.17093486361274957,0.051635938581530996,0.2319978095609609
000000000000000001e3,stable_crop,2000,65,49,0.18139557744880272,0.11482461589894004,0.38763264111355156
000000000000000001e6,stable_nature,0,100,100,0.07416039325982474,0.06452436310741938,0.46525923105846184
000000000000000001e6,stable_nature,500,99,95,0.07416039325982474,0.06452436310741938,0.46525923105846184
000000000000000001e6,stable_nature,1000,97,88,0.07416039325982474,0.06540456013573095,0.4686316911516632
000000000000000001e6,stable_nature,2000,82,51,0.08683532587552142,0.07277171112038754,0.4559429990658675
000000000000000001e7,stable_nature,0,100,100,0.023541109326841746,0.13945898481448044,0.855576099807114
000000000000000001e7,stable_nature,500,99,93,0.023541109326841746,0.15562392562580202,0.8686065652601656
000000000000000001e7,stable_nature,1000,95,80,0.023541109326841746,0.15578707225983743,0.8687261025042415
000000000000000001e7,stable_nature,2000,68,49,0.028503412141050788,0.16969988896169305,0.8561910322213478
000000000000000001e8,stable_crop,0,100,100,0.0831299130648605,0.07931434031785618,0.48825574722242904
000000000000000001e8,stable_crop,500,99,98,0.0856815844153197,0.07937101133622353,0.4808831450019805
000000000000000001e8,stable_crop,1000,98,89,0.0856815844153197,0.0830478342876935,0.4921953440340882
000000000000000001e8,stable_crop,2000,95,57,0.0856815844153197,0.09026949467587501,0.5130374598531201
000000000000000001e9,stable_nature,0,100,100,0.042666334931880746,0.04038218915968872,0.4862481254293814
000000000000000001e9,stable_nature,500,98,94,0.042666334931880746,0.04248804259886838,0.4989531229093543
000000000000000001e9,stable_nature,1000,94,68,0.042666334931880746,0.0451174266829959,0.5139609633091403
000000000000000001e9,stable_nature,2000,73,19,0.04850913976701865,0.12949539325313325,0.7274836828888261
000000000000000001ea,stable_crop,0,100,100,0.09013697107228993,0.007039463406970014,0.07244002565663164
000000000000000001ea,stable_crop,500,100,97,0.09013697107228993,0.011638871927407179,0.11435790246736113
000000000000000001ea,stable_crop,1000,100,88,0.09013697107228993,0.024373394987174037,0.21284880858999572
000000000000000001ea,stable_crop,2000,83,58,0.09349594069236289,0.027015895459070773,0.22417628277523513
000000000000000001eb,stable_built,0,100,100,0.1953533394045009,0.04004160030609094,0.1701039128332593
000000000000000001eb,stable_built,500,97,83,0.19645414518724716,0.04004160030609094,0.1693121380361135
000000000000000001eb,stable_built,1000,89,77,0.20635002652187273,0.0416377243079207,0.1679023426295393
000000000000000001eb,stable_built,2000,57,68,0.2202106430739706,0.0416377243079207,0.15901464165722823
000000000000000001ec,stable_crop,0,100,100,0.04889866797272506,0.016401224812157732,0.2511677142554745
000000000000000001ec,stable_crop,500,99,95,0.04889866797272506,0.01813738826738074,0.2705616840308557
000000000000000001ec,stable_crop,1000,97,85,0.0490052142127392,0.023714524677723125,0.3261084959768376
000000000000000001ec,stable_crop,2000,90,54,0.0490052142127392,0.036826847404172504,0.4290570063213693
000000000000000001ed,stable_crop,0,100,100,0.0958569343672028,0.069548220376317,0.4204719041781935
000000000000000001ed,stable_crop,500,97,98,0.10484177803778098,0.07811376920277546,0.4269549099795359
000000000000000001ed,stable_crop,1000,86,96,0.10714348734041915,0.0808661844912896,0.4301171514369986
000000000000000001ed,stable_crop,2000,60,83,0.1360518737472518,0.08250862994634603,0.37750933289226946
000000000000000001ee,stable_nature,0,100,100,0.05653697234677615,0.05800954324487748,0.5064278292948606
000000000000000001ee,stable_nature,500,99,24,0.05953561693856115,0.16515727580829764,0.735035602544093
000000000000000001ef,stable_built,0,100,100,0.07352046860976351,0.06263840444290023,0.4600390928486373
000000000000000001ef,stable_built,500,98,98,0.07352046860976358,0.06263840444290023,0.46003909284863703
000000000000000001ef,stable_built,1000,95,85,0.0824806565824903,0.06827399151082462,0.45288150232098406
000000000000000001ef,stable_built,2000,87,61,0.08341503052651852,0.06827399151082462,0.4500918431234047
000000000000000001f0,stable_nature,0,100,100,0.052763579253207425,0.09520856832653302,0.64342222427084
000000000000000001f0,stable_nature,500,98,97,0.052763579253207425,0.09520856832653299,0.64342222427084
000000000000000001f0,stable_nature,1000,92,93,0.0559992541324376,0.09520856832653299,0.6296537227876399
000000000000000001f0,stable_nature,2000,68,74,0.0559992541324376,0.09520856832653299,0.6296537227876399
000000000000000001f1,stable_crop,0,100,100,0.07824245431373814,0.07405330409782077,0.48624666155977486
000000000000000001f1,stable_crop,500,93,98,0.07824245431373814,0.09671843796269686,0.5528003241394694
000000000000000001f1,stable_crop,1000,86,90,0.0876654312942311,0.09787987042537996,0.5275254588378893
000000000000000001f1,stable_crop,2000,51,57,0.11163901178622926,0.10270911051307385,0.4791696302763862
000000000000000001f2,stable_crop,0,100,100,0.08145122623816799,0.0897764495478959,0.524310390450785
000000000000000001f2,stable_crop,500,95,98,0.08145122623816799,0.09751693341092263,0.5448842609857683
000000000000000001f2,stable_crop,1000,86,94,0.09102702630895057,0.10670987527800138,0.5396558478516342
000000000000000001f2,stable_crop,2000,54,76,0.0956536474772323,0.11375416324314365,0.5432183396181786
000000000000000001f3,stable_nature,0,99,100,0.13934500616575854,0.1166257802159977,0.4556214475256788
000000000000000001f3,stable_nature,500,98,97,0.13934500616575854,0.15399739804110743,0.524974895658055
000000000000000001f3,stable_nature,1000,92,94,0.13934500616575854,0.15441206177785066,0.5256454350469163
000000000000000001f3,stable_nature,2000,74,94,0.15598849218755242,0.15441206177785066,0.4974606514219166
000000000000000001f4,stable_nature,0,100,100,0.050127531444796244,0.044452192761577344,0.46999706474204095
000000000000000001f4,stable_nature,500,99,97,0.05182524378490798,0.044452192761577344,0.4617093511796289
000000000000000001f4,stable_nature,1000,97,80,0.05182524378490798,0.07969174283291806,0.6059425849216542
000000000000000001f4,stable_nature,2000,77,57,0.056033824384881956,0.07969174283291806,0.5871535073745454
000000000000000001f5,stable_crop,0,100,100,0.05365106377935425,0.016594805898403852,0.23623888456778566
000000000000000001f5,stable_crop,500,99,96,0.05365106377935425,0.016594805898403852,0.23623888456778566
000000000000000001f5,stable_crop,1000,95,94,0.05365106377935425,0.016594805898403852,0.23623888456778566
000000000000000001f5,stable_crop,2000,61,68,0.0894437654336615,0.016594805898403852,0.1564978261191378
000000000000000001f6,stable_crop,0,100,100,0.04221361960307042,0.030847304764536187,0.422213447627702
000000000000000001f6,stable_crop,500,96,100,0.04221361960307042,0.030847304764536187,0.422213447627702
000000000000000001f6,stable_crop,1000,91,96,0.04221361960307042,0.030847304764536187,0.422213447627702
000000000000000001f6,stable_crop,2000,64,64,0.04841679022145597,0.03350146228377717,0.4089621208805455
000000000000000001f8,stable_nature,0,100,100,0.056595748068657505,0.0233329038239549,0.2919216485098703
000000000000000001f8,stable_nature,500,98,75,0.056595748068657505,0.04147736123892156,0.42292287387785793
000000000000000001f8,stable_nature,1000,92,68,0.056595748068657505,0.04147736123892156,0.42292287387785793
000000000000000001f8,stable_nature,2000,68,47,0.056595748068657505,0.042457253795664784,0.4286316718941231
000000000000000001fa,stable_built,0,100,100,0.06414149311535548,0.02935923893201666,0.3140000969920514
000000000000000001fa,stable_built,500,98,98,0.06414149311535548,0.02935923893201666,0.3140000969920514
000000000000000001fa,stable_built,1000,95,90,0.06414149311535548,0.02935923893201666,0.3140000969920514
000000000000000001fa,stable_built,2000,71,56,0.06678181803978948,0.032693850277858386,0.3286617806188646
000000000000000001fb,stable_crop,0,100,98,0.1258071966408548,0.07891998865515445,0.3854885639181762
000000000000000001fb,stable_crop,500,100,97,0.1258071966408548,0.07891998865515445,0.3854885639181762
000000000000000001fb,stable_crop,1000,93,92,0.12712867223659616,0.09678105550589604,0.43223247369032153
000000000000000001fb,stable_crop,2000,54,73,0.14975294676258383,0.10975799555695473,0.4229416862946212
000000000000000001fc,stable_built,0,100,100,0.03563051420575869,0.00894391975572384,0.2006513366664795
000000000000000001fc,stable_built,500,100,67,0.03563051420575869,0.017495380364663672,0.3293192614600195
000000000000000001fc,stable_built,1000,97,27,0.03563051420575869,0.023938650118033578,0.4018631180976712
000000000000000001fd,stable_nature,0,100,100,0.0287144543218427,0.029142612991958396,0.503700141477843
000000000000000001fd,stable_nature,500,98,100,0.0287144543218427,0.029142612991958396,0.503700141477843
000000000000000001fd,stable_nature,1000,87,97,0.04041034883896275,0.03192540493642759,0.4413502765882246
000000000000000001fd,stable_nature,2000,63,88,0.050526564814659405,0.03630055925374416,0.41807856292381645
000000000000000001fe,stable_built,0,100,100,0.04509616171587327,0.01884186028561463,0.2946894460526394
000000000000000001fe,stable_built,500,98,98,0.04509616171587327,0.01884186028561463,0.2946894460526394
000000000000000001fe,stable_built,1000,93,92,0.04817709315884635,0.019534994812698027,0.2885008481885686
000000000000000001fe,stable_built,2000,69,81,0.09820017773533334,0.024981055484450353,0.20279919945009478
000000000000000001ff,stable_nature,0,100,100,0.11866273497966214,0.04276918731097403,0.26493636886581207
000000000000000001ff,stable_nature,500,98,78,0.11866273497966214,0.04276918731097403,0.26493636886581207
000000000000000001ff,stable_nature,1000,93,71,0.11866273497966214,0.04276918731097403,0.26493636886581207
000000000000000001ff,stable_nature,2000,71,67,0.12152188823195217,0.04276918731097403,0.26032568822972313
00000000000000000200,stable_nature,0,100,100,0.042077887167982844,0.04876849469816256,0.5368237424081682
00000000000000000200,stable_nature,500,97,99,0.04392457305655384,0.0614759155395201,0.583260251994949
00000000000000000200,stable_nature,1000,91,93,0.04392457305655384,0.0614759155395201,0.583260251994949
00000000000000000200,stable_nature,2000,72,72,0.04598311689539185,0.06574324510472025,0.5884309121607831
00000000000000000201,stable_built,0,100,99,0.18476713493051944,0.021977842354880827,0.10630411748496942
00000000000000000201,stable_built,500,98,31,0.2478328982866415,0.07142687165094223,0.2237265022921074
00000000000000000202,stable_nature,0,100,100,0.008369973433738442,0.1973321966166494,0.9593102326890987
00000000000000000202,stable_nature,500,99,100,0.008369973433738442,0.1973321966166494,0.9593102326890987
00000000000000000202,stable_nature,1000,93,100,0.008755887443541277,0.1973321966166494,0.9575138587734091
00000000000000000202,stable_nature,2000,67,100,0.009249726105103172,0.1973321966166494,0.9552249006873803
00000000000000000203,stable_crop,0,100,100,0.03947618769536967,0.08570817668611483,0.684655604626826
00000000000000000203,stable_crop,500,96,99,0.047725475174193656,0.08570817668611483,0.642328044616513
00000000000000000203,stable_crop,1000,92,95,0.047725475174193656,0.0900030072247848,0.6534814415757977
00000000000000000203,stable_crop,2000,57,81,0.052646922482489346,0.0900030072247848,0.630936218537543
00000000000000000204,stable_nature,0,100,100,0.08179350793145593,0.07422497934717179,0.4757447700037007
00000000000000000204,stable_nature,500,98,95,0.08731693287098227,0.07422497934717179,0.45947815231056127
00000000000000000204,stable_nature,1000,87,85,0.0988947003310217,0.08509072113812961,0.46248621471312723
00000000000000000204,stable_nature,2000,63,35,0.10069239621704802,0.12675767458556236,0.557298901414764
00000000000000000205,stable_crop,0,100,100,0.07886381516529897,0.024902752334372003,0.23998820558664982
00000000000000000205,stable_crop,500,96,99,0.07886381516529897,0.024902752334372003,0.23998820558664982
00000000000000000205,stable_crop,1000,89,95,0.07886381516529894,0.024902752334372003,0.23998820558664988
00000000000000000205,stable_crop,2000,72,69,0.07886381516529897,0.024902752334372003,0.23998820558664982
00000000000000000207,stable_nature,0,86,98,0.042695703470561217,0.032055330183110464,0.42882791870406617
00000000000000000207,stable_nature,500,83,97,0.04517805598415272,0.03521716888261521,0.43805050536943624
00000000000000000207,stable_nature,1000,79,89,0.0492089184969867,0.04121237360603924,0.45578173732162686
00000000000000000207,stable_nature,2000,63,64,0.05121456072181636,0.04586066385096745,0.472423978953664
00000000000000000208,stable_nature,0,100,100,0.04207586421732912,0.019037944449198617,0.3115162491797743
00000000000000000208,stable_nature,500,99,97,0.04507696664810297,0.022697499525264408,0.3348975035357594
00000000000000000208,stable_nature,1000,94,86,0.04507696664810297,0.022697499525264408,0.3348975035357594
00000000000000000208,stable_nature,2000,77,56,0.04507696664810297,0.02471813400295675,0.3541528527364806
0000000000000000020b,stable_nature,0,100,100,0.04685011484459134,0.03275792758255678,0.4114901784216478
0000000000000000020b,stable_nature,500,97,86,0.04685011484459134,0.03802320178307197,0.44799948079595625
0000000000000000020b,stable_nature,1000,93,26,0.053335741642557145,0.03901759446860746,0.4224817002952656
0000000000000000020c,stable_crop,0,100,100,0.059118676953570405,0.06055972647206074,0.5060205077784722
0000000000000000020c,stable_crop,500,97,97,0.0639903218571222,0.07692740612456653,0.5459029692418601
0000000000000000020c,stable_crop,1000,91,91,0.06936860018929376,0.07692740612456653,0.525833944906208
0000000000000000020c,stable_crop,2000,67,63,0.0730371264166769,0.10276042617070376,0.5845384344531296
0000000000000000020d,stable_built,0,100,100,0.09580664992435466,0.021224775099374128,0.18135962280976517
0000000000000000020d,stable_built,500,100,78,0.09580664992435466,0.02727835633298461,0.22162208998658148
0000000000000000020d,stable_built,1000,98,21,0.09580664992435466,0.049577787824641305,0.3410116556621803
0000000000000000020e,stable_built,0,100,100,0.14841945278544091,0.07824952407254523,0.3452149701157619
0000000000000000020e,stable_built,500,100,95,0.14841945278544091,0.07824952407254523,0.3452149701157619
0000000000000000020e,stable_built,1000,99,90,0.14841945278544091,0.07824952407254523,0.3452149701157619
0000000000000000020e,stable_built,2000,79,47,0.20197939867895295,0.08071630546908463,0.28552363649123896
0000000000000000020f,stable_built,0,100,100,0.08090031307868276,0.1041071783239266,0.5627187176805076
0000000000000000020f,stable_built,500,99,98,0.08090031307868276,0.1041071783239266,0.5627187176805076
0000000000000000020f,stable_built,1000,94,92,0.08090031307868276,0.1314039508546779,0.6189416473298192
0000000000000000020f,stable_built,2000,59,69,0.09237077100940701,0.1314039508546779,0.5872153465747668
00000000000000000210,stable_nature,0,99,100,0.031069011677041812,0.024497179363823517,0.4408648299352851
00000000000000000210,stable_nature,500,96,100,0.031069011677041812,0.024497179363823517,0.4408648299352851
00000000000000000210,stable_nature,1000,90,99,0.031069011677041812,0.024497179363823517,0.4408648299352851
00000000000000000210,stable_nature,2000,60,93,0.031868401328962334,0.024497179363823517,0.43461238334273494
00000000000000000211,stable_nature,0,100,100,0.02891088995969262,0.028839598885792128,0.4993827664810769
00000000000000000211,stable_nature,500,98,97,0.02891088995969262,0.02883959888579215,0.4993827664810771
00000000000000000211,stable_nature,1000,93,94,0.02891088995969262,0.02883959888579215,0.4993827664810771
00000000000000000211,stable_nature,2000,72,71,0.030571113477914236,0.02883959888579215,0.48542758936727787
00000000000000000213,stable_nature,0,100,100,0.05710536740588845,0.12095625161415868,0.6792943492211058
00000000000000000213,stable_nature,500,96,99,0.05710536740588845,0.12095625161415868,0.6792943492211058
00000000000000000213,stable_nature,1000,82,96,0.07301316171547785,0.12095625161415868,0.6235841493626574
00000000000000000213,stable_nature,2000,62,68,0.07911466703015166,0.1621573804885246,0.6720935232884792
00000000000000000214,stable_nature,0,99,96,0.18660692299341342,0.04465055199701538,0.1930772270114524
00000000000000000214,stable_nature,500,97,53,0.18660692299341342,0.14240202981666447,0.43282113936405237
00000000000000000214,stable_nature,1000,91,39,0.18660692299341342,0.19590620767081748,0.512155510400691
00000000000000000214,stable_nature,2000,68,13,0.19193777381933955,0.2421201316642506,0.5578060636724109
00000000000000000215,stable_crop,0,100,100,0.07247898510406514,0.014501401081659782,0.16672035751288727
00000000000000000215,stable_crop,500,100,95,0.07247898510406514,0.01722384534773962,0.19201005431820325
00000000000000000215,stable_crop,1000,98,90,0.07247898510406514,0.01722384534773962,0.19201005431820325
00000000000000000215,stable_crop,2000,92,63,0.07247898510406514,0.02675246124769808,0.26959660703316074
00000000000000000216,stable_crop,0,100,100,0.13943475365226582,0.006568123321782626,0.04498625957148161
00000000000000000216,stable_crop,500,99,64,0.15231590035414092,0.03512021833386285,0.18737166870241662
00000000000000000216,stable_crop,1000,93,37,0.15231590035414092,0.05143003470840386,0.25242238424223645
00000000000000000216,stable_crop,2000,73,16,0.15231590035414092,0.05730036470846982,0.2733583898705632
00000000000000000217,stable_built,0,100,100,0.05208691685525357,0.029017268593308755,0.35777769584227226
00000000000000000217,stable_built,500,100,100,0.05208691685525357,0.029017268593308755,0.35777769584227226
00000000000000000217,stable_built,1000,96,100,0.05976360709168662,0.029017268593308755,0.32684143256187825
00000000000000000217,stable_built,2000,70,95,0.05976360709168662,0.029017268593308755,0.32684143256187825
00000000000000000218,stable_crop,0,100,100,0.06841034135473914,0.00519537589829675,0.07058386348394535
00000000000000000218,stable_crop,500,100,93,0.06841034135473914,0.00622677210013578,0.08342728988061704
00000000000000000218,stable_crop,1000,100,83,0.06841034135473914,0.011637140902769594,0.14537797535203065
00000000000000000218,stable_crop,2000,93,41,0.07568845761592932,0.01653484115288628,0.17929136534311524
00000000000000000219,stable_built,0,100,100,0.14325504829145608,0.023903416903206808,0.14299854258189856
0000000000000000021a,stable_nature,0,100,100,0.05853151421851921,0.05328818757131688,0.47655454913477496
0000000000000000021a,stable_nature,500,98,92,0.059200357886083,0.05328818757131688,0.47372101180758647
0000000000000000021a,stable_nature,1000,88,79,0.059200357886083,0.05328818757131688,0.47372101180758647
0000000000000000021a,stable_nature,2000,50,47,0.06586602819442433,0.058261541885442615,0.4693682624052516
0000000000000000021b,stable_nature,0,100,100,0.018653213186548466,0.1338177275655608,0.8776605358672709
0000000000000000021b,stable_nature,500,97,100,0.02484519445162192,0.1338177275655608,0.8434089443419258
0000000000000000021b,stable_nature,1000,92,99,0.025136293968343805,0.16537627524581539,0.8680596557334985
0000000000000000021b,stable_nature,2000,64,98,0.027921051623970183,0.20104768743131435,0.8780573639002016
0000000000000000021c,stable_crop,0,100,100,0.12076514442521369,0.10129497107000882,0.456160129628195
0000000000000000021c,stable_crop,500,99,97,0.12076514442521369,0.10129497107000882,0.456160129628195
0000000000000000021c,stable_crop,1000,95,87,0.12214807014385407,0.10473306471629765,0.461620860546175
0000000000000000021c,stable_crop,2000,77,63,0.12214807014385407,0.10473306471629765,0.461620860546175
0000000000000000021d,stable_crop,0,100,100,0.03653323131635635,0.01720114373511441,0.3201143349730553
0000000000000000021d,stable_crop,500,98,95,0.040508187031657816,0.019185461316756535,0.32139870567895623
0000000000000000021d,stable_crop,1000,92,86,0.044595080906178364,0.03037112396180617,0.40513087216946064
0000000000000000021d,stable_crop,2000,76,39,0.050685738180932784,0.03228515887778107,0.38911425598478894
0000000000000000021e,stable_crop,0,100,100,0.0923542429610894,0.014999255978001714,0.13971837085973401
0000000000000000021e,stable_crop,500,100,99,0.0923542429610894,0.018256174607669484,0.16504932364219516
0000000000000000021e,stable_crop,1000,92,94,0.0923542429610894,0.020485748920410128,0.1815468840315229
0000000000000000021e,stable_crop,2000,86,56,0.0923542429610894,0.02058234116781652,0.18224688949456422
0000000000000000021f,stable_built,0,98,93,0.08101336831190582,0.03513696282815739,0.3025128080391261
0000000000000000021f,stable_built,500,96,73,0.09439893334989406,0.04078708522742007,0.3017108252492239
0000000000000000021f,stable_built,1000,90,23,0.10915913481893305,0.09072612300091487,0.45389101722664504
00000000000000000222,stable_nature,0,100,100,0.013446592986531813,0.01885835807341476,0.5837606142116282
00000000000000000222,stable_nature,500,92,99,0.013878616918096776,0.01885835807341476,0.5760568310825464
00000000000000000222,stable_nature,1000,87,95,0.013878616918096776,0.019783634793999805,0.5877097872898033
00000000000000000222,stable_nature,2000,60,74,0.015394998175418718,0.019783634793999805,0.5623764519398958
00000000000000000223,stable_nature,0,100,100,0.07330587685401044,0.11411668641695605,0.6088737899255107
00000000000000000223,stable_nature,500,99,99,0.07828335900975983,0.11411668641695598,0.5931219307317125
00000000000000000223,stable_nature,1000,94,99,0.08356247307499605,0.11411668641695598,0.5772823331992397
00000000000000000223,stable_nature,2000,70,78,0.08817750594649824,0.11411668641695598,0.5641125189168198
00000000000000000224,stable_crop,0,100,100,0.2529460341090037,0.2042977971163332,0.44680274104169443
00000000000000000224,stable_crop,500,97,97,0.2529460341090037,0.29175871031518225,0.5356272610092067
00000000000000000224,stable_crop,1000,96,86,0.2529460341090037,0.29175871031518225,0.5356272610092067
00000000000000000224,stable_crop,2000,74,60,0.2784079872222918,0.2986040408001746,0.5175005481654028
00000000000000000225,stable_built,0,100,100,0.13269280481217519,0.11084545425477965,0.45514595808886965
00000000000000000225,stable_built,500,90,94,0.14547726983353285,0.11084545425477965,0.4324448979254642
00000000000000000225,stable_built,1000,82,79,0.15206355826770102,0.13021740286680297,0.46130423512443136
00000000000000000225,stable_built,2000,38,58,0.19534662662176483,0.14260426325116843,0.42196741456832526
00000000000000000226,stable_built,0,100,100,0.026733091501667628,0.020289620933096053,0.4314855498991705
00000000000000000226,stable_built,500,98,58,0.03186610147425748,0.02263616179448471,0.41532517067142677
00000000000000000226,stable_built,1000,97,47,0.03186610147425748,0.02263616179448471,0.41532517067142677
00000000000000000226,stable_built,2000,85,41,0.03332084989045483,0.02263616179448471,0.4045277099772745
00000000000000000227,stable_built,0,94,94,0.03675880051723337,0.03684496429796771,0.5005853218238869
00000000000000000227,stable_built,500,92,88,0.04286867602360049,0.04332177639405428,0.5026284835311743
00000000000000000227,stable_built,1000,78,49,0.04286867602360049,0.05733848064269413,0.5721994571013322
00000000000000000229,stable_nature,0,100,100,0.0492319256557739,0.11560706303304087,0.7013332461689878
00000000000000000229,stable_nature,500,98,99,0.0492319256557739,0.11560706303304087,0.7013332461689878
00000000000000000229,stable_nature,1000,97,93,0.0492319256557739,0.11560706303304087,0.7013332461689878
00000000000000000229,stable_nature,2000,87,73,0.05444137311430648,0.17908646135352405,0.766874157681735
0000000000000000022a,stable_built,0,100,100,0.039084530053995925,0.048456614337556235,0.5535295965548153
0000000000000000022a,stable_built,500,98,99,0.06324944652992981,0.048456614337556235,0.4337867968919363
0000000000000000022a,stable_built,1000,89,91,0.07789197367584262,0.05038599594061512,0.3927876009487286
0000000000000000022a,stable_built,2000,75,58,0.12041752488901411,0.07999419521217348,0.39914928713443193
0000000000000000022b,stable_crop,0,100,100,0.15463299669245362,0.017782929996163422,0.10313971764439274
0000000000000000022b,stable_crop,500,96,97,0.15463299669245362,0.017782929996163422,0.10313971764439274
0000000000000000022b,stable_crop,1000,94,90,0.1583885243004852,0.02158541608883293,0.11993634212830813
0000000000000000022b,stable_crop,2000,58,62,0.192665507140537,0.022290167413313623,0.10369657586139136
0000000000000000022c,stable_crop,0,100,100,0.02172067271039959,0.011921715362566565,0.35436590697293785
0000000000000000022c,stable_crop,500,100,97,0.02172067271039959,0.014534250123918313,0.40089038914626257
0000000000000000022c,stable_crop,1000,99,84,0.02172067271039959,0.014628724909847434,0.40244751955109764
0000000000000000022c,stable_crop,2000,79,45,0.02172067271039959,0.015850455465947343,0.42187861357605405
0000000000000000022d,stable_built,0,100,100,0.10536375908860021,0.03668188293185544,0.25824011500694066
0000000000000000022d,stable_built,500,100,25,0.10536375908860021,0.0641282632916695,0.3783556440633763
0000000000000000022e,stable_nature,0,100,100,0.303554269238928,0.19513487610052588,0.39129561556289294
0000000000000000022e,stable_nature,500,95,94,0.303554269238928,0.19513487610052588,0.39129561556289294
0000000000000000022e,stable_nature,1000,90,91,0.303554269238928,0.19513487610052588,0.39129561556289294
0000000000000000022e,stable_nature,2000,71,14,0.35595254004957555,0.3094377795044097,0.46504701137125426
0000000000000000022f,stable_crop,0,100,100,0.013847582384877932,0.015673066929666433,0.5309187735722886
0000000000000000022f,stable_crop,500,99,98,0.013847582384877932,0.015890929207012627,0.5343552301659776
0000000000000000022f,stable_crop,1000,96,92,0.013847582384877932,0.01687597272132455,0.5492845037769845
0000000000000000022f,stable_crop,2000,85,45,0.013883846154572433,0.02085437750336099,0.6003294154621517
00000000000000000230,stable_nature,0,100,100,0.10152318570422827,0.08720521741176517,0.46206726688460525
00000000000000000230,stable_nature,500,99,95,0.10152318570422827,0.10875607828632783,0.5171983020194278
00000000000000000230,stable_nature,1000,94,88,0.10152318570422827,0.10875607828632783,0.5171983020194278
00000000000000000230,stable_nature,2000,71,69,0.11457485112174415,0.11021453508835681,0.4903013302632257
00000000000000000232,stable_nature,0,100,100,0.008541976361350368,0.44166582100964813,0.9810265916934081
00000000000000000232,stable_nature,500,99,100,0.008541976361350368,0.44166582100964813,0.9810265916934081
00000000000000000232,stable_nature,1000,94,100,0.008541976361350368,0.44166582100964813,0.9810265916934081
00000000000000000232,stable_nature,2000,68,25,0.009170218201348113,0.525981797019368,0.9828642741846935
00000000000000000233,stable_nature,0,100,100,0.044947579103304845,0.1339091285723663,0.7486950325309633
00000000000000000233,stable_nature,500,90,100,0.05348521735553526,0.1339091285723663,0.7145846792153064
00000000000000000233,stable_nature,1000,79,98,0.0625650252741338,0.1339091285723663,0.6815610397096011
00000000000000000233,stable_nature,2000,43,83,0.06662006024966931,0.14123614366409096,0.6794896712441187
00000000000000000234,stable_nature,0,100,100,0.018290718948146312,0.14310949123720162,0.8866747513647696
00000000000000000234,stable_nature,500,97,100,0.01955980828070223,0.14310949123720162,0.8797572231542733
00000000000000000234,stable_nature,1000,81,100,0.021507589689450324,0.14310949123720162,0.8693477641004778
00000000000000000234,stable_nature,2000,51,65,0.02310870882307272,0.1736548110909584,0.8825559288934666
00000000000000000235,stable_crop,0,100,100,0.07138487207571742,0.020188825620289765,0.22046533150915426
00000000000000000235,stable_crop,500,100,88,0.07138487207571742,0.033889437768035435,0.32191555392775223
00000000000000000235,stable_crop,1000,90,74,0.09603016819111587,0.038019999001237384,0.28362515166726754
00000000000000000235,stable_crop,2000,66,50,0.09970792561064298,0.040375107824339326,0.2882226836042259
00000000000000000237,stable_nature,0,100,100,0.03048989511526372,0.020090029314527923,0.39719373922784423
00000000000000000237,stable_nature,500,99,100,0.03048989511526372,0.020090029314527923,0.39719373922784423
00000000000000000237,stable_nature,1000,94,100,0.03048989511526372,0.020090029314527923,0.39719373922784423
00000000000000000237,stable_nature,2000,79,99,0.035730170017287885,0.020090029314527923,0.35990608336501073
00000000000000000238,stable_nature,0,100,100,0.05622226912651562,0.062028437185116324,0.5245502468384853
00000000000000000238,stable_nature,500,100,100,0.05622226912651562,0.062028437185116324,0.5245502468384853
00000000000000000238,stable_nature,1000,96,95,0.061008535999702504,0.06345253734938694,0.5098183362994542
00000000000000000238,stable_nature,2000,82,57,0.06594028608000173,0.07830144045104152,0.542848746570202
00000000000000000239,stable_nature,0,100,100,0.08836067637998953,0.1356527593995986,0.6055563539164894
00000000000000000239,stable_nature,500,99,99,0.09963538487545516,0.1356527593995986,0.57653886394056
00000000000000000239,stable_nature,1000,95,93,0.11618644833397673,0.14144222262305434,0.5490158455465384
00000000000000000239,stable_nature,2000,73,78,0.11618644833397676,0.14144222262305434,0.5490158455465383
0000000000000000023b,stable_crop,0,100,100,0.013914262058458781,0.006931447151746784,0.3325119371818158
0000000000000000023b,stable_crop,500,98,94,0.013914262058458849,0.009839888750167636,0.4142387083852298
0000000000000000023b,stable_crop,1000,92,82,0.013914262058458781,0.014486461271657624,0.5100736732217649
0000000000000000023b,stable_crop,2000,75,48,0.014108393097302385,0.0657182271622101,0.8232620515279245
0000000000000000023c,stable_crop,0,100,100,0.03696997855025112,0.029303849520517344,0.4421632245052144
0000000000000000023c,stable_crop,500,97,95,0.03696997855025112,0.03060993564090251,0.45294428095702544
0000000000000000023c,stable_crop,1000,93,91,0.03696997855025112,0.03060993564090251,0.45294428095702544
0000000000000000023c,stable_crop,2000,66,77,0.03759199966301983,0.03847040003748026,0.5057742089186485
0000000000000000023d,stable_nature,0,100,100,0.06991495169479658,0.15930816590713712,0.6949917075253068
0000000000000000023d,stable_nature,500,99,100,0.06991495169479658,0.15930816590713712,0.6949917075253068
0000000000000000023d,stable_nature,1000,92,91,0.07064183817801262,0.15930816590713712,0.6927947948522455
0000000000000000023d,stable_nature,2000,72,38,0.07198036592624457,0.18209388696004064,0.7166955521495633
0000000000000000023e,stable_crop,0,100,100,0.018528290097381973,0.020269930289099646,0.5224448463527933
0000000000000000023e,stable_crop,500,97,100,0.022906276701949557,0.020269930289099646,0.46946991644801744
0000000000000000023e,stable_crop,1000,89,98,0.024370483843322122,0.020269930289099646,0.45407128680564324
0000000000000000023e,stable_crop,2000,63,80,0.027541999160367037,0.021744306844470797,0.4411835377131985
0000000000000000023f,stable_nature,0,100,100,0.11100979670910238,0.11719247184025168,0.5135464804303316
0000000000000000023f,stable_nature,500,96,99,0.11204658878130583,0.12145368512305862,0.5201436516185103
0000000000000000023f,stable_nature,1000,92,97,0.11204658878130583,0.12145368512305862,0.5201436516185103
0000000000000000023f,stable_nature,2000,68,85,0.12055744664060827,0.12797927697347058,0.5149310536968309
00000000000000000240,stable_nature,0,100,100,0.028642172738340778,0.02841199419633087,0.4979828069063787
00000000000000000240,stable_nature,500,99,95,0.033563925641292555,0.02841199419633087,0.45843602273772954
00000000000000000240,stable_nature,1000,96,80,0.033563925641292555,0.036071165269994696,0.5180027023362421
00000000000000000240,stable_nature,2000,76,33,0.03492196828344918,0.08723533351844943,0.7141229564746285
00000000000000000241,stable_nature,0,100,100,0.18459532317393748,0.1046459208612847,0.3617946023222737
00000000000000000241,stable_nature,500,99,89,0.1845953231739375,0.13859614943493148,0.4288360343041406
00000000000000000241,stable_nature,1000,97,84,0.18459532317393748,0.1693690057564347,0.4784917346551961
00000000000000000242,stable_crop,0,100,100,0.06052307686140725,0.024313286021379454,0.28659038642056195
00000000000000000242,stable_crop,500,99,91,0.06052307686140725,0.03573225857273534,0.3712236668357147
00000000000000000242,stable_crop,1000,93,79,0.06052307686140725,0.037239927695454055,0.3809204500605697
00000000000000000242,stable_crop,2000,67,46,0.06373388434247503,0.03770205363076702,0.37168339331905054
00000000000000000243,stable_nature,0,100,100,0.03302976509976394,0.18793015963214427,0.8505169426506203
00000000000000000243,stable_nature,500,95,100,0.04261764894756905,0.18793015963214427,0.8151461546699157
00000000000000000243,stable_nature,1000,90,100,0.04591408106918371,0.18793015963214427,0.8036552838236027
00000000000000000243,stable_nature,2000,57,87,0.05424584151355918,0.19022321441188503,0.7781075346775967
00000000000000000244,stable_crop,0,100,100,0.03662188936949877,0.03699382598813814,0.5025262039214546
00000000000000000244,stable_crop,500,98,96,0.03662188936949877,0.037231555571839214,0.504127540711313
00000000000000000244,stable_crop,1000,89,86,0.039503381939249314,0.037231555571839214,0.48519692305703505
00000000000000000244,stable_crop,2000,62,71,0.046769890409218126,0.037231555571839214,0.4432251747165382
00000000000000000245,stable_nature,0,100,100,0.027456459630040488,0.11236375837786931,0.8036302616171656
00000000000000000245,stable_nature,500,97,96,0.027456459630040488,0.11236375837786931,0.8036302616171656
00000000000000000245,stable_nature,1000,91,92,0.027456459630040463,0.11236375837786931,0.8036302616171657
00000000000000000245,stable_nature,2000,72,67,0.027456459630040488,0.116440002043899,0.8091929480999724
00000000000000000246,stable_nature,0,100,100,0.14304850454704837,0.11985726835619984,0.45589439528911574
00000000000000000246,stable_nature,500,99,97,0.14304850454704837,0.11985726835619984,0.45589439528911574
00000000000000000246,stable_nature,1000,94,90,0.14731654658093818,0.12761936446726677,0.4641785934047259
00000000000000000246,stable_nature,2000,75,66,0.15473871066023623,0.12761936446726677,0.451977030970998
00000000000000000247,stable_nature,0,100,100,0.01720248273378695,0.15755540491610115,0.9015639124160613
00000000000000000247,stable_nature,500,98,100,0.01720248273378695,0.15755540491610115,0.9015639124160613
00000000000000000247,stable_nature,1000,94,100,0.01772248339481375,0.15755540491610115,0.8988892234696724
00000000000000000247,stable_nature,2000,58,93,0.02059402757932871,0.15755540491610115,0.8844002627920725
00000000000000000248,stable_crop,0,100,100,0.05846432646948441,0.03725095320222684,0.3891850217603994
00000000000000000248,stable_crop,500,98,95,0.06514472430280545,0.0427438669348527,0.3961852355667511
00000000000000000248,stable_crop,1000,97,80,0.06514472430280545,0.05176477957754677,0.4427764883005681
00000000000000000249,stable_nature,0,100,100,0.03244977111496352,0.11611544913708409,0.7815789519196176
00000000000000000249,stable_nature,500,93,98,0.04031918105011534,0.11611544913708409,0.7422617932959654
00000000000000000249,stable_nature,1000,78,92,0.04123785102728641,0.11611544913708409,0.7379282736050183
00000000000000000249,stable_nature,2000,33,73,0.047846962495778377,0.1350891004528028,0.7384498074063973
0000000000000000024a,stable_crop,0,100,100,0.017793014941052433,0.007437896106574926,0.29479300577929674
0000000000000000024a,stable_crop,500,99,92,0.017793014941052433,0.009919316702769044,0.35793872669760135
0000000000000000024a,stable_crop,1000,97,84,0.01849465657423499,0.01722037562615879,0.48216043958898536
0000000000000000024a,stable_crop,2000,73,77,0.019345041162895815,0.017228998701241904,0.4710717975036862
0000000000000000024b,stable_nature,0,100,100,0.09616032986783991,0.10766878192097436,0.5282306387715652
0000000000000000024b,stable_nature,500,99,95,0.09616032986783991,0.10840488423039203,0.5299282417479162
0000000000000000024b,stable_nature,1000,99,84,0.09616032986783991,0.10840488423039207,0.5299282417479164
0000000000000000024b,stable_nature,2000,80,34,0.12927783701597684,0.11134663751546295,0.462740283305852
0000000000000000024d,stable_built,0,98,100,0.0480842121939935,0.04135914405973369,0.4624059940455086
0000000000000000024d,stable_built,500,94,93,0.0480842121939935,0.0464040990620469,0.4911094128437954
0000000000000000024d,stable_built,1000,87,64,0.05167124562836101,0.05514475288659502,0.5162593024710392
0000000000000000024e,stable_nature,0,100,100,0.030787680775723934,0.07856951053391592,0.7184667930134698
0000000000000000024e,stable_nature,500,100,98,0.030787680775723934,0.0785761246909894,0.7184838197148036
0000000000000000024e,stable_nature,1000,92,92,0.04431347455692358,0.09555201855323622,0.683170783785069
0000000000000000024e,stable_nature,2000,75,65,0.04833391800221616,0.12239514296114311,0.7168969492937927
0000000000000000024f,stable_nature,0,100,100,0.04291575221058443,0.00819671281965757,0.16036622015094376
0000000000000000024f,stable_nature,500,98,83,0.04966837138520237,0.01830649997292455,0.26931275641857544
0000000000000000024f,stable_nature,1000,96,37,0.056873948695806774,0.04841614330135813,0.45983570137066615
00000000000000000250,stable_nature,0,100,100,0.035057864474430066,0.036109947224224136,0.5073915631496028
00000000000000000250,stable_nature,500,100,99,0.035057864474430066,0.036109947224224136,0.5073915631496028
00000000000000000250,stable_nature,1000,94,93,0.03510840614448674,0.03965795618825028,0.5304251129836675
00000000000000000250,stable_nature,2000,62,67,0.048222370358537714,0.04101810209818515,0.45963564477560587
00000000000000000251,stable_built,0,97,99,0.06955096427967737,0.09026427614283898,0.5648039317378948
00000000000000000251,stable_built,500,95,96,0.0695509642796773,0.09780810707113621,0.5844207086064018
00000000000000000251,stable_built,1000,90,95,0.0726498426699949,0.09780810707113621,0.5737961017312503
00000000000000000251,stable_built,2000,57,75,0.07416876639560839,0.09926873448182885,0.5723602679872938
00000000000000000252,stable_crop,0,100,100,0.23422960764996792,0.3051697174666682,0.5657584339767474
00000000000000000252,stable_crop,500,95,96,0.29101633260944765,0.3632959349845855,0.5552332624297311
00000000000000000252,stable_crop,1000,91,88,0.29101633260944765,0.3632959349845855,0.5552332624297311
00000000000000000252,stable_crop,2000,76,61,0.35251938834492264,0.3642961923296105,0.5082146679712161
00000000000000000253,stable_nature,0,100,100,0.012534144925172153,0.023509340838346014,0.6522493687746765
00000000000000000253,stable_nature,500,96,100,0.012534144925172153,0.023509340838346014,0.6522493687746765
00000000000000000253,stable_nature,1000,88,100,0.012534144925172153,0.023509340838346014,0.6522493687746765
00000000000000000253,stable_nature,2000,52,83,0.0164242584286723,0.025213753161695274,0.6055465234301104
00000000000000000254,stable_crop,0,100,100,0.10460205336417863,0.20672247839328825,0.6640096018956468
00000000000000000254,stable_crop,500,99,97,0.10668699721062894,0.20672247839328825,0.6595923049049157
00000000000000000254,stable_crop,1000,92,88,0.12426637397495315,0.20672247839328825,0.6245602439887455
00000000000000000254,stable_crop,2000,64,66,0.16507739487812545,0.2494049674116499,0.6017263702928877
00000000000000000255,stable_built,0,100,100,0.04772445741460727,0.052535156210264146,0.5239912095243477
00000000000000000255,stable_built,500,93,96,0.06588562350001,0.05994645870166002,0.47640043502664076
00000000000000000255,stable_built,1000,85,94,0.07601716260933836,0.059971528680481015,0.44100379311856575
00000000000000000255,stable_built,2000,37,92,0.10972192716427923,0.059971528680481015,0.35341096910060593
00000000000000000256,stable_nature,0,100,100,0.03290863870238647,0.04947240482222752,0.6005314172409761
00000000000000000256,stable_nature,500,94,98,0.03889186279918362,0.051765800378663206,0.5710030301193747
00000000000000000256,stable_nature,1000,88,94,0.03889186279918362,0.051765800378663206,0.5710030301193747
00000000000000000256,stable_nature,2000,61,68,0.03889186279918362,0.05612546016109723,0.5906866075775268
00000000000000000257,stable_crop,0,100,100,0.03126443914814703,0.019472789880427843,0.3837968736739072
00000000000000000257,stable_crop,500,98,97,0.03295910230297614,0.019472789880427843,0.3713920873185668
00000000000000000257,stable_crop,1000,90,93,0.03389786726362631,0.019472789880427843,0.3648594737648341
00000000000000000257,stable_crop,2000,57,69,0.03418093297951212,0.019472789880427843,0.36293455220055343
00000000000000000258,stable_nature,0,99,99,0.012800499222040896,0.10397330102224789,0.8903820960168046
00000000000000000258,stable_nature,500,95,99,0.016641713748790244,0.10397330102224789,0.8620261848722316
00000000000000000258,stable_nature,1000,85,95,0.025218471294366072,0.10397330102224789,0.8047981628940948
00000000000000000258,stable_nature,2000,45,73,0.046382241892755305,0.10650132501718028,0.6966172177237602
00000000000000000259,stable_built,0,100,100,0.05333993860711421,0.014336541414383208,0.211839348169665
00000000000000000259,stable_built,500,94,9,0.06424885915766473,0.06084234963297166,0.48638389716351976
0000000000000000025a,stable_crop,0,100,100,0.02509636249758167,0.014365446791813263,0.3640341649339894
0000000000000000025a,stable_crop,500,100,98,0.02509636249758167,0.0161490979725198,0.3915363724411472
0000000000000000025a,stable_crop,1000,97,83,0.030430910045417002,0.0235085656291387,0.435832297861811
0000000000000000025a,stable_crop,2000,92,43,0.030430910045417002,0.029896855700489167,0.4955737267963117
0000000000000000025b,stable_built,0,100,100,0.09205232377851742,0.008337724205935792,0.08305329435786254
0000000000000000025b,stable_built,500,99,82,0.09205232377851742,0.018960632314096483,0.17079657169121365
0000000000000000025b,stable_built,1000,91,82,0.09205232377851742,0.018960632314096483,0.17079657169121365
0000000000000000025b,stable_built,2000,68,82,0.09290410013844656,0.018960632314096483,0.16949606813720983
0000000000000000025c,stable_crop,0,98,97,0.06527602621304676,0.045342581430201624,0.4099001279786874
0000000000000000025c,stable_crop,500,98,95,0.06527602621304676,0.045342581430201624,0.4099001279786874
0000000000000000025c,stable_crop,1000,91,87,0.06652555120729145,0.045342581430201624,0.4053216976163196
0000000000000000025c,stable_crop,2000,75,59,0.07234932574710459,0.054785409029254176,0.43092400456252666
0000000000000000025d,stable_crop,0,100,100,0.0385731299129745,0.028434108841590432,0.42434383761603645
0000000000000000025d,stable_crop,500,95,97,0.0414649435517437,0.031801482729718986,0.434052598759428
0000000000000000025d,stable_crop,1000,90,95,0.0414649435517437,0.031801482729718986,0.434052598759428
0000000000000000025d,stable_crop,2000,58,76,0.04273574752299043,0.037021595891497915,0.4641778964306447
0000000000000000025e,stable_crop,0,100,100,0.08469477551527253,0.01120161822319119,0.11680958778934195
0000000000000000025e,stable_crop,500,98,100,0.08469477551527252,0.01120161822319119,0.11680958778934197
0000000000000000025e,stable_crop,1000,91,93,0.08469477551527252,0.01120161822319119,0.11680958778934197
0000000000000000025e,stable_crop,2000,66,71,0.09368484675781052,0.01120161822319119,0.1067975570071254
0000000000000000025f,stable_nature,0,100,100,0.056820302250910615,0.3401984353394213,0.8568825678187559
0000000000000000025f,stable_nature,500,98,100,0.056820302250910615,0.3401984353394213,0.8568825678187559
0000000000000000025f,stable_nature,1000,87,100,0.056820302250910615,0.3401984353394213,0.8568825678187559
0000000000000000025f,stable_nature,2000,58,100,0.0961177065321746,0.3401984353394213,0.7797062787531686
00000000000000000260,stable_crop,0,100,100,0.057950751135356235,0.015116126924506234,0.20688070060848862
00000000000000000260,stable_crop,500,100,92,0.057950751135356235,0.029102235185294444,0.3343048459907517
00000000000000000260,stable_crop,1000,97,72,0.05799079149665343,0.030307614357480528,0.3432407874634165
00000000000000000260,stable_crop,2000,78,39,0.05799079149665343,0.039810707750754945,0.4070562113740074
00000000000000000262,stable_nature,0,100,100,0.062079198700732106,0.17970113948475996,0.7432413273661291
00000000000000000262,stable_nature,500,98,99,0.062079198700732106,0.21656255500001337,0.7772078381039015
00000000000000000262,stable_nature,1000,95,95,0.062079198700732106,0.21781629508829753,0.7782057943801615
00000000000000000262,stable_nature,2000,65,72,0.0689388404700598,0.2401012444517904,0.7769258946189136
00000000000000000263,stable_built,0,100,100,0.21402926984635534,0.140126706484112,0.3956638200366337
00000000000000000263,stable_built,500,100,97,0.21402926984635534,0.140126706484112,0.3956638200366337
00000000000000000263,stable_built,1000,97,88,0.21402926984635534,0.15046242673201912,0.4128006979145362
00000000000000000263,stable_built,2000,75,55,0.2323406762948334,0.18340359145768664,0.44114520796332446
00000000000000000264,stable_crop,0,100,100,0.17432628868351202,0.05928173565509287,0.2537658362664493
00000000000000000264,stable_crop,500,99,95,0.17432628868351194,0.05928173565509296,0.25376583626644966
00000000000000000264,stable_crop,1000,91,90,0.17432628868351194,0.06030077075554328,0.2570068895695703
00000000000000000264,stable_crop,2000,64,77,0.2023357992059574,0.06030077075554328,0.2295977698922623
00000000000000000265,stable_nature,0,100,100,0.007441137785388907,0.03427081217246482,0.821606570929215
00000000000000000265,stable_nature,500,97,100,0.007441137785388907,0.03427081217246482,0.821606570929215
00000000000000000265,stable_nature,1000,89,100,0.008299375741125515,0.03427081217246482,0.8050425391878288
00000000000000000265,stable_nature,2000,54,100,0.012010192551399368,0.03427081217246482,0.7404941266120144
00000000000000000266,stable_built,0,100,100,0.1994973176890043,0.03149869872685227,0.13636035467386398
00000000000000000266,stable_built,500,97,46,0.1994973176890043,0.04158867973280025,0.17250557965780194
00000000000000000266,stable_built,1000,95,13,0.1994973176890043,0.07136197081329528,0.26346510473251117
00000000000000000267,stable_nature,0,100,100,0.06284700292797421,0.043117192565862904,0.4069034107654193
00000000000000000267,stable_nature,500,100,93,0.06284700292797421,0.05092307942248988,0.44759640118019617
00000000000000000267,stable_nature,1000,93,81,0.06284700292797421,0.05092307942248988,0.44759640118019617
00000000000000000267,stable_nature,2000,77,57,0.07660579902903375,0.05166214924873669,0.4027674094892127
00000000000000000268,stable_nature,0,100,36,0.02154696288706337,0.07891207972989167,0.7855149489129982
00000000000000000268,stable_nature,500,99,36,0.02215551590213156,0.07891207972989167,0.7807851689321045
00000000000000000268,stable_nature,1000,94,36,0.024462364689387207,0.07891207972989167,0.7633615848910096
00000000000000000268,stable_nature,2000,82,36,0.026219983220955735,0.07891207972989167,0.7505995555897632
00000000000000000269,stable_built,0,100,100,0.05714831002258973,0.03184017904073642,0.35780109737249777
00000000000000000269,stable_built,500,98,97,0.05714831002258973,0.03184017904073642,0.35780109737249777
00000000000000000269,stable_built,1000,96,89,0.05714831002258973,0.03184017904073642,0.35780109737249777
00000000000000000269,stable_built,2000,79,62,0.06043544647073025,0.045260854649018925,0.42821606971195886
0000000000000000026a,stable_nature,0,100,100,0.09812580127765407,0.008241652587833026,0.07748284167991823
0000000000000000026a,stable_nature,500,98,30,0.10687128867162439,0.016452626440412944,0.1334098615449619
0000000000000000026a,stable_nature,1000,89,30,0.10687128867162439,0.016452626440412944,0.1334098615449619
0000000000000000026a,stable_nature,2000,66,30,0.113139946335442,0.016452626440412944,0.1269565538199683
0000000000000000026b,stable_crop,0,100,100,0.048145305505523026,0.01237855558374359,0.20452356080326634
0000000000000000026b,stable_crop,500,99,96,0.048145305505523026,0.0250325099660355,0.34207785248006783
0000000000000000026b,stable_crop,1000,95,87,0.048145305505523026,0.0250325099660355,0.34207785248006783
0000000000000000026b,stable_crop,2000,70,69,0.05758335255803122,0.0250325099660355,0.30299883340732914
0000000000000000026c,stable_crop,0,100,100,0.04244045777048355,0.018693273091457584,0.30577674268509797
0000000000000000026c,stable_crop,500,97,93,0.04244045777048355,0.045493471553658016,0.5173597029360859
0000000000000000026c,stable_crop,1000,84,76,0.04280929991009867,0.04609766006475424,0.5184932661883203
0000000000000000026c,stable_crop,2000,41,43,0.05882916574025898,0.04912904062762731,0.45507462822934014
0000000000000000026e,stable_nature,0,100,100,0.011317136940921157,0.004733240489017932,0.2948990146421121
0000000000000000026e,stable_nature,500,99,91,0.011699301143196283,0.015762571207168886,0.5739802081042484
0000000000000000026e,stable_nature,1000,96,80,0.011699301143196261,0.016423741009347514,0.58399588919572
0000000000000000026e,stable_nature,2000,74,40,0.013017930271002686,0.025822003673309068,0.6648312973360749
0000000000000000026f,stable_crop,0,99,98,0.021740852652026056,0.01592842018626215,0.42284915491251973
0000000000000000026f,stable_crop,500,99,96,0.021740852652026056,0.01792785402478374,0.45193946377920025
0000000000000000026f,stable_crop,1000,94,89,0.021810004190305654,0.0202207744476951,0.481094452743068
0000000000000000026f,stable_crop,2000,53,74,0.026660689356193902,0.02114582349918457,0.44232097753524474
00000000000000000270,stable_crop,0,100,100,0.026518181716748912,0.016458740477448462,0.3829669421810692
00000000000000000270,stable_crop,500,95,99,0.0313664532888915,0.01746001345126922,0.3575932197557606
00000000000000000270,stable_crop,1000,92,87,0.03136645328889143,0.020899998216729766,0.39987406097546385
00000000000000000270,stable_crop,2000,67,67,0.037659451590632845,0.02523852312265984,0.40126130034079993
00000000000000000271,stable_nature,0,100,100,0.032424565799793026,0.03972001824839657,0.5505613314135219
00000000000000000271,stable_nature,500,98,99,0.03446456553353998,0.03972001824839657,0.535421461211092
00000000000000000271,stable_nature,1000,86,94,0.03703958309123747,0.041255476562723346,0.5269231129592654
00000000000000000271,stable_nature,2000,53,76,0.05907722641329718,0.043685502022650424,0.42511037500775045
00000000000000000273,stable_built,0,100,99,0.0612456671349626,0.040179978445409235,0.3961520601135697
00000000000000000273,stable_built,500,99,94,0.0612456671349626,0.040179978445409235,0.3961520601135697
00000000000000000273,stable_built,1000,89,82,0.0612456671349626,0.040179978445409235,0.3961520601135697
00000000000000000273,stable_built,2000,60,67,0.07782022573090257,0.042692718774867154,0.3542583657680767
00000000000000000274,stable_built,0,100,100,0.07640210704204904,0.06670866875586587,0.46613309433524613
00000000000000000274,stable_built,500,98,95,0.07640210704204904,0.08867803168634658,0.5371817128874014
00000000000000000274,stable_built,1000,91,81,0.08544554959276465,0.09079747347478266,0.5151833638229653
00000000000000000274,stable_built,2000,73,46,0.09140602117068204,0.09825705885823185,0.5180610735770748
00000000000000000275,stable_crop,0,100,100,0.1623974829073782,0.14813165811366874,0.47702981313161746
00000000000000000275,stable_crop,500,99,99,0.1623974829073782,0.14813165811366874,0.47702981313161746
00000000000000000275,stable_crop,1000,86,96,0.16376493205045034,0.14813165811366874,0.4749383699105122
00000000000000000275,stable_crop,2000,40,73,0.22511395182952518,0.14813165811366874,0.3968744820222179
00000000000000000276,stable_crop,0,100,100,0.036029627702683586,0.02846182768246357,0.44132711088695953
00000000000000000276,stable_crop,500,100,95,0.036029627702683586,0.031915098167261416,0.4697214943199759
00000000000000000276,stable_crop,1000,99,82,0.036029627702683586,0.03861336444088474,0.5173072961236399
00000000000000000276,stable_crop,2000,72,55,0.04242628221430282,0.038799791343059775,0.4776765593031076
00000000000000000279,stable_crop,0,100,100,0.1287968926514567,0.006444849367489835,0.047654291280419155
00000000000000000279,stable_crop,500,100,93,0.1287968926514567,0.01325833128413174,0.09333223317468482
00000000000000000279,stable_crop,1000,96,89,0.1287968926514567,0.016203397568829315,0.11174734577497182
00000000000000000279,stable_crop,2000,79,65,0.1287968926514567,0.0213712886093127,0.14231569184459128
0000000000000000027a,stable_built,0,100,100,0.05213584649585814,0.026973227309704906,0.34096249661144623
0000000000000000027a,stable_built,500,100,99,0.05213584649585814,0.026973227309704906,0.34096249661144623
0000000000000000027a,stable_built,1000,96,77,0.0575449579026962,0.032454046446248386,0.36060450535715693
0000000000000000027a,stable_built,2000,84,52,0.05809929702225245,0.040104310616016534,0.4083791988918734
0000000000000000027b,stable_built,0,100,100,0.07797936471479364,0.015622650602229959,0.16690506661795912
0000000000000000027b,stable_built,500,99,94,0.07797936471479364,0.015622650602229959,0.16690506661795912
0000000000000000027b,stable_built,1000,97,84,0.07797936471479364,0.017822349405463588,0.1860337215146866
0000000000000000027b,stable_built,2000,77,55,0.07983733607384806,0.017822349405463588,0.18249443788201225
0000000000000000027c,stable_built,0,100,100,0.03851289351975991,0.045942520194458145,0.5439854968844909
0000000000000000027c,stable_built,500,94,94,0.05401041481186593,0.07792656351083171,0.5906347447161071
0000000000000000027c,stable_built,1000,87,62,0.055914086551535444,0.11668545323523608,0.6760473022043545
0000000000000000027d,stable_nature,0,100,100,0.03867357777480662,0.22232789066358496,0.8518262061625635
0000000000000000027d,stable_nature,500,100,100,0.03867357777480662,0.22232789066358496,0.8518262061625635
0000000000000000027d,stable_nature,1000,95,100,0.03867357777480662,0.22232789066358496,0.8518262061625635
0000000000000000027d,stable_nature,2000,68,100,0.038756780276178196,0.22232789066358496,0.85155474606178
0000000000000000027e,stable_nature,0,100,100,0.0475573413302008,0.11082375203396691,0.6997284188362601
0000000000000000027e,stable_nature,500,95,99,0.05173001043037897,0.11082375203396697,0.6817667604439052
0000000000000000027e,stable_nature,1000,93,95,0.05173001043037897,0.11289168819137538,0.6857643259414846
0000000000000000027e,stable_nature,2000,59,63,0.054804903337876396,0.11289168819137538,0.6731901177073727
00000000000000000280,stable_built,0,100,100,0.15498833377325272,0.015926083037275118,0.09318162466562
00000000000000000280,stable_built,500,99,49,0.15498833377325272,0.027700076007898346,0.1516247037287676
00000000000000000280,stable_built,1000,94,45,0.15498833377325272,0.027700076007898346,0.1516247037287676
00000000000000000280,stable_built,2000,80,44,0.15498833377325272,0.027700076007898346,0.1516247037287676
00000000000000000282,stable_nature,0,100,100,0.09898063137872466,0.13200288263559568,0.5714818358285102
00000000000000000282,stable_nature,500,98,98,0.09898063137872463,0.13200288263559568,0.5714818358285102
00000000000000000282,stable_nature,1000,93,89,0.11080282936434468,0.13200288263559568,0.5436564137959178
00000000000000000282,stable_nature,2000,54,67,0.14560702176224333,0.1677970918572643,0.5354016892721618
00000000000000000283,stable_crop,0,100,100,0.07564297339851736,0.010354220787208556,0.12040184432908835
00000000000000000283,stable_crop,500,100,95,0.07564297339851736,0.016531182817948187,0.17934726496379674
00000000000000000283,stable_crop,1000,96,91,0.07564297339851736,0.017898002111925625,0.19133863009303487
00000000000000000283,stable_crop,2000,84,67,0.07564297339851736,0.031299901901605275,0.2926787017225139
00000000000000000284,stable_nature,0,100,99,0.043601845754673275,0.04794799768272819,0.5237365339132403
00000000000000000284,stable_nature,500,96,97,0.0513727284708269,0.04925109774982461,0.48945761256718257
00000000000000000284,stable_nature,1000,87,93,0.0513727284708269,0.04925109774982461,0.48945761256718257
00000000000000000284,stable_nature,2000,66,72,0.0589438391833456,0.050867810621876286,0.4632278151875479
00000000000000000285,stable_nature,0,100,100,0.061676150782370855,0.1168183933667755,0.6544647844726839
00000000000000000285,stable_nature,500,94,99,0.0686009412709997,0.1168183933667755,0.6300227190133938
00000000000000000285,stable_nature,1000,88,95,0.0686009412709997,0.1168183933667755,0.6300227190133938
00000000000000000285,stable_nature,2000,61,91,0.0739673525378554,0.12438981433979664,0.6271001763999481
00000000000000000286,stable_crop,0,99,97,0.0563002199366498,0.0583329807745091,0.5088663704067877
00000000000000000286,stable_crop,500,98,97,0.0563002199366498,0.0583329807745091,0.5088663704067877
00000000000000000286,stable_crop,1000,88,92,0.0563002199366498,0.06333406548989262,0.5293972815865688
00000000000000000286,stable_crop,2000,57,77,0.0563002199366498,0.07245115175424974,0.5627213970785838
00000000000000000287,stable_built,0,100,100,0.23225046539045846,0.031181059922380315,0.11836495227833042
00000000000000000287,stable_built,500,99,94,0.23225046539045846,0.03541273996795084,0.13230335458472817
00000000000000000287,stable_built,1000,93,88,0.24840576033469483,0.03541273996795084,0.12477248639558106
00000000000000000287,stable_built,2000,73,63,0.24840576033469483,0.04574955806320722,0.15552857691720046
00000000000000000288,stable_crop,0,100,100,0.13597118703572364,0.03568585575394341,0.20789042601334876
00000000000000000288,stable_crop,500,100,100,0.13597118703572364,0.03568585575394341,0.20789042601334876
00000000000000000288,stable_crop,1000,99,91,0.13597118703572358,0.04070661963313464,0.23040029984750376
00000000000000000288,stable_crop,2000,76,65,0.15334640041453523,0.04070661963313464,0.20977060611025342
00000000000000000289,stable_nature,0,100,17,0.015573188391100112,0.12726685674728067,0.8909746326605814
00000000000000000289,stable_nature,500,99,17,0.015573188391100112,0.12726685674728067,0.8909746326605814
00000000000000000289,stable_nature,1000,90,17,0.015573188391100112,0.12726685674728067,0.8909746326605814
00000000000000000289,stable_nature,2000,68,6,0.01648984588713669,0.22493638586392609,0.9316982012747013
0000000000000000028a,stable_crop,0,100,100,0.003613147568297981,0.008455760927955924,0.7006235012785044
0000000000000000028a,stable_crop,500,94,100,0.005492540270005097,0.008455760927955924,0.6062215611307401
0000000000000000028a,stable_crop,1000,85,93,0.006718599047263485,0.009407240351612778,0.583364382984303
0000000000000000028a,stable_crop,2000,54,81,0.007257325150168481,0.009407240351612778,0.5645055882220718
0000000000000000028b,stable_crop,0,100,100,0.06082243031534766,0.07156148980741817,0.5405602866308481
0000000000000000028b,stable_crop,500,100,99,0.06082243031534766,0.07156148980741817,0.5405602866308481
0000000000000000028b,stable_crop,1000,98,92,0.06082243031534766,0.07156148980741817,0.5405602866308481
0000000000000000028b,stable_crop,2000,84,70,0.06754313609916614,0.08106079795627277,0.5454821803404366
0000000000000000028e,stable_nature,0,100,100,0.03136562920252941,0.06296367942787695,0.6674879773995669
0000000000000000028e,stable_nature,500,94,100,0.03271315347741095,0.06296367942787695,0.6580869946808091
0000000000000000028e,stable_nature,1000,85,97,0.03331152820148897,0.06675410063165141,0.667103194267603
0000000000000000028e,stable_nature,2000,58,62,0.03896928811983071,0.07158266974953813,0.6475025058667403
0000000000000000028f,stable_crop,0,100,100,0.046973858123287936,0.05601919146617429,0.5439123483470675
0000000000000000028f,stable_crop,500,100,98,0.046973858123287936,0.06398253754625516,0.576645781972182
0000000000000000028f,stable_crop,1000,94,90,0.046973858123287936,0.06847321042016416,0.5931134612898292
0000000000000000028f,stable_crop,2000,72,73,0.04902706470258915,0.06847321042016416,0.5827493624848707
00000000000000000290,stable_crop,0,100,100,0.1627473505694454,0.02519294503416547,0.1340475971537601
00000000000000000290,stable_crop,500,100,96,0.1627473505694454,0.02519294503416547,0.1340475971537601
00000000000000000290,stable_crop,1000,100,87,0.1627473505694454,0.02519294503416547,0.1340475971537601
00000000000000000290,stable_crop,2000,98,47,0.1627473505694454,0.035627417272343954,0.17959651653167122
00000000000000000292,stable_crop,0,100,100,0.24111349932073312,0.02375176735906561,0.08967490398690123
00000000000000000292,stable_crop,500,99,94,0.24111349932073312,0.02801243845749295,0.10408672864698976
00000000000000000292,stable_crop,1000,97,82,0.2740738197064386,0.03270765419566477,0.10661548032719684
00000000000000000292,stable_crop,2000,78,52,0.31774509114140703,0.037622195361339636,0.10586848252545324
00000000000000000294,stable_crop,0,100,100,0.04539560945838452,0.006963986544375711,0.13300306106020354
00000000000000000294,stable_crop,500,100,98,0.04539560945838452,0.008365251936378737,0.15560115145472686
00000000000000000294,stable_crop,1000,98,91,0.04539560945838452,0.009038173989466113,0.16603979030704238
00000000000000000294,stable_crop,2000,94,54,0.04539560945838452,0.009666585623164293,0.17555757827438995
00000000000000000296,stable_nature,0,100,100,0.023591007897357998,0.1115494884963201,0.8254334671861763
00000000000000000296,stable_nature,500,98,98,0.023591007897357998,0.11154948849632011,0.8254334671861763
00000000000000000296,stable_nature,1000,97,90,0.023591007897357998,0.11187208596595477,0.8258491872185643
00000000000000000296,stable_nature,2000,79,58,0.023591007897357998,0.1170354627624625,0.8322434760148565
00000000000000000297,stable_crop,0,100,100,0.02439436011429359,0.034786465828107384,0.587799600184294
00000000000000000297,stable_crop,500,96,100,0.030623206466515264,0.034786465828107384,0.5318244933392727
00000000000000000297,stable_crop,1000,82,96,0.0341136749182563,0.034786465828107384,0.5048823623693165
00000000000000000297,stable_crop,2000,38,72,0.04398287609048943,0.03605074811992022,0.45044502826326827
00000000000000000298,stable_nature,0,100,100,0.03957991042149591,0.1861346531760645,0.8246461823664605
00000000000000000298,stable_nature,500,92,98,0.05760145284523184,0.19804289228225327,0.7746812947601804
00000000000000000298,stable_nature,1000,71,92,0.07598534364252008,0.19804289228225327,0.7227098025617245
00000000000000000298,stable_nature,2000,48,69,0.1415605737051672,0.22696713585239228,0.6158753601574889
00000000000000000299,stable_crop,0,100,100,0.0512168934123056,0.026960974076226486,0.3448670952790638
00000000000000000299,stable_crop,500,100,97,0.0512168934123056,0.02920556008740862,0.36315181663973045
00000000000000000299,stable_crop,1000,98,83,0.0512168934123056,0.0321203733190359,0.3854262874039116
00000000000000000299,stable_crop,2000,81,50,0.07538200627786432,0.03282904204229666,0.30337976160126384
0000000000000000029a,stable_nature,0,100,100,0.10924584230318768,0.0988682129237203,0.4750674471046592
0000000000000000029a,stable_nature,500,99,93,0.10924584230318768,0.0988682129237203,0.4750674471046592
0000000000000000029a,stable_nature,1000,95,84,0.10924584230318768,0.0988682129237203,0.4750674471046592
0000000000000000029a,stable_nature,2000,83,32,0.10924584230318768,0.0993362138571167,0.476245251798152
0000000000000000029b,stable_nature,0,100,100,0.07629967249260608,0.1243076082208914,0.6196565138520814
0000000000000000029b,stable_nature,500,97,98,0.0813835402569724,0.12972434731525487,0.6144931333759721
0000000000000000029b,stable_nature,1000,88,91,0.0813835402569724,0.1317834192034039,0.6182169109902875
0000000000000000029b,stable_nature,2000,74,72,0.08632662738652941,0.15076807358644775,0.6358981156773961
0000000000000000029c,stable_crop,0,99,98,0.007117076353758423,0.005042908549715097,0.41471338898289817
0000000000000000029c,stable_crop,500,98,93,0.007117076353758423,0.005435927531550688,0.4330379868263534
0000000000000000029c,stable_crop,1000,94,81,0.007920195948490538,0.006785455728680234,0.46141822730322374
0000000000000000029c,stable_crop,2000,77,39,0.00938098735392825,0.0115745089524683,0.552337619814946
0000000000000000029d,stable_nature,0,100,100,0.01386846695518722,0.05346360836411572,0.7940288207334462
0000000000000000029d,stable_nature,500,99,100,0.01386846695518722,0.05346360836411572,0.7940288207334462
0000000000000000029d,stable_nature,1000,94,100,0.01556922254456843,0.05346360836411572,0.7744664047467836
0000000000000000029d,stable_nature,2000,66,100,0.01965605257884362,0.05346360836411572,0.731179653651451
0000000000000000029e,stable_nature,0,100,100,0.015237861495366812,0.02833755620181442,0.650310603976085
0000000000000000029e,stable_nature,500,99,99,0.015237861495366812,0.031933671021226816,0.6769691234711629
0000000000000000029e,stable_nature,1000,89,92,0.015237861495366812,0.03318210725149939,0.6852979898497287
0000000000000000029e,stable_nature,2000,55,72,0.01902906681953407,0.03834606706766395,0.668339478603843
0000000000000000029f,stable_nature,0,100,100,0.04156456106010784,0.0328711633607748,0.4416046678671313
0000000000000000029f,stable_nature,500,99,99,0.04785815099337163,0.037562166843271586,0.4397334006022464
0000000000000000029f,stable_nature,1000,95,87,0.04785815099337163,0.045278898464927386,0.48615345587809616
0000000000000000029f,stable_nature,2000,89,45,0.04785815099337163,0.08064190491862293,0.6275631893360757
000000000000000002a0,stable_nature,0,100,100,0.014254064110187925,0.021903382735149822,0.6057779142491732
000000000000000002a0,stable_nature,500,98,99,0.014254064110187925,0.021903382735149756,0.6057779142491724
000000000000000002a0,stable_nature,1000,91,92,0.014254064110187925,0.026040073615409342,0.6462496800923193
000000000000000002a0,stable_nature,2000,64,63,0.019416988165189154,0.03992421550897727,0.6727907935188222
000000000000000002a1,stable_nature,0,100,100,0.05642641104067083,0.12015173750360933,0.6804451088283932
000000000000000002a1,stable_nature,500,99,94,0.05642641104067083,0.12381378264693957,0.6869376919381524
000000000000000002a1,stable_nature,1000,90,85,0.06045828490282836,0.12381378264693957,0.6719074914206854
000000000000000002a1,stable_nature,2000,67,58,0.06081770863999438,0.12634394422262885,0.6750525136401222
000000000000000002a2,stable_crop,0,100,100,0.04540647095566064,0.01603984612804139,0.2610383646904486
000000000000000002a2,stable_crop,500,98,96,0.0454064709556606,0.025953870187123827,0.36370159911132155
000000000000000002a2,stable_crop,1000,96,87,0.0464898032958013,0.033567419285588464,0.41929282833966697
000000000000000002a2,stable_crop,2000,84,58,0.047040114489778476,0.03640241434291629,0.43625732407353285
000000000000000002a3,stable_nature,0,100,100,0.019984566656278145,0.22788269038693826,0.9193739145073399
000000000000000002a3,stable_nature,500,97,100,0.019984566656278145,0.22788269038693826,0.9193739145073399
000000000000000002a3,stable_nature,1000,96,100,0.019984566656278145,0.22788269038693826,0.9193739145073399
000000000000000002a3,stable_nature,2000,65,100,0.020592419850173304,0.22788269038693826,0.9171248185323683
000000000000000002a5,stable_crop,0,100,100,0.06575300135401622,0.010128122794955896,0.13347354705682252
000000000000000002a5,stable_crop,500,100,97,0.06575300135401622,0.010676001205625906,0.13968520912143392
000000000000000002a5,stable_crop,1000,99,93,0.09885444478011389,0.0116957514058732,0.10579584486752736
000000000000000002a5,stable_crop,2000,74,58,0.1638287469886836,0.013642984421606585,0.0768741270123128
000000000000000002a6,stable_nature,0,100,100,0.11672925560183908,0.10265784962805564,0.4679301890601684
000000000000000002a6,stable_nature,500,96,99,0.11672925560183908,0.10474847863556776,0.47295263786116126
000000000000000002a6,stable_nature,1000,87,97,0.12346758950650309,0.10474847863556776,0.45898818382016787
000000000000000002a6,stable_nature,2000,66,95,0.140795717486491,0.10794562728062636,0.43396737032701926
000000000000000002a7,stable_crop,0,100,100,0.1367844996945721,0.01932010209526853,0.12376382165309191
000000000000000002a7,stable_crop,500,100,97,0.1367844996945721,0.01932010209526853,0.12376382165309191
000000000000000002a7,stable_crop,1000,92,90,0.137335346508803,0.02170853552400891,0.13649399930639133
000000000000000002a7,stable_crop,2000,78,66,0.16262154275007884,0.028664302272210597,0.1498506189452788
000000000000000002a8,stable_crop,0,100,100,0.17796881995668196,0.019478152239424264,0.09865004270604731
000000000000000002a8,stable_crop,500,99,89,0.177968819956682,0.02216128204275534,0.11073437639434626
000000000000000002a8,stable_crop,1000,97,74,0.17796881995668196,0.02548569711059214,0.12526483794921003
000000000000000002a8,stable_crop,2000,73,43,0.2614452959877283,0.02643320895446586,0.0918207108227195
000000000000000002a9,stable_nature,0,100,100,0.014181948660690691,0.013581314931019262,0.48918294081915603
000000000000000002a9,stable_nature,500,95,99,0.01607596008479788,0.013581314931019262,0.457942104367916
000000000000000002a9,stable_nature,1000,92,89,0.016786103523871908,0.014988109491484724,0.47170671021086163
000000000000000002a9,stable_nature,2000,70,58,0.02086271298027804,0.017377520572368944,0.4544302938942601
000000000000000002aa,stable_built,0,100,100,0.3207134828440546,0.07887048603009372,0.1973815072013991
000000000000000002aa,stable_built,500,98,98,0.33194724653460267,0.07887048603009372,0.19198413256779528
000000000000000002aa,stable_built,1000,98,83,0.33194724653460267,0.07887048603009372,0.19198413256779528
000000000000000002aa,stable_built,2000,84,49,0.3886917471615624,0.09314498928747753,0.19331234470357872
000000000000000002ab,stable_crop,0,100,100,0.013653841981881331,0.014086467323196605,0.5077977742703195
000000000000000002ab,stable_crop,500,99,98,0.013653841981881331,0.014086467323196605,0.5077977742703195
000000000000000002ab,stable_crop,1000,96,89,0.013653841981881331,0.014086467323196605,0.5077977742703195
000000000000000002ab,stable_crop,2000,79,54,0.015269082752273521,0.03530770985358964,0.6981010070772748
000000000000000002ac,stable_nature,0,100,100,0.010045067457762702,0.003728844302880141,0.270717888092191
000000000000000002ac,stable_nature,500,99,41,0.010045067457762702,0.005759913850669318,0.36443661260339144
000000000000000002ad,stable_crop,0,100,100,0.07328004628079321,0.07550601342411105,0.5074804291030952
000000000000000002ad,stable_crop,500,99,95,0.07328004628079321,0.07550601342411105,0.5074804291030952
000000000000000002ad,stable_crop,1000,96,90,0.07849935533707206,0.07550601342411105,0.49028169622260587
000000000000000002ad,stable_crop,2000,60,70,0.09396299859905377,0.07550601342411105,0.4455446604795485
000000000000000002ae,stable_crop,0,100,100,0.14779896093857509,0.06005718308736681,0.2889362898966428
000000000000000002ae,stable_crop,500,100,88,0.14779896093857509,0.06005718308736681,0.2889362898966428
000000000000000002ae,stable_crop,1000,95,74,0.14779896093857509,0.0624981051706708,0.2971896200297291
000000000000000002ae,stable_crop,2000,70,37,0.1625338693081535,0.06952852569025533,0.2996113424169067
000000000000000002af,stable_nature,0,100,100,0.04577725554136627,0.055031182115617173,0.5458985715295332
000000000000000002af,stable_nature,500,99,100,0.04577725554136627,0.055031182115617173,0.5458985715295332
000000000000000002af,stable_nature,1000,91,100,0.04577725554136627,0.055031182115617173,0.5458985715295332
000000000000000002af,stable_nature,2000,62,100,0.04643685601683874,0.055031182115617173,0.5423499175497742
000000000000000002b0,stable_crop,0,100,100,0.06994165660756088,0.05774017315849207,0.45221918626820423
000000000000000002b0,stable_crop,500,97,93,0.06994165660756088,0.06285750116640429,0.4733275588458134
000000000000000002b0,stable_crop,1000,92,85,0.07579859792430851,0.06285750116640429,0.45333383513716025
000000000000000002b0,stable_crop,2000,65,60,0.07984392582483976,0.06766565068252653,0.4587203914770153
000000000000000002b1,stable_nature,0,100,100,0.04532728881863977,0.039564369921041155,0.4660572134878255
000000000000000002b1,stable_nature,500,100,97,0.04532728881863977,0.04168799608474514,0.47908819847631595
000000000000000002b1,stable_nature,1000,99,92,0.04532728881863977,0.043699064489370464,0.4908553800658455
000000000000000002b1,stable_nature,2000,80,58,0.04881174244556312,0.045234146401359324,0.480979519205837
000000000000000002b2,stable_nature,0,100,100,0.011110876755245514,0.06598219070045716,0.8558770960503594
000000000000000002b2,stable_nature,500,97,100,0.015357146740686823,0.06598219070045716,0.8111965596890897
000000000000000002b2,stable_nature,1000,86,98,0.020937683836797172,0.06598219070045716,0.7591151166631944
000000000000000002b2,stable_nature,2000,56,87,0.021762097432228254,0.06683962117989775,0.7543828971506621
000000000000000002b3,stable_crop,0,100,100,0.05712143968956758,0.07845392379197598,0.578673896028887
000000000000000002b3,stable_crop,500,98,98,0.05712143968956758,0.07845392379197598,0.578673896028887
000000000000000002b3,stable_crop,1000,93,89,0.05878079867157508,0.09003462390469393,0.6050086902649187
000000000000000002b3,stable_crop,2000,67,71,0.062498919454785896,0.10450250755190249,0.6257581711986894
000000000000000002b4,stable_nature,0,100,100,0.05124371307283289,0.33279945531242433,0.8665678306708122
000000000000000002b4,stable_nature,500,99,100,0.05124371307283289,0.33279945531242433,0.8665678306708122
000000000000000002b4,stable_nature,1000,92,100,0.05896341072914955,0.33279945531242433,0.8494920886050955
000000000000000002b4,stable_nature,2000,67,65,0.0700097914483793,0.33279945531242433,0.8261961660210378
000000000000000002b5,stable_nature,0,100,100,0.07836478884997203,0.11421518502902817,0.5930792424979637
000000000000000002b5,stable_nature,500,98,99,0.07836478884997203,0.11421518502902817,0.5930792424979637
000000000000000002b5,stable_nature,1000,93,89,0.08344980064496106,0.11421518502902817,0.577822038835075
000000000000000002b5,stable_nature,2000,73,74,0.09175984494820726,0.13663178753085675,0.5982346465463578
000000000000000002b7,stable_crop,0,100,100,0.07187699314841697,0.014262715455325625,0.1655765463611095
000000000000000002b7,stable_crop,500,100,95,0.07187699314841697,0.01584396579070426,0.1806177905729397
000000000000000002b7,stable_crop,1000,97,89,0.07187699314841697,0.01584396579070426,0.1806177905729397
000000000000000002b7,stable_crop,2000,74,64,0.0801640994875428,0.017155602918767787,0.17628088140843995
000000000000000002b8,stable_nature,0,100,100,0.03944179178770026,0.06747154578819144,0.631086329520544
000000000000000002b8,stable_nature,500,98,98,0.03944179178770026,0.0674715457881914,0.6310863295205438
000000000000000002b8,stable_nature,1000,91,97,0.03944179178770026,0.0674715457881914,0.6310863295205438
000000000000000002b8,stable_nature,2000,68,88,0.04311342079033644,0.07086705154820513,0.6217473054252317
000000000000000002b9,stable_built,0,100,100,0.04223125436822524,0.019231631883724964,0.31289828799411207
000000000000000002b9,stable_built,500,99,97,0.04612125384136072,0.019947346243096752,0.3019187059706962
000000000000000002b9,stable_built,1000,98,84,0.04612125384136072,0.02230500331178653,0.32597140687585663
000000000000000002b9,stable_built,2000,63,50,0.04612125384136072,0.022417350652655467,0.3270762633383577
000000000000000002ba,stable_crop,0,100,100,0.013659243973994007,0.0074919134652970286,0.3542082028582329
000000000000000002ba,stable_crop,500,99,98,0.01663485597893617,0.009926801269781094,0.3737267285868151
000000000000000002ba,stable_crop,1000,96,79,0.01663485597893617,0.010792702880501714,0.3934984857901207
000000000000000002ba,stable_crop,2000,80,28,0.024059633957435288,0.016823715401398952,0.4115053112044527
000000000000000002bb,stable_nature,0,100,100,0.016085990821610396,0.0213744927444947,0.5705877423126521
000000000000000002bb,stable_nature,500,95,98,0.02505483118999292,0.0213744927444947,0.4603662283386685
000000000000000002bb,stable_nature,1000,90,96,0.03778494054888295,0.0213744927444947,0.3613032031279798
000000000000000002bb,stable_nature,2000,62,96,0.04729352094269199,0.0213744927444947,0.3112729143667055
000000000000000002bc,stable_crop,0,100,100,0.26795103629971906,0.02443299337815099,0.08356473301563745
000000000000000002bc,stable_crop,500,100,97,0.26795103629971906,0.030064870382128617,0.10088344181615794
000000000000000002bc,stable_crop,1000,100,81,0.26795103629971906,0.03399240634963126,0.11257872021083887
000000000000000002bc,stable_crop,2000,91,35,0.26795103629971906,0.04540720191628269,0.14490508427239127
000000000000000002bd,stable_crop,0,100,100,0.04178002997747203,0.07319320006655454,0.6366108009481002
000000000000000002bd,stable_crop,500,96,98,0.04188480825445173,0.07319320006655458,0.6360311681946087
000000000000000002bd,stable_crop,1000,91,91,0.04598122368148079,0.07469159086445092,0.6189595489662014
000000000000000002bd,stable_crop,2000,48,72,0.05154121154741178,0.07469159086445087,0.5916971614094505
000000000000000002be,stable_built,0,100,100,0.09046289494149362,0.05461822567181864,0.37646680312745356
000000000000000002be,stable_built,500,100,93,0.09046289494149362,0.06151333585085443,0.40475629333443663
000000000000000002be,stable_built,1000,98,68,0.09968359478474784,0.06269381703942731,0.386099373889067
000000000000000002be,stable_built,2000,68,15,0.12458201952035715,0.08861897352709565,0.41565929060638
000000000000000002bf,stable_crop,0,100,100,0.06356450282922836,0.04094817268241506,0.39180101821679375
000000000000000002bf,stable_crop,500,99,96,0.06356450282922836,0.044197453464569894,0.410139672517279
000000000000000002bf,stable_crop,1000,89,88,0.06356450282922836,0.044197453464569894,0.410139672517279
000000000000000002bf,stable_crop,2000,74,55,0.07378819673224073,0.06704699423408902,0.4760670523721749
000000000000000002c1,stable_nature,0,100,100,0.09683262669224899,0.09840856899183911,0.5040358856978422
000000000000000002c1,stable_nature,500,97,100,0.09683262669224899,0.09840856899183911,0.5040358856978422
000000000000000002c1,stable_nature,1000,92,97,0.09683262669224899,0.09840856899183911,0.5040358856978422
000000000000000002c1,stable_nature,2000,68,64,0.10312342008796205,0.09840856899183911,0.4883024746626388
000000000000000002c2,stable_nature,0,100,100,0.016918295818586216,0.013931229798892653,0.45158651614882034
000000000000000002c2,stable_nature,500,99,97,0.016918295818586216,0.014387305371833903,0.45957607662161787
000000000000000002c2,stable_nature,1000,92,96,0.018010862992535737,0.014387305371833903,0.4440777395061777
000000000000000002c2,stable_nature,2000,66,86,0.020129665486938488,0.014899845565162172,0.4253512286419226
000000000000000002c3,stable_nature,0,100,100,0.05590851389941302,0.3544589473647167,0.8637598757755998
000000000000000002c3,stable_nature,500,99,100,0.05933464272484679,0.3544589473647167,0.8566081153822109
000000000000000002c3,stable_nature,1000,98,100,0.06428024397219079,0.3544589473647167,0.8464909774320146
000000000000000002c3,stable_nature,2000,79,95,0.09117808931739191,0.3544589473647167,0.7953983133964057
000000000000000002c6,stable_built,0,100,100,0.249281747390858,0.050645563165696884,0.16885945821855458
000000000000000002c6,stable_built,500,98,79,0.249281747390858,0.08218153865015147,0.24793556967191785
000000000000000002c6,stable_built,1000,88,73,0.249281747390858,0.08218153865015147,0.24793556967191785
000000000000000002c6,stable_built,2000,63,45,0.2504534361393377,0.0862248742829407,0.2561046304840284
000000000000000002c7,stable_built,0,100,100,0.06319086107576306,0.05521237256170204,0.46630797880308444
000000000000000002c7,stable_built,500,96,92,0.06319086107576306,0.06330017239611159,0.5004320911781148
000000000000000002c7,stable_built,1000,94,76,0.06319086107576306,0.08613312886775473,0.5768204352144487
000000000000000002c7,stable_built,2000,71,31,0.06752059552909422,0.091447091930474,0.5752558484764859
000000000000000002c8,stable_nature,0,100,32,0.006839211825518454,0.3793240197275852,0.9822893241311603
000000000000000002c8,stable_nature,500,99,32,0.006839211825518521,0.3793240197275852,0.9822893241311602
000000000000000002c8,stable_nature,1000,86,32,0.009169907493714335,0.3793240197275852,0.9763962655471131
000000000000000002c8,stable_nature,2000,62,32,0.012287613386716,0.3793240197275852,0.9686229612487068
000000000000000002c9,stable_nature,0,100,100,0.025027438405160352,0.009628016412106777,0.2778210951954318
000000000000000002c9,stable_nature,500,97,99,0.025027438405160352,0.009628016412106777,0.2778210951954318
000000000000000002c9,stable_nature,1000,94,94,0.025027438405160352,0.010627415412199892,0.29806363717938933
000000000000000002c9,stable_nature,2000,62,78,0.02520073249006205,0.010627415412199892,0.2966219588267449
000000000000000002ca,stable_nature,0,100,100,0.049212311383085995,0.00793900371892291,0.13891200411773091
000000000000000002ca,stable_nature,500,98,90,0.049212311383085995,0.011076229725628517,0.18372031437071487
000000000000000002ca,stable_nature,1000,93,86,0.049212311383085995,0.01577982192841574,0.24279587581071707
000000000000000002ca,stable_nature,2000,72,72,0.049212311383085995,0.01794089936326726,0.267163686793254
000000000000000002cb,stable_nature,0,100,11,0.05789064315670689,0.48829983680544453,0.8940101571129316
000000000000000002cb,stable_nature,500,99,11,0.05789064315670689,0.48829983680544453,0.8940101571129316
000000000000000002cb,stable_nature,1000,92,11,0.07177675904340268,0.48829983680544453,0.8718447448504963
000000000000000002cb,stable_nature,2000,66,11,0.07383877943589659,0.48829983680544453,0.8686466695163596
000000000000000002cd,stable_nature,0,100,100,0.49810648214592224,0.022740336301783848,0.04366031527179878
000000000000000002cd,stable_nature,500,100,79,0.49810648214592224,0.2903474537525245,0.3682491018594562
000000000000000002cd,stable_nature,1000,96,75,0.5094493936641885,0.2903474537525245,0.3630265044054164
000000000000000002cd,stable_nature,2000,75,61,0.5150579371062226,0.2912594802616668,0.36122186373212856
000000000000000002ce,stable_nature,0,100,100,0.04606239410146455,0.034996677232833374,0.4317428840020986
000000000000000002ce,stable_nature,500,99,97,0.04606239410146455,0.03656220172166717,0.44250990104073396
000000000000000002ce,stable_nature,1000,93,90,0.04679080075466822,0.04111520496376246,0.4677178154924901
000000000000000002ce,stable_nature,2000,59,70,0.05317985531693612,0.047935463430433735,0.4740672731272632
000000000000000002cf,stable_nature,0,100,100,0.04791664662692019,0.5321900931785629,0.9174002931875872
000000000000000002cf,stable_nature,500,98,100,0.05501457957917966,0.5321900931785629,0.906311066426437
000000000000000002cf,stable_nature,1000,93,100,0.05633542520373549,0.5321900931785629,0.9042770050829895
000000000000000002cf,stable_nature,2000,65,100,0.05815900157043674,0.5321900931785629,0.9014837117755455
000000000000000002d0,stable_nature,0,100,100,0.05760564815224782,0.04113614621433015,0.4166031869057999
000000000000000002d0,stable_nature,500,99,99,0.05760564815224789,0.04113614621433015,0.4166031869057996
000000000000000002d0,stable_nature,1000,92,94,0.05760564815224782,0.04113614621433015,0.4166031869057999
000000000000000002d0,stable_nature,2000,69,68,0.05760564815224789,0.0444286922767851,0.43542881827369434
000000000000000002d1,stable_nature,0,100,100,0.03862986705622555,0.09079690136776937,0.7015310856686324
000000000000000002d1,stable_nature,500,100,100,0.03862986705622555,0.09079690136776937,0.7015310856686324
000000000000000002d1,stable_nature,1000,96,100,0.03862986705622555,0.09079690136776937,0.7015310856686324
000000000000000002d1,stable_nature,2000,58,100,0.03867707892736057,0.09079690136776937,0.701275276778398
000000000000000002d2,stable_nature,0,100,100,0.1337761989984237,0.09159987915936799,0.406431241095739
000000000000000002d2,stable_nature,500,96,87,0.1377418237122336,0.11942008958072965,0.46437704577279254
000000000000000002d2,stable_nature,1000,89,64,0.1377418237122336,0.1280598146204469,0.4817871530937817
000000000000000002d2,stable_nature,2000,48,31,0.17499682998611635,0.13747304301938282,0.4399561522416706
000000000000000002d3,stable_nature,0,100,100,0.12468653450615019,0.07168191523209302,0.3650378425214392
000000000000000002d3,stable_nature,500,99,84,0.13586463399774246,0.07626835380021157,0.35953085180930844
000000000000000002d3,stable_nature,1000,94,56,0.15570742914122343,0.08524304909926254,0.3537782938692906
000000000000000002d4,stable_nature,0,100,100,0.05553126658937657,0.13497668751484168,0.708509459086908
000000000000000002d4,stable_nature,500,99,100,0.05553126658937657,0.13497668751484168,0.708509459086908
000000000000000002d4,stable_nature,1000,95,98,0.05553126658937657,0.14294665752575844,0.7202143924183545
000000000000000002d4,stable_nature,2000,72,92,0.05622486852772246,0.14294665752575844,0.7177062924479333
000000000000000002d5,stable_crop,0,95,100,0.05698965657930548,0.0337709910287511,0.37208847576999055
000000000000000002d5,stable_crop,500,93,98,0.05698965657930548,0.04013453039169934,0.41322899725552154
000000000000000002d5,stable_crop,1000,87,89,0.061746185195598005,0.04013453039169934,0.3939364791457103
000000000000000002d5,stable_crop,2000,67,64,0.061746185195598005,0.0417535613712771,0.40341703971125303
000000000000000002d6,stable_crop,0,100,100,0.025204362871657726,0.03640023863807631,0.5908688270913318
000000000000000002d6,stable_crop,500,100,100,0.025204362871657726,0.03640023863807631,0.5908688270913318
000000000000000002d6,stable_crop,1000,93,95,0.052961051901472135,0.04346482527216115,0.45075893054562144
000000000000000002d6,stable_crop,2000,78,63,0.16094372785464758,0.10999078158007299,0.40596815004907444
000000000000000002d7,stable_nature,0,100,100,0.028282346767478806,0.06217466368705833,0.687339360144114
000000000000000002d7,stable_nature,500,100,98,0.028282346767478806,0.06217466368705833,0.687339360144114
000000000000000002d7,stable_nature,1000,94,96,0.028282346767478806,0.06470201017105219,0.6958375828003929
000000000000000002d7,stable_nature,2000,69,80,0.029203017014164945,0.06903929767546688,0.7027450227824316
000000000000000002d8,stable_nature,0,100,100,0.07629978792957945,0.10675858351659044,0.5831942165365579
000000000000000002d8,stable_nature,500,96,100,0.07629978792957945,0.10675858351659044,0.5831942165365579
000000000000000002d8,stable_nature,1000,87,95,0.08663555351371803,0.1076983299975677,0.5541922388987768
000000000000000002d8,stable_nature,2000,64,74,0.08663555351371803,0.1076983299975677,0.5541922388987768
000000000000000002d9,stable_crop,0,100,100,0.04263231266020837,0.02685756974471496,0.38649611734593486
000000000000000002d9,stable_crop,500,100,91,0.04263231266020837,0.02749074611608455,0.3920357525103645
000000000000000002d9,stable_crop,1000,97,69,0.045014476143415874,0.029576355263895415,0.39651462124069936
000000000000000002d9,stable_crop,2000,86,22,0.045014476143415874,0.03618206999143614,0.44561094915169164
000000000000000002da,stable_nature,0,100,100,0.035679826854774374,0.02860839820583232,0.44500214741373256
000000000000000002da,stable_nature,500,99,97,0.03583261844810102,0.03435261595317538,0.4894564539925677
000000000000000002da,stable_nature,1000,98,90,0.03583261844810102,0.03793299124880145,0.5142368022734594
000000000000000002da,stable_nature,2000,79,59,0.04515455482489898,0.0456790811922861,0.5028872914780275
000000000000000002db,stable_nature,0,100,100,0.017596228477812347,0.04773889741400701,0.730677361704659
000000000000000002db,stable_nature,500,100,79,0.017596228477812347,0.04820422342020929,0.7325819508684258
000000000000000002db,stable_nature,1000,92,41,0.020431980394003735,0.04820422342020929,0.7023148242578788
000000000000000002dd,stable_crop,0,100,100,0.030766111104801163,0.13825983467996292,0.8179799499847414
000000000000000002dd,stable_crop,500,98,100,0.030766111104801163,0.13825983467996292,0.8179799499847414
000000000000000002dd,stable_crop,1000,91,96,0.046064924995292446,0.13825983467996292,0.7500882405749503
000000000000000002dd,stable_crop,2000,76,73,0.046064924995292446,0.15335597177295177,0.7690065296938489
000000000000000002de,stable_crop,0,100,100,0.2586952607470613,0.023219351185448333,0.0823630638589414
000000000000000002de,stable_crop,500,99,97,0.2586952607470613,0.028841810839519068,0.10030640807557295
000000000000000002de,stable_crop,1000,93,89,0.2586952607470613,0.03304922973503175,0.11328141854643523
000000000000000002de,stable_crop,2000,52,70,0.2666003537761892,0.03927137793501305,0.1283916552705952
000000000000000002df,stable_nature,0,100,100,0.0404101786309428,0.13130764555542762,0.7646710303768517
000000000000000002df,stable_nature,500,98,100,0.0752325239696133,0.13130764555542762,0.6357487062044468
000000000000000002df,stable_nature,1000,95,97,0.09685388978927148,0.13130764555542762,0.57550298895244
000000000000000002df,stable_nature,2000,70,61,0.14561611827105084,0.13130764555542762,0.4741653216775985
000000000000000002e0,stable_nature,0,100,100,0.05419117821641848,0.024978680851191704,0.3155074563104209
000000000000000002e0,stable_nature,500,100,97,0.05419117821641848,0.026265478053049553,0.32645500410499173
000000000000000002e0,stable_nature,1000,98,83,0.05835593603266116,0.030899509648160996,0.3461918699987402
000000000000000002e1,stable_nature,0,100,100,0.049259260003052766,0.03414703255961584,0.4094059513980859
000000000000000002e1,stable_nature,500,100,97,0.049259260003052766,0.03634538912728118,0.42457260786759815
000000000000000002e1,stable_nature,1000,97,86,0.06216111355774834,0.046619763746443034,0.42856580036258074
000000000000000002e1,stable_nature,2000,90,48,0.06216111355774834,0.053507723258780726,0.46259411550226537
000000000000000002e2,stable_crop,0,100,100,0.021873196377370997,0.011394555466235311,0.34251053450979463
000000000000000002e2,stable_crop,500,97,99,0.021873196377370997,0.011394555466235311,0.34251053450979463
000000000000000002e2,stable_crop,1000,92,93,0.021873196377370997,0.011418662116408518,0.34298662293662807
000000000000000002e2,stable_crop,2000,68,72,0.02265116919252086,0.011418662116408518,0.3351546420213898
000000000000000002e3,stable_nature,0,100,100,0.03965697639435826,0.09495743816321844,0.7054031953011856
000000000000000002e3,stable_nature,500,94,100,0.050199059121962944,0.09495743816321844,0.6541728406135783
000000000000000002e3,stable_nature,1000,83,98,0.05110442593546447,0.09495743816321844,0.6501179397410182
000000000000000002e3,stable_nature,2000,43,91,0.05428769150561954,0.0989265602180219,0.6456746621444456
000000000000000002e5,stable_built,0,100,100,0.09549278410907713,0.03090027863341347,0.24447764744908734
000000000000000002e5,stable_built,500,100,94,0.09549278410907713,0.03532409883780656,0.2700270641051688
000000000000000002e5,stable_built,1000,98,84,0.09653962595893988,0.03532409883780656,0.2678833689249028
000000000000000002e5,stable_built,2000,89,52,0.09670857090122276,0.03532409883780656,0.267540593607319
000000000000000002e6,stable_built,0,100,100,0.09847742873298652,0.024936139564565685,0.20205346874212546
000000000000000002e6,stable_built,500,100,99,0.09847742873298652,0.02513857429185238,0.20336019347428483
000000000000000002e6,stable_built,1000,99,91,0.09847742873298652,0.02687095094807974,0.21437014994717316
000000000000000002e6,stable_built,2000,91,45,0.09918333431863882,0.029807956015856462,0.23108502859633798
000000000000000002e7,stable_nature,0,100,100,0.02685223569710702,0.022056206684749967,0.450969313479526
000000000000000002e7,stable_nature,500,99,100,0.02685223569710702,0.022056206684749967,0.450969313479526
000000000000000002e7,stable_nature,1000,95,91,0.02685223569710702,0.02983679540537283,0.5263239611717637
000000000000000002e7,stable_nature,2000,71,60,0.030102184295307578,0.030199297228833945,0.5008052284128863
000000000000000002e9,stable_nature,0,100,100,0.014859170603016092,0.14193049715782147,0.9052286364520711
000000000000000002e9,stable_nature,500,98,100,0.016805641189801636,0.14193049715782147,0.894128448848287
000000000000000002e9,stable_nature,1000,88,100,0.018359820694107843,0.14193049715782147,0.8854589538467726
000000000000000002e9,stable_nature,2000,63,95,0.020910687324084475,0.1419304971578214,0.8715884596916602
000000000000000002ea,stable_crop,0,100,100,0.18785134814564647,0.2621379267720056,0.5825426101975303
000000000000000002ea,stable_crop,500,97,99,0.2565704765125695,0.2621379267720056,0.5053666474489049
000000000000000002ea,stable_crop,1000,95,93,0.27060261026397636,0.3813334651528474,0.5849246260968946
000000000000000002ea,stable_crop,2000,65,62,0.2857666358002676,0.39088525257670614,0.577675551181437
000000000000000002eb,stable_nature,0,100,100,0.045643076796776524,0.045952851411849883,0.501690984632878
000000000000000002eb,stable_nature,500,91,100,0.045643076796776504,0.045952851411849883,0.5016909846328781
000000000000000002eb,stable_nature,1000,86,96,0.04876404412174153,0.045952851411849883,0.4851600250672015
000000000000000002eb,stable_nature,2000,55,76,0.05774198250555129,0.05039457686907496,0.4660271896946796
000000000000000002ee,stable_crop,0,100,100,0.03906538741063685,0.027145791180971334,0.40998803763934033
000000000000000002ee,stable_crop,500,100,98,0.03906538741063685,0.027145791180971334,0.40998803763934033
000000000000000002ee,stable_crop,1000,100,93,0.03906538741063685,0.027145791180971334,0.40998803763934033
000000000000000002ee,stable_crop,2000,94,55,0.03906538741063685,0.034589797350492946,0.4696179564575265
000000000000000002ef,stable_nature,0,100,38,0.04047250181011815,0.2830937885016859,0.8749174341616619
000000000000000002ef,stable_nature,500,99,38,0.04047250181011815,0.2830937885016859,0.8749174341616619
000000000000000002ef,stable_nature,1000,90,38,0.04054165871517381,0.2830937885016859,0.8747304750926045
000000000000000002ef,stable_nature,2000,71,38,0.06449070795904573,0.2830937885016859,0.8144603438400309
000000000000000002f1,stable_nature,0,100,100,0.04573154581475212,0.08875109641238403,0.6599446214168427
000000000000000002f1,stable_nature,500,100,100,0.04573154581475212,0.08875109641238403,0.6599446214168427
000000000000000002f1,stable_nature,1000,99,100,0.04573154581475212,0.08875109641238403,0.6599446214168427
000000000000000002f1,stable_nature,2000,86,99,0.06588885100495416,0.08875109641238403,0.573920891037883
000000000000000002f2,stable_crop,0,100,100,0.020390912110259073,0.016319766155834324,0.4445509297621174
000000000000000002f2,stable_crop,500,100,97,0.020390912110259073,0.01739426918242466,0.46034632061782194
000000000000000002f2,stable_crop,1000,99,90,0.020390912110259073,0.01739426918242464,0.46034632061782166
000000000000000002f2,stable_crop,2000,86,65,0.02658998116793687,0.01828974828509138,0.4075280423387168
000000000000000002f3,stable_built,0,100,100,0.0665274633276592,0.04933462736671144,0.42580473967472293
000000000000000002f3,stable_built,500,99,96,0.0665274633276592,0.04933462736671144,0.42580473967472293
000000000000000002f3,stable_built,1000,98,89,0.0665274633276592,0.0528057095569288,0.4425065409729519
000000000000000002f3,stable_built,2000,86,56,0.07108458018100668,0.10302340957626535,0.5917213203098889
000000000000000002f5,stable_nature,0,100,100,0.026256352850663058,0.016830219253155598,0.39061402267537004
000000000000000002f5,stable_nature,500,99,95,0.026256352850663058,0.031881118906011155,0.5483747046809412
000000000000000002f5,stable_nature,1000,95,83,0.026256352850663058,0.031881118906011155,0.5483747046809412
000000000000000002f5,stable_nature,2000,79,31,0.029953043362586796,0.037647829573450434,0.5569133642477552
000000000000000002f6,stable_nature,0,100,100,0.04972569893591998,0.0337800749712162,0.4045238238062113
000000000000000002f6,stable_nature,500,97,100,0.04972569893591998,0.0337800749712162,0.4045238238062113
000000000000000002f6,stable_nature,1000,94,97,0.04972569893591998,0.042688546439317056,0.46192604035799206
000000000000000002f6,stable_nature,2000,70,89,0.05027323385582274,0.04750467486629002,0.48584261503090276
000000000000000002f7,stable_nature,0,100,100,0.036402339324479824,0.04499547296460691,0.5527847948081377
000000000000000002f7,stable_nature,500,96,96,0.036402339324479824,0.04499547296460691,0.5527847948081377
000000000000000002f7,stable_nature,1000,81,88,0.036402339324479824,0.04499547296460691,0.5527847948081377
000000000000000002f7,stable_nature,2000,46,44,0.041717081142895206,0.04499547296460691,0.5189037899668455
000000000000000002f8,stable_nature,0,100,100,0.0519934952080392,0.06774302086527402,0.5657674290709278
000000000000000002f8,stable_nature,500,100,100,0.0519934952080392,0.06774302086527402,0.5657674290709278
000000000000000002f8,stable_nature,1000,91,100,0.0519934952080392,0.06774302086527402,0.5657674290709278
000000000000000002f8,stable_nature,2000,67,90,0.06881324027222865,0.06882008928394501,0.5000248813668113
000000000000000002f9,stable_built,0,100,100,0.04560736899750841,0.08974914796728861,0.6630574572923381
000000000000000002f9,stable_built,500,93,99,0.0469571188329692,0.09834357954421165,0.6768279894171483
000000000000000002f9,stable_built,1000,81,97,0.0469571188329692,0.10809147727785251,0.6971457980818895
000000000000000002f9,stable_built,2000,60,88,0.04798123046890512,0.10809147727785251,0.6925712947362221
000000000000000002fa,stable_nature,0,100,100,0.044389265695956026,0.07274099778539163,0.6210265018003157
000000000000000002fa,stable_nature,500,93,98,0.044389265695956026,0.07274099778539163,0.6210265018003157
000000000000000002fa,stable_nature,1000,88,92,0.04564992684836511,0.07274099778539163,0.6144136301815537
000000000000000002fa,stable_nature,2000,59,72,0.04596752854409085,0.08535130772093784,0.6499547981679583
000000000000000002fb,stable_built,0,100,100,0.076892533905042,0.09438673951155416,0.5510692428115909
000000000000000002fb,stable_built,500,96,68,0.08419996316462978,0.14244979802670474,0.6285018668333038
000000000000000002fb,stable_built,1000,88,61,0.08419996316462978,0.16034793729640248,0.6556913267030792
000000000000000002fd,stable_built,0,100,100,0.0273223094888009,0.017863195684664122,0.3953302196289015
000000000000000002fd,stable_built,500,97,76,0.02903331617181377,0.021647711643008116,0.42713639750317006
000000000000000002fd,stable_built,1000,94,67,0.030407083276291935,0.02276783477457549,0.4281686857019222
000000000000000002fd,stable_built,2000,71,35,0.035485334659233536,0.028009786337440844,0.4411328917455996
000000000000000002fe,stable_nature,0,100,100,0.01544395652677213,0.07536468015432449,0.8299285498378483
000000000000000002fe,stable_nature,500,98,100,0.02045874769655951,0.07536468015432449,0.7864953471589122
000000000000000002fe,stable_nature,1000,90,98,0.023363619156294525,0.07536468015432449,0.7633543845057914
000000000000000002fe,stable_nature,2000,73,67,0.024430638119902183,0.08207205470833785,0.7706101369655245
000000000000000002ff,stable_crop,0,100,100,0.048336809379110536,0.030949251780468368,0.39034921558010705
000000000000000002ff,stable_crop,500,100,99,0.048336809379110536,0.030949251780468368,0.39034921558010705
000000000000000002ff,stable_crop,1000,95,92,0.048336809379110536,0.030949251780468368,0.39034921558010705
000000000000000002ff,stable_crop,2000,70,61,0.048336809379110536,0.030995038261228226,0.3907010763364236
00000000000000000300,stable_built,0,100,100,0.0994534902270084,0.058762789115494415,0.371407982537086
00000000000000000300,stable_built,500,98,98,0.0994534902270084,0.058762789115494415,0.371407982537086
00000000000000000300,stable_built,1000,93,89,0.10905462366931032,0.06104201925569215,0.35886669016887884
00000000000000000300,stable_built,2000,81,75,0.10905462366931032,0.06275586366072414,0.36526212477245223
00000000000000000301,stable_crop,0,100,100,0.08510551251597227,0.024978843514058456,0.22690638719835346
00000000000000000301,stable_crop,500,100,99,0.08510551251597227,0.024978843514058456,0.22690638719835346
00000000000000000301,stable_crop,1000,100,95,0.08510551251597227,0.0322920296680824,0.27506563652908694
00000000000000000301,stable_crop,2000,95,69,0.0862979070532676,0.07660133375100109,0.4702375122949225
00000000000000000302,stable_crop,0,100,100,0.03095812085835121,0.15386128091522389,0.8324952869552573
00000000000000000302,stable_crop,500,100,97,0.03095812085835121,0.2596010640640296,0.893453304986677
00000000000000000302,stable_crop,1000,93,86,0.03095812085835121,0.2889884360869527,0.9032397124231382
00000000000000000302,stable_crop,2000,26,59,0.10896102268911814,0.317710053563477,0.744625242360332
00000000000000000303,stable_nature,0,100,99,0.06187069671795491,0.06145564263313663,0.49831725287558676
00000000000000000303,stable_nature,500,97,95,0.06187069671795491,0.07930743290049933,0.5617543816048037
00000000000000000303,stable_nature,1000,88,92,0.06918562218846398,0.07930743290049933,0.5340817646485322
00000000000000000303,stable_nature,2000,62,68,0.07101519748117172,0.09121779312061655,0.5622641411077385
00000000000000000304,stable_crop,0,100,100,0.1448148589665927,0.02744770128803651,0.15933642950218238
00000000000000000304,stable_crop,500,100,95,0.1448148589665927,0.041077398921442486,0.2209742319982086
00000000000000000304,stable_crop,1000,97,86,0.1448148589665927,0.041077398921442486,0.2209742319982086
00000000000000000304,stable_crop,2000,78,55,0.15526465020342572,0.05352091645619204,0.25634394806222704
00000000000000000305,stable_nature,0,100,100,0.022016418778258752,0.08803554780099551,0.7999452489274373
00000000000000000305,stable_nature,500,97,100,0.027835460861423612,0.08803554780099551,0.7597719983323891
00000000000000000305,stable_nature,1000,91,93,0.03242496075701042,0.08803554780099551,0.7308249720519193
00000000000000000305,stable_nature,2000,67,69,0.04434365832183711,0.10955597798573118,0.7118663865200551
00000000000000000306,stable_nature,0,100,100,0.013245125356313326,0.017742112678531985,0.57256192559041
00000000000000000306,stable_nature,500,98,99,0.013245125356313326,0.017742112678531985,0.57256192559041
00000000000000000306,stable_nature,1000,90,98,0.013245125356313326,0.018290064889153412,0.5799890454506667
00000000000000000306,stable_nature,2000,53,89,0.01698276494570241,0.018820754363168768,0.5256677199880686
00000000000000000307,stable_nature,0,100,100,0.02730179284162524,0.036042337476311026,0.568992537980057
00000000000000000307,stable_nature,500,97,99,0.02730179284162524,0.042184643462910176,0.6070917679160022
00000000000000000307,stable_nature,1000,92,95,0.037723979611864,0.06359852268085842,0.6276840903168136
00000000000000000307,stable_nature,2000,69,50,0.0447989100491214,0.08821893129965078,0.6632112685371124
00000000000000000308,stable_nature,0,100,100,0.05060906796608642,0.08493791604609682,0.6266308074979802
00000000000000000308,stable_nature,500,95,97,0.0713905287969494,0.08493791604609682,0.5433298855549363
00000000000000000308,stable_nature,1000,86,93,0.08020848412914497,0.08493791604609682,0.5143189070754939
00000000000000000308,stable_nature,2000,62,68,0.08020848412914497,0.09642455591868984,0.5459032799980725
00000000000000000309,stable_nature,0,100,100,0.06132059484237871,0.10003657281057318,0.6199698114750785
00000000000000000309,stable_nature,500,95,98,0.06132059484237871,0.10003657281057318,0.6199698114750785
00000000000000000309,stable_nature,1000,62,96,0.09251420840847993,0.10003657281057318,0.5195334559367393
0000000000000000030a,stable_crop,0,100,100,0.06295124058322701,0.010410189752865406,0.14190276423225473
0000000000000000030a,stable_crop,500,99,91,0.06295124058322701,0.020895544523505415,0.2492110400733588
0000000000000000030a,stable_crop,1000,97,73,0.06662170547184779,0.021971290712553014,0.24800256971299556
0000000000000000030a,stable_crop,2000,76,44,0.12047594552269562,0.04390591855471744,0.26709709614786664
0000000000000000030b,stable_nature,0,100,100,0.0371888819812964,0.024228492547843206,0.3944892261057733
0000000000000000030b,stable_nature,500,99,98,0.0371888819812964,0.025557118194937112,0.4073107149897683
0000000000000000030b,stable_nature,1000,90,94,0.0371888819812964,0.03093200355811334,0.4540751828565746
0000000000000000030b,stable_nature,2000,68,73,0.05721502365349258,0.03251163789122562,0.3623408843163082
0000000000000000030c,stable_crop,0,100,100,0.06633568638394867,0.008646712775812703,0.11531656592201395
0000000000000000030c,stable_crop,500,97,99,0.06633568638394867,0.008646712775812703,0.11531656592201395
0000000000000000030c,stable_crop,1000,91,95,0.06633568638394867,0.009021460230381839,0.1197160539587964
0000000000000000030c,stable_crop,2000,64,58,0.07230203574672119,0.009292522076705678,0.1138865424909967
0000000000000000030d,stable_nature,0,100,100,0.06138520315878808,0.10974807366287061,0.6413017719318254
0000000000000000030d,stable_nature,500,99,100,0.06138520315878808,0.10974807366287061,0.6413017719318254
0000000000000000030d,stable_nature,1000,93,93,0.0714289020800037,0.10974807366287061,0.6057506656807149
0000000000000000030d,stable_nature,2000,80,70,0.07234876636915175,0.11354585185439056,0.6108076335875329
0000000000000000030f,stable_nature,0,100,100,0.06789564299854647,0.05478772832446217,0.4465782748973123
0000000000000000030f,stable_nature,500,99,99,0.06789564299854647,0.05478772832446217,0.4465782748973123
0000000000000000030f,stable_nature,1000,92,98,0.06861190822876964,0.05478772832446217,0.44398614010815174
0000000000000000030f,stable_nature,2000,61,74,0.07418921360917632,0.05478772832446217,0.4247870007045669
00000000000000000311,stable_built,0,100,100,0.11263928850194019,0.021534481788294403,0.160496956607481
00000000000000000311,stable_built,500,99,66,0.11328159275420124,0.08952824551344511,0.4414393615109245
00000000000000000312,stable_nature,0,100,100,0.0769405634506479,0.05487860417674497,0.416317332024516
00000000000000000312,stable_nature,500,99,97,0.0769405634506479,0.05487860417674497,0.416317332024516
00000000000000000312,stable_nature,1000,97,86,0.0769405634506479,0.08161166597617801,0.5147304851574366
00000000000000000312,stable_nature,2000,70,64,0.09226266311667382,0.08634296096131153,0.48342800741329284
00000000000000000317,stable_nature,0,100,100,0.050235421815729285,0.07318246961035887,0.5929648348723655
00000000000000000317,stable_nature,500,100,98,0.050235421815729285,0.07318246961035887,0.5929648348723655
00000000000000000317,stable_nature,1000,91,91,0.050235421815729285,0.08719721097848616,0.6344723898902258
00000000000000000317,stable_nature,2000,59,57,0.05673106553718519,0.08847536629782737,0.6093074885122592
00000000000000000318,stable_nature,0,100,100,0.036914542726169806,0.02212911601017793,0.3747924245111234
00000000000000000319,stable_built,0,100,100,0.21353813870037547,0.11296478732475639,0.34598399683473335
00000000000000000319,stable_built,500,100,98,0.21353813870037547,0.11296478732475639,0.34598399683473335
00000000000000000319,stable_built,1000,91,96,0.2518417994757004,0.11451549394174532,0.31257872027935335
00000000000000000319,stable_built,2000,70,62,0.27263932554833914,0.12857581183871059,0.32046600403900977
0000000000000000031a,stable_built,0,100,100,0.04459371885035135,0.031771834834558324,0.41604929580207567
0000000000000000031a,stable_built,500,99,95,0.04469046473346614,0.031771834834558324,0.41552287877344146
0000000000000000031a,stable_built,1000,94,82,0.04485033326959724,0.03761007830898244,0.45609860038942757
0000000000000000031a,stable_built,2000,76,28,0.04754021209608426,0.0571054548683249,0.5457030044751038
0000000000000000031b,stable_crop,0,100,100,0.010603738286002784,0.012560555966534692,0.5422378005156164
0000000000000000031b,stable_crop,500,96,99,0.011136726203666746,0.012560555966534692,0.5300420476825457
0000000000000000031b,stable_crop,1000,89,98,0.011136726203666746,0.012560555966534692,0.5300420476825457
0000000000000000031b,stable_crop,2000,62,77,0.013350548328323941,0.012560555966534692,0.484755717977726
0000000000000000031c,stable_built,0,100,100,0.10905707165233203,0.06760804218159458,0.38269039491728163
0000000000000000031c,stable_built,500,99,79,0.1125996265104106,0.07748752727621085,0.40764210380458055
0000000000000000031c,stable_built,1000,96,33,0.1125996265104106,0.1459971019729823,0.5645744353714579
0000000000000000031d,stable_crop,0,100,100,0.15455076309388516,0.047550578841206725,0.2352808664488882
0000000000000000031d,stable_crop,500,100,98,0.15455076309388516,0.05670879607031185,0.26843185839447725
0000000000000000031d,stable_crop,1000,95,84,0.15455076309388516,0.05670879607031185,0.26843185839447725
0000000000000000031d,stable_crop,2000,82,19,0.15693516329310572,0.08247055246501514,0.3444802986575026
0000000000000000031f,stable_built,0,100,100,0.1685113516963303,0.11839493647425019,0.4126606538628588
0000000000000000031f,stable_built,500,97,94,0.1685113516963303,0.11839493647425019,0.4126606538628588
0000000000000000031f,stable_built,1000,89,81,0.19998148961862866,0.11839493647425019,0.3718709262705882
0000000000000000031f,stable_built,2000,56,34,0.2079776969866351,0.12301378516742945,0.3716524194716266
00000000000000000320,stable_crop,0,100,100,0.03271792129506466,0.027284113407135147,0.45471980312161203
00000000000000000320,stable_crop,500,100,100,0.03271792129506466,0.027284113407135147,0.45471980312161203
00000000000000000320,stable_crop,1000,98,93,0.03271792129506466,0.030578380954814955,0.483099010011916
00000000000000000320,stable_crop,2000,94,66,0.03271792129506466,0.03226795422160744,0.4965379625120627
00000000000000000321,stable_built,0,100,100,0.09164401448152777,0.050358143705117306,0.35462942498784306
00000000000000000321,stable_built,500,97,92,0.09164401448152777,0.06850517059961145,0.4277584713557905
00000000000000000321,stable_built,1000,97,68,0.09164401448152777,0.06886131118226599,0.4290282013824196
00000000000000000321,stable_built,2000,85,25,0.0930140660136292,0.0769547972057413,0.45275820375386494
00000000000000000322,stable_nature,0,100,100,0.00762678142640727,0.05753192497869068,0.8829506930374923
00000000000000000322,stable_nature,500,97,100,0.00888413985353904,0.05753192497869068,0.8662350761544355
00000000000000000322,stable_nature,1000,88,100,0.009297856531114012,0.05753192497869068,0.860872558282855
00000000000000000322,stable_nature,2000,57,86,0.012532423931303271,0.058873285232611816,0.8244898891297472
00000000000000000323,stable_crop,0,100,100,0.1574652835101869,0.012705233372367508,0.07466177810966833
00000000000000000323,stable_crop,500,100,97,0.1574652835101869,0.01371135052862551,0.08010059670548558
00000000000000000323,stable_crop,1000,94,89,0.1574652835101869,0.01371135052862551,0.08010059670548558
00000000000000000323,stable_crop,2000,79,61,0.1574652835101869,0.01371135052862551,0.08010059670548558
00000000000000000324,stable_nature,0,100,100,0.04076691552157454,0.02061347894355159,0.3358316466168608
00000000000000000324,stable_nature,500,95,89,0.05278296310478838,0.02382053611964017,0.31095885123395167
00000000000000000324,stable_nature,1000,94,32,0.05278296310478838,0.027206004851815034,0.3401219636467249
00000000000000000325,stable_nature,0,100,100,0.06029073683703974,0.04411736434859472,0.42254732963424774
00000000000000000325,stable_nature,500,99,87,0.06518007282315871,0.04684695723891665,0.41817548151138234
00000000000000000325,stable_nature,1000,95,41,0.07149162163256033,0.06579122317555164,0.47923848946335956
00000000000000000326,stable_nature,0,100,39,0.013504865914582265,0.06884706456800622,0.8360103298577368
00000000000000000326,stable_nature,500,97,39,0.013504865914582265,0.06884706456800622,0.8360103298577368
00000000000000000326,stable_nature,1000,86,39,0.015035996477378433,0.06884706456800622,0.8207505032504236
00000000000000000326,stable_nature,2000,57,36,0.023011836701908872,0.06884706456800622,0.7494871331517328
00000000000000000327,stable_built,0,100,100,0.08865272685884537,0.06140784760222353,0.40922039531273224
00000000000000000327,stable_built,500,98,59,0.09512071049019322,0.07315399910318039,0.4347296113570375
00000000000000000327,stable_built,1000,92,47,0.09713384853639129,0.0863592048120205,0.47064018629399157
00000000000000000327,stable_built,2000,55,28,0.09978011528645289,0.0906868457940393,0.47612901092719434
00000000000000000328,stable_crop,0,100,100,0.027605002009125412,0.018392038837780244,0.39985265353472565
00000000000000000328,stable_crop,500,98,98,0.027605002009125412,0.023315992116189732,0.4578856425770448
00000000000000000328,stable_crop,1000,92,94,0.027605002009125412,0.026957232889443718,0.49406394256142533
00000000000000000328,stable_crop,2000,56,78,0.02818513511558394,0.026957232889443718,0.48886607275365834
00000000000000000329,stable_crop,0,100,100,0.10106949634544202,0.18109457613178104,0.6418059341901425
00000000000000000329,stable_crop,500,97,100,0.10587811831942517,0.18109457613178104,0.6310515935234438
00000000000000000329,stable_crop,1000,92,97,0.10587811831942517,0.1924920691040586,0.6451451157558346
00000000000000000329,stable_crop,2000,69,85,0.13095404327568588,0.1924920691040586,0.5951287146016664
0000000000000000032a,stable_nature,0,100,100,0.10245461313756461,0.34716262914891993,0.7721292612860802
0000000000000000032a,stable_nature,500,97,100,0.11257351911563022,0.34716262914891993,0.7551345058652944
0000000000000000032a,stable_nature,1000,85,95,0.13497015809265303,0.34716262914891993,0.7200560474935173
0000000000000000032a,stable_nature,2000,41,75,0.14126337272756537,0.38161408901648564,0.7298346494853439
0000000000000000032c,stable_nature,0,100,100,0.026984928018745323,0.12984489679636702,0.8279349731380115
0000000000000000032c,stable_nature,500,98,90,0.026984928018745323,0.13565902169557714,0.8340858785895365
0000000000000000032c,stable_nature,1000,95,89,0.026984928018745323,0.13565902169557714,0.8340858785895365
0000000000000000032c,stable_nature,2000,69,86,0.029039194170310312,0.13760260807378444,0.825738837554098
0000000000000000032d,stable_crop,0,100,100,0.14083915592893595,0.06217659635925783,0.3062648866314961
0000000000000000032d,stable_crop,500,100,97,0.14083915592893595,0.0636287588205509,0.31119189970806604
0000000000000000032d,stable_crop,1000,94,95,0.14083915592893595,0.0636287588205509,0.31119189970806604
0000000000000000032d,stable_crop,2000,60,50,0.148042599580306,0.065360930121164,0.30627858036036737
0000000000000000032e,stable_nature,0,96,95,0.047989900377103954,0.042041138675163084,0.46696271771660175
0000000000000000032e,stable_nature,500,96,93,0.047989900377103954,0.04273947188681446,0.4710654424238773
0000000000000000032e,stable_nature,1000,91,91,0.047989900377103954,0.043996696958247775,0.4782946454402759
0000000000000000032e,stable_nature,2000,65,59,0.047989900377103954,0.04960827042545386,0.508290985548322
0000000000000000032f,stable_nature,0,100,100,0.004066278593204409,0.022302978335847712,0.845794722051109
0000000000000000032f,stable_nature,500,98,100,0.005041391690757835,0.022302978335847712,0.8156332844140022
0000000000000000032f,stable_nature,1000,97,100,0.005778631264543055,0.022302978335847712,0.7942200839777767
0000000000000000032f,stable_nature,2000,71,81,0.0065934886846262366,0.022302978335847712,0.7718237083887663
00000000000000000330,stable_built,0,100,100,0.06734069935536666,0.07706117936766788,0.5336577338785112
00000000000000000330,stable_built,500,97,98,0.06734069935536666,0.08787524340901096,0.5661483082433227
00000000000000000330,stable_built,1000,90,91,0.06775661303549833,0.09006494941300758,0.5706758190397673
00000000000000000330,stable_built,2000,50,34,0.06815782849519132,0.0991823846644007,0.5926990458008916
00000000000000000331,stable_nature,0,100,100,0.05002204904931322,0.1883761870305454,0.790174416251356
00000000000000000331,stable_nature,500,96,100,0.05442397517872277,0.1883761870305454,0.7758486869024788
00000000000000000331,stable_nature,1000,90,100,0.05531564365685369,0.1883761870305454,0.7730098563353811
00000000000000000331,stable_nature,2000,71,100,0.058898457871379595,0.1883761870305454,0.7618095543297537
00000000000000000332,stable_crop,0,100,100,0.11792521649623364,0.14728294918201262,0.555348470529911
00000000000000000332,stable_crop,500,100,98,0.11792521649623364,0.14728294918201262,0.555348470529911
00000000000000000332,stable_crop,1000,87,93,0.11792521649623364,0.14728294918201262,0.555348470529911
00000000000000000332,stable_crop,2000,35,69,0.12594373392048339,0.15172057979622733,0.5464172826705957
00000000000000000333,stable_crop,0,100,100,0.07955603112516393,0.06553515649989146,0.45168254235257693
00000000000000000333,stable_crop,500,99,100,0.07955603112516393,0.06553515649989146,0.45168254235257693
00000000000000000333,stable_crop,1000,90,93,0.08849768377232778,0.06553515649989146,0.4254622350899132
00000000000000000333,stable_crop,2000,65,72,0.09468475142312513,0.06553515649989146,0.40903254376460596
00000000000000000334,stable_crop,0,100,100,0.07303462847415547,0.02251859672678256,0.23566548046068286
00000000000000000334,stable_crop,500,100,98,0.07303462847415547,0.02528353205495366,0.25716034472808086
00000000000000000334,stable_crop,1000,92,94,0.0744187302305255,0.025536050288905134,0.2554760278192557
00000000000000000334,stable_crop,2000,52,78,0.0789993515076792,0.03001368150014887,0.2753219562079179
00000000000000000336,stable_built,0,100,100,0.1441369225900793,0.07629123600605385,0.346104764888446
00000000000000000336,stable_built,500,99,90,0.1464160696164624,0.07830714826991489,0.3484604261459065
00000000000000000336,stable_built,1000,95,76,0.1464160696164624,0.09210398264983552,0.3861477547666266
00000000000000000336,stable_built,2000,69,42,0.16533723636670972,0.10077910399170979,0.37870317867589975
00000000000000000337,stable_nature,0,100,100,0.03919102075931693,0.04346561270638678,0.5258575250817091
00000000000000000337,stable_nature,500,98,100,0.03919102075931693,0.04346561270638678,0.5258575250817091
00000000000000000337,stable_nature,1000,88,95,0.041295979525497926,0.050464199742890556,0.5499575103786397
00000000000000000337,stable_nature,2000,63,71,0.04367571855366255,0.0515548411851328,0.5413686670119281
00000000000000000338,stable_built,0,100,100,0.1399926656666696,0.15272492944420074,0.5217483745240274
00000000000000000338,stable_built,500,95,98,0.14152547414450944,0.15272492944420074,0.5190304841761701
00000000000000000338,stable_built,1000,90,93,0.14152547414450944,0.15272492944420074,0.5190304841761701
00000000000000000338,stable_built,2000,76,80,0.1422867757354298,0.15272492944420074,0.5176910839883113
00000000000000000339,stable_crop,0,100,100,0.017582655821882343,0.01558987993637977,0.46996346765643077
00000000000000000339,stable_crop,500,100,96,0.017582655821882343,0.018000083099198316,0.5058655866434293
00000000000000000339,stable_crop,1000,97,88,0.017582655821882343,0.019157625104009667,0.5214338219713303
00000000000000000339,stable_crop,2000,81,62,0.017582655821882343,0.023424859249572584,0.5712333265788945
0000000000000000033b,stable_nature,0,100,100,0.1041430022504887,0.08283832851871575,0.44302994409918955
0000000000000000033b,stable_nature,500,98,96,0.1041430022504887,0.10574825112739779,0.5038240013580064
0000000000000000033b,stable_nature,1000,88,94,0.1041430022504887,0.10574825112739776,0.5038240013580064
0000000000000000033b,stable_nature,2000,66,82,0.11342501423425297,0.1070462793404654,0.485533865222692
0000000000000000033c,stable_nature,0,100,100,0.09211056020392494,0.1023308506227292,0.5262811568129979
0000000000000000033c,stable_nature,500,95,100,0.09632953967219911,0.1023308506227292,0.5151044476973754
0000000000000000033c,stable_nature,1000,91,98,0.09632953967219911,0.1023308506227292,0.5151044476973754
0000000000000000033c,stable_nature,2000,56,76,0.10461162698160117,0.1023308506227292,0.4944893470246796
0000000000000000033d,stable_nature,0,100,99,0.057949801068257624,0.10577132998401631,0.6460456833125524
0000000000000000033d,stable_nature,500,98,99,0.06576065093184091,0.10577132998401631,0.6166274616468426
0000000000000000033d,stable_nature,1000,93,98,0.06576065093184091,0.10577132998401631,0.6166274616468426
0000000000000000033d,stable_nature,2000,73,88,0.06576065093184091,0.11206778392390644,0.6302017110715984
0000000000000000033f,stable_nature,0,100,100,0.02858421993693483,0.017244255592159762,0.37627818496462584
0000000000000000033f,stable_nature,500,99,81,0.02858421993693483,0.04503960104480835,0.6117531044112103
0000000000000000033f,stable_nature,1000,94,39,0.02858421993693483,0.04503960104480835,0.6117531044112103
00000000000000000340,stable_built,0,100,100,0.04357328691604012,0.044887103667859196,0.5074260171254734
00000000000000000340,stable_built,500,98,100,0.04548364505442224,0.044887103667859196,0.4966994774526563
00000000000000000340,stable_built,1000,94,98,0.04548364505442224,0.04931926809236322,0.5202294576695219
00000000000000000340,stable_built,2000,74,76,0.04548364505442224,0.05001136075758077,0.523706557550374
00000000000000000341,stable_crop,0,100,100,0.05352742450746693,0.060517076567340844,0.5306444063191953
00000000000000000341,stable_crop,500,98,92,0.05352742450746693,0.06097058934853965,0.5325034670442768
00000000000000000341,stable_crop,1000,83,87,0.05720808756247542,0.06097058934853965,0.5159186999016135
00000000000000000341,stable_crop,2000,58,63,0.05819747707811518,0.06097058934853965,0.5116352994243973
00000000000000000342,stable_nature,0,100,100,0.014469556249162241,0.08304435502212804,0.8516154663332232
00000000000000000342,stable_nature,500,98,100,0.014469556249162241,0.08304435502212804,0.8516154663332232
00000000000000000342,stable_nature,1000,92,95,0.014469556249162241,0.08304435502212806,0.8516154663332232
00000000000000000342,stable_nature,2000,52,86,0.01513247503047832,0.08304435502212806,0.845865108669574
00000000000000000343,stable_nature,0,100,100,0.056991647180263616,0.09533692490063261,0.6258637076265425
00000000000000000343,stable_nature,500,95,97,0.06391381328202277,0.09533692490063261,0.5986592337844338
00000000000000000343,stable_nature,1000,88,90,0.06505449384057146,0.09533692490063261,0.5944016559506026
00000000000000000343,stable_nature,2000,59,67,0.06559263896470184,0.09652143434751903,0.5953920740800202
00000000000000000344,stable_crop,0,100,100,0.06066289107809344,0.02026628623839468,0.25042002044441025
00000000000000000344,stable_crop,500,100,99,0.06066289107809344,0.022667918398852648,0.2720232593546547
00000000000000000344,stable_crop,1000,99,90,0.06066289107809344,0.022667918398852648,0.2720232593546547
00000000000000000344,stable_crop,2000,91,48,0.06080299835768381,0.025144179679312262,0.292553871497635
00000000000000000345,stable_nature,0,96,96,0.022365001637363702,0.04547654341560312,0.670334724532398
00000000000000000345,stable_nature,500,92,95,0.025720657963421757,0.04547654341560312,0.6387406040423668
00000000000000000345,stable_nature,1000,84,91,0.03182688863931229,0.04547654341560312,0.5882862145461906
00000000000000000345,stable_nature,2000,55,58,0.037278194677836086,0.04549764986490921,0.5496488754139458
00000000000000000346,stable_nature,0,100,100,0.1363761884065301,0.04409767519357342,0.24434383081109912
00000000000000000346,stable_nature,500,100,97,0.1363761884065301,0.04409767519357342,0.24434383081109912
00000000000000000346,stable_nature,1000,96,88,0.1363761884065301,0.04409767519357342,0.24434383081109912
00000000000000000346,stable_nature,2000,83,50,0.17122118217504192,0.05410143958379512,0.24010655992392907
00000000000000000347,stable_crop,0,100,100,0.0744975648410742,0.050071787739034666,0.40195912318346694
00000000000000000347,stable_crop,500,98,97,0.08373451254023274,0.050071787739034666,0.37421098733135527
00000000000000000347,stable_crop,1000,92,95,0.08373451254023274,0.050071787739034666,0.37421098733135527
00000000000000000347,stable_crop,2000,58,64,0.08373451254023274,0.050071787739034666,0.37421098733135527
00000000000000000348,stable_crop,0,100,100,0.09020033612620451,0.033749153460963036,0.2722815041279911
00000000000000000348,stable_crop,500,97,98,0.09020033612620451,0.033749153460963036,0.2722815041279911
00000000000000000348,stable_crop,1000,89,94,0.09552516053160158,0.033749153460963036,0.2610661965117301
00000000000000000348,stable_crop,2000,73,72,0.10066518452787596,0.0402084326617115,0.2854220219767172
0000000000000000034a,stable_nature,0,100,100,0.028785899418209616,0.054737871171580445,0.6553568018350004
0000000000000000034a,stable_nature,500,99,100,0.028785899418209616,0.054737871171580445,0.6553568018350004
0000000000000000034a,stable_nature,1000,91,93,0.032539646936176655,0.06571606632431123,0.6688269225568705
0000000000000000034a,stable_nature,2000,72,67,0.034765500304280515,0.0835859957921472,0.7062521264905571
0000000000000000034b,stable_crop,0,100,100,0.2079673295459794,0.019118492429363986,0.08419060363599296
0000000000000000034b,stable_crop,500,99,100,0.2079673295459794,0.019118492429363986,0.08419060363599296
0000000000000000034b,stable_crop,1000,95,95,0.22271792248259378,0.01911849242936394,0.07905547407426258
0000000000000000034b,stable_crop,2000,65,62,0.22271792248259378,0.022311970843091243,0.09105815841556893
0000000000000000034c,stable_nature,0,100,100,0.024205176212834644,0.0648373752073168,0.7281616954196477
0000000000000000034c,stable_nature,500,97,100,0.024897960751990557,0.0648373752073168,0.7225400619884716
0000000000000000034c,stable_nature,1000,90,100,0.024897960751990557,0.0648373752073168,0.7225400619884716
0000000000000000034c,stable_nature,2000,62,26,0.03423585222410217,0.09078841123705458,0.7261663354212446
0000000000000000034e,stable_nature,0,100,100,0.03368877012858431,0.07332039379389561,0.6851786436377125
0000000000000000034e,stable_nature,500,93,98,0.04197352963258505,0.07332039379389561,0.6359432623525367
0000000000000000034e,stable_nature,1000,71,84,0.04197352963258505,0.07332039379389561,0.6359432623525367
0000000000000000034e,stable_nature,2000,34,33,0.04723931804321848,0.08786634471276863,0.6503527899553162
00000000000000000350,stable_crop,0,100,100,0.08628355313548146,0.017767341583977615,0.17075625953732523
00000000000000000350,stable_crop,500,100,96,0.08628355313548146,0.01946767548663684,0.18408935517918895
00000000000000000350,stable_crop,1000,96,88,0.0874623076058623,0.02264564969462359,0.2056676942304695
00000000000000000350,stable_crop,2000,79,58,0.08746230760586234,0.027083837407727664,0.2364447743246002
00000000000000000351,stable_crop,0,100,100,0.1483484404126533,0.026758801697442047,0.15281379213582238
00000000000000000351,stable_crop,500,100,98,0.1483484404126533,0.029850496912947166,0.1675122049590992
00000000000000000351,stable_crop,1000,99,88,0.14834844041265335,0.029850496912947166,0.16751220495909913
00000000000000000351,stable_crop,2000,85,67,0.162090427137421,0.029850496912947166,0.15551918935723386
00000000000000000352,stable_nature,0,97,97,0.08564711397818421,0.08785879706667259,0.5063735093350907
00000000000000000352,stable_nature,500,96,95,0.08756777254625239,0.11730082052840199,0.5725661448023165
00000000000000000352,stable_nature,1000,94,91,0.09935565309305572,0.12764071348647943,0.5623028923733644
00000000000000000352,stable_nature,2000,71,52,0.1239409823535385,0.13210598343667418,0.5159443425875112
00000000000000000353,stable_nature,0,100,100,0.05159876888293054,0.05357049114593029,0.5093740426691218
00000000000000000353,stable_nature,500,95,100,0.07660962090781838,0.05357049114593029,0.41151056256120466
00000000000000000353,stable_nature,1000,85,98,0.07660962090781838,0.05357049114593029,0.41151056256120466
00000000000000000353,stable_nature,2000,52,85,0.07937341171698171,0.07520276708152704,0.48650941992212077
00000000000000000354,stable_nature,0,100,100,0.07352664594321143,0.16493287033799836,0.6916598377344907
00000000000000000354,stable_nature,500,91,100,0.09368327323248156,0.16493287033799836,0.6377516424933154
00000000000000000354,stable_nature,1000,69,97,0.11015342047673742,0.16493287033799836,0.599567756898788
00000000000000000354,stable_nature,2000,22,60,0.12731513738709016,0.24669597819613837,0.6595953112537417
00000000000000000355,stable_nature,0,100,100,0.026115306735966314,0.1248324094426935,0.8269910443303192
00000000000000000355,stable_nature,500,98,100,0.026115306735966314,0.1248324094426935,0.8269910443303192
00000000000000000355,stable_nature,1000,89,100,0.029225074864835388,0.1248324094426935,0.810297597698618
00000000000000000355,stable_nature,2000,67,96,0.03373375403358845,0.14247892676112714,0.8085622789332841
00000000000000000357,stable_crop,0,100,100,0.048235908804428074,0.015371712924102266,0.2416646387042298
00000000000000000357,stable_crop,500,100,65,0.048235908804428074,0.022370892021567612,0.31683763829467204
00000000000000000357,stable_crop,1000,96,52,0.048235908804428074,0.1238927460969862,0.7197682812732448
00000000000000000358,stable_nature,0,100,100,0.06041224155550458,0.04160371858226972,0.40781578221363957
00000000000000000358,stable_nature,500,98,99,0.06041224155550458,0.04160371858226972,0.40781578221363957
00000000000000000358,stable_nature,1000,94,94,0.06041224155550458,0.04411040417479315,0.4220176772810579
00000000000000000358,stable_nature,2000,73,70,0.07273431714963188,0.05098077206048577,0.4120820862319225
0000000000000000035a,stable_nature,0,100,100,0.07037074742504071,0.2917530110519099,0.8056721057966001
0000000000000000035a,stable_nature,500,99,100,0.07037074742504071,0.2917530110519099,0.8056721057966001
0000000000000000035a,stable_nature,1000,94,100,0.07037074742504071,0.2917530110519099,0.8056721057966001
0000000000000000035a,stable_nature,2000,60,100,0.07067733738143744,0.2917530110519099,0.8049905652554913
0000000000000000035b,stable_crop,0,100,100,0.07743649754901756,0.0028311283564107503,0.03527111116642627
0000000000000000035b,stable_crop,500,100,92,0.07743649754901756,0.007100289402920734,0.08399052837048883
0000000000000000035b,stable_crop,1000,99,65,0.07743649754901756,0.009925664327143724,0.11361514085583253
0000000000000000035b,stable_crop,2000,80,29,0.07973802571040563,0.010274867482962247,0.11414884155290263
0000000000000000035c,stable_crop,0,100,100,0.3401743078723552,0.014725873101286169,0.041492999695986
0000000000000000035c,stable_crop,500,100,88,0.3401743078723552,0.030630056169373775,0.08260435728271034
0000000000000000035c,stable_crop,1000,98,78,0.3401743078723552,0.030630056169373775,0.08260435728271034
0000000000000000035c,stable_crop,2000,84,40,0.3401743078723552,0.03563039877836578,0.09481094341744487
00000000000000000360,stable_crop,0,100,100,0.13077977970892907,0.021132345011795083,0.13910900825398737
00000000000000000360,stable_crop,500,100,94,0.13077977970892907,0.0380382273754563,0.22532091233737397
00000000000000000360,stable_crop,1000,97,85,0.15575551138383054,0.04222549577815047,0.21328053828612858
00000000000000000360,stable_crop,2000,80,60,0.16143282772714387,0.05856311978848379,0.2662009025600687
00000000000000000361,stable_nature,0,100,100,0.03820910190332212,0.02759615858712796,0.41936098088561574
00000000000000000361,stable_nature,500,99,93,0.03850491598230734,0.028025938191015065,0.42124723241313317
00000000000000000361,stable_nature,1000,97,81,0.03850491598230734,0.028025938191015065,0.42124723241313317
00000000000000000361,stable_nature,2000,82,61,0.04094802043945391,0.028025938191015065,0.4063263693586
00000000000000000365,stable_built,0,100,100,0.11078922727493672,0.09900873293815486,0.47192419238547345
00000000000000000365,stable_built,500,97,97,0.11078922727493679,0.09900873293815486,0.4719241923854733
00000000000000000365,stable_built,1000,94,92,0.11352147272928655,0.09900873293815486,0.4658572301605628
00000000000000000365,stable_built,2000,67,41,0.12092006995101764,0.11123963031043119,0.4791513349848336
00000000000000000366,stable_crop,0,100,100,0.017774303660019086,0.028005552998828363,0.6117440080014809
00000000000000000366,stable_crop,500,99,100,0.017774303660019086,0.028005552998828363,0.6117440080014809
00000000000000000366,stable_crop,1000,97,98,0.017774303660019086,0.028005552998828363,0.6117440080014809
00000000000000000366,stable_crop,2000,81,72,0.021186039617719053,0.03753089320399119,0.6391834756987711
00000000000000000367,stable_nature,0,100,100,0.03485713001085664,0.2750056378650796,0.8875078466164726
00000000000000000367,stable_nature,500,98,100,0.03485713001085664,0.2750056378650796,0.8875078466164726
00000000000000000367,stable_nature,1000,92,100,0.03485713001085664,0.2750056378650796,0.8875078466164726
00000000000000000367,stable_nature,2000,72,96,0.0381689433692959,0.2750056378650796,0.8781224733510257
00000000000000000368,stable_crop,0,100,100,0.20144471333898234,0.02268162008761232,0.10120015680772179
00000000000000000368,stable_crop,500,100,98,0.20144471333898234,0.02461622391895788,0.108891983805063
00000000000000000368,stable_crop,1000,100,87,0.20144471333898234,0.025992036423346576,0.11428248271395865
00000000000000000368,stable_crop,2000,88,41,0.20144471333898234,0.027531816776222406,0.12023859721452723
00000000000000000369,stable_nature,0,98,99,0.0855480314251773,0.09228374043487611,0.5189384296692541
00000000000000000369,stable_nature,500,98,99,0.0855480314251773,0.09228374043487611,0.5189384296692541
00000000000000000369,stable_nature,1000,91,88,0.11003858803873298,0.09228374043487611,0.45612237230878583
00000000000000000369,stable_nature,2000,67,79,0.1198839588432999,0.09598823830723816,0.4446530844352146
0000000000000000036a,stable_nature,0,100,100,0.04025649097305457,0.0630365538555288,0.610269103399254
0000000000000000036a,stable_nature,500,99,100,0.04025649097305457,0.0630365538555288,0.610269103399254
0000000000000000036a,stable_nature,1000,94,99,0.04025649097305457,0.06691099201745358,0.6243590886869624
0000000000000000036a,stable_nature,2000,69,97,0.04472383412416003,0.08035403808243928,0.6424320838227149
0000000000000000036b,stable_nature,0,100,100,0.07619567222113713,0.02203123659051911,0.22428921826847154
0000000000000000036b,stable_nature,500,100,85,0.07619567222113713,0.029304297056560746,0.2777659297620075
0000000000000000036b,stable_nature,1000,96,47,0.07675792960882191,0.0729400371877317,0.48724801510746835
0000000000000000036c,stable_crop,0,100,100,0.025796800080220606,0.011709519326969309,0.3122012373310191
0000000000000000036c,stable_crop,500,99,100,0.025796800080220606,0.011709519326969309,0.3122012373310191
0000000000000000036c,stable_crop,1000,82,98,0.028469948685566272,0.011709519326969309,0.29143042220032955
0000000000000000036c,stable_crop,2000,40,76,0.055778171081876014,0.012464524153005207,0.1826499394539081
0000000000000000036d,stable_crop,0,100,100,0.022204725903646638,0.002659983175277536,0.10697825447011615
0000000000000000036d,stable_crop,500,100,86,0.022204725903646638,0.008250128211612816,0.2708969867371054
0000000000000000036d,stable_crop,1000,92,68,0.022204725903646638,0.010779613739420445,0.32681005155000525
0000000000000000036d,stable_crop,2000,71,14,0.02667027079039024,0.012101404691504846,0.31211972505143937
0000000000000000036e,stable_nature,0,100,100,0.12077247158377595,0.08071161313122588,0.40058555118629563
0000000000000000036e,stable_nature,500,98,94,0.12369746521064437,0.08071161313122588,0.39485336847829433
0000000000000000036e,stable_nature,1000,93,79,0.12369746521064437,0.09340014737748259,0.430221900018077
0000000000000000036e,stable_nature,2000,74,10,0.12837687764755817,0.20272026871845905,0.6122682449632051
0000000000000000036f,stable_crop,0,100,100,0.026341738430336114,0.012130612052756961,0.3153072765276593
0000000000000000036f,stable_crop,500,100,92,0.026341738430336114,0.01577919468326918,0.3746164559160205
0000000000000000036f,stable_crop,1000,99,86,0.026341738430336114,0.016776129595082435,0.3890760458008641
0000000000000000036f,stable_crop,2000,79,27,0.031765284649974836,0.022901622828476964,0.4189302794763949
00000000000000000370,stable_built,0,100,100,0.06996806505863104,0.04519296678716174,0.39243280528508356
00000000000000000370,stable_built,500,88,100,0.07309998604800276,0.04519296678716174,0.3820427650474995
00000000000000000370,stable_built,1000,72,99,0.08079051034030611,0.04519296678716174,0.35872138011461274
00000000000000000371,stable_crop,0,100,100,0.03304342219759948,0.014088032292690312,0.2989093471599497
00000000000000000371,stable_crop,500,98,98,0.03304342219759948,0.014095784024005131,0.29902463689016884
00000000000000000371,stable_crop,1000,96,93,0.03304342219759948,0.016375927845673967,0.33136671831991354
00000000000000000371,stable_crop,2000,77,68,0.03306236207821154,0.02274147643436819,0.40752530722118885
00000000000000000372,stable_nature,0,100,100,0.06883868125626932,0.06100263470170926,0.4698245258156665
00000000000000000372,stable_nature,500,100,98,0.06883868125626932,0.06100263470170926,0.4698245258156665
00000000000000000372,stable_nature,1000,94,97,0.07481141029106879,0.06100263470170926,0.4491629323351935
00000000000000000372,stable_nature,2000,73,81,0.07849741023492125,0.07112708310409702,0.47537058616774946
00000000000000000373,stable_nature,0,100,100,0.08346403751969703,0.08888317024505513,0.5157215564864955
00000000000000000373,stable_nature,500,100,97,0.08346403751969703,0.08888317024505513,0.5157215564864955
00000000000000000373,stable_nature,1000,98,89,0.08346403751969703,0.08888317024505513,0.5157215564864955
00000000000000000373,stable_nature,2000,88,42,0.08587211197506883,0.12037663084884917,0.5836478283459666
00000000000000000374,stable_crop,0,100,100,0.0671681031734462,0.08763111695545359,0.5660953387356726
00000000000000000374,stable_crop,500,98,100,0.07425230223242832,0.08763111695545359,0.5413223750432871
00000000000000000374,stable_crop,1000,90,99,0.07685750746804623,0.08763111695545359,0.5327487980524527
00000000000000000374,stable_crop,2000,58,91,0.10162144748958382,0.09528161978182965,0.4839011453793579
00000000000000000376,stable_crop,0,100,100,0.10745435328058069,0.075876802890709,0.413878385294216
00000000000000000376,stable_crop,500,96,99,0.10745435328058069,0.075876802890709,0.413878385294216
00000000000000000376,stable_crop,1000,86,96,0.10745435328058069,0.075876802890709,0.413878385294216
00000000000000000376,stable_crop,2000,59,78,0.1169418108618725,0.08550710590572112,0.42236385983462094
00000000000000000378,stable_nature,0,100,100,0.06627227776279898,0.08244389559790302,0.5543707435060611
00000000000000000378,stable_nature,500,99,95,0.06627227776279902,0.08244389559790302,0.554370743506061
00000000000000000378,stable_nature,1000,95,89,0.06627227776279902,0.08244389559790302,0.554370743506061
00000000000000000378,stable_nature,2000,71,64,0.06627227776279902,0.10710887046633144,0.6177653773763501
00000000000000000379,stable_crop,0,100,100,0.17536287326863773,0.02537684809108669,0.12641667488162497
00000000000000000379,stable_crop,500,99,96,0.17536287326863773,0.0317877098477017,0.15345218617944079
00000000000000000379,stable_crop,1000,91,90,0.176246794427571,0.03300120279837604,0.15771335083596266
00000000000000000379,stable_crop,2000,68,61,0.18094791048990222,0.057954274164393006,0.24258578567631553
0000000000000000037a,stable_built,0,100,100,0.21225770149122805,0.09921228720131384,0.318529202821302
0000000000000000037a,stable_built,500,96,94,0.22608174243766857,0.11255232267752728,0.33237153101802414
0000000000000000037a,stable_built,1000,84,93,0.23024221707975925,0.11255232267752728,0.32833755974319456
0000000000000000037a,stable_built,2000,47,73,0.24993181052209038,0.11284985015272646,0.3110682330041197
0000000000000000037b,stable_nature,0,100,100,0.0757609526112472,0.08058706232739318,0.5154338694898338
0000000000000000037b,stable_nature,500,99,97,0.0757609526112472,0.08377955828997634,0.5251303121457453
0000000000000000037b,stable_nature,1000,91,87,0.0757609526112472,0.08377955828997634,0.5251303121457453
0000000000000000037b,stable_nature,2000,62,58,0.0806540399972328,0.08745195702445223,0.5202191389558283
0000000000000000037d,stable_crop,0,100,100,0.15628038979531683,0.0027828095596179824,0.017494993002063947
0000000000000000037d,stable_crop,500,100,97,0.15628038979531683,0.004402642060407502,0.02739954561184276
0000000000000000037d,stable_crop,1000,99,88,0.15628038979531683,0.011148693070619563,0.06658755384499086
0000000000000000037d,stable_crop,2000,86,52,0.15628038979531683,0.01696699156659003,0.09793505352354345
0000000000000000037e,stable_nature,0,100,100,0.04219729526291036,0.25423795921712583,0.8576508879222736
0000000000000000037e,stable_nature,500,99,99,0.04219729526291036,0.2565736807111221,0.8587637399308938
0000000000000000037e,stable_nature,1000,92,97,0.04219729526291036,0.2565736807111221,0.8587637399308938
0000000000000000037e,stable_nature,2000,67,83,0.05088965020115162,0.2802172687130072,0.8463044796258355
00000000000000000381,stable_nature,0,100,100,0.00914908119014921,0.011151342531229024,0.5493157524065032
00000000000000000381,stable_nature,500,99,100,0.00914908119014921,0.011151342531229024,0.5493157524065032
00000000000000000381,stable_nature,1000,94,96,0.009474612320786946,0.012748208734146949,0.5736539344874465
00000000000000000381,stable_nature,2000,65,80,0.012212767907712418,0.013629518231351678,0.5274114742589052
00000000000000000382,stable_crop,0,100,100,0.12846598111655222,0.0035035503472384153,0.026548175994495816
00000000000000000382,stable_crop,500,100,97,0.12846598111655222,0.004708725137405234,0.03535750346158508
00000000000000000382,stable_crop,1000,100,90,0.12846598111655222,0.007299238265897468,0.05376368335753062
00000000000000000382,stable_crop,2000,97,65,0.12846598111655222,0.009744780718774382,0.07050667103850022
00000000000000000383,stable_nature,0,100,100,0.033575265626919905,0.06454160618395688,0.657803341995095
00000000000000000383,stable_nature,500,97,100,0.033575265626919905,0.06454160618395688,0.657803341995095
00000000000000000383,stable_nature,1000,81,96,0.05281838771901,0.06454160618395688,0.5499455481973684
00000000000000000383,stable_nature,2000,59,78,0.06418874697694324,0.07313278229823765,0.5325660345010657
00000000000000000385,stable_nature,0,100,100,0.06473469709844255,0.078286791555314,0.5473778261691332
00000000000000000385,stable_nature,500,97,99,0.06741857332057163,0.07828679155531401,0.5372951889689358
00000000000000000385,stable_nature,1000,88,95,0.06741857332057163,0.07828679155531401,0.5372951889689358
00000000000000000385,stable_nature,2000,49,71,0.07841954584918372,0.07901031724987692,0.501876300303068
00000000000000000386,stable_crop,0,100,100,0.08234064267184278,0.054173678031860725,0.3968351287411432
00000000000000000386,stable_crop,500,100,95,0.08234064267184278,0.05559908392826185,0.40306795800055334
00000000000000000386,stable_crop,1000,99,81,0.08630701100071614,0.05928578218972018,0.4072027254245118
00000000000000000386,stable_crop,2000,75,42,0.12216963491005979,0.07201755930043312,0.37086667631644876
00000000000000000388,stable_nature,0,100,100,0.054338187687204,0.03898379624361763,0.41773432798104754
00000000000000000389,stable_nature,0,100,100,0.008910349572913479,0.030502165011710082,0.7739208049119584
00000000000000000389,stable_nature,500,100,100,0.008910349572913479,0.030502165011710082,0.7739208049119584
00000000000000000389,stable_nature,1000,95,100,0.008910349572913479,0.030502165011710082,0.7739208049119584
00000000000000000389,stable_nature,2000,76,100,0.015917818709089326,0.030502165011710082,0.6570912474789578
0000000000000000038a,stable_nature,0,100,100,0.07263453664981556,0.05742138515923227,0.44151303808448356
0000000000000000038a,stable_nature,500,99,97,0.07263453664981556,0.060287073878111275,0.4535535917614495
0000000000000000038a,stable_nature,1000,95,80,0.07451613912304371,0.07465782747241093,0.500474909770116
0000000000000000038a,stable_nature,2000,75,18,0.09476795140788072,0.10868906557900974,0.5342114378167591
0000000000000000038c,stable_nature,0,100,100,0.010681904552970556,0.01566120805622311,0.5945086401886651
0000000000000000038c,stable_nature,500,93,99,0.010681904552970556,0.01566120805622311,0.5945086401886651
0000000000000000038c,stable_nature,1000,87,97,0.011807447524607273,0.01566120805622311,0.5701483281396009
0000000000000000038c,stable_nature,2000,60,93,0.013551615098312953,0.01566120805622311,0.5361073105751912
0000000000000000038d,stable_nature,0,100,100,0.032851909058344786,0.03719296247703789,0.5309876606414952
0000000000000000038d,stable_nature,500,96,99,0.041509800619114176,0.03719296247703789,0.47257505344667816
0000000000000000038d,stable_nature,1000,94,92,0.041596423095775915,0.03719296247703789,0.47205549587886647
0000000000000000038d,stable_nature,2000,69,63,0.04532471147831969,0.048009805096654735,0.514384247735131
0000000000000000038e,stable_nature,0,100,100,0.01865412731566012,0.010780181493798602,0.3662454438192258
0000000000000000038e,stable_nature,500,100,95,0.01865412731566012,0.010944947124503645,0.3697732895756492
0000000000000000038e,stable_nature,1000,100,88,0.01865412731566012,0.012253552941511337,0.3964565712844693
0000000000000000038e,stable_nature,2000,84,57,0.01865412731566012,0.013981511415045333,0.4284123724369558
0000000000000000038f,stable_built,0,95,97,0.17553434489584369,0.09767183780458359,0.3575022967592356
0000000000000000038f,stable_built,500,92,94,0.17675739827223286,0.09767183780458359,0.3559090102808435
0000000000000000038f,stable_built,1000,86,87,0.19495695068763086,0.11446370262059472,0.36992909618804015
0000000000000000038f,stable_built,2000,67,60,0.21110109607116953,0.1388383383879092,0.396749622122819
00000000000000000390,stable_nature,0,100,100,0.05128239239286762,0.0371053200957147,0.41980179202044693
00000000000000000390,stable_nature,500,99,97,0.05128239239286762,0.0371053200957147,0.41980179202044693
00000000000000000390,stable_nature,1000,97,82,0.05167419773675315,0.03964178408281618,0.43411660579535805
00000000000000000390,stable_nature,2000,80,57,0.05829777415257993,0.042897245929653785,0.42390668922611463
00000000000000000391,stable_built,0,100,100,0.11491903532520378,0.024891438584096016,0.17803700887292587
00000000000000000391,stable_built,500,98,74,0.13147328712469727,0.02610413014740538,0.1656590810989334
00000000000000000391,stable_built,1000,94,5,0.15866737205665474,0.10754719697208588,0.4039868943463837
00000000000000000392,stable_nature,0,100,100,0.1024396266414137,0.14127811378002,0.5796792368710786
00000000000000000392,stable_nature,500,97,99,0.10869358421741986,0.14127811378002,0.5651764376177569
00000000000000000392,stable_nature,1000,90,90,0.1467820416956774,0.1826832215721263,0.554484013761047
00000000000000000392,stable_nature,2000,65,51,0.16567866136760453,0.1898192144705337,0.5339531608240223
00000000000000000393,stable_nature,0,100,100,0.002096816226330178,0.0125770818242819,0.8571057111099514
00000000000000000393,stable_nature,500,97,100,0.003019980279058787,0.0125770818242819,0.8063750557729509
00000000000000000393,stable_nature,1000,94,100,0.003019980279058787,0.0125770818242819,0.8063750557729509
00000000000000000393,stable_nature,2000,66,100,0.003791453083404628,0.0125770818242819,0.7683694291788716
00000000000000000394,stable_crop,0,98,97,0.08962047196208053,0.05374113388904824,0.37486420139908216
00000000000000000394,stable_crop,500,95,94,0.09074790878226305,0.05374113388904824,0.3719391650405526
00000000000000000394,stable_crop,1000,87,86,0.09554918447861067,0.05374113388904824,0.35997735470252923
00000000000000000394,stable_crop,2000,71,61,0.10706951821241925,0.05707003924279332,0.34769217199831837
00000000000000000395,stable_nature,0,100,100,0.04490270491439372,0.1367306650793599,0.7527838363804475
00000000000000000395,stable_nature,500,97,100,0.04490270491439372,0.1367306650793599,0.7527838363804475
00000000000000000395,stable_nature,1000,91,89,0.04490270491439372,0.1367306650793599,0.7527838363804475
00000000000000000395,stable_nature,2000,63,66,0.0571828505265954,0.1367306650793599,0.7051115784858455
00000000000000000396,stable_nature,0,100,100,0.031163730873245577,0.3084844173973279,0.908247016705865
00000000000000000396,stable_nature,500,93,100,0.0405385716405444,0.3084844173973279,0.8838512851168396
00000000000000000396,stable_nature,1000,72,92,0.04416227716595791,0.5021499345631326,0.9191629324427831
00000000000000000397,stable_built,0,100,100,0.06433959494517723,0.030988771840127004,0.3250739825386281
00000000000000000397,stable_built,500,99,77,0.06433959494517724,0.0891736779195514,0.5808857843682853
00000000000000000397,stable_built,1000,93,39,0.06433959494517723,0.12777909208002053,0.6651049622392864
00000000000000000398,stable_nature,0,100,100,0.055606960422818805,0.08513026914451097,0.6048880556027935
00000000000000000398,stable_nature,500,99,100,0.055606960422818805,0.08513026914451097,0.6048880556027935
00000000000000000398,stable_nature,1000,94,100,0.05926190983127901,0.08513026914451097,0.5895767329489158
00000000000000000398,stable_nature,2000,79,100,0.0597627766292218,0.08513026914451097,0.5875386819935042
00000000000000000399,stable_nature,0,100,100,0.013349659290609162,0.07411960803826398,0.8473788600370511
00000000000000000399,stable_nature,500,98,100,0.015206871157231561,0.07411960803826398,0.8297607686430771
00000000000000000399,stable_nature,1000,89,100,0.015206871157231561,0.07411960803826398,0.8297607686430771
00000000000000000399,stable_nature,2000,67,85,0.01991780309452682,0.07411960803826398,0.7881927750308975
0000000000000000039a,stable_nature,0,100,100,0.05523841953563724,0.07039741146855856,0.5603290948554892
0000000000000000039a,stable_nature,500,100,100,0.05523841953563724,0.07039741146855856,0.5603290948554892
0000000000000000039a,stable_nature,1000,88,100,0.059296772296753716,0.07039741146855856,0.5427954394269768
0000000000000000039a,stable_nature,2000,69,96,0.0637372725740289,0.07039741146855856,0.5248263114831859
0000000000000000039b,stable_crop,0,100,100,0.051205054129518014,0.004637434402272667,0.08304490942500829
0000000000000000039b,stable_crop,500,99,55,0.05948515328917951,0.00694290674505329,0.10451768035030434
0000000000000000039b,stable_crop,1000,96,32,0.05948515328917951,0.01232124894624489,0.17158983826646632
0000000000000000039b,stable_crop,2000,66,16,0.06700745727791291,0.023735997747526348,0.26157255904142684
0000000000000000039c,stable_crop,0,100,100,0.03162567304607231,0.014010663110566512,0.30700674703969066
0000000000000000039c,stable_crop,500,99,95,0.03162567304607231,0.01618651572588019,0.33854370906853254
0000000000000000039c,stable_crop,1000,97,86,0.03162567304607231,0.023220334461990743,0.4233732867092229
0000000000000000039c,stable_crop,2000,70,67,0.03162567304607231,0.023220334461990743,0.4233732867092229
0000000000000000039d,stable_nature,0,100,100,0.0344644009434711,0.04245687607878139,0.5519523039892736
0000000000000000039d,stable_nature,500,99,98,0.0344644009434711,0.04245687607878139,0.5519523039892736
0000000000000000039d,stable_nature,1000,95,95,0.0344644009434711,0.04398360526985856,0.5606720602903521
0000000000000000039d,stable_nature,2000,80,61,0.0375727165556887,0.04773308413651896,0.5595526183287981
0000000000000000039f,stable_crop,0,100,100,0.11566053588768492,0.09937604967706762,0.46213554505440674
0000000000000000039f,stable_crop,500,99,98,0.15156193314827507,0.1678421895671574,0.5254853573576694
0000000000000000039f,stable_crop,1000,94,86,0.18147716768811337,0.1678421895671574,0.4804835062261481
0000000000000000039f,stable_crop,2000,76,53,0.18147716768811337,0.18421765214851796,0.5037469555360689
000000000000000003a3,stable_crop,0,100,100,0.1310171269205585,0.07210455721104647,0.35498207647773383
000000000000000003a3,stable_crop,500,100,94,0.1310171269205585,0.07210455721104647,0.35498207647773383
000000000000000003a3,stable_crop,1000,100,83,0.1310171269205585,0.09135461268312761,0.4108193462241659
000000000000000003a3,stable_crop,2000,78,60,0.15660009901253996,0.10784831625845008,0.40782364359236606
000000000000000003a4,stable_nature,0,100,100,0.011909846446391347,0.025510687210063,0.681729647246256
000000000000000003a4,stable_nature,500,100,100,0.011909846446391347,0.025510687210063,0.681729647246256
000000000000000003a4,stable_nature,1000,97,100,0.012654870797398354,0.025510687210063,0.6684217011685575
000000000000000003a4,stable_nature,2000,66,96,0.024491871905310613,0.030296459712557254,0.5529728469067643
000000000000000003a6,stable_nature,0,100,100,0.02695774564062501,0.06817777104047026,0.7166384691880427
000000000000000003a6,stable_nature,500,97,98,0.02695774564062501,0.06817777104047026,0.7166384691880427
000000000000000003a6,stable_nature,1000,91,88,0.028556956376697595,0.06817777104047026,0.7047910596341403
000000000000000003a6,stable_nature,2000,65,64,0.029356522324888168,0.07994170150742486,0.7314089717445107
000000000000000003a7,stable_crop,0,100,100,0.07473443624424339,0.014791055988942347,0.1652161369886812
000000000000000003a7,stable_crop,500,100,96,0.07473443624424339,0.015125680289087406,0.1683247348483983
000000000000000003a7,stable_crop,1000,98,93,0.07473443624424339,0.01557904346445409,0.1724996480539912
000000000000000003a7,stable_crop,2000,78,70,0.07500957619187291,0.017131275785713763,0.18592486847956466
000000000000000003a8,stable_built,0,100,100,0.06737012582421904,0.0057129690366731324,0.07817086902886557
000000000000000003a8,stable_built,500,98,69,0.06737012582421904,0.11505693567873274,0.6307010304841222
000000000000000003a8,stable_built,1000,92,69,0.06737012582421904,0.11505693567873274,0.6307010304841222
000000000000000003a8,stable_built,2000,71,53,0.07062263152808634,0.11505693567873274,0.6196531875257819
000000000000000003a9,stable_crop,0,100,100,0.022915126214024584,0.01225358292435148,0.3484228800036325
000000000000000003a9,stable_crop,500,100,98,0.022915126214024584,0.017486380561001092,0.4328150595456886
000000000000000003a9,stable_crop,1000,100,91,0.022915126214024584,0.01971935064291066,0.46252122920655564
000000000000000003a9,stable_crop,2000,79,67,0.025132511440578063,0.021329942636097953,0.45907912226156883
000000000000000003aa,stable_built,0,100,98,0.1813790264173693,0.10218671791208159,0.3603634076230279
000000000000000003aa,stable_built,500,98,98,0.1813790264173693,0.10218671791208159,0.3603634076230279
000000000000000003aa,stable_built,1000,95,97,0.1813790264173693,0.10218671791208159,0.3603634076230279
000000000000000003aa,stable_built,2000,68,81,0.19516997243137668,0.11923310195270234,0.37923643776671967
000000000000000003ab,stable_nature,0,100,100,0.061408975397484376,0.027103152995636103,0.3062083523170194
000000000000000003ab,stable_nature,500,99,92,0.061408975397484376,0.08193092214989006,0.5715849079788825
000000000000000003ab,stable_nature,1000,98,90,0.061408975397484376,0.08193092214989006,0.5715849079788825
000000000000000003ad,stable_nature,0,100,100,0.1356653450988699,0.18474521356680745,0.5765890310718432
000000000000000003ad,stable_nature,500,98,93,0.1356653450988699,0.2157467768717952,0.6139423297674155
000000000000000003ad,stable_nature,1000,83,83,0.1356653450988699,0.21650902139324613,0.6147779111500957
000000000000000003ad,stable_nature,2000,36,54,0.17155017422652505,0.2385011489551136,0.5816373109199411
000000000000000003ae,stable_crop,0,100,100,0.031434037555782335,0.011639199517106591,0.27021882514054874
000000000000000003ae,stable_crop,500,97,98,0.031549043751272744,0.01698926042731317,0.3500175936195657
000000000000000003ae,stable_crop,1000,94,79,0.031549043751272744,0.02376657055293685,0.42965392053322143
000000000000000003ae,stable_crop,2000,75,47,0.03977549195761356,0.02790281248616595,0.412285927005346
000000000000000003af,stable_built,0,100,100,0.16603189274910177,0.05959240667936354,0.26412229015249894
000000000000000003af,stable_built,500,100,74,0.16603189274910177,0.08775821877495164,0.34579053631208334
000000000000000003af,stable_built,1000,92,38,0.1864397549556065,0.10844467581932911,0.36775314157473954
000000000000000003b1,stable_nature,0,100,100,0.028484121710706755,0.1741080628992047,0.859401675506822
000000000000000003b1,stable_nature,500,98,96,0.029148062339609693,0.1741080628992047,0.8565944209247373
000000000000000003b1,stable_nature,1000,90,88,0.034750482302446636,0.2180129584134501,0.8625177667906163
000000000000000003b1,stable_nature,2000,70,72,0.04157464545025791,0.29136355141926834,0.8751280392516047
000000000000000003b2,stable_nature,0,100,100,0.07140838996971821,0.3109649783290867,0.813249572562466
000000000000000003b2,stable_nature,500,94,99,0.09132302733430628,0.32013030249537566,0.7780476649128424
000000000000000003b2,stable_nature,1000,90,94,0.1305117575326675,0.3235628511948124,0.712576402589142
000000000000000003b2,stable_nature,2000,70,73,0.14871194439667015,0.35119731935162457,0.7025221271509595
000000000000000003b3,stable_nature,0,100,100,0.042273867737902426,0.07886133591904239,0.6510191384308632
000000000000000003b3,stable_nature,500,97,99,0.04428048766552641,0.07886133591904239,0.6404106551519697
000000000000000003b3,stable_nature,1000,91,90,0.053209840749542915,0.0808135071164944,0.6029808119453064
000000000000000003b3,stable_nature,2000,70,69,0.0547883125083148,0.0941612441215208,0.6321686767748826
000000000000000003b4,stable_nature,0,100,100,0.004328037475833968,0.007155323990809781,0.623103610469032
000000000000000003b4,stable_nature,500,97,98,0.005177853202741977,0.01217694391492905,0.7016471487199685
000000000000000003b4,stable_nature,1000,95,90,0.005177853202741977,0.11692821822505262,0.9575954484232063
000000000000000003b6,stable_built,0,100,100,0.3009300571217895,0.0429680387075243,0.12494410183860279
000000000000000003b6,stable_built,500,100,91,0.3009300571217895,0.05070613636737169,0.14420056099484097
000000000000000003b6,stable_built,1000,100,61,0.3009300571217895,0.058727833400160676,0.16328804385403353
000000000000000003b8,stable_crop,0,100,100,0.0446083950222552,0.032878328416214894,0.42430918429398146
000000000000000003b8,stable_crop,500,92,100,0.0446083950222552,0.032878328416214894,0.42430918429398146
000000000000000003b8,stable_crop,1000,81,97,0.053363071894198956,0.03702721384031702,0.4096370925152232
000000000000000003b8,stable_crop,2000,46,83,0.06129336876941538,0.03831774615342789,0.3846733989748368
000000000000000003ba,stable_crop,0,100,100,0.017708775712485726,0.010508704863960782,0.3724182545326217
000000000000000003ba,stable_crop,500,100,97,0.017708775712485726,0.012483150304302425,0.41345988649242643
000000000000000003ba,stable_crop,1000,92,88,0.020545997477092338,0.01344834579653087,0.3956054008129661
000000000000000003ba,stable_crop,2000,74,44,0.023969708101606833,0.016215086656916976,0.4035129892774678
000000000000000003bb,stable_nature,0,100,100,0.06657786508321062,0.12739219173313315,0.6567621509390743
000000000000000003bb,stable_nature,500,99,21,0.06657786508321062,0.2019070050192132,0.7520237730395609
000000000000000003bc,stable_nature,0,100,100,0.16985746380354796,0.04452671464939058,0.20769589887883144
000000000000000003bc,stable_nature,500,97,94,0.18032357330622556,0.06934845785758856,0.2777582155840679
000000000000000003bc,stable_nature,1000,93,88,0.20214544376937033,0.07384759260951498,0.267570492278178
000000000000000003bc,stable_nature,2000,64,67,0.25079689753855483,0.08011424070869626,0.24210197678083045
000000000000000003bd,stable_built,0,100,100,0.10140825894758046,0.041332640906066434,0.28956410494928553
000000000000000003bd,stable_built,500,96,95,0.10328450732125911,0.041332640906066434,0.28580732929962993
000000000000000003bd,stable_built,1000,93,76,0.10328450732125911,0.047555163147502966,0.31526960380781305
000000000000000003be,stable_built,0,100,100,0.08736743596654835,0.08687061904413518,0.4985743156872939
000000000000000003be,stable_built,500,99,100,0.08736743596654835,0.08687061904413518,0.4985743156872939
000000000000000003be,stable_built,1000,93,96,0.08736743596654835,0.09397273733174709,0.5182124601626384
000000000000000003be,stable_built,2000,61,81,0.08736743596654835,0.12638370235557217,0.5912656341718383
000000000000000003c1,stable_built,0,100,100,0.06940936875372532,0.03936688742306223,0.36190698969009993
000000000000000003c1,stable_built,500,98,96,0.07099534323316041,0.04141458854789717,0.36842463909854983
000000000000000003c1,stable_built,1000,94,89,0.07325188634287619,0.041928244183917183,0.364023239006486
000000000000000003c1,stable_built,2000,71,85,0.07325188634287619,0.041928244183917183,0.364023239006486
000000000000000003c2,stable_nature,0,100,100,0.06132309277627028,0.07516000128927099,0.550690924786826
000000000000000003c2,stable_nature,500,99,100,0.06132309277627028,0.07516000128927099,0.550690924786826
000000000000000003c2,stable_nature,1000,92,98,0.06132309277627028,0.07516000128927099,0.550690924786826
000000000000000003c2,stable_nature,2000,64,85,0.06132309277627028,0.08336927579612703,0.5761829502005612
000000000000000003c3,stable_crop,0,100,100,0.09631256512928137,0.026064616525540974,0.2129859192120143
000000000000000003c3,stable_crop,500,99,92,0.10822985627834017,0.033066684144391845,0.23402331044503052
000000000000000003c3,stable_crop,1000,96,79,0.10822985627834017,0.037502277140557164,0.25733704887515796
000000000000000003c3,stable_crop,2000,73,18,0.13228662457219842,0.04292784825507252,0.24500172595414788
000000000000000003c4,stable_nature,0,99,100,0.009335506225983536,0.19647071219810228,0.9546393384105559
000000000000000003c4,stable_nature,500,99,100,0.009335506225983536,0.19647071219810228,0.9546393384105559
000000000000000003c4,stable_nature,1000,91,100,0.009930380295583064,0.19647071219810228,0.9518879470231546
000000000000000003c4,stable_nature,2000,72,100,0.010526579986732298,0.19647071219810228,0.9491462913520534
000000000000000003c5,stable_crop,0,100,100,0.03949616716231876,0.024156325741889705,0.3795032156535235
000000000000000003c5,stable_crop,500,99,99,0.0442540588174555,0.02415632574188975,0.35310904765608053
000000000000000003c5,stable_crop,1000,97,93,0.053164369428780264,0.02415632574188975,0.3124173377936794
000000000000000003c5,stable_crop,2000,74,64,0.06457122840008638,0.024156325741889705,0.27225280776887034
000000000000000003c9,stable_built,0,100,100,0.06405498824513245,0.01425980123243067,0.18208312028130985
000000000000000003c9,stable_built,500,99,23,0.06405498824513242,0.019335776940355952,0.23186952292756852
000000000000000003ca,stable_built,0,100,100,0.051499798923249476,0.03078565413919032,0.37413240120894076
000000000000000003ca,stable_built,500,99,90,0.051499798923249476,0.037388575294149407,0.4206239074896973
000000000000000003ca,stable_built,1000,91,58,0.05567149668709057,0.03966420687667764,0.41604777007525795
000000000000000003ca,stable_built,2000,67,28,0.06398362112448319,0.043350826214564764,0.40388549332372603
000000000000000003cb,stable_nature,0,100,100,0.019043438830131886,0.11134544484368487,0.8539489081091816
000000000000000003cb,stable_nature,500,99,100,0.019043438830131886,0.11134544484368487,0.8539489081091816
000000000000000003cb,stable_nature,1000,90,98,0.019043438830131886,0.11134544484368487,0.8539489081091816
000000000000000003cb,stable_nature,2000,70,79,0.023784163933244895,0.11661662020191903,0.8305980690878586
000000000000000003cc,stable_built,0,100,100,0.23975825342212684,0.13718496412635198,0.36394066198669467
000000000000000003cc,stable_built,500,98,88,0.2466432278067905,0.15530555460828901,0.38638145306663385
000000000000000003cc,stable_built,1000,94,72,0.2466432278067905,0.15530555460828901,0.38638145306663385
000000000000000003cc,stable_built,2000,73,37,0.3239367627540813,0.16819322334309467,0.3417658506782017
000000000000000003cd,stable_crop,0,100,100,0.05419222833368107,0.011307093204374508,0.17262916529039735
000000000000000003cd,stable_crop,500,98,92,0.07941726828562308,0.015098803359079715,0.15974852843734524
000000000000000003cd,stable_crop,1000,89,77,0.07941726828562308,0.017532709580215043,0.18084284252541466
000000000000000003cd,stable_crop,2000,65,58,0.10573997329307612,0.01839376420339025,0.14817699502333662
000000000000000003ce,stable_crop,0,100,100,0.0503381026875485,0.056055148979883195,0.5268675230885486
000000000000000003ce,stable_crop,500,99,99,0.056673261486803586,0.06737056234294525,0.5431190385977521
000000000000000003ce,stable_crop,1000,94,95,0.056673261486803586,0.06737056234294525,0.5431190385977521
000000000000000003ce,stable_crop,2000,63,69,0.05930568627260924,0.0728789635013154,0.5513421083719549
000000000000000003cf,stable_nature,0,100,100,0.07951207484493372,0.08100643374386962,0.5046547868873945
000000000000000003cf,stable_nature,500,95,99,0.08278674359156728,0.08234360176947678,0.49865820597020216
000000000000000003cf,stable_nature,1000,91,74,0.08278674359156728,0.08234360176947678,0.49865820597020216
000000000000000003d0,stable_nature,0,100,100,0.03784205144744877,0.041870333282813775,0.5252676033212763
000000000000000003d0,stable_nature,500,97,98,0.03784205144744877,0.04663860848106083,0.5520625492269585
000000000000000003d0,stable_nature,1000,92,92,0.03784205144744877,0.05216965670623632,0.5795874534075365
000000000000000003d0,stable_nature,2000,73,69,0.039188688285446596,0.05242431289364404,0.5722366063588462
000000000000000003d1,stable_nature,0,100,100,0.07984080638326399,0.2009162547221428,0.7156231580797024
000000000000000003d1,stable_nature,500,99,98,0.07984080638326399,0.2009162547221428,0.7156231580797024
000000000000000003d1,stable_nature,1000,96,88,0.07984080638326399,0.21358078010915352,0.7278972984284676
000000000000000003d1,stable_nature,2000,69,46,0.12183192039014816,0.285983078445036,0.7012568916326518
000000000000000003d3,stable_crop,0,100,100,0.08135429105591792,0.023905559057056623,0.22710994772624007
000000000000000003d3,stable_crop,500,100,87,0.08135429105591792,0.024570304753691884,0.23196033523340412
000000000000000003d3,stable_crop,1000,98,48,0.08135429105591792,0.029566550485324104,0.2665554108157777
000000000000000003d4,stable_crop,0,100,100,0.0849046868352431,0.10132634012337594,0.544089466602935
000000000000000003d4,stable_crop,500,96,99,0.0849046868352431,0.10132634012337594,0.544089466602935
000000000000000003d4,stable_crop,1000,91,94,0.0849046868352431,0.10132634012337594,0.544089466602935
000000000000000003d4,stable_crop,2000,76,80,0.0849046868352431,0.10285887285345992,0.5478106242949585
000000000000000003d5,stable_crop,0,100,100,0.08816063665427236,0.023569596521565827,0.21095092931795503
000000000000000003d5,stable_crop,500,100,98,0.08816063665427236,0.02540088327490848,0.22367509073958577
000000000000000003d5,stable_crop,1000,99,94,0.08816063665427246,0.026628889682505097,0.23198013383335525
000000000000000003d5,stable_crop,2000,77,71,0.08816063665427246,0.028626512308978613,0.24511697188310747
000000000000000003d6,stable_crop,0,100,100,0.05965488787815341,0.04796382039697269,0.4456829222843671
000000000000000003d6,stable_crop,500,94,98,0.06793184678669803,0.050988597802781824,0.4287622534406813
000000000000000003d6,stable_crop,1000,92,92,0.06793184678669803,0.050988597802781824,0.4287622534406813
000000000000000003d6,stable_crop,2000,75,57,0.10503275274423914,0.0751767612641933,0.4171631097138325
000000000000000003d7,stable_crop,0,100,100,0.03670158152838847,0.06392087240430173,0.6352545570636284
000000000000000003d7,stable_crop,500,99,99,0.03670158152838847,0.06392087240430173,0.6352545570636284
000000000000000003d7,stable_crop,1000,93,93,0.03670158152838847,0.06490498371438884,0.6387873023624703
000000000000000003d7,stable_crop,2000,74,60,0.04192282296461745,0.06840667162372711,0.6200216168699254
000000000000000003d8,stable_nature,0,100,100,0.1156607301821824,0.028423036245245357,0.19726744344488129
000000000000000003d8,stable_nature,500,100,11,0.1156607301821824,0.06328893415276922,0.35366891794752725
000000000000000003d9,stable_nature,0,100,100,0.09011105159547728,0.03282535792077575,0.26701087212221697
000000000000000003d9,stable_nature,500,97,90,0.09011105159547728,0.047447355517020465,0.3449251595205827
000000000000000003d9,stable_nature,1000,89,59,0.09652621528116737,0.05385433085653359,0.3581203303176061
000000000000000003da,stable_nature,0,99,97,0.00933352983635769,0.44941907369201084,0.9796545463381546
000000000000000003da,stable_nature,500,98,97,0.00933352983635769,0.44941907369201084,0.9796545463381546
000000000000000003da,stable_nature,1000,86,96,0.00933352983635769,0.44941907369201084,0.9796545463381546
000000000000000003da,stable_nature,2000,51,75,0.012831416571171617,0.4765743635864025,0.9737816407317175
000000000000000003db,stable_built,0,100,100,0.11767447668526468,0.04692902955680336,0.28510346242262796
000000000000000003db,stable_built,500,100,99,0.11767447668526468,0.04938591593782562,0.29561714277154233
000000000000000003db,stable_built,1000,94,87,0.11767447668526468,0.04938591593782562,0.29561714277154233
000000000000000003db,stable_built,2000,86,55,0.11767447668526468,0.04938591593782562,0.29561714277154233
000000000000000003dc,stable_crop,0,100,100,0.0658109561646768,0.1469255619123358,0.6906457022035903
000000000000000003dc,stable_crop,500,99,97,0.07379953604969307,0.1469255619123358,0.6656495490011997
000000000000000003dc,stable_crop,1000,97,94,0.07379953604969307,0.1469255619123358,0.6656495490011997
000000000000000003dc,stable_crop,2000,85,52,0.08849899184470844,0.16125158179274574,0.64565049618736
000000000000000003de,stable_nature,0,100,100,0.11224268376037216,0.1967135169322747,0.6367035731622388
000000000000000003de,stable_nature,500,99,97,0.1122426837603722,0.1967135169322747,0.6367035731622387
000000000000000003de,stable_nature,1000,95,95,0.1122426837603722,0.1967135169322747,0.6367035731622387
000000000000000003de,stable_nature,2000,60,77,0.11747597461539813,0.1967294739481265,0.6261173217934397
000000000000000003df,stable_crop,0,100,100,0.08635759945425761,0.030847958136629015,0.263195353278746
000000000000000003df,stable_crop,500,99,95,0.08635759945425761,0.032319100028945405,0.2723289421547098
000000000000000003df,stable_crop,1000,98,76,0.08635759945425761,0.03336551147803561,0.2786889784097412
000000000000000003df,stable_crop,2000,86,47,0.09283592073526961,0.03510859364170926,0.27440483722490855
000000000000000003e0,stable_built,0,100,100,0.0783019644014282,0.04542189105072365,0.36712314601223117
000000000000000003e0,stable_built,500,97,98,0.0783019644014282,0.05092042169439688,0.3940526346282036
000000000000000003e0,stable_built,1000,91,88,0.0783019644014282,0.052712039510607475,0.40233897092097587
000000000000000003e0,stable_built,2000,70,57,0.09291017208696921,0.0756984386733067,0.44895950646603777
000000000000000003e1,stable_nature,0,100,100,0.07820991366511398,0.07451655094576204,0.4879085699726701
000000000000000003e1,stable_nature,500,99,94,0.07820991366511396,0.07451655094576204,0.4879085699726702
000000000000000003e1,stable_nature,1000,97,65,0.09053741393252002,0.08404618280702059,0.4814093899779529
000000000000000003e2,stable_nature,0,99,99,0.0523096897522034,0.1119089029110921,0.6814630493141681
000000000000000003e2,stable_nature,500,96,98,0.058192435032606425,0.1119089029110921,0.6578954890259281
000000000000000003e2,stable_nature,1000,90,93,0.06601658204933762,0.1119089029110921,0.6289650014743614
000000000000000003e2,stable_nature,2000,76,76,0.06601658204933762,0.135570314986885,0.67251551057831
000000000000000003e3,stable_crop,0,100,100,0.06009281401908688,0.057018367081122,0.4868738112362307
000000000000000003e3,stable_crop,500,97,99,0.06009281401908688,0.057018367081122,0.4868738112362307
000000000000000003e3,stable_crop,1000,89,92,0.06863411711662859,0.06814996207819324,0.49823022152036334
000000000000000003e3,stable_crop,2000,65,64,0.0716934048446943,0.06814996207819324,0.4873306727181788
000000000000000003e4,stable_nature,0,100,100,0.11067961430948045,0.08070542539751069,0.42169140033436425
000000000000000003e4,stable_nature,500,99,97,0.11599610841551256,0.08070542539751069,0.4102938285871009
000000000000000003e4,stable_nature,1000,94,90,0.11599610841551256,0.08070542539751069,0.4102938285871009
000000000000000003e4,stable_nature,2000,62,79,0.12765152729238716,0.08647446771852285,0.4038485271893915
000000000000000003e5,stable_crop,0,100,100,0.04317150823118321,0.04113982275176191,0.48795129043326224
000000000000000003e5,stable_crop,500,97,94,0.04762227360849434,0.04113982275176191,0.46348412710224157
000000000000000003e5,stable_crop,1000,86,86,0.04959672412809375,0.04144871905892069,0.45525308689339383
000000000000000003e5,stable_crop,2000,65,45,0.056422461605137884,0.04284347747337145,0.43160300371565496
000000000000000003e6,stable_nature,0,100,100,0.05645300107906785,0.3028077244107038,0.8428634218144784
000000000000000003e6,stable_nature,500,99,100,0.05645300107906785,0.3028077244107038,0.8428634218144784
000000000000000003e6,stable_nature,1000,89,87,0.07119898396798874,0.31627446817171195,0.8162480975777027
000000000000000003e6,stable_nature,2000,76,77,0.07861553475584011,0.31627446817171195,0.8009178906181018
000000000000000003e7,stable_crop,0,100,100,0.05997235900076301,0.019684332710763707,0.24711461507593807
000000000000000003e7,stable_crop,500,100,78,0.05997235900076301,0.028949449622639324,0.325560737804144
000000000000000003e7,stable_crop,1000,97,50,0.05997235900076301,0.03394824067204041,0.3614568134141645
000000000000000003e8,stable_crop,0,100,100,0.009369170218708001,0.014937375376389861,0.6145412690311652
000000000000000003e8,stable_crop,500,98,100,0.013847940793736524,0.014937375376389861,0.5189234430356217
000000000000000003e8,stable_crop,1000,92,89,0.017373351693455063,0.03219896584519897,0.6495352132657967
000000000000000003e8,stable_crop,2000,67,60,0.03134131305341563,0.04168883167726132,0.5708441607288601
000000000000000003e9,stable_built,0,100,100,0.1038171617266935,0.016771234686240886,0.13907834571969574
000000000000000003e9,stable_built,500,99,78,0.13436064033885628,0.030895253237404184,0.18695401760639796
000000000000000003e9,stable_built,1000,94,13,0.15373130615656394,0.07027256703022047,0.3137113927102071
000000000000000003ea,stable_crop,0,100,100,0.015074495630190232,0.012286901648685223,0.4490597290410438
000000000000000003ea,stable_crop,500,99,94,0.015074495630190232,0.013969042843855806,0.4809690408714451
000000000000000003ea,stable_crop,1000,98,83,0.015074495630190232,0.01656027678371428,0.5234833545352776
000000000000000003ea,stable_crop,2000,70,39,0.01658528382270772,0.01728920798244591,0.5103901803570425
000000000000000003eb,stable_nature,0,100,100,0.06405630093500085,0.08494285427910162,0.5700895025644539
000000000000000003eb,stable_nature,500,100,97,0.06405630093500085,0.10173222424485573,0.6136264505271238
000000000000000003eb,stable_nature,1000,95,91,0.06405630093500085,0.10173222424485576,0.6136264505271241
000000000000000003eb,stable_nature,2000,64,65,0.08619748614726856,0.1049793864503273,0.5491217898032418
000000000000000003ec,stable_nature,0,100,100,0.0466467178812461,0.10103893779775461,0.6841486218315046
000000000000000003ec,stable_nature,500,100,100,0.0466467178812461,0.10103893779775461,0.6841486218315046
000000000000000003ec,stable_nature,1000,93,89,0.04980670219696124,0.10645871736790136,0.6812685600158085
000000000000000003ec,stable_nature,2000,68,76,0.07330824391338327,0.14798547707590703,0.6687287665175109
000000000000000003ed,stable_built,0,100,100,0.2629004210005446,0.0443576247616287,0.14436603165737258
000000000000000003ed,stable_built,500,99,49,0.2629004210005445,0.04718048561806678,0.15215540399572228
000000000000000003ee,stable_nature,0,100,100,0.03154423555313375,0.16434128592105252,0.8389659668740265
000000000000000003ee,stable_nature,500,94,100,0.03154423555313375,0.16434128592105252,0.8389659668740265
000000000000000003ee,stable_nature,1000,86,100,0.03426469177195719,0.16434128592105252,0.8274740157834098
000000000000000003ee,stable_nature,2000,68,100,0.04513433207446602,0.16434128592105252,0.7845365847006779
000000000000000003ef,stable_crop,0,100,100,0.03580257434971725,0.033906134680221967,0.4863973978512958
000000000000000003ef,stable_crop,500,100,100,0.03580257434971725,0.033906134680221967,0.4863973978512958
000000000000000003ef,stable_crop,1000,94,95,0.03580257434971725,0.033906134680221967,0.4863973978512958
000000000000000003ef,stable_crop,2000,68,75,0.04012310082882986,0.03509144683562797,0.46655132450851206
000000000000000003f0,stable_crop,0,100,100,0.06976415523317443,0.02048834712365808,0.22701140232573294
000000000000000003f0,stable_crop,500,100,99,0.06976415523317443,0.02048834712365808,0.22701140232573294
000000000000000003f0,stable_crop,1000,99,92,0.06976415523317443,0.02048834712365808,0.22701140232573294
000000000000000003f0,stable_crop,2000,86,67,0.08413831968140795,0.02580354033529144,0.23470168988533904
000000000000000003f3,stable_crop,0,100,100,0.14431698630984172,0.08177283331783225,0.36168295172305653
000000000000000003f3,stable_crop,500,92,98,0.14431698630984172,0.0905189020244104,0.3854559993623524
000000000000000003f3,stable_crop,1000,81,93,0.14431698630984172,0.09374754549652961,0.3937904768291353
000000000000000003f3,stable_crop,2000,52,88,0.15740853065739663,0.09374754549652961,0.3732640951067464
000000000000000003f4,stable_crop,0,100,100,0.030343225233211667,0.01722796296615341,0.36215120155483516
000000000000000003f4,stable_crop,500,99,97,0.030343225233211667,0.018837860091247903,0.3830305892313464
000000000000000003f4,stable_crop,1000,88,96,0.07516453784840231,0.018837860091247903,0.20039765478260949
000000000000000003f4,stable_crop,2000,64,67,0.07516453784840231,0.020157037523888553,0.21146353745152813
000000000000000003f5,stable_nature,0,98,100,0.07743344282020082,0.11677779007510643,0.6012926664105784
000000000000000003f5,stable_nature,500,95,90,0.07743344282020082,0.11677779007510643,0.6012926664105784
000000000000000003f5,stable_nature,1000,85,72,0.07743344282020082,0.11789268969891324,0.6035684430846601
000000000000000003f5,stable_nature,2000,63,50,0.09278806280120114,0.12203230942437546,0.5680667441338609
000000000000000003f6,stable_nature,0,100,100,0.014438891460086723,0.2887716375572554,0.9523799799834352
000000000000000003f6,stable_nature,500,98,100,0.015483427605597977,0.2887716375572554,0.9491103702800823
000000000000000003f6,stable_nature,1000,89,100,0.01922743746593312,0.2887716375572554,0.9375730674989101
000000000000000003f6,stable_nature,2000,47,85,0.03101491359820028,0.3177761749907313,0.9110788245061385
000000000000000003f7,stable_nature,0,100,100,0.028768302950166236,0.21554049509425655,0.8822461443004703
000000000000000003f7,stable_nature,500,99,100,0.028768302950166236,0.21554049509425655,0.8822461443004703
000000000000000003f7,stable_nature,1000,88,98,0.028768302950166236,0.21554049509425655,0.8822461443004703
000000000000000003f7,stable_nature,2000,64,66,0.04265438768253531,0.21696502272499787,0.8357041655074442
000000000000000003f9,stable_nature,0,100,100,0.07415566059925696,0.11157980652691606,0.6007458255160142
000000000000000003f9,stable_nature,500,97,95,0.07922667683584583,0.11157980652691606,0.5847799538037467
000000000000000003f9,stable_nature,1000,94,79,0.07922667683584586,0.14537879484820548,0.647262926221406
000000000000000003f9,stable_nature,2000,74,23,0.08846846722706744,0.18273086780236958,0.6737880377983282
000000000000000003fc,stable_nature,0,100,100,0.06421585098876899,0.05340852504652573,0.4540600073410443
000000000000000003fc,stable_nature,500,99,98,0.0676744302489006,0.05340852504652573,0.4410903658221335
000000000000000003fc,stable_nature,1000,95,81,0.0676744302489006,0.05340852504652573,0.4410903658221335
000000000000000003fc,stable_nature,2000,73,23,0.07479260854523703,0.0569748078326624,0.43238920059592256
000000000000000003fd,stable_built,0,100,100,0.2105922533383117,0.12812928248910777,0.3782732095133511
000000000000000003fd,stable_built,500,98,94,0.24946523553198743,0.1548603930607715,0.3830090949202865
000000000000000003fd,stable_built,1000,91,87,0.24946523553198743,0.1707079141230439,0.4062799211772372
000000000000000003fd,stable_built,2000,72,18,0.2784389842361746,0.23257149388314263,0.45512079270590566
000000000000000003fe,stable_crop,0,100,100,0.031980772329270615,0.043370023742460774,0.5755748579032717
000000000000000003fe,stable_crop,500,100,99,0.031980772329270615,0.045654306006246294,0.5880628574669969
000000000000000003fe,stable_crop,1000,91,94,0.031980772329270615,0.045654306006246294,0.5880628574669969
000000000000000003fe,stable_crop,2000,36,87,0.03229827681474033,0.052334293247052834,0.6183706013916791
00000000000000000400,stable_nature,0,100,100,0.03354151402896042,0.006596886163014149,0.16435349020633871
00000000000000000400,stable_nature,500,98,80,0.045173874018270554,0.0660359171097454,0.5937958918845218
00000000000000000400,stable_nature,1000,87,78,0.045173874018270554,0.0660359171097454,0.5937958918845218
00000000000000000400,stable_nature,2000,64,59,0.04834240546456725,0.1678211002387093,0.7763618548465702
00000000000000000401,stable_nature,0,100,100,0.018445349926701216,0.08610955281154178,0.8235821616734377
00000000000000000401,stable_nature,500,99,100,0.018445349926701216,0.08610955281154178,0.8235821616734377
00000000000000000401,stable_nature,1000,92,100,0.020915264902403474,0.08610955281154178,0.8045755615383514
00000000000000000401,stable_nature,2000,70,100,0.021815862937794184,0.08610955281154178,0.7978616733869169
00000000000000000403,stable_nature,0,100,100,0.14692272515889188,0.09645023753745222,0.3963062965930059
00000000000000000403,stable_nature,500,100,96,0.14692272515889188,0.10300089530047414,0.412129494246057
00000000000000000403,stable_nature,1000,97,89,0.14692272515889188,0.1280358206063169,0.46565499628145024
00000000000000000403,stable_nature,2000,82,53,0.15445228561267235,0.14385783735613294,0.4822425599371769
00000000000000000404,stable_nature,0,100,100,0.04919169576914591,0.061596322117024725,0.5559836098860077
00000000000000000404,stable_nature,500,98,97,0.04919169576914591,0.07162138127521081,0.5928280532770643
00000000000000000404,stable_nature,1000,92,94,0.0515808480887938,0.07189335693088716,0.5822540579941016
00000000000000000404,stable_nature,2000,73,68,0.055535839489519546,0.07189335693088716,0.5641827693328361
00000000000000000405,stable_crop,0,100,100,0.026875139227828092,0.027059792232827284,0.5017118127250284
00000000000000000405,stable_crop,500,100,94,0.026875139227828092,0.1419186258116967,0.8407812088178981
00000000000000000405,stable_crop,1000,100,83,0.026875139227828092,0.23768399319135086,0.8984153788872261
00000000000000000405,stable_crop,2000,85,62,0.040182273943071965,0.2481566929562607,0.8606422351580342
00000000000000000406,stable_crop,0,100,100,0.04350141178870055,0.03784676992784808,0.46524420249805876
00000000000000000406,stable_crop,500,96,99,0.04350141178870055,0.03784676992784812,0.46524420249805903
00000000000000000406,stable_crop,1000,87,98,0.04350141178870055,0.03784676992784812,0.46524420249805903
00000000000000000406,stable_crop,2000,60,74,0.04619934471626912,0.038492256282595935,0.45449909823593093
00000000000000000409,stable_nature,0,97,99,0.033380201400998046,0.040794079327761065,0.5499760688800891
00000000000000000409,stable_nature,500,93,94,0.033380201400998046,0.04115376530847994,0.5521477941505365
00000000000000000409,stable_nature,1000,89,77,0.035886225890044,0.04115376530847994,0.5341870458149045
00000000000000000409,stable_nature,2000,64,31,0.05368688648711328,0.049922141755712746,0.48183196582280036
0000000000000000040a,stable_crop,0,100,100,0.03126517260589512,0.025038967003515246,0.4447091666220162
0000000000000000040a,stable_crop,500,99,96,0.03126517260589527,0.05308087339840526,0.6293226050580902
0000000000000000040a,stable_crop,1000,97,90,0.03126517260589512,0.059047831607455456,0.65381317033049
0000000000000000040a,stable_crop,2000,76,61,0.035814764016987,0.059047831607455456,0.6224564193942278
0000000000000000040b,stable_nature,0,100,100,0.09336119015932984,0.35939081395557987,0.7937917683155561
0000000000000000040b,stable_nature,500,100,100,0.09336119015932984,0.35939081395557987,0.7937917683155561
0000000000000000040b,stable_nature,1000,93,100,0.10695114785029354,0.35939081395557987,0.7706593945848148
0000000000000000040b,stable_nature,2000,76,99,0.10695114785029354,0.35939081395557987,0.7706593945848148
0000000000000000040c,stable_crop,0,100,100,0.037888455665400535,0.03298101167114102,0.4653768810488864
0000000000000000040c,stable_crop,500,100,98,0.037888455665400535,0.03298101167114102,0.4653768810488864
0000000000000000040c,stable_crop,1000,100,91,0.037888455665400535,0.03298101167114102,0.4653768810488864
0000000000000000040c,stable_crop,2000,79,63,0.037888455665400535,0.04026466474413504,0.5152022661747372
0000000000000000040d,stable_built,0,100,100,0.04981656648969144,0.02251041879131459,0.31123126041470545
0000000000000000040d,stable_built,500,96,62,0.04981656648969144,0.07273266766609102,0.5934975291076974
0000000000000000040d,stable_built,1000,85,58,0.04981656648969146,0.07273266766609102,0.5934975291076973
0000000000000000040d,stable_built,2000,48,42,0.0704902318537732,0.07799780408191748,0.5252800576820384
0000000000000000040e,stable_nature,0,100,100,0.04330559610684759,0.04319279190012919,0.4993479404049241
0000000000000000040e,stable_nature,500,99,100,0.04330559610684759,0.04319279190012919,0.4993479404049241
0000000000000000040e,stable_nature,1000,94,94,0.04330559610684759,0.04319279190012926,0.4993479404049245
0000000000000000040e,stable_nature,2000,74,69,0.0497863971057589,0.04845586212472974,0.4932282960894964
00000000000000000410,stable_built,0,100,100,0.13974355873183267,0.04291574108741745,0.23494966382576538
00000000000000000410,stable_built,500,99,74,0.13974355873183267,0.10628241710831106,0.43199673020273455
00000000000000000410,stable_built,1000,95,28,0.13974355873183267,0.13127186768789265,0.48437046341452805
00000000000000000411,stable_nature,0,100,100,0.04642891561786675,0.1998109649232261,0.8114484318435572
00000000000000000411,stable_nature,500,98,100,0.04642891561786675,0.1998109649232261,0.8114484318435572
00000000000000000411,stable_nature,1000,92,100,0.06228313173371323,0.1998109649232261,0.7623634697274416
00000000000000000411,stable_nature,2000,67,70,0.08201470559083553,0.33650959079581566,0.804038364559197
00000000000000000412,stable_nature,0,100,100,0.03822188326049403,0.04640777379995027,0.5483630137630888
00000000000000000412,stable_nature,500,96,99,0.039070866318598664,0.04640777379995027,0.5429166132620402
00000000000000000412,stable_nature,1000,91,94,0.04437904641290171,0.04640777379995027,0.5111730280963129
00000000000000000412,stable_nature,2000,69,68,0.04808596285094498,0.04737366206503437,0.49626909917396966
00000000000000000413,stable_crop,0,100,100,0.21363919842642157,0.01949685987240115,0.08362867595250913
00000000000000000413,stable_crop,500,100,97,0.21363919842642157,0.023855291842001237,0.1004456642970491
00000000000000000413,stable_crop,1000,96,85,0.30803574600170286,0.028907288831792298,0.08579280722034045
00000000000000000413,stable_crop,2000,80,50,0.3614181279479434,0.03592831759269555,0.09042063417409009
00000000000000000414,stable_crop,0,100,100,0.016059715917738516,0.008310383978455205,0.3410073825512782
00000000000000000414,stable_crop,500,98,100,0.016059715917738516,0.008310383978455205,0.3410073825512782
00000000000000000414,stable_crop,1000,95,93,0.01706394529384516,0.008310383978455205,0.32751147385793733
00000000000000000414,stable_crop,2000,72,57,0.01737870821272276,0.008310383978455205,0.32349854624234725
00000000000000000415,stable_built,0,100,100,0.2316892171893657,0.013865067275700138,0.056464367159580996
00000000000000000415,stable_built,500,98,67,0.25639847205475486,0.0925329546768164,0.26518951171381794
00000000000000000415,stable_built,1000,88,51,0.25639847205475486,0.13208795052174288,0.34000660729756427
00000000000000000416,stable_crop,0,100,100,0.091571706791207,0.014186419062659984,0.13414022750486482
00000000000000000416,stable_crop,500,94,97,0.091571706791207,0.024626157904833624,0.21193296425059704
00000000000000000416,stable_crop,1000,82,89,0.09157170679120707,0.024626157904833624,0.2119329642505969
00000000000000000416,stable_crop,2000,59,56,0.10261404930996629,0.025965188823753028,0.2019392026304271
00000000000000000417,stable_nature,0,100,100,0.025076274516736906,0.05555025813396175,0.6889823524215685
00000000000000000417,stable_nature,500,97,100,0.02568513937313748,0.05555025813396175,0.6838183826012958
00000000000000000417,stable_nature,1000,88,98,0.02988601575043188,0.05555025813396175,0.6501952345028326
00000000000000000417,stable_nature,2000,60,94,0.03102043666263843,0.0555666178927009,0.6417427891203475
00000000000000000418,stable_crop,0,100,100,0.04910165790471273,0.021085831381856313,0.3004215081047334
00000000000000000418,stable_crop,500,96,98,0.05348645804657122,0.021085831381856313,0.28275692677789066
00000000000000000418,stable_crop,1000,95,96,0.05348645804657122,0.021085831381856313,0.28275692677789066
00000000000000000418,stable_crop,2000,75,67,0.058082883771597316,0.024302100751942547,0.29498216079295037
00000000000000000419,stable_crop,0,100,100,0.013836294068129007,0.01857622377442534,0.5731188136659819
00000000000000000419,stable_crop,500,100,100,0.013836294068129007,0.01857622377442534,0.5731188136659819
00000000000000000419,stable_crop,1000,94,96,0.014053271671943323,0.01857622377442534,0.5693077235714162
00000000000000000419,stable_crop,2000,72,73,0.01488073931803191,0.020069871949816888,0.5742352199632345
0000000000000000041a,stable_nature,0,100,100,0.008907502589583482,0.2309963722670072,0.9628705347261646
0000000000000000041a,stable_nature,500,99,100,0.008907502589583482,0.2309963722670072,0.9628705347261646
0000000000000000041a,stable_nature,1000,94,100,0.008907502589583482,0.2309963722670072,0.9628705347261646
0000000000000000041b,stable_crop,0,100,100,0.030235098795366188,0.049222593533032356,0.6194817907494211
0000000000000000041b,stable_crop,500,94,99,0.030235098795366188,0.049222593533032356,0.6194817907494211
0000000000000000041b,stable_crop,1000,75,97,0.030235098795366188,0.049222593533032356,0.6194817907494211
0000000000000000041b,stable_crop,2000,43,76,0.042614624617745143,0.06648043762522035,0.6093808120898493
0000000000000000041c,stable_nature,0,100,100,0.0616355511533331,0.11091373832220248,0.6427945235745829
0000000000000000041c,stable_nature,500,95,98,0.0616355511533331,0.11091373832220248,0.6427945235745829
0000000000000000041c,stable_nature,1000,91,97,0.0616355511533331,0.11091373832220248,0.6427945235745829
0000000000000000041c,stable_nature,2000,52,92,0.08010087478112708,0.11091373832220248,0.5806557755956762
0000000000000000041d,stable_crop,0,100,100,0.04517699873903158,0.03817803281246832,0.45801713587526466
0000000000000000041d,stable_crop,500,100,99,0.04517699873903158,0.03852461316476059,0.46026130546423727
0000000000000000041d,stable_crop,1000,98,91,0.04517699873903158,0.039292312886350156,0.46516672303599366
0000000000000000041d,stable_crop,2000,84,62,0.04517699873903158,0.042641124040113755,0.4855617803043545
0000000000000000041f,stable_nature,0,100,100,0.2665218172700631,0.1348557407918082,0.335982264286646
0000000000000000041f,stable_nature,500,98,98,0.3224913142570788,0.16772011170761408,0.3421383158852602
0000000000000000041f,stable_nature,1000,94,96,0.3317342844066726,0.16772011170761408,0.3358066582497355
0000000000000000041f,stable_nature,2000,68,91,0.35984086317089714,0.16772011170761408,0.317916069788747
00000000000000000420,stable_crop,0,100,100,0.019078341289145918,0.012619948890384513,0.3981271172202177
00000000000000000420,stable_crop,500,98,93,0.02132383369416744,0.019242113639714287,0.4743415328345712
00000000000000000420,stable_crop,1000,93,86,0.021323833694167415,0.019745419358440562,0.4807835032370015
00000000000000000420,stable_crop,2000,60,59,0.02454236903736695,0.0289626806505473,0.5413074246064685
00000000000000000421,stable_crop,0,100,100,0.09080152030005997,0.014287328887559436,0.13595475635969453
00000000000000000421,stable_crop,500,100,92,0.09080152030005997,0.016601963923756725,0.1545756550039432
00000000000000000421,stable_crop,1000,98,90,0.09080152030005997,0.01755808708139257,0.16203535159943627
00000000000000000421,stable_crop,2000,77,67,0.11912492828980825,0.019253294338542726,0.139135291469331
00000000000000000422,stable_crop,0,100,100,0.05330535996088499,0.0531694571412185,0.4993618076820226
00000000000000000422,stable_crop,500,99,97,0.05330535996088499,0.0531694571412185,0.4993618076820226
00000000000000000422,stable_crop,1000,96,90,0.05330535996088499,0.0531694571412185,0.4993618076820226
00000000000000000422,stable_crop,2000,89,70,0.053607579847941955,0.05395499868334199,0.5016149614444941
00000000000000000423,stable_crop,0,100,100,0.028951208352384693,0.03324720749196834,0.5345346346863962
00000000000000000423,stable_crop,500,100,96,0.028951208352384693,0.03324720749196834,0.5345346346863962
00000000000000000423,stable_crop,1000,97,91,0.028951208352384693,0.034502238141609486,0.5437409636107213
00000000000000000423,stable_crop,2000,85,64,0.028951208352384693,0.07865892104654795,0.7309620524124858
00000000000000000424,stable_nature,0,100,100,0.09579978905495964,0.11230987320337738,0.539666789057693
00000000000000000424,stable_nature,500,99,100,0.09635876652264681,0.11230987320337738,0.5382211402264314
00000000000000000424,stable_nature,1000,96,91,0.09700131711546327,0.1131649902915705,0.5384544824868759
00000000000000000424,stable_nature,2000,69,75,0.09700131711546327,0.1131649902915705,0.5384544824868759
00000000000000000427,stable_crop,0,100,100,0.11442845047725089,0.015390050028032575,0.11855051451073931
00000000000000000427,stable_crop,500,98,99,0.11442845047725089,0.015390050028032554,0.11855051451073914
00000000000000000427,stable_crop,1000,92,92,0.12127936864281201,0.015390050028032575,0.1126078546143922
00000000000000000427,stable_crop,2000,64,66,0.12127936864281201,0.016205402919659308,0.11787053020761581
00000000000000000428,stable_crop,0,100,100,0.04092482003652369,0.025700076996790132,0.38574284000099573
00000000000000000428,stable_crop,500,99,98,0.04092482003652369,0.025700076996790132,0.38574284000099573
00000000000000000428,stable_crop,1000,95,94,0.04092482003652369,0.025700076996790132,0.38574284000099573
00000000000000000428,stable_crop,2000,76,69,0.04477482581690784,0.029825111316508068,0.3998007567053104
00000000000000000429,stable_nature,0,100,100,0.1314622795404332,0.17959674810069887,0.5773719202495604
00000000000000000429,stable_nature,500,100,98,0.1314622795404332,0.17959674810069887,0.5773719202495604
00000000000000000429,stable_nature,1000,95,92,0.1314622795404332,0.17959674810069887,0.5773719202495604
00000000000000000429,stable_nature,2000,72,52,0.22597070250984624,0.21407706065953863,0.48648596488070045
0000000000000000042a,stable_crop,0,100,100,0.057720332031708656,0.0303648426549169,0.3447213763564533
0000000000000000042a,stable_crop,500,100,97,0.057720332031708656,0.035150750110525174,0.37848972252000507
0000000000000000042a,stable_crop,1000,100,90,0.057720332031708656,0.04166318885212126,0.41921626926864897
0000000000000000042a,stable_crop,2000,93,64,0.06598771449448455,0.04895399345527183,0.42590278435957135
0000000000000000042c,stable_nature,0,100,100,0.1491732451335582,0.13174598144347613,0.4689817177995094
0000000000000000042c,stable_nature,500,98,95,0.1491732451335582,0.13174598144347613,0.4689817177995094
0000000000000000042c,stable_nature,1000,90,88,0.15715371050212784,0.13174598144347613,0.45602672870909866
0000000000000000042c,stable_nature,2000,51,71,0.18979826762584415,0.15940388646367468,0.4564802496102433
0000000000000000042d,stable_nature,0,100,100,0.11852483142832018,0.16613906919789112,0.5836323778035442
0000000000000000042d,stable_nature,500,98,100,0.1385809030717235,0.16613906919789112,0.5452188380036571
0000000000000000042d,stable_nature,1000,95,82,0.1385809030717235,0.22200423554957335,0.615677718715182
0000000000000000042e,stable_built,0,100,100,0.15363169712989425,0.042272165150372285,0.21578015184652435
0000000000000000042e,stable_built,500,95,95,0.15363169712989425,0.042272165150372285,0.21578015184652435
0000000000000000042e,stable_built,1000,91,93,0.15363169712989425,0.042272165150372285,0.21578015184652435
0000000000000000042e,stable_built,2000,57,76,0.17447834588736963,0.042272165150372285,0.19502683037649943
0000000000000000042f,stable_crop,0,99,100,0.0985696827750803,0.026481785582048813,0.21176709022087492
0000000000000000042f,stable_crop,500,99,97,0.0985696827750803,0.03071818186339974,0.23759524491380196
0000000000000000042f,stable_crop,1000,96,91,0.10840496245592365,0.03071818186339974,0.22079850202833837
0000000000000000042f,stable_crop,2000,65,69,0.16078957353771103,0.0317326553936379,0.16482592981399852
00000000000000000430,stable_crop,0,100,100,0.0554443177275459,0.06380241459876379,0.5350453916308435
00000000000000000430,stable_crop,500,97,99,0.0554443177275459,0.07531186003348615,0.5759717156198078
00000000000000000430,stable_crop,1000,88,99,0.05965071313766892,0.07531186003348615,0.5580203330698217
00000000000000000430,stable_crop,2000,54,67,0.06273659101508082,0.08100335968767718,0.5635410287194386
00000000000000000431,stable_crop,0,100,100,0.01852616062266277,0.02625855932206409,0.5863285369180824
00000000000000000431,stable_crop,500,98,97,0.018526160622662723,0.026528722133562943,0.5888090371139275
00000000000000000431,stable_crop,1000,90,94,0.018526160622662723,0.026528722133562943,0.5888090371139275
00000000000000000431,stable_crop,2000,64,67,0.023538524212836642,0.027573896419819287,0.5394754558281033
00000000000000000432,stable_nature,0,100,100,0.059593427254343266,0.05274453666059169,0.4695165803437707
00000000000000000432,stable_nature,500,100,98,0.059593427254343266,0.05602274257324855,0.48455802208554183
00000000000000000432,stable_nature,1000,92,90,0.062156809956345496,0.05662623509755434,0.47671984727603584
00000000000000000432,stable_nature,2000,57,70,0.06440481784550045,0.06439090586041027,0.49994599204969786
00000000000000000434,stable_nature,0,100,100,0.012934621679308523,0.027553675722295456,0.6805343146023067
00000000000000000434,stable_nature,500,95,100,0.015191629142740193,0.027553675722295456,0.6446012213189036
00000000000000000434,stable_nature,1000,83,100,0.02101978368320414,0.027553675722295456,0.5672578411948257
00000000000000000434,stable_nature,2000,40,94,0.023590806095364014,0.027553675722295456,0.538741908071162
00000000000000000435,stable_crop,0,100,100,0.09731293756010102,0.11459916069569812,0.5407863054464433
00000000000000000435,stable_crop,500,98,99,0.10351257831813163,0.11459916069569812,0.5254149144531205
00000000000000000435,stable_crop,1000,92,94,0.10351257831813163,0.11459916069569812,0.5254149144531205
00000000000000000435,stable_crop,2000,65,64,0.10351257831813163,0.11459916069569812,0.5254149144531205
00000000000000000436,stable_crop,0,100,100,0.1930408964558785,0.23031278667795535,0.5440198015346027
00000000000000000436,stable_crop,500,100,99,0.1930408964558785,0.2791718329181476,0.5911992954692935
00000000000000000436,stable_crop,1000,83,97,0.21947661937648802,0.2791718329181476,0.5598570127570234
00000000000000000436,stable_crop,2000,46,74,0.23884330010316662,0.30804482562905483,0.5632684476666125
00000000000000000437,stable_built,0,100,100,0.10587365120044667,0.06446716352298913,0.37845987544018217
00000000000000000437,stable_built,500,99,78,0.10587365120044667,0.06475517827860018,0.3795090107335735
00000000000000000437,stable_built,1000,94,22,0.11611495387985186,0.08619132834698742,0.42604375602097183
00000000000000000438,stable_nature,0,100,100,0.028455221812739517,0.02559179473241615,0.4735098506420051
00000000000000000438,stable_nature,500,98,99,0.03655141335802452,0.027036743936219264,0.4251852087910957
00000000000000000438,stable_nature,1000,94,98,0.0429999872000395,0.027036743936219264,0.3860366338804755
00000000000000000438,stable_nature,2000,73,79,0.05995300489872422,0.027036743936219264,0.3108037935275414
0000000000000000043a,stable_nature,0,100,100,0.032856306435132335,0.018355935376384712,0.35842866327906475
0000000000000000043a,stable_nature,500,98,95,0.032856306435132335,0.02293547929086783,0.4110906111357593
0000000000000000043a,stable_nature,1000,94,85,0.032856306435132335,0.02293547929086783,0.4110906111357593
0000000000000000043a,stable_nature,2000,66,27,0.034784362443054696,0.02331090217555678,0.401253050970485
0000000000000000043b,stable_crop,0,100,100,0.024784855032568574,0.021207949155736715,0.4611145054005688
0000000000000000043b,stable_crop,500,100,96,0.024784855032568574,0.027395132009019663,0.525012242464919
0000000000000000043b,stable_crop,1000,98,83,0.024784855032568574,0.027395132009019663,0.525012242464919
0000000000000000043b,stable_crop,2000,75,52,0.03105578862036955,0.027395132009019663,0.468686065395806
0000000000000000043c,stable_nature,0,100,100,0.08240346808173522,0.12258104971049402,0.598001502894688
0000000000000000043c,stable_nature,500,98,97,0.08240346808173522,0.12798565969945128,0.6083282964695466
0000000000000000043c,stable_nature,1000,91,95,0.08240346808173522,0.12798565969945128,0.6083282964695466
0000000000000000043c,stable_nature,2000,65,76,0.08240346808173522,0.13698083097753685,0.6243875772527536
0000000000000000043d,stable_crop,0,100,100,0.07682165210603649,0.0586399988515562,0.43289003519882546
0000000000000000043d,stable_crop,500,98,94,0.07682165210603649,0.058928045698491104,0.4340933840081934
0000000000000000043d,stable_crop,1000,91,85,0.07682165210603649,0.05964312622409,0.4370587557718979
0000000000000000043d,stable_crop,2000,68,62,0.09395965523795802,0.07392910611540368,0.44034577132510977
0000000000000000043e,stable_nature,0,100,100,0.09554831800354532,0.1435253329064905,0.6003394031904385
0000000000000000043e,stable_nature,500,97,100,0.09554831800354535,0.1435253329064905,0.6003394031904385
0000000000000000043e,stable_nature,1000,91,90,0.09630749068831863,0.15265384545820182,0.6131628622355552
0000000000000000043e,stable_nature,2000,63,70,0.10567916997231468,0.15850934878089995,0.5999857583832691
0000000000000000043f,stable_crop,0,100,100,0.01659420565164249,0.01935189687068888,0.5383586957203006
0000000000000000043f,stable_crop,500,99,97,0.01659420565164249,0.01935189687068888,0.5383586957203006
0000000000000000043f,stable_crop,1000,96,89,0.01659420565164249,0.01935189687068888,0.5383586957203006
0000000000000000043f,stable_crop,2000,87,64,0.017185486272817196,0.019574161187050153,0.5324904491504691
00000000000000000440,stable_crop,0,100,100,0.22143814858199215,0.2986603325784374,0.5742380402871017
00000000000000000440,stable_crop,500,99,96,0.22143814858199215,0.2986603325784374,0.5742380402871017
00000000000000000440,stable_crop,1000,94,92,0.22143814858199215,0.2986603325784374,0.5742380402871017
00000000000000000440,stable_crop,2000,79,59,0.23573677539024898,0.3433500410859837,0.5929163491835129
00000000000000000441,stable_nature,0,100,100,0.012974051532776022,0.07667202932062718,0.8552747492124328
00000000000000000441,stable_nature,500,97,100,0.015523952195980285,0.07667202932062718,0.8316200777794687
00000000000000000441,stable_nature,1000,89,100,0.024361551291926697,0.07667202932062718,0.7588766908488785
00000000000000000441,stable_nature,2000,60,74,0.0473767015906581,0.08559193709703197,0.6437001832997796
00000000000000000443,stable_nature,0,93,97,0.04604041556701628,0.032692311847559406,0.4152315424689821
00000000000000000443,stable_nature,500,90,93,0.04827780163044324,0.034023189376965,0.413399510262143
00000000000000000443,stable_nature,1000,89,83,0.04827780163044324,0.036396882267730454,0.4298437335894871
00000000000000000443,stable_nature,2000,69,54,0.05912720369446598,0.0405201822348525,0.40663567695782293
00000000000000000444,stable_nature,0,100,100,0.11529599117944014,0.06814362239070673,0.37147713661246506
00000000000000000444,stable_nature,500,97,99,0.11529599117944014,0.07532629069832034,0.3951599464444001
00000000000000000444,stable_nature,1000,90,99,0.11529599117944014,0.07532629069832034,0.3951599464444001
00000000000000000444,stable_nature,2000,68,72,0.13400150484418039,0.09694773664915599,0.41977941136270613
00000000000000000445,stable_built,0,100,100,0.16624123694122497,0.028266328448329638,0.1453225142763638
00000000000000000445,stable_built,500,97,44,0.20324633076749046,0.1311081820839795,0.39212326152101157
00000000000000000445,stable_built,1000,93,8,0.20324633076749046,0.15240773824847292,0.42852803194331973
00000000000000000446,stable_built,0,100,100,0.07024786362080562,0.07132841877947396,0.5038161588203229
00000000000000000446,stable_built,500,97,98,0.07300813445174778,0.07132841877947396,0.4941812533427643
00000000000000000446,stable_built,1000,89,96,0.07300813445174778,0.07882100656286366,0.5191428077351705
00000000000000000446,stable_built,2000,73,43,0.08721943131267285,0.09942265554890847,0.5326915125103067
00000000000000000447,stable_nature,0,100,100,0.014257224856563088,0.03024732727571333,0.6796456952343344
00000000000000000447,stable_nature,500,99,98,0.014597205904664312,0.03024732727571333,0.6744930793096979
00000000000000000447,stable_nature,1000,98,92,0.014597205904664312,0.03104903043363707,0.6802100879213973
00000000000000000447,stable_nature,2000,84,61,0.014597205904664312,0.03662764174021234,0.7150366164761192
00000000000000000448,stable_built,0,100,100,0.12764293410466068,0.1001292124950279,0.43960253257201903
00000000000000000448,stable_built,500,99,95,0.12764293410466068,0.11182433112787485,0.46697126230936187
00000000000000000448,stable_built,1000,92,70,0.13866658418727854,0.11702700654575945,0.45768455208361547
00000000000000000449,stable_nature,0,100,100,0.09223231367819437,0.02937363029998994,0.24154765251456722
00000000000000000449,stable_nature,500,99,89,0.09223231367819437,0.03403626631008836,0.26955451873282527
00000000000000000449,stable_nature,1000,97,56,0.09223231367819437,0.05795658042575742,0.38589125228698623
0000000000000000044a,stable_crop,0,100,100,0.051340211408315614,0.04288378179373999,0.4551259221345472
0000000000000000044a,stable_crop,500,99,95,0.051340211408315614,0.04288378179373999,0.4551259221345472
0000000000000000044a,stable_crop,1000,93,78,0.051340211408315614,0.04501014158921619,0.4671507699603556
0000000000000000044a,stable_crop,2000,66,40,0.05332120013001185,0.05239632209601182,0.49562571078324225
0000000000000000044d,stable_crop,0,100,100,0.039240247878592,0.07360621208572544,0.6522686853300298
0000000000000000044d,stable_crop,500,100,100,0.039240247878592,0.07360621208572544,0.6522686853300298
0000000000000000044d,stable_crop,1000,99,88,0.039240247878592,0.07360621208572544,0.6522686853300298
0000000000000000044d,stable_crop,2000,93,49,0.039240247878592,0.08991348461434456,0.6961741087782019
0000000000000000044f,stable_built,0,100,100,0.10208381454830687,0.08465443236148318,0.4533320504070326
0000000000000000044f,stable_built,500,98,96,0.10208381454830687,0.08465443236148318,0.4533320504070326
0000000000000000044f,stable_built,1000,96,76,0.10208381454830687,0.08585887534111625,0.4568354075977887
0000000000000000044f,stable_built,2000,74,35,0.10208381454830687,0.10647714516063864,0.5105324856038296
00000000000000000450,stable_nature,0,100,100,0.06266074878639087,0.052112990064112165,0.45404977293226606
00000000000000000450,stable_nature,500,99,100,0.06266074878639087,0.052112990064112165,0.45404977293226606
00000000000000000450,stable_nature,1000,93,92,0.07645703509422327,0.052112990064112165,0.40532768037907047
00000000000000000450,stable_nature,2000,70,70,0.0953607958012751,0.05364300283848951,0.36001097507465696
00000000000000000451,stable_nature,0,100,100,0.08186888984105248,0.07282885298097515,0.47078161356426823
00000000000000000451,stable_nature,500,95,99,0.09117519289275162,0.07282885298097515,0.4440674167063226
00000000000000000451,stable_nature,1000,90,89,0.09160273345008538,0.07441254636750712,0.4482270936074009
00000000000000000451,stable_nature,2000,53,69,0.1028705585907352,0.07635684618449015,0.42603331940126904
00000000000000000452,stable_crop,0,100,100,0.1330915730720933,0.07704759101336334,0.3666503164620184
00000000000000000452,stable_crop,500,97,100,0.1361642861290267,0.07704759101336334,0.361366318075925
00000000000000000452,stable_crop,1000,94,96,0.13885873212219443,0.07704759101336334,0.3568565750834069
00000000000000000452,stable_crop,2000,60,70,0.16233598447243397,0.07944471795887345,0.3285817154126103
00000000000000000453,stable_nature,0,100,100,0.11953801742463195,0.1196613432104495,0.5002577887007924
00000000000000000453,stable_nature,500,100,98,0.11953801742463195,0.1268967444451343,0.5149303754138415
00000000000000000453,stable_nature,1000,96,93,0.1308139400959965,0.1268967444451343,0.4924000131022473
00000000000000000453,stable_nature,2000,74,70,0.15140085264598474,0.1278895371693004,0.45790883550782063
00000000000000000454,stable_nature,0,100,100,0.012426201437149764,0.10368991305910638,0.8929846947432658
00000000000000000454,stable_nature,500,93,100,0.022209823342385214,0.10368991305910638,0.8235911847155727
00000000000000000454,stable_nature,1000,84,100,0.03999909495663776,0.10368991305910638,0.7216273150624253
00000000000000000454,stable_nature,2000,54,91,0.047448240090181046,0.10693346083647015,0.6926563199778645
00000000000000000455,stable_crop,0,100,100,0.11662563589970268,0.005188851499167102,0.04259634145267231
00000000000000000455,stable_crop,500,100,92,0.11662563589970268,0.01579731957871089,0.1192944193211783
00000000000000000455,stable_crop,1000,97,71,0.11662563589970268,0.02472691923956911,0.17493082608256533
00000000000000000455,stable_crop,2000,72,28,0.11662563589970268,0.04887113475524614,0.29529962766974055
00000000000000000456,stable_nature,0,100,100,0.030239982189802107,0.019669774507749538,0.39410680013033095
00000000000000000456,stable_nature,500,99,100,0.030239982189802107,0.019669774507749538,0.39410680013033095
00000000000000000456,stable_nature,1000,92,96,0.03311890221562055,0.019669774507749538,0.3726135172975252
00000000000000000456,stable_nature,2000,64,78,0.04186897135686636,0.019669774507749538,0.31963235894834524
00000000000000000457,stable_nature,0,100,100,0.038257666882591135,0.03868093186073207,0.5027506673116539
00000000000000000457,stable_nature,500,99,100,0.038257666882591135,0.03868093186073207,0.5027506673116539
00000000000000000457,stable_nature,1000,94,96,0.040814314347189205,0.03868093186073207,0.4865816977165502
00000000000000000457,stable_nature,2000,67,78,0.04136181575707913,0.038712424527046506,0.4834566570872308
00000000000000000458,stable_crop,0,100,100,0.06040734186200527,0.04492547857891509,0.42650978479861956
00000000000000000458,stable_crop,500,97,98,0.06040734186200527,0.058022549560517646,0.48993162843509136
00000000000000000458,stable_crop,1000,92,92,0.062416766631165285,0.058022549560517646,0.4817575472422243
00000000000000000458,stable_crop,2000,52,79,0.062416766631165285,0.05920555331323525,0.4867984210448722
00000000000000000459,stable_built,0,100,100,0.06337219222280854,0.080450961865342,0.5593742007317783
00000000000000000459,stable_built,500,99,95,0.06337219222280854,0.08356805451284152,0.5687213433268167
00000000000000000459,stable_built,1000,96,88,0.06337219222280854,0.08356805451284152,0.5687213433268167
00000000000000000459,stable_built,2000,69,59,0.07184332025740184,0.09244562566084921,0.5627014352279475
0000000000000000045a,stable_nature,0,100,100,0.1114021702354729,0.12288622816686065,0.524508379434601
0000000000000000045a,stable_nature,500,94,99,0.12040720848524114,0.12288622816686065,0.505094711379646
0000000000000000045a,stable_nature,1000,89,92,0.12040720848524114,0.13654359415868672,0.5313997572810542
0000000000000000045a,stable_nature,2000,67,60,0.2089261515397729,0.21416645355995464,0.5061928546564105
0000000000000000045b,stable_nature,0,100,6,0.01380540863346189,0.08442793157045507,0.8594631048311755
0000000000000000045b,stable_nature,500,100,6,0.01380540863346189,0.08442793157045507,0.8594631048311755
0000000000000000045b,stable_nature,1000,95,6,0.014538621599929136,0.08442793157045507,0.8530956051813581
0000000000000000045b,stable_nature,2000,75,6,0.019150012549078978,0.08442793157045507,0.8151149579895692
0000000000000000045c,stable_built,0,100,100,0.0817642367590665,0.08234150675099036,0.5017588354270031
0000000000000000045c,stable_built,500,100,95,0.0817642367590665,0.08234150675099036,0.5017588354270031
0000000000000000045c,stable_built,1000,95,84,0.08425496088297982,0.08234150675099036,0.49425721877494416
0000000000000000045c,stable_built,2000,67,53,0.08584218994829829,0.08375012514006534,0.49383207662407763
0000000000000000045d,stable_crop,0,100,100,0.05082451663965497,0.02258854195259876,0.30769106185523415
0000000000000000045d,stable_crop,500,100,99,0.05082451663965497,0.02548445884649775,0.33396410689314365
0000000000000000045d,stable_crop,1000,97,91,0.05224661481733102,0.02548445884649775,0.32785419839156016
0000000000000000045d,stable_crop,2000,43,69,0.06162928676949557,0.031156288659832488,0.3357880631265524
0000000000000000045f,stable_crop,0,100,100,0.07046032412355181,0.024818369952352804,0.26048184426541937
0000000000000000045f,stable_crop,500,99,97,0.07046032412355181,0.03116243872450073,0.30664821395171565
0000000000000000045f,stable_crop,1000,96,88,0.07046032412355181,0.03431334109560169,0.32749967297127086
0000000000000000045f,stable_crop,2000,78,62,0.07046032412355181,0.03434493020945058,0.32770236976857287
00000000000000000460,stable_crop,0,100,100,0.041392379121951664,0.039925362590038226,0.49097972655161
00000000000000000460,stable_crop,500,96,98,0.041392379121951664,0.039925362590038226,0.49097972655161
00000000000000000460,stable_crop,1000,84,97,0.041392379121951664,0.04258050822474526,0.5070744804622118
00000000000000000460,stable_crop,2000,58,76,0.05195412582380177,0.04258050822474526,0.45042230980053477
00000000000000000461,stable_nature,0,100,100,0.045585248962425176,0.04522367455492164,0.4980091471493411
00000000000000000461,stable_nature,500,94,96,0.04731191172086078,0.047568792349154544,0.5013537032097775
00000000000000000461,stable_nature,1000,89,86,0.04897921036708086,0.04876866069282515,0.49892299610738056
00000000000000000461,stable_nature,2000,64,33,0.07614370221657848,0.08029354311728414,0.5132635961814039
00000000000000000462,stable_nature,0,100,100,0.017518100320050457,0.3425133960191511,0.9513428672237686
00000000000000000462,stable_nature,500,93,100,0.017749936934968003,0.3425133960191511,0.9507306591809629
00000000000000000462,stable_nature,1000,74,100,0.02486995612837737,0.3425133960191511,0.9323051630294811
00000000000000000462,stable_nature,2000,47,98,0.0679717229999981,0.3425133960191511,0.8344112372130557
00000000000000000464,stable_nature,0,100,100,0.08034055150279515,0.08985154098179504,0.5279419253241897
00000000000000000464,stable_nature,500,99,100,0.08034055150279515,0.08985154098179504,0.5279419253241897
00000000000000000464,stable_nature,1000,90,97,0.08533526419070099,0.0960866077049954,0.5296307810102862
00000000000000000464,stable_nature,2000,63,75,0.08890669059595321,0.1027846148989339,0.5361986274392566
00000000000000000466,stable_nature,0,100,100,0.09827525630625589,0.10937469086190968,0.5267263120120408
00000000000000000466,stable_nature,500,96,95,0.09827525630625589,0.11939103035445289,0.5485049255239388
00000000000000000466,stable_nature,1000,88,85,0.10141224824166958,0.11939103035445289,0.5407122172868352
00000000000000000466,stable_nature,2000,53,53,0.10141224824166958,0.13030609022558945,0.5623469039479535
00000000000000000467,stable_built,0,100,100,0.15376704022506918,0.014415557675273517,0.0857137293344095
00000000000000000467,stable_built,500,99,66,0.18972502808624173,0.019238964440960005,0.0920683233900382
00000000000000000468,stable_nature,0,100,100,0.05741492642950785,0.18119156832443378,0.7593739999010704
00000000000000000468,stable_nature,500,98,100,0.059082566311999415,0.18119156832443378,0.754103510133734
00000000000000000469,stable_nature,0,99,100,0.06363867804625531,0.08440454380186205,0.5701344698366902
00000000000000000469,stable_nature,500,96,98,0.06363867804625531,0.09727477198857042,0.604516104569961
00000000000000000469,stable_nature,1000,89,93,0.06363867804625531,0.10236084024169971,0.6166333571132442
00000000000000000469,stable_nature,2000,68,70,0.07335683579843744,0.11470351092564565,0.609929274954095
0000000000000000046a,stable_built,0,100,100,0.05672311535901906,0.04714912233693991,0.4539145721929535
0000000000000000046a,stable_built,500,98,100,0.05672311535901906,0.04714912233693991,0.4539145721929535
0000000000000000046a,stable_built,1000,93,100,0.05672311535901906,0.04714912233693991,0.4539145721929535
0000000000000000046a,stable_built,2000,76,99,0.05672311535901906,0.04714912233693991,0.4539145721929535
0000000000000000046b,stable_nature,0,99,100,0.05938035337551821,0.1137789544253659,0.6570767455108057
0000000000000000046b,stable_nature,500,96,97,0.06701114703659924,0.1137789544253659,0.6293428318511869
0000000000000000046b,stable_nature,1000,89,94,0.08103554036218859,0.1137789544253659,0.5840374174871228
0000000000000000046b,stable_nature,2000,69,38,0.09878143440402617,0.15208601941864489,0.6062405349939999
0000000000000000046d,stable_crop,0,100,100,0.02062301008820111,0.01270819922533033,0.3812702715166691
0000000000000000046d,stable_crop,500,100,99,0.02062301008820111,0.01270819922533033,0.3812702715166691
0000000000000000046d,stable_crop,1000,100,93,0.02062301008820111,0.01270819922533033,0.3812702715166691
0000000000000000046d,stable_crop,2000,88,58,0.02440863311543,0.015492516207567909,0.38827242999364386
0000000000000000046e,stable_nature,0,100,100,0.06694432940889206,0.07024971938150212,0.5120464043474509
0000000000000000046e,stable_nature,500,97,92,0.0735748964264635,0.07432082165994094,0.5025217945526882
0000000000000000046e,stable_nature,1000,89,64,0.08563140999592475,0.07974450263075575,0.4822014364951004
0000000000000000046f,stable_nature,0,100,100,0.01709960626446625,0.022068252651199737,0.5634275975654534
0000000000000000046f,stable_nature,500,97,96,0.01956926165507198,0.022068252651199737,0.5300088878587467
0000000000000000046f,stable_nature,1000,90,96,0.020903039601019312,0.022068252651199737,0.5135580405903798
0000000000000000046f,stable_nature,2000,65,94,0.020903039601019312,0.022068252651199737,0.5135580405903798
00000000000000000470,stable_crop,0,100,99,0.062191501821217174,0.031438425799324654,0.3357732575251023
00000000000000000470,stable_crop,500,98,96,0.062191501821217174,0.04076224553209418,0.39592774988376556
00000000000000000470,stable_crop,1000,92,94,0.062191501821217174,0.04608041836085967,0.4255989760128236
00000000000000000470,stable_crop,2000,69,78,0.07438906938322651,0.04608041836085967,0.38250696689576685
00000000000000000471,stable_nature,0,100,100,0.08858350825084434,0.04941009771462925,0.3580607765741968
00000000000000000471,stable_nature,500,99,99,0.08858350825084434,0.04941009771462925,0.3580607765741968
00000000000000000471,stable_nature,1000,93,91,0.08858350825084434,0.04941009771462925,0.3580607765741968
00000000000000000471,stable_nature,2000,64,58,0.1018212224011468,0.07027921080987261,0.4083616147746241
00000000000000000472,stable_nature,0,100,100,0.0408318959385124,0.04819217677732886,0.5413387110541846
00000000000000000472,stable_nature,500,98,90,0.042320113362585586,0.05813785565483078,0.5787281608706693
00000000000000000472,stable_nature,1000,94,70,0.04281353502708951,0.05865605343492364,0.5780653526184789
00000000000000000473,stable_nature,0,100,100,0.09512876766563443,0.04848281127002243,0.33759681238103284
00000000000000000473,stable_nature,500,96,99,0.09512876766563443,0.04848281127002243,0.33759681238103284
00000000000000000473,stable_nature,1000,90,95,0.09512876766563443,0.04848281127002243,0.33759681238103284
00000000000000000473,stable_nature,2000,61,65,0.10099551551837785,0.05043069017292765,0.33303806261514357
00000000000000000474,stable_nature,0,100,99,0.032419690030464944,0.05164451866450672,0.6143460988407723
00000000000000000474,stable_nature,500,98,99,0.03352980631419507,0.05164451866450672,0.6063390426259829
00000000000000000474,stable_nature,1000,91,91,0.03421713628303524,0.05164451866450672,0.6014852461842013
00000000000000000474,stable_nature,2000,62,75,0.04446358152465999,0.05164451866450672,0.5373586467979181
00000000000000000475,stable_crop,0,100,100,0.02045041083519126,0.007234643355800552,0.2613194579873081
00000000000000000475,stable_crop,500,100,98,0.02045041083519126,0.007234643355800552,0.2613194579873081
00000000000000000475,stable_crop,1000,92,93,0.02045041083519126,0.008955204851695897,0.3045406342362269
00000000000000000475,stable_crop,2000,71,68,0.02045041083519126,0.011389387604544466,0.3577091615621827
00000000000000000476,stable_crop,0,100,100,0.026899524934387763,0.01441398674198453,0.3488927993956799
00000000000000000476,stable_crop,500,100,100,0.026899524934387763,0.01441398674198453,0.3488927993956799
00000000000000000476,stable_crop,1000,94,91,0.026899524934387763,0.021042289193032592,0.43891307777105015
00000000000000000476,stable_crop,2000,68,68,0.028035059225629034,0.021596147549924182,0.43513242881949504
00000000000000000477,stable_crop,0,100,100,0.0739892646118421,0.09962822175683968,0.573837485152287
00000000000000000477,stable_crop,500,100,98,0.0739892646118421,0.09962822175683968,0.573837485152287
00000000000000000477,stable_crop,1000,98,86,0.0739892646118421,0.10172343212053199,0.578919076490453
00000000000000000477,stable_crop,2000,74,66,0.07955674878960661,0.14324236415937716,0.6429216089003625
00000000000000000478,stable_crop,0,100,100,0.14463604883277065,0.05887571706606905,0.2892988363878937
00000000000000000478,stable_crop,500,99,98,0.14463604883277065,0.05887571706606905,0.2892988363878937
00000000000000000478,stable_crop,1000,97,87,0.14463604883277065,0.05887571706606905,0.2892988363878937
00000000000000000478,stable_crop,2000,77,66,0.14463604883277065,0.0607187903048463,0.29567742625173976
00000000000000000479,stable_nature,0,100,100,0.0398176879798805,0.01195581688666636,0.23092539161204467
00000000000000000479,stable_nature,500,100,100,0.0398176879798805,0.01195581688666636,0.23092539161204467
00000000000000000479,stable_nature,1000,96,92,0.0398176879798805,0.01303519193477074,0.24663163020773535
00000000000000000479,stable_nature,2000,65,66,0.040142241843481516,0.015317231862233239,0.27618783299738936
0000000000000000047a,stable_crop,0,100,100,0.23752424231832858,0.03219859070541542,0.11937658500888416
0000000000000000047a,stable_crop,500,98,94,0.23752424231832858,0.04495985273305281,0.15915888193533817
0000000000000000047a,stable_crop,1000,96,91,0.23752424231832858,0.04495985273305281,0.15915888193533817
0000000000000000047a,stable_crop,2000,70,87,0.23752424231832858,0.04495985273305281,0.15915888193533817
0000000000000000047b,stable_nature,0,100,100,0.045540514652684404,0.058719627180858124,0.5632030241628125
0000000000000000047b,stable_nature,500,100,98,0.045540514652684404,0.058719627180858124,0.5632030241628125
0000000000000000047b,stable_nature,1000,98,90,0.05171145166706361,0.06123140035966359,0.5421449809380714
0000000000000000047b,stable_nature,2000,65,69,0.05171145166706361,0.06257422857712205,0.5475246631325713
0000000000000000047c,stable_crop,0,100,100,0.040730222108448164,0.040913786090136406,0.5011241730087498
0000000000000000047c,stable_crop,500,97,98,0.040730222108448164,0.04226980880317077,0.5092746151826344
0000000000000000047c,stable_crop,1000,91,96,0.05297057979192503,0.04701357004640574,0.4702102295409228
0000000000000000047c,stable_crop,2000,51,75,0.07821971055539463,0.04701357004640574,0.3754079572148049
0000000000000000047d,stable_built,0,98,100,0.02786777875943367,0.00943402612223745,0.2529107144255132
0000000000000000047d,stable_built,500,98,47,0.02786777875943367,0.017135437876852587,0.3807602913133872
0000000000000000047d,stable_built,1000,95,10,0.02786777875943367,0.027526902953218114,0.49692320817928315
0000000000000000047f,stable_nature,0,100,100,0.09621890026623214,0.07231783242265358,0.4290924077406986
0000000000000000047f,stable_nature,500,97,100,0.09621890026623214,0.07231783242265358,0.4290924077406986
0000000000000000047f,stable_nature,1000,88,88,0.09621890026623214,0.0802068706330475,0.45462105804475966
0000000000000000047f,stable_nature,2000,60,48,0.13782653292258643,0.12732966266829002,0.48020625120249316
00000000000000000481,stable_nature,0,100,100,0.03418841900256926,0.051273805279355524,0.5999587035040456
00000000000000000481,stable_nature,500,99,98,0.03676244330499394,0.05301484320480525,0.5905150986984683
00000000000000000481,stable_nature,1000,95,93,0.05441685029370402,0.05563354158225446,0.5055278825763326
00000000000000000481,stable_nature,2000,77,54,0.07328101640449905,0.06950925686898757,0.48679265943674954
00000000000000000482,stable_nature,0,100,100,0.059356265637015085,0.05626350089492991,0.48662527681975587
00000000000000000482,stable_nature,500,99,67,0.059356265637015085,0.07250419331581466,0.5498554600147542
00000000000000000484,stable_crop,0,100,100,0.0164484790770701,0.0364607819267877,0.6891190924673867
00000000000000000484,stable_crop,500,99,97,0.02014824200921228,0.0364607819267877,0.644080738211717
00000000000000000484,stable_crop,1000,95,88,0.024095887611327416,0.03741004253407112,0.608234725416337
00000000000000000484,stable_crop,2000,84,52,0.027792466818755978,0.06139536738777525,0.6883827590757987
00000000000000000486,stable_nature,0,100,100,0.08805687224682057,0.06323063280737391,0.4179501326583803
00000000000000000486,stable_nature,500,96,97,0.09138017092162216,0.06323063280737391,0.40896645824179567
00000000000000000486,stable_nature,1000,94,92,0.09138017092162216,0.06916036510524667,0.4307968991285843
00000000000000000486,stable_nature,2000,73,72,0.09499843530806477,0.07941766668418589,0.45533448905571283
00000000000000000487,stable_nature,0,100,100,0.03673341350477912,0.03433747861960819,0.48314404945175105
00000000000000000487,stable_nature,500,99,98,0.03673341350477912,0.03433747861960819,0.48314404945175105
00000000000000000487,stable_nature,1000,97,90,0.03673341350477912,0.03958510698350115,0.518682840413046
00000000000000000487,stable_nature,2000,66,79,0.03673341350477912,0.04234323849804398,0.5354708049096062
00000000000000000488,stable_nature,0,100,100,0.09157969294815786,0.14563657230487517,0.6139400776288005
00000000000000000488,stable_nature,500,98,100,0.11862373744614299,0.14563657230487517,0.5511102762330844
00000000000000000488,stable_nature,1000,88,100,0.11862373744614299,0.14563657230487517,0.5511102762330844
00000000000000000488,stable_nature,2000,75,99,0.12398046676596837,0.1456365723048752,0.5401608622594068
00000000000000000489,stable_crop,0,100,100,0.049147234696388396,0.03859853424603965,0.4398905464139828
00000000000000000489,stable_crop,500,98,95,0.049147234696388396,0.03859853424603965,0.4398905464139828
00000000000000000489,stable_crop,1000,97,88,0.05361344147231926,0.039423108751476255,0.4237378606173798
00000000000000000489,stable_crop,2000,86,62,0.05361344147231926,0.04326664112130505,0.44659996113283484
0000000000000000048a,stable_crop,0,100,100,0.05329637769688478,0.02440347693903604,0.31407364985519787
0000000000000000048a,stable_crop,500,100,97,0.05329637769688478,0.03206306289778058,0.3756240982137924
0000000000000000048a,stable_crop,1000,93,92,0.05329637769688478,0.03420797660238153,0.3909288500661208
0000000000000000048a,stable_crop,2000,85,66,0.05329637769688478,0.03572565929473761,0.40131253453230165
0000000000000000048b,stable_built,0,100,100,0.1999200415514769,0.037316140412808195,0.15729531685967144
0000000000000000048b,stable_built,500,99,93,0.23921857603811345,0.04194691344303873,0.14918940983936596
0000000000000000048b,stable_built,1000,96,92,0.23921857603811345,0.04194691344303873,0.14918940983936596
0000000000000000048b,stable_built,2000,85,91,0.23921857603811345,0.04194691344303873,0.14918940983936596
0000000000000000048d,stable_built,0,100,100,0.11741304679518169,0.07097303592333988,0.376742458353508
0000000000000000048d,stable_built,500,99,99,0.11741304679518169,0.07097303592333988,0.376742458353508
0000000000000000048d,stable_built,1000,94,90,0.11825979633291166,0.07097303592333988,0.3750566700119775
0000000000000000048d,stable_built,2000,75,47,0.11825979633291166,0.07551585676539944,0.38970766222471276
0000000000000000048f,stable_crop,0,100,100,0.142481983615191,0.11587139720702866,0.4484996358004488
0000000000000000048f,stable_crop,500,100,99,0.142481983615191,0.11587139720702866,0.4484996358004488
0000000000000000048f,stable_crop,1000,93,95,0.142481983615191,0.11587139720702866,0.4484996358004488
0000000000000000048f,stable_crop,2000,69,74,0.15654292830704458,0.11587139720702866,0.4253498672947626
00000000000000000491,stable_crop,0,100,100,0.17487017951605374,0.009584642512832642,0.05196200569524653
00000000000000000491,stable_crop,500,100,95,0.17487017951605374,0.009584642512832642,0.05196200569524653
00000000000000000491,stable_crop,1000,99,84,0.17487017951605374,0.010368015516663975,0.05597126183817949
00000000000000000491,stable_crop,2000,86,38,0.20556055549923213,0.016134858562676158,0.0727793970429074
00000000000000000492,stable_crop,0,100,100,0.037925406274505157,0.039320675991029196,0.5090313299690055
00000000000000000492,stable_crop,500,99,100,0.037925406274505157,0.039320675991029196,0.5090313299690055
00000000000000000492,stable_crop,1000,98,92,0.037925406274505157,0.052186827559950764,0.5791314379714902
00000000000000000492,stable_crop,2000,82,67,0.037925406274505157,0.06532107410200827,0.6326711948258806
00000000000000000493,stable_nature,0,100,100,0.028306239115676358,0.05301774146865377,0.6519324446129919
00000000000000000493,stable_nature,500,99,92,0.02924203741185245,0.05301774146865377,0.6445159735358018
00000000000000000493,stable_nature,1000,93,81,0.03105956839958519,0.05301774146865377,0.6305832281159981
00000000000000000493,stable_nature,2000,76,46,0.035083228018820176,0.05301774146865377,0.6017838597745505
00000000000000000494,stable_crop,0,100,100,0.09183469502012506,0.05321891597001338,0.366891355591724
00000000000000000494,stable_crop,500,84,99,0.09183469502012506,0.05321891597001338,0.366891355591724
00000000000000000494,stable_crop,1000,70,95,0.09183469502012506,0.05321891597001338,0.366891355591724
00000000000000000494,stable_crop,2000,49,77,0.10543070352641666,0.05321891597001338,0.33544937667420927
00000000000000000495,stable_crop,0,100,100,0.0677444628280768,0.0660671784684312,0.4937326665139827
00000000000000000495,stable_crop,500,98,99,0.07196264360479945,0.06941056049453251,0.4909739503765659
00000000000000000495,stable_crop,1000,91,96,0.07593879604330758,0.06941056049453251,0.47754294994752655
00000000000000000495,stable_crop,2000,71,70,0.08358181981343005,0.0698782092325591,0.45535120556482184
00000000000000000496,stable_built,0,100,100,0.08803096875466274,0.0928456917186314,0.513309409158549
00000000000000000496,stable_built,500,94,100,0.09690333624313943,0.0928456917186314,0.48930786479100125
00000000000000000496,stable_built,1000,82,93,0.10447353546213675,0.1032301763701445,0.4970068924574871
00000000000000000496,stable_built,2000,43,22,0.11476821206130303,0.15756052877856247,0.5785673898835104
00000000000000000499,stable_nature,0,98,98,0.055562642903361194,0.058142719912899855,0.5113454499621323
00000000000000000499,stable_nature,500,97,97,0.055562642903361194,0.058142719912899855,0.5113454499621323
00000000000000000499,stable_nature,1000,89,95,0.060970925994888424,0.058142719912899855,0.48812811890102714
00000000000000000499,stable_nature,2000,59,76,0.06457283607249524,0.06786724780434698,0.512437366522247
0000000000000000049a,stable_crop,0,100,100,0.04192075852007895,0.029377652232605644,0.4120379672149628
0000000000000000049a,stable_crop,500,100,95,0.04192075852007895,0.03400276173280821,0.4478554421489344
0000000000000000049a,stable_crop,1000,97,89,0.04192075852007895,0.0403371502842055,0.49037412778981493
0000000000000000049a,stable_crop,2000,92,60,0.04192075852007895,0.0470928447552726,0.5290522237266163
0000000000000000049e,stable_crop,0,100,100,0.03742721167482495,0.01665164723865742,0.30791417520457504
0000000000000000049e,stable_crop,500,100,96,0.03742721167482495,0.01896343783737984,0.3362869199252483
0000000000000000049e,stable_crop,1000,95,93,0.038660522372910996,0.01896343783737984,0.3290894580630393
0000000000000000049e,stable_crop,2000,83,63,0.0417545473954636,0.01896343783737984,0.3123199454716073
000000000000000004a0,stable_nature,0,100,100,0.06098075506623575,0.07454243506331644,0.5500345364620493
000000000000000004a0,stable_nature,500,98,100,0.06231973534469719,0.07454243506331644,0.5446533168409197
000000000000000004a0,stable_nature,1000,92,98,0.06231973534469715,0.07454243506331644,0.5446533168409199
000000000000000004a0,stable_nature,2000,62,97,0.06668190654278512,0.0760799299260049,0.5329150409332556
000000000000000004a2,stable_crop,0,100,100,0.03487811251336485,0.02941106587444766,0.45748081732470425
000000000000000004a2,stable_crop,500,100,94,0.03487811251336485,0.03438865058036757,0.4964668340764829
000000000000000004a2,stable_crop,1000,94,93,0.03487811251336485,0.03438865058036757,0.4964668340764829
000000000000000004a2,stable_crop,2000,62,88,0.03697297000788313,0.03928120664453032,0.5151351488990462
000000000000000004a3,stable_built,0,100,100,0.03989200106562509,0.04251296857600011,0.5159029699345905
000000000000000004a3,stable_built,500,100,100,0.03989200106562509,0.04251296857600011,0.5159029699345905
000000000000000004a3,stable_built,1000,96,89,0.03989200106562509,0.044839341032583954,0.5291942735910296
000000000000000004a3,stable_built,2000,82,67,0.04085144941952919,0.047029244171518506,0.5351487596335286
000000000000000004a4,stable_crop,0,100,100,0.041759063789660725,0.0058496451973211626,0.12286922543515766
000000000000000004a4,stable_crop,500,99,71,0.059408796303613086,0.012203063897656508,0.17040562643099383
000000000000000004a4,stable_crop,1000,95,54,0.078717738821157,0.013521463664170664,0.14659128981709169
000000000000000004a5,stable_built,0,100,100,0.051234652445315866,0.015338656766830949,0.23040249836043736
000000000000000004a6,stable_built,0,100,100,0.07871944725995002,0.07637210875168121,0.49243241034644847
000000000000000004a6,stable_built,500,96,98,0.08259020010877505,0.07923015235806345,0.4896179692465464
000000000000000004a6,stable_built,1000,88,96,0.10504186579791208,0.08502778963935347,0.447350680166674
000000000000000004a6,stable_built,2000,55,81,0.13973107120171688,0.10579684191975783,0.4308953738672639
000000000000000004a7,stable_crop,0,100,100,0.07648635174827678,0.05251953458612659,0.40710959846886874
000000000000000004a7,stable_crop,500,100,96,0.07648635174827678,0.06903523051460758,0.47439856989337303
000000000000000004a7,stable_crop,1000,96,90,0.07648635174827678,0.06903523051460761,0.47439856989337315
000000000000000004a7,stable_crop,2000,72,57,0.09684307728348136,0.07207660006104029,0.42669155656513075
000000000000000004a8,stable_crop,0,100,100,0.0671408360655809,0.008058695324057475,0.10716416944402268
000000000000000004a8,stable_crop,500,100,97,0.0671408360655809,0.009593669857877884,0.12502419533817502
000000000000000004a8,stable_crop,1000,96,90,0.0671408360655809,0.014503812203407507,0.17764559601561705
000000000000000004a8,stable_crop,2000,77,54,0.09184303909730998,0.09104048236914508,0.4978058254709741
000000000000000004a9,stable_nature,0,100,100,0.07446289482570685,0.13574532954522575,0.6457660253342148
000000000000000004a9,stable_nature,500,99,95,0.07887043482123676,0.13574532954522575,0.6325040005579657
000000000000000004a9,stable_nature,1000,96,77,0.08218785832762336,0.1800121302851597,0.6865451491316237
000000000000000004a9,stable_nature,2000,74,24,0.08222521825885647,0.2088516834972995,0.7175137643575148
000000000000000004ab,stable_nature,0,100,100,0.018142302946919008,0.1025269535235799,0.8496526499091831
000000000000000004ab,stable_nature,500,100,100,0.018142302946919008,0.1025269535235799,0.8496526499091831
000000000000000004ab,stable_nature,1000,90,100,0.023406036380414386,0.1025269535235799,0.8141389607356083
000000000000000004ab,stable_nature,2000,66,100,0.03398999653349215,0.1025269535235799,0.7510199537857141
000000000000000004ac,stable_nature,0,100,100,0.058749463488785826,0.13739155428024824,0.7004733423038176
000000000000000004ac,stable_nature,500,96,98,0.058749463488785826,0.13739155428024824,0.7004733423038176
000000000000000004ac,stable_nature,1000,86,97,0.061014228107963885,0.13841715874104218,0.6940590492164948
000000000000000004ae,stable_crop,0,95,100,0.12848324150859933,0.0034173333061549237,0.02590840343894207
000000000000000004ae,stable_crop,500,95,98,0.12848324150859933,0.0038173537426307693,0.02885363996551197
000000000000000004ae,stable_crop,1000,95,75,0.12848324150859933,0.006177068856222623,0.04587148833566346
000000000000000004af,stable_built,0,100,100,0.06269125801081651,0.06213431675942025,0.4977691220191978
000000000000000004af,stable_built,500,98,98,0.06800038286541392,0.09365441981758804,0.5793482053277497
000000000000000004af,stable_built,1000,89,96,0.0827822314511801,0.10840838683093632,0.5670172930263995
000000000000000004af,stable_built,2000,60,88,0.09147879689421363,0.1264808076017398,0.5802947197195327
000000000000000004b0,stable_crop,0,100,100,0.048669801333138404,0.02420538436256403,0.33214851023918984
000000000000000004b0,stable_crop,500,100,97,0.048669801333138404,0.02964531391431131,0.3785388531991996
000000000000000004b0,stable_crop,1000,95,85,0.05386783189358293,0.04448554678574328,0.4523031885903254
000000000000000004b0,stable_crop,2000,77,45,0.10617504091278654,0.05703388027279956,0.3494532030365941
000000000000000004b1,stable_nature,0,100,100,0.07865821117719063,0.0721271269457181,0.478343105789551
000000000000000004b1,stable_nature,500,97,100,0.07865821117719063,0.0721271269457181,0.478343105789551
000000000000000004b1,stable_nature,1000,95,94,0.07865821117719063,0.07607450017596984,0.4916510510944675
000000000000000004b1,stable_nature,2000,73,75,0.07865821117719063,0.07607450017596984,0.4916510510944675
000000000000000004b2,stable_nature,0,100,100,0.06426618710475689,0.05392675780463896,0.4562603787012988
000000000000000004b2,stable_nature,500,100,96,0.06426618710475689,0.059088746837616515,0.47901405277182874
000000000000000004b2,stable_nature,1000,88,91,0.06792039351284822,0.07186609991402579,0.5141133320659963
000000000000000004b2,stable_nature,2000,54,62,0.07001655919335467,0.07614233092336102,0.520955864279185
000000000000000004b3,stable_crop,0,100,100,0.04394948132826855,0.03000378045122056,0.40571273976094424
000000000000000004b3,stable_crop,500,99,98,0.04909255100792116,0.03327843086299616,0.40400672793657383
000000000000000004b3,stable_crop,1000,96,93,0.05075099306819068,0.039609442266208085,0.4383493961620064
000000000000000004b3,stable_crop,2000,71,70,0.057222521492092324,0.039609442266208085,0.40905338204920705
000000000000000004b4,stable_crop,0,97,99,0.11752970330330507,0.11567875880246994,0.49603156659686803
000000000000000004b4,stable_crop,500,93,99,0.11752970330330507,0.11567875880246994,0.49603156659686803
000000000000000004b4,stable_crop,1000,86,97,0.11752970330330507,0.11567875880246994,0.49603156659686803
000000000000000004b4,stable_crop,2000,62,78,0.12334093940923252,0.12332970835890052,0.4999772347228307
000000000000000004b5,stable_nature,0,99,100,0.12158864652026932,0.08934577478989605,0.42357133669566105
000000000000000004b5,stable_nature,500,99,96,0.12158864652026932,0.08934577478989605,0.42357133669566105
000000000000000004b5,stable_nature,1000,97,83,0.12158864652026932,0.08934577478989605,0.42357133669566105
000000000000000004b5,stable_nature,2000,88,51,0.12378390821727706,0.11166188396248411,0.47425729263726574
000000000000000004b6,stable_nature,0,100,100,0.061573443605224945,0.03260465510276922,0.3462020952824292
000000000000000004b6,stable_nature,500,97,90,0.061573443605224945,0.05563093636094083,0.4746489540452802
000000000000000004b6,stable_nature,1000,95,81,0.06157344360522501,0.05810994796302882,0.48553059201538384
000000000000000004b6,stable_nature,2000,68,45,0.07610587033105401,0.09997650010201786,0.5677825659409254
000000000000000004b7,stable_built,0,100,100,0.04667015332390985,0.011183949246154378,0.19331298471731959
000000000000000004b8,stable_crop,0,100,100,0.051946844347377064,0.014477540230270192,0.21795520307950483
000000000000000004b8,stable_crop,500,100,99,0.051946844347377064,0.014477540230270192,0.21795520307950483
000000000000000004b8,stable_crop,1000,86,97,0.058457987971512006,0.014477540230270192,0.1984977772426406
000000000000000004b8,stable_crop,2000,61,79,0.07482658436067216,0.015035787431517988,0.16732017118490314
000000000000000004b9,stable_crop,0,100,100,0.13903008316043958,0.07463606243619565,0.3493115964975862
000000000000000004b9,stable_crop,500,99,97,0.13903008316043958,0.11444754617159256,0.4515094545926395
000000000000000004b9,stable_crop,1000,88,90,0.15393217776253817,0.12302519459715695,0.44420263504282254
000000000000000004b9,stable_crop,2000,65,63,0.18041176790482966,0.12302519459715695,0.4054390525872275
000000000000000004ba,stable_crop,0,100,100,0.12213726690695112,0.012973848992808467,0.09602354999671443
000000000000000004ba,stable_crop,500,95,99,0.12213726690695112,0.012973848992808467,0.09602354999671443
000000000000000004ba,stable_crop,1000,85,94,0.12213726690695112,0.012973848992808467,0.09602354999671443
000000000000000004ba,stable_crop,2000,40,78,0.14348816614225907,0.014050819995601826,0.08918947836325984
000000000000000004bc,stable_crop,0,100,100,0.038359957999448205,0.011725226309407111,0.23410568356638606
000000000000000004bc,stable_crop,500,100,99,0.038359957999448205,0.013490161662100441,0.2601760950581641
000000000000000004bc,stable_crop,1000,99,94,0.038359957999448205,0.015746033831935513,0.29102199772467974
000000000000000004bc,stable_crop,2000,94,66,0.038359957999448205,0.02015715626245331,0.3444659996713556
000000000000000004bd,stable_nature,0,100,100,0.00946537933139866,0.04781587084183736,0.8347560623483737
000000000000000004bd,stable_nature,500,95,100,0.016994458856510207,0.04781587084183736,0.7377816323980019
000000000000000004bd,stable_nature,1000,87,100,0.016994458856510207,0.04781587084183736,0.7377816323980019
000000000000000004bd,stable_nature,2000,55,87,0.01824213758234865,0.04781587084183743,0.7238466914422834
000000000000000004be,stable_built,0,100,100,0.1505700272710287,0.044467420467180954,0.2279942697293684
000000000000000004be,stable_built,500,97,93,0.1505700272710287,0.054619287340068844,0.26618972553870307
000000000000000004be,stable_built,1000,97,76,0.1505700272710287,0.05692281865462405,0.2743362953089277
000000000000000004be,stable_built,2000,84,21,0.18044079701831023,0.08965832201410037,0.331945999435155
000000000000000004bf,stable_nature,0,100,100,0.03362558436185483,0.018880217639831165,0.3595834540126694
000000000000000004bf,stable_nature,500,99,98,0.04552358536733914,0.021595509209622922,0.32174911395055694
000000000000000004bf,stable_nature,1000,89,94,0.04552358536733914,0.024164456188716543,0.3467518335829883
000000000000000004bf,stable_nature,2000,70,51,0.07211066536193393,0.029815180678089748,0.2925183536479017
000000000000000004c2,stable_nature,0,100,100,0.04434028788039766,0.042895727280814124,0.4917203886611657
000000000000000004c2,stable_nature,500,97,99,0.05339409016831489,0.042895727280814124,0.44548560187094477
000000000000000004c2,stable_nature,1000,88,91,0.05777919486863203,0.042895727280814124,0.4260815540210877
000000000000000004c2,stable_nature,2000,72,50,0.05777919486863203,0.045821102527220894,0.44228736479102815
000000000000000004c3,stable_crop,0,100,100,0.011659595989518046,0.009933043933713947,0.46001989421250655
000000000000000004c3,stable_crop,500,99,99,0.013194203423015893,0.009933043933713947,0.4294952953142527
000000000000000004c3,stable_crop,1000,95,92,0.013194203423015893,0.009933043933713947,0.4294952953142527
000000000000000004c3,stable_crop,2000,69,70,0.014753649537950397,0.011810810831247864,0.44460947697239883
000000000000000004c4,stable_crop,0,100,100,0.10483997634469988,0.021601287166492456,0.1708404880374318
000000000000000004c4,stable_crop,500,100,91,0.10483997634469988,0.03827273615707425,0.267430722873989
000000000000000004c4,stable_crop,1000,99,74,0.10483997634469981,0.042423745895903586,0.2880800868682543
000000000000000004c4,stable_crop,2000,83,18,0.10483997634469981,0.07882691779544729,0.42918413884033557
000000000000000004c6,stable_nature,0,73,66,0.1312781731300386,0.12810298251486177,0.49387929587970625
000000000000000004c6,stable_nature,500,72,65,0.1312781731300386,0.12810298251486177,0.49387929587970625
000000000000000004c6,stable_nature,1000,72,61,0.1312781731300386,0.1287305031304034,0.4951007981016883
000000000000000004c6,stable_nature,2000,47,46,0.1786108803999635,0.13858645441586442,0.43690926500342137
000000000000000004c7,stable_nature,0,100,99,0.1816075392997815,0.13682925231940574,0.4296904626605071
000000000000000004c7,stable_nature,500,98,96,0.2083035822490702,0.16768865903787805,0.44598967910472415
000000000000000004c7,stable_nature,1000,84,89,0.21079450719455695,0.1710129941073385,0.4479037041539698
000000000000000004c7,stable_nature,2000,67,67,0.21079450719455695,0.17828540681084398,0.45822310634085045
000000000000000004c8,stable_nature,0,100,100,0.026529070798061948,0.022771200010842808,0.4618879295540892
000000000000000004c8,stable_nature,500,100,100,0.026529070798061948,0.022771200010842808,0.4618879295540892
000000000000000004c8,stable_nature,1000,96,76,0.026529070798061948,0.022771200010842808,0.4618879295540892
000000000000000004c9,stable_nature,0,96,98,0.12685318891061367,0.03794813111670643,0.23026594149965104
000000000000000004c9,stable_nature,500,91,54,0.1465268727399346,0.09601929185574516,0.395880479146771
000000000000000004c9,stable_nature,1000,82,36,0.14700548246829742,0.19866318812824893,0.5747214168551238
000000000000000004ca,stable_nature,0,100,100,0.013951029647955627,0.032054709536622664,0.6967545811473682
000000000000000004ca,stable_nature,500,99,100,0.013951029647955693,0.032054709536622664,0.6967545811473672
000000000000000004ca,stable_nature,1000,94,100,0.014873092287826494,0.032054709536622664,0.68306437313753
000000000000000004ca,stable_nature,2000,63,95,0.020819076793096646,0.032054709536622664,0.6062495569378034
000000000000000004cb,stable_nature,0,100,100,0.049635157743819394,0.27170453198902067,0.8455367969455274
000000000000000004cb,stable_nature,500,100,100,0.049635157743819394,0.27170453198902067,0.8455367969455274
000000000000000004cb,stable_nature,1000,92,100,0.06056879456107789,0.27170453198902067,0.8177139429434059
000000000000000004cb,stable_nature,2000,70,100,0.09695229267447092,0.27170453198902067,0.7370120768448934
000000000000000004cc,stable_crop,0,100,100,0.08166966132563525,0.0803161266844091,0.49582205741983404
000000000000000004cc,stable_crop,500,100,99,0.08166966132563525,0.0803161266844091,0.49582205741983404
000000000000000004cc,stable_crop,1000,95,91,0.08166966132563525,0.08688472191984638,0.5154699643306963
000000000000000004cc,stable_crop,2000,65,78,0.0993055421705743,0.1022347353522776,0.5072670168382512
000000000000000004cd,stable_crop,0,100,100,0.09325552286330988,0.11573269124866566,0.5537761626409348
000000000000000004cd,stable_crop,500,96,96,0.0981044304713335,0.11573269124866566,0.5412188974357136
000000000000000004cd,stable_crop,1000,94,91,0.0981044304713335,0.11573269124866566,0.5412188974357136
000000000000000004cd,stable_crop,2000,59,72,0.11650336137422464,0.11573269124866566,0.49834076122580523
000000000000000004ce,stable_nature,0,93,78,0.031613453146701206,0.06929495363605645,0.6867114033873563
000000000000000004ce,stable_nature,500,87,75,0.04388825808632435,0.06929495363605642,0.6122370321617393
000000000000000004ce,stable_nature,1000,63,74,0.04609973122723845,0.06929495363605645,0.6005038595802561
000000000000000004ce,stable_nature,2000,42,53,0.05568323735820733,0.111707812635055,0.6673463882261568
000000000000000004cf,stable_nature,0,100,100,0.08667401131387742,0.05426845936982925,0.38503979039242
000000000000000004cf,stable_nature,500,100,98,0.08667401131387742,0.05426845936982925,0.38503979039242
000000000000000004cf,stable_nature,1000,96,87,0.08667401131387742,0.05426845936982925,0.38503979039242
000000000000000004cf,stable_nature,2000,86,61,0.08667401131387742,0.05426845936982925,0.38503979039242
000000000000000004d0,stable_nature,0,100,100,0.0355003521415548,0.044964151282921375,0.5588072922685198
000000000000000004d0,stable_nature,500,100,100,0.0355003521415548,0.044964151282921375,0.5588072922685198
000000000000000004d0,stable_nature,1000,96,100,0.0355003521415548,0.044964151282921375,0.5588072922685198
000000000000000004d0,stable_nature,2000,71,99,0.03651731303826935,0.044964151282921375,0.5518328819561458
000000000000000004d1,stable_nature,0,100,100,0.010675806744642524,0.024216059959142645,0.6940316539677021
000000000000000004d1,stable_nature,500,100,100,0.010675806744642524,0.024216059959142645,0.6940316539677021
000000000000000004d1,stable_nature,1000,96,99,0.012390324168362433,0.024216059959142645,0.661525592752708
000000000000000004d1,stable_nature,2000,66,79,0.015361845013928854,0.024749970812506582,0.6170244428470438
000000000000000004d3,stable_nature,0,100,34,0.005470648987428906,0.0852993896887202,0.9397306747010771
000000000000000004d3,stable_nature,500,98,34,0.005982629180098331,0.0852993896887202,0.9344599379464817
000000000000000004d3,stable_nature,1000,92,34,0.008017178701036687,0.0852993896887202,0.9140862245548369
000000000000000004d3,stable_nature,2000,78,34,0.011296472464031648,0.0852993896887202,0.8830542819002843
000000000000000004d4,stable_nature,0,100,100,0.03727848648090517,0.15059439788134862,0.80157601450443
000000000000000004d4,stable_nature,500,98,100,0.04626706552227542,0.15059439788134862,0.7649765234743823
000000000000000004d4,stable_nature,1000,92,100,0.04626706552227542,0.15059439788134862,0.7649765234743823
000000000000000004d4,stable_nature,2000,70,97,0.11479381271633615,0.16356696358769882,0.5876078007788637
000000000000000004d5,stable_crop,0,100,100,0.12261184167566916,0.10002452385258083,0.4492730718757605
000000000000000004d5,stable_crop,500,100,98,0.12261184167566916,0.10002452385258083,0.4492730718757605
000000000000000004d5,stable_crop,1000,96,95,0.12261184167566916,0.10002452385258083,0.4492730718757605
000000000000000004d5,stable_crop,2000,82,71,0.13572856660916083,0.11865068970020107,0.4664322532472471
000000000000000004d6,stable_nature,0,100,100,0.033777409662717514,0.33298994129359666,0.9079050804943414
000000000000000004d6,stable_nature,500,95,100,0.051984557818777734,0.33298994129359666,0.8649662303879811
000000000000000004d6,stable_nature,1000,82,99,0.07510747623737939,0.33298994129359666,0.815956992101048
000000000000000004d6,stable_nature,2000,43,79,0.12999152841575082,0.33298994129359666,0.7192295223001545
000000000000000004d7,stable_nature,0,100,100,0.016908942000764916,0.05225329594382337,0.7555177145212157
000000000000000004d7,stable_nature,500,98,94,0.016908942000764916,0.05629856783222498,0.7690272208396552
000000000000000004d7,stable_nature,1000,93,75,0.018369383660894734,0.08555557367650679,0.8232437700014621
000000000000000004d7,stable_nature,2000,67,27,0.018666028977245185,0.2130977568525374,0.9194609765657099
000000000000000004d8,stable_crop,0,100,100,0.09441831143645647,0.04181506163004185,0.30693699119762763
000000000000000004d8,stable_crop,500,100,94,0.09441831143645647,0.04610613596220543,0.3281004609189188
000000000000000004d8,stable_crop,1000,97,87,0.09441831143645647,0.05264945886559354,0.35799454059243085
000000000000000004d8,stable_crop,2000,53,72,0.11151706925584323,0.05264945886559354,0.320707634301233
000000000000000004da,stable_nature,0,100,100,0.10808611493076285,0.05397002397489794,0.3330328881029491
000000000000000004da,stable_nature,500,99,95,0.10808611493076285,0.06357974324522989,0.3703691806886681
000000000000000004da,stable_nature,1000,93,90,0.10808611493076285,0.06862350430157557,0.3883405136590828
000000000000000004da,stable_nature,2000,68,59,0.10819138885506618,0.09683273308955687,0.47229922104111755
000000000000000004db,stable_nature,0,100,100,0.07144546170616688,0.0636144829867922,0.4710092480116167
000000000000000004db,stable_nature,500,99,96,0.08658994011988726,0.0636144829867922,0.4235193722703349
000000000000000004db,stable_nature,1000,94,81,0.08658994011988726,0.0636144829867922,0.4235193722703349
000000000000000004db,stable_nature,2000,82,40,0.09330494538975631,0.07284565412473236,0.4384314852739465
000000000000000004dc,stable_crop,0,100,100,0.24369114030448302,0.02591493921811905,0.09612149423303484
000000000000000004dc,stable_crop,500,100,96,0.24369114030448302,0.02591493921811905,0.09612149423303484
000000000000000004dc,stable_crop,1000,99,88,0.24369114030448302,0.026793748282851148,0.0990582077345919
000000000000000004dc,stable_crop,2000,93,30,0.24369114030448302,0.043452162539726946,0.15132570430573705
000000000000000004dd,stable_nature,0,60,67,0.03150367837439701,0.018998212916814382,0.37618814722973287
000000000000000004dd,stable_nature,500,58,67,0.033251704561335596,0.018998212916814382,0.363602735342032
000000000000000004dd,stable_nature,1000,50,63,0.033251704561335596,0.018998212916814382,0.363602735342032
000000000000000004dd,stable_nature,2000,33,40,0.033251704561335596,0.019474375382361873,0.3693499574174272
000000000000000004de,stable_nature,0,100,100,0.04787259084167761,0.07455960323743152,0.6089869073868439
000000000000000004de,stable_nature,500,95,98,0.06432375369845855,0.07569659600263431,0.5406113908705863
000000000000000004de,stable_nature,1000,84,95,0.06432375369845855,0.07569659600263431,0.5406113908705863
000000000000000004de,stable_nature,2000,28,79,0.09130635315923327,0.07569659600263431,0.45326502545061126
000000000000000004e0,stable_nature,0,100,100,0.11787240454034247,0.11059780318767762,0.48407975940063713
000000000000000004e0,stable_nature,500,99,98,0.11787240454034245,0.11059780318767762,0.48407975940063713
000000000000000004e0,stable_nature,1000,90,91,0.11787240454034245,0.11059780318767762,0.48407975940063713
000000000000000004e0,stable_nature,2000,48,44,0.1190662065890155,0.11348424442276414,0.48799838455926153
000000000000000004e1,stable_crop,0,100,100,0.029991033502532495,0.00955812565443186,0.24167708891750375
000000000000000004e1,stable_crop,500,99,95,0.029991033502532495,0.016443249662381997,0.35411873601297056
000000000000000004e1,stable_crop,1000,96,86,0.029991033502532495,0.027647677010245886,0.47967202534201003
000000000000000004e1,stable_crop,2000,54,73,0.03523716447185123,0.045096431006225665,0.5613645292145695
000000000000000004e3,stable_crop,0,100,100,0.07393612076736703,0.034668505667753015,0.3192175766853231
000000000000000004e3,stable_crop,500,100,97,0.07393612076736703,0.03821640645828188,0.3407538590820195
000000000000000004e3,stable_crop,1000,95,92,0.07445730486811464,0.03821640645828188,0.33917766627244833
000000000000000004e3,stable_crop,2000,72,64,0.07445730486811464,0.04016616373373645,0.3504183237806623
000000000000000004e4,stable_nature,0,100,100,0.04547331896233551,0.06463060336123838,0.5869963757577562
000000000000000004e4,stable_nature,500,99,93,0.04547331896233551,0.0698214243824283,0.6055907004626998
000000000000000004e4,stable_nature,1000,95,83,0.04547331896233551,0.0698214243824283,0.6055907004626998
000000000000000004e4,stable_nature,2000,79,17,0.0456324547139759,0.11361099769947276,0.7134421916688141
000000000000000004e5,stable_built,0,100,100,0.09949457536556824,0.06131933258691054,0.38130615297682685
000000000000000004e5,stable_built,500,98,98,0.09949457536556827,0.06131933258691054,0.38130615297682685
000000000000000004e5,stable_built,1000,96,87,0.09949457536556824,0.06366014110040816,0.3901826590057137
000000000000000004e5,stable_built,2000,85,52,0.11401381443908572,0.0749755133219328,0.3967182391184776
000000000000000004e6,stable_nature,0,100,34,0.05264957695279695,0.22961890144298316,0.8134769519684437
000000000000000004e6,stable_nature,500,98,34,0.05264957695279695,0.22961890144298316,0.8134769519684437
000000000000000004e6,stable_nature,1000,95,34,0.05264957695279695,0.22961890144298316,0.8134769519684437
000000000000000004e6,stable_nature,2000,73,34,0.06437341100284955,0.22961890144298316,0.7810370942420776
000000000000000004e8,stable_crop,0,100,100,0.05214310700578249,0.04627088728357733,0.47016572812866525
000000000000000004e8,stable_crop,500,99,98,0.06018050871348448,0.04627088728357733,0.4346667965201677
000000000000000004e8,stable_crop,1000,96,85,0.06018050871348448,0.06089657387553778,0.5029570631606559
000000000000000004e8,stable_crop,2000,72,58,0.061513413548017204,0.06435835428742424,0.5113009485260577
000000000000000004ea,stable_nature,0,100,100,0.041609961642980184,0.060498537525022524,0.5924926721808892
000000000000000004ea,stable_nature,500,99,96,0.041609961642980184,0.0638296282921875,0.6053668108044564
000000000000000004ea,stable_nature,1000,95,87,0.041609961642980184,0.06803128408680588,0.6204898862044161
000000000000000004ea,stable_nature,2000,71,20,0.060012546124594834,0.07633654614016758,0.5598610513033526
000000000000000004ec,stable_crop,0,100,100,0.0316610747192551,0.03313150146986175,0.5113471854035565
000000000000000004ec,stable_crop,500,99,93,0.0316610747192551,0.03368306867046629,0.5154718835177071
000000000000000004ec,stable_crop,1000,93,85,0.0316610747192551,0.03368306867046629,0.5154718835177071
000000000000000004ec,stable_crop,2000,68,46,0.03412031081175049,0.03819219039548234,0.5281547416746544
000000000000000004ed,stable_crop,0,100,100,0.019082004591633273,0.008274964176695643,0.3024810331316043
000000000000000004ed,stable_crop,500,100,97,0.019082004591633273,0.013578825173472331,0.4157526085746913
000000000000000004ed,stable_crop,1000,93,85,0.019140998476487404,0.013578825173472331,0.4150030060774499
000000000000000004ed,stable_crop,2000,59,62,0.019767143607360427,0.014347272570605262,0.42056333297157583
000000000000000004ef,stable_nature,0,100,100,0.032260958193554456,0.09888904379887646,0.7540148097277927
000000000000000004ef,stable_nature,500,97,99,0.032260958193554456,0.09888904379887646,0.7540148097277927
000000000000000004ef,stable_nature,1000,90,93,0.032260958193554456,0.10489637418964115,0.7647886727325135
000000000000000004ef,stable_nature,2000,68,69,0.03453747889036705,0.14222480184131625,0.8046105835011379
000000000000000004f0,stable_built,0,100,100,0.11960402984528842,0.0481003874215201,0.2868164608014362
000000000000000004f0,stable_built,500,100,84,0.11960402984528842,0.04868777804321158,0.28930569261683764
000000000000000004f0,stable_built,1000,99,58,0.12496698510601426,0.061342541907870786,0.32925069850544936
000000000000000004f1,stable_crop,0,100,100,0.10160986943166642,0.057639698752345404,0.3619457145741279
000000000000000004f1,stable_crop,500,99,95,0.10160986943166643,0.057639698752345404,0.36194571457412783
000000000000000004f1,stable_crop,1000,98,86,0.10160986943166643,0.06777790856436754,0.4001345868386936
000000000000000004f1,stable_crop,2000,83,41,0.10823945915648892,0.06777790856436756,0.38506375502371193
000000000000000004f2,stable_nature,0,100,100,0.04387148157768854,0.05293915900834747,0.5468320288693204
000000000000000004f2,stable_nature,500,97,99,0.04387148157768854,0.05293915900834747,0.5468320288693204
000000000000000004f2,stable_nature,1000,90,95,0.04387148157768854,0.05293915900834747,0.5468320288693204
000000000000000004f2,stable_nature,2000,59,82,0.0451875190786057,0.05293915900834747,0.539498126706143
000000000000000004f3,stable_nature,0,100,100,0.06565233926689598,0.032775616755513305,0.33299093143535585
000000000000000004f3,stable_nature,500,98,92,0.06565233926689598,0.03336383971388275,0.3369534156637419
000000000000000004f3,stable_nature,1000,92,81,0.06565233926689598,0.03336383971388275,0.3369534156637419
000000000000000004f3,stable_nature,2000,73,50,0.0906614386261237,0.033816070537418995,0.2716641003212769
000000000000000004f4,stable_nature,0,100,100,0.09043269124531858,0.16954739154353843,0.6521553102226847
000000000000000004f4,stable_nature,500,99,99,0.09043269124531858,0.16954739154353843,0.6521553102226847
000000000000000004f4,stable_nature,1000,94,97,0.09043269124531858,0.16954739154353843,0.6521553102226847
000000000000000004f4,stable_nature,2000,81,72,0.09043269124531858,0.1892040784615268,0.6766065802405047
000000000000000004f6,stable_nature,0,99,96,0.049256790485788814,0.03299567429969259,0.40115119206878275
000000000000000004f6,stable_nature,500,99,95,0.049256790485788814,0.032995674299692614,0.40115119206878286
000000000000000004f6,stable_nature,1000,96,88,0.049256790485788814,0.03587095244060108,0.4213779339973501
000000000000000004f6,stable_nature,2000,82,51,0.049256790485788814,0.04111307759015814,0.4549423216503062
000000000000000004fb,stable_built,0,100,100,0.07249925179367098,0.056709794110011355,0.4388995655292296
000000000000000004fb,stable_built,500,98,92,0.07837787137399992,0.061838953894282865,0.4410237771075102
000000000000000004fb,stable_built,1000,93,72,0.08194867281227673,0.08373902191113791,0.5054027823274354
000000000000000004fb,stable_built,2000,75,20,0.09278569134046341,0.12375624019259687,0.5715116666590324
000000000000000004fc,stable_nature,0,100,100,0.06586947370926366,0.17549474419724126,0.7270951167438331
000000000000000004fc,stable_nature,500,96,100,0.06586947370926366,0.17549474419724126,0.7270951167438331
000000000000000004fc,stable_nature,1000,88,96,0.07340049932822998,0.17549474419724126,0.7050948090077764
000000000000000004fc,stable_nature,2000,61,88,0.07433765312188027,0.2123511179027223,0.7407025993486102
000000000000000004fd,stable_crop,0,100,100,0.08808444878816277,0.042688107468050164,0.3264301676881509
000000000000000004fd,stable_crop,500,100,96,0.08808444878816277,0.042688107468050164,0.3264301676881509
000000000000000004fd,stable_crop,1000,99,88,0.08808444878816277,0.04410380244135381,0.33364389066955247
000000000000000004fd,stable_crop,2000,89,54,0.09402306121112332,0.059355865926630356,0.38698840208299473
000000000000000004ff,stable_crop,0,100,100,0.04024588295172811,0.03012564771568611,0.42809425103506804
000000000000000004ff,stable_crop,500,97,97,0.04024588295172813,0.03012564771568611,0.42809425103506793
000000000000000004ff,stable_crop,1000,94,83,0.04024588295172813,0.03944373169909134,0.4949670276538445
000000000000000004ff,stable_crop,2000,65,59,0.04024588295172813,0.0405833652961445,0.5020876251525763
00000000000000000500,stable_nature,0,100,100,0.05706389630399138,0.026359878641167712,0.3159756155625914
00000000000000000500,stable_nature,500,98,100,0.05706389630399138,0.026359878641167712,0.3159756155625914
00000000000000000500,stable_nature,1000,85,100,0.06873865054104362,0.026359878641167712,0.27718492459945715
00000000000000000500,stable_nature,2000,62,85,0.06873865054104362,0.027197792807633615,0.2834980311757108
00000000000000000501,stable_nature,0,100,100,0.12871017279687494,0.14201689980749949,0.5245759075395853
00000000000000000501,stable_nature,500,99,98,0.12871017279687494,0.14360908248060933,0.527355593469691
00000000000000000501,stable_nature,1000,87,94,0.12871017279687494,0.14360908248060933,0.527355593469691
00000000000000000501,stable_nature,2000,69,70,0.13082365374304675,0.17232515258719802,0.5684507046974868
00000000000000000502,stable_built,0,100,100,0.14218543849773874,0.08791773765615556,0.3820796354282984
00000000000000000502,stable_built,500,95,97,0.1449498026258889,0.08791773765615556,0.37754397864680417
00000000000000000502,stable_built,1000,79,92,0.15666604207092533,0.08791773765615556,0.3594585779723382
00000000000000000502,stable_built,2000,34,61,0.19014502405344635,0.09214956298713947,0.32643049926268897
00000000000000000503,stable_nature,0,100,100,0.04747148645825392,0.11114713490056805,0.7007193351430904
00000000000000000503,stable_nature,500,100,100,0.04747148645825392,0.11114713490056805,0.7007193351430904
00000000000000000503,stable_nature,1000,96,100,0.04747148645825392,0.11114713490056805,0.7007193351430904
00000000000000000503,stable_nature,2000,76,100,0.05434372604730371,0.11114713490056805,0.6716209841636321
00000000000000000504,stable_nature,0,100,100,0.03143933342453884,0.04606953797870901,0.5943776130919664
00000000000000000504,stable_nature,500,98,99,0.03308717175158689,0.04606953797870901,0.5820042057722703
00000000000000000504,stable_nature,1000,94,94,0.03308717175158689,0.046480317105554114,0.5841621719195232
00000000000000000504,stable_nature,2000,70,64,0.03560072598123165,0.04662079137233206,0.5670144856520867
00000000000000000505,stable_crop,0,96,96,0.05956901337413587,0.04270003380109093,0.4175264655346947
00000000000000000505,stable_crop,500,95,92,0.05956901337413587,0.04634626514688363,0.4375786552574505
00000000000000000505,stable_crop,1000,86,88,0.06155811259360944,0.049273042125064226,0.4445775400399916
00000000000000000505,stable_crop,2000,69,57,0.07401834051486751,0.05347955180625126,0.41945439906674786
00000000000000000506,stable_nature,0,100,100,0.041517236077752616,0.07307188783134086,0.6376860677342554
00000000000000000506,stable_nature,500,98,96,0.041517236077752616,0.07307188783134086,0.6376860677342554
00000000000000000506,stable_nature,1000,96,87,0.041517236077752616,0.07342626488057002,0.6388031012432346
00000000000000000506,stable_nature,2000,79,60,0.04192433109910383,0.08516682722465471,0.6701239358211389
00000000000000000507,stable_crop,0,100,100,0.08791199611311414,0.08775633826695366,0.4995569553052663
00000000000000000507,stable_crop,500,98,94,0.08791199611311414,0.11132128524493745,0.5587484404491534
00000000000000000507,stable_crop,1000,95,84,0.08791199611311414,0.11875102856871404,0.5746118772381501
00000000000000000508,stable_built,0,100,100,0.18054068738169793,0.0535619218141802,0.2287967741920173
00000000000000000508,stable_built,500,98,96,0.20022335731077306,0.055176820906423396,0.21604065154286656
00000000000000000508,stable_built,1000,94,74,0.22750236790222234,0.06563251807616903,0.22389869379376182
00000000000000000508,stable_built,2000,76,33,0.23748096286073742,0.08949174275507121,0.27369789960373603
00000000000000000509,stable_nature,0,100,100,0.025158267562132353,0.018919680820331086,0.4292323375792398
00000000000000000509,stable_nature,500,95,99,0.03164316392807509,0.019088312815207353,0.37626172231145727
00000000000000000509,stable_nature,1000,90,96,0.03164316392807509,0.019088312815207353,0.37626172231145727
00000000000000000509,stable_nature,2000,67,90,0.03950663213344163,0.019088312815207353,0.3257672284121107
0000000000000000050a,stable_built,0,100,100,0.13085159653363412,0.050107578166691404,0.2768999043535335
0000000000000000050a,stable_built,500,97,89,0.13085159653363412,0.050107578166691404,0.2768999043535335
0000000000000000050a,stable_built,1000,88,70,0.13085159653363412,0.05476061528675593,0.29502700684074973
0000000000000000050a,stable_built,2000,58,15,0.15683802138535186,0.11185401487545069,0.41629077077098303
0000000000000000050b,stable_nature,0,100,100,0.10672332668567967,0.07988223352989983,0.4280806715361875
0000000000000000050b,stable_nature,500,99,98,0.10672332668567967,0.07988223352989983,0.4280806715361875
0000000000000000050b,stable_nature,1000,90,93,0.11141227190859368,0.09086535609602915,0.4492111015534714
0000000000000000050b,stable_nature,2000,62,55,0.1191916796493413,0.10305140985560635,0.4636878027779959
0000000000000000050c,stable_nature,0,100,100,0.0505079109714975,0.06528353908667009,0.5638027596451313
0000000000000000050c,stable_nature,500,99,100,0.0505079109714975,0.06528353908667009,0.5638027596451313
0000000000000000050c,stable_nature,1000,95,99,0.0505079109714975,0.06826506989329162,0.5747525185919992
0000000000000000050c,stable_nature,2000,72,93,0.05651264262716256,0.06826506989329162,0.5470934553440717
0000000000000000050e,stable_nature,0,100,100,0.03353113063937165,0.023586020881257275,0.412941126315198
0000000000000000050e,stable_nature,500,99,93,0.034161924815250114,0.02550399742356644,0.4274466306086356
0000000000000000050e,stable_nature,1000,97,82,0.034161924815250114,0.02763474078587318,0.4471882182737651
0000000000000000050e,stable_nature,2000,79,62,0.034487996282937326,0.029876853119067404,0.4641796476831757
0000000000000000050f,stable_built,0,100,100,0.2013063040397441,0.0882551347122105,0.3047889770554263
0000000000000000050f,stable_built,500,98,87,0.24767334077481773,0.09262335952921122,0.27218412475403725
0000000000000000050f,stable_built,1000,93,57,0.26671972667397065,0.1172162032964971,0.3053014686726716
00000000000000000510,stable_nature,0,100,100,0.028613172592520098,0.010323543435101579,0.26513646984283235
00000000000000000510,stable_nature,500,99,97,0.03733351336321304,0.01450087679622114,0.27975397706694416
00000000000000000510,stable_nature,1000,97,91,0.03733351336321304,0.023245715675247292,0.3837241913413162
00000000000000000510,stable_nature,2000,68,77,0.03733351336321304,0.023828543901002818,0.3895968344831103
00000000000000000511,stable_nature,0,100,100,0.007204289392876229,0.13885131614181698,0.9506743382600564
00000000000000000511,stable_nature,500,99,100,0.007204289392876229,0.13885131614181698,0.9506743382600564
00000000000000000511,stable_nature,1000,92,100,0.007389880265032622,0.13885131614181698,0.9494678623564928
00000000000000000511,stable_nature,2000,69,100,0.01117696482922328,0.13885131614181698,0.9255009471693789
00000000000000000512,stable_nature,0,100,100,0.06687997284523747,0.09633979305408198,0.5902458720160033
00000000000000000512,stable_nature,500,86,99,0.09795661715322498,0.09633979305408198,0.49583928468258986
00000000000000000512,stable_nature,1000,62,86,0.11881219733053046,0.10352621058959217,0.46562450256601373
00000000000000000513,stable_nature,0,100,100,0.03495617280741625,0.5241134706973483,0.937474385857876
00000000000000000513,stable_nature,500,99,100,0.03495617280741625,0.5241134706973483,0.937474385857876
00000000000000000513,stable_nature,1000,91,100,0.035151982571299034,0.5241134706973483,0.9371461577560546
00000000000000000513,stable_nature,2000,63,100,0.037863176217461755,0.5241134706973483,0.9326250006539257
00000000000000000514,stable_nature,0,100,100,0.044270185998965574,0.04619127853391616,0.5106182922410627
00000000000000000514,stable_nature,500,98,100,0.044270185998965574,0.04619127853391616,0.5106182922410627
00000000000000000514,stable_nature,1000,92,100,0.044270185998965574,0.04619127853391616,0.5106182922410627
00000000000000000514,stable_nature,2000,49,88,0.05423066904184528,0.04649264059199505,0.4615876976297568
00000000000000000515,stable_nature,0,100,100,0.07938300179633866,0.13533233024164273,0.6302872224190924
00000000000000000515,stable_nature,500,98,100,0.07938300179633866,0.13533233024164273,0.6302872224190924
00000000000000000515,stable_nature,1000,86,100,0.07938300179633866,0.13533233024164273,0.6302872224190924
00000000000000000515,stable_nature,2000,67,99,0.08233917407072792,0.13533233024164273,0.6217273623781808
00000000000000000516,stable_nature,0,100,100,0.025482181136045435,0.16168805144611756,0.8638555886512388
00000000000000000516,stable_nature,500,97,100,0.026091791456256862,0.16168805144611756,0.8610511594118071
00000000000000000516,stable_nature,1000,95,95,0.026091791456256862,0.16168805144611756,0.8610511594118071
00000000000000000516,stable_nature,2000,77,62,0.02802365280716681,0.17253679255403914,0.8602732819148015
00000000000000000518,stable_crop,0,100,100,0.053794657657038815,0.026273090347845952,0.32813574756611047
00000000000000000518,stable_crop,500,99,98,0.05556604464809032,0.029029930407231164,0.343159711651812
00000000000000000518,stable_crop,1000,92,97,0.05556604464809032,0.029029930407231164,0.343159711651812
00000000000000000518,stable_crop,2000,64,76,0.057831993691062775,0.029029930407231164,0.33420777525082634
0000000000000000051a,stable_nature,0,100,100,0.013759415140878773,0.06705853173951862,0.8297480241353927
0000000000000000051a,stable_nature,500,94,100,0.016395221042613973,0.06705853173951862,0.8035412369504883
0000000000000000051a,stable_nature,1000,77,100,0.019615373597518238,0.06705853173951862,0.7736876684854994
0000000000000000051a,stable_nature,2000,52,89,0.023154257275374634,0.0680637391974297,0.7461656891025445
0000000000000000051b,stable_built,0,100,100,0.06397627688728243,0.03331906327036036,0.3424528165072725
0000000000000000051b,stable_built,500,100,96,0.06397627688728243,0.03331906327036036,0.3424528165072725
0000000000000000051b,stable_built,1000,100,81,0.06397627688728243,0.03559611500612923,0.3574898054460315
0000000000000000051b,stable_built,2000,85,35,0.0684185489056236,0.0736947203294811,0.5185632610213609
0000000000000000051c,stable_crop,0,100,100,0.035978128507579,0.028805121545964617,0.4446384138139477
0000000000000000051c,stable_crop,500,99,99,0.035978128507579,0.028805121545964617,0.4446384138139477
0000000000000000051c,stable_crop,1000,98,89,0.035978128507579,0.03562831205146115,0.49755736736540807
0000000000000000051c,stable_crop,2000,87,60,0.035982379781680285,0.03562831205146115,0.497527829140101
0000000000000000051e,stable_nature,0,100,100,0.035534680194476365,0.04605603519477637,0.5644764232607583
0000000000000000051e,stable_nature,500,99,100,0.035534680194476365,0.04605603519477637,0.5644764232607583
0000000000000000051e,stable_nature,1000,90,98,0.035534680194476365,0.04605603519477637,0.5644764232607583
0000000000000000051e,stable_nature,2000,56,88,0.045049009017218936,0.056864205319395844,0.5579669495166539
0000000000000000051f,stable_built,0,100,100,0.060396935658121875,0.031142028197931236,0.3402051638530943
0000000000000000051f,stable_built,500,99,98,0.060396935658121875,0.043400492317121245,0.41812685692996776
0000000000000000051f,stable_built,1000,95,94,0.060396935658121875,0.043400492317121245,0.41812685692996776
0000000000000000051f,stable_built,2000,82,73,0.060396935658121875,0.055076411864884586,0.47696211330007915
00000000000000000520,stable_nature,0,100,100,0.07327215212347349,0.08149276765427797,0.5265583943104047
00000000000000000520,stable_nature,500,99,83,0.07327215212347349,0.11967381602570545,0.6202452280970063
00000000000000000520,stable_nature,1000,90,78,0.07530455089278196,0.11967381602570545,0.6137799691138169
00000000000000000520,stable_nature,2000,68,72,0.07880506334616004,0.11967381602570545,0.6029549159277767
00000000000000000521,stable_crop,0,100,100,0.13488476413140654,0.03129766242759546,0.1883331653981782
00000000000000000521,stable_crop,500,99,98,0.13488476413140654,0.032551808215420586,0.19441277230519596
00000000000000000521,stable_crop,1000,92,93,0.13488476413140654,0.03540400778475037,0.2079057085570734
00000000000000000521,stable_crop,2000,76,67,0.15685601010331846,0.04782660539410102,0.23366227404139422
00000000000000000522,stable_crop,0,100,100,0.062064009273256726,0.05049218842361658,0.4485953635280859
00000000000000000522,stable_crop,500,98,99,0.062064009273256726,0.05049218842361658,0.4485953635280859
00000000000000000522,stable_crop,1000,87,91,0.062064009273256726,0.05049218842361658,0.4485953635280859
00000000000000000522,stable_crop,2000,56,75,0.07055822440257864,0.05167284918493627,0.42274724149842985
00000000000000000524,stable_crop,0,100,100,0.06312291790262,0.01750462013415366,0.21710473319863519
00000000000000000524,stable_crop,500,98,98,0.06312291790262,0.01750462013415366,0.21710473319863519
00000000000000000524,stable_crop,1000,91,93,0.06653052215343505,0.01750462013415366,0.2083011899240949
00000000000000000524,stable_crop,2000,60,61,0.08766478649558099,0.02099452672028801,0.19321424090345418
00000000000000000525,stable_nature,0,100,100,0.06100788736382836,0.1050208086291424,0.6325461270439429
00000000000000000525,stable_nature,500,100,99,0.06100788736382836,0.1050208086291424,0.6325461270439429
00000000000000000525,stable_nature,1000,96,91,0.06100788736382836,0.1050208086291424,0.6325461270439429
00000000000000000525,stable_nature,2000,80,60,0.06392824578188513,0.1218493172619645,0.6558882314144048
00000000000000000526,stable_built,0,100,100,0.16333243608328876,0.06287326735364078,0.2779473125481697
00000000000000000526,stable_built,500,100,86,0.16333243608328876,0.09418951057411587,0.3657533340218786
00000000000000000526,stable_built,1000,98,61,0.16333243608328876,0.10601353188964102,0.393596134692843
00000000000000000527,stable_built,0,100,100,0.1590410482380465,0.05392883203481824,0.2532228123783018
00000000000000000527,stable_built,500,100,90,0.1590410482380465,0.06217045128777299,0.2810452956593945
00000000000000000527,stable_built,1000,95,69,0.1590410482380465,0.07357935587419002,0.316306543076817
00000000000000000528,stable_crop,0,100,100,0.037999338043253617,0.004813507685922413,0.1124313883795321
00000000000000000528,stable_crop,500,100,90,0.037999338043253617,0.009794320012389246,0.20492928163777432
00000000000000000528,stable_crop,1000,96,78,0.049519111577039365,0.009862841319870808,0.16609156214223986
00000000000000000528,stable_crop,2000,81,57,0.0650752029734318,0.009862841319870808,0.1316132735081353
00000000000000000529,stable_crop,0,100,100,0.08622116550963525,0.017136189607045348,0.16579555066530513
00000000000000000529,stable_crop,500,98,98,0.08622116550963525,0.0206832800601781,0.19347446170026225
00000000000000000529,stable_crop,1000,89,93,0.08622116550963525,0.0206832800601781,0.19347446170026225
00000000000000000529,stable_crop,2000,71,64,0.09022115640525144,0.02839792483808832,0.23940435670372726
0000000000000000052a,stable_nature,0,100,100,0.01418843907619376,0.011202225345952032,0.4411946516744254
0000000000000000052a,stable_nature,500,99,100,0.014715181642422803,0.011202225345952032,0.43222785946698
0000000000000000052a,stable_nature,1000,90,80,0.015042257483507893,0.011202225345952032,0.42684115432255665
0000000000000000052a,stable_nature,2000,67,32,0.02020243260055048,0.03531063545159161,0.6360778946281459
0000000000000000052c,stable_nature,0,100,100,0.13865604809507254,0.12241932149827754,0.4689041394003903
0000000000000000052c,stable_nature,500,97,99,0.14827125001821997,0.12241932149827754,0.4522481917711136
0000000000000000052c,stable_nature,1000,90,89,0.15583936548372962,0.12241932149827754,0.43994788743380187
0000000000000000052c,stable_nature,2000,58,73,0.17121576455576548,0.12241932149827754,0.41690971996217635
0000000000000000052d,stable_crop,0,100,100,0.0345792019950395,0.019477422085837092,0.36031517721742506
0000000000000000052d,stable_crop,500,99,95,0.03644830428124979,0.02400116522921598,0.39704509275575284
0000000000000000052d,stable_crop,1000,93,86,0.03644830428124979,0.02413485354601135,0.39837562799925236
0000000000000000052d,stable_crop,2000,80,61,0.039667137361419025,0.025747067649536402,0.3936005588515634
0000000000000000052e,stable_crop,0,100,100,0.0345509153440325,0.049292484624972266,0.5879113280545255
0000000000000000052e,stable_crop,500,99,98,0.0345509153440325,0.05665743655199311,0.6211869348977981
0000000000000000052e,stable_crop,1000,97,93,0.03627569252430436,0.06016012400501192,0.6238358959308394
0000000000000000052e,stable_crop,2000,61,74,0.03955644671648202,0.06539560224980401,0.6230998145656792
0000000000000000052f,stable_built,0,100,100,0.2929552329236516,0.019341099983165622,0.061931883103074015
0000000000000000052f,stable_built,500,99,14,0.32804020814434964,0.032402947537165196,0.0898975248283153
00000000000000000530,stable_crop,0,100,100,0.04026746195006516,0.014815658023891643,0.2689691148690831
00000000000000000530,stable_crop,500,97,99,0.048972858945140474,0.014815658023891643,0.23226214885748236
00000000000000000530,stable_crop,1000,91,97,0.07618286310655642,0.014815658023891643,0.1628120747422951
00000000000000000530,stable_crop,2000,71,66,0.12022771110237603,0.02036456655464134,0.14484840059407086
00000000000000000532,stable_crop,0,100,100,0.15175583229223016,0.009621485857071631,0.05962105435480394
00000000000000000532,stable_crop,500,99,90,0.15750028896075768,0.027648071528829865,0.1493292808835616
00000000000000000532,stable_crop,1000,97,67,0.15750028896075768,0.05548472294710192,0.2605099882373174
00000000000000000532,stable_crop,2000,84,34,0.15930971633935334,0.15176803162158953,0.48787813534048335
00000000000000000533,stable_nature,0,100,100,0.23813332380105184,0.25666782724417525,0.5187292444681397
00000000000000000533,stable_nature,500,99,96,0.25371146688920654,0.25666782724417525,0.5028962385307801
00000000000000000533,stable_nature,1000,96,86,0.25848380093639217,0.2566678272441753,0.4982374376844862
00000000000000000533,stable_nature,2000,71,65,0.25848380093639217,0.2566678272441753,0.4982374376844862
00000000000000000534,stable_crop,0,100,100,0.13872195235927934,0.04609708108641024,0.24941739076731395
00000000000000000534,stable_crop,500,98,100,0.13872195235927934,0.04609708108641024,0.24941739076731395
00000000000000000534,stable_crop,1000,91,95,0.13872195235927934,0.0688057245791793,0.33154963036208307
00000000000000000534,stable_crop,2000,65,78,0.14051058578560535,0.0688057245791793,0.3287164982936105
00000000000000000535,stable_built,0,100,100,0.1524272007714778,0.06735566500739991,0.30646458616505434
00000000000000000535,stable_built,500,99,97,0.1524272007714778,0.06735566500739991,0.30646458616505434
00000000000000000535,stable_built,1000,93,87,0.15984701297912216,0.07334577092308825,0.31452847594774347
00000000000000000535,stable_built,2000,77,56,0.18199669663960286,0.07667237576139903,0.2964110670418349
00000000000000000536,stable_built,0,100,100,0.13975888542195564,0.12508890375780435,0.47230488177656843
00000000000000000536,stable_built,500,100,80,0.13975888542195564,0.15275327210695777,0.522211703598462
00000000000000000536,stable_built,1000,97,69,0.13975888542195564,0.15275327210695777,0.522211703598462
00000000000000000537,stable_built,0,100,100,0.10551229756298137,0.0606043302878251,0.3648300057107501
00000000000000000537,stable_built,500,98,99,0.10551229756298137,0.0606043302878251,0.3648300057107501
00000000000000000537,stable_built,1000,93,94,0.10551229756298137,0.0606043302878251,0.3648300057107501
00000000000000000537,stable_built,2000,64,70,0.13390730236382825,0.08060320665988815,0.37575411585360075
00000000000000000539,stable_built,0,100,100,0.06625793124924317,0.036353917180979044,0.35428576462440425
00000000000000000539,stable_built,500,100,98,0.06625793124924317,0.036353917180979044,0.35428576462440425
00000000000000000539,stable_built,1000,100,86,0.06625793124924317,0.03761978730591553,0.3621545392872428
00000000000000000539,stable_built,2000,89,55,0.08614488314402542,0.04700794123961771,0.3530375075171088
0000000000000000053a,stable_built,0,100,100,0.11704535589972846,0.05290079586449843,0.31127975135076047
0000000000000000053a,stable_built,500,100,80,0.11704535589972846,0.0611630692796987,0.34321087354749996
0000000000000000053a,stable_built,1000,97,16,0.11704535589972846,0.06770763820580158,0.3664765409255605
0000000000000000053c,stable_crop,0,100,100,0.0705115371945146,0.0034405029683689746,0.04652343546904923
0000000000000000053c,stable_crop,500,100,97,0.0705115371945146,0.004148043732709539,0.05555942962896302
0000000000000000053c,stable_crop,1000,100,84,0.0705115371945146,0.008494963606203743,0.10752233702291726
0000000000000000053c,stable_crop,2000,100,56,0.0705115371945146,0.01344790055502083,0.1601713984195311
0000000000000000053d,stable_nature,0,100,100,0.04433264697285346,0.06538072437459337,0.5959230271663595
0000000000000000053d,stable_nature,500,98,97,0.04433264697285346,0.06538072437459337,0.5959230271663595
0000000000000000053d,stable_nature,1000,87,91,0.04755995331101222,0.06538072437459337,0.5788943869808859
0000000000000000053d,stable_nature,2000,42,64,0.06857588782459437,0.07148855461258954,0.510397595336449
0000000000000000053e,stable_crop,0,100,100,0.10043592983752461,0.012166522567317695,0.10804846881546643
0000000000000000053e,stable_crop,500,100,98,0.10043592983752461,0.014502574314866878,0.1261768144773524
0000000000000000053e,stable_crop,1000,96,91,0.10646711452892485,0.016164386133435894,0.13181267493259513
0000000000000000053e,stable_crop,2000,48,69,0.11642036603547332,0.017034852215663275,0.12764470688196974
0000000000000000053f,stable_crop,0,100,100,0.15357593027910904,0.0319428607590531,0.17218126843177903
0000000000000000053f,stable_crop,500,99,96,0.15357593027910904,0.04599344145446964,0.2304634276027062
0000000000000000053f,stable_crop,1000,90,90,0.15917491734959185,0.04599344145446964,0.22417414518663578
0000000000000000053f,stable_crop,2000,64,68,0.1646111256421939,0.04665935629289697,0.22085127967385138
00000000000000000540,stable_built,0,100,100,0.18186812503119576,0.06820166828052798,0.27273053405230224
00000000000000000540,stable_built,500,100,91,0.18186812503119576,0.0789959650589485,0.30282422172920703
00000000000000000540,stable_built,1000,99,71,0.18422514719444363,0.0789959650589485,0.3001125722111615
00000000000000000540,stable_built,2000,75,39,0.18694164397059623,0.09203537412216008,0.3299030678262881
00000000000000000541,stable_nature,0,100,100,0.0625827758142472,0.2038927937211743,0.7651462911811379
00000000000000000541,stable_nature,500,99,100,0.0625827758142472,0.2038927937211743,0.7651462911811379
00000000000000000541,stable_nature,1000,94,99,0.06728732935301,0.20509783882763566,0.752969921955743
00000000000000000541,stable_nature,2000,78,92,0.06789465909284242,0.21705651306496776,0.7617323045928617
00000000000000000542,stable_crop,0,48,71,0.07859383673526207,0.042297542956377866,0.34988055446068345
00000000000000000542,stable_crop,500,47,68,0.08088379785179589,0.05103801250793509,0.3868807770934556
00000000000000000542,stable_crop,1000,40,60,0.09655124557122001,0.06707131960663301,0.40991485210685036
00000000000000000542,stable_crop,2000,36,44,0.09836304907359553,0.0736428991836328,0.4281415842263462
00000000000000000543,stable_crop,0,100,100,0.054588595592139466,0.036275063788420915,0.3992252131965365
00000000000000000543,stable_crop,500,98,100,0.054588595592139466,0.036275063788420915,0.3992252131965365
00000000000000000543,stable_crop,1000,88,96,0.054588595592139466,0.04035925631588857,0.4250676082125354
00000000000000000543,stable_crop,2000,54,76,0.061000732265083804,0.05153883038147424,0.4579618861935622
00000000000000000544,stable_nature,0,100,100,0.13445783796821617,0.0308334799347167,0.18654022682931892
00000000000000000544,stable_nature,500,99,83,0.15024909441244128,0.033834878661758494,0.18380132771219945
00000000000000000544,stable_nature,1000,98,47,0.15024909441244128,0.05951350541735938,0.283718381948757
00000000000000000544,stable_nature,2000,79,9,0.16638034967293716,0.15482166614222193,0.48200714353808594
00000000000000000545,stable_built,0,100,100,0.2312136313933376,0.049873347251203494,0.17743030108162802
00000000000000000545,stable_built,500,98,94,0.2312136313933376,0.05041007055745479,0.17899796859457467
00000000000000000545,stable_built,1000,93,89,0.2312136313933376,0.05041007055745479,0.17899796859457467
00000000000000000545,stable_built,2000,73,61,0.24381044747227212,0.05041007055745479,0.17133431378225708
00000000000000000546,stable_built,0,100,100,0.25096460827065703,0.12309230301080394,0.3290737299540322
00000000000000000546,stable_built,500,98,96,0.25096460827065703,0.12309230301080394,0.3290737299540322
00000000000000000546,stable_built,1000,96,83,0.25096460827065703,0.1365376005748326,0.3523530897572831
00000000000000000546,stable_built,2000,85,58,0.25096460827065703,0.1548357311939069,0.3815564358517403
00000000000000000548,stable_nature,0,100,100,0.0911063330506429,0.097226410959614,0.5162480452884106
00000000000000000548,stable_nature,500,96,100,0.0911063330506429,0.097226410959614,0.5162480452884106
00000000000000000548,stable_nature,1000,88,94,0.0911063330506429,0.10284854296867382,0.5302704684665956
00000000000000000548,stable_nature,2000,60,77,0.11775021348515084,0.10326297647408264,0.4672254017629562
00000000000000000549,stable_nature,0,100,100,0.09526028119080152,0.09010139590802746,0.4860842722063966
00000000000000000549,stable_nature,500,99,97,0.09526028119080152,0.09010139590802746,0.4860842722063966
00000000000000000549,stable_nature,1000,96,91,0.09526028119080152,0.09010139590802746,0.4860842722063966
00000000000000000549,stable_nature,2000,75,62,0.09936060276519845,0.09010139590802746,0.47556447487368714
0000000000000000054a,stable_crop,0,100,100,0.09876242151250905,0.19478397332787947,0.6635543026618563
0000000000000000054a,stable_crop,500,94,99,0.11815960734407163,0.19478397332787947,0.6224252081126501
0000000000000000054a,stable_crop,1000,87,97,0.16157501457094856,0.19478397332787947,0.5465948101262229
0000000000000000054a,stable_crop,2000,71,75,0.1660597370586271,0.23291874702422982,0.5837877387274728
0000000000000000054b,stable_crop,0,100,100,0.05819715303467472,0.009020328009453783,0.13419616250418118
0000000000000000054b,stable_crop,500,94,99,0.05819715303467472,0.009020328009453783,0.13419616250418118
0000000000000000054b,stable_crop,1000,89,91,0.05819715303467472,0.00973757461865632,0.14333721433614255
0000000000000000054b,stable_crop,2000,71,61,0.05819715303467472,0.00976193596104411,0.1436443028469
0000000000000000054c,stable_nature,0,100,100,0.06734022844545609,0.026622211204103175,0.2833282245875011
0000000000000000054c,stable_nature,500,98,99,0.06734022844545604,0.026622211204103175,0.2833282245875013
0000000000000000054c,stable_nature,1000,87,96,0.0782122713602597,0.026622211204103175,0.25394517674568184
0000000000000000054c,stable_nature,2000,52,67,0.09133417759348697,0.026622211204103175,0.22569537330920197
0000000000000000054d,stable_nature,0,100,100,0.0209617767671485,0.014271057924200869,0.40504994982137377
0000000000000000054d,stable_nature,500,97,92,0.02594931254700237,0.018328387658029667,0.4139417262582386
0000000000000000054d,stable_nature,1000,91,69,0.030235074890367097,0.03171635455896473,0.5119551694023882
0000000000000000054d,stable_nature,2000,77,11,0.04074798242715698,0.05621781698925219,0.5797695406733158
0000000000000000054e,stable_crop,0,100,100,0.11177062556954123,0.017423949248794555,0.13486595140051355
0000000000000000054e,stable_crop,500,95,99,0.12594901597423327,0.01742394924879458,0.12152883370702931
0000000000000000054e,stable_crop,1000,86,95,0.12594901597423327,0.02081245415924251,0.1418114314347785
0000000000000000054e,stable_crop,2000,48,73,0.1429815604135663,0.022418938873535365,0.13554335670102843
0000000000000000054f,stable_crop,0,100,100,0.009816254454933504,0.010175221314351002,0.5089779979862985
0000000000000000054f,stable_crop,500,100,97,0.009816254454933504,0.014188118337786371,0.5910639057188083
0000000000000000054f,stable_crop,1000,93,96,0.01228660440135767,0.015068549489016059,0.550848646249723
0000000000000000054f,stable_crop,2000,78,74,0.04494861124722878,0.0462110722511244,0.5069244481465568
00000000000000000550,stable_nature,0,100,13,0.03575409708810377,0.03899667287058957,0.5216892467009653
00000000000000000550,stable_nature,500,99,13,0.03575409708810377,0.03899667287058957,0.5216892467009653
00000000000000000550,stable_nature,1000,90,13,0.03575409708810377,0.03899667287058957,0.5216892467009653
00000000000000000550,stable_nature,2000,63,9,0.03864256110556861,0.03899667287058957,0.5022804949629277
00000000000000000551,stable_crop,0,100,100,0.15793715560807467,0.029598371031202598,0.1578280742932348
00000000000000000551,stable_crop,500,100,95,0.15793715560807467,0.033298886094555315,0.17412453111825335
00000000000000000551,stable_crop,1000,96,76,0.18136766770846474,0.03909736356471074,0.1773404305378858
00000000000000000551,stable_crop,2000,87,34,0.20844256363112432,0.039578273749807644,0.15957640562619468
00000000000000000552,stable_nature,0,100,100,0.0028458062304622,0.017656488113441605,0.8611957187040594
00000000000000000552,stable_nature,500,97,100,0.002853702794878399,0.017656488113441605,0.8608641524354778
00000000000000000552,stable_nature,1000,96,100,0.002853702794878399,0.017656488113441605,0.8608641524354778
00000000000000000552,stable_nature,2000,78,93,0.0028622801010952824,0.017656488113441605,0.8605042918742094
00000000000000000554,stable_nature,0,100,100,0.01963150781573948,0.23609233667982482,0.9232316100386048
00000000000000000554,stable_nature,500,95,100,0.02256147285083405,0.23609233667982482,0.9127734755088828
00000000000000000554,stable_nature,1000,91,91,0.02256147285083405,0.2360923366798248,0.9127734755088827
00000000000000000554,stable_nature,2000,63,70,0.036262370568803146,0.2413954206222118,0.8693990526463354
00000000000000000555,stable_nature,0,100,100,0.038227815794604526,0.20186864036531346,0.8407814242373349
00000000000000000555,stable_nature,500,92,100,0.059821034126081085,0.20186864036531346,0.7714046828820537
00000000000000000555,stable_nature,1000,84,93,0.06662062016130299,0.21739361453316314,0.7654321085922442
00000000000000000555,stable_nature,2000,54,72,0.0690303888746023,0.21739361453316314,0.758992304925343
00000000000000000556,stable_crop,0,100,100,0.07501427572407274,0.007868688961340697,0.09493734920211618
00000000000000000556,stable_crop,500,97,93,0.07501427572407274,0.025280835115041356,0.2520644815413078
00000000000000000556,stable_crop,1000,92,84,0.07501427572407274,0.025280835115041356,0.2520644815413078
00000000000000000556,stable_crop,2000,60,55,0.0997394393167195,0.030061215637930093,0.231595253877582
00000000000000000557,stable_built,0,100,100,0.1427766025817027,0.023268944809734515,0.14013591556743143
00000000000000000557,stable_built,500,99,95,0.14277660258170272,0.03164166886425126,0.18141258138700495
00000000000000000557,stable_built,1000,97,90,0.1427766025817027,0.03164166886425126,0.18141258138700497
00000000000000000557,stable_built,2000,69,69,0.16245657306111186,0.034209407013559255,0.173946744629633
00000000000000000558,stable_crop,0,100,100,0.07765239083645434,0.045236425426024615,0.3681085618811378
00000000000000000558,stable_crop,500,100,95,0.07765239083645434,0.056165637986424224,0.4197165245973343
00000000000000000558,stable_crop,1000,94,87,0.07765239083645434,0.05634207027586866,0.42048059156877043
00000000000000000558,stable_crop,2000,69,44,0.09107894994895935,0.06079419830551551,0.400295898279859
0000000000000000055a,stable_crop,0,100,100,0.03833214000618588,0.025378414570839735,0.39833925067720244
0000000000000000055a,stable_crop,500,99,99,0.03833214000618588,0.025958890830074167,0.40377157578611444
0000000000000000055a,stable_crop,1000,96,89,0.03833214000618588,0.025958890830074167,0.40377157578611444
0000000000000000055a,stable_crop,2000,80,57,0.03954167341492929,0.028306962473461005,0.41720754002494914
0000000000000000055b,stable_nature,0,100,100,0.025363574127798393,0.028764571619153467,0.5314161647638166
0000000000000000055b,stable_nature,500,97,99,0.025363574127798393,0.03252499703118199,0.5618552398071145
0000000000000000055b,stable_nature,1000,94,91,0.025363574127798393,0.03252499703118199,0.5618552398071145
0000000000000000055b,stable_nature,2000,75,54,0.025363574127798393,0.037695214990828306,0.5977789221311876
0000000000000000055c,stable_crop,0,99,98,0.018464025856603027,0.01939875490082188,0.5123436396442022
0000000000000000055c,stable_crop,500,98,96,0.018464025856603027,0.01939875490082188,0.5123436396442022
0000000000000000055c,stable_crop,1000,95,90,0.02039946996563178,0.01939875490082188,0.4874276419470625
0000000000000000055c,stable_crop,2000,67,67,0.021315636511585457,0.020716692048751796,0.4928751929248979
0000000000000000055d,stable_nature,0,100,100,0.12223917264679476,0.0781086470443018,0.3898652212154974
0000000000000000055d,stable_nature,500,98,98,0.12223917264679476,0.08107619373319257,0.39877061520901486
0000000000000000055d,stable_nature,1000,96,69,0.12223917264679476,0.08107619373319253,0.3987706152090147
0000000000000000055d,stable_nature,2000,78,19,0.13844579826473674,0.12206758782095924,0.46856551079619574
0000000000000000055e,stable_nature,0,100,100,0.14455635728798977,0.11653167350348273,0.44633096794892413
0000000000000000055e,stable_nature,500,99,97,0.1445563572879898,0.1265049193023468,0.4667022929028367
0000000000000000055e,stable_nature,1000,93,94,0.1445563572879898,0.1265049193023468,0.4667022929028367
0000000000000000055e,stable_nature,2000,64,76,0.161178882396921,0.13910724804571628,0.4632489946845089
0000000000000000055f,stable_crop,0,100,100,0.023291909937424936,0.02158951499887609,0.4810345266229061
0000000000000000055f,stable_crop,500,99,100,0.023291909937424936,0.02158951499887609,0.4810345266229061
0000000000000000055f,stable_crop,1000,94,95,0.023291909937424936,0.026241576696409873,0.5297744713564194
0000000000000000055f,stable_crop,2000,43,83,0.03191439440647148,0.031115203736513643,0.49366019541222395
00000000000000000560,stable_crop,0,100,100,0.02801175632258792,0.019173760334596814,0.40634842410422056
00000000000000000560,stable_crop,500,100,97,0.02801175632258792,0.021123217170231735,0.42990187372114236
00000000000000000560,stable_crop,1000,93,95,0.030845190990607674,0.021123217170231735,0.40646265524335595
00000000000000000560,stable_crop,2000,71,75,0.042119188303778386,0.02524717314602578,0.37477418406311147
00000000000000000561,stable_crop,0,100,100,0.07752743363726192,0.01000151371896365,0.11426521192063689
00000000000000000561,stable_crop,500,98,98,0.07752743363726192,0.011386507181721206,0.12806211350787552
00000000000000000561,stable_crop,1000,96,87,0.07752743363726192,0.014053118217006966,0.15345090122645347
00000000000000000561,stable_crop,2000,76,60,0.08523074745312349,0.015465565944251991,0.15358621802833045
00000000000000000562,stable_nature,0,100,100,0.03428366625359127,0.038309917845302355,0.5277314561654007
00000000000000000562,stable_nature,500,95,100,0.04755371248721627,0.038309917845302355,0.4461716526135198
00000000000000000562,stable_nature,1000,91,100,0.055907598224108936,0.038309917845302355,0.40661141837651843
00000000000000000562,stable_nature,2000,72,100,0.060790146870708474,0.038309917845302355,0.3865781314543011
00000000000000000563,stable_crop,0,100,98,0.05465051631109645,0.024674584267282175,0.31105645107365404
00000000000000000563,stable_crop,500,99,92,0.05465051631109645,0.06358309272317082,0.5377751152314479
00000000000000000563,stable_crop,1000,95,80,0.05465051631109645,0.08117229076581205,0.5976337296522762
00000000000000000563,stable_crop,2000,72,50,0.05465051631109645,0.09238346952423426,0.6283137126342335
00000000000000000564,stable_built,0,100,100,0.03424454955499756,0.01503619945158563,0.305113046258122
00000000000000000564,stable_built,500,98,15,0.0378605815269504,0.03188548081171092,0.4571653186158316
00000000000000000564,stable_built,1000,90,12,0.0378605815269504,0.03203276005980884,0.45830917984638025
00000000000000000565,stable_nature,0,100,100,0.09913785040610763,0.15828914352403256,0.6148894531487002
00000000000000000565,stable_nature,500,98,100,0.10291604090336492,0.15828914352403256,0.6059954126501014
00000000000000000565,stable_nature,1000,92,98,0.10291604090336492,0.15828914352403253,0.6059954126501013
00000000000000000565,stable_nature,2000,71,61,0.10291604090336492,0.15828914352403256,0.6059954126501014
00000000000000000567,stable_nature,0,100,100,0.02213302669402617,0.2050758734593944,0.9025873252324902
00000000000000000567,stable_nature,500,99,100,0.022397314227323363,0.2050758734593944,0.9015386628376129
00000000000000000567,stable_nature,1000,91,100,0.02421753504461268,0.2050758734593944,0.8943818960888976
00000000000000000567,stable_nature,2000,58,100,0.02848178048989991,0.2050758734593944,0.8780524636672306
00000000000000000568,stable_built,0,100,100,0.0973191461874666,0.00822801699182738,0.07795583267143252
00000000000000000568,stable_built,500,98,52,0.10374971711211053,0.09484885211686911,0.47759081288764443
00000000000000000568,stable_built,1000,95,45,0.10374971711211053,0.09484885211686911,0.47759081288764443
00000000000000000568,stable_built,2000,78,27,0.10374971711211053,0.09484885211686907,0.47759081288764427
0000000000000000056a,stable_crop,0,100,100,0.21750778833253506,0.024176696259800456,0.10003412631340726
0000000000000000056a,stable_crop,500,98,97,0.21758246050122892,0.02622982730091237,0.10758205641419859
0000000000000000056a,stable_crop,1000,88,94,0.23469620599899538,0.02622982730091237,0.10052591138218601
0000000000000000056a,stable_crop,2000,29,76,0.2566672342974852,0.02720237321006793,0.09582700116724652
0000000000000000056b,stable_crop,0,100,100,0.08349039367385128,0.04348037643355736,0.3424439845204803
0000000000000000056b,stable_crop,500,100,95,0.08349039367385128,0.04348037643355736,0.3424439845204803
0000000000000000056b,stable_crop,1000,95,85,0.08679863182811405,0.0497418564059092,0.364301146486967
0000000000000000056b,stable_crop,2000,78,56,0.08984744967176166,0.05878399763261877,0.39550175079598243
0000000000000000056c,stable_nature,0,100,100,0.02043306234867992,0.019413942723069132,0.48721209254308856
0000000000000000056c,stable_nature,500,98,96,0.024568597452131004,0.033939095346886175,0.5800791951050275
0000000000000000056c,stable_nature,1000,91,92,0.028453127417067736,0.033939095346886175,0.5439635557582663
0000000000000000056c,stable_nature,2000,66,76,0.033746089058467564,0.033939095346886175,0.5014257646567074
0000000000000000056d,stable_nature,0,100,100,0.04562666287509938,0.20324071478414182,0.8166627409945636
0000000000000000056d,stable_nature,500,96,100,0.0553944483523892,0.20324071478414182,0.7858201194246245
0000000000000000056d,stable_nature,1000,86,98,0.06277157712459966,0.220437682165046,0.7783561975239663
0000000000000000056d,stable_nature,2000,58,69,0.0754586586180307,0.25778528852675586,0.7735633032037661
0000000000000000056e,stable_nature,0,100,100,0.03042738970309189,0.03201535812413643,0.5127153951041107
0000000000000000056e,stable_nature,500,97,99,0.03482253962386903,0.03201535812413643,0.47900007633936703
0000000000000000056e,stable_nature,1000,83,92,0.03494942210552547,0.03201535812413643,0.47809248404696775
0000000000000000056e,stable_nature,2000,68,61,0.03494942210552547,0.035200151135708756,0.5017871030256841
0000000000000000056f,stable_crop,0,100,100,0.1058395111705877,0.11049476659108015,0.5107594031506175
0000000000000000056f,stable_crop,500,100,95,0.1058395111705877,0.13190200057328624,0.5548126602090148
0000000000000000056f,stable_crop,1000,88,90,0.1174050395504705,0.1463044372592947,0.5547940067557036
0000000000000000056f,stable_crop,2000,54,73,0.1331321356977643,0.15843405353385828,0.5433896637701485
00000000000000000570,stable_built,0,100,100,0.08268479070097692,0.04606986764214318,0.3578112686145547
00000000000000000570,stable_built,500,99,99,0.08399092621217083,0.047388362643540585,0.3606988822661737
00000000000000000570,stable_built,1000,94,95,0.09210363315533879,0.047388362643540585,0.3397210167637558
00000000000000000570,stable_built,2000,75,64,0.112641595995808,0.057107750485421896,0.33642397846521416
00000000000000000571,stable_crop,0,100,100,0.08191252324609796,0.02466132155775369,0.23140125612350068
00000000000000000571,stable_crop,500,100,99,0.08191252324609796,0.02466132155775369,0.23140125612350068
00000000000000000571,stable_crop,1000,94,90,0.08191252324609796,0.02466132155775369,0.23140125612350068
00000000000000000571,stable_crop,2000,78,55,0.08266517233105261,0.02676480845071789,0.24458387234709217
00000000000000000572,stable_built,0,100,100,0.1950784042332545,0.09355883847382881,0.32413987050330384
00000000000000000572,stable_built,500,100,94,0.1950784042332545,0.09355883847382881,0.32413987050330384
00000000000000000572,stable_built,1000,95,84,0.20061707272095958,0.1006284550258878,0.33404132429184874
00000000000000000572,stable_built,2000,76,17,0.23958987458623437,0.14060322286065347,0.3698205564605907
00000000000000000573,stable_nature,0,100,100,0.06514903176506406,0.107892190902426,0.6235057129082145
00000000000000000573,stable_nature,500,97,100,0.06514903176506406,0.107892190902426,0.6235057129082145
00000000000000000573,stable_nature,1000,90,99,0.07230378318515304,0.107892190902426,0.5987491754360137
00000000000000000573,stable_nature,2000,52,83,0.10374811512383564,0.1108863966310211,0.5166289229252776
00000000000000000574,stable_crop,0,100,100,0.02390501393748685,0.025190403745015088,0.5130907309396431
00000000000000000574,stable_crop,500,98,99,0.02390501393748685,0.025190403745015088,0.5130907309396431
00000000000000000574,stable_crop,1000,91,91,0.023905013937486917,0.025190403745015088,0.5130907309396424
00000000000000000574,stable_crop,2000,68,72,0.024262853939480022,0.025190403745015088,0.5093780455317418
00000000000000000575,stable_crop,0,100,100,0.0220790690127592,0.006809839859910438,0.23572506284988717
00000000000000000575,stable_crop,500,99,94,0.02207906901275918,0.008100306547146618,0.2684053727619107
00000000000000000575,stable_crop,1000,96,84,0.0220790690127592,0.011141833463850115,0.33538623676342455
00000000000000000575,stable_crop,2000,66,61,0.026577608472754477,0.016026040603475344,0.37616591420195294
00000000000000000578,stable_built,0,100,100,0.18253831980090443,0.04893408946220048,0.21140355180028286
00000000000000000578,stable_built,500,98,94,0.20415178508475051,0.0535533564466993,0.2078086456802646
00000000000000000578,stable_built,1000,96,84,0.20559991467468378,0.05514142040465644,0.21147939734091697
00000000000000000578,stable_built,2000,80,62,0.20559991467468378,0.06454837142961808,0.2389368163692795
00000000000000000579,stable_crop,0,100,100,0.09013908031175091,0.01609912550145729,0.15153800253001082
00000000000000000579,stable_crop,500,99,97,0.09013908031175095,0.022741435842299883,0.20146466916454045
00000000000000000579,stable_crop,1000,99,88,0.09013908031175095,0.025158516179772338,0.21820503588211218
00000000000000000579,stable_crop,2000,95,57,0.09013908031175095,0.027263915765313795,0.23222504259759438
0000000000000000057a,stable_nature,0,100,100,0.10739345073911803,0.2623222359476069,0.7095242246758484
0000000000000000057a,stable_nature,500,99,100,0.12625678675131147,0.2623222359476069,0.6750807959857016
0000000000000000057a,stable_nature,1000,96,100,0.12625678675131147,0.2623222359476069,0.6750807959857016
0000000000000000057a,stable_nature,2000,83,100,0.12625678675131147,0.2623222359476069,0.6750807959857016
0000000000000000057b,stable_crop,0,100,100,0.029553794410708135,0.013789983202753198,0.3181536996016764
0000000000000000057b,stable_crop,500,97,96,0.029553794410708135,0.016542561585265993,0.3588691823351912
0000000000000000057b,stable_crop,1000,93,77,0.029553794410708135,0.025077118425498514,0.45902799574711883
0000000000000000057b,stable_crop,2000,80,37,0.029553794410708135,0.03467079630001495,0.5398367808311527
0000000000000000057c,stable_built,0,100,100,0.062051192951331255,0.041704262489120514,0.4019476596356308
0000000000000000057c,stable_built,500,91,90,0.062051192951331255,0.04575812556165413,0.4244357184737999
0000000000000000057c,stable_built,1000,78,50,0.07394302196654656,0.05329713418684463,0.4188703927883799
0000000000000000057d,stable_nature,0,100,100,0.031374250538546124,0.10278245798163418,0.7661372965587268
0000000000000000057d,stable_nature,500,99,100,0.031374250538546124,0.10278245798163418,0.7661372965587268
0000000000000000057d,stable_nature,1000,95,100,0.03382728990103381,0.10278245798163418,0.7523801161624284
0000000000000000057d,stable_nature,2000,67,47,0.04038112686527249,0.13473632490255083,0.7694054678252139
00000000000000000580,stable_crop,0,100,100,0.11059840586635836,0.12029495922790949,0.5209979038517419
00000000000000000580,stable_crop,500,96,99,0.1216923222367712,0.12029495922790949,0.49711273460035155
00000000000000000580,stable_crop,1000,92,92,0.1343379928480798,0.12819130002695173,0.48829332004289794
00000000000000000580,stable_crop,2000,75,74,0.14463043835014203,0.12819130002695173,0.4698720152911571
00000000000000000581,stable_crop,0,100,99,0.06290478848124854,0.058765805186224054,0.48299102859930815
00000000000000000581,stable_crop,500,97,98,0.06606539638451958,0.058765805186224054,0.4707621527815693
00000000000000000581,stable_crop,1000,85,91,0.07662703919292635,0.059883272616943525,0.43867215467143345
00000000000000000581,stable_crop,2000,43,70,0.1086332709278851,0.0688262276143609,0.38784189169557626
00000000000000000582,stable_nature,0,100,100,0.03368411289141411,0.030814041050099817,0.47775074427035275
00000000000000000582,stable_nature,500,100,95,0.03368411289141411,0.030814041050099817,0.47775074427035275
00000000000000000582,stable_nature,1000,97,83,0.03368411289141411,0.030814041050099817,0.47775074427035275
00000000000000000582,stable_nature,2000,60,68,0.04145839124242876,0.031376118705815206,0.4307864325260129
00000000000000000583,stable_nature,0,100,100,0.1307445627989784,0.0366250379576198,0.21882730072747164
00000000000000000583,stable_nature,500,100,82,0.1307445627989784,0.04295064790283305,0.24727594807620018
00000000000000000583,stable_nature,1000,96,62,0.1983896871114297,0.12746126247802397,0.39116431189850415
00000000000000000583,stable_nature,2000,74,51,0.21235331999070092,0.2404418741742364,0.5310168422108317
00000000000000000584,stable_crop,0,100,100,0.12210981081908949,0.07037378626492666,0.36560926401351473
00000000000000000584,stable_crop,500,96,98,0.12210981081908949,0.07654598302798261,0.38531966042995663
00000000000000000584,stable_crop,1000,91,93,0.1225402713616985,0.07654598302798261,0.3844865295309187
00000000000000000584,stable_crop,2000,64,73,0.12361021260938579,0.12078081754262907,0.49421133609939527
00000000000000000585,stable_built,0,100,100,0.06926951573405145,0.058389695680860984,0.4573872502676516
00000000000000000585,stable_built,500,97,100,0.07311903486057243,0.058389695680860984,0.4439986260989768
00000000000000000585,stable_built,1000,97,98,0.07311903486057243,0.058389695680860984,0.4439986260989768
00000000000000000585,stable_built,2000,87,72,0.07876012900176503,0.061552484701645246,0.4386810499540323
00000000000000000586,stable_nature,0,100,100,0.07441901514754468,0.0825229394543289,0.5258182215402198
00000000000000000586,stable_nature,500,98,100,0.07441901514754468,0.0825229394543289,0.5258182215402198
00000000000000000586,stable_nature,1000,85,100,0.07441901514754468,0.0825229394543289,0.5258182215402198
00000000000000000586,stable_nature,2000,38,95,0.08970826438038934,0.0855698314785889,0.4881946660748002
00000000000000000587,stable_crop,0,100,100,0.0036466413640915186,0.01191745161786848,0.7657016461489942
00000000000000000587,stable_crop,500,96,100,0.013258937316658437,0.01191745161786848,0.4733582583422645
00000000000000000587,stable_crop,1000,85,94,0.016932836707873246,0.01792033279622298,0.5141665177281128
00000000000000000587,stable_crop,2000,56,78,0.020655362495017315,0.021455626136237017,0.5095018386674346
00000000000000000588,stable_crop,0,100,100,0.12534729895736957,0.08164801867429902,0.39444379519342854
00000000000000000588,stable_crop,500,98,95,0.13055374538367465,0.08568191147904751,0.3962432131766625
00000000000000000588,stable_crop,1000,91,77,0.13055374538367465,0.08568191147904751,0.3962432131766625
00000000000000000588,stable_crop,2000,79,23,0.13484483638142591,0.1369077980217337,0.5037956607924539
00000000000000000589,stable_built,0,100,100,0.07371733139838857,0.08094515005736853,0.5233664253602475
00000000000000000589,stable_built,500,98,75,0.09401641759306323,0.10152709755695484,0.5192046255205424
00000000000000000589,stable_built,1000,92,45,0.10651289124731286,0.10575455338112667,0.4982137207415154
0000000000000000058a,stable_crop,0,100,100,0.02381365389161618,0.0075188770043553175,0.23997030527406482
0000000000000000058a,stable_crop,500,99,97,0.02381365389161616,0.008206396557190642,0.25628930754043067
0000000000000000058a,stable_crop,1000,94,87,0.02381365389161616,0.009479456953162612,0.2847272817813151
0000000000000000058a,stable_crop,2000,66,72,0.024840975083621507,0.018022535544153007,0.42046335635547266
0000000000000000058b,stable_crop,0,100,100,0.11172418886714874,0.15779629525080874,0.5854705098450427
0000000000000000058b,stable_crop,500,97,99,0.11172418886714874,0.16350783448858247,0.5940727117958153
0000000000000000058b,stable_crop,1000,95,90,0.11172418886714874,0.16350783448858247,0.5940727117958153
0000000000000000058b,stable_crop,2000,78,61,0.11172418886714874,0.20175378495977653,0.6435979615924259
0000000000000000058c,stable_nature,0,100,100,0.04911395108763703,0.13683068768091197,0.7358678829696911
0000000000000000058c,stable_nature,500,99,100,0.04911395108763703,0.13683068768091197,0.7358678829696911
0000000000000000058c,stable_nature,1000,97,60,0.04911395108763703,0.15583901636246156,0.7603647719794273
0000000000000000058d,stable_nature,0,100,100,0.09959911382205855,0.7377872734392575,0.8810595498827252
0000000000000000058d,stable_nature,500,98,100,0.09959911382205855,0.7377872734392575,0.8810595498827252
0000000000000000058d,stable_nature,1000,95,100,0.09959911382205855,0.7377872734392575,0.8810595498827252
0000000000000000058d,stable_nature,2000,77,100,0.12319597183463571,0.7377872734392575,0.8569124631498469
0000000000000000058e,stable_built,0,100,100,0.1680700754949325,0.03684664407773688,0.17981277542601973
0000000000000000058e,stable_built,500,100,82,0.1680700754949325,0.044970149188928964,0.21108759744996888
0000000000000000058e,stable_built,1000,99,73,0.1680700754949325,0.04575200916406932,0.2139723276799004
0000000000000000058e,stable_built,2000,83,61,0.19014128106512915,0.05636245437144296,0.22864746561099045
0000000000000000058f,stable_built,0,100,100,0.17644649272452342,0.08900849854424926,0.33530542454104023
0000000000000000058f,stable_built,500,99,100,0.19012345140499748,0.08900849854424926,0.31887606760929516
0000000000000000058f,stable_built,1000,96,95,0.19012345140499748,0.09273818606376796,0.32785706429943356
0000000000000000058f,stable_built,2000,83,51,0.20874843726896844,0.10621677197357689,0.3372333478630184
00000000000000000590,stable_nature,0,100,100,0.023607227260537544,0.043202049747410334,0.6466474669621737
00000000000000000590,stable_nature,500,99,98,0.023607227260537544,0.043202049747410334,0.6466474669621737
00000000000000000590,stable_nature,1000,95,90,0.023607227260537544,0.04535190745152466,0.6576635226099222
00000000000000000590,stable_nature,2000,68,45,0.0241821217151466,0.06385706952939023,0.725325490000199
00000000000000000593,stable_nature,0,100,61,0.00889622871674114,0.06738054498431326,0.8833691006322474
00000000000000000593,stable_nature,500,96,61,0.011478909097860247,0.06738054498431326,0.8544383900153129
00000000000000000593,stable_nature,1000,92,61,0.01208427395725431,0.06738054498431326,0.8479292582672577
00000000000000000593,stable_nature,2000,68,61,0.012298300593511469,0.06738054498431326,0.8456516217677249
00000000000000000595,stable_nature,0,99,97,0.013789901026957919,0.10655756933228615,0.8854159461210136
00000000000000000595,stable_nature,500,96,97,0.015036822566591623,0.10655756933228615,0.8763362163941482
00000000000000000595,stable_nature,1000,90,97,0.01724090745782003,0.10655756933228615,0.860734090550146
00000000000000000595,stable_nature,2000,60,94,0.019356157968528565,0.13355173036719659,0.8734129535102627
00000000000000000596,stable_nature,0,100,9,0.03367631239792666,0.47694274777720125,0.9340480702241889
00000000000000000596,stable_nature,500,98,9,0.03367631239792666,0.47694274777720125,0.9340480702241889
00000000000000000596,stable_nature,1000,92,9,0.03367631239792666,0.47694274777720125,0.9340480702241889
00000000000000000596,stable_nature,2000,64,9,0.035184872551154746,0.47694274777720125,0.931296670682345
00000000000000000597,stable_nature,0,100,100,0.08494313060518625,0.13622449789074326,0.6159332575772248
00000000000000000597,stable_nature,500,96,98,0.10236280564445206,0.13863753155256234,0.5752586621430859
00000000000000000597,stable_nature,1000,89,89,0.10236280564445206,0.13863753155256234,0.5752586621430859
00000000000000000597,stable_nature,2000,69,45,0.10236280564445206,0.15634140429332366,0.6043249328270422
00000000000000000598,stable_crop,0,100,100,0.1274622704870882,0.013972901169033292,0.09879368056276357
00000000000000000598,stable_crop,500,100,99,0.1274622704870882,0.016327937699147976,0.11355389149924994
00000000000000000598,stable_crop,1000,96,92,0.1274622704870882,0.016327937699147976,0.11355389149924994
00000000000000000598,stable_crop,2000,88,56,0.1274622704870882,0.02026737000537182,0.1371923057395449
00000000000000000599,stable_nature,0,98,100,0.12316021811217652,0.1668973896279396,0.5753939395959572
00000000000000000599,stable_nature,500,94,99,0.12316021811217652,0.1668973896279396,0.5753939395959572
00000000000000000599,stable_nature,1000,87,99,0.12316021811217652,0.1668973896279396,0.5753939395959572
00000000000000000599,stable_nature,2000,57,84,0.13785625360114379,0.1668973896279396,0.5476469054118417
0000000000000000059a,stable_crop,0,100,100,0.0338702767201962,0.03952848330034597,0.5385442926930176
0000000000000000059a,stable_crop,500,95,95,0.05102506737451571,0.045747952056643594,0.47273457338710234
0000000000000000059a,stable_crop,1000,83,86,0.07736979688392824,0.047274923741338834,0.37927738538631955
0000000000000000059a,stable_crop,2000,45,55,0.11529684480181238,0.054676788004322276,0.3216780573629489
0000000000000000059c,stable_crop,0,100,100,0.03878356941726813,0.03505274301750472,0.4747358293115687
0000000000000000059c,stable_crop,500,100,94,0.03878356941726813,0.037438023933059415,0.49117346262359857
0000000000000000059c,stable_crop,1000,99,83,0.038927749376268195,0.03845048446592705,0.4969160260732474
0000000000000000059c,stable_crop,2000,88,49,0.038927749376268195,0.04040273022045517,0.5092964321573904
0000000000000000059d,stable_nature,0,99,99,0.09919131272063364,0.06799592004002064,0.40670521855551667
0000000000000000059d,stable_nature,500,93,96,0.09919131272063364,0.06799592004002057,0.4067052185555164
0000000000000000059d,stable_nature,1000,89,94,0.09958436364590362,0.06860743338007931,0.40791188745710744
0000000000000000059d,stable_nature,2000,74,71,0.11071608699607087,0.06923307212371244,0.3847368471293752
0000000000000000059e,stable_nature,0,100,100,0.01185522278442126,0.008465687641072273,0.4165998207459776
0000000000000000059e,stable_nature,500,97,97,0.01185522278442126,0.009179197114162574,0.4363893636232006
0000000000000000059e,stable_nature,1000,92,88,0.01185522278442126,0.009510928549194064,0.44513999738387133
0000000000000000059e,stable_nature,2000,75,29,0.012334142969325824,0.012711440051892153,0.5075322079991437
0000000000000000059f,stable_crop,0,100,100,0.09113003643353504,0.028109717718501105,0.23574115795663406
0000000000000000059f,stable_crop,500,100,97,0.09113003643353504,0.036691565440501187,0.2870529308212895
0000000000000000059f,stable_crop,1000,100,88,0.09113003643353504,0.036691565440501187,0.2870529308212895
0000000000000000059f,stable_crop,2000,94,62,0.09507697639541353,0.03741872509000046,0.2824146343633446
000000000000000005a0,stable_nature,0,100,100,0.11459346848104379,0.09643305965609406,0.4569712656835686
000000000000000005a0,stable_nature,500,100,99,0.11459346848104379,0.09643305965609403,0.4569712656835685
000000000000000005a0,stable_nature,1000,100,90,0.11459346848104379,0.09643305965609403,0.4569712656835685
000000000000000005a0,stable_nature,2000,98,52,0.12056731392010142,0.12396996469754859,0.5069573252709529
000000000000000005a1,stable_built,0,100,100,0.06394464309497974,0.04836692880445328,0.43064955806452204
000000000000000005a1,stable_built,500,97,91,0.07191119487325828,0.060066022231158825,0.45512417634311036
000000000000000005a1,stable_built,1000,89,80,0.09241242565467808,0.0686985072785647,0.426404999508034
000000000000000005a1,stable_built,2000,69,19,0.1006275610528257,0.1406220885640736,0.5828903328431622
000000000000000005a2,stable_crop,0,100,100,0.018065612781288133,0.013019794610565771,0.4188394395486944
000000000000000005a2,stable_crop,500,98,99,0.018065612781288133,0.014532484303282333,0.4458077496098731
000000000000000005a2,stable_crop,1000,96,99,0.018065612781288133,0.014532484303282333,0.4458077496098731
000000000000000005a2,stable_crop,2000,73,81,0.018632937437859785,0.014532484303282333,0.43818180321272454
000000000000000005a3,stable_nature,0,100,100,0.050894646406364916,0.040954736294852266,0.44589016376550616
000000000000000005a3,stable_nature,500,99,98,0.050894646406364916,0.040954736294852266,0.44589016376550616
000000000000000005a3,stable_nature,1000,93,87,0.06072715862598064,0.040954736294852315,0.4027731419279302
000000000000000005a3,stable_nature,2000,83,33,0.06072715862598064,0.045500104239041536,0.4283279358937072
000000000000000005a4,stable_built,0,100,100,0.028684749528688047,0.006705654530306226,0.18947663097993211
000000000000000005a5,stable_built,0,100,100,0.1179421064069559,0.027806609983802376,0.1907845960650585
000000000000000005a5,stable_built,500,100,62,0.1179421064069559,0.030757116382802274,0.20684113746903768
000000000000000005a6,stable_nature,0,100,100,0.07132717334089136,0.017260889034373107,0.194844413246788
000000000000000005a6,stable_nature,500,98,46,0.07132717334089136,0.03919212547631192,0.35461793456344937
000000000000000005a7,stable_crop,0,100,100,0.1163127011925068,0.0894642830734134,0.43476331132040635
000000000000000005a7,stable_crop,500,100,98,0.1163127011925068,0.0894642830734134,0.43476331132040635
000000000000000005a7,stable_crop,1000,99,93,0.14518224726703727,0.0894642830734134,0.38127255895592244
000000000000000005a7,stable_crop,2000,77,64,0.1901873749493466,0.09174313054727334,0.3254104424966097
000000000000000005a8,stable_built,0,100,100,0.05225698199998641,0.04619318858328445,0.4692037434688267
000000000000000005a8,stable_built,500,96,99,0.05225698199998641,0.051510829920520716,0.4964047036038974
000000000000000005a8,stable_built,1000,87,91,0.0525993822231138,0.051510829920520716,0.4947721156207
000000000000000005a8,stable_built,2000,60,18,0.056184260227279424,0.11957346995729193,0.6803312140583628
000000000000000005a9,stable_nature,0,100,100,0.04175457179172217,0.17282155897351087,0.8054090562467495
000000000000000005a9,stable_nature,500,95,100,0.05739271659149592,0.17282155897351087,0.7506987068834472
000000000000000005a9,stable_nature,1000,89,100,0.061826819955821954,0.17282155897351087,0.736512903951583
000000000000000005a9,stable_nature,2000,63,99,0.07567343870355474,0.18370893293581947,0.7082552749210203
000000000000000005aa,stable_nature,0,100,100,0.01182836246557486,0.01817226517014403,0.6057294997356094
000000000000000005aa,stable_nature,500,98,98,0.017161972755476883,0.027252233012366723,0.6135927129757223
000000000000000005aa,stable_nature,1000,89,98,0.018214291909543268,0.027252233012366723,0.5993911577489988
000000000000000005aa,stable_nature,2000,66,83,0.019659075203484356,0.031624818419303646,0.6166618051916888
000000000000000005ab,stable_crop,0,100,100,0.050103195351299167,0.02264861596332033,0.31131343060399885
000000000000000005ab,stable_crop,500,99,97,0.050103195351299167,0.026145512357519406,0.34289777679933897
000000000000000005ab,stable_crop,1000,95,91,0.050103195351299167,0.03416618993581468,0.40544012299367993
000000000000000005ab,stable_crop,2000,85,53,0.05777226253772285,0.1071771800834879,0.6497577583754519
000000000000000005ac,stable_nature,0,100,100,0.01304126951251543,0.20198155470562545,0.9393493711150198
000000000000000005ac,stable_nature,500,95,100,0.014399448738140076,0.20198155470562545,0.9334532675701555
000000000000000005ac,stable_nature,1000,82,95,0.021901350076970694,0.2400885441610722,0.9164038363327572
000000000000000005ac,stable_nature,2000,67,58,0.057118277293143026,0.2804833118638062,0.830811586412824
000000000000000005af,stable_crop,0,100,100,0.060642122351823625,0.00777534079625819,0.11364555828846948
000000000000000005af,stable_crop,500,100,98,0.060642122351823625,0.00893744723607277,0.12844930327794124
000000000000000005af,stable_crop,1000,97,88,0.060642122351823605,0.014313834289773553,0.19096326604200872
000000000000000005af,stable_crop,2000,89,59,0.06331007358599021,0.02204881186876153,0.25830716686420624
000000000000000005b0,stable_nature,0,100,100,0.11506402553986465,0.13561108625999302,0.540983447801255
000000000000000005b0,stable_nature,500,98,100,0.11506402553986465,0.13561108625999302,0.540983447801255
000000000000000005b0,stable_nature,1000,98,92,0.11506402553986465,0.13620504181038356,0.5420684815930127
000000000000000005b0,stable_nature,2000,82,61,0.1371138686001215,0.16000035553077088,0.5385146268182196
000000000000000005b1,stable_built,0,100,100,0.05470112175691453,0.03238470224418286,0.3718711123799311
000000000000000005b1,stable_built,500,99,98,0.05470112175691455,0.03238470224418277,0.37187111237993037
000000000000000005b1,stable_built,1000,93,94,0.05470112175691453,0.03238470224418277,0.3718711123799305
000000000000000005b1,stable_built,2000,83,73,0.05470112175691455,0.03640529717885026,0.3995909136118989
000000000000000005b2,stable_crop,0,100,100,0.04803418900084577,0.018922569337875995,0.28260880316020726
000000000000000005b2,stable_crop,500,99,98,0.04803418900084577,0.02078642969452027,0.30203782076167035
000000000000000005b2,stable_crop,1000,95,92,0.04803418900084577,0.02078642969452027,0.30203782076167035
000000000000000005b2,stable_crop,2000,74,70,0.04961661362335266,0.023064305048776435,0.3173364545996521
000000000000000005b3,stable_nature,0,100,100,0.03887447451271762,0.32692529182871466,0.8937274484824945
000000000000000005b3,stable_nature,500,100,100,0.03887447451271762,0.32692529182871466,0.8937274484824945
000000000000000005b3,stable_nature,1000,94,100,0.04643783774110712,0.32692529182871466,0.8756228613267544
000000000000000005b3,stable_nature,2000,67,95,0.08105808312165734,0.32982131574508766,0.8027204981655736
000000000000000005b4,stable_crop,0,100,100,0.0398599136024866,0.1113432964571444,0.7363818295424868
000000000000000005b4,stable_crop,500,99,98,0.0398599136024866,0.1113432964571444,0.7363818295424868
000000000000000005b4,stable_crop,1000,93,94,0.0402479253482451,0.1113432964571444,0.7344969921764383
000000000000000005b4,stable_crop,2000,71,72,0.05657891010207261,0.1113432964571444,0.6630647532446319
000000000000000005b6,stable_nature,0,100,100,0.08673612788928561,0.06428433203315206,0.42566637703091403
000000000000000005b6,stable_nature,500,99,97,0.08673612788928561,0.07418740277559213,0.46101028524924625
000000000000000005b6,stable_nature,1000,94,95,0.08673612788928561,0.07418740277559213,0.46101028524924625
000000000000000005b6,stable_nature,2000,73,77,0.09578232217738922,0.07418740277559213,0.4364742179566278
000000000000000005b7,stable_crop,0,100,100,0.05031780425138188,0.03294398230140736,0.3956674924351366
000000000000000005b7,stable_crop,500,97,95,0.05950845019239528,0.03294398230140736,0.3563344025941054
000000000000000005b7,stable_crop,1000,90,80,0.07263598553050188,0.033512953954916914,0.3157163332677923
000000000000000005b7,stable_crop,2000,61,16,0.07263598553050188,0.06801148756023685,0.483559967806003
000000000000000005b8,stable_crop,0,100,100,0.023592870464903836,0.01882201929805689,0.443759712751857
000000000000000005b8,stable_crop,500,98,98,0.02525241214824452,0.024213338797140382,0.4894970425776982
000000000000000005b8,stable_crop,1000,96,91,0.02525241214824452,0.031412723195384,0.5543571546125623
000000000000000005b8,stable_crop,2000,81,68,0.02525241214824452,0.0836886259347851,0.7682011059067884
000000000000000005b9,stable_crop,0,100,100,0.030844156428869708,0.020630929225082605,0.4007944612929021
000000000000000005b9,stable_crop,500,98,97,0.031725589807963764,0.024258000757103805,0.433305554570966
000000000000000005b9,stable_crop,1000,92,91,0.031725589807963764,0.024258000757103805,0.433305554570966
000000000000000005b9,stable_crop,2000,63,82,0.03259534799693087,0.02564502254808234,0.4403306899948604
000000000000000005ba,stable_nature,0,100,100,0.015378616301022597,0.04281866472143599,0.7357502613253759
000000000000000005ba,stable_nature,500,98,99,0.015378616301022597,0.04281866472143599,0.7357502613253759
000000000000000005ba,stable_nature,1000,94,98,0.015378616301022597,0.04281866472143599,0.7357502613253759
000000000000000005ba,stable_nature,2000,62,85,0.017194609541101503,0.044917820428007404,0.7231695885931968
000000000000000005bb,stable_built,0,100,100,0.061039972400268636,0.06255194204401489,0.506116782192154
000000000000000005bb,stable_built,500,99,98,0.061039972400268636,0.06636519813422899,0.5208987818570386
000000000000000005bb,stable_built,1000,98,90,0.061039972400268636,0.06636519813422899,0.5208987818570386
000000000000000005bb,stable_built,2000,91,59,0.061039972400268636,0.07077798609576938,0.536937355901774
000000000000000005bc,stable_nature,0,100,100,0.021063143058170142,0.014480632126868587,0.40740276042924245
000000000000000005bc,stable_nature,500,100,95,0.021063143058170142,0.018101346445548595,0.4621877285893808
000000000000000005bc,stable_nature,1000,95,80,0.021063143058170142,0.018101346445548595,0.4621877285893808
000000000000000005bc,stable_nature,2000,70,44,0.028121872195108442,0.02041236267483635,0.4205765832945332
000000000000000005be,stable_nature,0,100,100,0.031494885695948424,0.08649555356069397,0.7330725616829292
000000000000000005be,stable_nature,500,97,100,0.031494885695948424,0.08649555356069397,0.7330725616829292
000000000000000005be,stable_nature,1000,90,95,0.031494885695948424,0.08649555356069397,0.7330725616829292
000000000000000005be,stable_nature,2000,53,72,0.03727155742678556,0.0948329633199737,0.7178631191664365
000000000000000005c0,stable_nature,0,100,100,0.030106900258794124,0.10305528714090599,0.7739080376533688
000000000000000005c0,stable_nature,500,95,100,0.04008243426825313,0.10305528714090599,0.7199729472121644
000000000000000005c0,stable_nature,1000,89,99,0.04008243426825313,0.10305528714090595,0.7199729472121642
000000000000000005c0,stable_nature,2000,56,75,0.08605796462810691,0.10305528714090595,0.5449395331969387
000000000000000005c1,stable_nature,0,100,100,0.05796683438726966,0.06546701759423848,0.5303813868136906
000000000000000005c1,stable_nature,500,97,100,0.05796683438726966,0.06546701759423848,0.5303813868136906
000000000000000005c1,stable_nature,1000,88,95,0.06083715263936884,0.06546701759423848,0.5183282347101832
000000000000000005c1,stable_nature,2000,54,64,0.06788774756575924,0.07016125335006525,0.5082344159255299
000000000000000005c2,stable_crop,0,100,100,0.3972347595872306,0.2938747211952336,0.42522166077375706
000000000000000005c2,stable_crop,500,100,91,0.3972347595872306,0.33953074866435523,0.46083963603241
000000000000000005c2,stable_crop,1000,95,70,0.3972347595872306,0.34681453836704446,0.46611768779317037
000000000000000005c2,stable_crop,2000,80,17,0.407053632133077,0.38064944689124236,0.4832397600403528
000000000000000005c4,stable_crop,0,100,100,0.034312839870808284,0.014827460868874542,0.30173728376470876
000000000000000005c4,stable_crop,500,100,96,0.034312839870808284,0.026186864274623512,0.43284284847478854
000000000000000005c4,stable_crop,1000,94,89,0.040229920918292715,0.038965562375101,0.49201748324780276
000000000000000005c4,stable_crop,2000,68,61,0.04079680595558679,0.06135356028203807,0.6006200715787469
000000000000000005c5,stable_built,0,100,100,0.0739228797926906,0.052110257135810766,0.4134647316202203
000000000000000005c5,stable_built,500,98,98,0.08670142574896053,0.0604051410567628,0.41062164910779536
000000000000000005c5,stable_built,1000,97,85,0.08670142574896053,0.06091541513255738,0.41265898096977577
000000000000000005c5,stable_built,2000,88,50,0.09072348680943358,0.07211910617906514,0.4428761840197171
000000000000000005c6,stable_crop,0,100,100,0.04413488169948336,0.005329853282816055,0.10775056784627579
000000000000000005c6,stable_crop,500,100,92,0.04413488169948336,0.006428646570067764,0.12713999180733387
000000000000000005c6,stable_crop,1000,96,78,0.04413488169948336,0.014193363242695734,0.24333602453703704
000000000000000005c6,stable_crop,2000,73,48,0.05375523891268561,0.024830140216393803,0.3159638661956877
000000000000000005c7,stable_crop,0,100,100,0.12978171599804594,0.025344485846599783,0.16337978719944518
000000000000000005c7,stable_crop,500,99,99,0.12978171599804594,0.025344485846599873,0.16337978719944568
000000000000000005c7,stable_crop,1000,93,91,0.1299299626393976,0.025344485846599873,0.16322380207147988
000000000000000005c7,stable_crop,2000,69,63,0.13402468164865863,0.026779056009666524,0.16653254706305382
000000000000000005c8,stable_nature,0,100,45,0.11212736391597504,0.16022030212924718,0.5882932813606524
000000000000000005c8,stable_nature,500,99,45,0.11212736391597504,0.16022030212924718,0.5882932813606524
000000000000000005c8,stable_nature,1000,95,45,0.11212736391597504,0.16022030212924718,0.5882932813606524
000000000000000005c8,stable_nature,2000,51,45,0.1447498476826046,0.16022030212924718,0.525363883080256
000000000000000005c9,stable_crop,0,100,100,0.12921796276529435,0.004702262480109009,0.0351124146592286
000000000000000005c9,stable_crop,500,100,59,0.12921796276529435,0.0074803957965315915,0.05472191381942334
000000000000000005ca,stable_nature,0,100,100,0.06158444157949612,0.10380806666827906,0.6276467281827308
000000000000000005ca,stable_nature,500,97,97,0.06660831248369192,0.10380806666827906,0.6091437171957382
000000000000000005ca,stable_nature,1000,91,96,0.06660831248369192,0.10380806666827906,0.6091437171957382
000000000000000005ca,stable_nature,2000,65,69,0.06660831248369192,0.10949188138426451,0.6217590053634013
000000000000000005cb,stable_built,0,100,100,0.07129680280910437,0.06287641878824576,0.46862121993662353
000000000000000005cb,stable_built,500,93,98,0.07483500685656197,0.06287641878824576,0.4565809880580513
000000000000000005cb,stable_built,1000,85,95,0.07483500685656197,0.0651345211997334,0.46534786609461964
000000000000000005cb,stable_built,2000,68,78,0.08220794515346211,0.07483471677498026,0.47652475993181215
000000000000000005ce,stable_crop,0,100,100,0.10990431558530978,0.11148516252603664,0.5035702847154386
000000000000000005ce,stable_crop,500,99,75,0.10990431558530978,0.1184763066267305,0.5187668965899053
000000000000000005ce,stable_crop,1000,96,44,0.10990431558530978,0.13270419157051294,0.5469890282319434
000000000000000005cf,stable_crop,0,100,100,0.0856528986893337,0.015644684037529433,0.1544428170567408
000000000000000005cf,stable_crop,500,99,98,0.0856528986893337,0.01755296561574171,0.17007721153989133
000000000000000005cf,stable_crop,1000,95,93,0.0856528986893337,0.020996307024145323,0.19687260569344117
000000000000000005cf,stable_crop,2000,83,67,0.08898137986882515,0.02646659936133324,0.22925130034835756
000000000000000005d2,stable_crop,0,100,100,0.020991297405485332,0.011610902471830697,0.35613861994488283
000000000000000005d2,stable_crop,500,100,96,0.020991297405485332,0.019205512250982902,0.47778697898266353
000000000000000005d2,stable_crop,1000,98,85,0.020991297405485332,0.03401439770518142,0.6183795629912318
000000000000000005d2,stable_crop,2000,78,44,0.020991297405485332,0.043226953016364325,0.6731256727134944
000000000000000005d3,stable_crop,0,100,100,0.029359202315758837,0.01381503410926659,0.3199832875547717
000000000000000005d3,stable_crop,500,100,95,0.029359202315758837,0.027195164999312182,0.48086763745978905
000000000000000005d3,stable_crop,1000,97,94,0.037857705495670205,0.028516374594090843,0.4296311836653263
000000000000000005d3,stable_crop,2000,74,87,0.04200258309099034,0.028516374594090843,0.4043788440696042
000000000000000005d4,stable_crop,0,98,97,0.09253976120820022,0.017037854572601853,0.15548663338805174
000000000000000005d4,stable_crop,500,97,92,0.09253976120820022,0.018212160607639992,0.16444103460126838
000000000000000005d4,stable_crop,1000,95,80,0.09253976120820022,0.020799029586387796,0.18351201243976434
000000000000000005d4,stable_crop,2000,84,57,0.09253976120820022,0.024940286433792914,0.21229380591999128
000000000000000005d5,stable_nature,0,100,100,0.14028315642278694,0.006237003718369149,0.042567546420355484
000000000000000005d5,stable_nature,500,100,34,0.14028315642278694,0.05393886457814865,0.2777175538586899
000000000000000005d7,stable_nature,0,100,100,0.04144583583829775,0.049384516843145175,0.5437005955024874
000000000000000005d7,stable_nature,500,98,98,0.04176819929016771,0.049384516843145175,0.5417777871849417
000000000000000005d7,stable_nature,1000,94,89,0.044493290221625494,0.049384516843145175,0.526051027252335
000000000000000005d7,stable_nature,2000,72,57,0.04803532212979307,0.05626117456463238,0.5394349412227194
000000000000000005d8,stable_nature,0,100,100,0.07912072975099563,0.07059282484022708,0.4715192624508978
000000000000000005d8,stable_nature,500,98,99,0.07912072975099563,0.07059282484022708,0.4715192624508978
000000000000000005d8,stable_nature,1000,92,86,0.0813961967554202,0.07867229619716654,0.49149145309925707
000000000000000005d8,stable_nature,2000,77,40,0.09096169755315622,0.09806393990156168,0.5187864525759615
000000000000000005d9,stable_crop,0,100,100,0.060966902430301805,0.06363864049846828,0.5107207833790841
000000000000000005d9,stable_crop,500,97,99,0.060966902430301805,0.06363864049846828,0.5107207833790841
000000000000000005d9,stable_crop,1000,87,96,0.060966902430301805,0.06363864049846828,0.5107207833790841
000000000000000005d9,stable_crop,2000,44,87,0.06841724349032112,0.06417343354598684,0.4839965748717756
000000000000000005da,stable_nature,0,100,100,0.028042214965217617,0.04423725976238515,0.6120307311098842
000000000000000005da,stable_nature,500,98,100,0.030146950349965573,0.04423725976238515,0.5947130405091886
000000000000000005da,stable_nature,1000,94,91,0.030321165639601834,0.047968782219186504,0.6127067845937915
000000000000000005da,stable_nature,2000,60,52,0.04359963486455034,0.0729950038893884,0.6260579788991066
000000000000000005db,stable_nature,0,100,100,0.04805660961533589,0.043788732850756816,0.4767659597594281
000000000000000005db,stable_nature,500,98,89,0.04805660961533589,0.04620771711206069,0.49019304243479933
000000000000000005db,stable_nature,1000,96,80,0.04805660961533589,0.04620771711206069,0.49019304243479933
000000000000000005db,stable_nature,2000,69,24,0.06158107694629322,0.051826417122666626,0.4569928781840067
000000000000000005dc,stable_nature,0,100,100,0.06405318284149134,0.09889715173946192,0.6069159170073577
000000000000000005dc,stable_nature,500,96,100,0.06405318284149134,0.09889715173946192,0.6069159170073577
000000000000000005dc,stable_nature,1000,75,97,0.06797605308627144,0.10662431492825467,0.6106763470210627
000000000000000005dc,stable_nature,2000,24,76,0.1187988009013872,0.10662431492825467,0.4729963674548818
000000000000000005dd,stable_built,0,100,100,0.04362474169893667,0.12277818544872657,0.7378366928547919
000000000000000005dd,stable_built,500,95,99,0.0469614092179105,0.1286567129153431,0.7325936033924207
000000000000000005dd,stable_built,1000,80,87,0.051030111853623716,0.13495647082669016,0.7256247675561451
000000000000000005dd,stable_built,2000,46,45,0.07177469969065109,0.14078716226332308,0.6623350067056961
000000000000000005df,stable_crop,0,100,100,0.06974561693329592,0.03022883424332512,0.3023655932816138
000000000000000005df,stable_crop,500,100,96,0.06974561693329592,0.05679066429014732,0.44880933547758606
000000000000000005df,stable_crop,1000,99,82,0.06974561693329592,0.06266367394432645,0.47325737890832226
000000000000000005df,stable_crop,2000,94,54,0.06974561693329592,0.06266367394432645,0.47325737890832226
000000000000000005e0,stable_crop,0,100,100,0.006490526726472545,0.012533078028379973,0.6588172004847942
000000000000000005e0,stable_crop,500,97,97,0.007873395677850104,0.01656691047778791,0.6778520028190531
000000000000000005e0,stable_crop,1000,95,93,0.007873395677850104,0.01656691047778791,0.6778520028190531
000000000000000005e0,stable_crop,2000,81,57,0.00850199077082554,0.020443057169308276,0.7062713183575917
000000000000000005e1,stable_nature,0,99,99,0.08748780266737899,0.10477986773689592,0.5449687277951294
000000000000000005e1,stable_nature,500,92,97,0.08826700777849694,0.10477986773689592,0.5427690422681738
000000000000000005e1,stable_nature,1000,83,96,0.08826700777849698,0.10601071251002078,0.5456658249440072
000000000000000005e1,stable_nature,2000,62,69,0.09301879572758842,0.10601071251002078,0.5326381673160163
000000000000000005e2,stable_nature,0,99,100,0.09558982031905702,0.07194649312418211,0.4294382014567126
000000000000000005e2,stable_nature,500,99,98,0.09558982031905702,0.07194649312418211,0.4294382014567126
000000000000000005e2,stable_nature,1000,96,91,0.09558982031905702,0.07775043510740484,0.44854228993530737
000000000000000005e2,stable_nature,2000,81,66,0.09805720209015023,0.08424992954765113,0.4621318364800589
000000000000000005e3,stable_nature,0,100,100,0.06726009523606735,0.05910008629703043,0.46771131205665856
000000000000000005e3,stable_nature,500,98,89,0.06726009523606735,0.0658381269366131,0.49465819949646384
000000000000000005e3,stable_nature,1000,93,51,0.07160479797435812,0.06709149697153256,0.48372955454378286
000000000000000005e4,stable_crop,0,100,100,0.012918290319924619,0.014511254660142692,0.5290373817778892
000000000000000005e4,stable_crop,500,100,97,0.012918290319924619,0.021951146190282534,0.6295239724687655
000000000000000005e4,stable_crop,1000,93,89,0.03407671376347845,0.0242522382581144,0.4157838846259514
000000000000000005e4,stable_crop,2000,78,54,0.04054023556856987,0.030742607201761873,0.4312763914365914
000000000000000005e5,stable_nature,0,100,100,0.07718628703234365,0.09843386689450521,0.5604929997666749
000000000000000005e5,stable_nature,500,99,100,0.07718628703234365,0.09843386689450521,0.5604929997666749
000000000000000005e5,stable_nature,1000,93,93,0.07718628703234365,0.09843386689450521,0.5604929997666749
000000000000000005e5,stable_nature,2000,63,86,0.07995821936697387,0.09843386689450521,0.5517838204418637
000000000000000005e6,stable_built,0,100,100,0.0857756260818529,0.025179232297429334,0.22693221968821808
000000000000000005e6,stable_built,500,100,93,0.0857756260818529,0.025179232297429334,0.22693221968821808
000000000000000005e6,stable_built,1000,98,93,0.08577562608185292,0.025179232297429334,0.22693221968821803
000000000000000005e6,stable_built,2000,72,83,0.0857756260818529,0.025179232297429334,0.22693221968821808
000000000000000005e8,stable_nature,0,100,100,0.008046704662544002,0.20329122551064152,0.9619249386188656
000000000000000005e8,stable_nature,500,97,100,0.010022087210937336,0.20329122551064152,0.9530170570039789
000000000000000005e8,stable_nature,1000,88,100,0.010022087210937336,0.20329122551064152,0.9530170570039789
000000000000000005e8,stable_nature,2000,62,76,0.015343164458592207,0.22554468669151162,0.9363057772059755
000000000000000005e9,stable_crop,0,100,100,0.09115324165905007,0.02716376336420647,0.2295846092337914
000000000000000005e9,stable_crop,500,100,98,0.09115324165905007,0.02716376336420647,0.2295846092337914
000000000000000005e9,stable_crop,1000,95,94,0.09115324165905007,0.02716376336420647,0.2295846092337914
000000000000000005e9,stable_crop,2000,88,64,0.09207021060977798,0.03465064805523754,0.2734407612132941
000000000000000005ea,stable_nature,0,100,100,0.030433554625870118,0.15163144684528843,0.8328423673919337
000000000000000005ea,stable_nature,500,99,96,0.030433554625870118,0.15163144684528843,0.8328423673919337
000000000000000005ea,stable_nature,1000,92,94,0.033196153081846244,0.15294842264144792,0.8216646767509661
000000000000000005ea,stable_nature,2000,75,85,0.04336272767283485,0.15294842264144792,0.7791122531542771
000000000000000005eb,stable_nature,0,100,100,0.12742122714917886,0.2261649856601938,0.6396317997316414
000000000000000005eb,stable_nature,500,95,98,0.13725262464565433,0.22616498566019377,0.6223280855026084
000000000000000005eb,stable_nature,1000,92,90,0.13725262464565435,0.22696177229306008,0.6231543129543758
000000000000000005eb,stable_nature,2000,92,51,0.13725262464565435,0.22696177229306008,0.6231543129543758
000000000000000005ec,stable_nature,0,100,100,0.025421167853191262,0.09120731757904066,0.7820329419544378
000000000000000005ec,stable_nature,500,98,98,0.025421167853191262,0.09120731757904066,0.7820329419544378
000000000000000005ec,stable_nature,1000,95,92,0.025421167853191262,0.09120731757904066,0.7820329419544378
000000000000000005ec,stable_nature,2000,58,54,0.027387751241934776,0.09590911621297157,0.7778714755041993
000000000000000005ed,stable_crop,0,100,100,0.014130965022279996,0.01850609859735728,0.5670270711993645
000000000000000005ed,stable_crop,500,97,96,0.016009826855976694,0.020306276926214582,0.5591535107247172
000000000000000005ed,stable_crop,1000,85,89,0.024605818098190003,0.02051534474279062,0.4546723411060495
000000000000000005ed,stable_crop,2000,65,66,0.028751258062097062,0.023711094428394697,0.4519639951761621
000000000000000005ef,stable_crop,0,100,99,0.02957999044418156,0.026064111478381703,0.46840744261063355
000000000000000005ef,stable_crop,500,96,97,0.02957999044418156,0.029983219172681076,0.503384880785358
000000000000000005ef,stable_crop,1000,91,94,0.02957999044418156,0.029983219172681076,0.503384880785358
000000000000000005ef,stable_crop,2000,66,89,0.02975867833394972,0.029983219172681076,0.5018792576658841
000000000000000005f0,stable_built,0,100,100,0.1851193491363488,0.06359279268305951,0.2556883319712594
000000000000000005f0,stable_built,500,99,97,0.1851193491363488,0.06359279268305951,0.2556883319712594
000000000000000005f0,stable_built,1000,89,93,0.1851193491363488,0.06359279268305951,0.2556883319712594
000000000000000005f0,stable_built,2000,71,84,0.19781975202984234,0.06359279268305951,0.24326603282431403
000000000000000005f1,stable_nature,0,100,100,0.0559614806537756,0.16051687410099677,0.7414915652056275
000000000000000005f1,stable_nature,500,96,98,0.0559614806537756,0.16051687410099677,0.7414915652056275
000000000000000005f1,stable_nature,1000,91,90,0.0559614806537756,0.16051687410099677,0.7414915652056275
000000000000000005f1,stable_nature,2000,79,50,0.0559614806537756,0.17563504795723334,0.7583664962935294
000000000000000005f2,stable_crop,0,100,100,0.017056557223797442,0.03262036712876833,0.6566502969587904
000000000000000005f2,stable_crop,500,98,100,0.017676033880132967,0.03262036712876833,0.6485626500859717
000000000000000005f2,stable_crop,1000,89,100,0.017815180379375108,0.03262036712876833,0.6467733322981097
000000000000000005f2,stable_crop,2000,59,95,0.01980783145938696,0.03262036712876833,0.622191263605914
000000000000000005f3,stable_nature,0,100,49,0.04507457148071159,0.2391289405876324,0.8414003713271719
000000000000000005f3,stable_nature,500,96,49,0.04905057945027937,0.2391289405876324,0.8297915846183094
000000000000000005f3,stable_nature,1000,88,49,0.04905057945027937,0.2391289405876324,0.8297915846183094
000000000000000005f3,stable_nature,2000,63,49,0.050691737318160304,0.2391289405876324,0.8250927515411344
000000000000000005f4,stable_nature,0,100,100,0.043968836808785494,0.09380170143660971,0.6808545762436553
000000000000000005f4,stable_nature,500,97,99,0.0472227500056428,0.09380170143660971,0.6651449481039464
000000000000000005f4,stable_nature,1000,92,95,0.05530948503955242,0.10251634102186107,0.6495536477111177
000000000000000005f4,stable_nature,2000,74,54,0.05530948503955242,0.1414231567096709,0.7188596434811527
000000000000000005f6,stable_built,0,100,100,0.062366823666354335,0.07671333734365593,0.5515764202888932
000000000000000005f6,stable_built,500,95,99,0.06365177976990107,0.07760761790769335,0.5493979103908746
000000000000000005f6,stable_built,1000,85,90,0.06888431359877278,0.10714964656578463,0.6086873604673321
000000000000000005f6,stable_built,2000,31,84,0.15535265547390037,0.12501802812453872,0.4459026404599059
000000000000000005f7,stable_built,0,100,100,0.05041331776861653,0.07943611848302057,0.6117555899778295
000000000000000005f7,stable_built,500,98,98,0.05041331776861653,0.07943611848302057,0.6117555899778295
000000000000000005f7,stable_built,1000,94,97,0.062054240155574966,0.07943611848302057,0.5614242500109874
000000000000000005f7,stable_built,2000,65,84,0.062054240155574966,0.1374599851229751,0.6889733548090246
000000000000000005f8,stable_crop,0,100,100,0.09583605364952352,0.007439283010184594,0.07203349077064714
000000000000000005f8,stable_crop,500,97,98,0.09583605364952352,0.007439283010184594,0.07203349077064714
000000000000000005f8,stable_crop,1000,92,81,0.09583605364952352,0.008348875112865705,0.0801351520988851
000000000000000005f8,stable_crop,2000,75,38,0.10657085937275775,0.011472177875065225,0.0971864003370484
000000000000000005fa,stable_built,0,100,100,0.03885955399094323,0.008565678934107335,0.18061437773987674
000000000000000005fa,stable_built,500,100,44,0.03885955399094323,0.015529635706948097,0.28552798438298216
000000000000000005fb,stable_crop,0,100,100,0.11563512062683357,0.15354046077809522,0.5704100645985022
000000000000000005fb,stable_crop,500,99,99,0.11563512062683357,0.17543549898574753,0.6027248618175611
000000000000000005fb,stable_crop,1000,96,93,0.11883140290306296,0.19318210616977757,0.6191466092067811
000000000000000005fb,stable_crop,2000,75,73,0.1397236282654417,0.20265597800896443,0.5919043491333137
000000000000000005fc,stable_crop,0,100,100,0.14108323375403015,0.011587994762724074,0.0759016278000049
000000000000000005fc,stable_crop,500,98,97,0.142243821706652,0.011587994762724074,0.07532898608757971
000000000000000005fc,stable_crop,1000,91,86,0.142243821706652,0.012000038016291192,0.0777991294938299
000000000000000005fc,stable_crop,2000,68,46,0.14944337594880716,0.01689272803989437,0.10155779553992834
000000000000000005fd,stable_nature,0,100,100,0.05018123481464034,0.032521492499925864,0.39323361581335303
000000000000000005fd,stable_nature,500,98,96,0.05645816574468976,0.0391162989013375,0.4092756265577907
000000000000000005fd,stable_nature,1000,96,94,0.05645816574468976,0.0391162989013375,0.4092756265577907
000000000000000005fd,stable_nature,2000,76,80,0.06546938682275302,0.04262444758511674,0.394328203992541
000000000000000005fe,stable_nature,0,100,100,0.16526234533825832,0.23314074979461252,0.5851880987929396
000000000000000005fe,stable_nature,500,98,100,0.18618224805574252,0.23314074979461252,0.5559932343068341
000000000000000005fe,stable_nature,1000,86,100,0.23653929149715197,0.23314074979461252,0.49638206714704636
000000000000000005fe,stable_nature,2000,64,98,0.2443888475970793,0.23314074979461252,0.4882226171268951
000000000000000005ff,stable_crop,0,100,100,0.052211303903437555,0.060814123877825255,0.5380570113389022
000000000000000005ff,stable_crop,500,97,97,0.052211303903437555,0.06290858486296332,0.5464614806054042
000000000000000005ff,stable_crop,1000,90,91,0.052211303903437555,0.06789950178005133,0.5653071877513837
000000000000000005ff,stable_crop,2000,66,77,0.059681708893100247,0.07065907600626456,0.5421102539798102
00000000000000000600,stable_built,0,100,100,0.04304175990385217,0.01826125434789396,0.29788509701341365
00000000000000000600,stable_built,500,94,94,0.05040550491946498,0.023604265645804222,0.31893445237299706
00000000000000000600,stable_built,1000,89,88,0.05040550491946498,0.023604265645804222,0.31893445237299706
00000000000000000600,stable_built,2000,74,56,0.05040550491946498,0.024640319479786132,0.3283369817935357
00000000000000000601,stable_nature,0,100,100,0.07138362729395245,0.044697150028938995,0.38505212541973166
00000000000000000601,stable_nature,500,97,96,0.07138362729395245,0.06775910921252708,0.486975539746444
00000000000000000601,stable_nature,1000,88,92,0.0724256832299823,0.08482718049187446,0.5394317056214271
00000000000000000601,stable_nature,2000,55,76,0.0728479612425053,0.08665720049529912,0.543287750381417
00000000000000000602,stable_built,0,100,100,0.11929941633812553,0.06665443767253124,0.35844612109170326
00000000000000000602,stable_built,500,98,94,0.11929941633812553,0.06665443767253124,0.35844612109170326
00000000000000000602,stable_built,1000,89,82,0.11929941633812553,0.06665443767253124,0.35844612109170326
00000000000000000602,stable_built,2000,57,45,0.1312542921446898,0.0778680350557565,0.37235639110283364
00000000000000000603,stable_crop,0,100,98,0.03463315352145728,0.015436398966485942,0.3082991199071479
00000000000000000603,stable_crop,500,100,92,0.03463315352145728,0.018541541461785216,0.34869107321216825
00000000000000000603,stable_crop,1000,100,78,0.03463315352145728,0.021235536486940366,0.38009726885252454
00000000000000000603,stable_crop,2000,92,32,0.03463315352145728,0.02275899996373041,0.3965524654726141
00000000000000000604,stable_crop,0,100,100,0.06296166625493875,0.015419630822940155,0.19672589504895066
00000000000000000604,stable_crop,500,97,95,0.06811987857218352,0.03683652051768902,0.3509697439771682
00000000000000000604,stable_crop,1000,92,87,0.07240854501973366,0.06622356306056436,0.4776928229478331
00000000000000000604,stable_crop,2000,62,67,0.13770476901848272,0.1183003696653639,0.46210154324674235
00000000000000000605,stable_crop,0,100,100,0.03659968296954359,0.01846796630445462,0.3353687064473885
00000000000000000605,stable_crop,500,100,97,0.03659968296954359,0.020614308592065478,0.3603018777235165
00000000000000000605,stable_crop,1000,98,91,0.04505348628025454,0.02263743714720574,0.3344235238736299
00000000000000000605,stable_crop,2000,72,71,0.059452875469396614,0.03538747825890072,0.3731268059154138
00000000000000000606,stable_built,0,99,97,0.05934441608161913,0.12689873371022303,0.6813605432005
00000000000000000606,stable_built,500,96,97,0.05934441608161913,0.12689873371022303,0.6813605432005
00000000000000000606,stable_built,1000,90,97,0.05934441608161913,0.12689873371022303,0.6813605432005
00000000000000000606,stable_built,2000,47,92,0.05934441608161913,0.12689873371022303,0.6813605432005
00000000000000000607,stable_crop,0,100,100,0.15184530535365268,0.020017231287228942,0.11647233701047847
00000000000000000607,stable_crop,500,97,98,0.15184530535365268,0.022290957909463893,0.12800870704142003
00000000000000000607,stable_crop,1000,89,90,0.15184530535365268,0.022290957909463893,0.12800870704142003
00000000000000000607,stable_crop,2000,64,71,0.17535644672621234,0.022290957909463893,0.1127814349520049
00000000000000000608,stable_built,0,100,100,0.10716577186865595,0.033528418149767106,0.23830705550199663
00000000000000000608,stable_built,500,100,91,0.10716577186865595,0.03657733187508243,0.2544632119537165
00000000000000000608,stable_built,1000,100,59,0.10716577186865595,0.03961958280615456,0.2699150940068796
00000000000000000609,stable_nature,0,100,100,0.09884504283790252,0.294099912111432,0.7484506631434018
00000000000000000609,stable_nature,500,98,100,0.09884504283790252,0.294099912111432,0.7484506631434018
00000000000000000609,stable_nature,1000,92,100,0.09884504283790252,0.294099912111432,0.7484506631434018
00000000000000000609,stable_nature,2000,74,96,0.10334899413886971,0.2954499389622287,0.740849371546812
0000000000000000060a,stable_crop,0,100,100,0.02379904871884624,0.010676667317070242,0.30968660101613854
0000000000000000060a,stable_crop,500,99,93,0.02379904871884624,0.019712254533734708,0.45303755713436156
0000000000000000060a,stable_crop,1000,95,85,0.02379904871884624,0.019712254533734708,0.45303755713436156
0000000000000000060a,stable_crop,2000,70,66,0.02379904871884624,0.01975099205638946,0.45352407723042004
0000000000000000060b,stable_nature,0,99,98,0.09658983990452645,0.05961812744966619,0.38165868527117974
0000000000000000060b,stable_nature,500,97,97,0.09828704611821695,0.06390275887948874,0.3939998502371878
0000000000000000060b,stable_nature,1000,93,87,0.09828704611821695,0.06925513864121342,0.4133594099912316
0000000000000000060b,stable_nature,2000,69,52,0.10902718660982158,0.08850041893488729,0.4480407621526493
0000000000000000060d,stable_nature,0,100,100,0.041706757559601626,0.060014151868434305,0.5899883534791072
0000000000000000060d,stable_nature,500,100,100,0.041706757559601626,0.060014151868434305,0.5899883534791072
0000000000000000060d,stable_nature,1000,91,94,0.04733291420432104,0.060014151868434264,0.5590665312380325
0000000000000000060d,stable_nature,2000,59,87,0.054545444664199305,0.060014151868434264,0.5238683941315619
0000000000000000060f,stable_nature,0,100,100,0.058822045294719835,0.18952163072063827,0.7631425682373917
0000000000000000060f,stable_nature,500,98,100,0.058822045294719794,0.18952163072063827,0.7631425682373918
0000000000000000060f,stable_nature,1000,94,92,0.058822045294719794,0.1937984065348543,0.7671524816400448
0000000000000000060f,stable_nature,2000,72,62,0.0688259262896062,0.1969169501219548,0.7410055644022037
00000000000000000610,stable_nature,0,100,100,0.013756429460698527,0.01296355053239313,0.4851631825794646
00000000000000000610,stable_nature,500,98,100,0.014227163204629644,0.01296355053239313,0.4767638928972006
00000000000000000610,stable_nature,1000,94,99,0.014227163204629644,0.01296355053239313,0.4767638928972006
00000000000000000610,stable_nature,2000,68,93,0.01435022871498226,0.01296355053239313,0.47461577596092624
00000000000000000612,stable_crop,0,100,100,0.04764016033329303,0.0758085044459326,0.614089302471547
00000000000000000612,stable_crop,500,98,99,0.04764016033329303,0.0758085044459326,0.614089302471547
00000000000000000612,stable_crop,1000,92,92,0.050031661293672605,0.07682305108272547,0.6055987171700306
00000000000000000612,stable_crop,2000,77,70,0.05389138826453967,0.08191763538765093,0.6031825661072441
00000000000000000614,stable_nature,0,100,100,0.022376315728077235,0.03554538260713589,0.6136799097431268
00000000000000000614,stable_nature,500,98,98,0.031096826658411625,0.03554538260713589,0.5333764141126495
00000000000000000614,stable_nature,1000,94,91,0.03342008392645508,0.03592488239935358,0.5180604202768943
00000000000000000614,stable_nature,2000,71,66,0.03342008392645508,0.039978923787892764,0.5446793496573811
00000000000000000615,stable_crop,0,100,100,0.04662329121583277,0.025027239488413698,0.34929594019854376
00000000000000000615,stable_crop,500,99,99,0.04662329121583277,0.027394228743152848,0.3701046557350524
00000000000000000615,stable_crop,1000,93,89,0.04662329121583277,0.027394228743152848,0.3701046557350524
00000000000000000615,stable_crop,2000,73,47,0.06126561224663636,0.04819411843753492,0.4402908552383627
00000000000000000616,stable_crop,0,100,100,0.054563341792280354,0.02456684004280041,0.31046105888763087
00000000000000000616,stable_crop,500,96,100,0.054563341792280354,0.02456684004280041,0.31046105888763087
00000000000000000616,stable_crop,1000,86,96,0.054563341792280354,0.02456684004280041,0.31046105888763087
00000000000000000616,stable_crop,2000,60,69,0.06937623011427825,0.03311638527983529,0.3231099640902924
00000000000000000617,stable_crop,0,100,100,0.010007892715617861,0.006641146312675294,0.39889066876415674
00000000000000000617,stable_crop,500,99,99,0.010007892715617861,0.008964218842915983,0.4724945251764185
00000000000000000617,stable_crop,1000,99,92,0.010007892715617861,0.011138624833988642,0.5267356578846797
00000000000000000617,stable_crop,2000,86,65,0.012277782626709643,0.06807269457328738,0.8471971411321338
00000000000000000618,stable_nature,0,97,99,0.01194921829310267,0.019137062474263434,0.6156111957187757
00000000000000000618,stable_nature,500,95,99,0.0141501674131165,0.019137062474263434,0.5749070300663226
00000000000000000618,stable_nature,1000,89,92,0.014545221187491774,0.021027203127125048,0.5911096455097044
00000000000000000618,stable_nature,2000,59,54,0.016662611658036997,0.02230192473995567,0.5723646885359127
00000000000000000619,stable_nature,0,100,100,0.03513855063512168,0.05533849573477079,0.6116302195357013
00000000000000000619,stable_nature,500,100,99,0.03513855063512168,0.05533849573477079,0.6116302195357013
00000000000000000619,stable_nature,1000,93,95,0.03780965976471769,0.05533849573477079,0.5940911598027359
00000000000000000619,stable_nature,2000,68,78,0.039188606039090045,0.07002467949546784,0.6411736369992189
0000000000000000061a,stable_crop,0,100,100,0.09975500553032168,0.10700459187467408,0.5175314385264472
0000000000000000061a,stable_crop,500,100,97,0.09975500553032168,0.10700459187467408,0.5175314385264472
0000000000000000061a,stable_crop,1000,91,91,0.10939268663787052,0.10700459187467408,0.49448215157648817
0000000000000000061a,stable_crop,2000,70,47,0.11812541587641992,0.13157116648094416,0.5269241782897671
0000000000000000061b,stable_crop,0,100,100,0.05886817656040315,0.00798945681791452,0.11949954573752604
0000000000000000061b,stable_crop,500,99,89,0.06152856220686189,0.011055552734578145,0.1523136672995918
0000000000000000061b,stable_crop,1000,98,73,0.06152856220686189,0.012158436271620299,0.16500110633500373
0000000000000000061b,stable_crop,2000,70,47,0.1531855034711686,0.012158436271620299,0.07353421171928393
0000000000000000061d,stable_nature,0,100,100,0.036204212559783525,0.00424393931487641,0.1049229474790971
0000000000000000061d,stable_nature,500,100,92,0.036204212559783525,0.00785935065451766,0.17836393793474423
0000000000000000061d,stable_nature,1000,94,87,0.04009589354889391,0.012204189347436034,0.23334933084894
0000000000000000061d,stable_nature,2000,67,65,0.0581560297650884,0.023739340741698523,0.28987402577831056
0000000000000000061e,stable_built,0,100,100,0.07240156927571226,0.020048861190975865,0.2168606580797159
0000000000000000061e,stable_built,500,97,30,0.07883549608014191,0.027369069429561344,0.2577014396504743
0000000000000000061f,stable_nature,0,100,100,0.07249444030699462,0.43267717956726537,0.856495421643252
0000000000000000061f,stable_nature,500,99,100,0.07249444030699462,0.43267717956726537,0.856495421643252
0000000000000000061f,stable_nature,1000,96,100,0.07249444030699462,0.43267717956726537,0.856495421643252
0000000000000000061f,stable_nature,2000,75,94,0.07736385898306272,0.43267717956726537,0.8483183643343688
00000000000000000620,stable_crop,0,100,100,0.07431453000344732,0.04392878421855519,0.37151178066361645
00000000000000000620,stable_crop,500,99,96,0.07431453000344732,0.046853353678195785,0.38668129090140546
00000000000000000620,stable_crop,1000,97,90,0.07431453000344732,0.0500636259409553,0.4025114021061011
00000000000000000620,stable_crop,2000,88,52,0.07431453000344732,0.06219092436869731,0.455592962598368
00000000000000000621,stable_crop,0,100,100,0.04628811905038506,0.029729905591252926,0.39109021486698337
00000000000000000621,stable_crop,500,97,91,0.04628811905038506,0.029729905591252926,0.39109021486698337
00000000000000000621,stable_crop,1000,93,80,0.04628811905038506,0.029729905591252926,0.39109021486698337
00000000000000000621,stable_crop,2000,71,36,0.04628811905038506,0.044684982484379174,0.4911889528885873
00000000000000000623,stable_crop,0,100,100,0.11181723219137674,0.09246226560745721,0.4526262625633514
00000000000000000623,stable_crop,500,96,96,0.13314211023177397,0.09875801175676786,0.425864423483234
00000000000000000623,stable_crop,1000,91,90,0.13314211023177405,0.09875801175676772,0.4258644234832335
00000000000000000623,stable_crop,2000,64,76,0.13434504941136458,0.09983190675088624,0.42630969496969134
00000000000000000625,stable_nature,0,100,100,0.04421383567226698,0.13836868616294437,0.75784190497199
00000000000000000625,stable_nature,500,98,93,0.04584571474319073,0.1397986687097395,0.7530455061918538
00000000000000000625,stable_nature,1000,96,90,0.04584571474319073,0.1397986687097395,0.7530455061918538
00000000000000000625,stable_nature,2000,71,78,0.05032052290312776,0.1397986687097395,0.735321182059679
00000000000000000627,stable_nature,0,98,100,0.02194028151628098,0.2840152048522568,0.9282893018928213
00000000000000000627,stable_nature,500,95,100,0.03444204651161427,0.2840152048522568,0.8918471902743631
00000000000000000627,stable_nature,1000,89,100,0.04017670861547449,0.2840152048522568,0.8760712190918063
00000000000000000627,stable_nature,2000,65,100,0.06410675030881711,0.2840152048522568,0.8158497349586263
00000000000000000628,stable_crop,0,100,100,0.015512073201098842,0.013076207230337622,0.4573974731093398
00000000000000000628,stable_crop,500,95,97,0.024536946066101906,0.01469536450773976,0.3745730060865544
00000000000000000628,stable_crop,1000,88,94,0.027317749692122528,0.01469536450773976,0.34978041469342325
00000000000000000628,stable_crop,2000,50,68,0.03649814614119866,0.020477870624556437,0.3594121138441018
00000000000000000629,stable_nature,0,100,100,0.08144907866982518,0.11293649233541803,0.5809921577553242
00000000000000000629,stable_nature,500,99,99,0.08144907866982518,0.11293649233541803,0.5809921577553242
00000000000000000629,stable_nature,1000,94,93,0.08144907866982518,0.11293649233541803,0.5809921577553242
00000000000000000629,stable_nature,2000,64,79,0.1094640001575921,0.12532342301143337,0.5337740042433117
0000000000000000062b,stable_built,0,100,100,0.06684314266370783,0.05165573323443344,0.43591749577776184
0000000000000000062b,stable_built,500,99,96,0.06834767237738026,0.05165573323443344,0.4304522273401027
0000000000000000062b,stable_built,1000,97,91,0.06834767237738026,0.05165573323443344,0.4304522273401027
0000000000000000062b,stable_built,2000,77,64,0.09907860011962207,0.05457175992671868,0.3551684480915289
0000000000000000062c,stable_nature,0,100,100,0.08583263460907713,0.15525410109136856,0.6439761218702235
0000000000000000062c,stable_nature,500,99,98,0.08583263460907713,0.15525410109136856,0.6439761218702235
0000000000000000062c,stable_nature,1000,98,81,0.08583263460907713,0.17338204785023537,0.6688743330609034
0000000000000000062c,stable_nature,2000,72,19,0.09242530301004619,0.1974977591108387,0.6812074819622657
0000000000000000062d,stable_crop,0,100,100,0.044319768081138446,0.04935146064949194,0.5268582607246958
0000000000000000062d,stable_crop,500,98,98,0.044319768081138446,0.04935146064949194,0.5268582607246958
0000000000000000062d,stable_crop,1000,81,94,0.04509238733336403,0.04935146064949194,0.5225481775999636
0000000000000000062d,stable_crop,2000,45,75,0.05230263927032099,0.05116534103133574,0.49450410534419187
0000000000000000062e,stable_nature,0,100,100,0.15116866145575736,0.16114023913524958,0.5159642867359693
0000000000000000062e,stable_nature,500,98,100,0.15130168787132547,0.16114023913524958,0.5157446078974631
0000000000000000062e,stable_nature,1000,90,100,0.1536124983186859,0.16114023913524958,0.5119581816451103
0000000000000000062e,stable_nature,2000,64,100,0.1572981244868474,0.16114023913524958,0.5060327446160817
00000000000000000630,stable_nature,0,100,100,0.049754901840436315,0.04298050052722273,0.46347456774230233
00000000000000000630,stable_nature,500,98,99,0.049754901840436315,0.04677869490306778,0.4845846055739243
00000000000000000630,stable_nature,1000,94,95,0.05361135330567555,0.05774315222922584,0.5185524550742949
00000000000000000630,stable_nature,2000,79,66,0.05361135330567555,0.06076744527507465,0.5312824232162414
00000000000000000631,stable_nature,0,100,100,0.032550710467234525,0.22667250703561476,0.8744298030798451
00000000000000000631,stable_nature,500,98,100,0.032550710467234525,0.22667250703561476,0.8744298030798451
00000000000000000631,stable_nature,1000,87,100,0.03273030008236875,0.22667250703561476,0.8738244182980027
00000000000000000631,stable_nature,2000,64,97,0.03273030008236875,0.22667250703561476,0.8738244182980027
00000000000000000634,stable_nature,0,100,100,0.015531732000202126,0.03050536621458333,0.6626257387378834
00000000000000000634,stable_nature,500,99,100,0.015531732000202126,0.03050536621458333,0.6626257387378834
00000000000000000634,stable_nature,1000,93,100,0.015531732000202126,0.03050536621458333,0.6626257387378834
00000000000000000634,stable_nature,2000,67,54,0.015531732000202126,0.03050536621458333,0.6626257387378834
00000000000000000635,stable_crop,0,100,100,0.02247866361438271,0.012866701694236139,0.36402797315931573
00000000000000000635,stable_crop,500,100,96,0.02247866361438271,0.01776419604850874,0.44142479428339304
00000000000000000635,stable_crop,1000,97,89,0.02275564088795947,0.02285390000206764,0.5010771771781581
00000000000000000635,stable_crop,2000,72,44,0.0243484884005297,0.02408975569199563,0.49732925176814313
00000000000000000637,stable_crop,0,100,100,0.0752941643568102,0.012774185268337202,0.14504853698932674
00000000000000000637,stable_crop,500,100,94,0.0752941643568102,0.02025232093947018,0.21196301335897114
00000000000000000637,stable_crop,1000,89,88,0.0752941643568102,0.02241813806303299,0.22943004624411484
00000000000000000637,stable_crop,2000,63,71,0.07723721918843736,0.02241813806303299,0.22495667750443257
00000000000000000638,stable_crop,0,100,100,0.10487138204414348,0.01359237252465204,0.11473866056341982
00000000000000000638,stable_crop,500,100,96,0.10487138204414348,0.014078984532857431,0.11836016094683685
00000000000000000638,stable_crop,1000,98,84,0.10487138204414348,0.02183863865659077,0.1723513147235392
00000000000000000638,stable_crop,2000,94,46,0.10933504884420442,0.030521033295608246,0.21823171955352258
00000000000000000639,stable_built,0,100,100,0.1814426341595517,0.09355050657495671,0.34019214561040517
00000000000000000639,stable_built,500,98,98,0.1814426341595517,0.09355050657495671,0.34019214561040517
00000000000000000639,stable_built,1000,92,68,0.19191535425778586,0.10470738345426352,0.3529985066605267
00000000000000000639,stable_built,2000,62,31,0.2653891101661333,0.16980344774221176,0.3901800356098541
0000000000000000063b,stable_crop,0,100,100,0.04977009638857355,0.029491840285121862,0.3720807429442638
0000000000000000063b,stable_crop,500,97,100,0.04977009638857355,0.029491840285121862,0.3720807429442638
0000000000000000063b,stable_crop,1000,92,92,0.050360171265204645,0.03281749329476533,0.3945469431966296
0000000000000000063b,stable_crop,2000,58,67,0.07597409871854133,0.03281749329476533,0.3016546838513923
0000000000000000063c,stable_crop,0,100,100,0.06694634378579131,0.020084048298394098,0.23077051380781805
0000000000000000063c,stable_crop,500,99,98,0.06848222103220562,0.02035740072801375,0.22914776452706878
0000000000000000063c,stable_crop,1000,91,92,0.08185518689927081,0.02067068334482234,0.20161431739528812
0000000000000000063c,stable_crop,2000,79,64,0.08185518689927081,0.023136375091264472,0.2203641383402772
0000000000000000063d,stable_nature,0,100,100,0.06308369220088186,0.09404347785754912,0.5985182436747164
0000000000000000063d,stable_nature,500,98,100,0.07264818052150109,0.09404347785754912,0.5641762687556555
0000000000000000063d,stable_nature,1000,89,99,0.07734083256022559,0.09404347785754912,0.5487286299880978
0000000000000000063d,stable_nature,2000,61,61,0.1146540612709382,0.18744401270196853,0.6204740408843479
0000000000000000063f,stable_built,0,100,100,0.04323491923357281,0.02693893491032151,0.3838884900735001
0000000000000000063f,stable_built,500,98,90,0.046801301686339135,0.030198415897225606,0.3921886578877418
0000000000000000063f,stable_built,1000,93,64,0.04750209223393833,0.04244854879269313,0.47190935281554675
0000000000000000063f,stable_built,2000,58,18,0.06193212057162034,0.070326084702232,0.5317332452537359
00000000000000000640,stable_crop,0,100,100,0.04021171170155182,0.026929512143313027,0.4010875971688381
00000000000000000640,stable_crop,500,99,97,0.04021171170155182,0.02909929495454757,0.4198365650424006
00000000000000000640,stable_crop,1000,97,84,0.04021171170155182,0.02909929495454757,0.4198365650424006
00000000000000000640,stable_crop,2000,87,48,0.04021171170155182,0.03291944517772192,0.4501425463789093
00000000000000000641,stable_built,0,100,100,0.039241675023633585,0.0476347299751696,0.5483045710199163
00000000000000000641,stable_built,500,100,100,0.039241675023633585,0.0476347299751696,0.5483045710199163
00000000000000000641,stable_built,1000,89,98,0.042044849933541364,0.0476347299751696,0.5311658464850978
00000000000000000641,stable_built,2000,60,62,0.04274831227488303,0.06801762442993282,0.6140662594727239
00000000000000000642,stable_nature,0,100,100,0.11427823529887822,0.18270022302147348,0.6151968868522407
00000000000000000642,stable_nature,500,97,100,0.11427823529887822,0.18270022302147348,0.6151968868522407
00000000000000000642,stable_nature,1000,92,97,0.11427823529887822,0.18270022302147348,0.6151968868522407
00000000000000000642,stable_nature,2000,59,88,0.14851391304551315,0.18270022302147348,0.551607564792982
00000000000000000643,stable_nature,0,100,100,0.01182982407543065,0.08821632349960522,0.8817563258251409
00000000000000000643,stable_nature,500,97,100,0.012000062354813813,0.08821632349960522,0.8802584801538726
00000000000000000643,stable_nature,1000,87,100,0.014911584915422304,0.08821632349960522,0.8554068908653941
00000000000000000643,stable_nature,2000,63,97,0.017246578251397728,0.08821632349960518,0.8364678198125703
00000000000000000644,stable_nature,0,100,100,0.041702784640137214,0.1660036134440233,0.7992224359692622
00000000000000000644,stable_nature,500,99,99,0.04170278464013717,0.19184745354571933,0.8214397683132653
00000000000000000644,stable_nature,1000,91,97,0.04170278464013717,0.19184745354571933,0.8214397683132653
00000000000000000644,stable_nature,2000,58,83,0.061898068938851414,0.20529820100583737,0.7683423164835609
00000000000000000645,stable_crop,0,100,100,0.02905285489441676,0.10151702751049327,0.7774919119165743
00000000000000000645,stable_crop,500,98,99,0.02905285489441676,0.10151702751049327,0.7774919119165743
00000000000000000645,stable_crop,1000,90,97,0.02905285489441676,0.10151702751049327,0.7774919119165743
00000000000000000645,stable_crop,2000,57,73,0.030097176346763677,0.13394771838397088,0.8165308564037783
00000000000000000646,stable_nature,0,99,94,0.013524493300904394,0.2010184712688682,0.9369613758765649
00000000000000000646,stable_nature,500,96,94,0.013524493300904394,0.2010184712688682,0.9369613758765649
00000000000000000646,stable_nature,1000,90,63,0.014536176248405131,0.2010184712688682,0.9325638467239595
00000000000000000647,stable_built,0,100,100,0.07950009863151794,0.029554186485613455,0.2710043576334422
00000000000000000647,stable_built,500,93,91,0.07979039568834101,0.029554186485613455,0.2702848728099387
00000000000000000647,stable_built,1000,75,78,0.0824350852987236,0.029554186485613455,0.26390194359209174
00000000000000000647,stable_built,2000,11,31,0.1477431895066253,0.03384942978230006,0.18640311437028764
00000000000000000648,stable_crop,0,100,100,0.030378052289206335,0.014736692211887937,0.32664913377053134
00000000000000000648,stable_crop,500,100,97,0.030378052289206335,0.017245503401076823,0.36212128957505324
00000000000000000648,stable_crop,1000,96,93,0.030378052289206335,0.017245503401076823,0.36212128957505324
00000000000000000648,stable_crop,2000,72,74,0.030378052289206335,0.017245503401076823,0.36212128957505324
00000000000000000649,stable_built,0,100,100,0.10383925522808313,0.05920326499647921,0.3631154922935074
00000000000000000649,stable_built,500,97,89,0.10383925522808313,0.059540523295879846,0.3644301873428148
00000000000000000649,stable_built,1000,91,61,0.10383925522808313,0.0708640861752922,0.40562524795256977
00000000000000000649,stable_built,2000,51,13,0.12182186108834828,0.08453705637144848,0.4096603016320266
0000000000000000064b,stable_crop,0,100,100,0.023289835563358084,0.012477665270128769,0.34885482572206616
0000000000000000064b,stable_crop,500,98,96,0.023289835563358084,0.014422827916805603,0.38243991766875235
0000000000000000064b,stable_crop,1000,94,83,0.023289835563358084,0.01494392417596988,0.39085677886413617
0000000000000000064b,stable_crop,2000,77,59,0.025441410496631754,0.020509830889333912,0.44633899477526723
0000000000000000064c,stable_nature,0,100,100,0.008632876010651191,0.31034142568850576,0.9729355124671883
0000000000000000064c,stable_nature,500,96,100,0.008632876010651191,0.31034142568850576,0.9729355124671883
0000000000000000064c,stable_nature,1000,89,100,0.009811993190699763,0.31034142568850576,0.9693522148661758
0000000000000000064c,stable_nature,2000,66,100,0.011683130243220008,0.31034142568850576,0.9637197535747531
0000000000000000064e,stable_nature,0,100,100,0.02667138693530737,0.12223651232876062,0.8208866885642502
0000000000000000064e,stable_nature,500,97,100,0.02667138693530737,0.12223651232876062,0.8208866885642502
0000000000000000064e,stable_nature,1000,90,100,0.02667138693530737,0.12223651232876062,0.8208866885642502
0000000000000000064e,stable_nature,2000,65,91,0.029860402656262042,0.12223651232876062,0.8036751589602843
0000000000000000064f,stable_crop,0,100,100,0.043381867501816204,0.03257032419191519,0.4288266535193942
0000000000000000064f,stable_crop,500,99,98,0.043968023871515105,0.03791574432447322,0.4630434719767544
0000000000000000064f,stable_crop,1000,90,86,0.043968023871515105,0.03791574432447322,0.4630434719767544
0000000000000000064f,stable_crop,2000,68,54,0.043968023871515105,0.04026107557061211,0.4779948478233108
00000000000000000651,stable_built,0,100,100,0.15227263939527277,0.10309576127833422,0.40371385420430267
00000000000000000651,stable_built,500,97,99,0.15227263939527277,0.11582161497776555,0.4320182662929216
00000000000000000651,stable_built,1000,87,97,0.15227263939527277,0.11582161497776555,0.4320182662929216
00000000000000000651,stable_built,2000,38,91,0.18694507756665052,0.11920146669657539,0.3893608107942456
00000000000000000652,stable_nature,0,100,100,0.12747834228783822,0.05626072399919835,0.30619903070042725
00000000000000000652,stable_nature,500,98,100,0.12747834228783822,0.05626072399919835,0.30619903070042725
00000000000000000652,stable_nature,1000,92,100,0.12747834228783822,0.05626072399919835,0.30619903070042725
00000000000000000652,stable_nature,2000,76,96,0.12747834228783822,0.05626072399919835,0.30619903070042725
00000000000000000653,stable_crop,0,100,100,0.07994358236757985,0.028509518384106137,0.2628741657568519
00000000000000000653,stable_crop,500,97,97,0.08402709796863053,0.028509518384106137,0.25333548588747407
00000000000000000653,stable_crop,1000,91,88,0.08823328497760932,0.029990949122832445,0.2536785232805894
00000000000000000653,stable_crop,2000,66,81,0.09032170059758104,0.03595638262318086,0.2847396927940096
00000000000000000654,stable_nature,0,100,100,0.10853733878168836,0.04927119163064029,0.31222134507932026
00000000000000000654,stable_nature,500,96,95,0.11102019470858035,0.05550816905941747,0.33332561374599473
00000000000000000654,stable_nature,1000,91,90,0.11415023832994405,0.05840455823078845,0.33846963048572154
00000000000000000654,stable_nature,2000,73,45,0.11954592797918862,0.07452939911314818,0.384023050376232
00000000000000000656,stable_nature,0,100,100,0.10278780840005775,0.1771040318158304,0.6327588245466268
00000000000000000656,stable_nature,500,99,98,0.11675030902087147,0.1866623175715378,0.6152094580482844
00000000000000000656,stable_nature,1000,97,98,0.11675030902087147,0.1866623175715378,0.6152094580482844
00000000000000000656,stable_nature,2000,62,76,0.12311945992321856,0.19578791499257361,0.6139334816062428
00000000000000000658,stable_nature,0,100,100,0.011573267688759792,0.033709356560666336,0.7444214446195467
00000000000000000658,stable_nature,500,95,99,0.01739544602598093,0.04100512976827975,0.7021357103059144
00000000000000000658,stable_nature,1000,86,94,0.02162210181104749,0.04113102173219481,0.655441823596184
00000000000000000658,stable_nature,2000,60,72,0.024599394803151674,0.05422170439976881,0.6879085035275918
00000000000000000659,stable_crop,0,100,100,0.0253101756733215,0.009688632140818498,0.2768274905817601
00000000000000000659,stable_crop,500,100,93,0.0253101756733215,0.011830701974409052,0.31853587538509387
00000000000000000659,stable_crop,1000,96,87,0.0253101756733215,0.012026721354325143,0.3221135742774144
00000000000000000659,stable_crop,2000,87,46,0.02531017567332148,0.01574721351460171,0.38354152140901665
0000000000000000065a,stable_crop,0,100,100,0.08487444680831586,0.0135248177291172,0.13744836196244778
0000000000000000065a,stable_crop,500,100,96,0.08487444680831586,0.01546459328797154,0.15412339277889517
0000000000000000065a,stable_crop,1000,100,84,0.08487444680831586,0.01877962376508917,0.181175940906332
0000000000000000065a,stable_crop,2000,91,57,0.15187581981356568,0.022511044356443088,0.12908681203400796
0000000000000000065b,stable_nature,0,100,100,0.061330165996897,0.04597880173217319,0.42847119588206584
0000000000000000065b,stable_nature,500,99,83,0.07533248891849065,0.059318744929937516,0.4405362151844064
0000000000000000065b,stable_nature,1000,97,54,0.09525623813226285,0.06313384133430122,0.3985971946382544
0000000000000000065b,stable_nature,2000,75,16,0.1261929806401129,0.09200396183988697,0.4216555960581275
0000000000000000065c,stable_nature,0,100,100,0.1541894222569153,0.1638393816519663,0.5151715179182096
0000000000000000065c,stable_nature,500,96,97,0.20425572184892982,0.19790655272977314,0.4921062099536908
0000000000000000065c,stable_nature,1000,92,86,0.20425572184892982,0.20559209484909902,0.5016303283129975
0000000000000000065c,stable_nature,2000,77,30,0.214461500496519,0.2406436810256726,0.5287649774064586
0000000000000000065e,stable_built,0,100,100,0.09917066252694914,0.06646135188929629,0.4012590930752842
0000000000000000065e,stable_built,500,98,99,0.09917066252694914,0.06646135188929629,0.4012590930752842
0000000000000000065e,stable_built,1000,90,94,0.1195183595018543,0.06646135188929629,0.3573580762750949
0000000000000000065e,stable_built,2000,51,78,0.12938603310848626,0.06852501761876255,0.3462414926635607
0000000000000000065f,stable_nature,0,100,100,0.030507384655203373,0.08518698380984131,0.736310547689648
0000000000000000065f,stable_nature,500,99,99,0.030546385098571417,0.08518698380984131,0.7360624218631291
0000000000000000065f,stable_nature,1000,93,89,0.030546385098571417,0.09912025489644623,0.7644237168441352
0000000000000000065f,stable_nature,2000,69,75,0.03756552591821627,0.09912025489644623,0.7251687359500988
00000000000000000660,stable_built,0,100,100,0.14708900645040407,0.0304821933905562,0.1716618089965354
00000000000000000660,stable_built,500,97,19,0.14708900645040407,0.11412306901788923,0.43689813655381693
00000000000000000661,stable_crop,0,100,100,0.2219493397508389,0.04551149254834521,0.17016133598681651
00000000000000000661,stable_crop,500,98,99,0.44738832127316697,0.08452278114046193,0.15890396112577426
00000000000000000661,stable_crop,1000,91,96,0.4494704305234597,0.12506417240026152,0.2176790949815918
00000000000000000661,stable_crop,2000,67,59,0.4521624253322331,0.5596207578067862,0.5531034386932887
00000000000000000662,stable_crop,0,100,100,0.09628416144592374,0.05625048206279668,0.36877184597879276
00000000000000000662,stable_crop,500,98,97,0.10031006773204128,0.05625048206279668,0.3592889916147449
00000000000000000662,stable_crop,1000,98,89,0.10031006773204128,0.05625048206279668,0.3592889916147449
00000000000000000662,stable_crop,2000,90,49,0.11828677428467824,0.07031754343541341,0.3728310374071027
00000000000000000663,stable_nature,0,100,100,0.036400588248273455,0.037724942624442794,0.508933186444395
00000000000000000663,stable_nature,500,97,98,0.03967795110545622,0.037724942624442794,0.48738413780237133
00000000000000000663,stable_nature,1000,91,92,0.04232788095387778,0.037724942624442794,0.47125061850020716
00000000000000000663,stable_nature,2000,65,56,0.044109096350739986,0.04246405842645555,0.49049914532109223
00000000000000000664,stable_nature,0,100,100,0.04937980526717356,0.04689495140167681,0.4870949875520437
00000000000000000664,stable_nature,500,99,99,0.04937980526717356,0.047396541124409344,0.4897533632044812
00000000000000000664,stable_nature,1000,94,94,0.053368269188500926,0.047396541124409344,0.4703679883558159
00000000000000000664,stable_nature,2000,74,75,0.05804690831140018,0.05497323038147526,0.4864020785744643
00000000000000000665,stable_crop,0,100,100,0.0846739312254045,0.033459230012654585,0.283233172309214
00000000000000000665,stable_crop,500,97,98,0.08766980523725083,0.0387135427994882,0.306318382924371
00000000000000000665,stable_crop,1000,94,90,0.08766980523725072,0.039284765707367185,0.3094395531783976
00000000000000000665,stable_crop,2000,73,66,0.11834457081511787,0.05019904859002737,0.29784010078163226
00000000000000000666,stable_nature,0,100,100,0.0071205274068177225,0.24777891091508025,0.9720653468102285
00000000000000000666,stable_nature,500,97,100,0.009199012864232881,0.24777891091508025,0.9642031006791971
00000000000000000666,stable_nature,1000,88,100,0.009687088719962333,0.24777891091508025,0.9623752699981508
00000000000000000666,stable_nature,2000,55,90,0.014222347445327266,0.24777891091508025,0.9457164918394828
00000000000000000667,stable_built,0,100,100,0.0424385171378173,0.05867679898029401,0.5802958565760127
00000000000000000667,stable_built,500,95,100,0.05051806804061061,0.05867679898029401,0.5373585826934829
00000000000000000667,stable_built,1000,89,95,0.05051806804061061,0.05867679898029401,0.5373585826934829
00000000000000000667,stable_built,2000,46,86,0.05532460482451853,0.05867679898029401,0.514702424895072
00000000000000000668,stable_nature,0,100,100,0.01953055343062582,0.11860260431540552,0.8586106786366753
00000000000000000668,stable_nature,500,100,100,0.01953055343062582,0.11860260431540552,0.8586106786366753
00000000000000000668,stable_nature,1000,92,79,0.021710538522318988,0.11860260431540552,0.8452708129539012
00000000000000000668,stable_nature,2000,69,68,0.030412215269643904,0.11860260431540552,0.7959114713883729
00000000000000000669,stable_nature,0,100,100,0.031655325685968384,0.29907635324974974,0.9042869863910881
00000000000000000669,stable_nature,500,99,98,0.03651604283083274,0.29907635324974974,0.8911893020872985
00000000000000000669,stable_nature,1000,94,98,0.04268488665512897,0.29907635324974974,0.8751031958220762
00000000000000000669,stable_nature,2000,79,61,0.048927197570186265,0.31574732801444394,0.8658332454327208
0000000000000000066b,stable_crop,0,100,100,0.0359486868292201,0.026360783789544852,0.42306223319417907
0000000000000000066b,stable_crop,500,99,99,0.04578049080635436,0.026360783789544852,0.3654050186504175
0000000000000000066b,stable_crop,1000,92,93,0.04578049080635436,0.027993435904165052,0.3794489076557995
0000000000000000066b,stable_crop,2000,79,56,0.04578049080635436,0.02951424064009245,0.3919828130430666
0000000000000000066c,stable_nature,0,100,100,0.01932213044297686,0.020042926015471262,0.5091552716587227
0000000000000000066c,stable_nature,500,100,97,0.01932213044297686,0.023181428737921728,0.5453997073213162
0000000000000000066c,stable_nature,1000,94,93,0.022568236967659548,0.025768893755777844,0.5331076414668131
0000000000000000066c,stable_nature,2000,86,62,0.022568236967659548,0.027872861988618824,0.552582369631281
0000000000000000066d,stable_nature,0,100,100,0.04666131130522546,0.04739631586018611,0.5039072033608728
0000000000000000066d,stable_nature,500,99,96,0.0562247396228913,0.052702860461501036,0.4838338531298342
0000000000000000066d,stable_nature,1000,95,83,0.0562247396228913,0.06270125812327235,0.5272291955588639
0000000000000000066d,stable_nature,2000,81,57,0.0636770579542294,0.07257399528128394,0.532649058905294
0000000000000000066e,stable_nature,0,100,100,0.09071421224816408,0.06928212601164627,0.43302319768537034
0000000000000000066e,stable_nature,500,99,85,0.09071421224816408,0.07220697936601925,0.4432018858330641
0000000000000000066e,stable_nature,1000,89,69,0.09621780783995057,0.07220697936601925,0.4287194335432781
0000000000000000066e,stable_nature,2000,57,20,0.1188111523468319,0.13657006348001657,0.534769415351511
0000000000000000066f,stable_nature,0,100,100,0.11623743499387362,0.2121938491330037,0.6460829384644867
0000000000000000066f,stable_nature,500,99,100,0.12854376544451884,0.2121938491330037,0.6227485315804602
0000000000000000066f,stable_nature,1000,97,93,0.12854376544451887,0.22730589542826082,0.6387694591871103
0000000000000000066f,stable_nature,2000,74,57,0.1337238018519606,0.3496154036172887,0.7233334264228405
00000000000000000670,stable_nature,0,100,100,0.01340969904565561,0.18069104967939148,0.9309137180836844
00000000000000000670,stable_nature,500,100,100,0.01340969904565561,0.18069104967939148,0.9309137180836844
00000000000000000670,stable_nature,1000,93,100,0.01340969904565561,0.18069104967939148,0.9309137180836844
00000000000000000670,stable_nature,2000,66,100,0.017041446825445304,0.18069104967939148,0.9138156492858407
00000000000000000671,stable_crop,0,100,100,0.3692366406839757,0.0932360837053013,0.20160342175470683
00000000000000000671,stable_crop,500,100,100,0.3692366406839757,0.0932360837053013,0.20160342175470683
00000000000000000671,stable_crop,1000,100,96,0.3692366406839757,0.1561426839714691,0.2971999023249986
00000000000000000671,stable_crop,2000,92,80,0.3692366406839757,0.21268409199811994,0.3654863627516502
00000000000000000672,stable_crop,0,100,100,0.08355022242109533,0.04411529968199224,0.345553748223615
00000000000000000672,stable_crop,500,100,97,0.08355022242109533,0.04411529968199224,0.345553748223615
00000000000000000672,stable_crop,1000,99,89,0.08355022242109533,0.045315011151846864,0.35164652168069327
00000000000000000672,stable_crop,2000,90,44,0.08355022242109533,0.052905834048344105,0.3877133446239166
00000000000000000674,stable_nature,0,100,100,0.06313866449344677,0.23029228740472094,0.7848261606834741
00000000000000000674,stable_nature,500,100,100,0.06313866449344677,0.23029228740472094,0.7848261606834741
00000000000000000674,stable_nature,1000,95,100,0.08347242236411971,0.23029228740472094,0.7339649113937952
00000000000000000674,stable_nature,2000,73,100,0.09616694521885653,0.23029228740472094,0.7054243359983424
00000000000000000675,stable_nature,0,100,100,0.07967282671853997,0.044398232765191746,0.3578451973375421
00000000000000000675,stable_nature,500,98,97,0.07967282671853997,0.044398232765191746,0.3578451973375421
00000000000000000675,stable_nature,1000,95,87,0.07967282671853997,0.052698200246512214,0.39810977866045544
00000000000000000675,stable_nature,2000,81,53,0.07967282671853997,0.07187804493469112,0.4742832829010943
00000000000000000676,stable_crop,0,100,100,0.032346562786527124,0.025036696193316343,0.43630662736800063
00000000000000000676,stable_crop,500,100,98,0.032346562786527124,0.025036696193316343,0.43630662736800063
00000000000000000676,stable_crop,1000,93,89,0.03347618162771375,0.02757552586308849,0.4516749325445355
00000000000000000676,stable_crop,2000,69,74,0.03347618162771375,0.02908891230607775,0.464938362218327
00000000000000000677,stable_nature,0,100,41,0.004935328089984181,0.25791462056254444,0.9812237814149638
00000000000000000677,stable_nature,500,98,41,0.004935328089984181,0.25791462056254444,0.9812237814149638
00000000000000000677,stable_nature,1000,93,41,0.004935328089984181,0.25791462056254444,0.9812237814149638
00000000000000000677,stable_nature,2000,63,41,0.004996799938477947,0.25791462056254444,0.9809943595073326
00000000000000000678,stable_nature,0,100,100,0.05081970680013113,0.043447595814836704,0.460897836356221
00000000000000000678,stable_nature,500,95,98,0.05081970680013113,0.043447595814836704,0.460897836356221
00000000000000000678,stable_nature,1000,90,90,0.05081970680013113,0.043447595814836704,0.460897836356221
00000000000000000678,stable_nature,2000,55,69,0.05604821386267824,0.04478729786725697,0.44416195344716763
00000000000000000679,stable_nature,0,100,100,0.07310967547448408,0.08649731082326788,0.5419393776495625
00000000000000000679,stable_nature,500,97,100,0.08104270451037934,0.08649731082326788,0.5162785180035749
00000000000000000679,stable_nature,1000,91,97,0.08104270451037934,0.08649731082326788,0.5162785180035749
00000000000000000679,stable_nature,2000,64,81,0.10611641703113646,0.08947150082611235,0.4574490173312049
0000000000000000067a,stable_crop,0,92,98,0.03438769712559801,0.014459846669290455,0.296019933565371
0000000000000000067a,stable_crop,500,91,92,0.03787305141643345,0.025062127360139595,0.3982212785748133
0000000000000000067a,stable_crop,1000,88,78,0.03787305141643345,0.025062127360139595,0.3982212785748133
0000000000000000067a,stable_crop,2000,71,39,0.04540772592901017,0.0268702564138541,0.37176267989909006
0000000000000000067b,stable_built,0,100,100,0.04771673203775815,0.04195789906869807,0.4678904005573252
0000000000000000067b,stable_built,500,96,100,0.04771673203775815,0.04195789906869807,0.4678904005573252
0000000000000000067b,stable_built,1000,87,96,0.050049276927025474,0.04195789906869807,0.45602855010126847
0000000000000000067b,stable_built,2000,48,77,0.08129982200723548,0.04195789906869807,0.3404078762944942
0000000000000000067d,stable_crop,0,100,100,0.09286290716512091,0.0030873640167778937,0.03217670965090669
0000000000000000067d,stable_crop,500,100,90,0.09286290716512091,0.02035916465463512,0.1798162171671447
0000000000000000067d,stable_crop,1000,97,75,0.09286290716512091,0.02035916465463512,0.1798162171671447
0000000000000000067e,stable_built,0,100,100,0.21904323966869765,0.12334220332984924,0.36024371319435
0000000000000000067e,stable_built,500,98,89,0.21904323966869765,0.1374005222828209,0.38547601879794957
0000000000000000067e,stable_built,1000,89,49,0.2311129427029594,0.20257841804597607,0.4671027287601007
0000000000000000067f,stable_nature,0,100,100,0.009139021505357591,0.013316634134737049,0.5930191639725335
0000000000000000067f,stable_nature,500,99,100,0.010704958094335004,0.013316634134737049,0.5543610101775966
0000000000000000067f,stable_nature,1000,94,99,0.010764665864217027,0.014057659600864626,0.5663312899540234
0000000000000000067f,stable_nature,2000,71,95,0.011319227959402545,0.015542725575901062,0.5786148633938799
00000000000000000680,stable_nature,0,100,100,0.16830211698665826,0.18331408045009706,0.5213470874945918
00000000000000000680,stable_nature,500,100,98,0.16830211698665826,0.18331408045009706,0.5213470874945918
00000000000000000680,stable_nature,1000,90,97,0.1687943843104317,0.18331408045009706,0.5206182151123505
00000000000000000680,stable_nature,2000,65,62,0.17428560480633695,0.19556525487557902,0.5287678796887018
00000000000000000681,stable_nature,0,100,100,0.08821483413761606,0.08752204319671437,0.4980288970863533
00000000000000000681,stable_nature,500,98,100,0.08821483413761606,0.08752204319671437,0.4980288970863533
00000000000000000681,stable_nature,1000,92,100,0.09709718814025974,0.08752204319671437,0.47406785610807634
00000000000000000681,stable_nature,2000,73,89,0.09709718814025974,0.08752204319671437,0.47406785610807634
00000000000000000682,stable_crop,0,100,100,0.08316885795441949,0.026407673441654823,0.24099753026458642
00000000000000000682,stable_crop,500,100,97,0.08316885795441949,0.042924165652696744,0.34041665767410345
00000000000000000682,stable_crop,1000,94,92,0.08316885795441949,0.04302258731601982,0.3409310926226237
00000000000000000682,stable_crop,2000,77,67,0.08316885795441949,0.043022587316019864,0.3409310926226239
00000000000000000683,stable_crop,0,100,100,0.03219892519182077,0.017146251182417815,0.34747572998891546
00000000000000000683,stable_crop,500,100,97,0.03219892519182077,0.01758771694117589,0.3532617623385806
00000000000000000683,stable_crop,1000,99,85,0.03336486766619644,0.019195790234977396,0.3652121377686082
00000000000000000683,stable_crop,2000,94,46,0.03336486766619644,0.020989512904171594,0.38616046551412875
00000000000000000684,stable_crop,0,97,99,0.12155634813577924,0.26149979044472077,0.6826670143261088
00000000000000000684,stable_crop,500,93,98,0.12155634813577924,0.26149979044472077,0.6826670143261088
00000000000000000684,stable_crop,1000,91,91,0.12155634813577924,0.26149979044472077,0.6826670143261088
00000000000000000684,stable_crop,2000,47,72,0.12280121042267049,0.2961774428357883,0.7069034198560373
00000000000000000685,stable_crop,0,100,100,0.06616979421380527,0.0406073085405622,0.38029977862946795
00000000000000000685,stable_crop,500,100,97,0.06616979421380527,0.0406073085405622,0.38029977862946795
00000000000000000685,stable_crop,1000,100,90,0.06616979421380527,0.0406073085405622,0.38029977862946795
00000000000000000685,stable_crop,2000,98,66,0.06777037329017355,0.041863345978956266,0.38184735734275244
00000000000000000686,stable_crop,0,100,100,0.023992535119520708,0.00887291249157469,0.2699769251981589
00000000000000000686,stable_crop,500,99,100,0.023992535119520708,0.00887291249157469,0.2699769251981589
00000000000000000686,stable_crop,1000,91,87,0.029236174745165024,0.00887291249157469,0.23282931013860075
00000000000000000686,stable_crop,2000,73,47,0.03499383471938815,0.012372186102051753,0.26120383108454753
00000000000000000687,stable_nature,0,100,100,0.05859148588175713,0.06182573233161135,0.5134293355087167
00000000000000000687,stable_nature,500,97,97,0.058702971116256705,0.06182573233161135,0.5129544296296168
00000000000000000687,stable_nature,1000,89,93,0.05979431126001429,0.06295448583254175,0.5128725276595536
00000000000000000687,stable_nature,2000,71,55,0.06192871832203728,0.09481309888831199,0.6048998319348745
00000000000000000688,stable_nature,0,96,100,0.08976521017322683,0.1056820803309094,0.540719086244545
00000000000000000688,stable_nature,500,92,100,0.08976521017322683,0.1056820803309094,0.540719086244545
00000000000000000688,stable_nature,1000,79,100,0.09229824397582209,0.1056820803309094,0.533800925422478
00000000000000000688,stable_nature,2000,42,88,0.11117140705048341,0.1056820803309094,0.4873432362402032
00000000000000000689,stable_nature,0,100,100,0.07911826680069908,0.0679964707774586,0.4622002655639575
00000000000000000689,stable_nature,500,99,95,0.07911826680069908,0.0770958717453281,0.49352685014563474
00000000000000000689,stable_nature,1000,95,89,0.0867680715812986,0.08376151275429038,0.4911846415397521
00000000000000000689,stable_nature,2000,70,66,0.0909620078744291,0.09308200298130183,0.5057594786594904
0000000000000000068a,stable_nature,0,100,100,0.018297477316616063,0.03436890520045777,0.6525776701800848
0000000000000000068a,stable_nature,500,97,100,0.018297477316616063,0.03436890520045777,0.6525776701800848
0000000000000000068a,stable_nature,1000,90,98,0.018297477316616063,0.039162486626866964,0.6815612809069143
0000000000000000068a,stable_nature,2000,55,85,0.02193612262111124,0.043726587321703494,0.6659272417955152
0000000000000000068b,stable_nature,0,100,16,0.02382202884283966,0.12269791469650586,0.8374144279049625
0000000000000000068b,stable_nature,500,99,16,0.02382202884283966,0.12269791469650586,0.8374144279049625
0000000000000000068b,stable_nature,1000,94,16,0.02382202884283966,0.12269791469650586,0.8374144279049625
0000000000000000068b,stable_nature,2000,71,16,0.028735624268721116,0.12269791469650586,0.8102426683950785
0000000000000000068c,stable_nature,0,100,100,0.010173179600824067,0.05284958974110341,0.8385792990709678
0000000000000000068c,stable_nature,500,92,99,0.02073553926110876,0.05481158986907797,0.7255284284052445
0000000000000000068c,stable_nature,1000,81,99,0.0230441023030723,0.05481158986907797,0.7040151893734057
0000000000000000068c,stable_nature,2000,46,98,0.02451796691419692,0.05481158986907797,0.6909352842866633
0000000000000000068d,stable_crop,0,100,100,0.051109049694308385,0.032756762445476206,0.3905854079191149
0000000000000000068d,stable_crop,500,98,100,0.051109049694308385,0.032756762445476206,0.3905854079191149
0000000000000000068d,stable_crop,1000,94,97,0.051109049694308385,0.03383482794151138,0.3983197951731525
0000000000000000068d,stable_crop,2000,74,68,0.05501601923910271,0.038092747047531475,0.4091209514027315
0000000000000000068e,stable_crop,0,100,100,0.09522681553640158,0.14224741317406878,0.599001474584842
0000000000000000068e,stable_crop,500,99,99,0.09522681553640158,0.14224741317406878,0.599001474584842
0000000000000000068e,stable_crop,1000,96,91,0.09522681553640158,0.15019694883570933,0.6119902415292151
0000000000000000068e,stable_crop,2000,79,69,0.09585866285982166,0.16044058558730356,0.6259892939942687
0000000000000000068f,stable_crop,0,100,100,0.04192021648052273,0.02834503269442994,0.403400443702271
0000000000000000068f,stable_crop,500,98,91,0.044823392298216504,0.03162401249084632,0.4136701903444737
0000000000000000068f,stable_crop,1000,94,82,0.044823392298216504,0.03162401249084632,0.4136701903444737
0000000000000000068f,stable_crop,2000,70,52,0.046079249963233225,0.033219334687858114,0.4189145977018648
00000000000000000690,stable_nature,0,100,100,0.005097182812440759,0.01578979331988952,0.7559635831963749
00000000000000000690,stable_nature,500,97,100,0.00515856648590145,0.01578979331988952,0.753748430212223
00000000000000000690,stable_nature,1000,92,100,0.005876681324315602,0.01578979331988952,0.7287661503983466
00000000000000000690,stable_nature,2000,70,83,0.008875758533375033,0.01834922025856516,0.6739847401946687
00000000000000000691,stable_nature,0,100,98,0.07036359290856024,0.16829950838092314,0.7051760723417451
00000000000000000691,stable_nature,500,100,98,0.07036359290856024,0.16829950838092314,0.7051760723417451
00000000000000000691,stable_nature,1000,91,98,0.08438086907014823,0.16829950838092314,0.6660568979593453
00000000000000000691,stable_nature,2000,58,91,0.12349759397193086,0.17244064479166746,0.5826913261075193
00000000000000000692,stable_crop,0,100,100,0.052355561531002695,0.04698769665608056,0.4729832452960253
00000000000000000692,stable_crop,500,100,100,0.052355561531002695,0.04698769665608056,0.4729832452960253
00000000000000000692,stable_crop,1000,93,95,0.05675630563820002,0.04698769665608056,0.45291964466863527
00000000000000000692,stable_crop,2000,63,66,0.07062108091340225,0.051912111016365746,0.42365754289414415
00000000000000000693,stable_built,0,99,100,0.09686364184672946,0.037253967283535715,0.277770887244747
00000000000000000693,stable_built,500,98,99,0.09686364184672946,0.037253967283535715,0.277770887244747
00000000000000000693,stable_built,1000,95,88,0.11276330388027234,0.038607052229170005,0.2550502834319928
00000000000000000693,stable_built,2000,78,51,0.1347396426373901,0.040029390502681415,0.22904166592470737
00000000000000000695,stable_crop,0,100,100,0.05367172299282541,0.032456411732429725,0.37683866991416193
00000000000000000695,stable_crop,500,97,95,0.05367172299282541,0.032456411732429725,0.37683866991416193
00000000000000000695,stable_crop,1000,92,89,0.05367172299282541,0.032456411732429725,0.37683866991416193
00000000000000000695,stable_crop,2000,71,79,0.05367172299282541,0.032456411732429725,0.37683866991416193
00000000000000000696,stable_built,0,100,100,0.15872882205750843,0.04070486471144885,0.20410225258685152
00000000000000000696,stable_built,500,100,91,0.15872882205750843,0.04070486471144885,0.20410225258685152
00000000000000000696,stable_built,1000,95,77,0.23485740525415516,0.04070486471144885,0.14771566773775657
00000000000000000696,stable_built,2000,74,43,0.2887925086925939,0.041515895744918874,0.125688281578821
00000000000000000699,stable_nature,0,100,100,0.06731957623224291,0.06540674600223692,0.49279408108810435
00000000000000000699,stable_nature,500,98,97,0.06731957623224291,0.06741527440683392,0.5003551351901026
00000000000000000699,stable_nature,1000,96,97,0.06731957623224291,0.06741527440683392,0.5003551351901026
00000000000000000699,stable_nature,2000,74,97,0.06731957623224291,0.06741527440683392,0.5003551351901026
0000000000000000069a,stable_built,0,100,100,0.06222074143774241,0.0554233656786969,0.4711104281948438
0000000000000000069a,stable_built,500,100,97,0.06222074143774241,0.05903988363434742,0.4868842099301495
0000000000000000069a,stable_built,1000,92,92,0.06222074143774241,0.05903988363434742,0.4868842099301495
0000000000000000069a,stable_built,2000,75,63,0.06222074143774241,0.05959379952952839,0.4892174534816075
0000000000000000069b,stable_nature,0,100,100,0.0599927516248153,0.049216116065024115,0.45066043724902044
0000000000000000069b,stable_nature,500,98,92,0.0599927516248153,0.049216116065024115,0.45066043724902044
0000000000000000069b,stable_nature,1000,96,88,0.0599927516248153,0.049216116065024115,0.45066043724902044
0000000000000000069b,stable_nature,2000,75,54,0.0599927516248153,0.049216116065024115,0.45066043724902044
0000000000000000069c,stable_nature,0,100,5,0.02553050374450503,0.2103496402815037,0.8917649306565553
0000000000000000069c,stable_nature,500,99,5,0.029910212916254175,0.2103496402815037,0.8755089020531841
0000000000000000069c,stable_nature,1000,93,5,0.03150720776062717,0.2103496402815037,0.869727865815863
0000000000000000069c,stable_nature,2000,68,5,0.0571116811164734,0.2103496402815037,0.7864675130641458
0000000000000000069e,stable_built,0,100,100,0.061753325400596526,0.09222039192647732,0.5989359322278497
0000000000000000069e,stable_built,500,90,99,0.07210817555567536,0.09222039192647732,0.5611951308218637
0000000000000000069e,stable_built,1000,79,94,0.10528317790008475,0.1024313699004398,0.4931352713836637
0000000000000000069e,stable_built,2000,53,69,0.11556487164948208,0.10725311345756354,0.481348547360555
0000000000000000069f,stable_nature,0,100,100,0.05690249467517681,0.05537820878225201,0.4932121644816326
0000000000000000069f,stable_nature,500,98,97,0.05690249467517681,0.05571307832531349,0.49471913022700875
0000000000000000069f,stable_nature,1000,95,92,0.05715331775262174,0.06037122363588543,0.5136903571127273
0000000000000000069f,stable_nature,2000,75,63,0.05715331775262174,0.07675030752587644,0.573175725195452
000000000000000006a0,stable_nature,0,100,100,0.027667664328944984,0.028731463662844025,0.5094309909635044
000000000000000006a0,stable_nature,500,98,100,0.027667664328944984,0.028731463662844025,0.5094309909635044
000000000000000006a0,stable_nature,1000,90,100,0.028704583723529308,0.028731463662844025,0.5002339988520922
000000000000000006a0,stable_nature,2000,54,83,0.03125684031402889,0.03289653507318484,0.5127794893739699
000000000000000006a1,stable_nature,0,100,100,0.1638013715405543,0.13787343441989824,0.45702667804985836
000000000000000006a1,stable_nature,500,100,96,0.1638013715405543,0.13787343441989824,0.45702667804985836
000000000000000006a1,stable_nature,1000,95,84,0.1638013715405543,0.13787343441989824,0.45702667804985836
000000000000000006a1,stable_nature,2000,70,43,0.21277399177180784,0.14629393404755436,0.407426905963034
000000000000000006a2,stable_nature,0,100,100,0.14369023146270182,0.12814890853935926,0.4714144862947853
000000000000000006a2,stable_nature,500,96,96,0.16073836969532856,0.14425028625958583,0.47296934965488346
000000000000000006a2,stable_nature,1000,84,94,0.17253093283713167,0.14425028625958583,0.4553624948803829
000000000000000006a2,stable_nature,2000,51,73,0.19817309178041403,0.14425028625958583,0.4212629613224425
000000000000000006a3,stable_nature,0,82,89,0.016958820703447987,0.012992167310090142,0.4337809258173313
000000000000000006a3,stable_nature,500,81,85,0.016958820703447987,0.013646556040290502,0.4458875364975386
000000000000000006a3,stable_nature,1000,76,82,0.018846733426050498,0.014217283843255024,0.42999263298907814
000000000000000006a3,stable_nature,2000,67,56,0.02243531265227856,0.025069315559957617,0.5277236451031222
000000000000000006a4,stable_nature,0,100,100,0.00798558890972716,0.07959640574893938,0.9088215683856227
000000000000000006a4,stable_nature,500,99,96,0.00798558890972716,0.07959640574893938,0.9088215683856227
000000000000000006a4,stable_nature,1000,94,91,0.00798558890972716,0.07959640574893938,0.9088215683856227
000000000000000006a4,stable_nature,2000,74,75,0.008193719989976112,0.07959640574893938,0.9066669523261579
000000000000000006a5,stable_crop,0,100,100,0.08267837574870902,0.009995420401385725,0.10785595083522052
000000000000000006a5,stable_crop,500,100,100,0.08267837574870902,0.009995420401385725,0.10785595083522052
000000000000000006a5,stable_crop,1000,92,93,0.08267837574870902,0.010190379550584616,0.10972882663963511
000000000000000006a5,stable_crop,2000,70,66,0.09233280444231787,0.011319920474050194,0.10921006160787795
000000000000000006a6,stable_nature,0,100,100,0.06078237464964229,0.059766879197429845,0.49578804753743116
000000000000000006a6,stable_nature,500,94,94,0.06504180604851906,0.059766879197429845,0.4788679496076249
000000000000000006a6,stable_nature,1000,86,86,0.06950653334753273,0.07315418276401138,0.5127843512736927
000000000000000006a6,stable_nature,2000,66,58,0.0755421761131718,0.08814973925377459,0.5385100360981895
000000000000000006a7,stable_nature,0,100,100,0.03058645469714094,0.11957145725528069,0.7963047414535923
000000000000000006a7,stable_nature,500,95,100,0.03146198263513918,0.11957145725528069,0.7916886309498237
000000000000000006a7,stable_nature,1000,89,100,0.03172220621140058,0.11957145725528069,0.7903269344840939
000000000000000006a7,stable_nature,2000,68,100,0.03416034253342874,0.11957145725528069,0.7777926064668672
000000000000000006a9,stable_crop,0,100,100,0.1488738722861595,0.16948436026474928,0.5323699623100357
000000000000000006a9,stable_crop,500,98,100,0.1492696709007662,0.16948436026474928,0.5317089156316004
000000000000000006a9,stable_crop,1000,92,97,0.1492696709007662,0.16948436026474928,0.5317089156316004
000000000000000006a9,stable_crop,2000,64,73,0.15416358065649388,0.23441795189075262,0.6032658071871884
000000000000000006aa,stable_built,0,100,100,0.07428558149824549,0.07659461991444368,0.5076518933351208
000000000000000006aa,stable_built,500,97,97,0.09463499181472093,0.08115862425380546,0.46166991764767623
000000000000000006aa,stable_built,1000,91,93,0.10081585627480893,0.08363577819767594,0.4534293146082079
000000000000000006aa,stable_built,2000,66,62,0.1366708601473867,0.08578502651716184,0.38562713625167133
000000000000000006ab,stable_nature,0,100,100,0.07200196561433814,0.19567922322111525,0.7310159674338209
000000000000000006ab,stable_nature,500,98,95,0.07760614646213242,0.19811519527620444,0.7185341331448323
000000000000000006ab,stable_nature,1000,84,84,0.0808767269972948,0.19811519527620444,0.7101108650783071
000000000000000006ab,stable_nature,2000,60,47,0.0952299144956635,0.21368978878541137,0.6917324680656288
000000000000000006ac,stable_nature,0,100,100,0.051521194309169016,0.054666121808178335,0.5148083952630662
000000000000000006ac,stable_nature,500,97,100,0.051521194309169016,0.054666121808178335,0.5148083952630662
000000000000000006ac,stable_nature,1000,92,95,0.051521194309169016,0.056863324928451184,0.524644343379523
000000000000000006ac,stable_nature,2000,77,65,0.0531600020775979,0.07717818863516128,0.5921379467715286
000000000000000006ad,stable_nature,0,100,100,0.07760414496329822,0.0995520688153454,0.5619451143789604
000000000000000006ad,stable_nature,500,100,76,0.07760414496329822,0.1328355787210913,0.6312286311479978
000000000000000006ad,stable_nature,1000,96,61,0.0833517931830146,0.1328355787210913,0.6144465217857343
000000000000000006ad,stable_nature,2000,67,24,0.0833517931830146,0.1328355787210913,0.6144465217857343
000000000000000006ae,stable_crop,0,100,100,0.06928765222710613,0.041993185474201986,0.3773622336177919
000000000000000006ae,stable_crop,500,100,96,0.06928765222710613,0.041993185474201986,0.3773622336177919
000000000000000006ae,stable_crop,1000,97,84,0.07431395593039183,0.04604542028352774,0.38256612597681455
000000000000000006ae,stable_crop,2000,81,51,0.08133006855552176,0.04773340156628434,0.36984439920037165
000000000000000006af,stable_crop,0,100,100,0.11671957927820584,0.11307616536520289,0.4920724948156876
000000000000000006af,stable_crop,500,98,99,0.17513127547742074,0.11307616536520289,0.3923429771077842
000000000000000006af,stable_crop,1000,94,94,0.2118897596528632,0.11307616536520289,0.34796314523920807
000000000000000006af,stable_crop,2000,63,80,0.221624147428806,0.11307616536520289,0.337843022675804
000000000000000006b0,stable_nature,0,100,100,0.07989332059682326,0.07610918912360154,0.48787156860175174
000000000000000006b0,stable_nature,500,96,99,0.07989332059682326,0.07610918912360154,0.48787156860175174
000000000000000006b0,stable_nature,1000,89,90,0.07989332059682326,0.07610918912360154,0.48787156860175174
000000000000000006b0,stable_nature,2000,68,73,0.08624917162081869,0.07610918912360154,0.4687728354374162
000000000000000006b1,stable_nature,0,100,100,0.017096820782373845,0.11956249857360031,0.8748945855736744
000000000000000006b1,stable_nature,500,97,100,0.017096820782373845,0.11956249857360031,0.8748945855736744
000000000000000006b1,stable_nature,1000,94,100,0.017096820782373845,0.11956249857360031,0.8748945855736744
000000000000000006b1,stable_nature,2000,63,100,0.019080791657808183,0.11956249857360031,0.8623749362351186
000000000000000006b2,stable_crop,0,100,100,0.12943984875244624,0.15877128930799997,0.5508853348830335
000000000000000006b2,stable_crop,500,99,99,0.12943984875244624,0.15877128930799997,0.5508853348830335
000000000000000006b2,stable_crop,1000,96,87,0.12943984875244624,0.15877128930799997,0.5508853348830335
000000000000000006b2,stable_crop,2000,71,64,0.15348996515021274,0.15877128930799997,0.5084565793568172
000000000000000006b3,stable_crop,0,100,100,0.0648674462226394,0.03756863089513498,0.36675194864768434
000000000000000006b3,stable_crop,500,99,99,0.06486744622263936,0.03756863089513498,0.3667519486476845
000000000000000006b3,stable_crop,1000,89,93,0.06486744622263936,0.03756863089513498,0.3667519486476845
000000000000000006b3,stable_crop,2000,62,65,0.06835061018409494,0.04746381900438479,0.4098264727163744
000000000000000006b5,stable_built,0,100,100,0.14605918831303633,0.09265586734942999,0.3881442127389468
000000000000000006b5,stable_built,500,100,76,0.14605918831303633,0.11685026102739944,0.4444505943780215
000000000000000006b5,stable_built,1000,100,25,0.14605918831303633,0.16716754733798458,0.5336950148588188
000000000000000006b6,stable_nature,0,100,100,0.00354716708081908,0.003790043511056762,0.516551005737351
000000000000000006b6,stable_nature,500,99,99,0.003760918452359374,0.0038371448768746096,0.5050161745304173
000000000000000006b6,stable_nature,1000,93,94,0.0041461847565671395,0.004222686866903391,0.5045706346547699
000000000000000006b6,stable_nature,2000,61,77,0.005142247035167924,0.004222686866903391,0.45090407584387987
000000000000000006b8,stable_nature,0,100,100,0.03370838860310299,0.02646849570743921,0.4398449007497457
000000000000000006b8,stable_nature,500,100,98,0.03370838860310299,0.032273760011371146,0.48912866113914794
000000000000000006b8,stable_nature,1000,97,87,0.037588959258487153,0.037154240895106126,0.4970919203119354
000000000000000006b8,stable_nature,2000,74,66,0.04309094408087697,0.04072072185444886,0.4858598310811001
000000000000000006b9,stable_built,0,100,100,0.14280218812817427,0.06449009265924047,0.3111070630028242
000000000000000006b9,stable_built,500,100,88,0.14280218812817427,0.06449009265924047,0.3111070630028242
000000000000000006b9,stable_built,1000,96,67,0.14280218812817427,0.06938761666049639,0.32700730711013953
000000000000000006b9,stable_built,2000,67,7,0.1500715512605131,0.0906086823801688,0.37646914750408833
000000000000000006ba,stable_crop,0,100,100,0.07810650170090308,0.022750998140074176,0.22557567038366272
000000000000000006ba,stable_crop,500,98,99,0.07810650170090308,0.022750998140074242,0.22557567038366322
000000000000000006ba,stable_crop,1000,94,92,0.07835915874368389,0.0232029987056247,0.2284610655004769
000000000000000006ba,stable_crop,2000,70,77,0.08235233704269204,0.026181893728512984,0.2412316698817753
000000000000000006bc,stable_nature,0,100,100,0.04429623221391614,0.06921956853378601,0.6097791503671123
000000000000000006bc,stable_nature,500,98,99,0.052920446226128834,0.06921956853378601,0.5667231060130546
000000000000000006bc,stable_nature,1000,96,95,0.052920446226128834,0.06921956853378601,0.5667231060130546
000000000000000006bc,stable_nature,2000,80,62,0.05954404464946863,0.10513295197250394,0.6384191728563369
000000000000000006bd,stable_crop,0,100,100,0.07018147575832634,0.004285820335098678,0.05755305429197039
000000000000000006bd,stable_crop,500,100,97,0.07018147575832634,0.006765126162667357,0.08791975205774065
000000000000000006bd,stable_crop,1000,94,93,0.07018147575832634,0.009402897373447638,0.1181500463383733
000000000000000006bd,stable_crop,2000,62,66,0.18808837060101954,0.011290520487354105,0.05662846465673747
000000000000000006bf,stable_nature,0,100,100,0.040724286951284897,0.08546823912586443,0.6772844777901911
000000000000000006bf,stable_nature,500,96,100,0.040724286951284897,0.08546823912586443,0.6772844777901911
000000000000000006bf,stable_nature,1000,84,99,0.040724286951284897,0.08662543601484314,0.6802169176072979
000000000000000006bf,stable_nature,2000,56,77,0.04960639718582789,0.09808302657410246,0.6641167937175557
000000000000000006c1,stable_nature,0,100,100,0.0515797682081723,0.1319629360038475,0.7189767447835531
000000000000000006c1,stable_nature,500,99,100,0.0515797682081723,0.1319629360038475,0.7189767447835531
000000000000000006c1,stable_nature,1000,93,98,0.0515797682081723,0.13911171029580485,0.7295119393191655
000000000000000006c1,stable_nature,2000,73,64,0.054608565965341624,0.1641736235162981,0.7503975707735807
000000000000000006c3,stable_built,0,100,100,0.08987736159993612,0.08533727944403957,0.48704422721235047
000000000000000006c3,stable_built,500,100,94,0.08987736159993612,0.09966691257987821,0.5258239163943391
000000000000000006c3,stable_built,1000,94,68,0.08987736159993612,0.10188193727617896,0.5313011565685158
000000000000000006c4,stable_nature,0,100,100,0.15443408339669,0.20105750761308183,0.5655759874415415
000000000000000006c4,stable_nature,500,98,99,0.15443408339668985,0.20105750761308183,0.5655759874415416
000000000000000006c4,stable_nature,1000,94,91,0.15443408339668985,0.20105750761308183,0.5655759874415416
000000000000000006c4,stable_nature,2000,71,61,0.15443408339668985,0.2032230914947207,0.568206388019068
000000000000000006c5,stable_crop,0,100,100,0.1004244961172629,0.0327177510027951,0.24573530723908296
000000000000000006c5,stable_crop,500,97,100,0.1004244961172629,0.0327177510027951,0.24573530723908296
000000000000000006c5,stable_crop,1000,93,97,0.10435865673326794,0.0327177510027951,0.23868258253129573
000000000000000006c5,stable_crop,2000,59,79,0.10988484261579164,0.03448072518747449,0.23884313768103058
000000000000000006c6,stable_built,0,100,100,0.08709688542212295,0.057551073733905556,0.39786993241590524
000000000000000006c6,stable_built,500,98,93,0.088900192894238,0.05956875548741898,0.4012202964749857
000000000000000006c6,stable_built,1000,93,87,0.088900192894238,0.05956875548741898,0.4012202964749857
000000000000000006c6,stable_built,2000,59,68,0.09831195850278862,0.0633303663136328,0.3917932161961036
000000000000000006c7,stable_nature,0,100,100,0.08958660176579783,0.21664392391652515,0.7074537178588116
000000000000000006c7,stable_nature,500,98,100,0.09422132614064023,0.21664392391652515,0.6969062121803237
000000000000000006c7,stable_nature,1000,90,100,0.10311180995514224,0.21664392391652515,0.6775294419045407
000000000000000006c7,stable_nature,2000,64,94,0.11340228106871406,0.23241218313495665,0.6720718974825856
000000000000000006ca,stable_nature,0,100,100,0.02593698686144612,0.3441820714787137,0.9299225849684873
000000000000000006ca,stable_nature,500,98,99,0.02593698686144612,0.3497294497065517,0.9309574017329538
000000000000000006ca,stable_nature,1000,91,84,0.02593698686144612,0.3959952610799693,0.9385280765124501
000000000000000006ca,stable_nature,2000,67,22,0.02795752382339256,0.5479204744447578,0.9514523494413378
000000000000000006cb,stable_built,0,100,100,0.09692283886923818,0.03742007223061872,0.27854147214753955
000000000000000006cb,stable_built,500,100,91,0.09692283886923818,0.04320418589007384,0.3083215815362869
000000000000000006cb,stable_built,1000,98,44,0.110702616038969,0.05214449394912681,0.32020521550931047
000000000000000006cd,stable_crop,0,100,100,0.0917953111082361,0.1351899903801121,0.595589183498105
000000000000000006cd,stable_crop,500,99,100,0.0917953111082361,0.1351899903801121,0.595589183498105
000000000000000006cd,stable_crop,1000,99,91,0.0917953111082361,0.139856883568727,0.6037364928191267
000000000000000006cd,stable_crop,2000,86,54,0.0917953111082361,0.15609623833465971,0.6296956821837457
000000000000000006cf,stable_nature,0,100,100,0.028502866776979108,0.020799511221129795,0.42187643000720426
000000000000000006cf,stable_nature,500,97,99,0.02967194257659207,0.023913525675974,0.4462688571240128
000000000000000006cf,stable_nature,1000,93,95,0.02967194257659207,0.02433176771399783,0.4505573336094847
000000000000000006cf,stable_nature,2000,74,56,0.03495818115068368,0.0243317677139979,0.4103860465307586
000000000000000006d0,stable_crop,0,100,100,0.0198212889250984,0.01262469269896016,0.3890988056656577
000000000000000006d0,stable_crop,500,100,98,0.0198212889250984,0.014331849158908727,0.41963491387634044
000000000000000006d0,stable_crop,1000,95,92,0.02297079492430929,0.015198262160671727,0.3981828035844733
000000000000000006d0,stable_crop,2000,71,73,0.02508629119672199,0.015272616396651872,0.37841996493435603
000000000000000006d1,stable_nature,0,100,100,0.019732266969630506,0.1368097589602977,0.8739490762733767
000000000000000006d1,stable_nature,500,98,91,0.021870059943599696,0.15342672219889747,0.8752398094410143
000000000000000006d1,stable_nature,1000,91,91,0.021870059943599696,0.15342672219889747,0.8752398094410143
000000000000000006d1,stable_nature,2000,65,84,0.025330354602808726,0.17692554728414717,0.8747608630088776
000000000000000006d3,stable_nature,0,100,100,0.006888643382953896,0.05316789699034448,0.8852973657653124
000000000000000006d3,stable_nature,500,97,99,0.011215698304788746,0.05316789699034448,0.8257988194942828
000000000000000006d3,stable_nature,1000,89,93,0.01991729243941871,0.05316789699034448,0.7274784043723764
000000000000000006d3,stable_nature,2000,54,68,0.021526311778022732,0.05920761684218252,0.733367220614002
000000000000000006d4,stable_nature,0,100,100,0.04351750061370987,0.14387150447882505,0.7677691890568062
000000000000000006d4,stable_nature,500,100,93,0.04351750061370987,0.14387150447882505,0.7677691890568062
000000000000000006d4,stable_nature,1000,93,75,0.046161264395319736,0.15865889368407576,0.7746253843911173
000000000000000006d4,stable_nature,2000,68,42,0.055442948130989135,0.16294780521336397,0.7461295989747597
000000000000000006d5,stable_nature,0,100,100,0.009860606049423338,0.047154526069758916,0.8270528246845389
000000000000000006d5,stable_nature,500,93,100,0.018305138658652152,0.047154526069758916,0.7203600303283001
000000000000000006d5,stable_nature,1000,86,96,0.026771595530263027,0.047154526069758916,0.6378601372360788
000000000000000006d5,stable_nature,2000,39,81,0.054192534105281284,0.0528377365036667,0.4936709605848242
000000000000000006d7,stable_nature,0,100,100,0.06396847920488564,0.007461408080398102,0.1044577888033553
000000000000000006d8,stable_crop,0,100,100,0.0478224803658728,0.01984528145487292,0.29327527496994055
000000000000000006d8,stable_crop,500,98,98,0.0478224803658728,0.022369157130600236,0.318686925225324
000000000000000006d8,stable_crop,1000,91,92,0.0478224803658728,0.027808002484476346,0.36768246659396125
000000000000000006d8,stable_crop,2000,71,77,0.0478224803658728,0.04983938393497707,0.510325952625021
000000000000000006db,stable_nature,0,100,100,0.03232871841789866,0.07299687070989128,0.69305922059104
000000000000000006db,stable_nature,500,94,94,0.034233495161269986,0.08357001579038578,0.7094017412093249
000000000000000006db,stable_nature,1000,93,86,0.034233495161269986,0.08357001579038578,0.7094017412093249
000000000000000006db,stable_nature,2000,56,30,0.03811615654561133,0.10147808709502584,0.7269503702139598
000000000000000006de,stable_crop,0,100,100,0.13569562498941387,0.027153325250139228,0.1667393324306332
000000000000000006de,stable_crop,500,100,97,0.13569562498941387,0.044385173131212444,0.24647365845877003
000000000000000006de,stable_crop,1000,100,94,0.13569562498941387,0.0478305828310871,0.26061990491084247
000000000000000006de,stable_crop,2000,89,62,0.14492116838155006,0.05699067725807063,0.28225524400142094
000000000000000006e0,stable_nature,0,100,100,0.08879321103527585,0.25851367914095014,0.74433789381211
000000000000000006e0,stable_nature,500,97,100,0.08879321103527585,0.25851367914095014,0.74433789381211
000000000000000006e0,stable_nature,1000,88,100,0.08879321103527585,0.25851367914095014,0.74433789381211
000000000000000006e0,stable_nature,2000,56,67,0.11536237169042611,0.40548707508650494,0.77851109873481
000000000000000006e1,stable_crop,0,97,99,0.04906122469869845,0.0313876120132351,0.3901561948650153
000000000000000006e1,stable_crop,500,96,96,0.04906122469869845,0.03754360501145444,0.43350474952345075
000000000000000006e1,stable_crop,1000,88,90,0.04906122469869845,0.038246186736102715,0.43806345998731017
000000000000000006e1,stable_crop,2000,73,61,0.06160651224384987,0.052892761322018034,0.46194844451243183
000000000000000006e2,stable_nature,0,100,100,0.1766173980531288,0.038822693459440095,0.18020180546105533
000000000000000006e2,stable_nature,500,96,91,0.2141163702613551,0.04410227025874365,0.17079429343188765
000000000000000006e2,stable_nature,1000,89,82,0.2141163702613551,0.04410227025874365,0.17079429343188765
000000000000000006e2,stable_nature,2000,66,76,0.22053981610143536,0.04410227025874369,0.16664874005925748
000000000000000006e4,stable_nature,0,100,100,0.05052471599381958,0.1151949881351541,0.6951194412271389
000000000000000006e4,stable_nature,500,97,99,0.056201883308438026,0.1151949881351541,0.6720950456344441
000000000000000006e4,stable_nature,1000,87,91,0.056201883308438026,0.12484631382833677,0.6895750181556942
000000000000000006e4,stable_nature,2000,69,75,0.07660819570536374,0.12484631382833677,0.6197245924982979
